symbol,sector,raw_date_utc,open,high,low,close,adj_close,volume
ADIB.CA,Banking,2022-01-01 22:00:00,11.984930038452148,12.1597261428833,11.931731224060059,12.106527328491211,12.106527328491211,277548
ADIB.CA,Banking,2022-01-02 22:00:00,12.106527328491211,12.1597261428833,11.931731224060059,11.931731224060059,11.931731224060059,258137
ADIB.CA,Banking,2022-01-03 22:00:00,11.931731224060059,12.114127159118652,11.908931732177734,11.9393310546875,11.9393310546875,393087
ADIB.CA,Banking,2022-01-04 22:00:00,11.9393310546875,12.1597261428833,12.007729530334473,12.030529022216797,12.030529022216797,167212
ADIB.CA,Banking,2022-01-08 22:00:00,12.030529022216797,12.030529022216797,12.030529022216797,12.030529022216797,12.030529022216797,0
ADIB.CA,Banking,2022-01-09 22:00:00,11.9393310546875,12.038128852844238,11.931731224060059,11.99252986907959,11.99252986907959,128118
ADIB.CA,Banking,2022-01-10 22:00:00,11.99252986907959,11.984930038452148,11.74173641204834,11.77973461151123,11.77973461151123,197412
ADIB.CA,Banking,2022-01-11 22:00:00,11.77973461151123,11.855732917785645,11.650538444519043,11.696137428283691,11.696137428283691,501103
ADIB.CA,Banking,2022-01-12 22:00:00,11.696137428283691,11.74173641204834,11.483341217041016,11.55933952331543,11.55933952331543,408622
ADIB.CA,Banking,2022-01-15 22:00:00,11.55933952331543,11.582139015197754,11.331344604492188,11.39974308013916,11.39974308013916,528165
ADIB.CA,Banking,2022-01-16 22:00:00,11.39974308013916,11.513740539550781,11.369343757629395,11.422542572021484,11.422542572021484,286764
ADIB.CA,Banking,2022-01-17 22:00:00,11.422542572021484,11.855732917785645,11.551739692687988,11.772134780883789,11.772134780883789,525309
ADIB.CA,Banking,2022-01-18 22:00:00,11.772134780883789,11.855732917785645,11.589738845825195,11.66573715209961,11.66573715209961,294943
ADIB.CA,Banking,2022-01-19 22:00:00,11.66573715209961,11.703737258911133,11.45294189453125,11.528940200805664,11.528940200805664,340012
ADIB.CA,Banking,2022-01-22 22:00:00,11.528940200805664,11.627737998962402,11.133749008178711,11.308545112609863,11.308545112609863,227784
ADIB.CA,Banking,2022-01-23 22:00:00,11.308545112609863,11.323744773864746,11.004551887512207,11.034952163696289,11.034952163696289,229001
ADIB.CA,Banking,2022-01-24 22:00:00,11.034952163696289,11.39974308013916,10.943754196166992,11.247747421264648,11.247747421264648,990316
ADIB.CA,Banking,2022-01-25 22:00:00,11.247747421264648,11.285745620727539,11.133749008178711,11.17934799194336,11.17934799194336,192397
ADIB.CA,Banking,2022-01-29 22:00:00,11.17934799194336,11.141348838806152,9.020997047424316,9.134993553161621,9.134993553161621,7259428
ADIB.CA,Banking,2022-01-30 22:00:00,9.134993553161621,9.575783729553223,9.119794845581055,9.507386207580566,9.507386207580566,1079707
ADIB.CA,Banking,2022-01-31 22:00:00,9.507386207580566,9.879777908325195,9.52258586883545,9.803778648376465,9.803778648376465,1778666
ADIB.CA,Banking,2022-02-01 22:00:00,9.803778648376465,10.15337085723877,9.879777908325195,10.031773567199707,10.031773567199707,1009885
ADIB.CA,Banking,2022-02-02 22:00:00,10.031773567199707,10.198969841003418,10.054574012756348,10.107771873474121,10.107771873474121,1144787
ADIB.CA,Banking,2022-02-05 22:00:00,10.107771873474121,10.282567977905273,10.031773567199707,10.168571472167969,10.168571472167969,497937
ADIB.CA,Banking,2022-02-06 22:00:00,10.168571472167969,10.312968254089355,10.115371704101562,10.236968994140625,10.236968994140625,452732
ADIB.CA,Banking,2022-02-07 22:00:00,10.236968994140625,10.305368423461914,10.236968994140625,10.259769439697266,10.259769439697266,443911
ADIB.CA,Banking,2022-02-08 22:00:00,10.259769439697266,10.366167068481445,10.244568824768066,10.267369270324707,10.267369270324707,168814
ADIB.CA,Banking,2022-02-09 22:00:00,10.267369270324707,10.563761711120605,10.221770286560059,10.50296401977539,10.50296401977539,414854
ADIB.CA,Banking,2022-02-12 22:00:00,10.50296401977539,10.510562896728516,10.335766792297363,10.411766052246094,10.411766052246094,520055
ADIB.CA,Banking,2022-02-13 22:00:00,10.411766052246094,10.578962326049805,10.267369270324707,10.510562896728516,10.510562896728516,504471
ADIB.CA,Banking,2022-02-14 22:00:00,10.510562896728516,10.624561309814453,10.411766052246094,10.472563743591309,10.472563743591309,351427
ADIB.CA,Banking,2022-02-15 22:00:00,10.472563743591309,10.563761711120605,10.434564590454102,10.533363342285156,10.533363342285156,65365
ADIB.CA,Banking,2022-02-16 22:00:00,10.533363342285156,10.563761711120605,10.4497652053833,10.487764358520508,10.487764358520508,77225
ADIB.CA,Banking,2022-02-19 22:00:00,10.487764358520508,10.510562896728516,10.259769439697266,10.37376594543457,10.37376594543457,743216
ADIB.CA,Banking,2022-02-20 22:00:00,10.37376594543457,10.49536418914795,10.388965606689453,10.411766052246094,10.411766052246094,280797
ADIB.CA,Banking,2022-02-21 22:00:00,10.411766052246094,10.434564590454102,10.267369270324707,10.312968254089355,10.312968254089355,95091
ADIB.CA,Banking,2022-02-22 22:00:00,10.312968254089355,10.464963912963867,10.259769439697266,10.419364929199219,10.419364929199219,144532
ADIB.CA,Banking,2022-02-23 22:00:00,10.419364929199219,10.115371704101562,9.803778648376465,9.925375938415527,9.925375938415527,694959
ADIB.CA,Banking,2022-02-26 22:00:00,9.925375938415527,10.411766052246094,9.95577621459961,10.168571472167969,10.168571472167969,127621
ADIB.CA,Banking,2022-02-27 22:00:00,10.168571472167969,10.274969100952148,10.107771873474121,10.259769439697266,10.259769439697266,276368
ADIB.CA,Banking,2022-02-28 22:00:00,10.259769439697266,10.335766792297363,10.145771980285645,10.259769439697266,10.259769439697266,130179
ADIB.CA,Banking,2022-03-01 22:00:00,10.259769439697266,10.312968254089355,10.183771133422852,10.259769439697266,10.259769439697266,213041
ADIB.CA,Banking,2022-03-02 22:00:00,10.259769439697266,10.335766792297363,10.191370964050293,10.259769439697266,10.259769439697266,176927
ADIB.CA,Banking,2022-03-05 22:00:00,10.259769439697266,10.335766792297363,10.198969841003418,10.267369270324707,10.267369270324707,182427
ADIB.CA,Banking,2022-03-06 22:00:00,10.267369270324707,10.335766792297363,10.183771133422852,10.267369270324707,10.267369270324707,1281284
ADIB.CA,Banking,2022-03-07 22:00:00,10.267369270324707,10.267369270324707,10.267369270324707,10.267369270324707,10.267369270324707,0
ADIB.CA,Banking,2022-03-08 22:00:00,10.274969100952148,10.4497652053833,10.259769439697266,10.381365776062012,10.381365776062012,183171
ADIB.CA,Banking,2022-03-09 22:00:00,10.381365776062012,10.434564590454102,10.267369270324707,10.411766052246094,10.411766052246094,106281
ADIB.CA,Banking,2022-03-12 22:00:00,10.411766052246094,10.48016357421875,10.335766792297363,10.366167068481445,10.366167068481445,68096
ADIB.CA,Banking,2022-03-13 22:00:00,10.366167068481445,10.411766052246094,10.366167068481445,10.411766052246094,10.411766052246094,65088
ADIB.CA,Banking,2022-03-14 22:00:00,10.411766052246094,10.411766052246094,10.335766792297363,10.366167068481445,10.366167068481445,68804
ADIB.CA,Banking,2022-03-15 22:00:00,10.366167068481445,10.472563743591309,10.335766792297363,10.404166221618652,10.404166221618652,296251
ADIB.CA,Banking,2022-03-16 22:00:00,10.404166221618652,10.4497652053833,10.358567237854004,10.366167068481445,10.366167068481445,83807
ADIB.CA,Banking,2022-03-19 22:00:00,10.366167068481445,10.487764358520508,10.335766792297363,10.358567237854004,10.358567237854004,109873
ADIB.CA,Banking,2022-03-20 22:00:00,10.358567237854004,10.829755783081055,10.411766052246094,10.708159446716309,10.708159446716309,154610
ADIB.CA,Banking,2022-03-21 22:00:00,10.708159446716309,11.627737998962402,10.943754196166992,11.1869478225708,11.1869478225708,347743
ADIB.CA,Banking,2022-03-22 22:00:00,11.1869478225708,11.468141555786133,10.867754936218262,11.088150024414062,11.088150024414062,95299
ADIB.CA,Banking,2022-03-23 22:00:00,11.088150024414062,11.171748161315918,10.890555381774902,10.898155212402344,10.898155212402344,163208
ADIB.CA,Banking,2022-03-26 22:00:00,10.898155212402344,10.928553581237793,10.654959678649902,10.784156799316406,10.784156799316406,30766
ADIB.CA,Banking,2022-03-27 22:00:00,10.784156799316406,10.738557815551758,10.563761711120605,10.586562156677246,10.586562156677246,82809
ADIB.CA,Banking,2022-03-28 22:00:00,10.586562156677246,10.791756629943848,10.510562896728516,10.69295883178711,10.69295883178711,138953
ADIB.CA,Banking,2022-03-29 22:00:00,10.69295883178711,10.7461576461792,10.63976001739502,10.69295883178711,10.69295883178711,22703
ADIB.CA,Banking,2022-03-30 22:00:00,10.69295883178711,10.677760124206543,10.487764358520508,10.540963172912598,10.540963172912598,52327
ADIB.CA,Banking,2022-04-02 22:00:00,10.540963172912598,10.951353073120117,10.63976001739502,10.890555381774902,10.890555381774902,94158
ADIB.CA,Banking,2022-04-03 22:00:00,10.890555381774902,10.943754196166992,10.63976001739502,10.890555381774902,10.890555381774902,25467
ADIB.CA,Banking,2022-04-04 22:00:00,10.890555381774902,10.943754196166992,10.738557815551758,10.7461576461792,10.7461576461792,33361
ADIB.CA,Banking,2022-04-05 22:00:00,10.7461576461792,10.867754936218262,10.563761711120605,10.578962326049805,10.578962326049805,34490
ADIB.CA,Banking,2022-04-06 22:00:00,10.578962326049805,10.563761711120605,10.510562896728516,10.563761711120605,10.563761711120605,68447
ADIB.CA,Banking,2022-04-09 22:00:00,10.563761711120605,10.487764358520508,10.259769439697266,10.419364929199219,10.419364929199219,52690
ADIB.CA,Banking,2022-04-10 22:00:00,10.419364929199219,10.411766052246094,9.879777908325195,10.20656967163086,10.20656967163086,156627
ADIB.CA,Banking,2022-04-11 22:00:00,10.20656967163086,10.259769439697266,9.727781295776367,9.773380279541016,9.773380279541016,465943
ADIB.CA,Banking,2022-04-12 22:00:00,9.773380279541016,10.221770286560059,9.735381126403809,9.894976615905762,9.894976615905762,56682
ADIB.CA,Banking,2022-04-13 22:00:00,9.894976615905762,10.145771980285645,9.210992813110352,9.423788070678711,9.423788070678711,62410
ADIB.CA,Banking,2022-04-16 22:00:00,9.423788070678711,9.841777801513672,9.499786376953125,9.423788070678711,9.423788070678711,19514
ADIB.CA,Banking,2022-04-17 22:00:00,9.423788070678711,9.651782989501953,9.309789657592773,9.423788070678711,9.423788070678711,21679
ADIB.CA,Banking,2022-04-18 22:00:00,9.423788070678711,9.492185592651367,9.210992813110352,9.36298942565918,9.36298942565918,109655
ADIB.CA,Banking,2022-04-19 22:00:00,9.36298942565918,9.644183158874512,9.294590950012207,9.385788917541504,9.385788917541504,91965
ADIB.CA,Banking,2022-04-20 22:00:00,9.385788917541504,9.727781295776367,9.309789657592773,9.628982543945312,9.628982543945312,84637
ADIB.CA,Banking,2022-04-25 22:00:00,9.628982543945312,9.575783729553223,9.355388641357422,9.454187393188477,9.454187393188477,63735
ADIB.CA,Banking,2022-04-26 22:00:00,9.454187393188477,9.568184852600098,9.423788070678711,9.431387901306152,9.431387901306152,38912
ADIB.CA,Banking,2022-04-27 22:00:00,9.431387901306152,9.68978214263916,9.499786376953125,9.598584175109863,9.598584175109863,55459
ADIB.CA,Banking,2022-05-07 22:00:00,9.598584175109863,9.879777908325195,9.682182312011719,9.735381126403809,9.735381126403809,99424
ADIB.CA,Banking,2022-05-08 22:00:00,9.735381126403809,10.107771873474121,9.651782989501953,9.74298095703125,9.74298095703125,172748
ADIB.CA,Banking,2022-05-09 22:00:00,9.74298095703125,9.986174583435059,9.68978214263916,9.727781295776367,9.727781295776367,66575
ADIB.CA,Banking,2022-05-10 22:00:00,9.727781295776367,9.879777908325195,9.651782989501953,9.727781295776367,9.727781295776367,21589
ADIB.CA,Banking,2022-05-11 22:00:00,9.727781295776367,9.879777908325195,9.514986038208008,9.727781295776367,9.727781295776367,26070
ADIB.CA,Banking,2022-05-14 22:00:00,9.727781295776367,9.803778648376465,9.659381866455078,9.682182312011719,9.682182312011719,42318
ADIB.CA,Banking,2022-05-15 22:00:00,9.682182312011719,9.727781295776367,9.499786376953125,9.621382713317871,9.621382713317871,40279
ADIB.CA,Banking,2022-05-16 22:00:00,9.621382713317871,9.727781295776367,9.575783729553223,9.621382713317871,9.621382713317871,27009
ADIB.CA,Banking,2022-05-17 22:00:00,9.621382713317871,9.803778648376465,9.583383560180664,9.628982543945312,9.628982543945312,1569147
ADIB.CA,Banking,2022-05-18 22:00:00,9.628982543945312,9.750579833984375,9.590984344482422,9.651782989501953,9.651782989501953,594379
ADIB.CA,Banking,2022-05-21 22:00:00,9.651782989501953,9.735381126403809,9.598584175109863,9.651782989501953,9.651782989501953,4434
ADIB.CA,Banking,2022-05-22 22:00:00,9.651782989501953,9.727781295776367,9.499786376953125,9.598584175109863,9.598584175109863,565302
ADIB.CA,Banking,2022-05-23 22:00:00,9.598584175109863,9.712580680847168,9.370589256286621,9.484585762023926,9.484585762023926,40771
ADIB.CA,Banking,2022-05-24 22:00:00,9.484585762023926,9.61378288269043,9.005797386169434,9.172992706298828,9.172992706298828,146220
ADIB.CA,Banking,2022-05-25 22:00:00,9.172992706298828,9.34778881072998,8.967798233032227,9.051396369934082,9.051396369934082,43469
ADIB.CA,Banking,2022-05-28 22:00:00,9.051396369934082,9.195793151855469,8.990596771240234,9.051396369934082,9.051396369934082,14354
ADIB.CA,Banking,2022-05-29 22:00:00,9.051396369934082,9.309789657592773,9.028596878051758,9.051396369934082,9.051396369934082,9015
ADIB.CA,Banking,2022-05-30 22:00:00,9.051396369934082,9.302189826965332,9.089394569396973,9.112195014953613,9.112195014953613,89075
ADIB.CA,Banking,2022-05-31 22:00:00,9.112195014953613,9.271791458129883,8.587806701660156,9.18059253692627,9.18059253692627,208700
ADIB.CA,Banking,2022-06-01 22:00:00,9.18059253692627,9.332590103149414,9.119794845581055,9.119794845581055,9.119794845581055,66229
ADIB.CA,Banking,2022-06-04 22:00:00,9.119794845581055,9.119794845581055,9.119794845581055,9.119794845581055,9.119794845581055,0
ADIB.CA,Banking,2022-06-05 22:00:00,9.188193321228027,9.195793151855469,9.119794845581055,9.119794845581055,9.119794845581055,41216
ADIB.CA,Banking,2022-06-06 22:00:00,9.119794845581055,9.271791458129883,9.134993553161621,9.119794845581055,9.119794845581055,28736
ADIB.CA,Banking,2022-06-07 22:00:00,9.119794845581055,9.492185592651367,9.142594337463379,9.46938705444336,9.46938705444336,313457
ADIB.CA,Banking,2022-06-08 22:00:00,9.46938705444336,9.545385360717773,9.309789657592773,9.340189933776855,9.340189933776855,190981
ADIB.CA,Banking,2022-06-11 22:00:00,9.340189933776855,9.446586608886719,9.340189933776855,9.340189933776855,9.340189933776855,24168
ADIB.CA,Banking,2022-06-12 22:00:00,9.340189933776855,9.537784576416016,9.286991119384766,9.41618824005127,9.41618824005127,52639
ADIB.CA,Banking,2022-06-13 22:00:00,9.41618824005127,9.514986038208008,9.294590950012207,9.499786376953125,9.499786376953125,44494
ADIB.CA,Banking,2022-06-14 22:00:00,9.499786376953125,9.530184745788574,9.317390441894531,9.34778881072998,9.34778881072998,42478
ADIB.CA,Banking,2022-06-15 22:00:00,9.34778881072998,9.423788070678711,9.241392135620117,9.271791458129883,9.271791458129883,100854
ADIB.CA,Banking,2022-06-18 22:00:00,9.271665573120117,10.125,9.5,9.600000381469727,9.600000381469727,32842
ADIB.CA,Banking,2022-06-19 22:00:00,9.600000381469727,9.666666030883789,9.358332633972168,9.600000381469727,9.600000381469727,28900
ADIB.CA,Banking,2022-06-20 22:00:00,9.600000381469727,9.558333396911621,9.208333015441895,9.216666221618652,9.216666221618652,143439
ADIB.CA,Banking,2022-06-21 22:00:00,9.216666221618652,9.375,9.024999618530273,9.324999809265137,9.324999809265137,377118
ADIB.CA,Banking,2022-06-22 22:00:00,9.324999809265137,9.666666030883789,9.166666030883789,9.566665649414062,9.566665649414062,945386
ADIB.CA,Banking,2022-06-25 22:00:00,9.566665649414062,10.458333015441895,9.708333015441895,10.191665649414062,10.191665649414062,1178400
ADIB.CA,Banking,2022-06-26 22:00:00,10.191665649414062,10.083333015441895,9.583333015441895,9.608332633972168,9.608332633972168,251402
ADIB.CA,Banking,2022-06-27 22:00:00,9.608332633972168,9.75,9.333333015441895,9.533332824707031,9.533332824707031,134164
ADIB.CA,Banking,2022-06-28 22:00:00,9.533332824707031,9.916666030883789,9.008333206176758,9.458333015441895,9.458333015441895,102782
ADIB.CA,Banking,2022-07-02 22:00:00,9.458333015441895,9.516666412353516,9.183333396911621,9.266666412353516,9.266666412353516,49899
ADIB.CA,Banking,2022-07-03 22:00:00,9.266666412353516,9.408332824707031,8.958333015441895,9.083333015441895,9.083333015441895,91590
ADIB.CA,Banking,2022-07-04 22:00:00,9.083333015441895,9.166666030883789,8.800000190734863,8.883333206176758,8.883333206176758,94236
ADIB.CA,Banking,2022-07-05 22:00:00,8.883333206176758,9.041666030883789,8.766666412353516,8.983332633972168,8.983332633972168,53839
ADIB.CA,Banking,2022-07-06 22:00:00,8.983332633972168,9.350000381469727,9.125,9.133333206176758,9.133333206176758,260156
ADIB.CA,Banking,2022-07-16 22:00:00,9.133333206176758,9.225000381469727,8.916666030883789,8.925000190734863,8.925000190734863,453550
ADIB.CA,Banking,2022-07-17 22:00:00,8.925000190734863,9.0,8.75,8.824999809265137,8.824999809265137,1446021
ADIB.CA,Banking,2022-07-18 22:00:00,8.824999809265137,8.916666030883789,8.791666030883789,8.850000381469727,8.850000381469727,211560
ADIB.CA,Banking,2022-07-19 22:00:00,8.850000381469727,8.983332633972168,8.833333015441895,8.925000190734863,8.925000190734863,305196
ADIB.CA,Banking,2022-07-20 22:00:00,8.925000190734863,9.25,8.966666221618652,9.083333015441895,9.083333015441895,819441
ADIB.CA,Banking,2022-07-23 22:00:00,9.083333015441895,9.416666030883789,9.066665649414062,9.241665840148926,9.241665840148926,269505
ADIB.CA,Banking,2022-07-24 22:00:00,9.241665840148926,9.583333015441895,9.25,9.508333206176758,9.508333206176758,447817
ADIB.CA,Banking,2022-07-25 22:00:00,9.508333206176758,10.0,9.583333015441895,9.966666221618652,9.966666221618652,1032937
ADIB.CA,Banking,2022-07-26 22:00:00,9.966666221618652,10.350000381469727,9.916666030883789,10.041666030883789,10.041666030883789,688746
ADIB.CA,Banking,2022-07-27 22:00:00,10.041666030883789,10.541666030883789,10.0,10.475000381469727,10.475000381469727,812148
ADIB.CA,Banking,2022-07-30 22:00:00,10.475000381469727,10.5,10.183333396911621,10.283332824707031,10.283332824707031,241630
ADIB.CA,Banking,2022-07-31 22:00:00,10.283332824707031,10.408332824707031,10.166666030883789,10.274999618530273,10.274999618530273,157886
ADIB.CA,Banking,2022-08-01 22:00:00,10.274999618530273,10.291666030883789,10.083333015441895,10.25,10.25,134325
ADIB.CA,Banking,2022-08-02 22:00:00,10.25,10.300000190734863,10.016666412353516,10.050000190734863,10.050000190734863,92625
ADIB.CA,Banking,2022-08-03 22:00:00,10.050000190734863,10.375,10.050000190734863,10.291666030883789,10.291666030883789,282624
ADIB.CA,Banking,2022-08-06 22:00:00,10.291666030883789,10.416666030883789,10.083333015441895,10.158332824707031,10.158332824707031,327219
ADIB.CA,Banking,2022-08-07 22:00:00,10.158332824707031,10.625,10.058333396911621,10.433333396911621,10.433333396911621,493435
ADIB.CA,Banking,2022-08-08 22:00:00,10.433333396911621,10.958333015441895,10.5,10.75,10.75,938433
ADIB.CA,Banking,2022-08-09 22:00:00,10.75,11.333333015441895,10.583333015441895,10.925000190734863,10.925000190734863,430906
ADIB.CA,Banking,2022-08-10 22:00:00,10.925000190734863,11.216666221618652,10.708333015441895,10.766666412353516,10.766666412353516,145736
ADIB.CA,Banking,2022-08-13 22:00:00,10.766666412353516,11.300000190734863,10.75,11.241665840148926,11.241665840148926,330442
ADIB.CA,Banking,2022-08-14 22:00:00,11.241665840148926,11.416666030883789,10.625,11.033332824707031,11.033332824707031,115239
ADIB.CA,Banking,2022-08-15 22:00:00,11.033332824707031,11.366665840148926,10.891666412353516,11.0,11.0,132763
ADIB.CA,Banking,2022-08-16 22:00:00,11.0,11.475000381469727,11.0,11.324999809265137,11.324999809265137,271368
ADIB.CA,Banking,2022-08-17 22:00:00,11.324999809265137,11.324999809265137,11.324999809265137,11.324999809265137,11.324999809265137,0
ADIB.CA,Banking,2022-08-20 22:00:00,11.866665840148926,12.5,11.958333015441895,12.491665840148926,12.491665840148926,456832
ADIB.CA,Banking,2022-08-21 22:00:00,12.491665840148926,12.5,11.958333015441895,12.008333206176758,12.008333206176758,124938
ADIB.CA,Banking,2022-08-22 22:00:00,12.008333206176758,12.008333206176758,12.008333206176758,12.008333206176758,12.008333206176758,0
ADIB.CA,Banking,2022-08-23 22:00:00,12.024999618530273,12.25,11.883333206176758,12.041666030883789,12.041666030883789,190212
ADIB.CA,Banking,2022-08-24 22:00:00,12.041666030883789,12.166666030883789,11.791666030883789,11.975000381469727,11.975000381469727,66556
ADIB.CA,Banking,2022-08-27 22:00:00,11.975000381469727,12.125,11.708333015441895,12.041666030883789,12.041666030883789,169837
ADIB.CA,Banking,2022-08-28 22:00:00,12.041666030883789,12.074999809265137,11.591666221618652,11.691665649414062,11.691665649414062,83244
ADIB.CA,Banking,2022-08-29 22:00:00,11.691665649414062,11.841666221618652,11.291666030883789,11.675000190734863,11.675000190734863,142774
ADIB.CA,Banking,2022-08-30 22:00:00,11.675000190734863,11.833333015441895,11.25,11.449999809265137,11.449999809265137,399998
ADIB.CA,Banking,2022-08-31 22:00:00,11.449999809265137,11.541666030883789,11.208333015441895,11.258333206176758,11.258333206176758,49951
ADIB.CA,Banking,2022-09-03 22:00:00,11.258333206176758,11.416666030883789,11.108332633972168,11.233332633972168,11.233332633972168,48007
ADIB.CA,Banking,2022-09-04 22:00:00,11.233332633972168,11.458333015441895,11.208333015441895,11.316665649414062,11.316665649414062,319287
ADIB.CA,Banking,2022-09-05 22:00:00,11.316665649414062,11.816665649414062,11.5,11.675000190734863,11.675000190734863,339331
ADIB.CA,Banking,2022-09-06 22:00:00,11.675000190734863,11.833333015441895,11.508333206176758,11.666666030883789,11.666666030883789,232273
ADIB.CA,Banking,2022-09-07 22:00:00,11.666666030883789,11.683333396911621,11.5,11.649999618530273,11.649999618530273,71746
ADIB.CA,Banking,2022-09-10 22:00:00,11.649999618530273,11.824999809265137,11.524999618530273,11.625,11.625,34242
ADIB.CA,Banking,2022-09-11 22:00:00,11.625,12.074999809265137,11.675000190734863,11.991665840148926,11.991665840148926,136987
ADIB.CA,Banking,2022-09-12 22:00:00,11.991665840148926,12.074999809265137,11.933333396911621,11.991665840148926,11.991665840148926,16062
ADIB.CA,Banking,2022-09-13 22:00:00,11.991665840148926,11.875,11.466666221618652,11.583333015441895,11.583333015441895,68448
ADIB.CA,Banking,2022-09-14 22:00:00,11.583333015441895,11.816665649414062,11.466666221618652,11.616665840148926,11.616665840148926,246333
ADIB.CA,Banking,2022-09-17 22:00:00,11.616665840148926,11.666666030883789,11.083333015441895,11.158332824707031,11.158332824707031,195670
ADIB.CA,Banking,2022-09-18 22:00:00,11.158332824707031,11.666666030883789,10.916666030883789,11.600000381469727,11.600000381469727,301144
ADIB.CA,Banking,2022-09-19 22:00:00,11.600000381469727,11.916666030883789,11.441665649414062,11.850000381469727,11.850000381469727,637868
ADIB.CA,Banking,2022-09-20 22:00:00,11.850000381469727,11.916666030883789,11.591666221618652,11.725000381469727,11.725000381469727,220862
ADIB.CA,Banking,2022-09-21 22:00:00,11.725000381469727,11.741665840148926,11.583333015441895,11.725000381469727,11.725000381469727,24926
ADIB.CA,Banking,2022-09-24 22:00:00,11.725000381469727,11.75,11.083333015441895,11.666666030883789,11.666666030883789,221617
ADIB.CA,Banking,2022-09-25 22:00:00,11.666666030883789,11.791666030883789,11.25,11.591666221618652,11.591666221618652,44224
ADIB.CA,Banking,2022-09-26 22:00:00,11.591666221618652,11.675000190734863,11.458333015441895,11.591666221618652,11.591666221618652,18190
ADIB.CA,Banking,2022-09-27 22:00:00,11.591666221618652,11.658332824707031,11.266666412353516,11.591666221618652,11.591666221618652,13484
ADIB.CA,Banking,2022-09-28 22:00:00,11.591666221618652,11.666666030883789,11.333333015441895,11.375,11.375,68665
ADIB.CA,Banking,2022-10-01 22:00:00,11.375,11.658332824707031,11.358332633972168,11.375,11.375,10177
ADIB.CA,Banking,2022-10-02 22:00:00,11.375,11.616665840148926,11.083333015441895,11.166666030883789,11.166666030883789,31300
ADIB.CA,Banking,2022-10-03 22:00:00,11.166666030883789,11.616665840148926,11.166666030883789,11.291666030883789,11.291666030883789,65625
ADIB.CA,Banking,2022-10-04 22:00:00,11.291666030883789,11.5,11.166666030883789,11.291666030883789,11.291666030883789,68046
ADIB.CA,Banking,2022-10-08 22:00:00,11.291666030883789,11.5,11.25,11.258333206176758,11.258333206176758,33645
ADIB.CA,Banking,2022-10-09 22:00:00,11.258333206176758,11.416666030883789,11.083333015441895,11.100000381469727,11.100000381469727,84852
ADIB.CA,Banking,2022-10-10 22:00:00,11.100000381469727,11.333333015441895,10.666666030883789,10.891666412353516,10.891666412353516,165115
ADIB.CA,Banking,2022-10-11 22:00:00,10.891666412353516,10.916666030883789,10.666666030883789,10.716666221618652,10.716666221618652,96423
ADIB.CA,Banking,2022-10-12 22:00:00,10.716666221618652,11.083333015441895,10.425000190734863,10.508333206176758,10.508333206176758,94497
ADIB.CA,Banking,2022-10-15 22:00:00,10.508333206176758,11.083333015441895,10.541666030883789,10.574999809265137,10.574999809265137,66721
ADIB.CA,Banking,2022-10-16 22:00:00,10.574999809265137,11.041666030883789,10.583333015441895,10.658332824707031,10.658332824707031,119722
ADIB.CA,Banking,2022-10-17 22:00:00,10.658332824707031,10.875,10.608332633972168,10.841666221618652,10.841666221618652,97603
ADIB.CA,Banking,2022-10-18 22:00:00,10.841666221618652,11.0,10.841666221618652,10.850000381469727,10.850000381469727,30048
ADIB.CA,Banking,2022-10-19 22:00:00,10.850000381469727,10.958333015441895,10.75,10.858332633972168,10.858332633972168,86289
ADIB.CA,Banking,2022-10-22 22:00:00,10.858332633972168,11.316665649414062,10.875,11.149999618530273,11.149999618530273,152148
ADIB.CA,Banking,2022-10-23 22:00:00,11.149999618530273,11.324999809265137,10.966666221618652,11.050000190734863,11.050000190734863,88204
ADIB.CA,Banking,2022-10-24 22:00:00,11.050000190734863,11.208333015441895,10.916666030883789,11.050000190734863,11.050000190734863,16767
ADIB.CA,Banking,2022-10-25 22:00:00,11.050000190734863,11.050000190734863,11.050000190734863,11.050000190734863,11.050000190734863,0
ADIB.CA,Banking,2022-10-26 22:00:00,10.966666221618652,11.75,11.016666412353516,11.283332824707031,11.283332824707031,719901
ADIB.CA,Banking,2022-10-29 22:00:00,11.283332824707031,11.233332633972168,11.041666030883789,11.125,11.125,126158
ADIB.CA,Banking,2022-10-30 22:00:00,11.125,11.166666030883789,10.791666030883789,11.050000190734863,11.050000190734863,39582
ADIB.CA,Banking,2022-10-31 22:00:00,11.050000190734863,10.833333015441895,9.833333015441895,10.683333396911621,10.683333396911621,2010385
ADIB.CA,Banking,2022-11-01 22:00:00,10.683333396911621,10.783332824707031,10.383333206176758,10.5,10.5,479821
ADIB.CA,Banking,2022-11-02 22:00:00,10.5,10.733332633972168,10.416666030883789,10.566665649414062,10.566665649414062,562873
ADIB.CA,Banking,2022-11-05 22:00:00,10.566665649414062,10.625,10.466666221618652,10.5,10.5,1090555
ADIB.CA,Banking,2022-11-06 22:00:00,10.5,10.583333015441895,10.399999618530273,10.458333015441895,10.458333015441895,939879
ADIB.CA,Banking,2022-11-07 22:00:00,10.458333015441895,10.558333396911621,10.108332633972168,10.149999618530273,10.149999618530273,1025403
ADIB.CA,Banking,2022-11-08 22:00:00,10.149999618530273,10.274999618530273,10.100000381469727,10.208333015441895,10.208333015441895,271413
ADIB.CA,Banking,2022-11-09 22:00:00,10.208333015441895,10.524999618530273,10.25,10.475000381469727,10.475000381469727,1144492
ADIB.CA,Banking,2022-11-12 22:00:00,10.475000381469727,10.800000190734863,10.524999618530273,10.741665840148926,10.741665840148926,741573
ADIB.CA,Banking,2022-11-13 22:00:00,10.741665840148926,11.074999809265137,10.666666030883789,11.024999618530273,11.024999618530273,1605421
ADIB.CA,Banking,2022-11-14 22:00:00,11.024999618530273,11.024999618530273,10.858332633972168,10.958333015441895,10.958333015441895,427548
ADIB.CA,Banking,2022-11-15 22:00:00,10.958333015441895,11.666666030883789,10.875,11.550000190734863,11.550000190734863,1656636
ADIB.CA,Banking,2022-11-16 22:00:00,11.550000190734863,11.625,11.375,11.408332824707031,11.408332824707031,562561
ADIB.CA,Banking,2022-11-19 22:00:00,11.408332824707031,11.5,11.225000381469727,11.391666412353516,11.391666412353516,352604
ADIB.CA,Banking,2022-11-20 22:00:00,11.391666412353516,11.433333396911621,11.125,11.149999618530273,11.149999618530273,699162
ADIB.CA,Banking,2022-11-21 22:00:00,11.149999618530273,10.975000381469727,10.708333015441895,10.808333396911621,10.808333396911621,1194194
ADIB.CA,Banking,2022-11-22 22:00:00,10.808333396911621,11.333333015441895,10.808333396911621,11.316665649414062,11.316665649414062,4346306
ADIB.CA,Banking,2022-11-23 22:00:00,11.316665649414062,11.658332824707031,11.333333015441895,11.425000190734863,11.425000190734863,4332859
ADIB.CA,Banking,2022-11-26 22:00:00,11.425000190734863,12.074999809265137,11.458333015441895,11.850000381469727,11.850000381469727,2868607
ADIB.CA,Banking,2022-11-27 22:00:00,11.850000381469727,12.399999618530273,11.850000381469727,12.266666412353516,12.266666412353516,6506432
ADIB.CA,Banking,2022-11-28 22:00:00,12.266666412353516,13.083333015441895,12.225000381469727,13.033332824707031,13.033332824707031,6525594
ADIB.CA,Banking,2022-11-29 22:00:00,13.033332824707031,13.574999809265137,13.0,13.116665840148926,13.116665840148926,3231309
ADIB.CA,Banking,2022-11-30 22:00:00,13.116665840148926,13.333333015441895,13.008333206176758,13.058333396911621,13.058333396911621,756390
ADIB.CA,Banking,2022-12-03 22:00:00,13.058333396911621,13.483332633972168,13.066665649414062,13.216666221618652,13.216666221618652,1868474
ADIB.CA,Banking,2022-12-04 22:00:00,13.216666221618652,13.333333015441895,12.933333396911621,13.033332824707031,13.033332824707031,2441985
ADIB.CA,Banking,2022-12-05 22:00:00,13.033332824707031,13.291666030883789,13.0,13.25,13.25,1213509
ADIB.CA,Banking,2022-12-06 22:00:00,13.25,13.741665840148926,13.25,13.683333396911621,13.683333396911621,3183668
ADIB.CA,Banking,2022-12-07 22:00:00,13.683333396911621,13.833333015441895,13.216666221618652,13.350000381469727,13.350000381469727,822655
ADIB.CA,Banking,2022-12-10 22:00:00,13.350000381469727,14.041666030883789,13.366665840148926,13.716666221618652,13.716666221618652,2274285
ADIB.CA,Banking,2022-12-11 22:00:00,13.716666221618652,15.208333015441895,13.466666221618652,15.208333015441895,15.208333015441895,3090177
ADIB.CA,Banking,2022-12-12 22:00:00,15.208333015441895,15.574999809265137,14.641666412353516,14.816665649414062,14.816665649414062,1337280
ADIB.CA,Banking,2022-12-13 22:00:00,13.528332710266113,14.958333015441895,13.75,14.816665649414062,14.816665649414062,791949
ADIB.CA,Banking,2022-12-14 22:00:00,14.816665649414062,15.416666030883789,14.841666221618652,14.908332824707031,14.908332824707031,1100568
ADIB.CA,Banking,2022-12-17 22:00:00,14.908332824707031,14.791666030883789,13.758333206176758,14.158332824707031,14.158332824707031,2116420
ADIB.CA,Banking,2022-12-18 22:00:00,14.158332824707031,14.75,13.841666221618652,14.574999809265137,14.574999809265137,760790
ADIB.CA,Banking,2022-12-19 22:00:00,14.574999809265137,14.983332633972168,14.5,14.883333206176758,14.883333206176758,1206139
ADIB.CA,Banking,2022-12-20 22:00:00,14.883333206176758,14.883333206176758,14.666666030883789,14.766666412353516,14.766666412353516,368191
ADIB.CA,Banking,2022-12-21 22:00:00,14.766666412353516,14.875,14.375,14.433333396911621,14.433333396911621,338449
ADIB.CA,Banking,2022-12-24 22:00:00,14.433333396911621,14.824999809265137,14.366665840148926,14.774999618530273,14.774999618530273,261350
ADIB.CA,Banking,2022-12-25 22:00:00,14.774999618530273,14.991665840148926,14.583333015441895,14.958333015441895,14.958333015441895,183820
ADIB.CA,Banking,2022-12-26 22:00:00,14.958333015441895,15.416666030883789,14.666666030883789,15.274999618530273,15.274999618530273,1488398
ADIB.CA,Banking,2022-12-27 22:00:00,15.274999618530273,15.416666030883789,14.583333015441895,14.808333396911621,14.808333396911621,1354789
ADIB.CA,Banking,2022-12-28 22:00:00,14.808333396911621,17.766666412353516,14.583333015441895,14.975000381469727,14.975000381469727,855704
ADIB.CA,Banking,2023-01-01 22:00:00,14.975000381469727,15.199999809265137,14.916666030883789,14.958333015441895,14.958333015441895,297944
ADIB.CA,Banking,2023-01-02 22:00:00,14.958333015441895,15.083333015441895,14.741665840148926,14.766666412353516,14.766666412353516,1324801
ADIB.CA,Banking,2023-01-03 22:00:00,14.766666412353516,14.916666030883789,14.366665840148926,14.658332824707031,14.658332824707031,1004328
ADIB.CA,Banking,2023-01-04 22:00:00,14.658332824707031,15.041666030883789,14.541666030883789,14.633333206176758,14.633333206176758,907830
ADIB.CA,Banking,2023-01-08 22:00:00,14.633333206176758,14.975000381469727,14.291666030883789,14.358332633972168,14.358332633972168,907554
ADIB.CA,Banking,2023-01-09 22:00:00,14.358332633972168,15.416666030883789,14.25,15.083333015441895,15.083333015441895,3073825
ADIB.CA,Banking,2023-01-10 22:00:00,15.083333015441895,16.66666603088379,14.875,15.308333396911621,15.308333396911621,1468255
ADIB.CA,Banking,2023-01-11 22:00:00,15.308333396911621,15.983332633972168,14.916666030883789,15.75,15.75,357288
ADIB.CA,Banking,2023-01-14 22:00:00,15.75,16.5,15.75,16.341665267944336,16.341665267944336,391514
ADIB.CA,Banking,2023-01-15 22:00:00,16.341665267944336,18.241666793823242,16.54166603088379,17.700000762939453,17.700000762939453,1968000
ADIB.CA,Banking,2023-01-16 22:00:00,17.700000762939453,17.875,17.083332061767578,17.208332061767578,17.208332061767578,602359
ADIB.CA,Banking,2023-01-17 22:00:00,17.208332061767578,17.41666603088379,15.958333015441895,16.075000762939453,16.075000762939453,1182332
ADIB.CA,Banking,2023-01-18 22:00:00,16.075000762939453,16.458332061767578,15.975000381469727,16.066665649414062,16.066665649414062,517968
ADIB.CA,Banking,2023-01-21 22:00:00,16.066665649414062,16.241666793823242,15.791666030883789,15.966666221618652,15.966666221618652,444954
ADIB.CA,Banking,2023-01-22 22:00:00,15.966666221618652,16.575000762939453,15.833333015441895,16.316665649414062,16.316665649414062,536124
ADIB.CA,Banking,2023-01-23 22:00:00,16.316665649414062,16.65833282470703,16.008333206176758,16.424999237060547,16.424999237060547,449988
ADIB.CA,Banking,2023-01-24 22:00:00,16.424999237060547,18.341665267944336,16.458332061767578,17.808332443237305,17.808332443237305,2402529
ADIB.CA,Banking,2023-01-28 22:00:00,17.808332443237305,19.991666793823242,17.933332443237305,19.700000762939453,19.700000762939453,1647638
ADIB.CA,Banking,2023-01-29 22:00:00,19.700000762939453,20.0,17.258333206176758,18.41666603088379,18.41666603088379,1938930
ADIB.CA,Banking,2023-01-30 22:00:00,18.41666603088379,19.266666412353516,17.66666603088379,18.216665267944336,18.216665267944336,1517482
ADIB.CA,Banking,2023-01-31 22:00:00,18.216665267944336,18.708332061767578,16.66666603088379,17.866666793823242,17.866666793823242,3586038
ADIB.CA,Banking,2023-02-01 22:00:00,17.866666793823242,19.16666603088379,17.41666603088379,17.725000381469727,17.725000381469727,1950144
ADIB.CA,Banking,2023-02-04 22:00:00,17.725000381469727,18.125,16.75,17.583332061767578,17.583332061767578,1745269
ADIB.CA,Banking,2023-02-05 22:00:00,17.583332061767578,18.333332061767578,17.600000381469727,17.883333206176758,17.883333206176758,562488
ADIB.CA,Banking,2023-02-06 22:00:00,17.883333206176758,19.066665649414062,17.941665649414062,18.983333587646484,18.983333587646484,1195018
ADIB.CA,Banking,2023-02-07 22:00:00,18.983333587646484,19.100000381469727,17.524999618530273,18.0,18.0,1779548
ADIB.CA,Banking,2023-02-08 22:00:00,18.0,18.741666793823242,17.958332061767578,18.583332061767578,18.583332061767578,1047271
ADIB.CA,Banking,2023-02-11 22:00:00,18.583332061767578,18.491666793823242,17.66666603088379,17.79166603088379,17.79166603088379,953474
ADIB.CA,Banking,2023-02-12 22:00:00,17.79166603088379,18.333332061767578,17.833332061767578,18.083332061767578,18.083332061767578,740684
ADIB.CA,Banking,2023-02-13 22:00:00,18.083332061767578,18.458332061767578,17.91666603088379,18.350000381469727,18.350000381469727,4334920
ADIB.CA,Banking,2023-02-14 22:00:00,18.350000381469727,18.583332061767578,18.125,18.208332061767578,18.208332061767578,867187
ADIB.CA,Banking,2023-02-15 22:00:00,18.208332061767578,18.583332061767578,17.833332061767578,17.924999237060547,17.924999237060547,420355
ADIB.CA,Banking,2023-02-18 22:00:00,17.924999237060547,18.125,17.625,17.733333587646484,17.733333587646484,523831
ADIB.CA,Banking,2023-02-19 22:00:00,17.733333587646484,18.058332443237305,17.125,17.274999618530273,17.274999618530273,501532
ADIB.CA,Banking,2023-02-20 22:00:00,17.274999618530273,17.25,16.833332061767578,17.083332061767578,17.083332061767578,1762206
ADIB.CA,Banking,2023-02-21 22:00:00,17.083332061767578,17.28333282470703,16.5,16.78333282470703,16.78333282470703,907071
ADIB.CA,Banking,2023-02-22 22:00:00,16.78333282470703,16.683332443237305,16.375,16.600000381469727,16.600000381469727,2387486
ADIB.CA,Banking,2023-02-25 22:00:00,16.600000381469727,17.141666412353516,16.600000381469727,17.066665649414062,17.066665649414062,464754
ADIB.CA,Banking,2023-02-26 22:00:00,17.066665649414062,17.333332061767578,16.5,16.608333587646484,16.608333587646484,954363
ADIB.CA,Banking,2023-02-27 22:00:00,16.608333587646484,16.825000762939453,16.53333282470703,16.575000762939453,16.575000762939453,349768
ADIB.CA,Banking,2023-02-28 22:00:00,16.575000762939453,16.833332061767578,16.583332061767578,16.608333587646484,16.608333587646484,550538
ADIB.CA,Banking,2023-03-01 22:00:00,16.608333587646484,16.79166603088379,16.266666412353516,16.333332061767578,16.333332061767578,451492
ADIB.CA,Banking,2023-03-04 22:00:00,16.333332061767578,16.633333206176758,15.850000381469727,16.5,16.5,478172
ADIB.CA,Banking,2023-03-05 22:00:00,16.5,16.733333587646484,16.341665267944336,16.383333206176758,16.383333206176758,364903
ADIB.CA,Banking,2023-03-06 22:00:00,16.383333206176758,16.616666793823242,16.125,16.141666412353516,16.141666412353516,118545
ADIB.CA,Banking,2023-03-07 22:00:00,16.141666412353516,16.25,15.633333206176758,15.891666412353516,15.891666412353516,393507
ADIB.CA,Banking,2023-03-08 22:00:00,15.891666412353516,16.116666793823242,15.699999809265137,16.058332443237305,16.058332443237305,201566
ADIB.CA,Banking,2023-03-11 22:00:00,16.058332443237305,16.0,15.0,15.391666412353516,15.391666412353516,302818
ADIB.CA,Banking,2023-03-12 22:00:00,15.391666412353516,15.75,14.733332633972168,14.800000190734863,14.800000190734863,422114
ADIB.CA,Banking,2023-03-13 22:00:00,14.800000190734863,15.416666030883789,14.333333015441895,15.199999809265137,15.199999809265137,444783
ADIB.CA,Banking,2023-03-14 22:00:00,15.199999809265137,15.666666030883789,13.75,14.125,14.125,332406
ADIB.CA,Banking,2023-03-15 22:00:00,14.125,14.5,13.333333015441895,14.191665649414062,14.191665649414062,411411
ADIB.CA,Banking,2023-03-18 22:00:00,14.191665649414062,15.0,13.600000381469727,14.866665840148926,14.866665840148926,306122
ADIB.CA,Banking,2023-03-19 22:00:00,14.866665840148926,15.416666030883789,14.75,15.141666412353516,15.141666412353516,112945
ADIB.CA,Banking,2023-03-20 22:00:00,15.141666412353516,15.399999618530273,15.008333206176758,15.274999618530273,15.274999618530273,67142
ADIB.CA,Banking,2023-03-21 22:00:00,15.274999618530273,15.391666412353516,14.583333015441895,14.774999618530273,14.774999618530273,1663396
ADIB.CA,Banking,2023-03-22 22:00:00,14.774999618530273,14.941665649414062,14.5,14.583333015441895,14.583333015441895,728424
ADIB.CA,Banking,2023-03-25 22:00:00,14.583333015441895,15.116665840148926,14.708333015441895,14.833333015441895,14.833333015441895,354444
ADIB.CA,Banking,2023-03-26 22:00:00,14.833333015441895,15.0,14.491665840148926,14.533332824707031,14.533332824707031,878170
ADIB.CA,Banking,2023-03-27 22:00:00,14.533332824707031,14.791666030883789,14.441665649414062,14.5,14.5,403976
ADIB.CA,Banking,2023-03-28 22:00:00,14.5,15.833333015441895,14.5,15.558333396911621,15.558333396911621,2095030
ADIB.CA,Banking,2023-03-29 22:00:00,15.558333396911621,16.25,15.216666221618652,15.358332633972168,15.358332633972168,1403343
ADIB.CA,Banking,2023-04-01 22:00:00,15.358332633972168,15.75,15.333333015441895,15.608332633972168,15.608332633972168,774128
ADIB.CA,Banking,2023-04-02 22:00:00,15.608332633972168,16.225000381469727,15.566665649414062,16.15833282470703,16.15833282470703,959850
ADIB.CA,Banking,2023-04-03 22:00:00,16.15833282470703,16.733333587646484,15.983332633972168,16.66666603088379,16.66666603088379,1505240
ADIB.CA,Banking,2023-04-04 22:00:00,16.66666603088379,16.875,16.091665267944336,16.266666412353516,16.266666412353516,699272
ADIB.CA,Banking,2023-04-05 22:00:00,16.266666412353516,16.483333587646484,15.666666030883789,15.958333015441895,15.958333015441895,549174
ADIB.CA,Banking,2023-04-08 22:00:00,15.958333015441895,15.941665649414062,15.416666030883789,15.616665840148926,15.616665840148926,394599
ADIB.CA,Banking,2023-04-09 22:00:00,15.616665840148926,16.024999618530273,15.541666030883789,15.600000381469727,15.600000381469727,1442710
ADIB.CA,Banking,2023-04-10 22:00:00,15.600000381469727,16.16666603088379,15.75,15.808333396911621,15.808333396911621,354226
ADIB.CA,Banking,2023-04-11 22:00:00,15.808333396911621,16.04166603088379,15.666666030883789,15.766666412353516,15.766666412353516,191869
ADIB.CA,Banking,2023-04-12 22:00:00,15.766666412353516,16.333332061767578,15.625,16.208332061767578,16.208332061767578,1024184
ADIB.CA,Banking,2023-04-17 22:00:00,16.208332061767578,18.0,16.16666603088379,17.825000762939453,17.825000762939453,2159010
ADIB.CA,Banking,2023-04-18 22:00:00,17.825000762939453,17.975000381469727,17.308332443237305,17.65833282470703,17.65833282470703,350625
ADIB.CA,Banking,2023-04-25 22:00:00,17.65833282470703,17.583332061767578,16.66666603088379,17.399999618530273,17.399999618530273,805497
ADIB.CA,Banking,2023-04-26 22:00:00,17.399999618530273,18.28333282470703,17.16666603088379,18.083332061767578,18.083332061767578,475803
ADIB.CA,Banking,2023-04-29 21:00:00,18.083332061767578,18.75,17.424999237060547,17.491666793823242,17.491666793823242,1654058
ADIB.CA,Banking,2023-04-30 21:00:00,17.491666793823242,17.491666793823242,17.491666793823242,17.491666793823242,17.491666793823242,0
ADIB.CA,Banking,2023-05-01 21:00:00,17.566665649414062,17.891666412353516,17.333332061767578,17.78333282470703,17.78333282470703,417180
ADIB.CA,Banking,2023-05-02 21:00:00,17.78333282470703,18.083332061767578,17.424999237060547,18.083332061767578,18.083332061767578,714516
ADIB.CA,Banking,2023-05-06 21:00:00,18.083332061767578,18.058332443237305,17.583332061767578,17.66666603088379,17.66666603088379,106436
ADIB.CA,Banking,2023-05-07 21:00:00,17.66666603088379,18.316665649414062,17.66666603088379,18.316665649414062,18.316665649414062,1224522
ADIB.CA,Banking,2023-05-08 21:00:00,18.316665649414062,18.79166603088379,18.125,18.125,18.125,1419543
ADIB.CA,Banking,2023-05-09 21:00:00,18.125,18.5,17.708332061767578,17.899999618530273,17.899999618530273,185846
ADIB.CA,Banking,2023-05-10 21:00:00,17.899999618530273,18.125,17.391666412353516,17.91666603088379,17.91666603088379,497646
ADIB.CA,Banking,2023-05-13 21:00:00,17.91666603088379,19.833332061767578,17.5,19.516666412353516,19.516666412353516,2899209
ADIB.CA,Banking,2023-05-14 21:00:00,19.516666412353516,19.875,19.375,19.483333587646484,19.483333587646484,2581579
ADIB.CA,Banking,2023-05-15 21:00:00,19.483333587646484,19.333332061767578,18.66666603088379,19.233333587646484,19.233333587646484,459996
ADIB.CA,Banking,2023-05-16 21:00:00,19.233333587646484,19.25,18.66666603088379,18.941665649414062,18.941665649414062,344503
ADIB.CA,Banking,2023-05-17 21:00:00,18.941665649414062,19.458332061767578,18.608333587646484,18.883333206176758,18.883333206176758,99883
ADIB.CA,Banking,2023-05-20 21:00:00,18.883333206176758,19.325000762939453,18.758333206176758,19.16666603088379,19.16666603088379,215979
ADIB.CA,Banking,2023-05-21 21:00:00,19.16666603088379,19.15833282470703,18.78333282470703,18.833332061767578,18.833332061767578,293936
ADIB.CA,Banking,2023-05-22 21:00:00,18.833332061767578,18.875,18.25,18.591665267944336,18.591665267944336,361521
ADIB.CA,Banking,2023-05-23 21:00:00,18.591665267944336,18.899999618530273,18.333332061767578,18.65833282470703,18.65833282470703,102843
ADIB.CA,Banking,2023-05-24 21:00:00,18.65833282470703,19.258333206176758,18.358333587646484,18.524999618530273,18.524999618530273,821269
ADIB.CA,Banking,2023-05-27 21:00:00,18.524999618530273,19.958332061767578,18.741666793823242,19.90833282470703,19.90833282470703,1205616
ADIB.CA,Banking,2023-05-28 21:00:00,19.90833282470703,19.958332061767578,19.41666603088379,19.891666412353516,19.891666412353516,638716
ADIB.CA,Banking,2023-05-29 21:00:00,19.891666412353516,21.649999618530273,19.441665649414062,21.583332061767578,21.583332061767578,1858165
ADIB.CA,Banking,2023-05-30 21:00:00,21.583332061767578,21.66666603088379,20.16666603088379,20.183332443237305,20.183332443237305,1989206
ADIB.CA,Banking,2023-05-31 21:00:00,20.183332443237305,20.958332061767578,20.674999237060547,20.716665267944336,20.716665267944336,1049830
ADIB.CA,Banking,2023-06-03 21:00:00,20.716665267944336,21.308332443237305,20.083332061767578,21.183332443237305,21.183332443237305,213351
ADIB.CA,Banking,2023-06-04 21:00:00,21.183332443237305,21.308332443237305,20.716665267944336,20.833332061767578,20.833332061767578,388034
ADIB.CA,Banking,2023-06-05 21:00:00,20.833332061767578,21.0,20.41666603088379,20.475000381469727,20.475000381469727,512023
ADIB.CA,Banking,2023-06-06 21:00:00,20.475000381469727,20.825000762939453,19.583332061767578,19.716665267944336,19.716665267944336,275768
ADIB.CA,Banking,2023-06-07 21:00:00,19.716665267944336,20.0,18.766666412353516,19.149999618530273,19.149999618530273,541910
ADIB.CA,Banking,2023-06-10 21:00:00,19.149999618530273,19.641666412353516,18.41666603088379,18.458332061767578,18.458332061767578,639592
ADIB.CA,Banking,2023-06-11 21:00:00,18.458332061767578,19.083332061767578,18.333332061767578,18.549999237060547,18.549999237060547,75526
ADIB.CA,Banking,2023-06-12 21:00:00,18.549999237060547,19.0,18.083332061767578,18.333332061767578,18.333332061767578,582645
ADIB.CA,Banking,2023-06-13 21:00:00,18.333332061767578,18.75,18.15833282470703,18.16666603088379,18.16666603088379,284032
ADIB.CA,Banking,2023-06-14 21:00:00,18.16666603088379,18.333332061767578,18.16666603088379,18.316665649414062,18.316665649414062,99266
ADIB.CA,Banking,2023-06-17 21:00:00,18.316665649414062,18.733333587646484,18.133333206176758,18.174999237060547,18.174999237060547,432537
ADIB.CA,Banking,2023-06-18 21:00:00,18.174999237060547,19.66666603088379,18.0,18.883333206176758,18.883333206176758,3479161
ADIB.CA,Banking,2023-06-19 21:00:00,18.883333206176758,19.16666603088379,18.516666412353516,18.591665267944336,18.591665267944336,2439022
ADIB.CA,Banking,2023-06-20 21:00:00,18.591665267944336,19.25,18.583332061767578,18.774999618530273,18.774999618530273,1001533
ADIB.CA,Banking,2023-06-21 21:00:00,18.774999618530273,18.966665267944336,18.524999618530273,18.591665267944336,18.591665267944336,1096436
ADIB.CA,Banking,2023-06-24 21:00:00,18.591665267944336,19.0,18.350000381469727,18.524999618530273,18.524999618530273,153148
ADIB.CA,Banking,2023-06-25 21:00:00,18.524999618530273,19.375,18.5,19.375,19.375,854100
ADIB.CA,Banking,2023-07-03 21:00:00,19.375,19.583332061767578,19.16666603088379,19.391666412353516,19.391666412353516,720588
ADIB.CA,Banking,2023-07-04 21:00:00,19.391666412353516,20.333332061767578,19.16666603088379,19.700000762939453,19.700000762939453,649176
ADIB.CA,Banking,2023-07-05 21:00:00,19.700000762939453,20.083332061767578,19.5,19.825000762939453,19.825000762939453,264228
ADIB.CA,Banking,2023-07-08 21:00:00,19.825000762939453,19.79166603088379,18.524999618530273,18.691665649414062,18.691665649414062,200652
ADIB.CA,Banking,2023-07-09 21:00:00,18.691665649414062,19.375,18.41666603088379,19.16666603088379,19.16666603088379,222310
ADIB.CA,Banking,2023-07-10 21:00:00,19.16666603088379,19.458332061767578,18.875,19.066665649414062,19.066665649414062,2113044
ADIB.CA,Banking,2023-07-11 21:00:00,19.066665649414062,19.16666603088379,18.75,19.024999618530273,19.024999618530273,230610
ADIB.CA,Banking,2023-07-12 21:00:00,19.024999618530273,19.191665649414062,18.958332061767578,19.083332061767578,19.083332061767578,395024
ADIB.CA,Banking,2023-07-15 21:00:00,19.083332061767578,19.16666603088379,18.75,18.891666412353516,18.891666412353516,29798
ADIB.CA,Banking,2023-07-16 21:00:00,18.891666412353516,19.075000762939453,18.716665267944336,18.758333206176758,18.758333206176758,109689
ADIB.CA,Banking,2023-07-17 21:00:00,18.758333206176758,19.16666603088379,18.766666412353516,18.991666793823242,18.991666793823242,654434
ADIB.CA,Banking,2023-07-18 21:00:00,18.991666793823242,18.991666793823242,18.991666793823242,18.991666793823242,18.991666793823242,0
ADIB.CA,Banking,2023-07-23 21:00:00,18.816665649414062,18.975000381469727,18.75,18.766666412353516,18.766666412353516,1052830
ADIB.CA,Banking,2023-07-24 21:00:00,18.766666412353516,18.933332443237305,18.625,18.65833282470703,18.65833282470703,730622
ADIB.CA,Banking,2023-07-25 21:00:00,18.65833282470703,19.299999237060547,18.65833282470703,19.25,19.25,460510
ADIB.CA,Banking,2023-07-26 21:00:00,19.25,19.583332061767578,19.008333206176758,19.516666412353516,19.516666412353516,248071
ADIB.CA,Banking,2023-07-29 21:00:00,19.516666412353516,20.41666603088379,19.350000381469727,20.40833282470703,20.40833282470703,692896
ADIB.CA,Banking,2023-07-30 21:00:00,20.40833282470703,20.491666793823242,20.083332061767578,20.333332061767578,20.333332061767578,183218
ADIB.CA,Banking,2023-07-31 21:00:00,20.333332061767578,20.833332061767578,19.608333587646484,19.716665267944336,19.716665267944336,636123
ADIB.CA,Banking,2023-08-01 21:00:00,19.716665267944336,20.325000762939453,19.691665649414062,20.016666412353516,20.016666412353516,67431
ADIB.CA,Banking,2023-08-02 21:00:00,20.016666412353516,20.41666603088379,19.616666793823242,20.008333206176758,20.008333206176758,55204
ADIB.CA,Banking,2023-08-05 21:00:00,20.008333206176758,20.274999618530273,19.708332061767578,20.024999618530273,20.024999618530273,105732
ADIB.CA,Banking,2023-08-06 21:00:00,20.024999618530273,20.66666603088379,19.933332443237305,20.66666603088379,20.66666603088379,416850
ADIB.CA,Banking,2023-08-07 21:00:00,20.66666603088379,20.991666793823242,20.483333587646484,20.774999618530273,20.774999618530273,363405
ADIB.CA,Banking,2023-08-08 21:00:00,20.774999618530273,21.0,20.5,20.766666412353516,20.766666412353516,582556
ADIB.CA,Banking,2023-08-09 21:00:00,20.766666412353516,20.700000762939453,20.29166603088379,20.575000762939453,20.575000762939453,39489
ADIB.CA,Banking,2023-08-12 21:00:00,20.575000762939453,21.0,20.29166603088379,20.833332061767578,20.833332061767578,349587
ADIB.CA,Banking,2023-08-13 21:00:00,20.833332061767578,21.04166603088379,20.674999237060547,20.833332061767578,20.833332061767578,1105564
ADIB.CA,Banking,2023-08-14 21:00:00,20.833332061767578,20.833332061767578,20.433332443237305,20.516666412353516,20.516666412353516,281840
ADIB.CA,Banking,2023-08-15 21:00:00,20.516666412353516,21.25,20.516666412353516,21.03333282470703,21.03333282470703,181543
ADIB.CA,Banking,2023-08-16 21:00:00,21.03333282470703,21.04166603088379,20.758333206176758,20.825000762939453,20.825000762939453,32319
ADIB.CA,Banking,2023-08-19 21:00:00,20.825000762939453,21.016666412353516,20.733333587646484,20.79166603088379,20.79166603088379,56504
ADIB.CA,Banking,2023-08-20 21:00:00,20.79166603088379,21.04166603088379,20.41666603088379,20.475000381469727,20.475000381469727,222896
ADIB.CA,Banking,2023-08-21 21:00:00,20.475000381469727,20.625,20.383333206176758,20.458332061767578,20.458332061767578,80409
ADIB.CA,Banking,2023-08-22 21:00:00,20.458332061767578,20.641666412353516,20.0,20.174999237060547,20.174999237060547,123601
ADIB.CA,Banking,2023-08-23 21:00:00,20.174999237060547,20.708332061767578,20.0,20.15833282470703,20.15833282470703,89115
ADIB.CA,Banking,2023-08-26 21:00:00,20.15833282470703,20.833332061767578,20.16666603088379,20.816665649414062,20.816665649414062,109714
ADIB.CA,Banking,2023-08-27 21:00:00,20.816665649414062,21.433332443237305,20.691665649414062,21.25,21.25,540212
ADIB.CA,Banking,2023-08-28 21:00:00,21.25,21.475000381469727,20.674999237060547,20.825000762939453,20.825000762939453,940587
ADIB.CA,Banking,2023-08-29 21:00:00,20.825000762939453,21.133333206176758,20.66666603088379,20.833332061767578,20.833332061767578,213063
ADIB.CA,Banking,2023-08-30 21:00:00,20.833332061767578,20.833332061767578,20.833332061767578,20.833332061767578,20.833332061767578,0
ADIB.CA,Banking,2023-09-02 21:00:00,20.708332061767578,20.833332061767578,20.0,20.15833282470703,20.15833282470703,184566
ADIB.CA,Banking,2023-09-03 21:00:00,20.15833282470703,20.399999618530273,20.0,20.16666603088379,20.16666603088379,292287
ADIB.CA,Banking,2023-09-04 21:00:00,20.16666603088379,20.375,19.79166603088379,19.825000762939453,19.825000762939453,722797
ADIB.CA,Banking,2023-09-05 21:00:00,19.825000762939453,19.75,19.41666603088379,19.433332443237305,19.433332443237305,384162
ADIB.CA,Banking,2023-09-06 21:00:00,19.433332443237305,19.825000762939453,19.450000762939453,19.774999618530273,19.774999618530273,341678
ADIB.CA,Banking,2023-09-09 21:00:00,19.774999618530273,19.774999618530273,19.774999618530273,19.774999618530273,19.774999618530273,0
ADIB.CA,Banking,2023-09-10 21:00:00,20.0,20.083332061767578,19.583332061767578,19.649999618530273,19.649999618530273,193963
ADIB.CA,Banking,2023-09-11 21:00:00,19.649999618530273,20.0,19.458332061767578,20.0,20.0,462170
ADIB.CA,Banking,2023-09-12 21:00:00,20.0,20.083332061767578,19.75,20.0,20.0,148404
ADIB.CA,Banking,2023-09-13 21:00:00,20.0,20.841665267944336,20.0,20.700000762939453,20.700000762939453,1397724
ADIB.CA,Banking,2023-09-16 21:00:00,20.700000762939453,21.083332061767578,20.008333206176758,20.266666412353516,20.266666412353516,495781
ADIB.CA,Banking,2023-09-17 21:00:00,20.266666412353516,20.708332061767578,20.108333587646484,20.25,20.25,323601
ADIB.CA,Banking,2023-09-18 21:00:00,20.25,20.458332061767578,19.841665267944336,20.016666412353516,20.016666412353516,586393
ADIB.CA,Banking,2023-09-19 21:00:00,20.016666412353516,20.016666412353516,20.016666412353516,20.016666412353516,20.016666412353516,0
ADIB.CA,Banking,2023-09-20 21:00:00,20.016666412353516,20.016666412353516,20.016666412353516,20.016666412353516,20.016666412353516,0
ADIB.CA,Banking,2023-09-23 21:00:00,20.016666412353516,20.016666412353516,20.016666412353516,20.016666412353516,20.016666412353516,0
ADIB.CA,Banking,2023-09-24 21:00:00,20.233333587646484,21.875,20.25,21.583332061767578,21.583332061767578,4917237
ADIB.CA,Banking,2023-09-25 21:00:00,21.583332061767578,22.41666603088379,21.625,22.316665649414062,22.316665649414062,3515172
ADIB.CA,Banking,2023-09-26 21:00:00,22.316665649414062,22.316665649414062,22.316665649414062,22.316665649414062,22.316665649414062,0
ADIB.CA,Banking,2023-09-30 21:00:00,22.316665649414062,22.316665649414062,22.316665649414062,22.316665649414062,22.316665649414062,0
ADIB.CA,Banking,2023-10-01 21:00:00,22.924999237060547,23.41666603088379,21.708332061767578,22.299999237060547,22.299999237060547,1342905
ADIB.CA,Banking,2023-10-02 21:00:00,22.299999237060547,22.833332061767578,22.083332061767578,22.508333206176758,22.508333206176758,841802
ADIB.CA,Banking,2023-10-03 21:00:00,22.508333206176758,22.5,21.75,22.29166603088379,22.29166603088379,1526413
ADIB.CA,Banking,2023-10-07 21:00:00,22.29166603088379,22.16666603088379,20.433332443237305,21.583332061767578,21.583332061767578,1265965
ADIB.CA,Banking,2023-10-08 21:00:00,21.583332061767578,22.083332061767578,21.433332443237305,21.766666412353516,21.766666412353516,340874
ADIB.CA,Banking,2023-10-09 21:00:00,21.766666412353516,22.75,21.691665649414062,22.558332443237305,22.558332443237305,955050
ADIB.CA,Banking,2023-10-10 21:00:00,22.558332443237305,22.891666412353516,22.25,22.41666603088379,22.41666603088379,301898
ADIB.CA,Banking,2023-10-11 21:00:00,22.41666603088379,23.958332061767578,22.091665267944336,23.75,23.75,1481438
ADIB.CA,Banking,2023-10-14 21:00:00,23.75,24.833332061767578,23.54166603088379,23.75,23.75,1509615
ADIB.CA,Banking,2023-10-15 21:00:00,23.75,25.16666603088379,23.75,25.0,25.0,741732
ADIB.CA,Banking,2023-10-16 21:00:00,25.0,28.333332061767578,24.79166603088379,27.5,27.5,3095866
ADIB.CA,Banking,2023-10-17 21:00:00,27.5,28.333332061767578,25.25,27.5,27.5,2490602
ADIB.CA,Banking,2023-10-18 21:00:00,27.5,27.5,27.5,27.5,27.5,0
ADIB.CA,Banking,2023-10-21 21:00:00,26.25,27.66666603088379,25.0,27.083332061767578,27.083332061767578,879310
ADIB.CA,Banking,2023-10-22 21:00:00,27.083332061767578,29.16666603088379,27.083332061767578,27.208332061767578,27.208332061767578,1968506
ADIB.CA,Banking,2023-10-23 21:00:00,27.208332061767578,28.75,26.5,28.424999237060547,28.424999237060547,1435341
ADIB.CA,Banking,2023-10-24 21:00:00,28.424999237060547,30.008333206176758,28.333332061767578,29.649999618530273,29.649999618530273,2088577
ADIB.CA,Banking,2023-10-25 21:00:00,29.649999618530273,30.41666603088379,27.708332061767578,28.75,28.75,1605014
ADIB.CA,Banking,2023-10-28 22:00:00,28.75,30.0,28.25,28.975000381469727,28.975000381469727,1253971
ADIB.CA,Banking,2023-10-29 22:00:00,28.975000381469727,29.583332061767578,28.54166603088379,29.583332061767578,29.583332061767578,852776
ADIB.CA,Banking,2023-10-30 22:00:00,29.583332061767578,29.583332061767578,27.433332443237305,27.524999618530273,27.524999618530273,1798862
ADIB.CA,Banking,2023-10-31 22:00:00,27.524999618530273,28.316665649414062,26.54166603088379,27.483333587646484,27.483333587646484,1117617
ADIB.CA,Banking,2023-11-01 22:00:00,27.483333587646484,28.700000762939453,27.5,27.649999618530273,27.649999618530273,1077128
ADIB.CA,Banking,2023-11-04 22:00:00,27.649999618530273,29.016666412353516,27.75,28.75,28.75,417366
ADIB.CA,Banking,2023-11-05 22:00:00,28.75,29.133333206176758,28.608333587646484,28.858333587646484,28.858333587646484,1095532
ADIB.CA,Banking,2023-11-06 22:00:00,28.858333587646484,29.25,28.5,29.066665649414062,29.066665649414062,1640702
ADIB.CA,Banking,2023-11-07 22:00:00,29.066665649414062,31.241666793823242,28.933332443237305,30.766666412353516,30.766666412353516,1719301
ADIB.CA,Banking,2023-11-08 22:00:00,30.766666412353516,31.583332061767578,30.41666603088379,30.833332061767578,30.833332061767578,1620894
ADIB.CA,Banking,2023-11-11 22:00:00,30.833332061767578,31.241666793823242,29.700000762939453,29.700000762939453,29.700000762939453,529465
ADIB.CA,Banking,2023-11-12 22:00:00,29.700000762939453,30.0,28.958332061767578,29.0,29.0,640591
ADIB.CA,Banking,2023-11-13 22:00:00,29.0,29.875,28.683332443237305,29.241666793823242,29.241666793823242,744110
ADIB.CA,Banking,2023-11-14 22:00:00,29.241666793823242,29.583332061767578,28.691665649414062,28.899999618530273,28.899999618530273,1070131
ADIB.CA,Banking,2023-11-15 22:00:00,28.899999618530273,29.708332061767578,29.16666603088379,29.5,29.5,583968
ADIB.CA,Banking,2023-11-18 22:00:00,29.5,32.08333206176758,29.5,30.241666793823242,30.241666793823242,2467309
ADIB.CA,Banking,2023-11-19 22:00:00,30.241666793823242,30.66666603088379,29.683332443237305,29.691665649414062,29.691665649414062,951552
ADIB.CA,Banking,2023-11-20 22:00:00,29.691665649414062,30.25,28.833332061767578,30.191665649414062,30.191665649414062,2131008
ADIB.CA,Banking,2023-11-21 22:00:00,30.191665649414062,31.25,29.875,30.424999237060547,30.424999237060547,1451581
ADIB.CA,Banking,2023-11-22 22:00:00,30.424999237060547,32.474998474121094,30.41666603088379,31.966665267944336,31.966665267944336,1084992
ADIB.CA,Banking,2023-11-25 22:00:00,31.966665267944336,33.291664123535156,31.5,33.20833206176758,33.20833206176758,1009861
ADIB.CA,Banking,2023-11-26 22:00:00,33.20833206176758,33.291664123535156,32.45833206176758,32.599998474121094,32.599998474121094,1162683
ADIB.CA,Banking,2023-11-27 22:00:00,32.599998474121094,33.11666488647461,32.20000076293945,32.20833206176758,32.20833206176758,255627
ADIB.CA,Banking,2023-11-28 22:00:00,32.20833206176758,32.166664123535156,30.66666603088379,31.958332061767578,31.958332061767578,1126141
ADIB.CA,Banking,2023-11-29 22:00:00,31.958332061767578,33.541664123535156,31.25,32.133331298828125,32.133331298828125,767596
ADIB.CA,Banking,2023-12-02 22:00:00,32.133331298828125,32.70833206176758,31.5,31.66666603088379,31.66666603088379,166053
ADIB.CA,Banking,2023-12-03 22:00:00,31.66666603088379,32.916664123535156,31.66666603088379,32.641666412353516,32.641666412353516,551748
ADIB.CA,Banking,2023-12-04 22:00:00,32.641666412353516,32.916664123535156,31.833332061767578,31.841665267944336,31.841665267944336,622632
ADIB.CA,Banking,2023-12-05 22:00:00,31.841665267944336,32.641666412353516,31.16666603088379,31.458332061767578,31.458332061767578,549558
ADIB.CA,Banking,2023-12-06 22:00:00,31.458332061767578,32.0,30.833332061767578,31.66666603088379,31.66666603088379,544407
ADIB.CA,Banking,2023-12-09 22:00:00,31.66666603088379,32.45000076293945,31.25,31.341665267944336,31.341665267944336,265300
ADIB.CA,Banking,2023-12-10 22:00:00,31.341665267944336,31.5,29.866666793823242,30.78333282470703,30.78333282470703,393753
ADIB.CA,Banking,2023-12-11 22:00:00,30.78333282470703,31.575000762939453,29.375,29.91666603088379,29.91666603088379,622908
ADIB.CA,Banking,2023-12-12 22:00:00,29.91666603088379,30.524999618530273,30.008333206176758,30.208332061767578,30.208332061767578,429326
ADIB.CA,Banking,2023-12-13 22:00:00,30.208332061767578,31.575000762939453,30.333332061767578,31.258333206176758,31.258333206176758,311221
ADIB.CA,Banking,2023-12-16 22:00:00,31.258333206176758,34.33333206176758,30.91666603088379,33.70000076293945,33.70000076293945,2117214
ADIB.CA,Banking,2023-12-17 22:00:00,33.70000076293945,36.166664123535156,34.166664123535156,34.33333206176758,34.33333206176758,1795531
ADIB.CA,Banking,2023-12-18 22:00:00,34.33333206176758,35.0,33.416664123535156,34.541664123535156,34.541664123535156,631981
ADIB.CA,Banking,2023-12-19 22:00:00,34.541664123535156,35.79999923706055,33.758331298828125,33.83333206176758,33.83333206176758,894830
ADIB.CA,Banking,2023-12-20 22:00:00,33.83333206176758,34.58333206176758,32.67499923706055,33.25,33.25,622852
ADIB.CA,Banking,2023-12-23 22:00:00,33.25,33.25,33.25,33.25,33.25,0
ADIB.CA,Banking,2023-12-24 22:00:00,31.933332443237305,33.70833206176758,31.66666603088379,33.33333206176758,33.33333206176758,980368
ADIB.CA,Banking,2023-12-25 22:00:00,33.33333206176758,33.95833206176758,31.66666603088379,31.66666603088379,31.66666603088379,1210130
ADIB.CA,Banking,2023-12-26 22:00:00,31.66666603088379,32.90833282470703,31.191665649414062,31.333332061767578,31.333332061767578,1726396
ADIB.CA,Banking,2023-12-27 22:00:00,31.333332061767578,32.84166717529297,31.458332061767578,32.53333282470703,32.53333282470703,821130
ADIB.CA,Banking,2023-12-30 22:00:00,32.53333282470703,33.32500076293945,31.983333587646484,33.32500076293945,33.32500076293945,722470
ADIB.CA,Banking,2024-01-01 22:00:00,33.32500076293945,33.33333206176758,32.375,32.67499923706055,32.67499923706055,554152
ADIB.CA,Banking,2024-01-02 22:00:00,32.67499923706055,33.08333206176758,31.66666603088379,32.08333206176758,32.08333206176758,989572
ADIB.CA,Banking,2024-01-03 22:00:00,32.08333206176758,32.5,31.875,31.983333587646484,31.983333587646484,789560
ADIB.CA,Banking,2024-01-07 22:00:00,31.983333587646484,33.416664123535156,32.08333206176758,32.508331298828125,32.508331298828125,1688697
ADIB.CA,Banking,2024-01-08 22:00:00,32.508331298828125,33.33333206176758,32.474998474121094,33.33333206176758,33.33333206176758,1222567
ADIB.CA,Banking,2024-01-09 22:00:00,33.33333206176758,35.416664123535156,33.391666412353516,34.45833206176758,34.45833206176758,2820714
ADIB.CA,Banking,2024-01-10 22:00:00,34.45833206176758,35.349998474121094,34.09166717529297,34.391666412353516,34.391666412353516,1396153
ADIB.CA,Banking,2024-01-13 22:00:00,34.391666412353516,35.08333206176758,34.416664123535156,34.61666488647461,34.61666488647461,641742
ADIB.CA,Banking,2024-01-14 22:00:00,34.61666488647461,35.21666717529297,34.58333206176758,35.21666717529297,35.21666717529297,1282747
ADIB.CA,Banking,2024-01-15 22:00:00,35.21666717529297,37.541664123535156,35.20833206176758,37.541664123535156,37.541664123535156,2706966
ADIB.CA,Banking,2024-01-16 22:00:00,37.541664123535156,37.5,36.266666412353516,36.666664123535156,36.666664123535156,1078215
ADIB.CA,Banking,2024-01-17 22:00:00,36.666664123535156,38.07500076293945,36.45833206176758,37.916664123535156,37.916664123535156,393403
ADIB.CA,Banking,2024-01-20 22:00:00,37.916664123535156,39.07500076293945,37.58333206176758,38.94166564941406,38.94166564941406,309278
ADIB.CA,Banking,2024-01-21 22:00:00,38.94166564941406,39.724998474121094,38.508331298828125,39.166664123535156,39.166664123535156,795453
ADIB.CA,Banking,2024-01-22 22:00:00,39.166664123535156,39.166664123535156,36.666664123535156,38.633331298828125,38.633331298828125,735747
ADIB.CA,Banking,2024-01-23 22:00:00,38.633331298828125,39.166664123535156,37.508331298828125,39.15833282470703,39.15833282470703,265599
ADIB.CA,Banking,2024-01-27 22:00:00,39.15833282470703,39.625,36.95833206176758,38.233333587646484,38.233333587646484,711729
ADIB.CA,Banking,2024-01-28 22:00:00,38.233333587646484,40.0,38.55833435058594,39.75,39.75,1197408
ADIB.CA,Banking,2024-01-29 22:00:00,39.75,42.07500076293945,39.45833206176758,41.666664123535156,41.666664123535156,896217
ADIB.CA,Banking,2024-01-30 22:00:00,41.666664123535156,41.666664123535156,36.95833206176758,37.516666412353516,37.516666412353516,948945
ADIB.CA,Banking,2024-01-31 22:00:00,37.516666412353516,39.166664123535156,33.84166717529297,39.0,39.0,762799
ADIB.CA,Banking,2024-02-03 22:00:00,39.0,39.75,36.70000076293945,37.18333435058594,37.18333435058594,391683
ADIB.CA,Banking,2024-02-04 22:00:00,37.18333435058594,39.58333206176758,37.0,39.58333206176758,39.58333206176758,543560
ADIB.CA,Banking,2024-02-05 22:00:00,39.58333206176758,40.0,37.525001525878906,38.758331298828125,38.758331298828125,266782
ADIB.CA,Banking,2024-02-06 22:00:00,38.758331298828125,39.375,38.358333587646484,38.75,38.75,215382
ADIB.CA,Banking,2024-02-07 22:00:00,38.75,39.5,38.666664123535156,39.18333435058594,39.18333435058594,412747
ADIB.CA,Banking,2024-02-10 22:00:00,39.18333435058594,40.358333587646484,39.166664123535156,39.21666717529297,39.21666717529297,342974
ADIB.CA,Banking,2024-02-11 22:00:00,39.21666717529297,39.391666412353516,38.83333206176758,39.266666412353516,39.266666412353516,149818
ADIB.CA,Banking,2024-02-12 22:00:00,39.266666412353516,39.974998474121094,39.258331298828125,39.375,39.375,481650
ADIB.CA,Banking,2024-02-13 22:00:00,39.375,41.041664123535156,39.400001525878906,40.53333282470703,40.53333282470703,319171
ADIB.CA,Banking,2024-02-14 22:00:00,40.53333282470703,41.45833206176758,40.83333206176758,40.96666717529297,40.96666717529297,226428
ADIB.CA,Banking,2024-02-17 22:00:00,40.96666717529297,40.96666717529297,40.96666717529297,40.96666717529297,40.96666717529297,0
ADIB.CA,Banking,2024-02-18 22:00:00,41.45833206176758,42.03333282470703,40.0,41.21666717529297,41.21666717529297,368463
ADIB.CA,Banking,2024-02-19 22:00:00,41.21666717529297,41.416664123535156,40.33333206176758,40.858333587646484,40.858333587646484,146131
ADIB.CA,Banking,2024-02-20 22:00:00,40.858333587646484,41.24166488647461,40.42499923706055,40.666664123535156,40.666664123535156,77133
ADIB.CA,Banking,2024-02-21 22:00:00,40.666664123535156,40.83333206176758,39.258331298828125,40.0,40.0,273391
ADIB.CA,Banking,2024-02-24 22:00:00,40.0,40.45833206176758,37.58333206176758,39.166664123535156,39.166664123535156,1163474
ADIB.CA,Banking,2024-02-25 22:00:00,39.166664123535156,41.041664123535156,38.349998474121094,39.375,39.375,846121
ADIB.CA,Banking,2024-02-26 22:00:00,39.375,40.82500076293945,38.75,38.75,38.75,259660
ADIB.CA,Banking,2024-02-27 22:00:00,38.75,39.53333282470703,37.08333206176758,37.44166564941406,37.44166564941406,319616
ADIB.CA,Banking,2024-02-28 22:00:00,37.44166564941406,38.53333282470703,36.758331298828125,37.041664123535156,37.041664123535156,284276
ADIB.CA,Banking,2024-03-02 22:00:00,37.041664123535156,37.858333587646484,35.416664123535156,35.875,35.875,1367504
ADIB.CA,Banking,2024-03-03 22:00:00,35.875,39.166664123535156,35.483333587646484,38.82500076293945,38.82500076293945,676159
ADIB.CA,Banking,2024-03-04 22:00:00,38.82500076293945,39.58333206176758,37.766666412353516,37.900001525878906,37.900001525878906,221112
ADIB.CA,Banking,2024-03-05 22:00:00,37.900001525878906,45.474998474121094,38.33333206176758,42.49166488647461,42.49166488647461,2538330
ADIB.CA,Banking,2024-03-06 22:00:00,42.49166488647461,47.166664123535156,43.0,46.65833282470703,46.65833282470703,2218088
ADIB.CA,Banking,2024-03-09 22:00:00,46.65833282470703,48.75,46.599998474121094,47.49166488647461,47.49166488647461,1239834
ADIB.CA,Banking,2024-03-10 22:00:00,47.49166488647461,49.08333206176758,45.74166488647461,46.041664123535156,46.041664123535156,947402
ADIB.CA,Banking,2024-03-11 22:00:00,46.041664123535156,46.83333206176758,44.008331298828125,44.166664123535156,44.166664123535156,739026
ADIB.CA,Banking,2024-03-12 22:00:00,44.166664123535156,45.81666564941406,40.83333206176758,40.83333206176758,40.83333206176758,1118872
ADIB.CA,Banking,2024-03-13 22:00:00,40.83333206176758,42.07500076293945,40.0,41.04999923706055,41.04999923706055,1209682
ADIB.CA,Banking,2024-03-16 22:00:00,41.04999923706055,42.041664123535156,39.33333206176758,40.0,40.0,586755
ADIB.CA,Banking,2024-03-17 22:00:00,40.0,40.099998474121094,38.33333206176758,39.358333587646484,39.358333587646484,304550
ADIB.CA,Banking,2024-03-18 22:00:00,39.358333587646484,39.36666488647461,37.916664123535156,38.33333206176758,38.33333206176758,570140
ADIB.CA,Banking,2024-03-19 22:00:00,38.33333206176758,40.5,38.33333206176758,38.541664123535156,38.541664123535156,253852
ADIB.CA,Banking,2024-03-20 22:00:00,38.541664123535156,39.416664123535156,38.34166717529297,38.541664123535156,38.541664123535156,321832
ADIB.CA,Banking,2024-03-23 22:00:00,38.541664123535156,39.125,37.099998474121094,37.5,37.5,228039
ADIB.CA,Banking,2024-03-24 22:00:00,37.5,39.166664123535156,37.09166717529297,38.74166488647461,38.74166488647461,1710499
ADIB.CA,Banking,2024-03-25 22:00:00,38.74166488647461,39.166664123535156,37.90833282470703,37.90833282470703,37.90833282470703,487648
ADIB.CA,Banking,2024-03-26 22:00:00,37.90833282470703,38.33333206176758,35.93333435058594,36.65833282470703,36.65833282470703,1103306
ADIB.CA,Banking,2024-03-27 22:00:00,36.65833282470703,36.70833206176758,34.58333206176758,34.666664123535156,34.666664123535156,981764
ADIB.CA,Banking,2024-03-30 22:00:00,34.666664123535156,35.08333206176758,31.75,32.916664123535156,32.916664123535156,1140378
ADIB.CA,Banking,2024-03-31 22:00:00,32.916664123535156,35.0,32.75,34.0,34.0,758857
ADIB.CA,Banking,2024-04-01 22:00:00,34.0,35.65833282470703,32.93333435058594,33.33333206176758,33.33333206176758,1072202
ADIB.CA,Banking,2024-04-02 22:00:00,33.33333206176758,33.32500076293945,31.958332061767578,32.108333587646484,32.108333587646484,355210
ADIB.CA,Banking,2024-04-03 22:00:00,32.108333587646484,33.125,32.166664123535156,32.666664123535156,32.666664123535156,482349
ADIB.CA,Banking,2024-04-06 22:00:00,32.666664123535156,34.08333206176758,32.666664123535156,34.08333206176758,34.08333206176758,1840237
ADIB.CA,Banking,2024-04-07 22:00:00,34.08333206176758,34.90833282470703,33.33333206176758,34.358333587646484,34.358333587646484,719473
ADIB.CA,Banking,2024-04-14 22:00:00,34.358333587646484,36.633331298828125,34.008331298828125,36.166664123535156,36.166664123535156,3591951
ADIB.CA,Banking,2024-04-15 22:00:00,36.166664123535156,36.666664123535156,35.166664123535156,35.59166717529297,35.59166717529297,1557924
ADIB.CA,Banking,2024-04-16 22:00:00,35.59166717529297,35.83333206176758,34.791664123535156,34.99166488647461,34.99166488647461,591777
ADIB.CA,Banking,2024-04-17 22:00:00,34.99166488647461,36.25,33.75,33.80833435058594,33.80833435058594,949932
ADIB.CA,Banking,2024-04-20 22:00:00,33.80833435058594,34.983333587646484,34.0,34.36666488647461,34.36666488647461,764146
ADIB.CA,Banking,2024-04-21 22:00:00,34.36666488647461,34.791664123535156,32.59166717529297,33.133331298828125,33.133331298828125,265081
ADIB.CA,Banking,2024-04-22 22:00:00,33.133331298828125,33.724998474121094,29.66666603088379,30.833332061767578,30.833332061767578,1429794
ADIB.CA,Banking,2024-04-23 22:00:00,30.833332061767578,30.841665267944336,29.16666603088379,29.600000381469727,29.600000381469727,1176462
ADIB.CA,Banking,2024-04-27 21:00:00,29.133333206176758,30.833332061767578,25.950000762939453,26.125,26.125,3411650
ADIB.CA,Banking,2024-04-28 21:00:00,28.825000762939453,29.583332061767578,28.341665267944336,29.133333206176758,29.133333206176758,1612268
ADIB.CA,Banking,2024-04-29 21:00:00,29.133333206176758,30.833332061767578,25.950000762939453,26.125,26.125,3411650
ADIB.CA,Banking,2024-04-30 21:00:00,26.125,26.125,26.125,26.125,26.125,0
ADIB.CA,Banking,2024-05-01 21:00:00,27.700000762939453,29.625,27.708332061767578,28.833332061767578,28.833332061767578,2520879
ADIB.CA,Banking,2024-05-06 21:00:00,28.833332061767578,31.625,28.833332061767578,31.375,31.375,2368545
ADIB.CA,Banking,2024-05-07 21:00:00,31.375,31.66666603088379,30.174999237060547,30.833332061767578,30.833332061767578,945807
ADIB.CA,Banking,2024-05-08 21:00:00,30.833332061767578,31.25,30.41666603088379,30.875,30.875,666523
ADIB.CA,Banking,2024-05-11 21:00:00,30.875,32.49166488647461,31.208332061767578,31.608333587646484,31.608333587646484,2372745
ADIB.CA,Banking,2024-05-12 21:00:00,31.608333587646484,31.708332061767578,30.508333206176758,31.66666603088379,31.66666603088379,873481
ADIB.CA,Banking,2024-05-13 21:00:00,31.66666603088379,32.0,31.25,31.466665267944336,31.466665267944336,989250
ADIB.CA,Banking,2024-05-14 21:00:00,31.466665267944336,31.79166603088379,31.25,31.66666603088379,31.66666603088379,434809
ADIB.CA,Banking,2024-05-15 21:00:00,31.66666603088379,33.08333206176758,31.674999237060547,32.5,32.5,1849630
ADIB.CA,Banking,2024-05-18 21:00:00,32.5,35.25,32.525001525878906,34.20833206176758,34.20833206176758,1532821
ADIB.CA,Banking,2024-05-19 21:00:00,34.20833206176758,35.416664123535156,33.508331298828125,33.766666412353516,33.766666412353516,1015641
ADIB.CA,Banking,2024-05-20 21:00:00,33.766666412353516,34.11666488647461,33.0,33.258331298828125,33.258331298828125,1530458
ADIB.CA,Banking,2024-05-21 21:00:00,33.258331298828125,33.875,32.5,32.83333206176758,32.83333206176758,599620
ADIB.CA,Banking,2024-05-22 21:00:00,32.83333206176758,33.79999923706055,32.90833282470703,32.95000076293945,32.95000076293945,909633
ADIB.CA,Banking,2024-05-25 21:00:00,32.95000076293945,32.95000076293945,32.95000076293945,32.95000076293945,32.95000076293945,0
ADIB.CA,Banking,2024-05-26 21:00:00,32.916664123535156,33.650001525878906,32.92499923706055,33.416664123535156,33.416664123535156,386529
ADIB.CA,Banking,2024-05-27 21:00:00,33.416664123535156,33.33333206176758,32.666664123535156,32.84166717529297,32.84166717529297,165645
ADIB.CA,Banking,2024-05-28 21:00:00,32.84166717529297,33.125,32.375,32.400001525878906,32.400001525878906,302960
ADIB.CA,Banking,2024-05-29 21:00:00,32.400001525878906,32.83333206176758,30.833332061767578,31.799999237060547,31.799999237060547,628233
ADIB.CA,Banking,2024-06-01 21:00:00,31.799999237060547,32.666664123535156,31.875,32.05833435058594,32.05833435058594,741459
ADIB.CA,Banking,2024-06-02 21:00:00,32.05833435058594,32.416664123535156,30.833332061767578,31.708332061767578,31.708332061767578,1032336
ADIB.CA,Banking,2024-06-03 21:00:00,31.708332061767578,32.508331298828125,31.799999237060547,32.166664123535156,32.166664123535156,834294
ADIB.CA,Banking,2024-06-04 21:00:00,32.166664123535156,32.36666488647461,30.841665267944336,31.274999618530273,31.274999618530273,893509
ADIB.CA,Banking,2024-06-05 21:00:00,31.274999618530273,31.54166603088379,31.04166603088379,31.049999237060547,31.049999237060547,706738
ADIB.CA,Banking,2024-06-08 21:00:00,31.049999237060547,31.28333282470703,28.91666603088379,29.16666603088379,29.16666603088379,749643
ADIB.CA,Banking,2024-06-09 21:00:00,29.16666603088379,30.200000762939453,28.833332061767578,30.0,30.0,304370
ADIB.CA,Banking,2024-06-10 21:00:00,30.0,31.383333206176758,29.66666603088379,30.875,30.875,367315
ADIB.CA,Banking,2024-06-11 21:00:00,30.875,31.41666603088379,30.54166603088379,31.225000381469727,31.225000381469727,763496
ADIB.CA,Banking,2024-06-12 21:00:00,31.225000381469727,32.40833282470703,31.25,32.36666488647461,32.36666488647461,332916
ADIB.CA,Banking,2024-06-22 21:00:00,32.36666488647461,33.25,32.49166488647461,33.25,33.25,356566
ADIB.CA,Banking,2024-06-23 21:00:00,33.25,33.75,32.25,33.33333206176758,33.33333206176758,2922844
ADIB.CA,Banking,2024-06-24 21:00:00,33.33333206176758,34.541664123535156,33.0,34.166664123535156,34.166664123535156,2423266
ADIB.CA,Banking,2024-06-25 21:00:00,34.166664123535156,35.349998474121094,34.17499923706055,34.766666412353516,34.766666412353516,2608641
ADIB.CA,Banking,2024-06-26 21:00:00,34.766666412353516,36.06666564941406,34.58333206176758,35.125,35.125,2490980
ADIB.CA,Banking,2024-06-30 21:00:00,35.125,35.125,35.125,35.125,35.125,0
ADIB.CA,Banking,2024-07-01 21:00:00,35.83333206176758,36.25,35.46666717529297,35.666664123535156,35.666664123535156,721180
ADIB.CA,Banking,2024-07-02 21:00:00,35.666664123535156,35.99166488647461,35.59166717529297,35.724998474121094,35.724998474121094,454213
ADIB.CA,Banking,2024-07-03 21:00:00,35.724998474121094,37.666664123535156,35.666664123535156,37.008331298828125,37.008331298828125,2641729
ADIB.CA,Banking,2024-07-06 21:00:00,37.008331298828125,37.641666412353516,36.666664123535156,37.383331298828125,37.383331298828125,1221381
ADIB.CA,Banking,2024-07-07 21:00:00,37.383331298828125,37.625,36.008331298828125,36.44166564941406,36.44166564941406,1088380
ADIB.CA,Banking,2024-07-08 21:00:00,36.44166564941406,37.06666564941406,35.916664123535156,35.93333435058594,35.93333435058594,480303
ADIB.CA,Banking,2024-07-09 21:00:00,35.93333435058594,37.25,36.041664123535156,36.32500076293945,36.32500076293945,1452739
ADIB.CA,Banking,2024-07-13 21:00:00,36.32500076293945,41.70000076293945,36.20000076293945,37.310001373291016,37.310001373291016,2675874
ADIB.CA,Banking,2024-07-14 21:00:00,37.310001373291016,37.290000915527344,35.150001525878906,35.75,35.75,1087006
ADIB.CA,Banking,2024-07-15 21:00:00,35.75,35.95000076293945,35.22999954223633,35.2599983215332,35.2599983215332,864333
ADIB.CA,Banking,2024-07-16 21:00:00,35.2599983215332,35.849998474121094,35.0,35.38999938964844,35.38999938964844,548763
ADIB.CA,Banking,2024-07-17 21:00:00,35.38999938964844,36.25,35.38999938964844,35.869998931884766,35.869998931884766,1039688
ADIB.CA,Banking,2024-07-20 21:00:00,35.869998931884766,36.20000076293945,35.70000076293945,35.91999816894531,35.91999816894531,515894
ADIB.CA,Banking,2024-07-21 21:00:00,35.91999816894531,36.650001525878906,35.65999984741211,35.68000030517578,35.68000030517578,829851
ADIB.CA,Banking,2024-07-22 21:00:00,35.68000030517578,38.040000915527344,35.5099983215332,37.88999938964844,37.88999938964844,3135286
ADIB.CA,Banking,2024-07-23 21:00:00,37.88999938964844,38.0,37.22999954223633,37.290000915527344,37.290000915527344,1359695
ADIB.CA,Banking,2024-07-27 21:00:00,37.290000915527344,37.5099983215332,36.599998474121094,36.9900016784668,36.9900016784668,582536
ADIB.CA,Banking,2024-07-28 21:00:00,36.9900016784668,37.20000076293945,36.209999084472656,36.5,36.5,411004
ADIB.CA,Banking,2024-07-29 21:00:00,36.5,38.599998474121094,36.29999923706055,38.11000061035156,38.11000061035156,3196045
ADIB.CA,Banking,2024-07-30 21:00:00,38.11000061035156,39.900001525878906,38.130001068115234,39.4900016784668,39.4900016784668,1653013
ADIB.CA,Banking,2024-07-31 21:00:00,39.4900016784668,39.4900016784668,38.900001525878906,39.040000915527344,39.040000915527344,1316312
ADIB.CA,Banking,2024-08-03 21:00:00,39.040000915527344,38.70000076293945,36.29999923706055,37.970001220703125,37.970001220703125,596185
ADIB.CA,Banking,2024-08-04 21:00:00,37.970001220703125,39.0,36.529998779296875,38.36000061035156,38.36000061035156,1689030
ADIB.CA,Banking,2024-08-05 21:00:00,38.36000061035156,38.79999923706055,38.0,38.77000045776367,38.77000045776367,1486462
ADIB.CA,Banking,2024-08-06 21:00:00,38.77000045776367,39.400001525878906,38.54999923706055,39.0,39.0,1819268
ADIB.CA,Banking,2024-08-07 21:00:00,39.0,40.04999923706055,38.70000076293945,40.0,40.0,784609
ADIB.CA,Banking,2024-08-10 21:00:00,40.0,41.29999923706055,40.25,41.0,41.0,816622
ADIB.CA,Banking,2024-08-11 21:00:00,41.0,41.20000076293945,39.5,39.779998779296875,39.779998779296875,882589
ADIB.CA,Banking,2024-08-12 21:00:00,39.779998779296875,40.70000076293945,38.54999923706055,38.9900016784668,38.9900016784668,1067130
ADIB.CA,Banking,2024-08-13 21:00:00,38.9900016784668,39.79999923706055,38.95000076293945,39.38999938964844,39.38999938964844,1114359
ADIB.CA,Banking,2024-08-14 21:00:00,39.38999938964844,40.90999984741211,39.34000015258789,40.27000045776367,40.27000045776367,813762
ADIB.CA,Banking,2024-08-17 21:00:00,40.27000045776367,41.0,40.27000045776367,40.779998779296875,40.779998779296875,323187
ADIB.CA,Banking,2024-08-18 21:00:00,40.779998779296875,40.849998474121094,39.880001068115234,40.25,40.25,220645
ADIB.CA,Banking,2024-08-19 21:00:00,40.25,41.189998626708984,39.90999984741211,41.0,41.0,658858
ADIB.CA,Banking,2024-08-20 21:00:00,41.0,42.88999938964844,41.0,42.88999938964844,42.88999938964844,1736411
ADIB.CA,Banking,2024-08-21 21:00:00,42.88999938964844,44.11000061035156,42.29999923706055,42.869998931884766,42.869998931884766,1125938
ADIB.CA,Banking,2024-08-24 21:00:00,42.869998931884766,43.5099983215332,42.29999923706055,42.45000076293945,42.45000076293945,259736
ADIB.CA,Banking,2024-08-25 21:00:00,42.45000076293945,42.7400016784668,42.29999923706055,42.540000915527344,42.540000915527344,1695124
ADIB.CA,Banking,2024-08-26 21:00:00,42.540000915527344,44.0,42.59000015258789,43.45000076293945,43.45000076293945,344363
ADIB.CA,Banking,2024-08-27 21:00:00,43.45000076293945,44.599998474121094,43.02000045776367,44.11000061035156,44.11000061035156,576080
ADIB.CA,Banking,2024-08-28 21:00:00,44.11000061035156,45.0,43.029998779296875,43.060001373291016,43.060001373291016,466302
ADIB.CA,Banking,2024-08-31 21:00:00,43.060001373291016,43.5,42.099998474121094,42.5,42.5,777813
ADIB.CA,Banking,2024-09-01 21:00:00,42.5,42.79999923706055,42.0099983215332,42.0099983215332,42.0099983215332,1183733
ADIB.CA,Banking,2024-09-02 21:00:00,42.0099983215332,42.290000915527344,41.349998474121094,42.0,42.0,290095
ADIB.CA,Banking,2024-09-03 21:00:00,42.0,42.849998474121094,40.099998474121094,42.849998474121094,42.849998474121094,1980075
ADIB.CA,Banking,2024-09-04 21:00:00,42.849998474121094,43.0,41.599998474121094,41.900001525878906,41.900001525878906,1661858
ADIB.CA,Banking,2024-09-07 21:00:00,41.900001525878906,42.0,40.70000076293945,40.709999084472656,40.709999084472656,327511
ADIB.CA,Banking,2024-09-08 21:00:00,40.709999084472656,41.25,40.5,40.959999084472656,40.959999084472656,219762
ADIB.CA,Banking,2024-09-09 21:00:00,40.959999084472656,41.02000045776367,39.5,39.5,39.5,846573
ADIB.CA,Banking,2024-09-10 21:00:00,39.5,39.9900016784668,39.0,39.93000030517578,39.93000030517578,842220
ADIB.CA,Banking,2024-09-11 21:00:00,39.93000030517578,40.470001220703125,39.209999084472656,39.209999084472656,39.209999084472656,125846
ADIB.CA,Banking,2024-09-15 21:00:00,39.209999084472656,39.54999923706055,38.5099983215332,38.9900016784668,38.9900016784668,432092
ADIB.CA,Banking,2024-09-16 21:00:00,38.9900016784668,39.36000061035156,38.41999816894531,38.9900016784668,38.9900016784668,507659
ADIB.CA,Banking,2024-09-17 21:00:00,38.9900016784668,39.349998474121094,38.7599983215332,39.150001525878906,39.150001525878906,208006
ADIB.CA,Banking,2024-09-18 21:00:00,39.150001525878906,39.38999938964844,38.900001525878906,39.36000061035156,39.36000061035156,606915
ADIB.CA,Banking,2024-09-21 21:00:00,39.36000061035156,39.88999938964844,39.400001525878906,39.650001525878906,39.650001525878906,786049
ADIB.CA,Banking,2024-09-22 21:00:00,39.650001525878906,39.95000076293945,39.40999984741211,39.5,39.5,513891
ADIB.CA,Banking,2024-09-23 21:00:00,39.70000076293945,40.75,39.70000076293945,40.400001525878906,40.400001525878906,1203530
ADIB.CA,Banking,2024-09-24 21:00:00,39.029998779296875,39.70000076293945,39.060001373291016,39.70000076293945,39.70000076293945,384309
ADIB.CA,Banking,2024-09-25 21:00:00,39.70000076293945,40.75,39.70000076293945,40.400001525878906,40.400001525878906,1203530
ADIB.CA,Banking,2024-09-28 21:00:00,40.400001525878906,40.95000076293945,40.02000045776367,40.290000915527344,40.290000915527344,590066
ADIB.CA,Banking,2024-09-29 21:00:00,40.290000915527344,40.790000915527344,40.29999923706055,40.70000076293945,40.70000076293945,506887
ADIB.CA,Banking,2024-09-30 21:00:00,40.70000076293945,40.900001525878906,40.349998474121094,40.47999954223633,40.47999954223633,586405
ADIB.CA,Banking,2024-10-01 21:00:00,40.47999954223633,40.400001525878906,39.5,39.59000015258789,39.59000015258789,470643
ADIB.CA,Banking,2024-10-02 21:00:00,39.59000015258789,39.959999084472656,38.900001525878906,39.400001525878906,39.400001525878906,1758715
ADIB.CA,Banking,2024-10-06 21:00:00,39.400001525878906,39.75,38.0,38.68000030517578,38.68000030517578,1632553
ADIB.CA,Banking,2024-10-07 21:00:00,38.68000030517578,38.45000076293945,36.560001373291016,37.0099983215332,37.0099983215332,2137918
ADIB.CA,Banking,2024-10-08 21:00:00,37.0099983215332,38.099998474121094,36.79999923706055,38.0,38.0,586321
ADIB.CA,Banking,2024-10-09 21:00:00,38.0,38.400001525878906,37.099998474121094,37.560001373291016,37.560001373291016,375546
ADIB.CA,Banking,2024-10-12 21:00:00,37.560001373291016,38.29999923706055,36.5,38.130001068115234,38.130001068115234,649867
ADIB.CA,Banking,2024-10-13 21:00:00,38.130001068115234,37.880001068115234,36.79999923706055,37.0,37.0,454820
ADIB.CA,Banking,2024-10-14 21:00:00,37.0,37.380001068115234,36.900001525878906,36.97999954223633,36.97999954223633,714333
ADIB.CA,Banking,2024-10-15 21:00:00,36.97999954223633,37.349998474121094,36.63999938964844,36.880001068115234,36.880001068115234,684551
ADIB.CA,Banking,2024-10-16 21:00:00,36.880001068115234,37.349998474121094,36.5,37.0,37.0,542340
ADIB.CA,Banking,2024-10-19 21:00:00,37.0,37.18000030517578,36.689998626708984,36.79999923706055,36.79999923706055,671982
ADIB.CA,Banking,2024-10-20 21:00:00,36.79999923706055,37.0,35.900001525878906,36.93000030517578,36.93000030517578,1425786
ADIB.CA,Banking,2024-10-21 21:00:00,36.93000030517578,38.9900016784668,37.220001220703125,38.529998779296875,38.529998779296875,1695962
ADIB.CA,Banking,2024-10-22 21:00:00,38.529998779296875,40.58000183105469,38.5,40.0099983215332,40.0099983215332,2751068
ADIB.CA,Banking,2024-10-23 21:00:00,40.0099983215332,40.59000015258789,39.650001525878906,40.25,40.25,1258906
ADIB.CA,Banking,2024-10-26 21:00:00,40.25,42.0,40.2599983215332,41.70000076293945,41.70000076293945,2078764
ADIB.CA,Banking,2024-10-27 21:00:00,41.70000076293945,42.099998474121094,40.79999923706055,41.56999969482422,41.56999969482422,2154851
ADIB.CA,Banking,2024-10-28 21:00:00,41.56999969482422,41.70000076293945,40.5,40.599998474121094,40.599998474121094,856344
ADIB.CA,Banking,2024-10-29 21:00:00,40.599998474121094,40.849998474121094,40.0,40.20000076293945,40.20000076293945,217346
ADIB.CA,Banking,2024-10-30 21:00:00,40.20000076293945,41.45000076293945,40.0,41.2599983215332,41.2599983215332,547420
ADIB.CA,Banking,2024-11-02 22:00:00,41.2599983215332,43.54999923706055,41.400001525878906,42.599998474121094,42.599998474121094,1631021
ADIB.CA,Banking,2024-11-03 22:00:00,42.599998474121094,43.0,42.060001373291016,42.13999938964844,42.13999938964844,429211
ADIB.CA,Banking,2024-11-04 22:00:00,42.13999938964844,42.9900016784668,42.02000045776367,42.95000076293945,42.95000076293945,281737
ADIB.CA,Banking,2024-11-05 22:00:00,42.95000076293945,43.810001373291016,42.81999969482422,43.52000045776367,43.52000045776367,948803
ADIB.CA,Banking,2024-11-06 22:00:00,43.52000045776367,43.86000061035156,43.099998474121094,43.41999816894531,43.41999816894531,170618
ADIB.CA,Banking,2024-11-09 22:00:00,43.41999816894531,43.95000076293945,43.0,43.16999816894531,43.16999816894531,583653
ADIB.CA,Banking,2024-11-10 22:00:00,43.16999816894531,43.4900016784668,41.880001068115234,42.58000183105469,42.58000183105469,1859392
ADIB.CA,Banking,2024-11-11 22:00:00,42.58000183105469,42.849998474121094,41.75,42.529998779296875,42.529998779296875,803770
ADIB.CA,Banking,2024-11-12 22:00:00,42.529998779296875,42.84000015258789,41.849998474121094,42.41999816894531,42.41999816894531,595458
ADIB.CA,Banking,2024-11-13 22:00:00,42.41999816894531,42.63999938964844,42.099998474121094,42.599998474121094,42.599998474121094,533962
ADIB.CA,Banking,2024-11-16 22:00:00,42.599998474121094,43.08000183105469,42.52000045776367,43.0,43.0,624718
ADIB.CA,Banking,2024-11-17 22:00:00,43.0,43.47999954223633,42.5,42.5,42.5,341487
ADIB.CA,Banking,2024-11-18 22:00:00,42.5,42.650001525878906,42.400001525878906,42.400001525878906,42.400001525878906,326770
ADIB.CA,Banking,2024-11-19 22:00:00,42.400001525878906,42.88999938964844,42.2400016784668,42.369998931884766,42.369998931884766,269375
ADIB.CA,Banking,2024-11-20 22:00:00,42.369998931884766,42.650001525878906,42.33000183105469,42.56999969482422,42.56999969482422,159563
ADIB.CA,Banking,2024-11-23 22:00:00,42.56999969482422,42.88999938964844,42.41999816894531,42.45000076293945,42.45000076293945,207803
ADIB.CA,Banking,2024-11-24 22:00:00,42.45000076293945,43.099998474121094,42.40999984741211,42.70000076293945,42.70000076293945,489919
ADIB.CA,Banking,2024-11-25 22:00:00,42.70000076293945,43.20000076293945,42.75,43.13999938964844,43.13999938964844,499297
ADIB.CA,Banking,2024-11-26 22:00:00,43.13999938964844,43.58000183105469,42.81999969482422,43.0,43.0,339715
ADIB.CA,Banking,2024-11-27 22:00:00,43.0,43.13999938964844,42.52000045776367,42.7400016784668,42.7400016784668,270129
ADIB.CA,Banking,2024-11-30 22:00:00,42.7400016784668,43.09000015258789,42.7599983215332,42.97999954223633,42.97999954223633,312260
ADIB.CA,Banking,2024-12-01 22:00:00,42.97999954223633,43.400001525878906,42.5,42.5,42.5,513663
ADIB.CA,Banking,2024-12-02 22:00:00,42.5,43.47999954223633,42.5,43.15999984741211,43.15999984741211,726825
ADIB.CA,Banking,2024-12-03 22:00:00,43.15999984741211,44.189998626708984,43.349998474121094,43.61000061035156,43.61000061035156,1614163
ADIB.CA,Banking,2024-12-04 22:00:00,43.61000061035156,44.09000015258789,43.29999923706055,43.29999923706055,43.29999923706055,695063
ADIB.CA,Banking,2024-12-07 22:00:00,43.29999923706055,43.650001525878906,42.95000076293945,43.11000061035156,43.11000061035156,503711
ADIB.CA,Banking,2024-12-08 22:00:00,43.11000061035156,43.900001525878906,43.0099983215332,43.349998474121094,43.349998474121094,968335
ADIB.CA,Banking,2024-12-09 22:00:00,43.349998474121094,43.70000076293945,40.79999923706055,41.599998474121094,41.599998474121094,988813
ADIB.CA,Banking,2024-12-10 22:00:00,41.599998474121094,41.959999084472656,40.630001068115234,41.310001373291016,41.310001373291016,498511
ADIB.CA,Banking,2024-12-11 22:00:00,41.310001373291016,41.439998626708984,40.79999923706055,40.880001068115234,40.880001068115234,421336
ADIB.CA,Banking,2024-12-14 22:00:00,40.880001068115234,42.20000076293945,40.5099983215332,42.13999938964844,42.13999938964844,596090
ADIB.CA,Banking,2024-12-15 22:00:00,42.13999938964844,43.290000915527344,41.70000076293945,42.150001525878906,42.150001525878906,803545
ADIB.CA,Banking,2024-12-16 22:00:00,42.150001525878906,42.25,40.900001525878906,41.150001525878906,41.150001525878906,588297
ADIB.CA,Banking,2024-12-17 22:00:00,41.150001525878906,41.630001068115234,39.11000061035156,39.310001373291016,39.310001373291016,762708
ADIB.CA,Banking,2024-12-18 22:00:00,39.310001373291016,39.79999923706055,38.5,39.5099983215332,39.5099983215332,643948
ADIB.CA,Banking,2024-12-21 22:00:00,39.5099983215332,40.189998626708984,39.11000061035156,39.5099983215332,39.5099983215332,492944
ADIB.CA,Banking,2024-12-22 22:00:00,39.5099983215332,39.880001068115234,38.599998474121094,38.86000061035156,38.86000061035156,317960
ADIB.CA,Banking,2024-12-23 22:00:00,38.86000061035156,39.189998626708984,37.95000076293945,38.439998626708984,38.439998626708984,689772
ADIB.CA,Banking,2024-12-24 22:00:00,38.439998626708984,38.91999816894531,38.20000076293945,38.27000045776367,38.27000045776367,269753
ADIB.CA,Banking,2024-12-25 22:00:00,38.27000045776367,38.650001525878906,37.95000076293945,38.27000045776367,38.27000045776367,558558
ADIB.CA,Banking,2024-12-28 22:00:00,38.27000045776367,38.5,38.02000045776367,38.40999984741211,38.40999984741211,151207
ADIB.CA,Banking,2024-12-29 22:00:00,38.40999984741211,38.599998474121094,37.9900016784668,38.209999084472656,38.209999084472656,589730
ADIB.CA,Banking,2024-12-30 22:00:00,38.209999084472656,38.79999923706055,38.099998474121094,38.54999923706055,38.54999923706055,192903
ADIB.CA,Banking,2025-01-01 22:00:00,38.54999923706055,39.959999084472656,38.5099983215332,39.619998931884766,39.619998931884766,358951
ADIB.CA,Banking,2025-01-04 22:00:00,39.619998931884766,40.150001525878906,39.11000061035156,39.33000183105469,39.33000183105469,164223
ADIB.CA,Banking,2025-01-05 22:00:00,39.33000183105469,39.84000015258789,38.91999816894531,39.150001525878906,39.150001525878906,221983
ADIB.CA,Banking,2025-01-07 22:00:00,39.150001525878906,39.400001525878906,38.40999984741211,38.529998779296875,38.529998779296875,288235
ADIB.CA,Banking,2025-01-08 22:00:00,38.529998779296875,38.970001220703125,38.04999923706055,38.04999923706055,38.04999923706055,251500
ADIB.CA,Banking,2025-01-11 22:00:00,38.04999923706055,39.29999923706055,38.060001373291016,38.79999923706055,38.79999923706055,599558
ADIB.CA,Banking,2025-01-12 22:00:00,38.79999923706055,39.18000030517578,37.11000061035156,37.43000030517578,37.43000030517578,335201
ADIB.CA,Banking,2025-01-13 22:00:00,37.43000030517578,37.81999969482422,36.72999954223633,36.86000061035156,36.86000061035156,697402
ADIB.CA,Banking,2025-01-14 22:00:00,36.86000061035156,37.59000015258789,36.5099983215332,37.20000076293945,37.20000076293945,619069
ADIB.CA,Banking,2025-01-15 22:00:00,37.20000076293945,38.34000015258789,37.2599983215332,37.86000061035156,37.86000061035156,356149
ADIB.CA,Banking,2025-01-18 22:00:00,37.20000076293945,38.470001220703125,37.2599983215332,38.060001373291016,38.060001373291016,526252
ADIB.CA,Banking,2025-01-19 22:00:00,38.029998779296875,38.290000915527344,37.0,37.0,37.0,848353
ADIB.CA,Banking,2025-01-20 22:00:00,37.0,37.22999954223633,36.97999954223633,37.02000045776367,37.02000045776367,400986
ADIB.CA,Banking,2025-01-21 22:00:00,37.02000045776367,37.97999954223633,37.150001525878906,37.900001525878906,37.900001525878906,961068
ADIB.CA,Banking,2025-01-22 22:00:00,37.900001525878906,38.150001525878906,37.5,37.5,37.5,753713
ADIB.CA,Banking,2025-01-25 22:00:00,37.5,37.84000015258789,37.29999923706055,37.29999923706055,37.29999923706055,674784
ADIB.CA,Banking,2025-01-26 22:00:00,37.29999923706055,37.5,36.79999923706055,36.79999923706055,36.79999923706055,417347
ADIB.CA,Banking,2025-01-27 22:00:00,36.79999923706055,37.0099983215332,36.369998931884766,36.70000076293945,36.70000076293945,380557
ADIB.CA,Banking,2025-01-28 22:00:00,36.70000076293945,37.5,36.52000045776367,37.0,37.0,1029774
ADIB.CA,Banking,2025-01-29 22:00:00,37.0,38.2400016784668,37.099998474121094,38.0,38.0,737066
ADIB.CA,Banking,2025-02-01 22:00:00,38.0,38.880001068115234,38.0099983215332,38.70000076293945,38.70000076293945,806986
ADIB.CA,Banking,2025-02-02 22:00:00,38.70000076293945,38.77000045776367,38.060001373291016,38.5,38.5,2371667
ADIB.CA,Banking,2025-02-03 22:00:00,38.5,39.220001220703125,38.400001525878906,38.900001525878906,38.900001525878906,888463
ADIB.CA,Banking,2025-02-04 22:00:00,38.900001525878906,38.900001525878906,38.41999816894531,38.900001525878906,38.900001525878906,765543
ADIB.CA,Banking,2025-02-05 22:00:00,38.900001525878906,39.0,38.20000076293945,38.470001220703125,38.470001220703125,222085
ADIB.CA,Banking,2025-02-08 22:00:00,38.470001220703125,39.68000030517578,38.81999969482422,39.47999954223633,39.47999954223633,1311616
ADIB.CA,Banking,2025-02-09 22:00:00,39.47999954223633,39.91999816894531,39.04999923706055,39.06999969482422,39.06999969482422,623808
ADIB.CA,Banking,2025-02-10 22:00:00,39.06999969482422,39.20000076293945,37.20000076293945,38.060001373291016,38.060001373291016,784195
ADIB.CA,Banking,2025-02-11 22:00:00,38.060001373291016,38.439998626708984,37.0099983215332,38.380001068115234,38.380001068115234,370648
ADIB.CA,Banking,2025-02-12 22:00:00,38.380001068115234,39.38999938964844,38.29999923706055,38.560001373291016,38.560001373291016,704406
ADIB.CA,Banking,2025-02-15 22:00:00,38.560001373291016,39.52000045776367,38.70000076293945,39.209999084472656,39.209999084472656,450133
ADIB.CA,Banking,2025-02-16 22:00:00,39.209999084472656,41.0,39.25,40.90999984741211,40.90999984741211,1073446
ADIB.CA,Banking,2025-02-17 22:00:00,40.90999984741211,41.63999938964844,40.79999923706055,41.0099983215332,41.0099983215332,637446
ADIB.CA,Banking,2025-02-18 22:00:00,41.0099983215332,41.5,40.79999923706055,41.11000061035156,41.11000061035156,718882
ADIB.CA,Banking,2025-02-19 22:00:00,41.11000061035156,41.38999938964844,40.61000061035156,40.63999938964844,40.63999938964844,313373
ADIB.CA,Banking,2025-02-22 22:00:00,40.63999938964844,41.0099983215332,40.5,40.790000915527344,40.790000915527344,330620
ADIB.CA,Banking,2025-02-23 22:00:00,40.790000915527344,41.20000076293945,40.650001525878906,41.09000015258789,41.09000015258789,271979
ADIB.CA,Banking,2025-02-24 22:00:00,41.09000015258789,41.88999938964844,41.0,41.88999938964844,41.88999938964844,1000285
ADIB.CA,Banking,2025-02-25 22:00:00,41.88999938964844,42.79999923706055,41.7400016784668,42.099998474121094,42.099998474121094,1437123
ADIB.CA,Banking,2025-02-26 22:00:00,42.099998474121094,42.220001220703125,41.41999816894531,41.5099983215332,41.5099983215332,305729
ADIB.CA,Banking,2025-03-01 22:00:00,41.5099983215332,42.0,41.400001525878906,41.400001525878906,41.400001525878906,228062
ADIB.CA,Banking,2025-03-02 22:00:00,41.400001525878906,41.720001220703125,40.810001373291016,40.84000015258789,40.84000015258789,734828
ADIB.CA,Banking,2025-03-03 22:00:00,40.84000015258789,41.0,40.599998474121094,40.650001525878906,40.650001525878906,126825
ADIB.CA,Banking,2025-03-04 22:00:00,40.650001525878906,40.9900016784668,40.34000015258789,40.81999969482422,40.81999969482422,178284
ADIB.CA,Banking,2025-03-05 22:00:00,40.81999969482422,41.5099983215332,41.0,41.5,41.5,444347
ADIB.CA,Banking,2025-03-08 22:00:00,41.5,41.83000183105469,41.2599983215332,41.5,41.5,435567
ADIB.CA,Banking,2025-03-09 22:00:00,41.5,41.81999969482422,40.91999816894531,41.150001525878906,41.150001525878906,459461
ADIB.CA,Banking,2025-03-10 22:00:00,41.150001525878906,41.29999923706055,40.900001525878906,40.9900016784668,40.9900016784668,466669
ADIB.CA,Banking,2025-03-11 22:00:00,40.9900016784668,41.63999938964844,41.0,41.5,41.5,361343
ADIB.CA,Banking,2025-03-12 22:00:00,41.5,42.75,41.5,42.56999969482422,42.56999969482422,954655
ADIB.CA,Banking,2025-03-15 22:00:00,42.56999969482422,43.27000045776367,42.61000061035156,43.20000076293945,43.20000076293945,1358073
ADIB.CA,Banking,2025-03-16 22:00:00,43.20000076293945,43.310001373291016,42.90999984741211,43.0,43.0,353934
ADIB.CA,Banking,2025-03-17 22:00:00,43.0,43.15999984741211,42.400001525878906,43.0099983215332,43.0099983215332,526450
ADIB.CA,Banking,2025-03-18 22:00:00,43.0099983215332,43.459999084472656,42.720001220703125,43.150001525878906,43.150001525878906,534346
ADIB.CA,Banking,2025-03-19 22:00:00,43.150001525878906,43.43000030517578,42.900001525878906,43.25,43.25,392308
ADIB.CA,Banking,2025-03-22 22:00:00,43.25,44.040000915527344,43.25,43.720001220703125,43.720001220703125,646418
ADIB.CA,Banking,2025-03-23 22:00:00,43.720001220703125,43.970001220703125,43.47999954223633,43.599998474121094,43.599998474121094,473560
ADIB.CA,Banking,2025-03-24 22:00:00,43.599998474121094,43.900001525878906,43.150001525878906,43.779998779296875,43.779998779296875,262349
ADIB.CA,Banking,2025-03-25 22:00:00,43.779998779296875,43.88999938964844,43.310001373291016,43.88999938964844,43.88999938964844,179533
ADIB.CA,Banking,2025-03-26 22:00:00,43.88999938964844,43.88999938964844,42.81999969482422,42.97999954223633,42.97999954223633,808674
ADIB.CA,Banking,2025-04-02 22:00:00,42.97999954223633,43.0,42.5,42.66999816894531,42.66999816894531,144172
ADIB.CA,Banking,2025-04-05 22:00:00,42.66999816894531,42.0,40.0099983215332,41.0,41.0,433632
ADIB.CA,Banking,2025-04-06 22:00:00,41.0,40.90999984741211,39.54999923706055,40.45000076293945,40.45000076293945,543014
ADIB.CA,Banking,2025-04-07 22:00:00,40.45000076293945,41.20000076293945,40.56999969482422,40.68000030517578,40.68000030517578,281306
ADIB.CA,Banking,2025-04-08 22:00:00,40.68000030517578,41.08000183105469,39.560001373291016,39.79999923706055,39.79999923706055,224762
ADIB.CA,Banking,2025-04-09 22:00:00,39.79999923706055,41.0,40.45000076293945,40.52000045776367,40.52000045776367,87311
ADIB.CA,Banking,2025-04-12 22:00:00,40.52000045776367,40.83000183105469,40.5,40.7400016784668,40.7400016784668,66840
ADIB.CA,Banking,2025-04-13 22:00:00,40.7400016784668,41.5,40.75,40.97999954223633,40.97999954223633,229959
ADIB.CA,Banking,2025-04-14 22:00:00,40.97999954223633,42.400001525878906,40.95000076293945,42.25,42.25,410687
ADIB.CA,Banking,2025-04-15 22:00:00,42.25,42.04999923706055,41.369998931884766,41.63999938964844,41.63999938964844,292279
ADIB.CA,Banking,2025-04-16 22:00:00,41.63999938964844,41.650001525878906,40.720001220703125,41.25,41.25,399707
ADIB.CA,Banking,2025-04-21 22:00:00,41.25,41.38999938964844,40.54999923706055,40.869998931884766,40.869998931884766,85236
ADIB.CA,Banking,2025-04-22 22:00:00,40.869998931884766,41.400001525878906,40.9900016784668,41.38999938964844,41.38999938964844,170255
ADIB.CA,Banking,2025-04-26 21:00:00,41.38999938964844,41.970001220703125,41.400001525878906,41.66999816894531,41.66999816894531,150083
ADIB.CA,Banking,2025-04-27 21:00:00,41.66999816894531,41.95000076293945,41.630001068115234,41.75,41.75,403032
ADIB.CA,Banking,2025-04-28 21:00:00,41.75,42.25,41.61000061035156,41.939998626708984,41.939998626708984,168908
ADIB.CA,Banking,2025-04-29 21:00:00,41.939998626708984,42.0099983215332,41.31999969482422,41.41999816894531,41.41999816894531,171510
ADIB.CA,Banking,2025-05-03 21:00:00,41.41999816894531,41.849998474121094,40.5,40.779998779296875,40.779998779296875,330990
ADIB.CA,Banking,2025-05-04 21:00:00,40.779998779296875,40.970001220703125,40.0,40.099998474121094,40.099998474121094,1835347
ADIB.CA,Banking,2025-05-05 21:00:00,40.099998474121094,40.38999938964844,40.0,40.119998931884766,40.119998931884766,251457
ADIB.CA,Banking,2025-05-06 21:00:00,40.119998931884766,40.38999938964844,38.709999084472656,38.869998931884766,38.869998931884766,900273
ADIB.CA,Banking,2025-05-07 21:00:00,38.869998931884766,39.279998779296875,38.54999923706055,39.119998931884766,39.119998931884766,495921
ADIB.CA,Banking,2025-05-10 21:00:00,39.119998931884766,39.720001220703125,38.849998474121094,39.11000061035156,39.11000061035156,451778
ADIB.CA,Banking,2025-05-11 21:00:00,39.11000061035156,41.099998474121094,39.15999984741211,40.5,40.5,1392850
ADIB.CA,Banking,2025-05-12 21:00:00,40.5,41.25,40.41999816894531,40.79999923706055,40.79999923706055,1475831
ADIB.CA,Banking,2025-05-13 21:00:00,40.79999923706055,40.9900016784668,39.95000076293945,40.2599983215332,40.2599983215332,431833
ADIB.CA,Banking,2025-05-14 21:00:00,40.2599983215332,40.790000915527344,39.97999954223633,40.70000076293945,40.70000076293945,508422
ADIB.CA,Banking,2025-05-17 21:00:00,40.70000076293945,40.720001220703125,39.810001373291016,40.06999969482422,40.06999969482422,533991
ADIB.CA,Banking,2025-05-18 21:00:00,40.06999969482422,40.27000045776367,39.31999969482422,39.369998931884766,39.369998931884766,190469
ADIB.CA,Banking,2025-05-19 21:00:00,39.369998931884766,39.70000076293945,39.150001525878906,39.40999984741211,39.40999984741211,103888
ADIB.CA,Banking,2025-05-20 21:00:00,39.40999984741211,41.349998474121094,40.0,41.25,41.25,1466956
ADIB.CA,Banking,2025-05-21 21:00:00,41.25,42.040000915527344,41.38999938964844,41.70000076293945,41.70000076293945,899706
ADIB.CA,Banking,2025-05-24 21:00:00,41.70000076293945,41.91999816894531,41.400001525878906,41.45000076293945,41.45000076293945,276031
ADIB.CA,Banking,2025-05-25 21:00:00,20.725000381469727,21.1200008392334,20.725000381469727,20.94499969482422,20.94499969482422,985440
ADIB.CA,Banking,2025-05-26 21:00:00,20.94499969482422,21.1200008392334,20.8799991607666,21.114999771118164,21.114999771118164,1165298
ADIB.CA,Banking,2025-05-27 21:00:00,21.114999771118164,21.549999237060547,21.0,21.354999542236328,21.354999542236328,2660624
ADIB.CA,Banking,2025-05-28 21:00:00,21.354999542236328,21.799999237060547,21.225000381469727,21.575000762939453,21.575000762939453,1985806
ADIB.CA,Banking,2025-05-31 21:00:00,21.575000762939453,21.899999618530273,21.549999237060547,21.860000610351562,21.860000610351562,962904
ADIB.CA,Banking,2025-06-01 21:00:00,21.860000610351562,22.96500015258789,21.860000610351562,22.6200008392334,22.6200008392334,4955122
ADIB.CA,Banking,2025-06-02 21:00:00,22.6200008392334,23.125,22.514999389648438,22.75,22.75,1599866
ADIB.CA,Banking,2025-06-03 21:00:00,22.75,22.940000534057617,22.350000381469727,22.68000030517578,22.68000030517578,2175200
ADIB.CA,Banking,2025-06-09 21:00:00,22.68000030517578,24.489999771118164,22.329999923706055,23.950000762939453,23.950000762939453,4076505
ADIB.CA,Banking,2025-06-10 21:00:00,23.950000762939453,25.0,23.950000762939453,24.049999237060547,24.049999237060547,5382589
ADIB.CA,Banking,2025-06-11 21:00:00,24.049999237060547,24.040000915527344,22.899999618530273,23.020000457763672,23.020000457763672,3892271
ADIB.CA,Banking,2025-06-14 21:00:00,23.020000457763672,22.600000381469727,21.0,22.209999084472656,22.209999084472656,2794480
ADIB.CA,Banking,2025-06-15 21:00:00,22.209999084472656,22.799999237060547,21.93000030517578,22.200000762939453,22.200000762939453,2972144
ADIB.CA,Banking,2025-06-16 21:00:00,22.200000762939453,22.389999389648438,21.200000762939453,21.200000762939453,21.200000762939453,1676842
ADIB.CA,Banking,2025-06-17 21:00:00,21.200000762939453,21.75,20.90999984741211,21.5,21.5,1317164
ADIB.CA,Banking,2025-06-18 21:00:00,21.5,21.690000534057617,21.010000228881836,21.5,21.5,848558
ADIB.CA,Banking,2025-06-21 21:00:00,21.5,22.299999237060547,20.75,22.270000457763672,22.270000457763672,1671318
ADIB.CA,Banking,2025-06-22 21:00:00,22.270000457763672,23.399999618530273,22.18000030517578,22.260000228881836,22.260000228881836,2713943
ADIB.CA,Banking,2025-06-23 21:00:00,22.260000228881836,23.299999237060547,22.549999237060547,23.0,23.0,1540967
ADIB.CA,Banking,2025-06-24 21:00:00,23.0,23.360000610351562,22.81999969482422,23.309999465942383,23.309999465942383,933789
ADIB.CA,Banking,2025-06-28 21:00:00,23.309999465942383,24.5,23.309999465942383,24.049999237060547,24.049999237060547,3336500
ADIB.CA,Banking,2025-06-29 21:00:00,24.049999237060547,24.469999313354492,23.100000381469727,23.100000381469727,23.100000381469727,1133974
ADIB.CA,Banking,2025-06-30 21:00:00,23.100000381469727,23.6299991607666,22.950000762939453,23.100000381469727,23.100000381469727,1005481
ADIB.CA,Banking,2025-07-01 21:00:00,23.100000381469727,23.40999984741211,23.010000228881836,23.309999465942383,23.309999465942383,621552
ADIB.CA,Banking,2025-07-05 21:00:00,23.309999465942383,23.700000762939453,23.299999237060547,23.34000015258789,23.34000015258789,367112
ADIB.CA,Banking,2025-07-06 21:00:00,23.34000015258789,23.450000762939453,22.809999465942383,23.34000015258789,23.34000015258789,1944349
ADIB.CA,Banking,2025-07-08 21:00:00,23.34000015258789,23.290000915527344,22.860000610351562,22.989999771118164,22.989999771118164,712870
ADIB.CA,Banking,2025-07-09 21:00:00,22.989999771118164,23.0,22.389999389648438,22.510000228881836,22.510000228881836,1618219
ADIB.CA,Banking,2025-07-12 21:00:00,22.510000228881836,22.719999313354492,22.469999313354492,22.540000915527344,22.540000915527344,450170
ADIB.CA,Banking,2025-07-13 21:00:00,22.540000915527344,23.540000915527344,22.399999618530273,22.899999618530273,22.899999618530273,1616326
ADIB.CA,Banking,2025-07-14 21:00:00,22.899999618530273,24.040000915527344,22.950000762939453,23.93000030517578,23.93000030517578,3361405
ADIB.CA,Banking,2025-07-15 21:00:00,23.93000030517578,24.489999771118164,23.90999984741211,23.90999984741211,23.90999984741211,3102984
ADIB.CA,Banking,2025-07-16 21:00:00,23.90999984741211,24.3799991607666,23.75,24.0,24.0,651352
ADIB.CA,Banking,2025-07-19 21:00:00,24.0,24.530000686645508,24.010000228881836,24.200000762939453,24.200000762939453,2045028
ADIB.CA,Banking,2025-07-20 21:00:00,24.200000762939453,24.450000762939453,23.940000534057617,24.0,24.0,1165082
ADIB.CA,Banking,2025-07-21 21:00:00,24.0,24.139999389648438,23.299999237060547,23.649999618530273,23.649999618530273,682068
ADIB.CA,Banking,2025-07-22 21:00:00,23.649999618530273,23.649999618530273,23.649999618530273,23.649999618530273,23.649999618530273,0
ADIB.CA,Banking,2025-07-26 21:00:00,23.549999237060547,24.399999618530273,23.549999237060547,24.290000915527344,24.290000915527344,2490757
ADIB.CA,Banking,2025-07-27 21:00:00,24.290000915527344,24.739999771118164,23.600000381469727,23.700000762939453,23.700000762939453,4391606
ADIB.CA,Banking,2025-07-28 21:00:00,23.700000762939453,24.0,23.65999984741211,23.90999984741211,23.90999984741211,527216
ADIB.CA,Banking,2025-07-29 21:00:00,23.90999984741211,24.0,23.020000457763672,23.100000381469727,23.100000381469727,1326364
ADIB.CA,Banking,2025-07-30 21:00:00,23.100000381469727,23.850000381469727,23.200000762939453,23.850000381469727,23.850000381469727,576980
ADIB.CA,Banking,2025-08-02 21:00:00,23.850000381469727,23.850000381469727,23.850000381469727,23.850000381469727,23.850000381469727,0
ADIB.CA,Banking,2025-08-03 21:00:00,23.850000381469727,23.850000381469727,23.850000381469727,23.850000381469727,23.850000381469727,0
ADIB.CA,Banking,2025-08-04 21:00:00,23.850000381469727,23.850000381469727,23.850000381469727,23.850000381469727,23.850000381469727,0
ADIB.CA,Banking,2025-08-05 21:00:00,23.850000381469727,23.850000381469727,23.850000381469727,23.850000381469727,23.850000381469727,0
ADIB.CA,Banking,2025-08-06 21:00:00,23.850000381469727,23.850000381469727,23.850000381469727,23.850000381469727,23.850000381469727,0
ADIB.CA,Banking,2025-08-09 21:00:00,23.850000381469727,24.43000030517578,23.700000762939453,23.799999237060547,23.799999237060547,3524137
ADIB.CA,Banking,2025-08-10 21:00:00,23.799999237060547,23.93000030517578,22.510000228881836,22.770000457763672,22.770000457763672,10348816
ADIB.CA,Banking,2025-08-11 21:00:00,22.770000457763672,23.049999237060547,22.399999618530273,23.0,23.0,6248199
ADIB.CA,Banking,2025-08-12 21:00:00,23.0,23.100000381469727,22.610000610351562,22.799999237060547,22.799999237060547,3606057
ADIB.CA,Banking,2025-08-13 21:00:00,22.799999237060547,23.0,22.700000762939453,22.899999618530273,22.899999618530273,1679842
ADIB.CA,Banking,2025-08-16 21:00:00,22.899999618530273,23.100000381469727,22.75,23.09000015258789,23.09000015258789,1208469
ADIB.CA,Banking,2025-08-17 21:00:00,23.09000015258789,23.200000762939453,22.610000610351562,22.700000762939453,22.700000762939453,2213009
ADIB.CA,Banking,2025-08-18 21:00:00,22.700000762939453,22.889999389648438,22.450000762939453,22.5,22.5,2117137
ADIB.CA,Banking,2025-08-19 21:00:00,22.5,22.600000381469727,21.770000457763672,21.799999237060547,21.799999237060547,3521661
ADIB.CA,Banking,2025-08-20 21:00:00,21.799999237060547,21.850000381469727,21.510000228881836,21.600000381469727,21.600000381469727,1611839
ADIB.CA,Banking,2025-08-23 21:00:00,21.600000381469727,21.670000076293945,21.200000762939453,21.280000686645508,21.280000686645508,1272897
ADIB.CA,Banking,2025-08-24 21:00:00,21.280000686645508,21.850000381469727,21.170000076293945,21.25,21.25,1921855
ADIB.CA,Banking,2025-08-25 21:00:00,21.25,21.549999237060547,21.25,21.309999465942383,21.309999465942383,1032171
ADIB.CA,Banking,2025-08-26 21:00:00,21.309999465942383,21.469999313354492,21.110000610351562,21.15999984741211,21.15999984741211,1096706
ADIB.CA,Banking,2025-08-27 21:00:00,21.15999984741211,21.280000686645508,21.170000076293945,21.200000762939453,21.200000762939453,556752
ADIB.CA,Banking,2025-08-30 21:00:00,21.200000762939453,21.399999618530273,20.700000762939453,20.729999542236328,20.729999542236328,1784238
ADIB.CA,Banking,2025-08-31 21:00:00,20.729999542236328,20.93000030517578,20.68000030517578,20.719999313354492,20.719999313354492,643095
ADIB.CA,Banking,2025-09-01 21:00:00,20.719999313354492,20.899999618530273,20.690000534057617,20.799999237060547,20.799999237060547,878639
ADIB.CA,Banking,2025-09-02 21:00:00,20.799999237060547,21.049999237060547,20.709999084472656,20.719999313354492,20.719999313354492,1005593
ADIB.CA,Banking,2025-09-06 21:00:00,20.719999313354492,20.899999618530273,20.600000381469727,20.610000610351562,20.610000610351562,437919
ADIB.CA,Banking,2025-09-07 21:00:00,20.610000610351562,20.770000457763672,20.010000228881836,20.1200008392334,20.1200008392334,1604453
ADIB.CA,Banking,2025-09-08 21:00:00,20.1200008392334,20.31999969482422,20.020000457763672,20.09000015258789,20.09000015258789,818029
ADIB.CA,Banking,2025-09-09 21:00:00,20.09000015258789,20.479999542236328,20.110000610351562,20.450000762939453,20.450000762939453,545174
ADIB.CA,Banking,2025-09-10 21:00:00,20.450000762939453,20.540000915527344,20.270000457763672,20.3700008392334,20.3700008392334,502865
ADIB.CA,Banking,2025-09-13 21:00:00,20.3700008392334,20.799999237060547,20.3700008392334,20.75,20.75,717291
ADIB.CA,Banking,2025-09-14 21:00:00,20.75,20.850000381469727,20.5,20.700000762939453,20.700000762939453,599301
ADIB.CA,Banking,2025-09-15 21:00:00,20.700000762939453,20.790000915527344,20.25,20.389999389648438,20.389999389648438,579173
ADIB.CA,Banking,2025-09-16 21:00:00,20.389999389648438,20.440000534057617,20.170000076293945,20.290000915527344,20.290000915527344,399043
ADIB.CA,Banking,2025-09-17 21:00:00,20.290000915527344,20.969999313354492,20.299999237060547,20.75,20.75,1810682
ADIB.CA,Banking,2025-09-20 21:00:00,20.75,20.979999542236328,20.719999313354492,20.739999771118164,20.739999771118164,695936
ADIB.CA,Banking,2025-09-21 21:00:00,20.739999771118164,20.899999618530273,20.5,20.690000534057617,20.690000534057617,886813
ADIB.CA,Banking,2025-09-22 21:00:00,20.690000534057617,20.84000015258789,20.239999771118164,20.280000686645508,20.280000686645508,684682
ADIB.CA,Banking,2025-09-23 21:00:00,20.280000686645508,20.719999313354492,20.280000686645508,20.59000015258789,20.59000015258789,438960
ADIB.CA,Banking,2025-09-24 21:00:00,20.59000015258789,20.75,20.59000015258789,20.709999084472656,20.709999084472656,423974
ADIB.CA,Banking,2025-09-27 21:00:00,20.709999084472656,20.75,20.530000686645508,20.649999618530273,20.649999618530273,294089
ADIB.CA,Banking,2025-09-28 21:00:00,20.649999618530273,20.75,20.530000686645508,20.649999618530273,20.649999618530273,601722
ADIB.CA,Banking,2025-09-29 21:00:00,20.649999618530273,21.520000457763672,20.6299991607666,21.5,21.5,2574272
ADIB.CA,Banking,2025-09-30 21:00:00,21.5,22.100000381469727,21.600000381469727,21.719999313354492,21.719999313354492,1784100
ADIB.CA,Banking,2025-10-01 21:00:00,21.719999313354492,22.0,21.549999237060547,22.0,22.0,1315960
ADIB.CA,Banking,2025-10-04 21:00:00,22.0,22.920000076293945,22.0,22.899999618530273,22.899999618530273,2578300
ADIB.CA,Banking,2025-10-05 21:00:00,22.899999618530273,22.940000534057617,22.510000228881836,22.709999084472656,22.709999084472656,690054
ADIB.CA,Banking,2025-10-06 21:00:00,22.709999084472656,22.899999618530273,22.700000762939453,22.799999237060547,22.799999237060547,608506
ADIB.CA,Banking,2025-10-07 21:00:00,22.799999237060547,22.899999618530273,22.40999984741211,22.899999618530273,22.899999618530273,840518
ADIB.CA,Banking,2025-10-11 21:00:00,22.899999618530273,23.31999969482422,22.700000762939453,23.25,23.25,3187750
ADIB.CA,Banking,2025-10-12 21:00:00,23.25,23.649999618530273,23.110000610351562,23.59000015258789,23.59000015258789,3223309
ADIB.CA,Banking,2025-10-13 21:00:00,23.59000015258789,23.68000030517578,22.920000076293945,23.18000030517578,23.18000030517578,1376478
ADIB.CA,Banking,2025-10-14 21:00:00,23.18000030517578,23.25,22.950000762939453,23.18000030517578,23.18000030517578,432156
ADIB.CA,Banking,2025-10-15 21:00:00,23.18000030517578,23.549999237060547,23.059999465942383,23.489999771118164,23.489999771118164,680214
ADIB.CA,Banking,2025-10-18 21:00:00,23.489999771118164,23.540000915527344,23.299999237060547,23.440000534057617,23.440000534057617,1026797
ADIB.CA,Banking,2025-10-19 21:00:00,23.440000534057617,24.299999237060547,23.350000381469727,24.25,24.25,4912174
ADIB.CA,Banking,2025-10-20 21:00:00,24.25,24.420000076293945,24.0,24.219999313354492,24.219999313354492,2626179
ADIB.CA,Banking,2025-10-21 21:00:00,24.219999313354492,24.989999771118164,24.200000762939453,24.450000762939453,24.450000762939453,3291388
ADIB.CA,Banking,2025-10-22 21:00:00,24.450000762939453,25.0,24.450000762939453,24.889999389648438,24.889999389648438,1865562
ADIB.CA,Banking,2025-10-25 21:00:00,24.889999389648438,25.889999389648438,25.0,25.360000610351562,25.360000610351562,2141643
ADIB.CA,Banking,2025-10-26 21:00:00,25.360000610351562,25.889999389648438,24.799999237060547,25.030000686645508,25.030000686645508,2983811
ADIB.CA,Banking,2025-10-27 21:00:00,25.030000686645508,25.459999084472656,24.920000076293945,24.93000030517578,24.93000030517578,2165566
ADIB.CA,Banking,2025-10-28 21:00:00,24.93000030517578,26.190000534057617,24.549999237060547,25.899999618530273,25.899999618530273,4509569
ADIB.CA,Banking,2025-10-29 21:00:00,25.899999618530273,26.8799991607666,25.770000457763672,26.239999771118164,26.239999771118164,3561146
ADIB.CA,Banking,2025-11-01 22:00:00,26.239999771118164,26.649999618530273,25.940000534057617,26.0,26.0,1223496
ADIB.CA,Banking,2025-11-02 22:00:00,26.0,26.3700008392334,25.889999389648438,26.149999618530273,26.149999618530273,1645513
ADIB.CA,Banking,2025-11-03 22:00:00,26.149999618530273,26.399999618530273,25.93000030517578,26.0,26.0,1254851
ADIB.CA,Banking,2025-11-04 22:00:00,26.0,26.649999618530273,25.90999984741211,26.280000686645508,26.280000686645508,2968429
ADIB.CA,Banking,2025-11-05 22:00:00,26.280000686645508,26.579999923706055,25.899999618530273,25.90999984741211,25.90999984741211,1998451
ADIB.CA,Banking,2025-11-08 22:00:00,22.564428329467773,23.25242042541504,22.364126205444336,23.078245162963867,23.078245162963867,2992801
ADIB.CA,Banking,2025-11-09 22:00:00,23.078245162963867,23.339508056640625,22.668933868408203,22.860525131225586,22.860525131225586,2258944
ADIB.CA,Banking,2025-11-10 22:00:00,22.860525131225586,24.45423126220703,22.869234085083008,23.818490982055664,23.818490982055664,6241893
ADIB.CA,Banking,2025-11-11 22:00:00,23.818490982055664,24.81999969482422,23.896869659423828,24.367143630981445,24.367143630981445,4154195
ADIB.CA,Banking,2025-11-12 22:00:00,24.367143630981445,24.645824432373047,23.949121475219727,24.18425941467285,24.18425941467285,1597412
ADIB.CA,Banking,2025-11-15 22:00:00,24.18425941467285,25.25543785095215,23.949121475219727,24.81999969482422,24.81999969482422,3966079
ADIB.CA,Banking,2025-11-16 22:00:00,24.81999969482422,26.700000762939453,25.030000686645508,25.68000030517578,25.68000030517578,2622254
ADIB.CA,Banking,2025-11-17 22:00:00,25.68000030517578,25.950000762939453,25.049999237060547,25.299999237060547,25.299999237060547,1420829
ADIB.CA,Banking,2025-11-18 22:00:00,25.299999237060547,25.700000762939453,24.530000686645508,24.989999771118164,24.989999771118164,4056008
ADIB.CA,Banking,2025-11-19 22:00:00,24.989999771118164,26.040000915527344,24.989999771118164,25.309999465942383,25.309999465942383,4110380
ADIB.CA,Banking,2025-11-22 22:00:00,25.309999465942383,25.950000762939453,24.809999465942383,24.899999618530273,24.899999618530273,1023530
ADIB.CA,Banking,2025-11-23 22:00:00,24.899999618530273,25.290000915527344,24.25,24.350000381469727,24.350000381469727,1498607
ADIB.CA,Banking,2025-11-24 22:00:00,24.350000381469727,24.600000381469727,23.739999771118164,23.790000915527344,23.790000915527344,1394205
ADIB.CA,Banking,2025-11-25 22:00:00,23.790000915527344,23.989999771118164,23.5,23.8700008392334,23.8700008392334,1033067
ADIB.CA,Banking,2025-11-26 22:00:00,23.8700008392334,24.8799991607666,23.600000381469727,24.549999237060547,24.549999237060547,2070904
ADIB.CA,Banking,2025-11-29 22:00:00,24.549999237060547,26.0,24.559999465942383,25.969999313354492,25.969999313354492,2881567
ADIB.CA,Banking,2025-11-30 22:00:00,25.969999313354492,27.899999618530273,25.809999465942383,27.100000381469727,27.100000381469727,5523398
ADIB.CA,Banking,2025-12-01 22:00:00,27.100000381469727,27.899999618530273,26.799999237060547,26.899999618530273,26.899999618530273,1677985
ADIB.CA,Banking,2025-12-02 22:00:00,26.899999618530273,27.5,26.520000457763672,27.5,27.5,2440834
ADIB.CA,Banking,2025-12-03 22:00:00,27.5,29.0,27.59000015258789,27.709999084472656,27.709999084472656,3799194
ADIB.CA,Banking,2025-12-06 22:00:00,27.709999084472656,28.170000076293945,26.90999984741211,26.969999313354492,26.969999313354492,1127184
ADIB.CA,Banking,2025-12-07 22:00:00,26.969999313354492,27.899999618530273,27.299999237060547,27.59000015258789,27.59000015258789,2075842
ADIB.CA,Banking,2025-12-08 22:00:00,27.59000015258789,28.239999771118164,27.5,28.0,28.0,1798086
ADIB.CA,Banking,2025-12-09 22:00:00,28.0,29.0,28.010000228881836,28.90999984741211,28.90999984741211,2270452
ADIB.CA,Banking,2025-12-10 22:00:00,28.90999984741211,30.0,28.90999984741211,29.399999618530273,29.399999618530273,5099488
ADIB.CA,Banking,2025-12-13 22:00:00,29.399999618530273,29.969999313354492,28.65999984741211,28.950000762939453,28.950000762939453,1265169
ADIB.CA,Banking,2025-12-14 22:00:00,28.950000762939453,29.200000762939453,28.549999237060547,28.709999084472656,28.709999084472656,3058656
ADIB.CA,Banking,2025-12-15 22:00:00,28.709999084472656,28.8799991607666,27.93000030517578,28.25,28.25,1932781
ADIB.CA,Banking,2025-12-16 22:00:00,28.25,28.760000228881836,28.0,28.200000762939453,28.200000762939453,1573941
ADIB.CA,Banking,2025-12-17 22:00:00,28.200000762939453,28.489999771118164,27.979999542236328,27.989999771118164,27.989999771118164,840898
ADIB.CA,Banking,2025-12-20 22:00:00,27.989999771118164,29.06999969482422,27.899999618530273,29.0,29.0,1598850
ADIB.CA,Banking,2025-12-21 22:00:00,29.0,29.229999542236328,28.670000076293945,29.0,29.0,553486
ADIB.CA,Banking,2025-12-22 22:00:00,29.0,29.649999618530273,29.0,29.5,29.5,1444331
ADIB.CA,Banking,2025-12-23 22:00:00,29.5,30.0,29.5,29.700000762939453,29.700000762939453,945996
ADIB.CA,Banking,2025-12-24 22:00:00,29.700000762939453,29.950000762939453,29.290000915527344,29.56999969482422,29.56999969482422,283588
ADIB.CA,Banking,2025-12-27 22:00:00,29.56999969482422,29.899999618530273,29.020000457763672,29.399999618530273,29.399999618530273,1585063
ADIB.CA,Banking,2025-12-28 22:00:00,29.399999618530273,29.709999084472656,29.1200008392334,29.399999618530273,29.399999618530273,474589
ADIB.CA,Banking,2025-12-29 22:00:00,29.399999618530273,29.700000762939453,29.100000381469727,29.149999618530273,29.149999618530273,870882
ADIB.CA,Banking,2025-12-30 22:00:00,29.149999618530273,29.899999618530273,29.149999618530273,29.899999618530273,29.899999618530273,1236612
ADIB.CA,Banking,2026-01-03 22:00:00,29.899999618530273,30.0,28.920000076293945,29.030000686645508,29.030000686645508,1173445
ADIB.CA,Banking,2026-01-04 22:00:00,29.030000686645508,29.5,27.950000762939453,28.200000762939453,28.200000762939453,941921
ADIB.CA,Banking,2026-01-05 22:00:00,28.200000762939453,29.25,28.200000762939453,28.739999771118164,28.739999771118164,1513930
ADIB.CA,Banking,2026-01-07 22:00:00,28.739999771118164,30.0,28.649999618530273,29.770000457763672,29.770000457763672,2629806
ADIB.CA,Banking,2026-01-10 22:00:00,29.770000457763672,32.38999938964844,29.670000076293945,32.29999923706055,32.29999923706055,5217234
ADIB.CA,Banking,2026-01-11 22:00:00,32.29999923706055,32.29999923706055,31.31999969482422,31.969999313354492,31.969999313354492,1657133
ADIB.CA,Banking,2026-01-12 22:00:00,31.969999313354492,32.95000076293945,31.399999618530273,31.649999618530273,31.649999618530273,1774451
ADIB.CA,Banking,2026-01-13 22:00:00,31.649999618530273,31.989999771118164,30.399999618530273,31.5,31.5,1311294
ADIB.CA,Banking,2026-01-14 22:00:00,31.5,33.0099983215332,31.0,32.5099983215332,32.5099983215332,2129068
ADIB.CA,Banking,2026-01-17 22:00:00,32.5099983215332,33.29999923706055,32.5099983215332,32.9900016784668,32.9900016784668,767453
ADIB.CA,Banking,2026-01-18 22:00:00,32.9900016784668,34.279998779296875,32.849998474121094,34.0,34.0,5007420
ADIB.CA,Banking,2026-01-19 22:00:00,34.0,36.4900016784668,34.5,35.79999923706055,35.79999923706055,5701550
ADIB.CA,Banking,2026-01-20 22:00:00,35.79999923706055,37.400001525878906,35.5,36.0,36.0,7847257
ADIB.CA,Banking,2026-01-21 22:00:00,36.0,36.849998474121094,35.79999923706055,36.29999923706055,36.29999923706055,3413849
ADIB.CA,Banking,2026-01-24 22:00:00,36.29999923706055,36.869998931884766,35.119998931884766,36.25,36.25,1793074
ADIB.CA,Banking,2026-01-25 22:00:00,36.25,38.0099983215332,35.790000915527344,38.0099983215332,38.0099983215332,4507636
ADIB.CA,Banking,2026-01-26 22:00:00,38.0099983215332,40.2400016784668,38.0099983215332,39.959999084472656,39.959999084472656,3540057
ADIB.CA,Banking,2026-01-27 22:00:00,39.959999084472656,41.38999938964844,37.900001525878906,39.20000076293945,39.20000076293945,4233261
ADIB.CA,Banking,2026-01-31 22:00:00,39.20000076293945,39.380001068115234,37.90999984741211,38.959999084472656,38.959999084472656,5500151
ADIB.CA,Banking,2026-02-01 22:00:00,38.959999084472656,39.380001068115234,37.650001525878906,38.290000915527344,38.290000915527344,3841442
ADIB.CA,Banking,2026-02-02 22:00:00,38.290000915527344,39.0099983215332,38.29999923706055,39.0,39.0,5054966
ADIB.CA,Banking,2026-02-03 22:00:00,39.0,39.88999938964844,39.0,39.0,39.0,2854573
ADIB.CA,Banking,2026-02-04 22:00:00,39.0,39.400001525878906,38.400001525878906,39.0,39.0,2000007
ADIB.CA,Banking,2026-02-07 22:00:00,39.0,39.5,38.7400016784668,39.279998779296875,39.279998779296875,1409118
ADIB.CA,Banking,2026-02-08 22:00:00,39.279998779296875,39.5,37.959999084472656,39.0,39.0,1645521
ADIB.CA,Banking,2026-02-09 22:00:00,39.0,39.25,38.38999938964844,38.45000076293945,38.45000076293945,1409514
ADIB.CA,Banking,2026-02-10 22:00:00,38.45000076293945,38.689998626708984,37.400001525878906,37.529998779296875,37.529998779296875,2177236
ADIB.CA,Banking,2026-02-11 22:00:00,37.529998779296875,37.900001525878906,36.11000061035156,36.650001525878906,36.650001525878906,3290066
ADIB.CA,Banking,2026-02-14 22:00:00,36.650001525878906,39.900001525878906,36.70000076293945,39.79999923706055,39.79999923706055,4211714
ADIB.CA,Banking,2026-02-15 22:00:00,39.79999923706055,41.0,39.849998474121094,41.0,41.0,3474741
ADIB.CA,Banking,2026-02-16 22:00:00,41.0,42.5,39.5099983215332,41.59000015258789,41.59000015258789,3755900
ADIB.CA,Banking,2026-02-17 22:00:00,41.59000015258789,44.79999923706055,41.709999084472656,44.0,44.0,4020219
ADIB.CA,Banking,2026-02-18 22:00:00,44.0,44.970001220703125,42.0,42.5,42.5,3931383
ADIB.CA,Banking,2026-02-21 22:00:00,42.5,42.970001220703125,39.81999969482422,40.650001525878906,40.650001525878906,2170842
ADIB.CA,Banking,2026-02-22 22:00:00,40.650001525878906,43.4900016784668,39.79999923706055,41.97999954223633,41.97999954223633,4006530
ADIB.CA,Banking,2026-02-23 22:00:00,41.97999954223633,42.4900016784668,40.56999969482422,41.150001525878906,41.150001525878906,2656832
ADIB.CA,Banking,2026-02-24 22:00:00,41.150001525878906,41.5,39.5,40.70000076293945,40.70000076293945,2804839
ADIB.CA,Banking,2026-02-25 22:00:00,40.70000076293945,40.97999954223633,39.79999923706055,40.70000076293945,40.70000076293945,1243840
ADIB.CA,Banking,2026-02-28 22:00:00,40.70000076293945,40.70000076293945,37.02000045776367,39.79999923706055,39.79999923706055,2295151
ADIB.CA,Banking,2026-03-01 22:00:00,39.79999923706055,40.849998474121094,39.79999923706055,39.9900016784668,39.9900016784668,1079589
ADIB.CA,Banking,2026-03-02 22:00:00,39.9900016784668,39.9900016784668,38.279998779296875,38.5,38.5,1612577
ADIB.CA,Banking,2026-03-03 22:00:00,38.5,38.70000076293945,37.0,37.810001373291016,37.810001373291016,4050861
ADIB.CA,Banking,2026-03-04 22:00:00,37.810001373291016,39.279998779296875,38.099998474121094,38.650001525878906,38.650001525878906,2281899
ADIB.CA,Banking,2026-03-07 22:00:00,38.650001525878906,39.0,37.040000915527344,37.689998626708984,37.689998626708984,2692975
ADIB.CA,Banking,2026-03-08 22:00:00,37.689998626708984,37.68000030517578,36.099998474121094,36.54999923706055,36.54999923706055,2873457
ADIB.CA,Banking,2026-03-09 22:00:00,36.54999923706055,39.0,36.810001373291016,38.970001220703125,38.970001220703125,2918147
ADIB.CA,Banking,2026-03-10 22:00:00,38.970001220703125,41.0,39.0,41.0,41.0,2218848
ADIB.CA,Banking,2026-03-11 22:00:00,41.0,41.9900016784668,39.0,39.04999923706055,39.04999923706055,2108616
ADIB.CA,Banking,2026-03-14 22:00:00,39.04999923706055,39.720001220703125,38.0,38.0,38.0,2160933
ADIB.CA,Banking,2026-03-15 22:00:00,38.0,38.779998779296875,37.400001525878906,37.5,37.5,1167555
ADIB.CA,Banking,2026-03-16 22:00:00,37.5,40.189998626708984,37.54999923706055,39.79999923706055,39.79999923706055,2064648
ADIB.CA,Banking,2026-03-17 22:00:00,39.79999923706055,40.900001525878906,39.810001373291016,40.900001525878906,40.900001525878906,1161290
ADIB.CA,Banking,2026-03-18 22:00:00,40.900001525878906,40.900001525878906,40.900001525878906,40.900001525878906,40.900001525878906,0
ADIB.CA,Banking,2026-03-23 22:00:00,40.900001525878906,41.0,39.81999969482422,39.88999938964844,39.88999938964844,1110932
ADIB.CA,Banking,2026-03-24 22:00:00,39.88999938964844,40.58000183105469,39.29999923706055,39.349998474121094,39.349998474121094,1756073
ADIB.CA,Banking,2026-03-25 22:00:00,39.349998474121094,39.900001525878906,39.380001068115234,39.400001525878906,39.400001525878906,695126
ADIB.CA,Banking,2026-03-28 22:00:00,39.400001525878906,39.349998474121094,38.130001068115234,38.869998931884766,38.869998931884766,572897
ADIB.CA,Banking,2026-03-29 22:00:00,38.869998931884766,38.9900016784668,38.0,38.11000061035156,38.11000061035156,571597
ADIB.CA,Banking,2026-03-30 22:00:00,38.11000061035156,38.45000076293945,37.529998779296875,38.099998474121094,38.099998474121094,1268563
ADIB.CA,Banking,2026-03-31 22:00:00,38.099998474121094,39.599998474121094,38.5099983215332,39.02000045776367,39.02000045776367,1089714
ADIB.CA,Banking,2026-04-01 22:00:00,39.02000045776367,39.099998474121094,38.5099983215332,38.900001525878906,38.900001525878906,666568
ADIB.CA,Banking,2026-04-04 22:00:00,38.900001525878906,39.939998626708984,38.90999984741211,39.720001220703125,39.720001220703125,799628
ADIB.CA,Banking,2026-04-05 22:00:00,39.720001220703125,40.9900016784668,39.54999923706055,40.900001525878906,40.900001525878906,1789911
ADIB.CA,Banking,2026-04-06 22:00:00,40.900001525878906,41.0099983215332,39.90999984741211,40.400001525878906,40.400001525878906,828439
ADIB.CA,Banking,2026-04-07 22:00:00,40.400001525878906,42.650001525878906,41.040000915527344,42.45000076293945,42.45000076293945,2956413
ADIB.CA,Banking,2026-04-08 22:00:00,42.45000076293945,43.93000030517578,42.38999938964844,43.54999923706055,43.54999923706055,2189328
ADIB.CA,Banking,2026-04-13 22:00:00,43.54999923706055,45.0,43.599998474121094,44.5,44.5,1995808
ADIB.CA,Banking,2026-04-14 22:00:00,44.5,46.849998474121094,44.5,45.900001525878906,45.900001525878906,1739953
ADIB.CA,Banking,2026-04-15 22:00:00,45.900001525878906,46.880001068115234,45.060001373291016,46.0,46.0,1210289
ADIB.CA,Banking,2026-04-18 22:00:00,46.0,46.47999954223633,44.0,45.970001220703125,45.970001220703125,3117426
ADIB.CA,Banking,2026-04-19 22:00:00,45.970001220703125,45.5,44.349998474121094,45.189998626708984,45.189998626708984,1287313
ADIB.CA,Banking,2026-04-20 22:00:00,45.189998626708984,45.880001068115234,44.349998474121094,44.400001525878906,44.400001525878906,1182629
ADIB.CA,Banking,2026-04-21 22:00:00,44.400001525878906,44.70000076293945,43.5099983215332,43.849998474121094,43.849998474121094,1253311
ADIB.CA,Banking,2026-04-22 22:00:00,43.849998474121094,44.4900016784668,43.060001373291016,44.02000045776367,44.02000045776367,1545469
ADIB.CA,Banking,2026-04-25 21:00:00,44.02000045776367,44.97999954223633,44.060001373291016,44.470001220703125,44.470001220703125,1406321
ADIB.CA,Banking,2026-04-26 21:00:00,44.470001220703125,44.939998626708984,44.060001373291016,44.75,44.75,1299553
ADIB.CA,Banking,2026-04-27 21:00:00,44.75,44.88999938964844,44.029998779296875,44.29999923706055,44.29999923706055,1045332
ADIB.CA,Banking,2026-04-28 21:00:00,44.29999923706055,44.689998626708984,44.04999923706055,44.29999923706055,44.29999923706055,1179075
ADIB.CA,Banking,2026-04-29 21:00:00,44.29999923706055,44.79999923706055,44.0,44.79999923706055,44.79999923706055,1235841
ADIB.CA,Banking,2026-05-02 21:00:00,44.79999923706055,47.97999954223633,44.25,47.900001525878906,47.900001525878906,3201186
ADIB.CA,Banking,2026-05-03 21:00:00,47.900001525878906,50.0,46.0,46.380001068115234,46.380001068115234,3952778
ADIB.CA,Banking,2026-05-04 21:00:00,46.380001068115234,46.349998474121094,44.70000076293945,45.849998474121094,45.849998474121094,1895113
ADIB.CA,Banking,2026-05-05 21:00:00,45.849998474121094,47.0,45.060001373291016,45.209999084472656,45.209999084472656,2142078
ADIB.CA,Banking,2026-05-06 21:00:00,45.209999084472656,45.209999084472656,45.209999084472656,45.209999084472656,45.209999084472656,0
ADIB.CA,Banking,2026-05-09 21:00:00,45.209999084472656,48.0,44.45000076293945,47.0,47.0,5498292
ADIB.CA,Banking,2026-05-10 21:00:00,47.0,49.97999954223633,45.0,48.20000076293945,48.20000076293945,10471893
ADIB.CA,Banking,2026-05-11 21:00:00,48.20000076293945,48.83000183105469,46.150001525878906,47.4900016784668,47.4900016784668,4588187
ADIB.CA,Banking,2026-05-12 21:00:00,47.4900016784668,50.08000183105469,47.599998474121094,49.599998474121094,49.599998474121094,7183479
ADIB.CA,Banking,2026-05-13 21:00:00,49.599998474121094,49.900001525878906,46.900001525878906,48.70000076293945,48.70000076293945,3087116
ADIB.CA,Banking,2026-05-16 21:00:00,48.70000076293945,48.68000030517578,45.95000076293945,46.0,46.0,3750823
ADIB.CA,Banking,2026-05-17 21:00:00,46.0,46.959999084472656,45.29999923706055,46.849998474121094,46.849998474121094,2298649
ADIB.CA,Banking,2026-05-18 21:00:00,46.849998474121094,47.52000045776367,46.95000076293945,47.5,47.5,1807941
ADIB.CA,Banking,2026-05-19 21:00:00,47.5,47.70000076293945,45.90999984741211,46.0,46.0,2045424
ADIB.CA,Banking,2026-05-20 21:00:00,46.0,46.54999923706055,45.599998474121094,46.54999923706055,46.54999923706055,2418513
ADIB.CA,Banking,2026-05-23 21:00:00,46.54999923706055,48.75,46.70000076293945,48.41999816894531,48.41999816894531,2783326
ADIB.CA,Banking,2026-05-24 21:00:00,48.41999816894531,48.88999938964844,47.599998474121094,47.61000061035156,47.61000061035156,7871644
ADIB.CA,Banking,2026-05-25 21:00:00,47.61000061035156,47.61000061035156,47.61000061035156,47.61000061035156,47.61000061035156,0
ADIB.CA,Banking,2026-05-26 21:00:00,47.61000061035156,47.61000061035156,47.61000061035156,47.61000061035156,47.61000061035156,0
ADIB.CA,Banking,2026-05-27 21:00:00,47.61000061035156,47.61000061035156,47.61000061035156,47.61000061035156,47.61000061035156,0
ADIB.CA,Banking,2026-05-31 21:00:00,47.61000061035156,48.47999954223633,47.0,48.34000015258789,48.34000015258789,2073254
ADIB.CA,Banking,2026-06-01 21:00:00,48.34000015258789,48.31999969482422,47.400001525878906,47.7400016784668,47.7400016784668,1506579
ADIB.CA,Banking,2026-06-02 21:00:00,47.7400016784668,47.970001220703125,46.5099983215332,46.81999969482422,46.81999969482422,1838284
ADIB.CA,Banking,2026-06-03 21:00:00,46.81999969482422,47.380001068115234,46.400001525878906,47.380001068115234,47.380001068115234,1533346
ADIB.CA,Banking,2026-06-06 21:00:00,47.380001068115234,47.279998779296875,46.5099983215332,46.79999923706055,46.79999923706055,1029405
ADIB.CA,Banking,2026-06-07 21:00:00,46.79999923706055,46.790000915527344,46.040000915527344,46.25,46.25,1320487
ADIB.CA,Banking,2026-06-08 21:00:00,46.25,46.79999923706055,46.20000076293945,46.45000076293945,46.45000076293945,1343070
ADIB.CA,Banking,2026-06-09 21:00:00,46.45000076293945,46.38999938964844,44.599998474121094,44.849998474121094,44.849998474121094,2236745
ADIB.CA,Banking,2026-06-10 21:00:00,44.849998474121094,45.0,44.0099983215332,44.099998474121094,44.099998474121094,1389778
ADIB.CA,Banking,2026-06-13 21:00:00,44.099998474121094,45.9900016784668,44.810001373291016,45.79999923706055,45.79999923706055,1816486
ADIB.CA,Banking,2026-06-14 21:00:00,45.79999923706055,47.560001373291016,46.0099983215332,47.29999923706055,47.29999923706055,3653600
ADIB.CA,Banking,2026-06-15 21:00:00,47.29999923706055,47.79999923706055,46.86000061035156,47.79999923706055,47.79999923706055,1564948
ADIB.CA,Banking,2026-06-16 21:00:00,47.79999923706055,47.79999923706055,47.79999923706055,47.79999923706055,47.79999923706055,0
ADIB.CA,Banking,2026-06-17 21:00:00,47.79999923706055,47.79999923706055,47.79999923706055,47.79999923706055,47.79999923706055,0
ADIB.CA,Banking,2026-06-20 21:00:00,46.779998779296875,47.310001373291016,46.29999923706055,47.0,47.0,1569093
ADIB.CA,Banking,2026-06-21 21:00:00,47.0,47.0,47.0,47.0,47.0,0
ADIB.CA,Banking,2026-06-22 21:00:00,46.619998931884766,46.970001220703125,45.33000183105469,45.70000076293945,45.70000076293945,1211047
ADIB.CA,Banking,2026-06-23 21:00:00,45.70000076293945,45.83000183105469,44.709999084472656,45.5,45.5,1683379
ADIB.CA,Banking,2026-06-24 21:00:00,45.5,45.79999923706055,44.5099983215332,44.650001525878906,44.650001525878906,1652420
ADIB.CA,Banking,2026-06-27 21:00:00,44.650001525878906,45.0,44.099998474121094,45.0,45.0,788298
ADIB.CA,Banking,2026-06-28 21:00:00,45.0,45.349998474121094,44.310001373291016,45.349998474121094,45.349998474121094,709233
ADIB.CA,Banking,2026-06-29 21:00:00,45.349998474121094,48.4900016784668,44.900001525878906,48.4900016784668,48.4900016784668,1719707
ADIB.CA,Banking,2026-06-30 21:00:00,48.4900016784668,47.79999923706055,46.54999923706055,46.63999938964844,46.63999938964844,1594922
ADIB.CA,Banking,2026-07-04 21:00:00,46.63999938964844,47.5,46.52000045776367,46.70000076293945,46.70000076293945,881036
ADIB.CA,Banking,2026-07-05 21:00:00,46.70000076293945,47.459999084472656,46.45000076293945,47.0,47.0,2022363
ADIB.CA,Banking,2026-07-06 21:00:00,47.0,48.400001525878906,46.400001525878906,47.7400016784668,47.7400016784668,7191461
ADIB.CA,Banking,2026-07-07 21:00:00,47.7400016784668,48.0,46.0,46.279998779296875,46.279998779296875,2705706
ADIB.CA,Banking,2026-07-08 21:00:00,46.279998779296875,47.33000183105469,46.25,47.31999969482422,47.31999969482422,2998461
ADIB.CA,Banking,2026-07-11 21:00:00,47.31999969482422,47.70000076293945,46.79999923706055,46.95000076293945,46.95000076293945,1639169
ADIB.CA,Banking,2026-07-12 21:00:00,46.95000076293945,47.189998626708984,46.5,46.5,46.5,2266895
ADIB.CA,Banking,2026-07-13 21:00:00,46.5,47.0099983215332,46.060001373291016,46.5099983215332,46.5099983215332,1607718
ADIB.CA,Banking,2026-07-14 21:00:00,46.5099983215332,46.7400016784668,46.11000061035156,46.5,46.5,1609188
ADIB.CA,Banking,2026-07-15 21:00:00,46.5,47.150001525878906,46.25,46.900001525878906,46.900001525878906,1911771
ADIB.CA,Banking,2026-07-18 21:00:00,46.900001525878906,47.040000915527344,46.02000045776367,46.04999923706055,46.04999923706055,2540656
ADIB.CA,Banking,2026-07-19 21:00:00,46.04999923706055,47.09000015258789,46.04999923706055,46.9900016784668,46.9900016784668,2354034
ADIB.CA,Banking,2026-07-20 21:00:00,46.9900016784668,49.5,46.9900016784668,49.400001525878906,49.400001525878906,10191463
ADIB.CA,Banking,2026-07-21 21:00:00,49.400001525878906,49.869998931884766,48.90999984741211,49.29999923706055,49.29999923706055,1764151
ADIB.CA,Banking,2026-07-25 21:00:00,49.29999923706055,49.20000076293945,48.619998931884766,49.119998931884766,49.119998931884766,702720
ADIB.CA,Banking,2026-07-26 21:00:00,49.119998931884766,51.95000076293945,49.0099983215332,51.4900016784668,51.4900016784668,5301528
ADIB.CA,Banking,2026-07-27 21:00:00,51.4900016784668,52.880001068115234,51.20000076293945,52.150001525878906,52.150001525878906,2312301
ADIB.CA,Banking,2026-07-28 21:00:00,52.150001525878906,52.869998931884766,51.619998931884766,52.11000061035156,52.11000061035156,1998460
ADIB.CA,Banking,2026-07-29 21:00:00,52.11000061035156,52.849998474121094,50.099998474121094,52.849998474121094,52.849998474121094,3603967
ADIB.CA,Banking,2026-08-01 21:00:00,52.849998474121094,53.400001525878906,52.849998474121094,53.20000076293945,53.20000076293945,1005883
ADIB.CA,Banking,2026-08-02 21:00:00,53.20000076293945,53.400001525878906,52.25,52.349998474121094,52.349998474121094,985068
ADIB.CA,Banking,2026-08-03 21:00:00,52.349998474121094,52.400001525878906,51.02000045776367,51.81999969482422,51.81999969482422,1171387
ADIB.CA,Banking,2026-08-04 21:00:00,51.81999969482422,52.650001525878906,51.5,52.08000183105469,52.08000183105469,1269183
ADIB.CA,Banking,2026-08-05 21:00:00,52.08000183105469,53.0,51.810001373291016,53.0,53.0,1046661
