symbol,sector,raw_date_utc,open,high,low,close,adj_close,volume
AFDI.CA,Real Estate,2022-01-01 22:00:00,13.430000305175781,13.800000190734863,13.449999809265137,13.630000114440918,13.630000114440918,107930
AFDI.CA,Real Estate,2022-01-02 22:00:00,13.630000114440918,14.100000381469727,13.520000457763672,13.819999694824219,13.819999694824219,254978
AFDI.CA,Real Estate,2022-01-03 22:00:00,13.819999694824219,14.100000381469727,13.800000190734863,13.869999885559082,13.869999885559082,75607
AFDI.CA,Real Estate,2022-01-04 22:00:00,13.869999885559082,14.350000381469727,13.899999618530273,14.050000190734863,14.050000190734863,119663
AFDI.CA,Real Estate,2022-01-08 22:00:00,14.050000190734863,14.050000190734863,14.050000190734863,14.050000190734863,14.050000190734863,0
AFDI.CA,Real Estate,2022-01-09 22:00:00,13.760000228881836,14.0,13.75,13.779999732971191,13.779999732971191,78872
AFDI.CA,Real Estate,2022-01-10 22:00:00,13.779999732971191,13.800000190734863,13.5,13.539999961853027,13.539999961853027,83063
AFDI.CA,Real Estate,2022-01-11 22:00:00,13.539999961853027,13.699999809265137,13.350000381469727,13.390000343322754,13.390000343322754,41790
AFDI.CA,Real Estate,2022-01-12 22:00:00,13.390000343322754,13.5,13.0,13.010000228881836,13.010000228881836,33328
AFDI.CA,Real Estate,2022-01-15 22:00:00,13.010000228881836,13.020000457763672,12.640000343322754,13.010000228881836,13.010000228881836,21020
AFDI.CA,Real Estate,2022-01-16 22:00:00,13.010000228881836,12.979999542236328,12.529999732971191,12.75,12.75,52009
AFDI.CA,Real Estate,2022-01-17 22:00:00,12.75,13.079999923706055,12.760000228881836,13.0,13.0,27902
AFDI.CA,Real Estate,2022-01-18 22:00:00,13.0,13.130000114440918,12.869999885559082,12.989999771118164,12.989999771118164,108593
AFDI.CA,Real Estate,2022-01-19 22:00:00,12.989999771118164,13.130000114440918,12.800000190734863,12.880000114440918,12.880000114440918,34496
AFDI.CA,Real Estate,2022-01-22 22:00:00,12.880000114440918,12.84000015258789,12.600000381469727,12.630000114440918,12.630000114440918,54141
AFDI.CA,Real Estate,2022-01-23 22:00:00,12.630000114440918,12.949999809265137,12.149999618530273,12.210000038146973,12.210000038146973,43071
AFDI.CA,Real Estate,2022-01-24 22:00:00,12.210000038146973,12.699999809265137,12.029999732971191,12.210000038146973,12.210000038146973,17370
AFDI.CA,Real Estate,2022-01-25 22:00:00,12.210000038146973,12.699999809265137,12.329999923706055,12.210000038146973,12.210000038146973,6370
AFDI.CA,Real Estate,2022-01-29 22:00:00,12.210000038146973,12.699999809265137,12.199999809265137,12.210000038146973,12.210000038146973,12551
AFDI.CA,Real Estate,2022-01-30 22:00:00,12.210000038146973,12.699999809265137,12.229999542236328,12.569999694824219,12.569999694824219,24593
AFDI.CA,Real Estate,2022-01-31 22:00:00,12.569999694824219,12.989999771118164,12.569999694824219,12.869999885559082,12.869999885559082,115353
AFDI.CA,Real Estate,2022-02-01 22:00:00,12.869999885559082,13.350000381469727,12.84000015258789,13.079999923706055,13.079999923706055,148063
AFDI.CA,Real Estate,2022-02-02 22:00:00,13.079999923706055,13.399999618530273,12.8100004196167,13.079999923706055,13.079999923706055,80218
AFDI.CA,Real Estate,2022-02-05 22:00:00,13.079999923706055,13.670000076293945,12.960000038146973,13.470000267028809,13.470000267028809,164552
AFDI.CA,Real Estate,2022-02-06 22:00:00,13.470000267028809,14.220000267028809,13.5,13.6899995803833,13.6899995803833,311033
AFDI.CA,Real Estate,2022-02-07 22:00:00,13.6899995803833,14.079999923706055,13.65999984741211,13.739999771118164,13.739999771118164,243458
AFDI.CA,Real Estate,2022-02-08 22:00:00,13.739999771118164,14.100000381469727,13.510000228881836,13.569999694824219,13.569999694824219,195969
AFDI.CA,Real Estate,2022-02-09 22:00:00,13.569999694824219,13.880000114440918,13.239999771118164,13.300000190734863,13.300000190734863,131913
AFDI.CA,Real Estate,2022-02-12 22:00:00,13.300000190734863,13.399999618530273,12.0,12.069999694824219,12.069999694824219,175598
AFDI.CA,Real Estate,2022-02-13 22:00:00,12.069999694824219,12.449999809265137,11.920000076293945,12.329999923706055,12.329999923706055,84334
AFDI.CA,Real Estate,2022-02-14 22:00:00,12.329999923706055,12.800000190734863,12.319999694824219,12.489999771118164,12.489999771118164,52300
AFDI.CA,Real Estate,2022-02-15 22:00:00,12.489999771118164,12.649999618530273,12.25,12.479999542236328,12.479999542236328,48655
AFDI.CA,Real Estate,2022-02-16 22:00:00,12.479999542236328,12.5,12.020000457763672,12.479999542236328,12.479999542236328,20450
AFDI.CA,Real Estate,2022-02-19 22:00:00,12.479999542236328,12.5,12.100000381469727,12.140000343322754,12.140000343322754,46685
AFDI.CA,Real Estate,2022-02-20 22:00:00,12.140000343322754,12.449999809265137,12.100000381469727,12.270000457763672,12.270000457763672,46626
AFDI.CA,Real Estate,2022-02-21 22:00:00,12.270000457763672,12.390000343322754,11.8100004196167,12.229999542236328,12.229999542236328,54114
AFDI.CA,Real Estate,2022-02-22 22:00:00,12.229999542236328,12.479999542236328,12.100000381469727,12.430000305175781,12.430000305175781,80166
AFDI.CA,Real Estate,2022-02-23 22:00:00,12.430000305175781,11.770000457763672,10.3100004196167,10.710000038146973,10.710000038146973,95951
AFDI.CA,Real Estate,2022-02-26 22:00:00,10.710000038146973,11.430000305175781,11.0,11.34000015258789,11.34000015258789,96564
AFDI.CA,Real Estate,2022-02-27 22:00:00,11.34000015258789,11.300000190734863,10.90999984741211,10.989999771118164,10.989999771118164,65495
AFDI.CA,Real Estate,2022-02-28 22:00:00,10.989999771118164,11.300000190734863,11.0,11.100000381469727,11.100000381469727,158037
AFDI.CA,Real Estate,2022-03-01 22:00:00,11.100000381469727,11.59000015258789,10.90999984741211,11.369999885559082,11.369999885559082,236308
AFDI.CA,Real Estate,2022-03-02 22:00:00,11.369999885559082,11.670000076293945,11.25,11.390000343322754,11.390000343322754,147868
AFDI.CA,Real Estate,2022-03-05 22:00:00,11.390000343322754,11.479999542236328,11.260000228881836,11.34000015258789,11.34000015258789,91141
AFDI.CA,Real Estate,2022-03-06 22:00:00,11.34000015258789,11.470000267028809,10.850000381469727,11.0,11.0,104328
AFDI.CA,Real Estate,2022-03-07 22:00:00,11.0,11.0,11.0,11.0,11.0,0
AFDI.CA,Real Estate,2022-03-08 22:00:00,10.989999771118164,11.3100004196167,10.920000076293945,10.989999771118164,10.989999771118164,85076
AFDI.CA,Real Estate,2022-03-09 22:00:00,10.989999771118164,11.399999618530273,10.850000381469727,11.239999771118164,11.239999771118164,128313
AFDI.CA,Real Estate,2022-03-12 22:00:00,11.239999771118164,11.850000381469727,11.449999809265137,11.65999984741211,11.65999984741211,310375
AFDI.CA,Real Estate,2022-03-13 22:00:00,11.65999984741211,11.859999656677246,11.65999984741211,11.859999656677246,11.859999656677246,77047
AFDI.CA,Real Estate,2022-03-14 22:00:00,11.859999656677246,12.600000381469727,11.600000381469727,12.470000267028809,12.470000267028809,495266
AFDI.CA,Real Estate,2022-03-15 22:00:00,12.470000267028809,13.199999809265137,12.5,12.829999923706055,12.829999923706055,328632
AFDI.CA,Real Estate,2022-03-16 22:00:00,12.829999923706055,13.1899995803833,12.600000381469727,13.010000228881836,13.010000228881836,215408
AFDI.CA,Real Estate,2022-03-19 22:00:00,13.010000228881836,13.210000038146973,12.5,12.59000015258789,12.59000015258789,295326
AFDI.CA,Real Estate,2022-03-20 22:00:00,12.59000015258789,13.0,12.609999656677246,12.710000038146973,12.710000038146973,272792
AFDI.CA,Real Estate,2022-03-21 22:00:00,12.710000038146973,13.100000381469727,12.619999885559082,12.640000343322754,12.640000343322754,179512
AFDI.CA,Real Estate,2022-03-22 22:00:00,12.640000343322754,13.5,12.5600004196167,13.4399995803833,13.4399995803833,357829
AFDI.CA,Real Estate,2022-03-23 22:00:00,13.4399995803833,13.75,13.270000457763672,13.369999885559082,13.369999885559082,302603
AFDI.CA,Real Estate,2022-03-26 22:00:00,13.369999885559082,13.489999771118164,13.0,13.140000343322754,13.140000343322754,132495
AFDI.CA,Real Estate,2022-03-27 22:00:00,13.140000343322754,13.279999732971191,12.0,12.210000038146973,12.210000038146973,257309
AFDI.CA,Real Estate,2022-03-28 22:00:00,12.210000038146973,12.680000305175781,12.100000381469727,12.529999732971191,12.529999732971191,86650
AFDI.CA,Real Estate,2022-03-29 22:00:00,12.529999732971191,12.699999809265137,12.0,12.100000381469727,12.100000381469727,38051
AFDI.CA,Real Estate,2022-03-30 22:00:00,12.100000381469727,12.699999809265137,12.260000228881836,12.319999694824219,12.319999694824219,56131
AFDI.CA,Real Estate,2022-04-02 22:00:00,12.319999694824219,12.770000457763672,12.300000190734863,12.319999694824219,12.319999694824219,16639
AFDI.CA,Real Estate,2022-04-03 22:00:00,12.319999694824219,12.899999618530273,12.5,12.5600004196167,12.5600004196167,35331
AFDI.CA,Real Estate,2022-04-04 22:00:00,12.5600004196167,12.850000381469727,12.569999694824219,12.609999656677246,12.609999656677246,47469
AFDI.CA,Real Estate,2022-04-05 22:00:00,12.609999656677246,13.1899995803833,12.600000381469727,12.90999984741211,12.90999984741211,105991
AFDI.CA,Real Estate,2022-04-06 22:00:00,12.90999984741211,13.0,12.25,12.40999984741211,12.40999984741211,67062
AFDI.CA,Real Estate,2022-04-09 22:00:00,12.40999984741211,12.600000381469727,12.029999732971191,12.09000015258789,12.09000015258789,63570
AFDI.CA,Real Estate,2022-04-10 22:00:00,12.09000015258789,12.4399995803833,11.199999809265137,11.59000015258789,11.59000015258789,86899
AFDI.CA,Real Estate,2022-04-11 22:00:00,11.59000015258789,11.989999771118164,11.600000381469727,11.6899995803833,11.6899995803833,68037
AFDI.CA,Real Estate,2022-04-12 22:00:00,11.6899995803833,12.0,11.609999656677246,11.84000015258789,11.84000015258789,92521
AFDI.CA,Real Estate,2022-04-13 22:00:00,11.84000015258789,11.899999618530273,11.300000190734863,11.5,11.5,74565
AFDI.CA,Real Estate,2022-04-16 22:00:00,11.5,11.59000015258789,10.819999694824219,10.869999885559082,10.869999885559082,83073
AFDI.CA,Real Estate,2022-04-17 22:00:00,10.869999885559082,11.449999809265137,10.699999809265137,11.199999809265137,11.199999809265137,62457
AFDI.CA,Real Estate,2022-04-18 22:00:00,11.199999809265137,11.550000190734863,11.010000228881836,11.329999923706055,11.329999923706055,32663
AFDI.CA,Real Estate,2022-04-19 22:00:00,11.329999923706055,12.09000015258789,11.100000381469727,11.850000381469727,11.850000381469727,92792
AFDI.CA,Real Estate,2022-04-20 22:00:00,11.850000381469727,12.699999809265137,12.0600004196167,12.369999885559082,12.369999885559082,140785
AFDI.CA,Real Estate,2022-04-25 22:00:00,12.369999885559082,12.770000457763672,11.850000381469727,12.029999732971191,12.029999732971191,40588
AFDI.CA,Real Estate,2022-04-26 22:00:00,12.029999732971191,12.239999771118164,11.550000190734863,11.8100004196167,11.8100004196167,56144
AFDI.CA,Real Estate,2022-04-27 22:00:00,11.8100004196167,12.569999694824219,11.720000267028809,12.489999771118164,12.489999771118164,90641
AFDI.CA,Real Estate,2022-05-07 22:00:00,12.489999771118164,12.609999656677246,12.199999809265137,12.510000228881836,12.510000228881836,35530
AFDI.CA,Real Estate,2022-05-08 22:00:00,12.510000228881836,12.399999618530273,12.039999961853027,12.119999885559082,12.119999885559082,30242
AFDI.CA,Real Estate,2022-05-09 22:00:00,12.119999885559082,12.350000381469727,11.829999923706055,11.949999809265137,11.949999809265137,29329
AFDI.CA,Real Estate,2022-05-10 22:00:00,11.949999809265137,12.289999961853027,11.899999618530273,11.949999809265137,11.949999809265137,23623
AFDI.CA,Real Estate,2022-05-11 22:00:00,11.949999809265137,12.220000267028809,11.710000038146973,11.819999694824219,11.819999694824219,28635
AFDI.CA,Real Estate,2022-05-14 22:00:00,11.819999694824219,12.039999961853027,11.75,11.789999961853027,11.789999961853027,48429
AFDI.CA,Real Estate,2022-05-15 22:00:00,11.789999961853027,11.9399995803833,11.640000343322754,11.789999961853027,11.789999961853027,20071
AFDI.CA,Real Estate,2022-05-16 22:00:00,11.789999961853027,12.289999961853027,11.630000114440918,11.859999656677246,11.859999656677246,333914
AFDI.CA,Real Estate,2022-05-17 22:00:00,11.859999656677246,11.979999542236328,11.729999542236328,11.859999656677246,11.859999656677246,19794
AFDI.CA,Real Estate,2022-05-18 22:00:00,11.859999656677246,12.300000190734863,11.699999809265137,12.0,12.0,213666
AFDI.CA,Real Estate,2022-05-21 22:00:00,12.0,12.600000381469727,12.229999542236328,12.34000015258789,12.34000015258789,211928
AFDI.CA,Real Estate,2022-05-22 22:00:00,12.34000015258789,12.670000076293945,12.329999923706055,12.5600004196167,12.5600004196167,224175
AFDI.CA,Real Estate,2022-05-23 22:00:00,12.5600004196167,12.819999694824219,12.550000190734863,12.6899995803833,12.6899995803833,212527
AFDI.CA,Real Estate,2022-05-24 22:00:00,12.6899995803833,12.75,12.0,12.170000076293945,12.170000076293945,177168
AFDI.CA,Real Estate,2022-05-25 22:00:00,12.170000076293945,12.380000114440918,12.0,12.050000190734863,12.050000190734863,77788
AFDI.CA,Real Estate,2022-05-28 22:00:00,12.050000190734863,12.289999961853027,11.710000038146973,11.829999923706055,11.829999923706055,58746
AFDI.CA,Real Estate,2022-05-29 22:00:00,11.829999923706055,12.100000381469727,11.600000381469727,11.770000457763672,11.770000457763672,106055
AFDI.CA,Real Estate,2022-05-30 22:00:00,11.770000457763672,12.180000305175781,11.710000038146973,11.770000457763672,11.770000457763672,107496
AFDI.CA,Real Estate,2022-05-31 22:00:00,11.770000457763672,11.920000076293945,11.520000457763672,11.609999656677246,11.609999656677246,118844
AFDI.CA,Real Estate,2022-06-01 22:00:00,11.609999656677246,11.890000343322754,11.5,11.630000114440918,11.630000114440918,82500
AFDI.CA,Real Estate,2022-06-04 22:00:00,11.630000114440918,11.630000114440918,11.630000114440918,11.630000114440918,11.630000114440918,0
AFDI.CA,Real Estate,2022-06-05 22:00:00,11.579999923706055,11.800000190734863,11.5600004196167,11.579999923706055,11.579999923706055,47722
AFDI.CA,Real Estate,2022-06-06 22:00:00,11.579999923706055,11.920000076293945,11.619999885559082,11.859999656677246,11.859999656677246,97360
AFDI.CA,Real Estate,2022-06-07 22:00:00,11.859999656677246,12.300000190734863,12.020000457763672,12.1899995803833,12.1899995803833,168958
AFDI.CA,Real Estate,2022-06-08 22:00:00,12.1899995803833,12.399999618530273,11.869999885559082,12.149999618530273,12.149999618530273,65506
AFDI.CA,Real Estate,2022-06-11 22:00:00,12.149999618530273,12.380000114440918,11.930000305175781,12.210000038146973,12.210000038146973,105883
AFDI.CA,Real Estate,2022-06-12 22:00:00,12.210000038146973,12.449999809265137,12.0,12.359999656677246,12.359999656677246,218762
AFDI.CA,Real Estate,2022-06-13 22:00:00,12.359999656677246,12.579999923706055,12.260000228881836,12.34000015258789,12.34000015258789,223301
AFDI.CA,Real Estate,2022-06-14 22:00:00,12.34000015258789,12.680000305175781,12.300000190734863,12.3100004196167,12.3100004196167,157562
AFDI.CA,Real Estate,2022-06-15 22:00:00,12.3100004196167,12.479999542236328,12.170000076293945,12.239999771118164,12.239999771118164,71754
AFDI.CA,Real Estate,2022-06-18 22:00:00,12.239999771118164,12.329999923706055,11.760000228881836,11.869999885559082,11.869999885559082,73450
AFDI.CA,Real Estate,2022-06-19 22:00:00,11.869999885559082,12.069999694824219,11.5600004196167,11.640000343322754,11.640000343322754,123685
AFDI.CA,Real Estate,2022-06-20 22:00:00,11.640000343322754,11.890000343322754,11.619999885559082,11.699999809265137,11.699999809265137,100315
AFDI.CA,Real Estate,2022-06-21 22:00:00,11.699999809265137,11.859999656677246,11.5,11.510000228881836,11.510000228881836,172177
AFDI.CA,Real Estate,2022-06-22 22:00:00,11.510000228881836,11.5,11.25,11.3100004196167,11.3100004196167,115982
AFDI.CA,Real Estate,2022-06-25 22:00:00,11.3100004196167,11.5,11.149999618530273,11.229999542236328,11.229999542236328,60159
AFDI.CA,Real Estate,2022-06-26 22:00:00,11.229999542236328,11.279999732971191,10.649999618530273,10.979999542236328,10.979999542236328,97279
AFDI.CA,Real Estate,2022-06-27 22:00:00,10.979999542236328,11.180000305175781,10.5,10.800000190734863,10.800000190734863,59741
AFDI.CA,Real Estate,2022-06-28 22:00:00,10.800000190734863,11.100000381469727,10.699999809265137,10.779999732971191,10.779999732971191,115935
AFDI.CA,Real Estate,2022-07-02 22:00:00,10.779999732971191,10.949999809265137,10.25,10.449999809265137,10.449999809265137,92757
AFDI.CA,Real Estate,2022-07-03 22:00:00,10.449999809265137,10.600000381469727,10.039999961853027,10.119999885559082,10.119999885559082,82583
AFDI.CA,Real Estate,2022-07-04 22:00:00,10.119999885559082,10.489999771118164,10.100000381469727,10.289999961853027,10.289999961853027,68670
AFDI.CA,Real Estate,2022-07-05 22:00:00,10.289999961853027,10.579999923706055,10.260000228881836,10.460000038146973,10.460000038146973,73366
AFDI.CA,Real Estate,2022-07-06 22:00:00,10.460000038146973,10.890000343322754,10.600000381469727,10.779999732971191,10.779999732971191,86119
AFDI.CA,Real Estate,2022-07-16 22:00:00,10.779999732971191,11.0,8.649999618530273,10.729999542236328,10.729999542236328,79132
AFDI.CA,Real Estate,2022-07-17 22:00:00,10.729999542236328,11.489999771118164,10.899999618530273,11.25,11.25,194105
AFDI.CA,Real Estate,2022-07-18 22:00:00,11.25,12.199999809265137,11.359999656677246,12.010000228881836,12.010000228881836,374904
AFDI.CA,Real Estate,2022-07-19 22:00:00,12.010000228881836,12.460000038146973,11.859999656677246,12.359999656677246,12.359999656677246,495763
AFDI.CA,Real Estate,2022-07-20 22:00:00,12.359999656677246,12.760000228881836,12.449999809265137,12.520000457763672,12.520000457763672,418036
AFDI.CA,Real Estate,2022-07-23 22:00:00,12.520000457763672,12.9399995803833,12.399999618530273,12.670000076293945,12.670000076293945,350255
AFDI.CA,Real Estate,2022-07-24 22:00:00,12.670000076293945,13.100000381469727,12.569999694824219,12.869999885559082,12.869999885559082,371929
AFDI.CA,Real Estate,2022-07-25 22:00:00,12.869999885559082,13.25,12.65999984741211,12.720000267028809,12.720000267028809,304349
AFDI.CA,Real Estate,2022-07-26 22:00:00,12.720000267028809,12.84000015258789,12.319999694824219,12.529999732971191,12.529999732971191,204655
AFDI.CA,Real Estate,2022-07-27 22:00:00,12.529999732971191,12.600000381469727,12.3100004196167,12.529999732971191,12.529999732971191,194485
AFDI.CA,Real Estate,2022-07-30 22:00:00,12.529999732971191,13.050000190734863,12.5600004196167,12.90999984741211,12.90999984741211,241094
AFDI.CA,Real Estate,2022-07-31 22:00:00,12.90999984741211,13.319999694824219,12.510000228881836,12.630000114440918,12.630000114440918,345570
AFDI.CA,Real Estate,2022-08-01 22:00:00,12.630000114440918,12.850000381469727,12.600000381469727,12.800000190734863,12.800000190734863,133745
AFDI.CA,Real Estate,2022-08-02 22:00:00,12.800000190734863,12.989999771118164,12.5600004196167,12.600000381469727,12.600000381469727,142066
AFDI.CA,Real Estate,2022-08-03 22:00:00,12.600000381469727,12.829999923706055,12.609999656677246,12.680000305175781,12.680000305175781,189525
AFDI.CA,Real Estate,2022-08-06 22:00:00,12.680000305175781,13.75,12.729999542236328,13.5,13.5,492956
AFDI.CA,Real Estate,2022-08-07 22:00:00,13.5,14.100000381469727,13.300000190734863,13.5600004196167,13.5600004196167,586096
AFDI.CA,Real Estate,2022-08-08 22:00:00,13.5600004196167,13.779999732971191,13.119999885559082,13.229999542236328,13.229999542236328,170279
AFDI.CA,Real Estate,2022-08-09 22:00:00,13.229999542236328,13.670000076293945,12.6899995803833,13.289999961853027,13.289999961853027,273884
AFDI.CA,Real Estate,2022-08-10 22:00:00,13.289999961853027,13.600000381469727,13.210000038146973,13.470000267028809,13.470000267028809,109080
AFDI.CA,Real Estate,2022-08-13 22:00:00,13.470000267028809,14.09000015258789,13.600000381469727,13.970000267028809,13.970000267028809,317499
AFDI.CA,Real Estate,2022-08-14 22:00:00,13.970000267028809,14.180000305175781,13.710000038146973,13.949999809265137,13.949999809265137,204418
AFDI.CA,Real Estate,2022-08-15 22:00:00,13.949999809265137,14.399999618530273,13.8100004196167,14.25,14.25,262308
AFDI.CA,Real Estate,2022-08-16 22:00:00,14.25,14.460000038146973,13.770000457763672,13.949999809265137,13.949999809265137,154806
AFDI.CA,Real Estate,2022-08-17 22:00:00,13.949999809265137,13.949999809265137,13.949999809265137,13.949999809265137,13.949999809265137,0
AFDI.CA,Real Estate,2022-08-20 22:00:00,13.819999694824219,14.130000114440918,13.770000457763672,14.010000228881836,14.010000228881836,101508
AFDI.CA,Real Estate,2022-08-21 22:00:00,14.010000228881836,14.470000267028809,13.789999961853027,13.84000015258789,13.84000015258789,71269
AFDI.CA,Real Estate,2022-08-22 22:00:00,13.84000015258789,13.84000015258789,13.84000015258789,13.84000015258789,13.84000015258789,0
AFDI.CA,Real Estate,2022-08-23 22:00:00,13.699999809265137,14.420000076293945,13.699999809265137,13.789999961853027,13.789999961853027,284091
AFDI.CA,Real Estate,2022-08-24 22:00:00,13.789999961853027,14.100000381469727,13.899999618530273,13.90999984741211,13.90999984741211,86982
AFDI.CA,Real Estate,2022-08-27 22:00:00,13.90999984741211,14.0,13.109999656677246,13.59000015258789,13.59000015258789,173140
AFDI.CA,Real Estate,2022-08-28 22:00:00,13.59000015258789,14.0,13.4399995803833,13.520000457763672,13.520000457763672,80821
AFDI.CA,Real Estate,2022-08-29 22:00:00,13.520000457763672,13.899999618530273,13.5,13.600000381469727,13.600000381469727,36540
AFDI.CA,Real Estate,2022-08-30 22:00:00,13.600000381469727,13.84000015258789,13.25,13.289999961853027,13.289999961853027,36664
AFDI.CA,Real Estate,2022-08-31 22:00:00,13.289999961853027,13.699999809265137,12.949999809265137,13.0600004196167,13.0600004196167,43428
AFDI.CA,Real Estate,2022-09-03 22:00:00,13.0600004196167,13.279999732971191,12.859999656677246,13.109999656677246,13.109999656677246,48479
AFDI.CA,Real Estate,2022-09-04 22:00:00,13.109999656677246,13.6899995803833,13.130000114440918,13.539999961853027,13.539999961853027,45744
AFDI.CA,Real Estate,2022-09-05 22:00:00,13.539999961853027,13.899999618530273,13.460000038146973,13.5,13.5,42646
AFDI.CA,Real Estate,2022-09-06 22:00:00,13.5,13.859999656677246,13.300000190734863,13.359999656677246,13.359999656677246,49649
AFDI.CA,Real Estate,2022-09-07 22:00:00,13.359999656677246,13.75,13.199999809265137,13.470000267028809,13.470000267028809,95605
AFDI.CA,Real Estate,2022-09-10 22:00:00,13.470000267028809,13.979999542236328,13.510000228881836,13.9399995803833,13.9399995803833,188451
AFDI.CA,Real Estate,2022-09-11 22:00:00,13.9399995803833,16.170000076293945,14.149999618530273,16.020000457763672,16.020000457763672,1301182
AFDI.CA,Real Estate,2022-09-12 22:00:00,16.020000457763672,16.389999389648438,15.5,16.260000228881836,16.260000228881836,768965
AFDI.CA,Real Estate,2022-09-13 22:00:00,16.260000228881836,16.68000030517578,15.899999618530273,16.049999237060547,16.049999237060547,345487
AFDI.CA,Real Estate,2022-09-14 22:00:00,16.049999237060547,17.06999969482422,16.100000381469727,16.520000457763672,16.520000457763672,707803
AFDI.CA,Real Estate,2022-09-17 22:00:00,16.520000457763672,16.90999984741211,15.100000381469727,15.90999984741211,15.90999984741211,622927
AFDI.CA,Real Estate,2022-09-18 22:00:00,15.90999984741211,16.700000762939453,15.600000381469727,16.639999389648438,16.639999389648438,352823
AFDI.CA,Real Estate,2022-09-19 22:00:00,16.639999389648438,17.5,16.68000030517578,16.760000228881836,16.760000228881836,1424021
AFDI.CA,Real Estate,2022-09-20 22:00:00,16.760000228881836,17.0,16.149999618530273,16.31999969482422,16.31999969482422,509268
AFDI.CA,Real Estate,2022-09-21 22:00:00,16.31999969482422,16.799999237060547,16.049999237060547,16.399999618530273,16.399999618530273,269533
AFDI.CA,Real Estate,2022-09-24 22:00:00,16.399999618530273,17.440000534057617,16.200000762939453,16.84000015258789,16.84000015258789,670022
AFDI.CA,Real Estate,2022-09-25 22:00:00,16.84000015258789,17.600000381469727,16.90999984741211,16.989999771118164,16.989999771118164,661768
AFDI.CA,Real Estate,2022-09-26 22:00:00,16.989999771118164,17.5,16.969999313354492,17.0,17.0,493324
AFDI.CA,Real Estate,2022-09-27 22:00:00,17.0,18.5,16.850000381469727,18.239999771118164,18.239999771118164,1225501
AFDI.CA,Real Estate,2022-09-28 22:00:00,18.239999771118164,18.59000015258789,18.0,18.200000762939453,18.200000762939453,296502
AFDI.CA,Real Estate,2022-10-01 22:00:00,18.200000762939453,19.0,18.0,18.3799991607666,18.3799991607666,349551
AFDI.CA,Real Estate,2022-10-02 22:00:00,18.3799991607666,18.969999313354492,18.0,18.06999969482422,18.06999969482422,397470
AFDI.CA,Real Estate,2022-10-03 22:00:00,18.06999969482422,18.649999618530273,17.200000762939453,17.68000030517578,17.68000030517578,977995
AFDI.CA,Real Estate,2022-10-04 22:00:00,17.68000030517578,17.8799991607666,16.8799991607666,16.969999313354492,16.969999313354492,668221
AFDI.CA,Real Estate,2022-10-08 22:00:00,16.969999313354492,17.200000762939453,16.399999618530273,16.700000762939453,16.700000762939453,374788
AFDI.CA,Real Estate,2022-10-09 22:00:00,16.700000762939453,17.049999237060547,16.049999237060547,16.18000030517578,16.18000030517578,436987
AFDI.CA,Real Estate,2022-10-10 22:00:00,16.18000030517578,16.489999771118164,15.8100004196167,15.949999809265137,15.949999809265137,511995
AFDI.CA,Real Estate,2022-10-11 22:00:00,15.949999809265137,16.399999618530273,15.850000381469727,16.229999542236328,16.229999542236328,253456
AFDI.CA,Real Estate,2022-10-12 22:00:00,16.229999542236328,16.850000381469727,16.200000762939453,16.690000534057617,16.690000534057617,300435
AFDI.CA,Real Estate,2022-10-15 22:00:00,16.690000534057617,17.3799991607666,16.75,17.31999969482422,17.31999969482422,601808
AFDI.CA,Real Estate,2022-10-16 22:00:00,17.31999969482422,17.799999237060547,17.030000686645508,17.1200008392334,17.1200008392334,716596
AFDI.CA,Real Estate,2022-10-17 22:00:00,17.1200008392334,17.399999618530273,16.969999313354492,17.15999984741211,17.15999984741211,389735
AFDI.CA,Real Estate,2022-10-18 22:00:00,17.15999984741211,17.389999389648438,16.610000610351562,16.68000030517578,16.68000030517578,337901
AFDI.CA,Real Estate,2022-10-19 22:00:00,16.68000030517578,17.0,16.280000686645508,16.790000915527344,16.790000915527344,440201
AFDI.CA,Real Estate,2022-10-22 22:00:00,16.790000915527344,17.850000381469727,17.219999313354492,17.329999923706055,17.329999923706055,1021723
AFDI.CA,Real Estate,2022-10-23 22:00:00,17.329999923706055,17.549999237060547,16.399999618530273,16.760000228881836,16.760000228881836,290432
AFDI.CA,Real Estate,2022-10-24 22:00:00,16.760000228881836,16.799999237060547,15.920000076293945,16.219999313354492,16.219999313354492,303124
AFDI.CA,Real Estate,2022-10-25 22:00:00,16.219999313354492,16.219999313354492,16.219999313354492,16.219999313354492,16.219999313354492,0
AFDI.CA,Real Estate,2022-10-26 22:00:00,16.5,16.93000030517578,16.110000610351562,16.18000030517578,16.18000030517578,526709
AFDI.CA,Real Estate,2022-10-29 22:00:00,16.18000030517578,16.549999237060547,15.550000190734863,15.609999656677246,15.609999656677246,303003
AFDI.CA,Real Estate,2022-10-30 22:00:00,15.609999656677246,15.600000381469727,15.020000457763672,15.460000038146973,15.460000038146973,255923
AFDI.CA,Real Estate,2022-10-31 22:00:00,15.460000038146973,15.789999961853027,15.260000228881836,15.289999961853027,15.289999961853027,488146
AFDI.CA,Real Estate,2022-11-01 22:00:00,15.289999961853027,15.5,15.100000381469727,15.25,15.25,254510
AFDI.CA,Real Estate,2022-11-02 22:00:00,15.25,15.710000038146973,15.199999809265137,15.609999656677246,15.609999656677246,635970
AFDI.CA,Real Estate,2022-11-05 22:00:00,15.609999656677246,15.800000190734863,15.220000267028809,15.289999961853027,15.289999961853027,197664
AFDI.CA,Real Estate,2022-11-06 22:00:00,15.289999961853027,15.899999618530273,15.289999961853027,15.579999923706055,15.579999923706055,301832
AFDI.CA,Real Estate,2022-11-07 22:00:00,15.579999923706055,15.869999885559082,15.270000457763672,15.350000381469727,15.350000381469727,180565
AFDI.CA,Real Estate,2022-11-08 22:00:00,15.350000381469727,15.449999809265137,15.029999732971191,15.15999984741211,15.15999984741211,108569
AFDI.CA,Real Estate,2022-11-09 22:00:00,15.15999984741211,15.619999885559082,15.119999885559082,15.279999732971191,15.279999732971191,99080
AFDI.CA,Real Estate,2022-11-12 22:00:00,15.279999732971191,15.890000343322754,15.289999961853027,15.430000305175781,15.430000305175781,155004
AFDI.CA,Real Estate,2022-11-13 22:00:00,15.430000305175781,15.779999732971191,15.5,15.630000114440918,15.630000114440918,102578
AFDI.CA,Real Estate,2022-11-14 22:00:00,15.630000114440918,16.1299991607666,15.550000190734863,15.989999771118164,15.989999771118164,319081
AFDI.CA,Real Estate,2022-11-15 22:00:00,15.989999771118164,16.360000610351562,16.0,16.209999084472656,16.209999084472656,305924
AFDI.CA,Real Estate,2022-11-16 22:00:00,16.209999084472656,16.399999618530273,15.949999809265137,16.0,16.0,194063
AFDI.CA,Real Estate,2022-11-19 22:00:00,16.0,16.399999618530273,15.970000267028809,16.040000915527344,16.040000915527344,117983
AFDI.CA,Real Estate,2022-11-20 22:00:00,16.040000915527344,16.299999237060547,15.710000038146973,15.949999809265137,15.949999809265137,138260
AFDI.CA,Real Estate,2022-11-21 22:00:00,15.949999809265137,16.299999237060547,15.979999542236328,16.139999389648438,16.139999389648438,208549
AFDI.CA,Real Estate,2022-11-22 22:00:00,16.139999389648438,16.399999618530273,15.949999809265137,16.030000686645508,16.030000686645508,158606
AFDI.CA,Real Estate,2022-11-23 22:00:00,16.030000686645508,16.309999465942383,16.0,16.059999465942383,16.059999465942383,148955
AFDI.CA,Real Estate,2022-11-26 22:00:00,16.059999465942383,16.719999313354492,16.06999969482422,16.31999969482422,16.31999969482422,658710
AFDI.CA,Real Estate,2022-11-27 22:00:00,16.31999969482422,16.6200008392334,16.31999969482422,16.389999389648438,16.389999389648438,438827
AFDI.CA,Real Estate,2022-11-28 22:00:00,16.389999389648438,17.0,16.5,16.690000534057617,16.690000534057617,582237
AFDI.CA,Real Estate,2022-11-29 22:00:00,16.690000534057617,16.950000762939453,16.459999084472656,16.520000457763672,16.520000457763672,287887
AFDI.CA,Real Estate,2022-11-30 22:00:00,16.520000457763672,17.649999618530273,16.739999771118164,17.520000457763672,17.520000457763672,810040
AFDI.CA,Real Estate,2022-12-03 22:00:00,17.520000457763672,18.549999237060547,17.899999618530273,18.030000686645508,18.030000686645508,738979
AFDI.CA,Real Estate,2022-12-04 22:00:00,18.030000686645508,18.260000228881836,17.43000030517578,17.510000228881836,17.510000228881836,450600
AFDI.CA,Real Estate,2022-12-05 22:00:00,17.510000228881836,17.799999237060547,17.399999618530273,17.489999771118164,17.489999771118164,200488
AFDI.CA,Real Estate,2022-12-06 22:00:00,17.489999771118164,18.149999618530273,17.6200008392334,17.719999313354492,17.719999313354492,317298
AFDI.CA,Real Estate,2022-12-07 22:00:00,17.719999313354492,18.690000534057617,17.610000610351562,18.450000762939453,18.450000762939453,717184
AFDI.CA,Real Estate,2022-12-10 22:00:00,18.450000762939453,19.440000534057617,18.649999618530273,18.899999618530273,18.899999618530273,789557
AFDI.CA,Real Estate,2022-12-11 22:00:00,18.899999618530273,18.899999618530273,18.25,18.520000457763672,18.520000457763672,349932
AFDI.CA,Real Estate,2022-12-12 22:00:00,18.520000457763672,19.350000381469727,18.700000762939453,19.170000076293945,19.170000076293945,377125
AFDI.CA,Real Estate,2022-12-13 22:00:00,19.170000076293945,19.549999237060547,19.049999237060547,19.5,19.5,417499
AFDI.CA,Real Estate,2022-12-14 22:00:00,19.5,19.799999237060547,18.799999237060547,18.8700008392334,18.8700008392334,246315
AFDI.CA,Real Estate,2022-12-17 22:00:00,18.8700008392334,19.200000762939453,18.0,18.209999084472656,18.209999084472656,158387
AFDI.CA,Real Estate,2022-12-18 22:00:00,18.209999084472656,18.399999618530273,17.700000762939453,17.799999237060547,17.799999237060547,192109
AFDI.CA,Real Estate,2022-12-19 22:00:00,17.799999237060547,18.219999313354492,17.700000762939453,17.829999923706055,17.829999923706055,100457
AFDI.CA,Real Estate,2022-12-20 22:00:00,17.829999923706055,18.0,17.3700008392334,17.459999084472656,17.459999084472656,91820
AFDI.CA,Real Estate,2022-12-21 22:00:00,17.459999084472656,17.989999771118164,17.200000762939453,17.239999771118164,17.239999771118164,180894
AFDI.CA,Real Estate,2022-12-24 22:00:00,17.239999771118164,17.290000915527344,16.649999618530273,16.780000686645508,16.780000686645508,104547
AFDI.CA,Real Estate,2022-12-25 22:00:00,16.780000686645508,17.299999237060547,16.559999465942383,17.209999084472656,17.209999084472656,64949
AFDI.CA,Real Estate,2022-12-26 22:00:00,17.209999084472656,17.75,17.149999618530273,17.209999084472656,17.209999084472656,173455
AFDI.CA,Real Estate,2022-12-27 22:00:00,17.209999084472656,17.799999237060547,17.200000762939453,17.600000381469727,17.600000381469727,118379
AFDI.CA,Real Estate,2022-12-28 22:00:00,17.600000381469727,18.489999771118164,17.6299991607666,18.399999618530273,18.399999618530273,341761
AFDI.CA,Real Estate,2023-01-01 22:00:00,18.399999618530273,18.700000762939453,18.299999237060547,18.420000076293945,18.420000076293945,144647
AFDI.CA,Real Estate,2023-01-02 22:00:00,18.420000076293945,18.959999084472656,18.299999237060547,18.540000915527344,18.540000915527344,139584
AFDI.CA,Real Estate,2023-01-03 22:00:00,18.540000915527344,18.5,17.549999237060547,17.950000762939453,17.950000762939453,278655
AFDI.CA,Real Estate,2023-01-04 22:00:00,17.950000762939453,18.350000381469727,17.899999618530273,17.93000030517578,17.93000030517578,176426
AFDI.CA,Real Estate,2023-01-08 22:00:00,17.93000030517578,18.3700008392334,17.510000228881836,17.700000762939453,17.700000762939453,182836
AFDI.CA,Real Estate,2023-01-09 22:00:00,17.700000762939453,17.8799991607666,16.799999237060547,16.850000381469727,16.850000381469727,87822
AFDI.CA,Real Estate,2023-01-10 22:00:00,16.850000381469727,17.540000915527344,16.610000610351562,16.739999771118164,16.739999771118164,141881
AFDI.CA,Real Estate,2023-01-11 22:00:00,16.739999771118164,17.229999542236328,16.1200008392334,16.809999465942383,16.809999465942383,126726
AFDI.CA,Real Estate,2023-01-14 22:00:00,16.809999465942383,17.389999389648438,16.6200008392334,16.770000457763672,16.770000457763672,178114
AFDI.CA,Real Estate,2023-01-15 22:00:00,16.770000457763672,17.200000762939453,16.81999969482422,16.959999084472656,16.959999084472656,112105
AFDI.CA,Real Estate,2023-01-16 22:00:00,16.959999084472656,18.950000762939453,17.0,18.68000030517578,18.68000030517578,767368
AFDI.CA,Real Estate,2023-01-17 22:00:00,18.68000030517578,19.520000457763672,18.5,18.670000076293945,18.670000076293945,712580
AFDI.CA,Real Estate,2023-01-18 22:00:00,18.670000076293945,19.690000534057617,18.469999313354492,19.1299991607666,19.1299991607666,561282
AFDI.CA,Real Estate,2023-01-21 22:00:00,19.1299991607666,19.399999618530273,18.56999969482422,18.639999389648438,18.639999389648438,296951
AFDI.CA,Real Estate,2023-01-22 22:00:00,18.639999389648438,19.0,18.299999237060547,18.440000534057617,18.440000534057617,213899
AFDI.CA,Real Estate,2023-01-23 22:00:00,18.440000534057617,18.59000015258789,18.040000915527344,18.170000076293945,18.170000076293945,88835
AFDI.CA,Real Estate,2023-01-24 22:00:00,18.170000076293945,18.5,17.899999618530273,18.040000915527344,18.040000915527344,114588
AFDI.CA,Real Estate,2023-01-28 22:00:00,18.040000915527344,18.93000030517578,17.93000030517578,18.469999313354492,18.469999313354492,203711
AFDI.CA,Real Estate,2023-01-29 22:00:00,18.469999313354492,18.8700008392334,17.520000457763672,17.790000915527344,17.790000915527344,192455
AFDI.CA,Real Estate,2023-01-30 22:00:00,17.790000915527344,18.149999618530273,17.260000228881836,17.350000381469727,17.350000381469727,60556
AFDI.CA,Real Estate,2023-01-31 22:00:00,17.350000381469727,17.56999969482422,16.90999984741211,17.100000381469727,17.100000381469727,118892
AFDI.CA,Real Estate,2023-02-01 22:00:00,17.100000381469727,17.290000915527344,16.309999465942383,16.479999542236328,16.479999542236328,94472
AFDI.CA,Real Estate,2023-02-04 22:00:00,16.479999542236328,16.459999084472656,15.75,15.970000267028809,15.970000267028809,96999
AFDI.CA,Real Estate,2023-02-05 22:00:00,15.970000267028809,16.450000762939453,15.75,15.90999984741211,15.90999984741211,105619
AFDI.CA,Real Estate,2023-02-06 22:00:00,15.90999984741211,17.1200008392334,16.0,16.8700008392334,16.8700008392334,221122
AFDI.CA,Real Estate,2023-02-07 22:00:00,16.8700008392334,17.299999237060547,16.450000762939453,16.639999389648438,16.639999389648438,103492
AFDI.CA,Real Estate,2023-02-08 22:00:00,16.639999389648438,17.0,16.5,16.75,16.75,178027
AFDI.CA,Real Estate,2023-02-11 22:00:00,16.75,17.219999313354492,16.5,16.81999969482422,16.81999969482422,170700
AFDI.CA,Real Estate,2023-02-12 22:00:00,16.81999969482422,17.170000076293945,16.639999389648438,16.84000015258789,16.84000015258789,140199
AFDI.CA,Real Estate,2023-02-13 22:00:00,16.84000015258789,17.200000762939453,16.829999923706055,16.90999984741211,16.90999984741211,171669
AFDI.CA,Real Estate,2023-02-14 22:00:00,16.90999984741211,17.68000030517578,17.030000686645508,17.549999237060547,17.549999237060547,298636
AFDI.CA,Real Estate,2023-02-15 22:00:00,17.549999237060547,17.799999237060547,17.299999237060547,17.43000030517578,17.43000030517578,128518
AFDI.CA,Real Estate,2023-02-18 22:00:00,17.43000030517578,18.149999618530273,17.440000534057617,18.040000915527344,18.040000915527344,355630
AFDI.CA,Real Estate,2023-02-19 22:00:00,18.040000915527344,18.389999389648438,17.1200008392334,17.350000381469727,17.350000381469727,462327
AFDI.CA,Real Estate,2023-02-20 22:00:00,17.350000381469727,17.850000381469727,17.15999984741211,17.479999542236328,17.479999542236328,273560
AFDI.CA,Real Estate,2023-02-21 22:00:00,17.479999542236328,17.84000015258789,16.979999542236328,17.040000915527344,17.040000915527344,314523
AFDI.CA,Real Estate,2023-02-22 22:00:00,17.040000915527344,17.3799991607666,16.639999389648438,16.950000762939453,16.950000762939453,126225
AFDI.CA,Real Estate,2023-02-25 22:00:00,16.950000762939453,17.399999618530273,16.90999984741211,17.15999984741211,17.15999984741211,95622
AFDI.CA,Real Estate,2023-02-26 22:00:00,17.15999984741211,17.549999237060547,17.059999465942383,17.229999542236328,17.229999542236328,178498
AFDI.CA,Real Estate,2023-02-27 22:00:00,17.229999542236328,17.56999969482422,17.25,17.459999084472656,17.459999084472656,156574
AFDI.CA,Real Estate,2023-02-28 22:00:00,17.459999084472656,18.219999313354492,17.399999618530273,17.989999771118164,17.989999771118164,373873
AFDI.CA,Real Estate,2023-03-01 22:00:00,17.989999771118164,18.350000381469727,17.700000762939453,17.8700008392334,17.8700008392334,188898
AFDI.CA,Real Estate,2023-03-04 22:00:00,17.8700008392334,18.18000030517578,17.5,17.889999389648438,17.889999389648438,174796
AFDI.CA,Real Estate,2023-03-05 22:00:00,17.889999389648438,18.850000381469727,18.0,18.25,18.25,605362
AFDI.CA,Real Estate,2023-03-06 22:00:00,18.25,18.5,17.549999237060547,17.690000534057617,17.690000534057617,266395
AFDI.CA,Real Estate,2023-03-07 22:00:00,17.690000534057617,17.690000534057617,17.25,17.350000381469727,17.350000381469727,268850
AFDI.CA,Real Estate,2023-03-08 22:00:00,17.350000381469727,17.709999084472656,17.1299991607666,17.549999237060547,17.549999237060547,236664
AFDI.CA,Real Estate,2023-03-11 22:00:00,17.549999237060547,17.600000381469727,16.75,16.84000015258789,16.84000015258789,165652
AFDI.CA,Real Estate,2023-03-12 22:00:00,16.84000015258789,17.100000381469727,14.75,15.0,15.0,178167
AFDI.CA,Real Estate,2023-03-13 22:00:00,15.0,15.5,14.800000190734863,15.039999961853027,15.039999961853027,112573
AFDI.CA,Real Estate,2023-03-14 22:00:00,15.039999961853027,15.640000343322754,12.039999961853027,12.510000228881836,12.510000228881836,193328
AFDI.CA,Real Estate,2023-03-15 22:00:00,12.510000228881836,12.899999618530273,11.329999923706055,12.3100004196167,12.3100004196167,360478
AFDI.CA,Real Estate,2023-03-18 22:00:00,12.3100004196167,14.770000457763672,11.75,14.520000457763672,14.520000457763672,641782
AFDI.CA,Real Estate,2023-03-19 22:00:00,14.520000457763672,17.40999984741211,14.5,16.979999542236328,16.979999542236328,782851
AFDI.CA,Real Estate,2023-03-20 22:00:00,16.979999542236328,17.200000762939453,16.049999237060547,16.110000610351562,16.110000610351562,251481
AFDI.CA,Real Estate,2023-03-21 22:00:00,16.110000610351562,16.5,15.649999618530273,15.770000457763672,15.770000457763672,101049
AFDI.CA,Real Estate,2023-03-22 22:00:00,15.770000457763672,16.329999923706055,15.520000457763672,16.100000381469727,16.100000381469727,64281
AFDI.CA,Real Estate,2023-03-25 22:00:00,16.100000381469727,16.75,16.0,16.290000915527344,16.290000915527344,72857
AFDI.CA,Real Estate,2023-03-26 22:00:00,16.290000915527344,16.959999084472656,15.75,16.459999084472656,16.459999084472656,123230
AFDI.CA,Real Estate,2023-03-27 22:00:00,16.459999084472656,17.18000030517578,15.930000305175781,16.510000228881836,16.510000228881836,453306
AFDI.CA,Real Estate,2023-03-28 22:00:00,16.510000228881836,17.979999542236328,16.799999237060547,17.0,17.0,794771
AFDI.CA,Real Estate,2023-03-29 22:00:00,17.0,18.200000762939453,16.5,16.969999313354492,16.969999313354492,1982812
AFDI.CA,Real Estate,2023-04-01 22:00:00,16.969999313354492,17.739999771118164,16.979999542236328,17.610000610351562,17.610000610351562,761481
AFDI.CA,Real Estate,2023-04-02 22:00:00,17.610000610351562,18.0,17.309999465942383,17.6299991607666,17.6299991607666,508875
AFDI.CA,Real Estate,2023-04-03 22:00:00,17.6299991607666,18.329999923706055,17.559999465942383,18.110000610351562,18.110000610351562,746113
AFDI.CA,Real Estate,2023-04-04 22:00:00,18.110000610351562,18.25,17.729999542236328,17.799999237060547,17.799999237060547,507331
AFDI.CA,Real Estate,2023-04-05 22:00:00,17.799999237060547,18.049999237060547,17.239999771118164,17.389999389648438,17.389999389648438,372166
AFDI.CA,Real Estate,2023-04-08 22:00:00,17.389999389648438,17.649999618530273,17.100000381469727,17.360000610351562,17.360000610351562,136953
AFDI.CA,Real Estate,2023-04-09 22:00:00,17.360000610351562,17.5,17.010000228881836,17.209999084472656,17.209999084472656,225217
AFDI.CA,Real Estate,2023-04-10 22:00:00,17.209999084472656,17.579999923706055,17.200000762939453,17.3700008392334,17.3700008392334,429138
AFDI.CA,Real Estate,2023-04-11 22:00:00,17.3700008392334,17.670000076293945,17.25,17.309999465942383,17.309999465942383,255392
AFDI.CA,Real Estate,2023-04-12 22:00:00,17.309999465942383,17.350000381469727,17.09000015258789,17.139999389648438,17.139999389648438,176602
AFDI.CA,Real Estate,2023-04-17 22:00:00,17.139999389648438,17.290000915527344,16.799999237060547,16.93000030517578,16.93000030517578,259446
AFDI.CA,Real Estate,2023-04-18 22:00:00,16.93000030517578,17.350000381469727,16.799999237060547,16.959999084472656,16.959999084472656,222268
AFDI.CA,Real Estate,2023-04-25 22:00:00,16.959999084472656,17.25,16.81999969482422,16.899999618530273,16.899999618530273,118821
AFDI.CA,Real Estate,2023-04-26 22:00:00,16.899999618530273,17.489999771118164,16.850000381469727,17.25,17.25,313021
AFDI.CA,Real Estate,2023-04-29 21:00:00,17.25,17.770000457763672,17.040000915527344,17.1299991607666,17.1299991607666,494724
AFDI.CA,Real Estate,2023-04-30 21:00:00,17.1299991607666,17.1299991607666,17.1299991607666,17.1299991607666,17.1299991607666,0
AFDI.CA,Real Estate,2023-05-01 21:00:00,16.829999923706055,17.149999618530273,16.510000228881836,16.729999542236328,16.729999542236328,153271
AFDI.CA,Real Estate,2023-05-02 21:00:00,16.729999542236328,16.899999618530273,16.399999618530273,16.559999465942383,16.559999465942383,119373
AFDI.CA,Real Estate,2023-05-06 21:00:00,16.559999465942383,16.600000381469727,16.100000381469727,16.280000686645508,16.280000686645508,174364
AFDI.CA,Real Estate,2023-05-07 21:00:00,16.280000686645508,16.90999984741211,16.350000381469727,16.809999465942383,16.809999465942383,112365
AFDI.CA,Real Estate,2023-05-08 21:00:00,16.809999465942383,17.25,16.549999237060547,16.670000076293945,16.670000076293945,279492
AFDI.CA,Real Estate,2023-05-09 21:00:00,16.670000076293945,16.729999542236328,16.299999237060547,16.549999237060547,16.549999237060547,174104
AFDI.CA,Real Estate,2023-05-10 21:00:00,16.549999237060547,17.0,16.5,16.549999237060547,16.549999237060547,151209
AFDI.CA,Real Estate,2023-05-13 21:00:00,16.549999237060547,16.8799991607666,16.40999984741211,16.65999984741211,16.65999984741211,82588
AFDI.CA,Real Estate,2023-05-14 21:00:00,16.65999984741211,16.799999237060547,16.309999465942383,16.329999923706055,16.329999923706055,107060
AFDI.CA,Real Estate,2023-05-15 21:00:00,16.329999923706055,16.360000610351562,16.010000228881836,16.149999618530273,16.149999618530273,100784
AFDI.CA,Real Estate,2023-05-16 21:00:00,16.149999618530273,16.3700008392334,15.619999885559082,15.710000038146973,15.710000038146973,152655
AFDI.CA,Real Estate,2023-05-17 21:00:00,15.710000038146973,15.880000114440918,15.359999656677246,15.430000305175781,15.430000305175781,79558
AFDI.CA,Real Estate,2023-05-20 21:00:00,15.430000305175781,15.9399995803833,15.569999694824219,15.609999656677246,15.609999656677246,70271
AFDI.CA,Real Estate,2023-05-21 21:00:00,15.609999656677246,16.100000381469727,15.739999771118164,15.8100004196167,15.8100004196167,106461
AFDI.CA,Real Estate,2023-05-22 21:00:00,15.8100004196167,16.09000015258789,15.739999771118164,16.0,16.0,61132
AFDI.CA,Real Estate,2023-05-23 21:00:00,16.0,16.270000457763672,16.010000228881836,16.079999923706055,16.079999923706055,98934
AFDI.CA,Real Estate,2023-05-24 21:00:00,16.079999923706055,16.329999923706055,15.800000190734863,15.859999656677246,15.859999656677246,94591
AFDI.CA,Real Estate,2023-05-27 21:00:00,15.859999656677246,16.639999389648438,16.030000686645508,16.579999923706055,16.579999923706055,246121
AFDI.CA,Real Estate,2023-05-28 21:00:00,16.579999923706055,17.260000228881836,16.700000762939453,17.010000228881836,17.010000228881836,474675
AFDI.CA,Real Estate,2023-05-29 21:00:00,17.010000228881836,17.329999923706055,16.899999618530273,16.979999542236328,16.979999542236328,237216
AFDI.CA,Real Estate,2023-05-30 21:00:00,16.979999542236328,17.200000762939453,16.899999618530273,17.010000228881836,17.010000228881836,222915
AFDI.CA,Real Estate,2023-05-31 21:00:00,17.010000228881836,17.15999984741211,16.799999237060547,16.969999313354492,16.969999313354492,89544
AFDI.CA,Real Estate,2023-06-03 21:00:00,16.969999313354492,17.649999618530273,17.0,17.329999923706055,17.329999923706055,405993
AFDI.CA,Real Estate,2023-06-04 21:00:00,17.329999923706055,17.600000381469727,16.90999984741211,17.0,17.0,261186
AFDI.CA,Real Estate,2023-06-05 21:00:00,17.0,17.270000457763672,16.700000762939453,16.8799991607666,16.8799991607666,167824
AFDI.CA,Real Estate,2023-06-06 21:00:00,16.8799991607666,17.25,16.649999618530273,16.709999084472656,16.709999084472656,175542
AFDI.CA,Real Estate,2023-06-07 21:00:00,16.709999084472656,17.0,16.700000762939453,16.90999984741211,16.90999984741211,101872
AFDI.CA,Real Estate,2023-06-10 21:00:00,16.90999984741211,17.0,16.700000762939453,16.729999542236328,16.729999542236328,77729
AFDI.CA,Real Estate,2023-06-11 21:00:00,16.729999542236328,16.8799991607666,16.600000381469727,16.65999984741211,16.65999984741211,53769
AFDI.CA,Real Estate,2023-06-12 21:00:00,16.65999984741211,16.829999923706055,16.5,16.530000686645508,16.530000686645508,107441
AFDI.CA,Real Estate,2023-06-13 21:00:00,16.530000686645508,16.850000381469727,16.200000762939453,16.260000228881836,16.260000228881836,82032
AFDI.CA,Real Estate,2023-06-14 21:00:00,16.260000228881836,17.040000915527344,16.5,16.700000762939453,16.700000762939453,240090
AFDI.CA,Real Estate,2023-06-17 21:00:00,16.700000762939453,16.940000534057617,16.690000534057617,16.809999465942383,16.809999465942383,115480
AFDI.CA,Real Estate,2023-06-18 21:00:00,16.809999465942383,17.219999313354492,16.829999923706055,16.899999618530273,16.899999618530273,246937
AFDI.CA,Real Estate,2023-06-19 21:00:00,16.899999618530273,17.06999969482422,16.709999084472656,16.780000686645508,16.780000686645508,90149
AFDI.CA,Real Estate,2023-06-20 21:00:00,16.780000686645508,16.799999237060547,16.229999542236328,16.34000015258789,16.34000015258789,70335
AFDI.CA,Real Estate,2023-06-21 21:00:00,16.34000015258789,16.600000381469727,16.0,16.209999084472656,16.209999084472656,154752
AFDI.CA,Real Estate,2023-06-24 21:00:00,16.209999084472656,16.829999923706055,16.100000381469727,16.1299991607666,16.1299991607666,52778
AFDI.CA,Real Estate,2023-06-25 21:00:00,16.1299991607666,16.270000457763672,16.049999237060547,16.110000610351562,16.110000610351562,60870
AFDI.CA,Real Estate,2023-07-03 21:00:00,16.110000610351562,16.420000076293945,16.1299991607666,16.170000076293945,16.170000076293945,33158
AFDI.CA,Real Estate,2023-07-04 21:00:00,16.170000076293945,16.3700008392334,16.1299991607666,16.260000228881836,16.260000228881836,29365
AFDI.CA,Real Estate,2023-07-05 21:00:00,16.260000228881836,16.299999237060547,16.06999969482422,16.139999389648438,16.139999389648438,62200
AFDI.CA,Real Estate,2023-07-08 21:00:00,16.139999389648438,16.100000381469727,14.0,15.289999961853027,15.289999961853027,38599
AFDI.CA,Real Estate,2023-07-09 21:00:00,15.289999961853027,15.199999809265137,14.260000228881836,15.010000228881836,15.010000228881836,39776
AFDI.CA,Real Estate,2023-07-10 21:00:00,15.010000228881836,15.800000190734863,15.010000228881836,15.510000228881836,15.510000228881836,56092
AFDI.CA,Real Estate,2023-07-11 21:00:00,15.510000228881836,15.800000190734863,15.350000381469727,15.449999809265137,15.449999809265137,49907
AFDI.CA,Real Estate,2023-07-12 21:00:00,15.449999809265137,15.5,15.300000190734863,15.460000038146973,15.460000038146973,56075
AFDI.CA,Real Estate,2023-07-15 21:00:00,15.460000038146973,16.09000015258789,14.699999809265137,15.680000305175781,15.680000305175781,192620
AFDI.CA,Real Estate,2023-07-16 21:00:00,15.680000305175781,15.779999732971191,15.600000381469727,15.65999984741211,15.65999984741211,39915
AFDI.CA,Real Estate,2023-07-17 21:00:00,15.65999984741211,15.850000381469727,15.039999961853027,15.600000381469727,15.600000381469727,44344
AFDI.CA,Real Estate,2023-07-18 21:00:00,15.600000381469727,15.600000381469727,15.600000381469727,15.600000381469727,15.600000381469727,0
AFDI.CA,Real Estate,2023-07-23 21:00:00,15.75,15.859999656677246,15.5,15.569999694824219,15.569999694824219,27032
AFDI.CA,Real Estate,2023-07-24 21:00:00,15.569999694824219,15.6899995803833,15.270000457763672,15.460000038146973,15.460000038146973,33530
AFDI.CA,Real Estate,2023-07-25 21:00:00,15.460000038146973,15.630000114440918,15.079999923706055,15.149999618530273,15.149999618530273,35242
AFDI.CA,Real Estate,2023-07-26 21:00:00,15.149999618530273,15.34000015258789,15.050000190734863,15.289999961853027,15.289999961853027,55083
AFDI.CA,Real Estate,2023-07-29 21:00:00,15.289999961853027,15.649999618530273,15.100000381469727,15.489999771118164,15.489999771118164,90717
AFDI.CA,Real Estate,2023-07-30 21:00:00,15.489999771118164,15.75,15.430000305175781,15.5,15.5,82775
AFDI.CA,Real Estate,2023-07-31 21:00:00,15.5,15.75,15.449999809265137,15.529999732971191,15.529999732971191,31484
AFDI.CA,Real Estate,2023-08-01 21:00:00,15.529999732971191,15.75,15.100000381469727,15.170000076293945,15.170000076293945,51071
AFDI.CA,Real Estate,2023-08-02 21:00:00,15.170000076293945,15.5,15.0,15.180000305175781,15.180000305175781,38375
AFDI.CA,Real Estate,2023-08-05 21:00:00,15.180000305175781,16.079999923706055,15.390000343322754,15.779999732971191,15.779999732971191,175927
AFDI.CA,Real Estate,2023-08-06 21:00:00,15.779999732971191,15.9399995803833,15.600000381469727,15.739999771118164,15.739999771118164,71081
AFDI.CA,Real Estate,2023-08-07 21:00:00,15.739999771118164,15.899999618530273,15.529999732971191,15.5600004196167,15.5600004196167,73271
AFDI.CA,Real Estate,2023-08-08 21:00:00,15.5600004196167,15.789999961853027,15.329999923706055,15.4399995803833,15.4399995803833,66050
AFDI.CA,Real Estate,2023-08-09 21:00:00,15.4399995803833,15.430000305175781,15.270000457763672,15.319999694824219,15.319999694824219,37679
AFDI.CA,Real Estate,2023-08-12 21:00:00,15.319999694824219,15.699999809265137,15.300000190734863,15.59000015258789,15.59000015258789,33967
AFDI.CA,Real Estate,2023-08-13 21:00:00,15.59000015258789,15.899999618530273,15.550000190734863,15.760000228881836,15.760000228881836,85590
AFDI.CA,Real Estate,2023-08-14 21:00:00,15.760000228881836,16.549999237060547,15.699999809265137,16.1200008392334,16.1200008392334,431485
AFDI.CA,Real Estate,2023-08-15 21:00:00,16.1200008392334,16.950000762939453,16.1200008392334,16.18000030517578,16.18000030517578,549044
AFDI.CA,Real Estate,2023-08-16 21:00:00,16.18000030517578,16.540000915527344,15.760000228881836,16.049999237060547,16.049999237060547,212825
AFDI.CA,Real Estate,2023-08-19 21:00:00,16.049999237060547,16.469999313354492,15.850000381469727,15.9399995803833,15.9399995803833,120246
AFDI.CA,Real Estate,2023-08-20 21:00:00,15.9399995803833,16.25,15.899999618530273,15.899999618530273,15.899999618530273,191506
AFDI.CA,Real Estate,2023-08-21 21:00:00,15.899999618530273,16.149999618530273,15.850000381469727,16.0,16.0,136020
AFDI.CA,Real Estate,2023-08-22 21:00:00,16.0,16.299999237060547,15.829999923706055,15.899999618530273,15.899999618530273,226019
AFDI.CA,Real Estate,2023-08-23 21:00:00,15.899999618530273,16.100000381469727,15.720000267028809,15.779999732971191,15.779999732971191,142040
AFDI.CA,Real Estate,2023-08-26 21:00:00,15.779999732971191,16.0,15.800000190734863,15.850000381469727,15.850000381469727,128586
AFDI.CA,Real Estate,2023-08-27 21:00:00,15.850000381469727,17.100000381469727,15.930000305175781,17.0,17.0,1578254
AFDI.CA,Real Estate,2023-08-28 21:00:00,17.0,17.639999389648438,17.0,17.0,17.0,2173448
AFDI.CA,Real Estate,2023-08-29 21:00:00,17.0,17.239999771118164,16.649999618530273,16.690000534057617,16.690000534057617,696055
AFDI.CA,Real Estate,2023-08-30 21:00:00,16.690000534057617,16.690000534057617,16.690000534057617,16.690000534057617,16.690000534057617,0
AFDI.CA,Real Estate,2023-09-02 21:00:00,16.899999618530273,17.5,16.860000610351562,17.1200008392334,17.1200008392334,722432
AFDI.CA,Real Estate,2023-09-03 21:00:00,17.1200008392334,17.34000015258789,16.860000610351562,16.90999984741211,16.90999984741211,275037
AFDI.CA,Real Estate,2023-09-04 21:00:00,16.90999984741211,17.329999923706055,16.75,16.780000686645508,16.780000686645508,426288
AFDI.CA,Real Estate,2023-09-05 21:00:00,16.780000686645508,16.8799991607666,16.43000030517578,16.479999542236328,16.479999542236328,306323
AFDI.CA,Real Estate,2023-09-06 21:00:00,16.479999542236328,16.600000381469727,16.399999618530273,16.43000030517578,16.43000030517578,201007
AFDI.CA,Real Estate,2023-09-09 21:00:00,16.43000030517578,16.43000030517578,16.43000030517578,16.43000030517578,16.43000030517578,0
AFDI.CA,Real Estate,2023-09-10 21:00:00,16.5,16.700000762939453,16.280000686645508,16.329999923706055,16.329999923706055,214476
AFDI.CA,Real Estate,2023-09-11 21:00:00,16.329999923706055,16.5,16.100000381469727,16.18000030517578,16.18000030517578,211754
AFDI.CA,Real Estate,2023-09-12 21:00:00,16.18000030517578,16.5,16.139999389648438,16.190000534057617,16.190000534057617,367290
AFDI.CA,Real Estate,2023-09-13 21:00:00,16.190000534057617,16.43000030517578,16.219999313354492,16.309999465942383,16.309999465942383,209060
AFDI.CA,Real Estate,2023-09-16 21:00:00,16.309999465942383,16.579999923706055,16.290000915527344,16.299999237060547,16.299999237060547,262374
AFDI.CA,Real Estate,2023-09-17 21:00:00,16.299999237060547,16.540000915527344,16.270000457763672,16.440000534057617,16.440000534057617,215788
AFDI.CA,Real Estate,2023-09-18 21:00:00,16.440000534057617,16.649999618530273,16.229999542236328,16.270000457763672,16.270000457763672,285946
AFDI.CA,Real Estate,2023-09-19 21:00:00,16.270000457763672,16.270000457763672,16.270000457763672,16.270000457763672,16.270000457763672,0
AFDI.CA,Real Estate,2023-09-20 21:00:00,16.270000457763672,16.270000457763672,16.270000457763672,16.270000457763672,16.270000457763672,0
AFDI.CA,Real Estate,2023-09-23 21:00:00,16.270000457763672,16.270000457763672,16.270000457763672,16.270000457763672,16.270000457763672,0
AFDI.CA,Real Estate,2023-09-24 21:00:00,15.850000381469727,15.90999984741211,15.649999618530273,15.670000076293945,15.670000076293945,133637
AFDI.CA,Real Estate,2023-09-25 21:00:00,15.670000076293945,15.890000343322754,15.300000190734863,15.350000381469727,15.350000381469727,209655
AFDI.CA,Real Estate,2023-09-26 21:00:00,15.350000381469727,15.350000381469727,15.350000381469727,15.350000381469727,15.350000381469727,0
AFDI.CA,Real Estate,2023-09-30 21:00:00,15.350000381469727,15.350000381469727,15.350000381469727,15.350000381469727,15.350000381469727,0
AFDI.CA,Real Estate,2023-10-01 21:00:00,14.800000190734863,14.979999542236328,14.5600004196167,14.770000457763672,14.770000457763672,122133
AFDI.CA,Real Estate,2023-10-02 21:00:00,14.770000457763672,14.930000305175781,14.109999656677246,14.260000228881836,14.260000228881836,151727
AFDI.CA,Real Estate,2023-10-03 21:00:00,14.260000228881836,14.5600004196167,14.149999618530273,14.479999542236328,14.479999542236328,109208
AFDI.CA,Real Estate,2023-10-07 21:00:00,14.479999542236328,14.489999771118164,13.399999618530273,13.9399995803833,13.9399995803833,154407
AFDI.CA,Real Estate,2023-10-08 21:00:00,13.9399995803833,14.010000228881836,13.770000457763672,13.84000015258789,13.84000015258789,78026
AFDI.CA,Real Estate,2023-10-09 21:00:00,13.84000015258789,14.220000267028809,13.520000457763672,14.15999984741211,14.15999984741211,327315
AFDI.CA,Real Estate,2023-10-10 21:00:00,14.15999984741211,14.699999809265137,14.199999809265137,14.300000190734863,14.300000190734863,348884
AFDI.CA,Real Estate,2023-10-11 21:00:00,14.300000190734863,14.699999809265137,14.199999809265137,14.239999771118164,14.239999771118164,119893
AFDI.CA,Real Estate,2023-10-14 21:00:00,14.239999771118164,14.59000015258789,14.199999809265137,14.270000457763672,14.270000457763672,121675
AFDI.CA,Real Estate,2023-10-15 21:00:00,14.270000457763672,15.069999694824219,14.5,14.9399995803833,14.9399995803833,621484
AFDI.CA,Real Estate,2023-10-16 21:00:00,14.9399995803833,16.450000762939453,14.949999809265137,15.949999809265137,15.949999809265137,1370774
AFDI.CA,Real Estate,2023-10-17 21:00:00,15.949999809265137,17.200000762939453,15.800000190734863,16.059999465942383,16.059999465942383,1356872
AFDI.CA,Real Estate,2023-10-18 21:00:00,16.059999465942383,16.059999465942383,16.059999465942383,16.059999465942383,16.059999465942383,0
AFDI.CA,Real Estate,2023-10-21 21:00:00,16.18000030517578,16.799999237060547,16.010000228881836,16.729999542236328,16.729999542236328,260489
AFDI.CA,Real Estate,2023-10-22 21:00:00,16.729999542236328,18.170000076293945,17.25,17.280000686645508,17.280000686645508,1491555
AFDI.CA,Real Estate,2023-10-23 21:00:00,17.280000686645508,17.65999984741211,16.8799991607666,17.399999618530273,17.399999618530273,1434954
AFDI.CA,Real Estate,2023-10-24 21:00:00,17.399999618530273,17.799999237060547,17.030000686645508,17.079999923706055,17.079999923706055,879565
AFDI.CA,Real Estate,2023-10-25 21:00:00,17.079999923706055,18.489999771118164,17.25,17.959999084472656,17.959999084472656,1540942
AFDI.CA,Real Estate,2023-10-28 22:00:00,17.959999084472656,18.899999618530273,18.0,18.229999542236328,18.229999542236328,966225
AFDI.CA,Real Estate,2023-10-29 22:00:00,18.229999542236328,18.75,18.010000228881836,18.25,18.25,748820
AFDI.CA,Real Estate,2023-10-30 22:00:00,18.25,18.549999237060547,17.899999618530273,18.010000228881836,18.010000228881836,604971
AFDI.CA,Real Estate,2023-10-31 22:00:00,18.010000228881836,18.25,17.100000381469727,17.34000015258789,17.34000015258789,378297
AFDI.CA,Real Estate,2023-11-01 22:00:00,17.34000015258789,18.049999237060547,17.3700008392334,17.860000610351562,17.860000610351562,423289
AFDI.CA,Real Estate,2023-11-04 22:00:00,17.860000610351562,21.43000030517578,18.260000228881836,21.43000030517578,21.43000030517578,2561397
AFDI.CA,Real Estate,2023-11-05 22:00:00,21.43000030517578,23.59000015258789,20.600000381469727,22.84000015258789,22.84000015258789,2487177
AFDI.CA,Real Estate,2023-11-06 22:00:00,22.84000015258789,23.190000534057617,22.0,22.459999084472656,22.459999084472656,960332
AFDI.CA,Real Estate,2023-11-07 22:00:00,22.459999084472656,25.329999923706055,21.899999618530273,24.43000030517578,24.43000030517578,1761256
AFDI.CA,Real Estate,2023-11-08 22:00:00,24.43000030517578,24.860000610351562,22.559999465942383,23.25,23.25,1089828
AFDI.CA,Real Estate,2023-11-11 22:00:00,23.25,24.479999542236328,23.030000686645508,23.5,23.5,765868
AFDI.CA,Real Estate,2023-11-12 22:00:00,23.5,24.700000762939453,23.149999618530273,23.149999618530273,23.149999618530273,851738
AFDI.CA,Real Estate,2023-11-13 22:00:00,23.149999618530273,23.84000015258789,22.5,22.6299991607666,22.6299991607666,554118
AFDI.CA,Real Estate,2023-11-14 22:00:00,22.6299991607666,23.25,21.959999084472656,22.479999542236328,22.479999542236328,521837
AFDI.CA,Real Estate,2023-11-15 22:00:00,22.479999542236328,24.200000762939453,22.649999618530273,23.15999984741211,23.15999984741211,754726
AFDI.CA,Real Estate,2023-11-18 22:00:00,23.15999984741211,23.84000015258789,22.809999465942383,22.84000015258789,22.84000015258789,456493
AFDI.CA,Real Estate,2023-11-19 22:00:00,22.84000015258789,23.25,22.149999618530273,22.209999084472656,22.209999084472656,454686
AFDI.CA,Real Estate,2023-11-20 22:00:00,22.209999084472656,22.6200008392334,21.84000015258789,22.079999923706055,22.079999923706055,428587
AFDI.CA,Real Estate,2023-11-21 22:00:00,22.079999923706055,23.489999771118164,22.149999618530273,22.799999237060547,22.799999237060547,934846
AFDI.CA,Real Estate,2023-11-22 22:00:00,22.799999237060547,23.389999389648438,22.709999084472656,23.299999237060547,23.299999237060547,683049
AFDI.CA,Real Estate,2023-11-25 22:00:00,23.299999237060547,24.8700008392334,23.709999084472656,24.309999465942383,24.309999465942383,1183375
AFDI.CA,Real Estate,2023-11-26 22:00:00,24.309999465942383,25.889999389648438,24.600000381469727,24.6299991607666,24.6299991607666,930427
AFDI.CA,Real Estate,2023-11-27 22:00:00,24.6299991607666,25.18000030517578,24.299999237060547,24.56999969482422,24.56999969482422,470079
AFDI.CA,Real Estate,2023-11-28 22:00:00,24.56999969482422,29.479999542236328,24.760000228881836,29.479999542236328,29.479999542236328,1682220
AFDI.CA,Real Estate,2023-11-29 22:00:00,29.479999542236328,35.369998931884766,30.799999237060547,35.369998931884766,35.369998931884766,3135343
AFDI.CA,Real Estate,2023-12-02 22:00:00,35.369998931884766,38.5,30.0,36.470001220703125,36.470001220703125,2051570
AFDI.CA,Real Estate,2023-12-03 22:00:00,36.470001220703125,36.4900016784668,33.599998474121094,33.66999816894531,33.66999816894531,1290613
AFDI.CA,Real Estate,2023-12-04 22:00:00,33.66999816894531,40.349998474121094,34.0,39.56999969482422,39.56999969482422,2692636
AFDI.CA,Real Estate,2023-12-05 22:00:00,39.56999969482422,42.0,36.400001525878906,36.970001220703125,36.970001220703125,2903465
AFDI.CA,Real Estate,2023-12-06 22:00:00,36.970001220703125,37.47999954223633,34.36000061035156,35.61000061035156,35.61000061035156,1744357
AFDI.CA,Real Estate,2023-12-09 22:00:00,35.61000061035156,36.79999923706055,32.0,32.040000915527344,32.040000915527344,1111940
AFDI.CA,Real Estate,2023-12-10 22:00:00,32.040000915527344,32.0,28.5,30.389999389648438,30.389999389648438,1111273
AFDI.CA,Real Estate,2023-12-11 22:00:00,30.389999389648438,32.75,30.0,31.1299991607666,31.1299991607666,1147987
AFDI.CA,Real Estate,2023-12-12 22:00:00,31.1299991607666,35.5,31.329999923706055,35.099998474121094,35.099998474121094,1656250
AFDI.CA,Real Estate,2023-12-13 22:00:00,35.099998474121094,35.97999954223633,33.220001220703125,33.5,33.5,1057578
AFDI.CA,Real Estate,2023-12-16 22:00:00,33.5,35.150001525878906,33.0,33.5,33.5,686802
AFDI.CA,Real Estate,2023-12-17 22:00:00,33.5,34.83000183105469,33.02000045776367,33.099998474121094,33.099998474121094,563605
AFDI.CA,Real Estate,2023-12-18 22:00:00,33.099998474121094,33.900001525878906,32.20000076293945,32.41999816894531,32.41999816894531,605895
AFDI.CA,Real Estate,2023-12-19 22:00:00,32.41999816894531,32.9900016784668,31.43000030517578,31.59000015258789,31.59000015258789,437427
AFDI.CA,Real Estate,2023-12-20 22:00:00,31.59000015258789,34.70000076293945,31.8700008392334,33.02000045776367,33.02000045776367,1364820
AFDI.CA,Real Estate,2023-12-23 22:00:00,33.02000045776367,33.02000045776367,33.02000045776367,33.02000045776367,33.02000045776367,0
AFDI.CA,Real Estate,2023-12-24 22:00:00,32.04999923706055,32.79999923706055,30.530000686645508,31.40999984741211,31.40999984741211,413760
AFDI.CA,Real Estate,2023-12-25 22:00:00,31.40999984741211,32.18000030517578,31.0,31.290000915527344,31.290000915527344,225577
AFDI.CA,Real Estate,2023-12-26 22:00:00,31.290000915527344,33.88999938964844,31.209999084472656,33.79999923706055,33.79999923706055,1096116
AFDI.CA,Real Estate,2023-12-27 22:00:00,33.79999923706055,34.900001525878906,32.79999923706055,32.869998931884766,32.869998931884766,1019415
AFDI.CA,Real Estate,2023-12-30 22:00:00,32.869998931884766,33.95000076293945,31.889999389648438,31.940000534057617,31.940000534057617,437941
AFDI.CA,Real Estate,2024-01-01 22:00:00,31.940000534057617,33.5,32.25,32.869998931884766,32.869998931884766,409793
AFDI.CA,Real Estate,2024-01-02 22:00:00,32.869998931884766,33.47999954223633,32.70000076293945,33.0099983215332,33.0099983215332,331786
AFDI.CA,Real Estate,2024-01-03 22:00:00,33.0099983215332,33.29999923706055,32.400001525878906,32.459999084472656,32.459999084472656,223440
AFDI.CA,Real Estate,2024-01-07 22:00:00,32.459999084472656,33.47999954223633,32.25,32.34000015258789,32.34000015258789,207131
AFDI.CA,Real Estate,2024-01-08 22:00:00,32.34000015258789,32.9900016784668,32.0,32.43000030517578,32.43000030517578,295701
AFDI.CA,Real Estate,2024-01-09 22:00:00,32.43000030517578,33.900001525878906,32.5,33.900001525878906,33.900001525878906,731803
AFDI.CA,Real Estate,2024-01-10 22:00:00,33.900001525878906,38.29999923706055,34.099998474121094,36.93000030517578,36.93000030517578,2907016
AFDI.CA,Real Estate,2024-01-13 22:00:00,36.93000030517578,37.59000015258789,35.79999923706055,36.0,36.0,852156
AFDI.CA,Real Estate,2024-01-14 22:00:00,36.0,36.849998474121094,35.150001525878906,35.369998931884766,35.369998931884766,535972
AFDI.CA,Real Estate,2024-01-15 22:00:00,35.369998931884766,36.29999923706055,35.11000061035156,35.22999954223633,35.22999954223633,535004
AFDI.CA,Real Estate,2024-01-16 22:00:00,35.22999954223633,35.790000915527344,33.0,34.189998626708984,34.189998626708984,513967
AFDI.CA,Real Estate,2024-01-17 22:00:00,34.189998626708984,34.880001068115234,33.79999923706055,33.95000076293945,33.95000076293945,338622
AFDI.CA,Real Estate,2024-01-20 22:00:00,33.95000076293945,35.470001220703125,33.5,34.540000915527344,34.540000915527344,614555
AFDI.CA,Real Estate,2024-01-21 22:00:00,34.540000915527344,35.900001525878906,34.29999923706055,34.540000915527344,34.540000915527344,439382
AFDI.CA,Real Estate,2024-01-22 22:00:00,34.540000915527344,36.599998474121094,34.70000076293945,35.0,35.0,940680
AFDI.CA,Real Estate,2024-01-23 22:00:00,35.0,36.959999084472656,35.33000183105469,35.619998931884766,35.619998931884766,1075757
AFDI.CA,Real Estate,2024-01-27 22:00:00,35.619998931884766,36.79999923706055,35.25,35.31999969482422,35.31999969482422,456761
AFDI.CA,Real Estate,2024-01-28 22:00:00,35.31999969482422,36.0,33.709999084472656,34.13999938964844,34.13999938964844,460133
AFDI.CA,Real Estate,2024-01-29 22:00:00,34.13999938964844,34.70000076293945,33.75,34.18000030517578,34.18000030517578,313093
AFDI.CA,Real Estate,2024-01-30 22:00:00,34.18000030517578,34.5099983215332,28.100000381469727,29.940000534057617,29.940000534057617,346495
AFDI.CA,Real Estate,2024-01-31 22:00:00,29.940000534057617,32.0,27.780000686645508,31.940000534057617,31.940000534057617,285844
AFDI.CA,Real Estate,2024-02-03 22:00:00,31.940000534057617,32.0,30.510000228881836,31.010000228881836,31.010000228881836,240031
AFDI.CA,Real Estate,2024-02-04 22:00:00,31.010000228881836,33.47999954223633,30.530000686645508,32.650001525878906,32.650001525878906,682444
AFDI.CA,Real Estate,2024-02-05 22:00:00,32.650001525878906,33.5,31.309999465942383,31.420000076293945,31.420000076293945,362198
AFDI.CA,Real Estate,2024-02-06 22:00:00,31.420000076293945,32.25,30.0,30.579999923706055,30.579999923706055,216977
AFDI.CA,Real Estate,2024-02-07 22:00:00,30.579999923706055,31.989999771118164,30.610000610351562,31.469999313354492,31.469999313354492,166535
AFDI.CA,Real Estate,2024-02-10 22:00:00,31.469999313354492,32.400001525878906,31.049999237060547,31.309999465942383,31.309999465942383,249077
AFDI.CA,Real Estate,2024-02-11 22:00:00,31.309999465942383,31.979999542236328,30.600000381469727,31.06999969482422,31.06999969482422,127419
AFDI.CA,Real Estate,2024-02-12 22:00:00,31.06999969482422,33.099998474121094,31.010000228881836,32.689998626708984,32.689998626708984,649178
AFDI.CA,Real Estate,2024-02-13 22:00:00,32.689998626708984,34.2400016784668,32.869998931884766,33.34000015258789,33.34000015258789,553161
AFDI.CA,Real Estate,2024-02-14 22:00:00,33.34000015258789,33.93000030517578,32.619998931884766,32.939998626708984,32.939998626708984,302964
AFDI.CA,Real Estate,2024-02-17 22:00:00,32.939998626708984,32.939998626708984,32.939998626708984,32.939998626708984,32.939998626708984,0
AFDI.CA,Real Estate,2024-02-18 22:00:00,35.2400016784668,36.9900016784668,35.27000045776367,35.43000030517578,35.43000030517578,1246592
AFDI.CA,Real Estate,2024-02-19 22:00:00,35.43000030517578,41.0,35.5,37.900001525878906,37.900001525878906,2122751
AFDI.CA,Real Estate,2024-02-20 22:00:00,37.900001525878906,39.5,37.11000061035156,37.130001068115234,37.130001068115234,1205752
AFDI.CA,Real Estate,2024-02-21 22:00:00,37.130001068115234,38.400001525878906,36.349998474121094,36.5,36.5,882046
AFDI.CA,Real Estate,2024-02-24 22:00:00,36.5,36.0,31.1299991607666,32.27000045776367,32.27000045776367,597973
AFDI.CA,Real Estate,2024-02-25 22:00:00,32.27000045776367,33.599998474121094,32.099998474121094,32.099998474121094,32.099998474121094,375703
AFDI.CA,Real Estate,2024-02-26 22:00:00,32.099998474121094,34.130001068115234,32.36000061035156,33.5,33.5,323597
AFDI.CA,Real Estate,2024-02-27 22:00:00,33.5,34.189998626708984,31.010000228881836,31.030000686645508,31.030000686645508,300950
AFDI.CA,Real Estate,2024-02-28 22:00:00,31.030000686645508,31.860000610351562,30.030000686645508,30.690000534057617,30.690000534057617,214260
AFDI.CA,Real Estate,2024-03-02 22:00:00,30.690000534057617,32.0,30.719999313354492,31.299999237060547,31.299999237060547,221944
AFDI.CA,Real Estate,2024-03-03 22:00:00,31.299999237060547,32.380001068115234,31.5,32.02000045776367,32.02000045776367,237724
AFDI.CA,Real Estate,2024-03-04 22:00:00,32.02000045776367,32.849998474121094,31.299999237060547,31.649999618530273,31.649999618530273,222330
AFDI.CA,Real Estate,2024-03-05 22:00:00,31.649999618530273,32.900001525878906,29.799999237060547,29.93000030517578,29.93000030517578,318833
AFDI.CA,Real Estate,2024-03-06 22:00:00,29.93000030517578,30.5,28.280000686645508,28.889999389648438,28.889999389648438,193010
AFDI.CA,Real Estate,2024-03-09 22:00:00,28.889999389648438,30.889999389648438,29.200000762939453,29.5,29.5,390682
AFDI.CA,Real Estate,2024-03-10 22:00:00,29.5,31.399999618530273,29.5,29.5,29.5,342704
AFDI.CA,Real Estate,2024-03-11 22:00:00,29.5,30.489999771118164,28.420000076293945,28.489999771118164,28.489999771118164,160419
AFDI.CA,Real Estate,2024-03-12 22:00:00,28.489999771118164,29.989999771118164,27.510000228881836,27.639999389648438,27.639999389648438,189568
AFDI.CA,Real Estate,2024-03-13 22:00:00,27.639999389648438,28.3799991607666,26.5,27.489999771118164,27.489999771118164,117346
AFDI.CA,Real Estate,2024-03-16 22:00:00,27.489999771118164,28.0,25.1200008392334,25.200000762939453,25.200000762939453,239516
AFDI.CA,Real Estate,2024-03-17 22:00:00,25.200000762939453,25.350000381469727,23.18000030517578,23.190000534057617,23.190000534057617,195749
AFDI.CA,Real Estate,2024-03-18 22:00:00,23.190000534057617,24.0,22.0,23.510000228881836,23.510000228881836,203375
AFDI.CA,Real Estate,2024-03-19 22:00:00,23.510000228881836,24.700000762939453,23.5,23.719999313354492,23.719999313354492,164367
AFDI.CA,Real Estate,2024-03-20 22:00:00,23.719999313354492,24.799999237060547,23.049999237060547,24.6200008392334,24.6200008392334,163058
AFDI.CA,Real Estate,2024-03-23 22:00:00,24.6200008392334,25.489999771118164,24.239999771118164,24.559999465942383,24.559999465942383,237542
AFDI.CA,Real Estate,2024-03-24 22:00:00,24.559999465942383,26.0,24.600000381469727,24.700000762939453,24.700000762939453,233704
AFDI.CA,Real Estate,2024-03-25 22:00:00,24.700000762939453,25.290000915527344,24.399999618530273,24.469999313354492,24.469999313354492,145494
AFDI.CA,Real Estate,2024-03-26 22:00:00,24.469999313354492,24.5,23.1200008392334,23.290000915527344,23.290000915527344,93238
AFDI.CA,Real Estate,2024-03-27 22:00:00,23.290000915527344,23.309999465942383,22.440000534057617,22.790000915527344,22.790000915527344,71626
AFDI.CA,Real Estate,2024-03-30 22:00:00,22.790000915527344,23.489999771118164,22.049999237060547,22.239999771118164,22.239999771118164,121695
AFDI.CA,Real Estate,2024-03-31 22:00:00,22.239999771118164,23.510000228881836,22.280000686645508,23.440000534057617,23.440000534057617,111585
AFDI.CA,Real Estate,2024-04-01 22:00:00,23.440000534057617,25.489999771118164,23.3799991607666,25.100000381469727,25.100000381469727,314208
AFDI.CA,Real Estate,2024-04-02 22:00:00,25.100000381469727,27.600000381469727,24.6200008392334,27.09000015258789,27.09000015258789,707290
AFDI.CA,Real Estate,2024-04-03 22:00:00,27.09000015258789,27.690000534057617,26.5,26.940000534057617,26.940000534057617,218854
AFDI.CA,Real Estate,2024-04-06 22:00:00,26.940000534057617,27.8799991607666,26.5,26.510000228881836,26.510000228881836,162080
AFDI.CA,Real Estate,2024-04-07 22:00:00,26.510000228881836,27.200000762939453,26.5,27.030000686645508,27.030000686645508,169654
AFDI.CA,Real Estate,2024-04-14 22:00:00,27.030000686645508,28.459999084472656,26.649999618530273,27.920000076293945,27.920000076293945,174439
AFDI.CA,Real Estate,2024-04-15 22:00:00,27.920000076293945,28.59000015258789,27.520000457763672,28.0,28.0,183605
AFDI.CA,Real Estate,2024-04-16 22:00:00,28.0,29.639999389648438,28.299999237060547,28.489999771118164,28.489999771118164,847626
AFDI.CA,Real Estate,2024-04-17 22:00:00,28.489999771118164,29.0,24.329999923706055,25.65999984741211,25.65999984741211,357683
AFDI.CA,Real Estate,2024-04-20 22:00:00,25.65999984741211,27.440000534057617,25.600000381469727,25.90999984741211,25.90999984741211,200335
AFDI.CA,Real Estate,2024-04-21 22:00:00,25.90999984741211,26.3799991607666,25.100000381469727,25.420000076293945,25.420000076293945,70649
AFDI.CA,Real Estate,2024-04-22 22:00:00,25.420000076293945,25.799999237060547,23.549999237060547,23.690000534057617,23.690000534057617,104014
AFDI.CA,Real Estate,2024-04-23 22:00:00,23.690000534057617,24.0,21.649999618530273,23.010000228881836,23.010000228881836,148790
AFDI.CA,Real Estate,2024-04-27 21:00:00,23.010000228881836,23.010000228881836,23.010000228881836,23.010000228881836,23.010000228881836,0
AFDI.CA,Real Estate,2024-04-28 21:00:00,22.239999771118164,23.5,22.0,22.989999771118164,22.989999771118164,112408
AFDI.CA,Real Estate,2024-04-29 21:00:00,22.989999771118164,23.84000015258789,20.329999923706055,20.68000030517578,20.68000030517578,172284
AFDI.CA,Real Estate,2024-05-01 21:00:00,21.030000686645508,22.100000381469727,20.299999237060547,21.649999618530273,21.649999618530273,125411
AFDI.CA,Real Estate,2024-05-06 21:00:00,21.649999618530273,23.0,21.799999237060547,22.43000030517578,22.43000030517578,208349
AFDI.CA,Real Estate,2024-05-07 21:00:00,22.43000030517578,23.0,21.3799991607666,22.0,22.0,167989
AFDI.CA,Real Estate,2024-05-08 21:00:00,22.0,22.3700008392334,21.459999084472656,22.139999389648438,22.139999389648438,153374
AFDI.CA,Real Estate,2024-05-11 21:00:00,22.139999389648438,22.450000762939453,20.0,20.110000610351562,20.110000610351562,228444
AFDI.CA,Real Estate,2024-05-12 21:00:00,20.110000610351562,20.489999771118164,19.219999313354492,19.84000015258789,19.84000015258789,154550
AFDI.CA,Real Estate,2024-05-13 21:00:00,19.84000015258789,20.0,19.25,19.350000381469727,19.350000381469727,80518
AFDI.CA,Real Estate,2024-05-14 21:00:00,19.350000381469727,19.899999618530273,19.18000030517578,19.65999984741211,19.65999984741211,93246
AFDI.CA,Real Estate,2024-05-15 21:00:00,19.65999984741211,21.059999465942383,19.799999237060547,21.0,21.0,331044
AFDI.CA,Real Estate,2024-05-18 21:00:00,21.0,21.899999618530273,21.0,21.770000457763672,21.770000457763672,259263
AFDI.CA,Real Estate,2024-05-19 21:00:00,21.770000457763672,22.5,21.350000381469727,21.799999237060547,21.799999237060547,274186
AFDI.CA,Real Estate,2024-05-20 21:00:00,21.799999237060547,22.110000610351562,21.420000076293945,21.65999984741211,21.65999984741211,132800
AFDI.CA,Real Estate,2024-05-21 21:00:00,21.65999984741211,22.0,21.3799991607666,21.479999542236328,21.479999542236328,73288
AFDI.CA,Real Estate,2024-05-22 21:00:00,21.479999542236328,22.75,21.5,22.31999969482422,22.31999969482422,528507
AFDI.CA,Real Estate,2024-05-25 21:00:00,22.31999969482422,22.31999969482422,22.31999969482422,22.31999969482422,22.31999969482422,0
AFDI.CA,Real Estate,2024-05-26 21:00:00,22.6299991607666,23.149999618530273,22.40999984741211,22.469999313354492,22.469999313354492,176887
AFDI.CA,Real Estate,2024-05-27 21:00:00,22.469999313354492,22.459999084472656,21.450000762939453,21.829999923706055,21.829999923706055,251502
AFDI.CA,Real Estate,2024-05-28 21:00:00,21.829999923706055,23.450000762939453,22.0,22.799999237060547,22.799999237060547,678909
AFDI.CA,Real Estate,2024-05-29 21:00:00,22.799999237060547,24.450000762939453,22.709999084472656,24.0,24.0,1067975
AFDI.CA,Real Estate,2024-06-01 21:00:00,24.0,24.399999618530273,23.31999969482422,23.600000381469727,23.600000381469727,225163
AFDI.CA,Real Estate,2024-06-02 21:00:00,23.600000381469727,24.0,22.5,22.510000228881836,22.510000228881836,201841
AFDI.CA,Real Estate,2024-06-03 21:00:00,22.510000228881836,23.299999237060547,22.6299991607666,22.90999984741211,22.90999984741211,84701
AFDI.CA,Real Estate,2024-06-04 21:00:00,22.90999984741211,23.5,22.0,22.3700008392334,22.3700008392334,127486
AFDI.CA,Real Estate,2024-06-05 21:00:00,22.3700008392334,22.799999237060547,22.209999084472656,22.389999389648438,22.389999389648438,49065
AFDI.CA,Real Estate,2024-06-08 21:00:00,22.389999389648438,22.860000610351562,21.899999618530273,21.959999084472656,21.959999084472656,67115
AFDI.CA,Real Estate,2024-06-09 21:00:00,21.959999084472656,22.299999237060547,21.450000762939453,21.959999084472656,21.959999084472656,65350
AFDI.CA,Real Estate,2024-06-10 21:00:00,21.959999084472656,22.700000762939453,22.0,22.389999389648438,22.389999389648438,109632
AFDI.CA,Real Estate,2024-06-11 21:00:00,22.389999389648438,26.200000762939453,22.5,24.8799991607666,24.8799991607666,1206783
AFDI.CA,Real Estate,2024-06-12 21:00:00,24.8799991607666,25.799999237060547,24.610000610351562,24.940000534057617,24.940000534057617,502344
AFDI.CA,Real Estate,2024-06-22 21:00:00,24.940000534057617,25.780000686645508,24.799999237060547,25.25,25.25,196645
AFDI.CA,Real Estate,2024-06-23 21:00:00,25.25,28.200000762939453,25.40999984741211,27.049999237060547,27.049999237060547,1001076
AFDI.CA,Real Estate,2024-06-24 21:00:00,27.049999237060547,27.200000762939453,26.420000076293945,26.5,26.5,188792
AFDI.CA,Real Estate,2024-06-25 21:00:00,26.5,27.25,26.1299991607666,26.270000457763672,26.270000457763672,439135
AFDI.CA,Real Estate,2024-06-26 21:00:00,26.270000457763672,26.649999618530273,25.610000610351562,25.75,25.75,246062
AFDI.CA,Real Estate,2024-07-01 21:00:00,26.020000457763672,26.350000381469727,25.81999969482422,26.030000686645508,26.030000686645508,305657
AFDI.CA,Real Estate,2024-07-02 21:00:00,26.030000686645508,26.5,25.950000762939453,25.989999771118164,25.989999771118164,299221
AFDI.CA,Real Estate,2024-07-03 21:00:00,25.989999771118164,27.399999618530273,26.0,26.270000457763672,26.270000457763672,884708
AFDI.CA,Real Estate,2024-07-06 21:00:00,26.270000457763672,31.520000457763672,28.190000534057617,31.520000457763672,31.520000457763672,3598839
AFDI.CA,Real Estate,2024-07-07 21:00:00,31.520000457763672,33.68000030517578,30.010000228881836,30.520000457763672,30.520000457763672,2844857
AFDI.CA,Real Estate,2024-07-08 21:00:00,30.520000457763672,32.4900016784668,30.1200008392334,30.809999465942383,30.809999465942383,1700204
AFDI.CA,Real Estate,2024-07-09 21:00:00,30.809999465942383,32.400001525878906,30.600000381469727,31.700000762939453,31.700000762939453,1781719
AFDI.CA,Real Estate,2024-07-13 21:00:00,31.700000762939453,32.900001525878906,31.040000915527344,31.31999969482422,31.31999969482422,1422640
AFDI.CA,Real Estate,2024-07-14 21:00:00,31.31999969482422,33.290000915527344,31.25,33.290000915527344,33.290000915527344,2528865
AFDI.CA,Real Estate,2024-07-15 21:00:00,33.290000915527344,33.5,31.799999237060547,32.119998931884766,32.119998931884766,1389026
AFDI.CA,Real Estate,2024-07-16 21:00:00,32.119998931884766,32.61000061035156,31.549999237060547,31.75,31.75,658338
AFDI.CA,Real Estate,2024-07-17 21:00:00,31.75,32.20000076293945,31.299999237060547,31.510000228881836,31.510000228881836,457467
AFDI.CA,Real Estate,2024-07-20 21:00:00,31.510000228881836,32.400001525878906,30.700000762939453,31.729999542236328,31.729999542236328,749459
AFDI.CA,Real Estate,2024-07-21 21:00:00,31.729999542236328,32.2400016784668,30.860000610351562,31.020000457763672,31.020000457763672,551725
AFDI.CA,Real Estate,2024-07-22 21:00:00,31.020000457763672,31.65999984741211,31.030000686645508,31.139999389648438,31.139999389648438,376958
AFDI.CA,Real Estate,2024-07-23 21:00:00,31.139999389648438,31.479999542236328,30.530000686645508,30.850000381469727,30.850000381469727,405716
AFDI.CA,Real Estate,2024-07-27 21:00:00,30.850000381469727,31.110000610351562,30.219999313354492,30.950000762939453,30.950000762939453,200555
AFDI.CA,Real Estate,2024-07-28 21:00:00,30.950000762939453,32.779998779296875,30.950000762939453,31.350000381469727,31.350000381469727,1324445
AFDI.CA,Real Estate,2024-07-29 21:00:00,31.350000381469727,31.75,31.0,31.170000076293945,31.170000076293945,811061
AFDI.CA,Real Estate,2024-07-30 21:00:00,31.170000076293945,31.540000915527344,30.90999984741211,30.90999984741211,30.90999984741211,508979
AFDI.CA,Real Estate,2024-07-31 21:00:00,30.90999984741211,31.200000762939453,30.040000915527344,30.06999969482422,30.06999969482422,431352
AFDI.CA,Real Estate,2024-08-03 21:00:00,30.06999969482422,29.5,27.600000381469727,28.0,28.0,530671
AFDI.CA,Real Estate,2024-08-04 21:00:00,28.0,27.600000381469727,25.0,26.389999389648438,26.389999389648438,442787
AFDI.CA,Real Estate,2024-08-05 21:00:00,26.389999389648438,28.0,26.649999618530273,26.899999618530273,26.899999618530273,279166
AFDI.CA,Real Estate,2024-08-06 21:00:00,26.899999618530273,27.899999618530273,26.739999771118164,27.860000610351562,27.860000610351562,371617
AFDI.CA,Real Estate,2024-08-07 21:00:00,27.860000610351562,28.889999389648438,27.200000762939453,27.739999771118164,27.739999771118164,455285
AFDI.CA,Real Estate,2024-08-10 21:00:00,27.739999771118164,28.450000762939453,27.850000381469727,28.059999465942383,28.059999465942383,208132
AFDI.CA,Real Estate,2024-08-11 21:00:00,28.059999465942383,29.440000534057617,28.059999465942383,28.360000610351562,28.360000610351562,667884
AFDI.CA,Real Estate,2024-08-12 21:00:00,28.360000610351562,28.75,27.610000610351562,27.700000762939453,27.700000762939453,200923
AFDI.CA,Real Estate,2024-08-13 21:00:00,27.700000762939453,28.350000381469727,27.700000762939453,27.790000915527344,27.790000915527344,250222
AFDI.CA,Real Estate,2024-08-14 21:00:00,27.790000915527344,29.299999237060547,28.0,28.0,28.0,582469
AFDI.CA,Real Estate,2024-08-17 21:00:00,28.0,28.649999618530273,28.010000228881836,28.030000686645508,28.030000686645508,240040
AFDI.CA,Real Estate,2024-08-18 21:00:00,28.030000686645508,29.149999618530273,28.100000381469727,28.399999618530273,28.399999618530273,603357
AFDI.CA,Real Estate,2024-08-19 21:00:00,28.399999618530273,29.489999771118164,28.799999237060547,29.489999771118164,29.489999771118164,554539
AFDI.CA,Real Estate,2024-08-20 21:00:00,29.489999771118164,30.489999771118164,29.010000228881836,29.329999923706055,29.329999923706055,879232
AFDI.CA,Real Estate,2024-08-21 21:00:00,29.329999923706055,29.950000762939453,29.0,29.059999465942383,29.059999465942383,451359
AFDI.CA,Real Estate,2024-08-24 21:00:00,29.059999465942383,29.75,29.010000228881836,29.75,29.75,614352
AFDI.CA,Real Estate,2024-08-25 21:00:00,29.75,31.5,30.209999084472656,30.799999237060547,30.799999237060547,1856272
AFDI.CA,Real Estate,2024-08-26 21:00:00,30.799999237060547,31.399999618530273,30.229999542236328,30.559999465942383,30.559999465942383,769701
AFDI.CA,Real Estate,2024-08-27 21:00:00,30.559999465942383,31.43000030517578,30.489999771118164,31.200000762939453,31.200000762939453,886988
AFDI.CA,Real Estate,2024-08-28 21:00:00,31.200000762939453,31.600000381469727,30.75,30.799999237060547,30.799999237060547,489529
AFDI.CA,Real Estate,2024-08-31 21:00:00,30.799999237060547,31.8700008392334,30.920000076293945,31.260000228881836,31.260000228881836,604742
AFDI.CA,Real Estate,2024-09-01 21:00:00,31.260000228881836,31.459999084472656,30.31999969482422,30.31999969482422,30.31999969482422,391419
AFDI.CA,Real Estate,2024-09-02 21:00:00,30.31999969482422,32.900001525878906,30.420000076293945,32.5,32.5,1803810
AFDI.CA,Real Estate,2024-09-03 21:00:00,32.5,34.13999938964844,31.799999237060547,33.86000061035156,33.86000061035156,3019501
AFDI.CA,Real Estate,2024-09-04 21:00:00,33.86000061035156,34.11000061035156,32.0,32.349998474121094,32.349998474121094,1092095
AFDI.CA,Real Estate,2024-09-07 21:00:00,32.349998474121094,32.59000015258789,31.1299991607666,31.5,31.5,615322
AFDI.CA,Real Estate,2024-09-08 21:00:00,31.5,32.54999923706055,31.549999237060547,31.860000610351562,31.860000610351562,444541
AFDI.CA,Real Estate,2024-09-09 21:00:00,31.860000610351562,32.400001525878906,30.700000762939453,30.8700008392334,30.8700008392334,418136
AFDI.CA,Real Estate,2024-09-10 21:00:00,30.8700008392334,31.399999618530273,30.549999237060547,31.059999465942383,31.059999465942383,198734
AFDI.CA,Real Estate,2024-09-11 21:00:00,31.059999465942383,31.600000381469727,31.049999237060547,31.15999984741211,31.15999984741211,139907
AFDI.CA,Real Estate,2024-09-15 21:00:00,31.15999984741211,32.599998474121094,31.229999542236328,32.59000015258789,32.59000015258789,714019
AFDI.CA,Real Estate,2024-09-16 21:00:00,32.59000015258789,33.33000183105469,32.2400016784668,32.27000045776367,32.27000045776367,800997
AFDI.CA,Real Estate,2024-09-17 21:00:00,32.27000045776367,32.75,31.899999618530273,32.47999954223633,32.47999954223633,348196
AFDI.CA,Real Estate,2024-09-18 21:00:00,32.47999954223633,32.88999938964844,32.099998474121094,32.119998931884766,32.119998931884766,343091
AFDI.CA,Real Estate,2024-09-21 21:00:00,32.119998931884766,32.779998779296875,32.34000015258789,32.459999084472656,32.459999084472656,318414
AFDI.CA,Real Estate,2024-09-22 21:00:00,32.459999084472656,32.880001068115234,32.029998779296875,32.11000061035156,32.11000061035156,508845
AFDI.CA,Real Estate,2024-09-23 21:00:00,33.0,33.84000015258789,32.95000076293945,32.9900016784668,32.9900016784668,897064
AFDI.CA,Real Estate,2024-09-24 21:00:00,32.20000076293945,33.29999923706055,32.540000915527344,33.0,33.0,902560
AFDI.CA,Real Estate,2024-09-25 21:00:00,33.0,33.84000015258789,32.95000076293945,32.9900016784668,32.9900016784668,897064
AFDI.CA,Real Estate,2024-09-28 21:00:00,32.9900016784668,33.599998474121094,32.5099983215332,32.70000076293945,32.70000076293945,318578
AFDI.CA,Real Estate,2024-09-29 21:00:00,32.70000076293945,33.20000076293945,32.5099983215332,32.58000183105469,32.58000183105469,341399
AFDI.CA,Real Estate,2024-09-30 21:00:00,32.58000183105469,33.25,32.29999923706055,32.41999816894531,32.41999816894531,366759
AFDI.CA,Real Estate,2024-10-01 21:00:00,32.41999816894531,32.5099983215332,31.520000457763672,31.530000686645508,31.530000686645508,359892
AFDI.CA,Real Estate,2024-10-02 21:00:00,31.530000686645508,32.0,31.399999618530273,31.440000534057617,31.440000534057617,186675
AFDI.CA,Real Estate,2024-10-06 21:00:00,31.440000534057617,32.5,31.25,31.56999969482422,31.56999969482422,363422
AFDI.CA,Real Estate,2024-10-07 21:00:00,31.56999969482422,31.860000610351562,30.100000381469727,30.5,30.5,298140
AFDI.CA,Real Estate,2024-10-08 21:00:00,30.5,32.0,30.420000076293945,32.0,32.0,377673
AFDI.CA,Real Estate,2024-10-09 21:00:00,32.0,34.59000015258789,32.45000076293945,33.41999816894531,33.41999816894531,2408844
AFDI.CA,Real Estate,2024-10-12 21:00:00,33.41999816894531,33.88999938964844,31.600000381469727,31.93000030517578,31.93000030517578,534522
AFDI.CA,Real Estate,2024-10-13 21:00:00,31.93000030517578,32.25,31.209999084472656,31.670000076293945,31.670000076293945,300601
AFDI.CA,Real Estate,2024-10-14 21:00:00,31.670000076293945,32.70000076293945,31.84000015258789,32.29999923706055,32.29999923706055,313832
AFDI.CA,Real Estate,2024-10-15 21:00:00,32.29999923706055,33.529998779296875,32.31999969482422,32.45000076293945,32.45000076293945,361776
AFDI.CA,Real Estate,2024-10-16 21:00:00,32.45000076293945,33.58000183105469,32.349998474121094,33.25,33.25,788880
AFDI.CA,Real Estate,2024-10-19 21:00:00,33.25,35.20000076293945,33.54999923706055,33.54999923706055,33.54999923706055,1824271
AFDI.CA,Real Estate,2024-10-20 21:00:00,33.54999923706055,35.5,32.650001525878906,35.29999923706055,35.29999923706055,1104050
AFDI.CA,Real Estate,2024-10-21 21:00:00,35.29999923706055,36.79999923706055,35.20000076293945,35.209999084472656,35.209999084472656,1144136
AFDI.CA,Real Estate,2024-10-22 21:00:00,35.209999084472656,35.54999923706055,34.5099983215332,34.54999923706055,34.54999923706055,646189
AFDI.CA,Real Estate,2024-10-23 21:00:00,34.54999923706055,35.38999938964844,34.04999923706055,34.13999938964844,34.13999938964844,349815
AFDI.CA,Real Estate,2024-10-26 21:00:00,34.13999938964844,35.09000015258789,33.869998931884766,33.91999816894531,33.91999816894531,292561
AFDI.CA,Real Estate,2024-10-27 21:00:00,33.91999816894531,34.45000076293945,33.630001068115234,33.709999084472656,33.709999084472656,397268
AFDI.CA,Real Estate,2024-10-28 21:00:00,33.709999084472656,34.0,33.040000915527344,33.52000045776367,33.52000045776367,222520
AFDI.CA,Real Estate,2024-10-29 21:00:00,33.52000045776367,34.79999923706055,33.599998474121094,34.290000915527344,34.290000915527344,511401
AFDI.CA,Real Estate,2024-10-30 21:00:00,34.290000915527344,34.70000076293945,34.099998474121094,34.25,34.25,200492
AFDI.CA,Real Estate,2024-11-02 22:00:00,34.25,34.5,33.81999969482422,33.83000183105469,33.83000183105469,243878
AFDI.CA,Real Estate,2024-11-03 22:00:00,33.83000183105469,35.0,33.900001525878906,34.15999984741211,34.15999984741211,591148
AFDI.CA,Real Estate,2024-11-04 22:00:00,34.15999984741211,34.650001525878906,33.720001220703125,33.77000045776367,33.77000045776367,237313
AFDI.CA,Real Estate,2024-11-05 22:00:00,33.77000045776367,34.43000030517578,33.779998779296875,34.0,34.0,212277
AFDI.CA,Real Estate,2024-11-06 22:00:00,34.0,34.849998474121094,34.06999969482422,34.709999084472656,34.709999084472656,417693
AFDI.CA,Real Estate,2024-11-09 22:00:00,34.709999084472656,35.15999984741211,34.439998626708984,34.459999084472656,34.459999084472656,240580
AFDI.CA,Real Estate,2024-11-10 22:00:00,34.459999084472656,35.060001373291016,34.43000030517578,34.5,34.5,239227
AFDI.CA,Real Estate,2024-11-11 22:00:00,34.5,35.060001373291016,34.5,34.619998931884766,34.619998931884766,261211
AFDI.CA,Real Estate,2024-11-12 22:00:00,34.619998931884766,35.45000076293945,34.70000076293945,35.16999816894531,35.16999816894531,520695
AFDI.CA,Real Estate,2024-11-13 22:00:00,35.16999816894531,35.689998626708984,34.900001525878906,34.959999084472656,34.959999084472656,390485
AFDI.CA,Real Estate,2024-11-16 22:00:00,34.959999084472656,35.220001220703125,34.29999923706055,34.31999969482422,34.31999969482422,219350
AFDI.CA,Real Estate,2024-11-17 22:00:00,34.31999969482422,34.779998779296875,33.66999816894531,33.720001220703125,33.720001220703125,179205
AFDI.CA,Real Estate,2024-11-18 22:00:00,33.720001220703125,33.79999923706055,33.2599983215332,33.29999923706055,33.29999923706055,159959
AFDI.CA,Real Estate,2024-11-19 22:00:00,33.29999923706055,33.70000076293945,32.61000061035156,32.65999984741211,32.65999984741211,127012
AFDI.CA,Real Estate,2024-11-20 22:00:00,32.65999984741211,33.470001220703125,32.599998474121094,33.0,33.0,157713
AFDI.CA,Real Estate,2024-11-23 22:00:00,33.0,33.4900016784668,32.599998474121094,32.65999984741211,32.65999984741211,58658
AFDI.CA,Real Estate,2024-11-24 22:00:00,32.65999984741211,32.86000061035156,32.0099983215332,32.15999984741211,32.15999984741211,76703
AFDI.CA,Real Estate,2024-11-25 22:00:00,32.15999984741211,32.79999923706055,31.829999923706055,32.029998779296875,32.029998779296875,36559
AFDI.CA,Real Estate,2024-11-26 22:00:00,32.029998779296875,32.47999954223633,31.0,31.18000030517578,31.18000030517578,137766
AFDI.CA,Real Estate,2024-11-27 22:00:00,31.18000030517578,31.690000534057617,30.799999237060547,31.229999542236328,31.229999542236328,153512
AFDI.CA,Real Estate,2024-11-30 22:00:00,31.229999542236328,31.940000534057617,31.399999618530273,31.610000610351562,31.610000610351562,129297
AFDI.CA,Real Estate,2024-12-01 22:00:00,31.610000610351562,32.209999084472656,31.520000457763672,31.56999969482422,31.56999969482422,102546
AFDI.CA,Real Estate,2024-12-02 22:00:00,31.56999969482422,32.130001068115234,31.450000762939453,31.450000762939453,31.450000762939453,173817
AFDI.CA,Real Estate,2024-12-03 22:00:00,31.450000762939453,31.8700008392334,31.299999237060547,31.600000381469727,31.600000381469727,117375
AFDI.CA,Real Estate,2024-12-04 22:00:00,31.600000381469727,31.959999084472656,31.450000762939453,31.540000915527344,31.540000915527344,138022
AFDI.CA,Real Estate,2024-12-07 22:00:00,31.540000915527344,31.979999542236328,31.43000030517578,31.479999542236328,31.479999542236328,69353
AFDI.CA,Real Estate,2024-12-08 22:00:00,31.479999542236328,32.20000076293945,31.450000762939453,31.489999771118164,31.489999771118164,235935
AFDI.CA,Real Estate,2024-12-09 22:00:00,31.489999771118164,31.809999465942383,31.0,31.0,31.0,110033
AFDI.CA,Real Estate,2024-12-10 22:00:00,31.0,32.4900016784668,31.0,31.43000030517578,31.43000030517578,397308
AFDI.CA,Real Estate,2024-12-11 22:00:00,31.43000030517578,31.940000534057617,31.0,31.219999313354492,31.219999313354492,239583
AFDI.CA,Real Estate,2024-12-14 22:00:00,31.219999313354492,31.75,31.200000762939453,31.479999542236328,31.479999542236328,47276
AFDI.CA,Real Estate,2024-12-15 22:00:00,31.479999542236328,34.41999816894531,31.510000228881836,34.13999938964844,34.13999938964844,2169106
AFDI.CA,Real Estate,2024-12-16 22:00:00,34.13999938964844,34.130001068115234,33.20000076293945,33.970001220703125,33.970001220703125,1025166
AFDI.CA,Real Estate,2024-12-17 22:00:00,33.970001220703125,34.5,32.599998474121094,32.849998474121094,32.849998474121094,830480
AFDI.CA,Real Estate,2024-12-18 22:00:00,32.849998474121094,32.95000076293945,32.29999923706055,32.560001373291016,32.560001373291016,140902
AFDI.CA,Real Estate,2024-12-21 22:00:00,32.560001373291016,32.959999084472656,32.06999969482422,32.18000030517578,32.18000030517578,99918
AFDI.CA,Real Estate,2024-12-22 22:00:00,32.18000030517578,32.470001220703125,30.809999465942383,30.899999618530273,30.899999618530273,285318
AFDI.CA,Real Estate,2024-12-23 22:00:00,30.899999618530273,30.899999618530273,29.770000457763672,30.030000686645508,30.030000686645508,282419
AFDI.CA,Real Estate,2024-12-24 22:00:00,30.030000686645508,31.25,30.100000381469727,30.420000076293945,30.420000076293945,198415
AFDI.CA,Real Estate,2024-12-25 22:00:00,30.420000076293945,30.489999771118164,29.850000381469727,30.110000610351562,30.110000610351562,229175
AFDI.CA,Real Estate,2024-12-28 22:00:00,30.110000610351562,30.489999771118164,29.639999389648438,29.729999542236328,29.729999542236328,82367
AFDI.CA,Real Estate,2024-12-29 22:00:00,29.729999542236328,30.0,28.360000610351562,28.950000762939453,28.950000762939453,187241
AFDI.CA,Real Estate,2024-12-30 22:00:00,28.950000762939453,29.600000381469727,28.709999084472656,29.059999465942383,29.059999465942383,136854
AFDI.CA,Real Estate,2025-01-01 22:00:00,29.059999465942383,30.100000381469727,29.100000381469727,30.010000228881836,30.010000228881836,149743
AFDI.CA,Real Estate,2025-01-04 22:00:00,30.010000228881836,31.219999313354492,30.010000228881836,30.579999923706055,30.579999923706055,329546
AFDI.CA,Real Estate,2025-01-05 22:00:00,30.579999923706055,30.940000534057617,30.100000381469727,30.389999389648438,30.389999389648438,141997
AFDI.CA,Real Estate,2025-01-07 22:00:00,30.389999389648438,30.6200008392334,29.559999465942383,29.719999313354492,29.719999313354492,115869
AFDI.CA,Real Estate,2025-01-08 22:00:00,29.719999313354492,30.299999237060547,29.549999237060547,29.709999084472656,29.709999084472656,98949
AFDI.CA,Real Estate,2025-01-11 22:00:00,29.709999084472656,29.5,28.3799991607666,28.510000228881836,28.510000228881836,104674
AFDI.CA,Real Estate,2025-01-12 22:00:00,28.510000228881836,29.6299991607666,28.299999237060547,28.469999313354492,28.469999313354492,182888
AFDI.CA,Real Estate,2025-01-13 22:00:00,28.469999313354492,28.75,27.40999984741211,28.010000228881836,28.010000228881836,127207
AFDI.CA,Real Estate,2025-01-14 22:00:00,28.010000228881836,29.25,28.219999313354492,28.520000457763672,28.520000457763672,97311
AFDI.CA,Real Estate,2025-01-15 22:00:00,28.520000457763672,29.25,28.65999984741211,29.25,29.25,164627
AFDI.CA,Real Estate,2025-01-18 22:00:00,28.520000457763672,30.0,28.65999984741211,29.799999237060547,29.799999237060547,518008
AFDI.CA,Real Estate,2025-01-19 22:00:00,29.709999084472656,31.100000381469727,29.899999618530273,30.010000228881836,30.010000228881836,724461
AFDI.CA,Real Estate,2025-01-20 22:00:00,30.010000228881836,30.780000686645508,29.770000457763672,29.8700008392334,29.8700008392334,424790
AFDI.CA,Real Estate,2025-01-21 22:00:00,29.8700008392334,30.309999465942383,29.700000762939453,29.739999771118164,29.739999771118164,236324
AFDI.CA,Real Estate,2025-01-22 22:00:00,29.739999771118164,30.200000762939453,29.489999771118164,29.520000457763672,29.520000457763672,165075
AFDI.CA,Real Estate,2025-01-25 22:00:00,29.520000457763672,30.0,29.299999237060547,29.3700008392334,29.3700008392334,115594
AFDI.CA,Real Estate,2025-01-26 22:00:00,29.3700008392334,29.649999618530273,28.799999237060547,28.959999084472656,28.959999084472656,117598
AFDI.CA,Real Estate,2025-01-27 22:00:00,28.959999084472656,29.540000915527344,29.0,29.110000610351562,29.110000610351562,203778
AFDI.CA,Real Estate,2025-01-28 22:00:00,29.110000610351562,30.100000381469727,29.15999984741211,29.350000381469727,29.350000381469727,171376
AFDI.CA,Real Estate,2025-01-29 22:00:00,29.350000381469727,29.799999237060547,29.06999969482422,29.170000076293945,29.170000076293945,101758
AFDI.CA,Real Estate,2025-02-01 22:00:00,29.170000076293945,29.3799991607666,28.81999969482422,29.25,29.25,52982
AFDI.CA,Real Estate,2025-02-02 22:00:00,29.25,29.25,28.469999313354492,28.510000228881836,28.510000228881836,158302
AFDI.CA,Real Estate,2025-02-03 22:00:00,28.510000228881836,28.93000030517578,28.510000228881836,28.549999237060547,28.549999237060547,75523
AFDI.CA,Real Estate,2025-02-04 22:00:00,28.549999237060547,28.940000534057617,28.299999237060547,28.40999984741211,28.40999984741211,113630
AFDI.CA,Real Estate,2025-02-05 22:00:00,28.40999984741211,29.600000381469727,28.40999984741211,28.729999542236328,28.729999542236328,274326
AFDI.CA,Real Estate,2025-02-08 22:00:00,28.729999542236328,29.440000534057617,28.719999313354492,28.790000915527344,28.790000915527344,87186
AFDI.CA,Real Estate,2025-02-09 22:00:00,28.790000915527344,29.34000015258789,28.760000228881836,28.790000915527344,28.790000915527344,56191
AFDI.CA,Real Estate,2025-02-10 22:00:00,28.790000915527344,28.950000762939453,27.700000762939453,27.8799991607666,27.8799991607666,114031
AFDI.CA,Real Estate,2025-02-11 22:00:00,27.8799991607666,27.709999084472656,26.030000686645508,27.049999237060547,27.049999237060547,121231
AFDI.CA,Real Estate,2025-02-12 22:00:00,27.049999237060547,27.729999542236328,27.1299991607666,27.219999313354492,27.219999313354492,90782
AFDI.CA,Real Estate,2025-02-15 22:00:00,27.219999313354492,27.969999313354492,27.309999465942383,27.65999984741211,27.65999984741211,52172
AFDI.CA,Real Estate,2025-02-16 22:00:00,27.65999984741211,27.950000762939453,27.459999084472656,27.639999389648438,27.639999389648438,67414
AFDI.CA,Real Estate,2025-02-17 22:00:00,27.639999389648438,28.81999969482422,27.709999084472656,28.31999969482422,28.31999969482422,279698
AFDI.CA,Real Estate,2025-02-18 22:00:00,28.31999969482422,28.600000381469727,27.899999618530273,28.020000457763672,28.020000457763672,95277
AFDI.CA,Real Estate,2025-02-19 22:00:00,28.020000457763672,28.190000534057617,27.709999084472656,27.920000076293945,27.920000076293945,45803
AFDI.CA,Real Estate,2025-02-22 22:00:00,27.920000076293945,28.399999618530273,27.610000610351562,28.329999923706055,28.329999923706055,108033
AFDI.CA,Real Estate,2025-02-23 22:00:00,28.329999923706055,28.5,27.899999618530273,28.149999618530273,28.149999618530273,109662
AFDI.CA,Real Estate,2025-02-24 22:00:00,28.149999618530273,28.149999618530273,27.600000381469727,27.760000228881836,27.760000228881836,42955
AFDI.CA,Real Estate,2025-02-25 22:00:00,27.760000228881836,28.100000381469727,27.010000228881836,27.56999969482422,27.56999969482422,38958
AFDI.CA,Real Estate,2025-02-26 22:00:00,27.56999969482422,27.729999542236328,27.399999618530273,27.479999542236328,27.479999542236328,69650
AFDI.CA,Real Estate,2025-03-01 22:00:00,27.479999542236328,28.0,27.350000381469727,27.420000076293945,27.420000076293945,49558
AFDI.CA,Real Estate,2025-03-02 22:00:00,27.420000076293945,27.899999618530273,27.0,27.260000228881836,27.260000228881836,45108
AFDI.CA,Real Estate,2025-03-03 22:00:00,27.260000228881836,27.469999313354492,27.079999923706055,27.299999237060547,27.299999237060547,20967
AFDI.CA,Real Estate,2025-03-04 22:00:00,27.299999237060547,27.489999771118164,27.010000228881836,27.079999923706055,27.079999923706055,28201
AFDI.CA,Real Estate,2025-03-05 22:00:00,27.079999923706055,27.299999237060547,26.549999237060547,26.760000228881836,26.760000228881836,96320
AFDI.CA,Real Estate,2025-03-08 22:00:00,26.760000228881836,28.799999237060547,26.700000762939453,28.0,28.0,324276
AFDI.CA,Real Estate,2025-03-09 22:00:00,28.0,28.6299991607666,28.049999237060547,28.18000030517578,28.18000030517578,214386
AFDI.CA,Real Estate,2025-03-10 22:00:00,28.18000030517578,28.479999542236328,27.5,28.309999465942383,28.309999465942383,117796
AFDI.CA,Real Estate,2025-03-11 22:00:00,28.309999465942383,29.549999237060547,28.25,29.079999923706055,29.079999923706055,401786
AFDI.CA,Real Estate,2025-03-12 22:00:00,29.079999923706055,29.350000381469727,28.729999542236328,28.770000457763672,28.770000457763672,148561
AFDI.CA,Real Estate,2025-03-15 22:00:00,28.770000457763672,29.260000228881836,28.5,28.520000457763672,28.520000457763672,88217
AFDI.CA,Real Estate,2025-03-16 22:00:00,28.520000457763672,28.600000381469727,28.100000381469727,28.18000030517578,28.18000030517578,57270
AFDI.CA,Real Estate,2025-03-17 22:00:00,28.18000030517578,28.739999771118164,27.860000610351562,28.329999923706055,28.329999923706055,62011
AFDI.CA,Real Estate,2025-03-18 22:00:00,28.329999923706055,29.200000762939453,28.040000915527344,28.25,28.25,137880
AFDI.CA,Real Estate,2025-03-19 22:00:00,28.25,29.969999313354492,28.260000228881836,28.790000915527344,28.790000915527344,438683
AFDI.CA,Real Estate,2025-03-22 22:00:00,28.790000915527344,29.239999771118164,28.540000915527344,28.729999542236328,28.729999542236328,126832
AFDI.CA,Real Estate,2025-03-23 22:00:00,28.729999542236328,28.579999923706055,28.149999618530273,28.270000457763672,28.270000457763672,43528
AFDI.CA,Real Estate,2025-03-24 22:00:00,28.270000457763672,28.739999771118164,28.280000686645508,28.350000381469727,28.350000381469727,19641
AFDI.CA,Real Estate,2025-03-25 22:00:00,28.350000381469727,28.729999542236328,28.059999465942383,28.100000381469727,28.100000381469727,44867
AFDI.CA,Real Estate,2025-03-26 22:00:00,28.100000381469727,28.899999618530273,28.170000076293945,28.43000030517578,28.43000030517578,87207
AFDI.CA,Real Estate,2025-04-02 22:00:00,28.43000030517578,28.700000762939453,28.030000686645508,28.520000457763672,28.520000457763672,62353
AFDI.CA,Real Estate,2025-04-05 22:00:00,28.520000457763672,27.3799991607666,25.709999084472656,26.260000228881836,26.260000228881836,291848
AFDI.CA,Real Estate,2025-04-06 22:00:00,26.260000228881836,26.489999771118164,25.799999237060547,26.309999465942383,26.309999465942383,84883
AFDI.CA,Real Estate,2025-04-07 22:00:00,26.309999465942383,26.81999969482422,26.5,26.700000762939453,26.700000762939453,129493
AFDI.CA,Real Estate,2025-04-08 22:00:00,26.700000762939453,26.899999618530273,25.75,25.829999923706055,25.829999923706055,97037
AFDI.CA,Real Estate,2025-04-09 22:00:00,25.829999923706055,26.979999542236328,26.170000076293945,26.219999313354492,26.219999313354492,62147
AFDI.CA,Real Estate,2025-04-12 22:00:00,26.219999313354492,27.100000381469727,26.299999237060547,26.739999771118164,26.739999771118164,249233
AFDI.CA,Real Estate,2025-04-13 22:00:00,26.739999771118164,27.299999237060547,26.799999237060547,26.84000015258789,26.84000015258789,137338
AFDI.CA,Real Estate,2025-04-14 22:00:00,26.84000015258789,27.700000762939453,26.81999969482422,27.0,27.0,121699
AFDI.CA,Real Estate,2025-04-15 22:00:00,27.0,27.34000015258789,26.889999389648438,26.979999542236328,26.979999542236328,69605
AFDI.CA,Real Estate,2025-04-16 22:00:00,26.979999542236328,27.229999542236328,26.700000762939453,26.969999313354492,26.969999313354492,95987
AFDI.CA,Real Estate,2025-04-21 22:00:00,26.969999313354492,27.690000534057617,26.899999618530273,27.360000610351562,27.360000610351562,336241
AFDI.CA,Real Estate,2025-04-22 22:00:00,27.360000610351562,28.09000015258789,27.3700008392334,27.709999084472656,27.709999084472656,313541
AFDI.CA,Real Estate,2025-04-26 21:00:00,27.709999084472656,28.68000030517578,27.8700008392334,28.209999084472656,28.209999084472656,368657
AFDI.CA,Real Estate,2025-04-27 21:00:00,28.209999084472656,28.399999618530273,27.829999923706055,27.860000610351562,27.860000610351562,147211
AFDI.CA,Real Estate,2025-04-28 21:00:00,27.860000610351562,29.0,27.809999465942383,28.389999389648438,28.389999389648438,373498
AFDI.CA,Real Estate,2025-04-29 21:00:00,28.389999389648438,28.530000686645508,28.209999084472656,28.389999389648438,28.389999389648438,85312
AFDI.CA,Real Estate,2025-05-03 21:00:00,28.389999389648438,28.700000762939453,28.350000381469727,28.479999542236328,28.479999542236328,77795
AFDI.CA,Real Estate,2025-05-04 21:00:00,28.479999542236328,29.399999618530273,28.5,28.899999618530273,28.899999618530273,305208
AFDI.CA,Real Estate,2025-05-05 21:00:00,28.899999618530273,29.770000457763672,28.6299991607666,28.81999969482422,28.81999969482422,454311
AFDI.CA,Real Estate,2025-05-06 21:00:00,28.81999969482422,29.270000457763672,28.5,28.520000457763672,28.520000457763672,156599
AFDI.CA,Real Estate,2025-05-07 21:00:00,28.520000457763672,28.93000030517578,28.229999542236328,28.530000686645508,28.530000686645508,85124
AFDI.CA,Real Estate,2025-05-10 21:00:00,28.530000686645508,28.969999313354492,28.350000381469727,28.389999389648438,28.389999389648438,96698
AFDI.CA,Real Estate,2025-05-11 21:00:00,28.389999389648438,28.649999618530273,27.920000076293945,28.139999389648438,28.139999389648438,83301
AFDI.CA,Real Estate,2025-05-12 21:00:00,28.139999389648438,28.799999237060547,27.940000534057617,27.979999542236328,27.979999542236328,67824
AFDI.CA,Real Estate,2025-05-13 21:00:00,27.979999542236328,28.5,27.950000762939453,28.0,28.0,120842
AFDI.CA,Real Estate,2025-05-14 21:00:00,28.0,28.690000534057617,28.149999618530273,28.299999237060547,28.299999237060547,145827
AFDI.CA,Real Estate,2025-05-17 21:00:00,28.299999237060547,28.799999237060547,27.899999618530273,27.940000534057617,27.940000534057617,100159
AFDI.CA,Real Estate,2025-05-18 21:00:00,27.940000534057617,28.389999389648438,27.149999618530273,27.65999984741211,27.65999984741211,99636
AFDI.CA,Real Estate,2025-05-19 21:00:00,27.65999984741211,28.09000015258789,27.670000076293945,27.84000015258789,27.84000015258789,56827
AFDI.CA,Real Estate,2025-05-20 21:00:00,27.84000015258789,28.459999084472656,27.860000610351562,27.93000030517578,27.93000030517578,52587
AFDI.CA,Real Estate,2025-05-21 21:00:00,27.93000030517578,28.34000015258789,27.459999084472656,27.690000534057617,27.690000534057617,64409
AFDI.CA,Real Estate,2025-05-24 21:00:00,27.690000534057617,28.290000915527344,27.75,27.799999237060547,27.799999237060547,131889
AFDI.CA,Real Estate,2025-05-25 21:00:00,27.799999237060547,28.0,27.739999771118164,27.760000228881836,27.760000228881836,48040
AFDI.CA,Real Estate,2025-05-26 21:00:00,27.760000228881836,28.399999618530273,27.760000228881836,28.139999389648438,28.139999389648438,134934
AFDI.CA,Real Estate,2025-05-27 21:00:00,28.139999389648438,28.540000915527344,28.010000228881836,28.110000610351562,28.110000610351562,70772
AFDI.CA,Real Estate,2025-05-28 21:00:00,28.110000610351562,29.399999618530273,28.0,28.979999542236328,28.979999542236328,591488
AFDI.CA,Real Estate,2025-05-31 21:00:00,28.979999542236328,29.799999237060547,29.059999465942383,29.200000762939453,29.200000762939453,229198
AFDI.CA,Real Estate,2025-06-01 21:00:00,29.200000762939453,29.729999542236328,28.899999618530273,29.1299991607666,29.1299991607666,81514
AFDI.CA,Real Estate,2025-06-02 21:00:00,29.1299991607666,30.899999618530273,29.149999618530273,30.899999618530273,30.899999618530273,1033235
AFDI.CA,Real Estate,2025-06-03 21:00:00,30.899999618530273,31.649999618530273,30.520000457763672,30.549999237060547,30.549999237060547,745116
AFDI.CA,Real Estate,2025-06-09 21:00:00,30.549999237060547,31.389999389648438,30.700000762939453,30.780000686645508,30.780000686645508,418946
AFDI.CA,Real Estate,2025-06-10 21:00:00,30.780000686645508,31.389999389648438,30.18000030517578,30.25,30.25,290164
AFDI.CA,Real Estate,2025-06-11 21:00:00,30.25,30.270000457763672,28.5,28.850000381469727,28.850000381469727,236649
AFDI.CA,Real Estate,2025-06-14 21:00:00,28.850000381469727,27.979999542236328,25.850000381469727,27.170000076293945,27.170000076293945,116102
AFDI.CA,Real Estate,2025-06-15 21:00:00,27.170000076293945,27.850000381469727,26.920000076293945,26.969999313354492,26.969999313354492,164741
AFDI.CA,Real Estate,2025-06-16 21:00:00,26.969999313354492,27.610000610351562,26.530000686645508,26.579999923706055,26.579999923706055,165979
AFDI.CA,Real Estate,2025-06-17 21:00:00,26.579999923706055,27.09000015258789,26.399999618530273,26.59000015258789,26.59000015258789,90191
AFDI.CA,Real Estate,2025-06-18 21:00:00,26.59000015258789,27.459999084472656,25.5,25.75,25.75,172633
AFDI.CA,Real Estate,2025-06-21 21:00:00,25.75,26.899999618530273,23.899999618530273,26.040000915527344,26.040000915527344,100525
AFDI.CA,Real Estate,2025-06-22 21:00:00,26.040000915527344,27.0,26.280000686645508,26.670000076293945,26.670000076293945,69973
AFDI.CA,Real Estate,2025-06-23 21:00:00,26.670000076293945,28.049999237060547,27.06999969482422,27.729999542236328,27.729999542236328,140710
AFDI.CA,Real Estate,2025-06-24 21:00:00,27.729999542236328,28.389999389648438,27.600000381469727,28.299999237060547,28.299999237060547,123942
AFDI.CA,Real Estate,2025-06-28 21:00:00,28.299999237060547,29.200000762939453,28.299999237060547,29.020000457763672,29.020000457763672,332362
AFDI.CA,Real Estate,2025-06-29 21:00:00,29.020000457763672,29.5,28.860000610351562,29.139999389648438,29.139999389648438,399591
AFDI.CA,Real Estate,2025-06-30 21:00:00,29.139999389648438,30.290000915527344,29.15999984741211,30.280000686645508,30.280000686645508,423741
AFDI.CA,Real Estate,2025-07-01 21:00:00,30.280000686645508,31.0,30.020000457763672,30.049999237060547,30.049999237060547,383905
AFDI.CA,Real Estate,2025-07-05 21:00:00,30.049999237060547,30.649999618530273,29.799999237060547,30.040000915527344,30.040000915527344,124804
AFDI.CA,Real Estate,2025-07-06 21:00:00,30.040000915527344,31.200000762939453,29.399999618530273,31.200000762939453,31.200000762939453,440575
AFDI.CA,Real Estate,2025-07-08 21:00:00,31.200000762939453,33.29999923706055,30.5,33.29999923706055,33.29999923706055,672080
AFDI.CA,Real Estate,2025-07-09 21:00:00,33.29999923706055,33.97999954223633,32.5,32.9900016784668,32.9900016784668,614158
AFDI.CA,Real Estate,2025-07-12 21:00:00,32.9900016784668,34.79999923706055,32.599998474121094,34.0,34.0,1107908
AFDI.CA,Real Estate,2025-07-13 21:00:00,34.0,36.0,34.0,34.0099983215332,34.0099983215332,1938752
AFDI.CA,Real Estate,2025-07-14 21:00:00,34.0099983215332,34.599998474121094,32.900001525878906,33.029998779296875,33.029998779296875,374809
AFDI.CA,Real Estate,2025-07-15 21:00:00,33.029998779296875,33.20000076293945,31.899999618530273,32.02000045776367,32.02000045776367,409847
AFDI.CA,Real Estate,2025-07-16 21:00:00,32.02000045776367,32.79999923706055,31.899999618530273,32.16999816894531,32.16999816894531,187837
AFDI.CA,Real Estate,2025-07-19 21:00:00,32.16999816894531,33.20000076293945,32.0,32.279998779296875,32.279998779296875,276314
AFDI.CA,Real Estate,2025-07-20 21:00:00,32.279998779296875,32.59000015258789,30.549999237060547,30.889999389648438,30.889999389648438,435454
AFDI.CA,Real Estate,2025-07-21 21:00:00,30.889999389648438,31.770000457763672,30.940000534057617,31.020000457763672,31.020000457763672,158658
AFDI.CA,Real Estate,2025-07-22 21:00:00,31.020000457763672,31.020000457763672,31.020000457763672,31.020000457763672,31.020000457763672,0
AFDI.CA,Real Estate,2025-07-26 21:00:00,31.889999389648438,33.25,32.02000045776367,32.900001525878906,32.900001525878906,692495
AFDI.CA,Real Estate,2025-07-27 21:00:00,32.900001525878906,33.25,31.75,31.8700008392334,31.8700008392334,173641
AFDI.CA,Real Estate,2025-07-28 21:00:00,31.8700008392334,32.68000030517578,31.1299991607666,31.600000381469727,31.600000381469727,111471
AFDI.CA,Real Estate,2025-07-29 21:00:00,31.600000381469727,31.850000381469727,30.84000015258789,30.959999084472656,30.959999084472656,127060
AFDI.CA,Real Estate,2025-07-30 21:00:00,30.959999084472656,31.75,30.850000381469727,30.8799991607666,30.8799991607666,208673
AFDI.CA,Real Estate,2025-08-02 21:00:00,30.8799991607666,30.8799991607666,30.8799991607666,30.8799991607666,30.8799991607666,0
AFDI.CA,Real Estate,2025-08-03 21:00:00,30.8799991607666,30.8799991607666,30.8799991607666,30.8799991607666,30.8799991607666,0
AFDI.CA,Real Estate,2025-08-04 21:00:00,30.8799991607666,30.8799991607666,30.8799991607666,30.8799991607666,30.8799991607666,0
AFDI.CA,Real Estate,2025-08-05 21:00:00,30.8799991607666,30.8799991607666,30.8799991607666,30.8799991607666,30.8799991607666,0
AFDI.CA,Real Estate,2025-08-06 21:00:00,30.8799991607666,30.8799991607666,30.8799991607666,30.8799991607666,30.8799991607666,0
AFDI.CA,Real Estate,2025-08-09 21:00:00,31.1299991607666,31.469999313354492,31.010000228881836,31.139999389648438,31.139999389648438,65897
AFDI.CA,Real Estate,2025-08-10 21:00:00,31.139999389648438,31.469999313354492,30.93000030517578,31.030000686645508,31.030000686645508,64139
AFDI.CA,Real Estate,2025-08-11 21:00:00,31.030000686645508,31.18000030517578,30.81999969482422,31.0,31.0,102444
AFDI.CA,Real Estate,2025-08-12 21:00:00,31.0,31.450000762939453,30.510000228881836,30.59000015258789,30.59000015258789,88088
AFDI.CA,Real Estate,2025-08-13 21:00:00,30.59000015258789,32.880001068115234,30.200000762939453,32.150001525878906,32.150001525878906,1801729
AFDI.CA,Real Estate,2025-08-16 21:00:00,32.150001525878906,33.79999923706055,32.619998931884766,33.0,33.0,1459765
AFDI.CA,Real Estate,2025-08-17 21:00:00,33.0,34.0,33.11000061035156,33.150001525878906,33.150001525878906,783290
AFDI.CA,Real Estate,2025-08-18 21:00:00,33.150001525878906,33.650001525878906,33.04999923706055,33.2400016784668,33.2400016784668,361265
AFDI.CA,Real Estate,2025-08-19 21:00:00,33.2400016784668,33.34000015258789,32.099998474121094,32.099998474121094,32.099998474121094,345128
AFDI.CA,Real Estate,2025-08-20 21:00:00,32.099998474121094,32.5,31.5,31.530000686645508,31.530000686645508,180217
AFDI.CA,Real Estate,2025-08-23 21:00:00,31.530000686645508,32.5,31.610000610351562,32.13999938964844,32.13999938964844,150819
AFDI.CA,Real Estate,2025-08-24 21:00:00,32.13999938964844,33.400001525878906,32.25,32.650001525878906,32.650001525878906,438567
AFDI.CA,Real Estate,2025-08-25 21:00:00,32.650001525878906,32.79999923706055,31.700000762939453,31.770000457763672,31.770000457763672,168921
AFDI.CA,Real Estate,2025-08-26 21:00:00,31.770000457763672,32.400001525878906,31.610000610351562,32.0,32.0,103767
AFDI.CA,Real Estate,2025-08-27 21:00:00,32.0,32.97999954223633,31.920000076293945,32.56999969482422,32.56999969482422,291484
AFDI.CA,Real Estate,2025-08-30 21:00:00,32.56999969482422,35.20000076293945,32.709999084472656,33.79999923706055,33.79999923706055,1392448
AFDI.CA,Real Estate,2025-08-31 21:00:00,33.79999923706055,35.79999923706055,33.5,35.2400016784668,35.2400016784668,1090376
AFDI.CA,Real Estate,2025-09-01 21:00:00,35.2400016784668,36.5,35.25,35.400001525878906,35.400001525878906,934292
AFDI.CA,Real Estate,2025-09-02 21:00:00,35.400001525878906,35.9900016784668,34.70000076293945,34.70000076293945,34.70000076293945,522908
AFDI.CA,Real Estate,2025-09-06 21:00:00,34.70000076293945,35.099998474121094,33.849998474121094,34.47999954223633,34.47999954223633,326768
AFDI.CA,Real Estate,2025-09-07 21:00:00,34.47999954223633,36.70000076293945,34.560001373291016,36.13999938964844,36.13999938964844,1274309
AFDI.CA,Real Estate,2025-09-08 21:00:00,36.13999938964844,38.470001220703125,36.27000045776367,38.38999938964844,38.38999938964844,1679355
AFDI.CA,Real Estate,2025-09-09 21:00:00,38.38999938964844,38.63999938964844,37.459999084472656,37.720001220703125,37.720001220703125,673979
AFDI.CA,Real Estate,2025-09-10 21:00:00,37.720001220703125,39.08000183105469,38.06999969482422,38.09000015258789,38.09000015258789,1185000
AFDI.CA,Real Estate,2025-09-13 21:00:00,38.09000015258789,38.5,37.75,37.9900016784668,37.9900016784668,259239
AFDI.CA,Real Estate,2025-09-14 21:00:00,37.9900016784668,38.0,36.90999984741211,37.5,37.5,666003
AFDI.CA,Real Estate,2025-09-15 21:00:00,37.5,37.75,35.5,35.93000030517578,35.93000030517578,392893
AFDI.CA,Real Estate,2025-09-16 21:00:00,35.93000030517578,36.349998474121094,35.02000045776367,35.91999816894531,35.91999816894531,221591
AFDI.CA,Real Estate,2025-09-17 21:00:00,35.91999816894531,36.470001220703125,35.720001220703125,35.7599983215332,35.7599983215332,216402
AFDI.CA,Real Estate,2025-09-20 21:00:00,35.7599983215332,36.0,35.02000045776367,35.36000061035156,35.36000061035156,232383
AFDI.CA,Real Estate,2025-09-21 21:00:00,35.36000061035156,35.900001525878906,35.11000061035156,35.400001525878906,35.400001525878906,119439
AFDI.CA,Real Estate,2025-09-22 21:00:00,35.400001525878906,35.900001525878906,35.36000061035156,35.400001525878906,35.400001525878906,214463
AFDI.CA,Real Estate,2025-09-23 21:00:00,35.400001525878906,35.70000076293945,35.0,35.08000183105469,35.08000183105469,143276
AFDI.CA,Real Estate,2025-09-24 21:00:00,35.08000183105469,35.599998474121094,35.15999984741211,35.27000045776367,35.27000045776367,118737
AFDI.CA,Real Estate,2025-09-27 21:00:00,35.27000045776367,36.439998626708984,35.38999938964844,36.02000045776367,36.02000045776367,456754
AFDI.CA,Real Estate,2025-09-28 21:00:00,36.02000045776367,37.18000030517578,36.150001525878906,36.65999984741211,36.65999984741211,491153
AFDI.CA,Real Estate,2025-09-29 21:00:00,36.65999984741211,36.959999084472656,36.0,36.0099983215332,36.0099983215332,302206
AFDI.CA,Real Estate,2025-09-30 21:00:00,36.0099983215332,36.650001525878906,35.61000061035156,35.689998626708984,35.689998626708984,299466
AFDI.CA,Real Estate,2025-10-01 21:00:00,35.689998626708984,35.86000061035156,35.099998474121094,35.45000076293945,35.45000076293945,154824
AFDI.CA,Real Estate,2025-10-04 21:00:00,35.45000076293945,36.36000061035156,35.5,35.86000061035156,35.86000061035156,158275
AFDI.CA,Real Estate,2025-10-05 21:00:00,35.86000061035156,36.38999938964844,35.90999984741211,35.959999084472656,35.959999084472656,182997
AFDI.CA,Real Estate,2025-10-06 21:00:00,35.959999084472656,36.25,35.810001373291016,35.97999954223633,35.97999954223633,130761
AFDI.CA,Real Estate,2025-10-07 21:00:00,35.97999954223633,35.97999954223633,35.29999923706055,35.560001373291016,35.560001373291016,144605
AFDI.CA,Real Estate,2025-10-11 21:00:00,35.560001373291016,35.63999938964844,35.16999816894531,35.2599983215332,35.2599983215332,87094
AFDI.CA,Real Estate,2025-10-12 21:00:00,35.2599983215332,35.720001220703125,35.209999084472656,35.349998474121094,35.349998474121094,140521
AFDI.CA,Real Estate,2025-10-13 21:00:00,35.349998474121094,36.65999984741211,35.310001373291016,36.029998779296875,36.029998779296875,390993
AFDI.CA,Real Estate,2025-10-14 21:00:00,36.029998779296875,36.619998931884766,35.9900016784668,36.15999984741211,36.15999984741211,168159
AFDI.CA,Real Estate,2025-10-15 21:00:00,36.15999984741211,36.630001068115234,36.11000061035156,36.15999984741211,36.15999984741211,208292
AFDI.CA,Real Estate,2025-10-18 21:00:00,36.15999984741211,37.29999923706055,36.2599983215332,36.66999816894531,36.66999816894531,433936
AFDI.CA,Real Estate,2025-10-19 21:00:00,36.66999816894531,36.959999084472656,36.0,36.189998626708984,36.189998626708984,205468
AFDI.CA,Real Estate,2025-10-20 21:00:00,36.189998626708984,36.70000076293945,35.709999084472656,36.15999984741211,36.15999984741211,364100
AFDI.CA,Real Estate,2025-10-21 21:00:00,36.15999984741211,36.540000915527344,35.849998474121094,35.88999938964844,35.88999938964844,106328
AFDI.CA,Real Estate,2025-10-22 21:00:00,35.88999938964844,36.79999923706055,35.90999984741211,36.189998626708984,36.189998626708984,209573
AFDI.CA,Real Estate,2025-10-25 21:00:00,36.189998626708984,36.75,36.0,36.029998779296875,36.029998779296875,182205
AFDI.CA,Real Estate,2025-10-26 21:00:00,36.029998779296875,36.5,36.0,36.15999984741211,36.15999984741211,193498
AFDI.CA,Real Estate,2025-10-27 21:00:00,36.15999984741211,36.47999954223633,35.849998474121094,35.9900016784668,35.9900016784668,179048
AFDI.CA,Real Estate,2025-10-28 21:00:00,35.9900016784668,36.56999969482422,35.90999984741211,36.36000061035156,36.36000061035156,226615
AFDI.CA,Real Estate,2025-10-29 21:00:00,36.36000061035156,36.720001220703125,36.099998474121094,36.13999938964844,36.13999938964844,295811
AFDI.CA,Real Estate,2025-11-01 22:00:00,36.13999938964844,36.41999816894531,35.95000076293945,36.08000183105469,36.08000183105469,65210
AFDI.CA,Real Estate,2025-11-02 22:00:00,36.08000183105469,36.369998931884766,35.900001525878906,36.130001068115234,36.130001068115234,195669
AFDI.CA,Real Estate,2025-11-03 22:00:00,36.130001068115234,36.900001525878906,36.22999954223633,36.29999923706055,36.29999923706055,262600
AFDI.CA,Real Estate,2025-11-04 22:00:00,36.29999923706055,37.150001525878906,36.11000061035156,36.31999969482422,36.31999969482422,428032
AFDI.CA,Real Estate,2025-11-05 22:00:00,36.31999969482422,36.59000015258789,36.060001373291016,36.11000061035156,36.11000061035156,228201
AFDI.CA,Real Estate,2025-11-08 22:00:00,36.11000061035156,36.47999954223633,35.349998474121094,35.58000183105469,35.58000183105469,226703
AFDI.CA,Real Estate,2025-11-09 22:00:00,35.58000183105469,35.54999923706055,34.869998931884766,35.189998626708984,35.189998626708984,79021
AFDI.CA,Real Estate,2025-11-10 22:00:00,35.189998626708984,35.70000076293945,35.11000061035156,35.209999084472656,35.209999084472656,93475
AFDI.CA,Real Estate,2025-11-11 22:00:00,35.209999084472656,35.599998474121094,34.86000061035156,35.529998779296875,35.529998779296875,219985
AFDI.CA,Real Estate,2025-11-12 22:00:00,35.529998779296875,35.869998931884766,35.33000183105469,35.380001068115234,35.380001068115234,135224
AFDI.CA,Real Estate,2025-11-15 22:00:00,35.380001068115234,36.439998626708984,35.29999923706055,35.9900016784668,35.9900016784668,404103
AFDI.CA,Real Estate,2025-11-16 22:00:00,35.9900016784668,36.34000015258789,35.79999923706055,36.029998779296875,36.029998779296875,156595
AFDI.CA,Real Estate,2025-11-17 22:00:00,36.029998779296875,36.150001525878906,35.349998474121094,35.47999954223633,35.47999954223633,283504
AFDI.CA,Real Estate,2025-11-18 22:00:00,35.47999954223633,35.5099983215332,34.93000030517578,35.220001220703125,35.220001220703125,201658
AFDI.CA,Real Estate,2025-11-19 22:00:00,35.220001220703125,35.5,35.099998474121094,35.290000915527344,35.290000915527344,145418
AFDI.CA,Real Estate,2025-11-22 22:00:00,35.290000915527344,35.93000030517578,35.13999938964844,35.20000076293945,35.20000076293945,178862
AFDI.CA,Real Estate,2025-11-23 22:00:00,35.20000076293945,35.70000076293945,34.939998626708984,34.95000076293945,34.95000076293945,177370
AFDI.CA,Real Estate,2025-11-24 22:00:00,34.95000076293945,35.290000915527344,34.11000061035156,34.18000030517578,34.18000030517578,123661
AFDI.CA,Real Estate,2025-11-25 22:00:00,34.18000030517578,34.400001525878906,33.900001525878906,33.9900016784668,33.9900016784668,111970
AFDI.CA,Real Estate,2025-11-26 22:00:00,33.9900016784668,34.0,33.29999923706055,33.349998474121094,33.349998474121094,133318
AFDI.CA,Real Estate,2025-11-29 22:00:00,33.349998474121094,33.66999816894531,31.770000457763672,33.459999084472656,33.459999084472656,144883
AFDI.CA,Real Estate,2025-11-30 22:00:00,33.459999084472656,33.70000076293945,32.7599983215332,32.97999954223633,32.97999954223633,179724
AFDI.CA,Real Estate,2025-12-01 22:00:00,32.97999954223633,34.689998626708984,32.0,34.18000030517578,34.18000030517578,4672732
AFDI.CA,Real Estate,2025-12-02 22:00:00,34.18000030517578,35.38999938964844,33.79999923706055,33.810001373291016,33.810001373291016,1525427
AFDI.CA,Real Estate,2025-12-03 22:00:00,33.810001373291016,34.18000030517578,33.04999923706055,34.099998474121094,34.099998474121094,565970
AFDI.CA,Real Estate,2025-12-06 22:00:00,34.099998474121094,34.70000076293945,33.599998474121094,33.77000045776367,33.77000045776367,357446
AFDI.CA,Real Estate,2025-12-07 22:00:00,33.77000045776367,34.18000030517578,33.70000076293945,33.75,33.75,187271
AFDI.CA,Real Estate,2025-12-08 22:00:00,33.75,34.900001525878906,33.91999816894531,34.0,34.0,585279
AFDI.CA,Real Estate,2025-12-09 22:00:00,34.0,34.5,33.90999984741211,33.91999816894531,33.91999816894531,303514
AFDI.CA,Real Estate,2025-12-10 22:00:00,33.91999816894531,34.099998474121094,33.70000076293945,33.79999923706055,33.79999923706055,207725
AFDI.CA,Real Estate,2025-12-13 22:00:00,33.79999923706055,34.08000183105469,33.59000015258789,33.599998474121094,33.599998474121094,161877
AFDI.CA,Real Estate,2025-12-14 22:00:00,33.599998474121094,34.060001373291016,33.59000015258789,33.709999084472656,33.709999084472656,146631
AFDI.CA,Real Estate,2025-12-15 22:00:00,33.709999084472656,33.900001525878906,33.29999923706055,33.34000015258789,33.34000015258789,100392
AFDI.CA,Real Estate,2025-12-16 22:00:00,33.34000015258789,33.5,33.130001068115234,33.189998626708984,33.189998626708984,109901
AFDI.CA,Real Estate,2025-12-17 22:00:00,33.189998626708984,34.150001525878906,33.029998779296875,33.959999084472656,33.959999084472656,368967
AFDI.CA,Real Estate,2025-12-20 22:00:00,33.959999084472656,34.9900016784668,34.0,34.75,34.75,436155
AFDI.CA,Real Estate,2025-12-21 22:00:00,34.75,35.400001525878906,34.400001525878906,34.470001220703125,34.470001220703125,502473
AFDI.CA,Real Estate,2025-12-22 22:00:00,34.470001220703125,34.849998474121094,33.88999938964844,34.439998626708984,34.439998626708984,176277
AFDI.CA,Real Estate,2025-12-23 22:00:00,34.439998626708984,34.70000076293945,34.0,34.0,34.0,214973
AFDI.CA,Real Estate,2025-12-24 22:00:00,34.0,35.400001525878906,33.709999084472656,33.9900016784668,33.9900016784668,236083
AFDI.CA,Real Estate,2025-12-27 22:00:00,33.9900016784668,34.29999923706055,33.79999923706055,34.0,34.0,129461
AFDI.CA,Real Estate,2025-12-28 22:00:00,34.0,34.5,33.70000076293945,33.7400016784668,33.7400016784668,132472
AFDI.CA,Real Estate,2025-12-29 22:00:00,33.7400016784668,34.869998931884766,33.599998474121094,34.2400016784668,34.2400016784668,535765
AFDI.CA,Real Estate,2025-12-30 22:00:00,34.2400016784668,34.5,33.720001220703125,33.79999923706055,33.79999923706055,210185
AFDI.CA,Real Estate,2026-01-03 22:00:00,33.79999923706055,34.959999084472656,33.81999969482422,34.099998474121094,34.099998474121094,301998
AFDI.CA,Real Estate,2026-01-04 22:00:00,34.099998474121094,34.400001525878906,33.52000045776367,33.61000061035156,33.61000061035156,140931
AFDI.CA,Real Estate,2026-01-05 22:00:00,33.61000061035156,33.900001525878906,33.119998931884766,33.380001068115234,33.380001068115234,221280
AFDI.CA,Real Estate,2026-01-07 22:00:00,33.380001068115234,33.63999938964844,33.099998474121094,33.13999938964844,33.13999938964844,147479
AFDI.CA,Real Estate,2026-01-10 22:00:00,33.13999938964844,33.41999816894531,33.0,33.20000076293945,33.20000076293945,166499
AFDI.CA,Real Estate,2026-01-11 22:00:00,33.20000076293945,33.599998474121094,32.77000045776367,32.84000015258789,32.84000015258789,137677
AFDI.CA,Real Estate,2026-01-12 22:00:00,32.84000015258789,33.029998779296875,31.770000457763672,32.0099983215332,32.0099983215332,175378
AFDI.CA,Real Estate,2026-01-13 22:00:00,32.0099983215332,32.25,30.209999084472656,30.8700008392334,30.8700008392334,242136
AFDI.CA,Real Estate,2026-01-14 22:00:00,30.8700008392334,31.739999771118164,30.25,30.3799991607666,30.3799991607666,129691
AFDI.CA,Real Estate,2026-01-17 22:00:00,30.3799991607666,31.700000762939453,30.610000610351562,31.059999465942383,31.059999465942383,37665
AFDI.CA,Real Estate,2026-01-18 22:00:00,31.059999465942383,31.700000762939453,31.040000915527344,31.559999465942383,31.559999465942383,67304
AFDI.CA,Real Estate,2026-01-19 22:00:00,31.559999465942383,31.799999237060547,31.010000228881836,31.139999389648438,31.139999389648438,207146
AFDI.CA,Real Estate,2026-01-20 22:00:00,31.139999389648438,32.470001220703125,31.09000015258789,31.600000381469727,31.600000381469727,214531
AFDI.CA,Real Estate,2026-01-21 22:00:00,31.600000381469727,32.29999923706055,31.43000030517578,31.59000015258789,31.59000015258789,232052
AFDI.CA,Real Estate,2026-01-24 22:00:00,31.59000015258789,31.989999771118164,30.93000030517578,31.010000228881836,31.010000228881836,188947
AFDI.CA,Real Estate,2026-01-25 22:00:00,31.010000228881836,31.399999618530273,30.6200008392334,30.81999969482422,30.81999969482422,112188
AFDI.CA,Real Estate,2026-01-26 22:00:00,30.81999969482422,31.549999237060547,30.799999237060547,31.469999313354492,31.469999313354492,189824
AFDI.CA,Real Estate,2026-01-27 22:00:00,31.469999313354492,31.5,30.299999237060547,30.5,30.5,252932
AFDI.CA,Real Estate,2026-01-31 22:00:00,30.5,31.280000686645508,30.0,31.049999237060547,31.049999237060547,124476
AFDI.CA,Real Estate,2026-02-01 22:00:00,31.049999237060547,31.450000762939453,30.760000228881836,31.40999984741211,31.40999984741211,102348
AFDI.CA,Real Estate,2026-02-02 22:00:00,31.40999984741211,32.470001220703125,31.489999771118164,32.400001525878906,32.400001525878906,301919
AFDI.CA,Real Estate,2026-02-03 22:00:00,32.400001525878906,32.7599983215332,32.060001373291016,32.54999923706055,32.54999923706055,127317
AFDI.CA,Real Estate,2026-02-04 22:00:00,32.54999923706055,33.84000015258789,32.0,33.189998626708984,33.189998626708984,427988
AFDI.CA,Real Estate,2026-02-07 22:00:00,33.189998626708984,34.22999954223633,33.08000183105469,33.27000045776367,33.27000045776367,266619
AFDI.CA,Real Estate,2026-02-08 22:00:00,33.27000045776367,33.869998931884766,33.119998931884766,33.459999084472656,33.459999084472656,122865
AFDI.CA,Real Estate,2026-02-09 22:00:00,33.459999084472656,33.63999938964844,32.9900016784668,33.0,33.0,83496
AFDI.CA,Real Estate,2026-02-10 22:00:00,33.0,33.400001525878906,32.400001525878906,32.5,32.5,79737
AFDI.CA,Real Estate,2026-02-11 22:00:00,32.5,32.900001525878906,32.18000030517578,32.40999984741211,32.40999984741211,67338
AFDI.CA,Real Estate,2026-02-14 22:00:00,32.40999984741211,33.599998474121094,32.380001068115234,33.52000045776367,33.52000045776367,135439
AFDI.CA,Real Estate,2026-02-15 22:00:00,33.52000045776367,33.70000076293945,32.599998474121094,32.63999938964844,32.63999938964844,201749
AFDI.CA,Real Estate,2026-02-16 22:00:00,32.63999938964844,33.15999984741211,32.650001525878906,33.099998474121094,33.099998474121094,233222
AFDI.CA,Real Estate,2026-02-17 22:00:00,33.099998474121094,35.79999923706055,33.0099983215332,34.84000015258789,34.84000015258789,1976751
AFDI.CA,Real Estate,2026-02-18 22:00:00,34.84000015258789,35.2400016784668,33.209999084472656,33.220001220703125,33.220001220703125,497991
AFDI.CA,Real Estate,2026-02-21 22:00:00,33.220001220703125,34.150001525878906,32.15999984741211,32.20000076293945,32.20000076293945,183817
AFDI.CA,Real Estate,2026-02-22 22:00:00,32.20000076293945,32.7599983215332,31.850000381469727,32.5099983215332,32.5099983215332,95237
AFDI.CA,Real Estate,2026-02-23 22:00:00,32.5099983215332,33.88999938964844,32.290000915527344,33.029998779296875,33.029998779296875,177372
AFDI.CA,Real Estate,2026-02-24 22:00:00,33.029998779296875,33.400001525878906,31.239999771118164,32.2599983215332,32.2599983215332,170819
AFDI.CA,Real Estate,2026-02-25 22:00:00,32.2599983215332,33.099998474121094,31.780000686645508,32.689998626708984,32.689998626708984,148298
AFDI.CA,Real Estate,2026-02-28 22:00:00,32.689998626708984,31.850000381469727,29.719999313354492,31.149999618530273,31.149999618530273,184612
AFDI.CA,Real Estate,2026-03-01 22:00:00,31.149999618530273,31.989999771118164,31.170000076293945,31.399999618530273,31.399999618530273,71027
AFDI.CA,Real Estate,2026-03-02 22:00:00,31.399999618530273,31.989999771118164,31.0,31.600000381469727,31.600000381469727,122749
AFDI.CA,Real Estate,2026-03-03 22:00:00,31.600000381469727,31.989999771118164,31.149999618530273,31.639999389648438,31.639999389648438,190649
AFDI.CA,Real Estate,2026-03-04 22:00:00,31.639999389648438,32.689998626708984,31.690000534057617,31.920000076293945,31.920000076293945,172822
AFDI.CA,Real Estate,2026-03-07 22:00:00,31.920000076293945,32.27000045776367,31.81999969482422,32.18000030517578,32.18000030517578,168196
AFDI.CA,Real Estate,2026-03-08 22:00:00,32.18000030517578,32.45000076293945,31.920000076293945,32.0,32.0,75435
AFDI.CA,Real Estate,2026-03-09 22:00:00,32.0,32.689998626708984,32.0,32.099998474121094,32.099998474121094,152161
AFDI.CA,Real Estate,2026-03-10 22:00:00,32.099998474121094,32.599998474121094,32.099998474121094,32.560001373291016,32.560001373291016,82028
AFDI.CA,Real Estate,2026-03-11 22:00:00,32.560001373291016,32.7400016784668,32.27000045776367,32.310001373291016,32.310001373291016,113225
AFDI.CA,Real Estate,2026-03-14 22:00:00,32.310001373291016,32.900001525878906,32.31999969482422,32.70000076293945,32.70000076293945,64481
AFDI.CA,Real Estate,2026-03-15 22:00:00,32.70000076293945,32.79999923706055,32.099998474121094,32.349998474121094,32.349998474121094,113023
AFDI.CA,Real Estate,2026-03-16 22:00:00,32.349998474121094,32.75,32.16999816894531,32.54999923706055,32.54999923706055,62569
AFDI.CA,Real Estate,2026-03-17 22:00:00,32.54999923706055,33.400001525878906,32.54999923706055,33.20000076293945,33.20000076293945,94237
AFDI.CA,Real Estate,2026-03-18 22:00:00,33.20000076293945,33.20000076293945,33.20000076293945,33.20000076293945,33.20000076293945,0
AFDI.CA,Real Estate,2026-03-23 22:00:00,33.20000076293945,34.5,33.0,34.38999938964844,34.38999938964844,224094
AFDI.CA,Real Estate,2026-03-24 22:00:00,34.38999938964844,34.70000076293945,34.099998474121094,34.38999938964844,34.38999938964844,172804
AFDI.CA,Real Estate,2026-03-25 22:00:00,34.38999938964844,34.41999816894531,33.7400016784668,33.91999816894531,33.91999816894531,84124
AFDI.CA,Real Estate,2026-03-28 22:00:00,33.91999816894531,33.970001220703125,32.400001525878906,32.93000030517578,32.93000030517578,100364
AFDI.CA,Real Estate,2026-03-29 22:00:00,32.93000030517578,33.150001525878906,32.5,32.7400016784668,32.7400016784668,74721
AFDI.CA,Real Estate,2026-03-30 22:00:00,32.7400016784668,32.97999954223633,32.47999954223633,32.790000915527344,32.790000915527344,29539
AFDI.CA,Real Estate,2026-03-31 22:00:00,32.790000915527344,33.47999954223633,32.70000076293945,33.029998779296875,33.029998779296875,49382
AFDI.CA,Real Estate,2026-04-01 22:00:00,33.029998779296875,33.779998779296875,32.810001373291016,33.529998779296875,33.529998779296875,99489
AFDI.CA,Real Estate,2026-04-04 22:00:00,33.529998779296875,34.18000030517578,33.349998474121094,33.47999954223633,33.47999954223633,43839
AFDI.CA,Real Estate,2026-04-05 22:00:00,33.47999954223633,33.790000915527344,32.97999954223633,33.2599983215332,33.2599983215332,82182
AFDI.CA,Real Estate,2026-04-06 22:00:00,33.2599983215332,33.68000030517578,32.70000076293945,32.93000030517578,32.93000030517578,70249
AFDI.CA,Real Estate,2026-04-07 22:00:00,32.93000030517578,33.849998474121094,33.04999923706055,33.72999954223633,33.72999954223633,60935
AFDI.CA,Real Estate,2026-04-08 22:00:00,33.72999954223633,33.880001068115234,31.5,33.400001525878906,33.400001525878906,26452
AFDI.CA,Real Estate,2026-04-13 22:00:00,33.400001525878906,33.86000061035156,33.29999923706055,33.41999816894531,33.41999816894531,66819
AFDI.CA,Real Estate,2026-04-14 22:00:00,33.41999816894531,34.599998474121094,33.5,34.16999816894531,34.16999816894531,408439
AFDI.CA,Real Estate,2026-04-15 22:00:00,34.16999816894531,34.599998474121094,34.16999816894531,34.33000183105469,34.33000183105469,359511
AFDI.CA,Real Estate,2026-04-18 22:00:00,34.33000183105469,35.5,34.619998931884766,35.209999084472656,35.209999084472656,863058
AFDI.CA,Real Estate,2026-04-19 22:00:00,35.209999084472656,35.86000061035156,35.25,35.349998474121094,35.349998474121094,704539
AFDI.CA,Real Estate,2026-04-20 22:00:00,35.349998474121094,35.790000915527344,35.02000045776367,35.29999923706055,35.29999923706055,193817
AFDI.CA,Real Estate,2026-04-21 22:00:00,35.29999923706055,36.34000015258789,35.29999923706055,35.7599983215332,35.7599983215332,307721
AFDI.CA,Real Estate,2026-04-22 22:00:00,35.7599983215332,36.0,35.400001525878906,35.5,35.5,111701
AFDI.CA,Real Estate,2026-04-25 21:00:00,35.5,35.849998474121094,35.400001525878906,35.4900016784668,35.4900016784668,152301
AFDI.CA,Real Estate,2026-04-26 21:00:00,35.4900016784668,35.79999923706055,35.470001220703125,35.65999984741211,35.65999984741211,108360
AFDI.CA,Real Estate,2026-04-27 21:00:00,35.65999984741211,35.79999923706055,35.5099983215332,35.529998779296875,35.529998779296875,108823
AFDI.CA,Real Estate,2026-04-28 21:00:00,35.529998779296875,35.79999923706055,35.349998474121094,35.5,35.5,107471
AFDI.CA,Real Estate,2026-04-29 21:00:00,35.5,35.75,35.029998779296875,35.369998931884766,35.369998931884766,115786
AFDI.CA,Real Estate,2026-05-02 21:00:00,35.369998931884766,37.54999923706055,35.5,37.189998626708984,37.189998626708984,602251
AFDI.CA,Real Estate,2026-05-03 21:00:00,37.189998626708984,37.599998474121094,36.650001525878906,36.9900016784668,36.9900016784668,232242
AFDI.CA,Real Estate,2026-05-04 21:00:00,36.9900016784668,37.29999923706055,36.54999923706055,36.93000030517578,36.93000030517578,181210
AFDI.CA,Real Estate,2026-05-05 21:00:00,36.93000030517578,38.150001525878906,36.81999969482422,37.54999923706055,37.54999923706055,424977
AFDI.CA,Real Estate,2026-05-09 21:00:00,37.54999923706055,39.20000076293945,37.540000915527344,38.77000045776367,38.77000045776367,541486
AFDI.CA,Real Estate,2026-05-10 21:00:00,38.77000045776367,41.099998474121094,38.5099983215332,41.099998474121094,41.099998474121094,815674
AFDI.CA,Real Estate,2026-05-11 21:00:00,41.099998474121094,41.38999938964844,40.08000183105469,40.119998931884766,40.119998931884766,361665
AFDI.CA,Real Estate,2026-05-12 21:00:00,40.119998931884766,40.75,40.0,40.70000076293945,40.70000076293945,234575
AFDI.CA,Real Estate,2026-05-13 21:00:00,40.70000076293945,44.599998474121094,40.70000076293945,43.209999084472656,43.209999084472656,1565838
AFDI.CA,Real Estate,2026-05-16 21:00:00,43.209999084472656,43.70000076293945,41.43000030517578,41.52000045776367,41.52000045776367,461238
AFDI.CA,Real Estate,2026-05-17 21:00:00,41.52000045776367,42.790000915527344,40.61000061035156,40.90999984741211,40.90999984741211,307891
AFDI.CA,Real Estate,2026-05-18 21:00:00,40.90999984741211,42.0,41.029998779296875,41.779998779296875,41.779998779296875,126908
AFDI.CA,Real Estate,2026-05-19 21:00:00,41.779998779296875,42.0,40.709999084472656,40.810001373291016,40.810001373291016,143971
AFDI.CA,Real Estate,2026-05-20 21:00:00,40.810001373291016,42.4900016784668,40.61000061035156,41.790000915527344,41.790000915527344,357607
AFDI.CA,Real Estate,2026-05-23 21:00:00,41.790000915527344,42.540000915527344,41.79999923706055,41.900001525878906,41.900001525878906,161800
AFDI.CA,Real Estate,2026-05-24 21:00:00,41.900001525878906,42.400001525878906,41.5,41.61000061035156,41.61000061035156,131559
AFDI.CA,Real Estate,2026-05-25 21:00:00,41.61000061035156,41.61000061035156,41.61000061035156,41.61000061035156,41.61000061035156,0
AFDI.CA,Real Estate,2026-05-26 21:00:00,41.61000061035156,41.61000061035156,41.61000061035156,41.61000061035156,41.61000061035156,0
AFDI.CA,Real Estate,2026-05-27 21:00:00,41.61000061035156,41.61000061035156,41.61000061035156,41.61000061035156,41.61000061035156,0
AFDI.CA,Real Estate,2026-05-31 21:00:00,41.61000061035156,42.18000030517578,41.630001068115234,41.70000076293945,41.70000076293945,83579
AFDI.CA,Real Estate,2026-06-01 21:00:00,41.70000076293945,43.79999923706055,41.25,43.5,43.5,408091
AFDI.CA,Real Estate,2026-06-02 21:00:00,43.5,46.400001525878906,43.119998931884766,45.7599983215332,45.7599983215332,1183637
AFDI.CA,Real Estate,2026-06-03 21:00:00,45.7599983215332,46.70000076293945,44.709999084472656,44.900001525878906,44.900001525878906,655889
AFDI.CA,Real Estate,2026-06-06 21:00:00,44.900001525878906,45.70000076293945,44.130001068115234,44.369998931884766,44.369998931884766,244656
AFDI.CA,Real Estate,2026-06-07 21:00:00,44.369998931884766,44.95000076293945,43.0099983215332,43.790000915527344,43.790000915527344,184569
AFDI.CA,Real Estate,2026-06-08 21:00:00,43.790000915527344,44.5,43.400001525878906,43.720001220703125,43.720001220703125,245283
AFDI.CA,Real Estate,2026-06-09 21:00:00,43.720001220703125,44.54999923706055,42.43000030517578,42.560001373291016,42.560001373291016,304411
AFDI.CA,Real Estate,2026-06-10 21:00:00,42.560001373291016,42.650001525878906,40.150001525878906,40.40999984741211,40.40999984741211,282208
AFDI.CA,Real Estate,2026-06-13 21:00:00,40.40999984741211,43.36000061035156,40.79999923706055,43.13999938964844,43.13999938964844,347294
AFDI.CA,Real Estate,2026-06-14 21:00:00,43.13999938964844,43.970001220703125,42.29999923706055,42.970001220703125,42.970001220703125,251178
AFDI.CA,Real Estate,2026-06-15 21:00:00,42.970001220703125,43.400001525878906,42.0099983215332,42.79999923706055,42.79999923706055,130834
AFDI.CA,Real Estate,2026-06-16 21:00:00,42.79999923706055,42.79999923706055,42.79999923706055,42.79999923706055,42.79999923706055,0
AFDI.CA,Real Estate,2026-06-17 21:00:00,42.79999923706055,42.79999923706055,42.79999923706055,42.79999923706055,42.79999923706055,0
AFDI.CA,Real Estate,2026-06-20 21:00:00,42.4900016784668,44.34000015258789,42.5,44.34000015258789,44.34000015258789,276562
AFDI.CA,Real Estate,2026-06-21 21:00:00,44.34000015258789,44.34000015258789,44.34000015258789,44.34000015258789,44.34000015258789,0
AFDI.CA,Real Estate,2026-06-22 21:00:00,47.0,48.88999938964844,45.81999969482422,46.02000045776367,46.02000045776367,859687
AFDI.CA,Real Estate,2026-06-23 21:00:00,46.02000045776367,47.0,45.33000183105469,46.70000076293945,46.70000076293945,255354
AFDI.CA,Real Estate,2026-06-24 21:00:00,46.70000076293945,47.0,44.099998474121094,44.40999984741211,44.40999984741211,342137
AFDI.CA,Real Estate,2026-06-27 21:00:00,44.40999984741211,44.59000015258789,42.5,42.65999984741211,42.65999984741211,153481
AFDI.CA,Real Estate,2026-06-28 21:00:00,42.65999984741211,43.5,41.84000015258789,42.36000061035156,42.36000061035156,157914
AFDI.CA,Real Estate,2026-06-29 21:00:00,42.36000061035156,46.47999954223633,42.599998474121094,44.060001373291016,44.060001373291016,457354
AFDI.CA,Real Estate,2026-06-30 21:00:00,44.060001373291016,44.84000015258789,43.77000045776367,44.34000015258789,44.34000015258789,91077
AFDI.CA,Real Estate,2026-07-04 21:00:00,44.34000015258789,45.0,44.0,44.310001373291016,44.310001373291016,151890
AFDI.CA,Real Estate,2026-07-05 21:00:00,44.310001373291016,45.470001220703125,44.61000061035156,45.13999938964844,45.13999938964844,176646
AFDI.CA,Real Estate,2026-07-06 21:00:00,45.13999938964844,46.900001525878906,44.54999923706055,46.599998474121094,46.599998474121094,334452
AFDI.CA,Real Estate,2026-07-07 21:00:00,46.599998474121094,46.75,44.95000076293945,45.2400016784668,45.2400016784668,111118
AFDI.CA,Real Estate,2026-07-08 21:00:00,45.2400016784668,47.5,44.27000045776367,45.90999984741211,45.90999984741211,413383
AFDI.CA,Real Estate,2026-07-11 21:00:00,45.90999984741211,48.470001220703125,46.189998626708984,47.0,47.0,748661
AFDI.CA,Real Estate,2026-07-12 21:00:00,47.0,47.959999084472656,46.810001373291016,47.439998626708984,47.439998626708984,423974
AFDI.CA,Real Estate,2026-07-13 21:00:00,47.439998626708984,47.439998626708984,46.20000076293945,46.369998931884766,46.369998931884766,206733
AFDI.CA,Real Estate,2026-07-14 21:00:00,46.369998931884766,48.0,46.400001525878906,47.869998931884766,47.869998931884766,252807
AFDI.CA,Real Estate,2026-07-15 21:00:00,47.869998931884766,48.970001220703125,47.400001525878906,47.5,47.5,502891
AFDI.CA,Real Estate,2026-07-18 21:00:00,47.5,48.4900016784668,46.900001525878906,47.70000076293945,47.70000076293945,155794
AFDI.CA,Real Estate,2026-07-19 21:00:00,47.70000076293945,47.939998626708984,46.56999969482422,47.880001068115234,47.880001068115234,97964
AFDI.CA,Real Estate,2026-07-20 21:00:00,47.880001068115234,49.9900016784668,47.029998779296875,48.5,48.5,620076
AFDI.CA,Real Estate,2026-07-21 21:00:00,48.5,49.9900016784668,48.099998474121094,49.290000915527344,49.290000915527344,532560
AFDI.CA,Real Estate,2026-07-25 21:00:00,49.290000915527344,49.84000015258789,48.349998474121094,48.599998474121094,48.599998474121094,229147
AFDI.CA,Real Estate,2026-07-26 21:00:00,48.599998474121094,51.5,48.5099983215332,51.13999938964844,51.13999938964844,891202
AFDI.CA,Real Estate,2026-07-27 21:00:00,51.13999938964844,52.380001068115234,50.20000076293945,50.70000076293945,50.70000076293945,447396
AFDI.CA,Real Estate,2026-07-28 21:00:00,50.70000076293945,52.5099983215332,49.849998474121094,52.41999816894531,52.41999816894531,524557
AFDI.CA,Real Estate,2026-07-29 21:00:00,52.41999816894531,52.27000045776367,50.47999954223633,51.33000183105469,51.33000183105469,429448
AFDI.CA,Real Estate,2026-08-01 21:00:00,51.33000183105469,54.970001220703125,52.0,54.970001220703125,54.970001220703125,670058
AFDI.CA,Real Estate,2026-08-02 21:00:00,54.970001220703125,57.25,54.5,55.5,55.5,789578
AFDI.CA,Real Estate,2026-08-03 21:00:00,55.5,59.79999923706055,52.560001373291016,59.79999923706055,59.79999923706055,783371
AFDI.CA,Real Estate,2026-08-04 21:00:00,59.79999923706055,61.5,58.150001525878906,61.0,61.0,467650
AFDI.CA,Real Estate,2026-08-05 21:00:00,61.0,61.0,57.5,59.22999954223633,59.22999954223633,216729
