symbol,sector,raw_date_utc,open,high,low,close,adj_close,volume
AIFI.CA,Real Estate,2022-01-01 22:00:00,0.07800000160932541,0.07800000160932541,0.07800000160932541,0.07800000160932541,0.07800000160932541,0
AIFI.CA,Real Estate,2022-01-02 22:00:00,0.07800000160932541,0.07800000160932541,0.07800000160932541,0.07800000160932541,0.07800000160932541,0
AIFI.CA,Real Estate,2022-01-03 22:00:00,0.07800000160932541,0.07800000160932541,0.07800000160932541,0.07800000160932541,0.07800000160932541,0
AIFI.CA,Real Estate,2022-01-04 22:00:00,0.07800000160932541,0.07800000160932541,0.07800000160932541,0.07800000160932541,0.07800000160932541,0
AIFI.CA,Real Estate,2022-01-08 22:00:00,0.07800000160932541,0.07800000160932541,0.07800000160932541,0.07800000160932541,0.07800000160932541,0
AIFI.CA,Real Estate,2022-01-09 22:00:00,0.07800000160932541,0.07800000160932541,0.07800000160932541,0.07800000160932541,0.07800000160932541,0
AIFI.CA,Real Estate,2022-01-10 22:00:00,0.07800000160932541,0.07800000160932541,0.07800000160932541,0.07800000160932541,0.07800000160932541,0
AIFI.CA,Real Estate,2022-01-11 22:00:00,0.07800000160932541,0.07800000160932541,0.07800000160932541,0.07800000160932541,0.07800000160932541,0
AIFI.CA,Real Estate,2022-01-12 22:00:00,0.07800000160932541,0.07800000160932541,0.07800000160932541,0.07800000160932541,0.07800000160932541,0
AIFI.CA,Real Estate,2022-01-15 22:00:00,0.07800000160932541,0.07800000160932541,0.07800000160932541,0.07800000160932541,0.07800000160932541,0
AIFI.CA,Real Estate,2022-01-16 22:00:00,0.07800000160932541,0.07800000160932541,0.07800000160932541,0.07800000160932541,0.07800000160932541,0
AIFI.CA,Real Estate,2022-01-17 22:00:00,0.07800000160932541,0.07800000160932541,0.07800000160932541,0.07800000160932541,0.07800000160932541,0
AIFI.CA,Real Estate,2022-01-18 22:00:00,0.07800000160932541,0.07800000160932541,0.07800000160932541,0.07800000160932541,0.07800000160932541,0
AIFI.CA,Real Estate,2022-01-19 22:00:00,0.07800000160932541,0.07800000160932541,0.07800000160932541,0.07800000160932541,0.07800000160932541,0
AIFI.CA,Real Estate,2022-01-22 22:00:00,0.07800000160932541,0.07800000160932541,0.07800000160932541,0.07800000160932541,0.07800000160932541,0
AIFI.CA,Real Estate,2022-01-23 22:00:00,0.07800000160932541,0.07800000160932541,0.07800000160932541,0.07800000160932541,0.07800000160932541,0
AIFI.CA,Real Estate,2022-01-24 22:00:00,0.07800000160932541,0.07800000160932541,0.07800000160932541,0.07800000160932541,0.07800000160932541,0
AIFI.CA,Real Estate,2022-01-25 22:00:00,0.07800000160932541,0.07800000160932541,0.07800000160932541,0.07800000160932541,0.07800000160932541,0
AIFI.CA,Real Estate,2022-01-29 22:00:00,0.07800000160932541,0.07800000160932541,0.07800000160932541,0.07800000160932541,0.07800000160932541,0
AIFI.CA,Real Estate,2022-01-30 22:00:00,0.07800000160932541,0.07800000160932541,0.07800000160932541,0.07800000160932541,0.07800000160932541,0
AIFI.CA,Real Estate,2022-01-31 22:00:00,0.07800000160932541,0.07800000160932541,0.07800000160932541,0.07800000160932541,0.07800000160932541,0
AIFI.CA,Real Estate,2022-02-01 22:00:00,0.07800000160932541,0.07800000160932541,0.07800000160932541,0.07800000160932541,0.07800000160932541,0
AIFI.CA,Real Estate,2022-02-02 22:00:00,0.07800000160932541,0.07800000160932541,0.07800000160932541,0.07800000160932541,0.07800000160932541,0
AIFI.CA,Real Estate,2022-02-05 22:00:00,0.07800000160932541,0.07800000160932541,0.07800000160932541,0.07800000160932541,0.07800000160932541,0
AIFI.CA,Real Estate,2022-02-06 22:00:00,0.07800000160932541,0.07800000160932541,0.07800000160932541,0.07800000160932541,0.07800000160932541,0
AIFI.CA,Real Estate,2022-02-07 22:00:00,0.07800000160932541,0.07800000160932541,0.07800000160932541,0.07800000160932541,0.07800000160932541,0
AIFI.CA,Real Estate,2022-02-08 22:00:00,0.07800000160932541,0.07800000160932541,0.07800000160932541,0.07800000160932541,0.07800000160932541,0
AIFI.CA,Real Estate,2022-02-09 22:00:00,0.07800000160932541,0.07800000160932541,0.07800000160932541,0.07800000160932541,0.07800000160932541,0
AIFI.CA,Real Estate,2022-02-12 22:00:00,0.07800000160932541,0.07800000160932541,0.07800000160932541,0.07800000160932541,0.07800000160932541,0
AIFI.CA,Real Estate,2022-02-13 22:00:00,0.07800000160932541,0.07800000160932541,0.07800000160932541,0.07800000160932541,0.07800000160932541,0
AIFI.CA,Real Estate,2022-02-14 22:00:00,0.07800000160932541,0.07800000160932541,0.07800000160932541,0.07800000160932541,0.07800000160932541,0
AIFI.CA,Real Estate,2022-02-15 22:00:00,0.07800000160932541,0.07800000160932541,0.07800000160932541,0.07800000160932541,0.07800000160932541,0
AIFI.CA,Real Estate,2022-02-16 22:00:00,0.07800000160932541,0.07800000160932541,0.07800000160932541,0.07800000160932541,0.07800000160932541,0
AIFI.CA,Real Estate,2022-02-19 22:00:00,0.07800000160932541,0.07800000160932541,0.07800000160932541,0.07800000160932541,0.07800000160932541,0
AIFI.CA,Real Estate,2022-02-20 22:00:00,0.07800000160932541,0.07800000160932541,0.07800000160932541,0.07800000160932541,0.07800000160932541,0
AIFI.CA,Real Estate,2022-02-21 22:00:00,0.07800000160932541,0.07800000160932541,0.07800000160932541,0.07800000160932541,0.07800000160932541,0
AIFI.CA,Real Estate,2022-02-22 22:00:00,0.07800000160932541,0.07800000160932541,0.07800000160932541,0.07800000160932541,0.07800000160932541,0
AIFI.CA,Real Estate,2022-02-23 22:00:00,0.07800000160932541,0.07800000160932541,0.07800000160932541,0.07800000160932541,0.07800000160932541,0
AIFI.CA,Real Estate,2022-02-26 22:00:00,0.07800000160932541,0.07800000160932541,0.07800000160932541,0.07800000160932541,0.07800000160932541,0
AIFI.CA,Real Estate,2022-02-27 22:00:00,0.07800000160932541,0.07800000160932541,0.07800000160932541,0.07800000160932541,0.07800000160932541,0
AIFI.CA,Real Estate,2022-02-28 22:00:00,0.07800000160932541,0.07800000160932541,0.07800000160932541,0.07800000160932541,0.07800000160932541,0
AIFI.CA,Real Estate,2022-03-01 22:00:00,0.07800000160932541,0.07800000160932541,0.07800000160932541,0.07800000160932541,0.07800000160932541,0
AIFI.CA,Real Estate,2022-03-02 22:00:00,0.07800000160932541,0.07800000160932541,0.07800000160932541,0.07800000160932541,0.07800000160932541,0
AIFI.CA,Real Estate,2022-03-05 22:00:00,0.07800000160932541,0.07800000160932541,0.07800000160932541,0.07800000160932541,0.07800000160932541,0
AIFI.CA,Real Estate,2022-03-06 22:00:00,0.07800000160932541,0.07800000160932541,0.07800000160932541,0.07800000160932541,0.07800000160932541,0
AIFI.CA,Real Estate,2022-03-07 22:00:00,0.07800000160932541,0.07800000160932541,0.07800000160932541,0.07800000160932541,0.07800000160932541,0
AIFI.CA,Real Estate,2022-03-08 22:00:00,0.07800000160932541,0.07800000160932541,0.07800000160932541,0.07800000160932541,0.07800000160932541,0
AIFI.CA,Real Estate,2022-03-09 22:00:00,0.07800000160932541,0.07800000160932541,0.07800000160932541,0.07800000160932541,0.07800000160932541,0
AIFI.CA,Real Estate,2022-03-12 22:00:00,0.07800000160932541,0.07800000160932541,0.07800000160932541,0.07800000160932541,0.07800000160932541,0
AIFI.CA,Real Estate,2022-03-13 22:00:00,0.07800000160932541,0.07800000160932541,0.07800000160932541,0.07800000160932541,0.07800000160932541,0
AIFI.CA,Real Estate,2022-03-14 22:00:00,0.07800000160932541,0.07800000160932541,0.07800000160932541,0.07800000160932541,0.07800000160932541,0
AIFI.CA,Real Estate,2022-03-15 22:00:00,0.07800000160932541,0.07800000160932541,0.07800000160932541,0.07800000160932541,0.07800000160932541,0
AIFI.CA,Real Estate,2022-03-16 22:00:00,0.07800000160932541,0.07800000160932541,0.07800000160932541,0.07800000160932541,0.07800000160932541,0
AIFI.CA,Real Estate,2022-03-19 22:00:00,0.07800000160932541,0.07800000160932541,0.07800000160932541,0.07800000160932541,0.07800000160932541,0
AIFI.CA,Real Estate,2022-03-20 22:00:00,0.07800000160932541,0.07800000160932541,0.07800000160932541,0.07800000160932541,0.07800000160932541,0
AIFI.CA,Real Estate,2022-03-21 22:00:00,0.07800000160932541,0.07800000160932541,0.07800000160932541,0.07800000160932541,0.07800000160932541,0
AIFI.CA,Real Estate,2022-03-22 22:00:00,0.07800000160932541,0.07800000160932541,0.07800000160932541,0.07800000160932541,0.07800000160932541,0
AIFI.CA,Real Estate,2022-03-23 22:00:00,0.07800000160932541,0.07800000160932541,0.07800000160932541,0.07800000160932541,0.07800000160932541,0
AIFI.CA,Real Estate,2022-03-26 22:00:00,0.07800000160932541,0.07800000160932541,0.07800000160932541,0.07800000160932541,0.07800000160932541,0
AIFI.CA,Real Estate,2022-03-27 22:00:00,0.07800000160932541,0.07800000160932541,0.07800000160932541,0.07800000160932541,0.07800000160932541,0
AIFI.CA,Real Estate,2022-03-28 22:00:00,0.07800000160932541,0.07800000160932541,0.07800000160932541,0.07800000160932541,0.07800000160932541,0
AIFI.CA,Real Estate,2022-03-29 22:00:00,0.07800000160932541,0.07800000160932541,0.07800000160932541,0.07800000160932541,0.07800000160932541,0
AIFI.CA,Real Estate,2022-03-30 22:00:00,0.07800000160932541,0.07800000160932541,0.07800000160932541,0.07800000160932541,0.07800000160932541,0
AIFI.CA,Real Estate,2022-04-02 22:00:00,0.07800000160932541,0.07800000160932541,0.07800000160932541,0.07800000160932541,0.07800000160932541,0
AIFI.CA,Real Estate,2022-04-03 22:00:00,0.07800000160932541,0.07800000160932541,0.07800000160932541,0.07800000160932541,0.07800000160932541,0
AIFI.CA,Real Estate,2022-04-04 22:00:00,0.07800000160932541,0.07800000160932541,0.07800000160932541,0.07800000160932541,0.07800000160932541,0
AIFI.CA,Real Estate,2022-04-05 22:00:00,0.07800000160932541,0.07800000160932541,0.07800000160932541,0.07800000160932541,0.07800000160932541,0
AIFI.CA,Real Estate,2022-04-06 22:00:00,0.07800000160932541,0.07800000160932541,0.07800000160932541,0.07800000160932541,0.07800000160932541,0
AIFI.CA,Real Estate,2022-04-09 22:00:00,0.07800000160932541,0.07800000160932541,0.07800000160932541,0.07800000160932541,0.07800000160932541,0
AIFI.CA,Real Estate,2022-04-10 22:00:00,0.07800000160932541,0.07800000160932541,0.07800000160932541,0.07800000160932541,0.07800000160932541,0
AIFI.CA,Real Estate,2022-04-11 22:00:00,0.07800000160932541,0.07800000160932541,0.07800000160932541,0.07800000160932541,0.07800000160932541,0
AIFI.CA,Real Estate,2022-04-12 22:00:00,0.07800000160932541,0.07800000160932541,0.07800000160932541,0.07800000160932541,0.07800000160932541,0
AIFI.CA,Real Estate,2022-04-13 22:00:00,0.07800000160932541,0.07800000160932541,0.07800000160932541,0.07800000160932541,0.07800000160932541,0
AIFI.CA,Real Estate,2022-04-16 22:00:00,0.07800000160932541,0.07800000160932541,0.07800000160932541,0.07800000160932541,0.07800000160932541,0
AIFI.CA,Real Estate,2022-04-17 22:00:00,0.07800000160932541,0.07800000160932541,0.07800000160932541,0.07800000160932541,0.07800000160932541,0
AIFI.CA,Real Estate,2022-04-18 22:00:00,0.07800000160932541,0.07800000160932541,0.07800000160932541,0.07800000160932541,0.07800000160932541,0
AIFI.CA,Real Estate,2022-04-19 22:00:00,0.07800000160932541,0.07800000160932541,0.07800000160932541,0.07800000160932541,0.07800000160932541,0
AIFI.CA,Real Estate,2022-04-20 22:00:00,0.07800000160932541,0.07800000160932541,0.07800000160932541,0.07800000160932541,0.07800000160932541,0
AIFI.CA,Real Estate,2022-04-25 22:00:00,0.07800000160932541,0.07800000160932541,0.07800000160932541,0.07800000160932541,0.07800000160932541,0
AIFI.CA,Real Estate,2022-04-26 22:00:00,0.07800000160932541,0.07800000160932541,0.07800000160932541,0.07800000160932541,0.07800000160932541,0
AIFI.CA,Real Estate,2022-04-27 22:00:00,0.07800000160932541,0.07800000160932541,0.07800000160932541,0.07800000160932541,0.07800000160932541,0
AIFI.CA,Real Estate,2022-05-07 22:00:00,0.07800000160932541,0.07800000160932541,0.07800000160932541,0.07800000160932541,0.07800000160932541,0
AIFI.CA,Real Estate,2022-05-08 22:00:00,0.07800000160932541,0.07800000160932541,0.07800000160932541,0.07800000160932541,0.07800000160932541,0
AIFI.CA,Real Estate,2022-05-09 22:00:00,0.07800000160932541,0.07800000160932541,0.07800000160932541,0.07800000160932541,0.07800000160932541,0
AIFI.CA,Real Estate,2022-05-10 22:00:00,0.07800000160932541,0.07800000160932541,0.07800000160932541,0.07800000160932541,0.07800000160932541,0
AIFI.CA,Real Estate,2022-05-11 22:00:00,0.07800000160932541,0.07800000160932541,0.07800000160932541,0.07800000160932541,0.07800000160932541,0
AIFI.CA,Real Estate,2022-05-14 22:00:00,0.07800000160932541,0.07800000160932541,0.07800000160932541,0.07800000160932541,0.07800000160932541,0
AIFI.CA,Real Estate,2022-05-15 22:00:00,0.07800000160932541,0.07800000160932541,0.07800000160932541,0.07800000160932541,0.07800000160932541,0
AIFI.CA,Real Estate,2022-05-16 22:00:00,0.07800000160932541,0.07800000160932541,0.07800000160932541,0.07800000160932541,0.07800000160932541,0
AIFI.CA,Real Estate,2022-05-17 22:00:00,0.07800000160932541,0.07800000160932541,0.07800000160932541,0.07800000160932541,0.07800000160932541,0
AIFI.CA,Real Estate,2022-05-18 22:00:00,0.07800000160932541,0.07800000160932541,0.07800000160932541,0.07800000160932541,0.07800000160932541,0
AIFI.CA,Real Estate,2022-05-21 22:00:00,0.07800000160932541,0.07800000160932541,0.07800000160932541,0.07800000160932541,0.07800000160932541,0
AIFI.CA,Real Estate,2022-05-22 22:00:00,0.07800000160932541,0.07800000160932541,0.07800000160932541,0.07800000160932541,0.07800000160932541,0
AIFI.CA,Real Estate,2022-05-23 22:00:00,0.07800000160932541,0.07800000160932541,0.07800000160932541,0.07800000160932541,0.07800000160932541,0
AIFI.CA,Real Estate,2022-05-24 22:00:00,0.07800000160932541,0.07800000160932541,0.07800000160932541,0.07800000160932541,0.07800000160932541,0
AIFI.CA,Real Estate,2022-05-25 22:00:00,0.07800000160932541,0.07800000160932541,0.07800000160932541,0.07800000160932541,0.07800000160932541,0
AIFI.CA,Real Estate,2022-05-28 22:00:00,0.07800000160932541,0.07800000160932541,0.07800000160932541,0.07800000160932541,0.07800000160932541,0
AIFI.CA,Real Estate,2022-05-29 22:00:00,0.07800000160932541,0.07800000160932541,0.07800000160932541,0.07800000160932541,0.07800000160932541,0
AIFI.CA,Real Estate,2022-05-30 22:00:00,0.07800000160932541,0.07800000160932541,0.07800000160932541,0.07800000160932541,0.07800000160932541,0
AIFI.CA,Real Estate,2022-05-31 22:00:00,0.07800000160932541,0.07800000160932541,0.07800000160932541,0.07800000160932541,0.07800000160932541,0
AIFI.CA,Real Estate,2022-06-01 22:00:00,0.07800000160932541,0.07800000160932541,0.07800000160932541,0.07800000160932541,0.07800000160932541,0
AIFI.CA,Real Estate,2022-06-04 22:00:00,0.07800000160932541,0.07800000160932541,0.07800000160932541,0.07800000160932541,0.07800000160932541,0
AIFI.CA,Real Estate,2022-06-05 22:00:00,0.07800000160932541,0.07800000160932541,0.07800000160932541,0.07800000160932541,0.07800000160932541,0
AIFI.CA,Real Estate,2022-06-06 22:00:00,0.07800000160932541,0.07800000160932541,0.07800000160932541,0.07800000160932541,0.07800000160932541,0
AIFI.CA,Real Estate,2022-06-07 22:00:00,0.07800000160932541,0.07800000160932541,0.07800000160932541,0.07800000160932541,0.07800000160932541,0
AIFI.CA,Real Estate,2022-06-08 22:00:00,0.07800000160932541,0.07800000160932541,0.07800000160932541,0.07800000160932541,0.07800000160932541,0
AIFI.CA,Real Estate,2022-06-11 22:00:00,0.07800000160932541,0.07800000160932541,0.07800000160932541,0.07800000160932541,0.07800000160932541,0
AIFI.CA,Real Estate,2022-06-12 22:00:00,0.07800000160932541,0.07800000160932541,0.07800000160932541,0.07800000160932541,0.07800000160932541,0
AIFI.CA,Real Estate,2022-06-13 22:00:00,0.07800000160932541,0.07800000160932541,0.07800000160932541,0.07800000160932541,0.07800000160932541,0
AIFI.CA,Real Estate,2022-06-14 22:00:00,0.07800000160932541,0.07800000160932541,0.07800000160932541,0.07800000160932541,0.07800000160932541,0
AIFI.CA,Real Estate,2022-06-15 22:00:00,0.07800000160932541,0.07800000160932541,0.07800000160932541,0.07800000160932541,0.07800000160932541,0
AIFI.CA,Real Estate,2022-06-18 22:00:00,0.07800000160932541,0.07800000160932541,0.07800000160932541,0.07800000160932541,0.07800000160932541,0
AIFI.CA,Real Estate,2022-06-19 22:00:00,0.07800000160932541,0.07800000160932541,0.07800000160932541,0.07800000160932541,0.07800000160932541,0
AIFI.CA,Real Estate,2022-06-20 22:00:00,0.07800000160932541,0.07800000160932541,0.07800000160932541,0.07800000160932541,0.07800000160932541,0
AIFI.CA,Real Estate,2022-06-21 22:00:00,0.07800000160932541,0.07800000160932541,0.07800000160932541,0.07800000160932541,0.07800000160932541,0
AIFI.CA,Real Estate,2022-06-22 22:00:00,0.07800000160932541,0.07800000160932541,0.07800000160932541,0.07800000160932541,0.07800000160932541,0
AIFI.CA,Real Estate,2022-06-25 22:00:00,0.07800000160932541,0.07800000160932541,0.07800000160932541,0.07800000160932541,0.07800000160932541,0
AIFI.CA,Real Estate,2022-06-26 22:00:00,0.07800000160932541,0.07800000160932541,0.07800000160932541,0.07800000160932541,0.07800000160932541,0
AIFI.CA,Real Estate,2022-06-27 22:00:00,0.07800000160932541,0.07800000160932541,0.07800000160932541,0.07800000160932541,0.07800000160932541,0
AIFI.CA,Real Estate,2022-06-28 22:00:00,0.07800000160932541,0.07800000160932541,0.07800000160932541,0.07800000160932541,0.07800000160932541,0
AIFI.CA,Real Estate,2022-07-02 22:00:00,0.07800000160932541,0.07800000160932541,0.07800000160932541,0.07800000160932541,0.07800000160932541,0
AIFI.CA,Real Estate,2022-07-03 22:00:00,0.07800000160932541,0.07800000160932541,0.07800000160932541,0.07800000160932541,0.07800000160932541,0
AIFI.CA,Real Estate,2022-07-04 22:00:00,0.07800000160932541,0.07800000160932541,0.07800000160932541,0.07800000160932541,0.07800000160932541,0
AIFI.CA,Real Estate,2022-07-05 22:00:00,0.07800000160932541,0.07800000160932541,0.07800000160932541,0.07800000160932541,0.07800000160932541,0
AIFI.CA,Real Estate,2022-07-06 22:00:00,0.07800000160932541,0.07800000160932541,0.07800000160932541,0.07800000160932541,0.07800000160932541,0
AIFI.CA,Real Estate,2022-07-16 22:00:00,0.07800000160932541,0.07800000160932541,0.07800000160932541,0.07800000160932541,0.07800000160932541,0
AIFI.CA,Real Estate,2022-07-17 22:00:00,0.07800000160932541,0.07800000160932541,0.07800000160932541,0.07800000160932541,0.07800000160932541,0
AIFI.CA,Real Estate,2022-07-18 22:00:00,0.07800000160932541,0.07800000160932541,0.07800000160932541,0.07800000160932541,0.07800000160932541,0
AIFI.CA,Real Estate,2022-07-19 22:00:00,0.07800000160932541,0.07800000160932541,0.07800000160932541,0.07800000160932541,0.07800000160932541,0
AIFI.CA,Real Estate,2022-07-20 22:00:00,0.07800000160932541,0.07800000160932541,0.07800000160932541,0.07800000160932541,0.07800000160932541,0
AIFI.CA,Real Estate,2022-07-23 22:00:00,0.07800000160932541,0.07800000160932541,0.07800000160932541,0.07800000160932541,0.07800000160932541,0
AIFI.CA,Real Estate,2022-07-24 22:00:00,0.07800000160932541,0.07800000160932541,0.07800000160932541,0.07800000160932541,0.07800000160932541,0
AIFI.CA,Real Estate,2022-07-25 22:00:00,0.07800000160932541,0.07800000160932541,0.07800000160932541,0.07800000160932541,0.07800000160932541,0
AIFI.CA,Real Estate,2022-07-26 22:00:00,0.07800000160932541,0.07800000160932541,0.07800000160932541,0.07800000160932541,0.07800000160932541,0
AIFI.CA,Real Estate,2022-07-27 22:00:00,0.07800000160932541,0.07800000160932541,0.07800000160932541,0.07800000160932541,0.07800000160932541,0
AIFI.CA,Real Estate,2022-07-30 22:00:00,0.07800000160932541,0.07800000160932541,0.07800000160932541,0.07800000160932541,0.07800000160932541,0
AIFI.CA,Real Estate,2022-07-31 22:00:00,0.07800000160932541,0.07800000160932541,0.07800000160932541,0.07800000160932541,0.07800000160932541,0
AIFI.CA,Real Estate,2022-08-01 22:00:00,0.07800000160932541,0.07800000160932541,0.07800000160932541,0.07800000160932541,0.07800000160932541,0
AIFI.CA,Real Estate,2022-08-02 22:00:00,0.07800000160932541,0.07800000160932541,0.07800000160932541,0.07800000160932541,0.07800000160932541,0
AIFI.CA,Real Estate,2022-08-03 22:00:00,0.07800000160932541,0.07800000160932541,0.07800000160932541,0.07800000160932541,0.07800000160932541,0
AIFI.CA,Real Estate,2022-08-06 22:00:00,0.07800000160932541,0.07800000160932541,0.07800000160932541,0.07800000160932541,0.07800000160932541,0
AIFI.CA,Real Estate,2022-08-07 22:00:00,0.07800000160932541,0.07800000160932541,0.07800000160932541,0.07800000160932541,0.07800000160932541,0
AIFI.CA,Real Estate,2022-08-08 22:00:00,0.07800000160932541,0.07800000160932541,0.07800000160932541,0.07800000160932541,0.07800000160932541,0
AIFI.CA,Real Estate,2022-08-09 22:00:00,0.07800000160932541,0.07800000160932541,0.07800000160932541,0.07800000160932541,0.07800000160932541,0
AIFI.CA,Real Estate,2022-08-10 22:00:00,0.07800000160932541,0.07800000160932541,0.07800000160932541,0.07800000160932541,0.07800000160932541,0
AIFI.CA,Real Estate,2022-08-13 22:00:00,0.07800000160932541,0.07800000160932541,0.07800000160932541,0.07800000160932541,0.07800000160932541,0
AIFI.CA,Real Estate,2022-08-14 22:00:00,0.07800000160932541,0.07800000160932541,0.07800000160932541,0.07800000160932541,0.07800000160932541,0
AIFI.CA,Real Estate,2022-08-15 22:00:00,0.07800000160932541,0.07800000160932541,0.07800000160932541,0.07800000160932541,0.07800000160932541,0
AIFI.CA,Real Estate,2022-08-16 22:00:00,0.07800000160932541,0.07800000160932541,0.07800000160932541,0.07800000160932541,0.07800000160932541,0
AIFI.CA,Real Estate,2022-08-17 22:00:00,0.07800000160932541,0.07800000160932541,0.07800000160932541,0.07800000160932541,0.07800000160932541,0
AIFI.CA,Real Estate,2022-08-20 22:00:00,0.07800000160932541,0.07800000160932541,0.07800000160932541,0.07800000160932541,0.07800000160932541,0
AIFI.CA,Real Estate,2022-08-21 22:00:00,0.07800000160932541,0.07800000160932541,0.07800000160932541,0.07800000160932541,0.07800000160932541,0
AIFI.CA,Real Estate,2022-08-22 22:00:00,0.07800000160932541,0.07800000160932541,0.07800000160932541,0.07800000160932541,0.07800000160932541,0
AIFI.CA,Real Estate,2022-08-23 22:00:00,0.07800000160932541,0.07800000160932541,0.07800000160932541,0.07800000160932541,0.07800000160932541,0
AIFI.CA,Real Estate,2022-08-24 22:00:00,0.07800000160932541,0.07800000160932541,0.07800000160932541,0.07800000160932541,0.07800000160932541,0
AIFI.CA,Real Estate,2022-08-27 22:00:00,0.07800000160932541,0.07800000160932541,0.07800000160932541,0.07800000160932541,0.07800000160932541,0
AIFI.CA,Real Estate,2022-08-28 22:00:00,0.07800000160932541,0.07800000160932541,0.07800000160932541,0.07800000160932541,0.07800000160932541,0
AIFI.CA,Real Estate,2022-08-29 22:00:00,0.07800000160932541,0.07800000160932541,0.07800000160932541,0.07800000160932541,0.07800000160932541,0
AIFI.CA,Real Estate,2022-08-30 22:00:00,0.07800000160932541,0.07800000160932541,0.07800000160932541,0.07800000160932541,0.07800000160932541,0
AIFI.CA,Real Estate,2022-08-31 22:00:00,0.07800000160932541,0.07800000160932541,0.07800000160932541,0.07800000160932541,0.07800000160932541,0
AIFI.CA,Real Estate,2022-09-03 22:00:00,0.07800000160932541,0.07800000160932541,0.07800000160932541,0.07800000160932541,0.07800000160932541,0
AIFI.CA,Real Estate,2022-09-04 22:00:00,0.07800000160932541,0.07800000160932541,0.07800000160932541,0.07800000160932541,0.07800000160932541,0
AIFI.CA,Real Estate,2022-09-05 22:00:00,0.07800000160932541,0.07800000160932541,0.07800000160932541,0.07800000160932541,0.07800000160932541,0
AIFI.CA,Real Estate,2022-09-06 22:00:00,0.07800000160932541,0.07800000160932541,0.07800000160932541,0.07800000160932541,0.07800000160932541,0
AIFI.CA,Real Estate,2022-09-07 22:00:00,0.07800000160932541,0.07800000160932541,0.07800000160932541,0.07800000160932541,0.07800000160932541,0
AIFI.CA,Real Estate,2022-09-10 22:00:00,0.07800000160932541,0.07800000160932541,0.07800000160932541,0.07800000160932541,0.07800000160932541,0
AIFI.CA,Real Estate,2022-09-11 22:00:00,0.07800000160932541,0.07800000160932541,0.07800000160932541,0.07800000160932541,0.07800000160932541,0
AIFI.CA,Real Estate,2022-09-12 22:00:00,0.07800000160932541,0.07800000160932541,0.07800000160932541,0.07800000160932541,0.07800000160932541,0
AIFI.CA,Real Estate,2022-09-13 22:00:00,0.07800000160932541,0.07800000160932541,0.07800000160932541,0.07800000160932541,0.07800000160932541,0
AIFI.CA,Real Estate,2022-09-14 22:00:00,0.07800000160932541,0.07800000160932541,0.07800000160932541,0.07800000160932541,0.07800000160932541,0
AIFI.CA,Real Estate,2022-09-17 22:00:00,0.07800000160932541,0.07800000160932541,0.07800000160932541,0.07800000160932541,0.07800000160932541,0
AIFI.CA,Real Estate,2022-09-18 22:00:00,0.07800000160932541,0.07800000160932541,0.07800000160932541,0.07800000160932541,0.07800000160932541,0
AIFI.CA,Real Estate,2022-09-19 22:00:00,0.07800000160932541,0.07800000160932541,0.07800000160932541,0.07800000160932541,0.07800000160932541,0
AIFI.CA,Real Estate,2022-09-20 22:00:00,0.07800000160932541,0.07800000160932541,0.07800000160932541,0.07800000160932541,0.07800000160932541,0
AIFI.CA,Real Estate,2022-09-21 22:00:00,0.07800000160932541,0.07800000160932541,0.07800000160932541,0.07800000160932541,0.07800000160932541,0
AIFI.CA,Real Estate,2022-09-24 22:00:00,0.07800000160932541,0.07800000160932541,0.07800000160932541,0.07800000160932541,0.07800000160932541,0
AIFI.CA,Real Estate,2022-09-25 22:00:00,0.07800000160932541,0.07800000160932541,0.07800000160932541,0.07800000160932541,0.07800000160932541,0
AIFI.CA,Real Estate,2022-09-26 22:00:00,0.07800000160932541,0.07800000160932541,0.07800000160932541,0.07800000160932541,0.07800000160932541,0
AIFI.CA,Real Estate,2022-09-27 22:00:00,0.07800000160932541,0.07800000160932541,0.07800000160932541,0.07800000160932541,0.07800000160932541,0
AIFI.CA,Real Estate,2022-09-28 22:00:00,0.07800000160932541,0.07800000160932541,0.07800000160932541,0.07800000160932541,0.07800000160932541,0
AIFI.CA,Real Estate,2022-10-01 22:00:00,0.07800000160932541,0.07800000160932541,0.07800000160932541,0.07800000160932541,0.07800000160932541,0
AIFI.CA,Real Estate,2022-10-02 22:00:00,0.07800000160932541,0.07800000160932541,0.07800000160932541,0.07800000160932541,0.07800000160932541,0
AIFI.CA,Real Estate,2022-10-03 22:00:00,0.07800000160932541,0.07800000160932541,0.07800000160932541,0.07800000160932541,0.07800000160932541,0
AIFI.CA,Real Estate,2022-10-04 22:00:00,0.07800000160932541,0.07800000160932541,0.07800000160932541,0.07800000160932541,0.07800000160932541,0
AIFI.CA,Real Estate,2022-10-08 22:00:00,0.07800000160932541,0.07800000160932541,0.07800000160932541,0.07800000160932541,0.07800000160932541,0
AIFI.CA,Real Estate,2022-10-09 22:00:00,0.07800000160932541,0.07800000160932541,0.07800000160932541,0.07800000160932541,0.07800000160932541,0
AIFI.CA,Real Estate,2022-10-10 22:00:00,0.07800000160932541,0.07800000160932541,0.07800000160932541,0.07800000160932541,0.07800000160932541,0
AIFI.CA,Real Estate,2022-10-11 22:00:00,0.07800000160932541,0.07800000160932541,0.07800000160932541,0.07800000160932541,0.07800000160932541,0
AIFI.CA,Real Estate,2022-10-12 22:00:00,0.07800000160932541,0.07800000160932541,0.07800000160932541,0.07800000160932541,0.07800000160932541,0
AIFI.CA,Real Estate,2022-10-15 22:00:00,0.07800000160932541,0.07800000160932541,0.07800000160932541,0.07800000160932541,0.07800000160932541,0
AIFI.CA,Real Estate,2022-10-16 22:00:00,0.07800000160932541,0.07800000160932541,0.07800000160932541,0.07800000160932541,0.07800000160932541,0
AIFI.CA,Real Estate,2022-10-17 22:00:00,0.07800000160932541,0.07800000160932541,0.07800000160932541,0.07800000160932541,0.07800000160932541,0
AIFI.CA,Real Estate,2022-10-18 22:00:00,0.07800000160932541,0.07800000160932541,0.07800000160932541,0.07800000160932541,0.07800000160932541,0
AIFI.CA,Real Estate,2022-10-19 22:00:00,0.07800000160932541,0.07800000160932541,0.07800000160932541,0.07800000160932541,0.07800000160932541,0
AIFI.CA,Real Estate,2022-10-22 22:00:00,0.07800000160932541,0.07800000160932541,0.07800000160932541,0.07800000160932541,0.07800000160932541,0
AIFI.CA,Real Estate,2022-10-23 22:00:00,0.07800000160932541,0.07800000160932541,0.07800000160932541,0.07800000160932541,0.07800000160932541,0
AIFI.CA,Real Estate,2022-10-24 22:00:00,0.07800000160932541,0.07800000160932541,0.07800000160932541,0.07800000160932541,0.07800000160932541,0
AIFI.CA,Real Estate,2022-10-25 22:00:00,0.07800000160932541,0.07800000160932541,0.07800000160932541,0.07800000160932541,0.07800000160932541,0
AIFI.CA,Real Estate,2022-10-26 22:00:00,0.07800000160932541,0.07800000160932541,0.07800000160932541,0.07800000160932541,0.07800000160932541,0
AIFI.CA,Real Estate,2022-10-29 22:00:00,0.07800000160932541,0.07800000160932541,0.07800000160932541,0.07800000160932541,0.07800000160932541,0
AIFI.CA,Real Estate,2022-10-30 22:00:00,0.07800000160932541,0.07800000160932541,0.07800000160932541,0.07800000160932541,0.07800000160932541,0
AIFI.CA,Real Estate,2022-10-31 22:00:00,0.07800000160932541,0.07800000160932541,0.07800000160932541,0.07800000160932541,0.07800000160932541,0
AIFI.CA,Real Estate,2022-11-01 22:00:00,0.07800000160932541,0.07800000160932541,0.07800000160932541,0.07800000160932541,0.07800000160932541,0
AIFI.CA,Real Estate,2022-11-02 22:00:00,0.07800000160932541,0.07800000160932541,0.07800000160932541,0.07800000160932541,0.07800000160932541,0
AIFI.CA,Real Estate,2022-11-05 22:00:00,0.07800000160932541,0.07800000160932541,0.07800000160932541,0.07800000160932541,0.07800000160932541,0
AIFI.CA,Real Estate,2022-11-06 22:00:00,0.07800000160932541,0.07800000160932541,0.07800000160932541,0.07800000160932541,0.07800000160932541,0
AIFI.CA,Real Estate,2022-11-07 22:00:00,0.07800000160932541,0.07800000160932541,0.07800000160932541,0.07800000160932541,0.07800000160932541,0
AIFI.CA,Real Estate,2022-11-08 22:00:00,0.07800000160932541,0.07800000160932541,0.07800000160932541,0.07800000160932541,0.07800000160932541,0
AIFI.CA,Real Estate,2022-11-09 22:00:00,0.07800000160932541,0.07800000160932541,0.07800000160932541,0.07800000160932541,0.07800000160932541,0
AIFI.CA,Real Estate,2022-11-12 22:00:00,0.07800000160932541,0.07800000160932541,0.07800000160932541,0.07800000160932541,0.07800000160932541,0
AIFI.CA,Real Estate,2022-11-13 22:00:00,0.07800000160932541,0.07800000160932541,0.07800000160932541,0.07800000160932541,0.07800000160932541,0
AIFI.CA,Real Estate,2022-11-14 22:00:00,0.07800000160932541,0.07800000160932541,0.07800000160932541,0.07800000160932541,0.07800000160932541,0
AIFI.CA,Real Estate,2022-11-15 22:00:00,0.07800000160932541,0.07800000160932541,0.07800000160932541,0.07800000160932541,0.07800000160932541,0
AIFI.CA,Real Estate,2022-11-16 22:00:00,0.07800000160932541,0.07800000160932541,0.07800000160932541,0.07800000160932541,0.07800000160932541,0
AIFI.CA,Real Estate,2022-11-19 22:00:00,0.07800000160932541,0.07800000160932541,0.07800000160932541,0.07800000160932541,0.07800000160932541,0
AIFI.CA,Real Estate,2022-11-20 22:00:00,0.07800000160932541,0.07800000160932541,0.07800000160932541,0.07800000160932541,0.07800000160932541,0
AIFI.CA,Real Estate,2022-11-21 22:00:00,0.07800000160932541,0.07800000160932541,0.07800000160932541,0.07800000160932541,0.07800000160932541,0
AIFI.CA,Real Estate,2022-11-22 22:00:00,0.07800000160932541,0.07800000160932541,0.07800000160932541,0.07800000160932541,0.07800000160932541,0
AIFI.CA,Real Estate,2022-11-23 22:00:00,0.07800000160932541,0.07800000160932541,0.07800000160932541,0.07800000160932541,0.07800000160932541,0
AIFI.CA,Real Estate,2022-11-26 22:00:00,0.07800000160932541,0.07800000160932541,0.07800000160932541,0.07800000160932541,0.07800000160932541,0
AIFI.CA,Real Estate,2022-11-27 22:00:00,0.07800000160932541,0.07800000160932541,0.07800000160932541,0.07800000160932541,0.07800000160932541,0
AIFI.CA,Real Estate,2022-11-28 22:00:00,0.07800000160932541,0.07800000160932541,0.07800000160932541,0.07800000160932541,0.07800000160932541,0
AIFI.CA,Real Estate,2022-11-29 22:00:00,0.07800000160932541,0.07800000160932541,0.07800000160932541,0.07800000160932541,0.07800000160932541,0
AIFI.CA,Real Estate,2022-11-30 22:00:00,0.07800000160932541,0.07800000160932541,0.07800000160932541,0.07800000160932541,0.07800000160932541,0
AIFI.CA,Real Estate,2022-12-03 22:00:00,0.07800000160932541,0.07800000160932541,0.07800000160932541,0.07800000160932541,0.07800000160932541,0
AIFI.CA,Real Estate,2022-12-04 22:00:00,0.07800000160932541,0.07800000160932541,0.07800000160932541,0.07800000160932541,0.07800000160932541,0
AIFI.CA,Real Estate,2022-12-05 22:00:00,0.07800000160932541,0.07800000160932541,0.07800000160932541,0.07800000160932541,0.07800000160932541,0
AIFI.CA,Real Estate,2022-12-06 22:00:00,0.07800000160932541,0.07800000160932541,0.07800000160932541,0.07800000160932541,0.07800000160932541,0
AIFI.CA,Real Estate,2022-12-07 22:00:00,0.07800000160932541,0.07800000160932541,0.07800000160932541,0.07800000160932541,0.07800000160932541,0
AIFI.CA,Real Estate,2022-12-10 22:00:00,0.07800000160932541,0.07800000160932541,0.07800000160932541,0.07800000160932541,0.07800000160932541,0
AIFI.CA,Real Estate,2022-12-11 22:00:00,0.07800000160932541,0.07800000160932541,0.07800000160932541,0.07800000160932541,0.07800000160932541,0
AIFI.CA,Real Estate,2022-12-12 22:00:00,0.07800000160932541,0.07800000160932541,0.07800000160932541,0.07800000160932541,0.07800000160932541,0
AIFI.CA,Real Estate,2022-12-13 22:00:00,0.07800000160932541,0.07800000160932541,0.07800000160932541,0.07800000160932541,0.07800000160932541,0
AIFI.CA,Real Estate,2022-12-14 22:00:00,0.07800000160932541,0.07800000160932541,0.07800000160932541,0.07800000160932541,0.07800000160932541,0
AIFI.CA,Real Estate,2022-12-17 22:00:00,0.07800000160932541,0.07800000160932541,0.07800000160932541,0.07800000160932541,0.07800000160932541,0
AIFI.CA,Real Estate,2022-12-18 22:00:00,0.07800000160932541,0.07800000160932541,0.07800000160932541,0.07800000160932541,0.07800000160932541,0
AIFI.CA,Real Estate,2022-12-19 22:00:00,0.07800000160932541,0.07800000160932541,0.07800000160932541,0.07800000160932541,0.07800000160932541,0
AIFI.CA,Real Estate,2022-12-20 22:00:00,0.07800000160932541,0.07800000160932541,0.07800000160932541,0.07800000160932541,0.07800000160932541,0
AIFI.CA,Real Estate,2022-12-21 22:00:00,0.07800000160932541,0.07800000160932541,0.07800000160932541,0.07800000160932541,0.07800000160932541,0
AIFI.CA,Real Estate,2022-12-24 22:00:00,0.07800000160932541,0.07800000160932541,0.07800000160932541,0.07800000160932541,0.07800000160932541,0
AIFI.CA,Real Estate,2022-12-25 22:00:00,0.07800000160932541,0.07800000160932541,0.07800000160932541,0.07800000160932541,0.07800000160932541,0
AIFI.CA,Real Estate,2022-12-26 22:00:00,0.07800000160932541,0.07800000160932541,0.07800000160932541,0.07800000160932541,0.07800000160932541,0
AIFI.CA,Real Estate,2022-12-27 22:00:00,0.07800000160932541,0.07800000160932541,0.07800000160932541,0.07800000160932541,0.07800000160932541,0
AIFI.CA,Real Estate,2022-12-28 22:00:00,0.07800000160932541,0.07800000160932541,0.07800000160932541,0.07800000160932541,0.07800000160932541,0
AIFI.CA,Real Estate,2023-01-01 22:00:00,0.07800000160932541,0.07800000160932541,0.07800000160932541,0.07800000160932541,0.07800000160932541,0
AIFI.CA,Real Estate,2023-01-02 22:00:00,0.07800000160932541,0.07800000160932541,0.07800000160932541,0.07800000160932541,0.07800000160932541,0
AIFI.CA,Real Estate,2023-01-03 22:00:00,0.07800000160932541,0.07800000160932541,0.07800000160932541,0.07800000160932541,0.07800000160932541,0
AIFI.CA,Real Estate,2023-01-04 22:00:00,0.07800000160932541,0.07800000160932541,0.07800000160932541,0.07800000160932541,0.07800000160932541,0
AIFI.CA,Real Estate,2023-01-08 22:00:00,0.07800000160932541,0.07800000160932541,0.07800000160932541,0.07800000160932541,0.07800000160932541,0
AIFI.CA,Real Estate,2023-01-09 22:00:00,0.07800000160932541,0.07800000160932541,0.07800000160932541,0.07800000160932541,0.07800000160932541,0
AIFI.CA,Real Estate,2023-01-10 22:00:00,0.07800000160932541,0.07800000160932541,0.07800000160932541,0.07800000160932541,0.07800000160932541,0
AIFI.CA,Real Estate,2023-01-11 22:00:00,0.07800000160932541,0.07800000160932541,0.07800000160932541,0.07800000160932541,0.07800000160932541,0
AIFI.CA,Real Estate,2023-01-14 22:00:00,0.07800000160932541,0.07800000160932541,0.07800000160932541,0.07800000160932541,0.07800000160932541,0
AIFI.CA,Real Estate,2023-01-15 22:00:00,0.07800000160932541,0.07800000160932541,0.07800000160932541,0.07800000160932541,0.07800000160932541,0
AIFI.CA,Real Estate,2023-01-16 22:00:00,0.07800000160932541,0.07800000160932541,0.07800000160932541,0.07800000160932541,0.07800000160932541,0
AIFI.CA,Real Estate,2023-01-17 22:00:00,0.07800000160932541,0.07800000160932541,0.07800000160932541,0.07800000160932541,0.07800000160932541,0
AIFI.CA,Real Estate,2023-01-18 22:00:00,0.07800000160932541,0.07800000160932541,0.07800000160932541,0.07800000160932541,0.07800000160932541,0
AIFI.CA,Real Estate,2023-01-21 22:00:00,0.07800000160932541,0.07800000160932541,0.07800000160932541,0.07800000160932541,0.07800000160932541,0
AIFI.CA,Real Estate,2023-01-22 22:00:00,0.07800000160932541,0.07800000160932541,0.07800000160932541,0.07800000160932541,0.07800000160932541,0
AIFI.CA,Real Estate,2023-01-23 22:00:00,0.07800000160932541,0.07800000160932541,0.07800000160932541,0.07800000160932541,0.07800000160932541,0
AIFI.CA,Real Estate,2023-01-24 22:00:00,0.07800000160932541,0.07800000160932541,0.07800000160932541,0.07800000160932541,0.07800000160932541,0
AIFI.CA,Real Estate,2023-01-28 22:00:00,0.07800000160932541,0.07800000160932541,0.07800000160932541,0.07800000160932541,0.07800000160932541,0
AIFI.CA,Real Estate,2023-01-29 22:00:00,0.07800000160932541,0.07800000160932541,0.07800000160932541,0.07800000160932541,0.07800000160932541,0
AIFI.CA,Real Estate,2023-01-30 22:00:00,0.07800000160932541,0.07800000160932541,0.07800000160932541,0.07800000160932541,0.07800000160932541,0
AIFI.CA,Real Estate,2023-01-31 22:00:00,0.07800000160932541,0.07800000160932541,0.07800000160932541,0.07800000160932541,0.07800000160932541,0
AIFI.CA,Real Estate,2023-02-01 22:00:00,0.07800000160932541,0.07800000160932541,0.07800000160932541,0.07800000160932541,0.07800000160932541,0
AIFI.CA,Real Estate,2023-02-04 22:00:00,0.07800000160932541,0.07800000160932541,0.07800000160932541,0.07800000160932541,0.07800000160932541,0
AIFI.CA,Real Estate,2023-02-05 22:00:00,0.07800000160932541,0.07800000160932541,0.07800000160932541,0.07800000160932541,0.07800000160932541,0
AIFI.CA,Real Estate,2023-02-06 22:00:00,0.07800000160932541,0.07800000160932541,0.07800000160932541,0.07800000160932541,0.07800000160932541,0
AIFI.CA,Real Estate,2023-02-07 22:00:00,0.07800000160932541,0.07800000160932541,0.07800000160932541,0.07800000160932541,0.07800000160932541,0
AIFI.CA,Real Estate,2023-02-08 22:00:00,0.07800000160932541,0.07800000160932541,0.07800000160932541,0.07800000160932541,0.07800000160932541,0
AIFI.CA,Real Estate,2023-02-11 22:00:00,0.07800000160932541,0.07800000160932541,0.07800000160932541,0.07800000160932541,0.07800000160932541,0
AIFI.CA,Real Estate,2023-02-12 22:00:00,0.07800000160932541,0.07800000160932541,0.07800000160932541,0.07800000160932541,0.07800000160932541,0
AIFI.CA,Real Estate,2023-02-13 22:00:00,0.07800000160932541,0.07800000160932541,0.07800000160932541,0.07800000160932541,0.07800000160932541,0
AIFI.CA,Real Estate,2023-02-14 22:00:00,0.07800000160932541,0.07800000160932541,0.07800000160932541,0.07800000160932541,0.07800000160932541,0
AIFI.CA,Real Estate,2023-02-15 22:00:00,0.07800000160932541,0.07800000160932541,0.07800000160932541,0.07800000160932541,0.07800000160932541,0
AIFI.CA,Real Estate,2023-02-18 22:00:00,0.07800000160932541,0.07800000160932541,0.07800000160932541,0.07800000160932541,0.07800000160932541,0
AIFI.CA,Real Estate,2023-02-19 22:00:00,0.07800000160932541,0.07800000160932541,0.07800000160932541,0.07800000160932541,0.07800000160932541,0
AIFI.CA,Real Estate,2023-02-20 22:00:00,0.07800000160932541,0.07800000160932541,0.07800000160932541,0.07800000160932541,0.07800000160932541,0
AIFI.CA,Real Estate,2023-02-21 22:00:00,0.07800000160932541,0.07800000160932541,0.07800000160932541,0.07800000160932541,0.07800000160932541,0
AIFI.CA,Real Estate,2023-02-22 22:00:00,0.07800000160932541,0.07800000160932541,0.07800000160932541,0.07800000160932541,0.07800000160932541,0
AIFI.CA,Real Estate,2023-02-25 22:00:00,0.07800000160932541,0.07800000160932541,0.07800000160932541,0.07800000160932541,0.07800000160932541,0
AIFI.CA,Real Estate,2023-02-26 22:00:00,0.07800000160932541,0.07800000160932541,0.07800000160932541,0.07800000160932541,0.07800000160932541,0
AIFI.CA,Real Estate,2023-02-27 22:00:00,0.07800000160932541,0.07800000160932541,0.07800000160932541,0.07800000160932541,0.07800000160932541,0
AIFI.CA,Real Estate,2023-02-28 22:00:00,0.07800000160932541,0.07800000160932541,0.07800000160932541,0.07800000160932541,0.07800000160932541,0
AIFI.CA,Real Estate,2023-03-01 22:00:00,0.07800000160932541,0.07800000160932541,0.07800000160932541,0.07800000160932541,0.07800000160932541,0
AIFI.CA,Real Estate,2023-03-04 22:00:00,0.07800000160932541,0.07800000160932541,0.07800000160932541,0.07800000160932541,0.07800000160932541,0
AIFI.CA,Real Estate,2023-03-05 22:00:00,0.07800000160932541,0.07800000160932541,0.07800000160932541,0.07800000160932541,0.07800000160932541,0
AIFI.CA,Real Estate,2023-03-06 22:00:00,0.07800000160932541,0.07800000160932541,0.07800000160932541,0.07800000160932541,0.07800000160932541,0
AIFI.CA,Real Estate,2023-03-07 22:00:00,0.07800000160932541,0.07800000160932541,0.07800000160932541,0.07800000160932541,0.07800000160932541,0
AIFI.CA,Real Estate,2023-03-08 22:00:00,0.07800000160932541,0.07800000160932541,0.07800000160932541,0.07800000160932541,0.07800000160932541,0
AIFI.CA,Real Estate,2023-03-11 22:00:00,0.07800000160932541,0.07800000160932541,0.07800000160932541,0.07800000160932541,0.07800000160932541,0
AIFI.CA,Real Estate,2023-03-12 22:00:00,0.07800000160932541,0.07800000160932541,0.07800000160932541,0.07800000160932541,0.07800000160932541,0
AIFI.CA,Real Estate,2023-03-13 22:00:00,0.07800000160932541,0.07800000160932541,0.07800000160932541,0.07800000160932541,0.07800000160932541,0
AIFI.CA,Real Estate,2023-03-14 22:00:00,0.07800000160932541,0.07800000160932541,0.07800000160932541,0.07800000160932541,0.07800000160932541,0
AIFI.CA,Real Estate,2023-03-15 22:00:00,0.07800000160932541,0.07800000160932541,0.07800000160932541,0.07800000160932541,0.07800000160932541,0
AIFI.CA,Real Estate,2023-03-18 22:00:00,0.07800000160932541,0.07800000160932541,0.07800000160932541,0.07800000160932541,0.07800000160932541,0
AIFI.CA,Real Estate,2023-03-19 22:00:00,0.07800000160932541,0.07800000160932541,0.07800000160932541,0.07800000160932541,0.07800000160932541,0
AIFI.CA,Real Estate,2023-03-20 22:00:00,0.07800000160932541,0.07800000160932541,0.07800000160932541,0.07800000160932541,0.07800000160932541,0
AIFI.CA,Real Estate,2023-03-21 22:00:00,0.07800000160932541,0.07800000160932541,0.07800000160932541,0.07800000160932541,0.07800000160932541,0
AIFI.CA,Real Estate,2023-03-22 22:00:00,0.07800000160932541,0.07800000160932541,0.07800000160932541,0.07800000160932541,0.07800000160932541,0
AIFI.CA,Real Estate,2023-03-25 22:00:00,0.07800000160932541,0.07800000160932541,0.07800000160932541,0.07800000160932541,0.07800000160932541,0
AIFI.CA,Real Estate,2023-03-26 22:00:00,0.07800000160932541,0.07800000160932541,0.07800000160932541,0.07800000160932541,0.07800000160932541,0
AIFI.CA,Real Estate,2023-03-27 22:00:00,0.07800000160932541,0.07800000160932541,0.07800000160932541,0.07800000160932541,0.07800000160932541,0
AIFI.CA,Real Estate,2023-03-28 22:00:00,0.07800000160932541,0.07800000160932541,0.07800000160932541,0.07800000160932541,0.07800000160932541,0
AIFI.CA,Real Estate,2023-03-29 22:00:00,0.07800000160932541,0.07800000160932541,0.07800000160932541,0.07800000160932541,0.07800000160932541,0
AIFI.CA,Real Estate,2023-04-01 22:00:00,0.07800000160932541,0.07800000160932541,0.07800000160932541,0.07800000160932541,0.07800000160932541,0
AIFI.CA,Real Estate,2023-04-02 22:00:00,0.07800000160932541,0.07800000160932541,0.07800000160932541,0.07800000160932541,0.07800000160932541,0
AIFI.CA,Real Estate,2023-04-03 22:00:00,0.07800000160932541,0.07800000160932541,0.07800000160932541,0.07800000160932541,0.07800000160932541,0
AIFI.CA,Real Estate,2023-04-04 22:00:00,0.07800000160932541,0.07800000160932541,0.07800000160932541,0.07800000160932541,0.07800000160932541,0
AIFI.CA,Real Estate,2023-04-05 22:00:00,0.07800000160932541,0.07800000160932541,0.07800000160932541,0.07800000160932541,0.07800000160932541,0
AIFI.CA,Real Estate,2023-04-08 22:00:00,0.07800000160932541,0.07800000160932541,0.07800000160932541,0.07800000160932541,0.07800000160932541,0
AIFI.CA,Real Estate,2023-04-09 22:00:00,0.07800000160932541,0.07800000160932541,0.07800000160932541,0.07800000160932541,0.07800000160932541,0
AIFI.CA,Real Estate,2023-04-10 22:00:00,0.07800000160932541,0.07800000160932541,0.07800000160932541,0.07800000160932541,0.07800000160932541,0
AIFI.CA,Real Estate,2023-04-11 22:00:00,0.07800000160932541,0.07800000160932541,0.07800000160932541,0.07800000160932541,0.07800000160932541,0
AIFI.CA,Real Estate,2023-04-12 22:00:00,0.07800000160932541,0.07800000160932541,0.07800000160932541,0.07800000160932541,0.07800000160932541,0
AIFI.CA,Real Estate,2023-04-17 22:00:00,0.07800000160932541,0.07800000160932541,0.07800000160932541,0.07800000160932541,0.07800000160932541,0
AIFI.CA,Real Estate,2023-04-18 22:00:00,0.07800000160932541,0.07800000160932541,0.07800000160932541,0.07800000160932541,0.07800000160932541,0
AIFI.CA,Real Estate,2023-04-25 22:00:00,0.07800000160932541,0.07800000160932541,0.07800000160932541,0.07800000160932541,0.07800000160932541,0
AIFI.CA,Real Estate,2023-04-26 22:00:00,0.07800000160932541,0.07800000160932541,0.07800000160932541,0.07800000160932541,0.07800000160932541,0
AIFI.CA,Real Estate,2023-04-29 21:00:00,0.07800000160932541,0.07800000160932541,0.07800000160932541,0.07800000160932541,0.07800000160932541,0
AIFI.CA,Real Estate,2023-04-30 21:00:00,0.07800000160932541,0.07800000160932541,0.07800000160932541,0.07800000160932541,0.07800000160932541,0
AIFI.CA,Real Estate,2023-05-01 21:00:00,0.07800000160932541,0.07800000160932541,0.07800000160932541,0.07800000160932541,0.07800000160932541,0
AIFI.CA,Real Estate,2023-05-02 21:00:00,0.07800000160932541,0.07800000160932541,0.07800000160932541,0.07800000160932541,0.07800000160932541,0
AIFI.CA,Real Estate,2023-05-06 21:00:00,0.07800000160932541,0.07800000160932541,0.07800000160932541,0.07800000160932541,0.07800000160932541,0
AIFI.CA,Real Estate,2023-05-07 21:00:00,0.07800000160932541,0.07800000160932541,0.07800000160932541,0.07800000160932541,0.07800000160932541,0
AIFI.CA,Real Estate,2023-05-08 21:00:00,0.07800000160932541,0.07800000160932541,0.07800000160932541,0.07800000160932541,0.07800000160932541,0
AIFI.CA,Real Estate,2023-05-09 21:00:00,0.07800000160932541,0.07800000160932541,0.07800000160932541,0.07800000160932541,0.07800000160932541,0
AIFI.CA,Real Estate,2023-05-10 21:00:00,0.07800000160932541,0.07800000160932541,0.07800000160932541,0.07800000160932541,0.07800000160932541,0
AIFI.CA,Real Estate,2023-05-13 21:00:00,0.07800000160932541,0.07800000160932541,0.07800000160932541,0.07800000160932541,0.07800000160932541,0
AIFI.CA,Real Estate,2023-05-14 21:00:00,0.07800000160932541,0.07800000160932541,0.07800000160932541,0.07800000160932541,0.07800000160932541,0
AIFI.CA,Real Estate,2023-05-15 21:00:00,0.07800000160932541,0.07800000160932541,0.07800000160932541,0.07800000160932541,0.07800000160932541,0
AIFI.CA,Real Estate,2023-05-16 21:00:00,0.07800000160932541,0.07800000160932541,0.07800000160932541,0.07800000160932541,0.07800000160932541,0
AIFI.CA,Real Estate,2023-05-17 21:00:00,0.07800000160932541,0.07800000160932541,0.07800000160932541,0.07800000160932541,0.07800000160932541,0
AIFI.CA,Real Estate,2023-05-20 21:00:00,0.07800000160932541,0.07800000160932541,0.07800000160932541,0.07800000160932541,0.07800000160932541,0
AIFI.CA,Real Estate,2023-05-21 21:00:00,0.07800000160932541,0.07800000160932541,0.07800000160932541,0.07800000160932541,0.07800000160932541,0
AIFI.CA,Real Estate,2023-05-22 21:00:00,0.07800000160932541,0.07800000160932541,0.07800000160932541,0.07800000160932541,0.07800000160932541,0
AIFI.CA,Real Estate,2023-05-23 21:00:00,0.07800000160932541,0.07800000160932541,0.07800000160932541,0.07800000160932541,0.07800000160932541,0
AIFI.CA,Real Estate,2023-05-24 21:00:00,0.07800000160932541,0.07800000160932541,0.07800000160932541,0.07800000160932541,0.07800000160932541,0
AIFI.CA,Real Estate,2023-05-27 21:00:00,0.07800000160932541,0.07800000160932541,0.07800000160932541,0.07800000160932541,0.07800000160932541,0
AIFI.CA,Real Estate,2023-05-28 21:00:00,0.07800000160932541,0.07800000160932541,0.07800000160932541,0.07800000160932541,0.07800000160932541,0
AIFI.CA,Real Estate,2023-05-29 21:00:00,0.07800000160932541,0.07800000160932541,0.07800000160932541,0.07800000160932541,0.07800000160932541,0
AIFI.CA,Real Estate,2023-05-30 21:00:00,0.07800000160932541,0.07800000160932541,0.07800000160932541,0.07800000160932541,0.07800000160932541,0
AIFI.CA,Real Estate,2023-05-31 21:00:00,0.07800000160932541,0.07800000160932541,0.07800000160932541,0.07800000160932541,0.07800000160932541,0
AIFI.CA,Real Estate,2023-06-03 21:00:00,0.07800000160932541,0.07800000160932541,0.07800000160932541,0.07800000160932541,0.07800000160932541,0
AIFI.CA,Real Estate,2023-06-04 21:00:00,0.07800000160932541,0.07800000160932541,0.07800000160932541,0.07800000160932541,0.07800000160932541,0
AIFI.CA,Real Estate,2023-06-05 21:00:00,0.07800000160932541,0.07800000160932541,0.07800000160932541,0.07800000160932541,0.07800000160932541,0
AIFI.CA,Real Estate,2023-06-06 21:00:00,0.07800000160932541,0.07800000160932541,0.07800000160932541,0.07800000160932541,0.07800000160932541,0
AIFI.CA,Real Estate,2023-06-07 21:00:00,0.07800000160932541,0.07800000160932541,0.07800000160932541,0.07800000160932541,0.07800000160932541,0
AIFI.CA,Real Estate,2023-06-10 21:00:00,0.07800000160932541,0.07800000160932541,0.07800000160932541,0.07800000160932541,0.07800000160932541,0
AIFI.CA,Real Estate,2023-06-11 21:00:00,0.07800000160932541,0.07800000160932541,0.07800000160932541,0.07800000160932541,0.07800000160932541,0
AIFI.CA,Real Estate,2023-06-12 21:00:00,0.07800000160932541,0.07800000160932541,0.07800000160932541,0.07800000160932541,0.07800000160932541,0
AIFI.CA,Real Estate,2023-06-13 21:00:00,0.07800000160932541,0.07800000160932541,0.07800000160932541,0.07800000160932541,0.07800000160932541,0
AIFI.CA,Real Estate,2023-06-14 21:00:00,0.07800000160932541,0.07800000160932541,0.07800000160932541,0.07800000160932541,0.07800000160932541,0
AIFI.CA,Real Estate,2023-06-17 21:00:00,0.07800000160932541,0.07800000160932541,0.07800000160932541,0.07800000160932541,0.07800000160932541,0
AIFI.CA,Real Estate,2023-06-18 21:00:00,0.07800000160932541,0.07800000160932541,0.07800000160932541,0.07800000160932541,0.07800000160932541,0
AIFI.CA,Real Estate,2023-06-19 21:00:00,0.07800000160932541,0.07800000160932541,0.07800000160932541,0.07800000160932541,0.07800000160932541,0
AIFI.CA,Real Estate,2023-06-20 21:00:00,0.07800000160932541,0.07800000160932541,0.07800000160932541,0.07800000160932541,0.07800000160932541,0
AIFI.CA,Real Estate,2023-06-21 21:00:00,0.07800000160932541,0.07800000160932541,0.07800000160932541,0.07800000160932541,0.07800000160932541,0
AIFI.CA,Real Estate,2023-06-24 21:00:00,0.07800000160932541,0.07800000160932541,0.07800000160932541,0.07800000160932541,0.07800000160932541,0
AIFI.CA,Real Estate,2023-06-25 21:00:00,0.07800000160932541,0.07800000160932541,0.07800000160932541,0.07800000160932541,0.07800000160932541,0
AIFI.CA,Real Estate,2023-07-03 21:00:00,0.07800000160932541,0.07800000160932541,0.07800000160932541,0.07800000160932541,0.07800000160932541,0
AIFI.CA,Real Estate,2023-07-04 21:00:00,0.07800000160932541,0.07800000160932541,0.07800000160932541,0.07800000160932541,0.07800000160932541,0
AIFI.CA,Real Estate,2023-07-05 21:00:00,0.07800000160932541,0.07800000160932541,0.07800000160932541,0.07800000160932541,0.07800000160932541,0
AIFI.CA,Real Estate,2023-07-08 21:00:00,0.07800000160932541,0.07800000160932541,0.07800000160932541,0.07800000160932541,0.07800000160932541,0
AIFI.CA,Real Estate,2023-07-09 21:00:00,0.07800000160932541,0.07800000160932541,0.07800000160932541,0.07800000160932541,0.07800000160932541,0
AIFI.CA,Real Estate,2023-07-10 21:00:00,0.07800000160932541,0.07800000160932541,0.07800000160932541,0.07800000160932541,0.07800000160932541,0
AIFI.CA,Real Estate,2023-07-11 21:00:00,0.07800000160932541,0.07800000160932541,0.07800000160932541,0.07800000160932541,0.07800000160932541,0
AIFI.CA,Real Estate,2023-07-12 21:00:00,0.07800000160932541,0.07800000160932541,0.07800000160932541,0.07800000160932541,0.07800000160932541,0
AIFI.CA,Real Estate,2023-07-15 21:00:00,0.07800000160932541,0.07800000160932541,0.07800000160932541,0.07800000160932541,0.07800000160932541,0
AIFI.CA,Real Estate,2023-07-16 21:00:00,0.07800000160932541,0.07800000160932541,0.07800000160932541,0.07800000160932541,0.07800000160932541,0
AIFI.CA,Real Estate,2023-07-17 21:00:00,0.07800000160932541,0.07800000160932541,0.07800000160932541,0.07800000160932541,0.07800000160932541,0
AIFI.CA,Real Estate,2023-07-18 21:00:00,0.07800000160932541,0.07800000160932541,0.07800000160932541,0.07800000160932541,0.07800000160932541,0
AIFI.CA,Real Estate,2023-07-23 21:00:00,0.07800000160932541,0.07800000160932541,0.07800000160932541,0.07800000160932541,0.07800000160932541,0
AIFI.CA,Real Estate,2023-07-24 21:00:00,0.07800000160932541,0.07800000160932541,0.07800000160932541,0.07800000160932541,0.07800000160932541,0
AIFI.CA,Real Estate,2023-07-25 21:00:00,0.07800000160932541,0.07800000160932541,0.07800000160932541,0.07800000160932541,0.07800000160932541,0
AIFI.CA,Real Estate,2023-07-26 21:00:00,0.07800000160932541,0.07800000160932541,0.07800000160932541,0.07800000160932541,0.07800000160932541,0
AIFI.CA,Real Estate,2023-07-29 21:00:00,0.07800000160932541,0.07800000160932541,0.07800000160932541,0.07800000160932541,0.07800000160932541,0
AIFI.CA,Real Estate,2023-07-30 21:00:00,0.07800000160932541,0.07800000160932541,0.07800000160932541,0.07800000160932541,0.07800000160932541,0
AIFI.CA,Real Estate,2023-07-31 21:00:00,0.07800000160932541,0.07800000160932541,0.07800000160932541,0.07800000160932541,0.07800000160932541,0
AIFI.CA,Real Estate,2023-08-01 21:00:00,0.07800000160932541,0.07800000160932541,0.07800000160932541,0.07800000160932541,0.07800000160932541,0
AIFI.CA,Real Estate,2023-08-02 21:00:00,0.07800000160932541,0.07800000160932541,0.07800000160932541,0.07800000160932541,0.07800000160932541,0
AIFI.CA,Real Estate,2023-08-05 21:00:00,0.07800000160932541,0.07800000160932541,0.07800000160932541,0.07800000160932541,0.07800000160932541,0
AIFI.CA,Real Estate,2023-08-06 21:00:00,0.07800000160932541,0.07800000160932541,0.07800000160932541,0.07800000160932541,0.07800000160932541,0
AIFI.CA,Real Estate,2023-08-07 21:00:00,0.07800000160932541,0.07800000160932541,0.07800000160932541,0.07800000160932541,0.07800000160932541,0
AIFI.CA,Real Estate,2023-08-08 21:00:00,0.07800000160932541,0.07800000160932541,0.07800000160932541,0.07800000160932541,0.07800000160932541,0
AIFI.CA,Real Estate,2023-08-09 21:00:00,0.07800000160932541,0.07800000160932541,0.07800000160932541,0.07800000160932541,0.07800000160932541,0
AIFI.CA,Real Estate,2023-08-12 21:00:00,0.07800000160932541,0.07800000160932541,0.07800000160932541,0.07800000160932541,0.07800000160932541,0
AIFI.CA,Real Estate,2023-08-13 21:00:00,0.07800000160932541,0.07800000160932541,0.07800000160932541,0.07800000160932541,0.07800000160932541,0
AIFI.CA,Real Estate,2023-08-14 21:00:00,0.07800000160932541,0.07800000160932541,0.07800000160932541,0.07800000160932541,0.07800000160932541,0
AIFI.CA,Real Estate,2023-08-15 21:00:00,0.07800000160932541,0.07800000160932541,0.07800000160932541,0.07800000160932541,0.07800000160932541,0
AIFI.CA,Real Estate,2023-08-16 21:00:00,0.07800000160932541,0.07800000160932541,0.07800000160932541,0.07800000160932541,0.07800000160932541,0
AIFI.CA,Real Estate,2023-08-19 21:00:00,0.07800000160932541,0.07800000160932541,0.07800000160932541,0.07800000160932541,0.07800000160932541,0
AIFI.CA,Real Estate,2023-08-20 21:00:00,0.07800000160932541,0.07800000160932541,0.07800000160932541,0.07800000160932541,0.07800000160932541,0
AIFI.CA,Real Estate,2023-08-21 21:00:00,0.07800000160932541,0.07800000160932541,0.07800000160932541,0.07800000160932541,0.07800000160932541,0
AIFI.CA,Real Estate,2023-08-22 21:00:00,0.07800000160932541,0.07800000160932541,0.07800000160932541,0.07800000160932541,0.07800000160932541,0
AIFI.CA,Real Estate,2023-08-23 21:00:00,0.07800000160932541,0.07800000160932541,0.07800000160932541,0.07800000160932541,0.07800000160932541,0
AIFI.CA,Real Estate,2023-08-26 21:00:00,0.07800000160932541,0.07800000160932541,0.07800000160932541,0.07800000160932541,0.07800000160932541,0
AIFI.CA,Real Estate,2023-08-27 21:00:00,0.07800000160932541,0.07800000160932541,0.07800000160932541,0.07800000160932541,0.07800000160932541,0
AIFI.CA,Real Estate,2023-08-28 21:00:00,0.07800000160932541,0.07800000160932541,0.07800000160932541,0.07800000160932541,0.07800000160932541,0
AIFI.CA,Real Estate,2023-08-29 21:00:00,0.07800000160932541,0.07800000160932541,0.07800000160932541,0.07800000160932541,0.07800000160932541,0
AIFI.CA,Real Estate,2023-08-30 21:00:00,0.07800000160932541,0.07800000160932541,0.07800000160932541,0.07800000160932541,0.07800000160932541,0
AIFI.CA,Real Estate,2023-09-02 21:00:00,0.07800000160932541,0.07800000160932541,0.07800000160932541,0.07800000160932541,0.07800000160932541,0
AIFI.CA,Real Estate,2023-09-03 21:00:00,0.07800000160932541,0.07800000160932541,0.07800000160932541,0.07800000160932541,0.07800000160932541,0
AIFI.CA,Real Estate,2023-09-04 21:00:00,0.07800000160932541,0.07800000160932541,0.07800000160932541,0.07800000160932541,0.07800000160932541,0
AIFI.CA,Real Estate,2023-09-05 21:00:00,0.07800000160932541,0.07800000160932541,0.07800000160932541,0.07800000160932541,0.07800000160932541,0
AIFI.CA,Real Estate,2023-09-06 21:00:00,0.07800000160932541,0.07800000160932541,0.07800000160932541,0.07800000160932541,0.07800000160932541,0
AIFI.CA,Real Estate,2023-09-09 21:00:00,0.07800000160932541,0.07800000160932541,0.07800000160932541,0.07800000160932541,0.07800000160932541,0
AIFI.CA,Real Estate,2023-09-10 21:00:00,0.07800000160932541,0.07800000160932541,0.07800000160932541,0.07800000160932541,0.07800000160932541,0
AIFI.CA,Real Estate,2023-09-11 21:00:00,0.07800000160932541,0.07800000160932541,0.07800000160932541,0.07800000160932541,0.07800000160932541,0
AIFI.CA,Real Estate,2023-09-12 21:00:00,0.07800000160932541,0.07800000160932541,0.07800000160932541,0.07800000160932541,0.07800000160932541,0
AIFI.CA,Real Estate,2023-09-13 21:00:00,0.07800000160932541,0.07800000160932541,0.07800000160932541,0.07800000160932541,0.07800000160932541,0
AIFI.CA,Real Estate,2023-09-16 21:00:00,0.07800000160932541,0.07800000160932541,0.07800000160932541,0.07800000160932541,0.07800000160932541,0
AIFI.CA,Real Estate,2023-09-17 21:00:00,0.07800000160932541,0.07800000160932541,0.07800000160932541,0.07800000160932541,0.07800000160932541,0
AIFI.CA,Real Estate,2023-09-18 21:00:00,0.07800000160932541,0.07800000160932541,0.07800000160932541,0.07800000160932541,0.07800000160932541,0
AIFI.CA,Real Estate,2023-09-19 21:00:00,0.07800000160932541,0.07800000160932541,0.07800000160932541,0.07800000160932541,0.07800000160932541,0
AIFI.CA,Real Estate,2023-09-20 21:00:00,0.07800000160932541,0.07800000160932541,0.07800000160932541,0.07800000160932541,0.07800000160932541,0
AIFI.CA,Real Estate,2023-09-23 21:00:00,0.07800000160932541,0.07800000160932541,0.07800000160932541,0.07800000160932541,0.07800000160932541,0
AIFI.CA,Real Estate,2023-09-24 21:00:00,0.07800000160932541,0.07800000160932541,0.07800000160932541,0.07800000160932541,0.07800000160932541,0
AIFI.CA,Real Estate,2023-09-25 21:00:00,0.07800000160932541,0.07800000160932541,0.07800000160932541,0.07800000160932541,0.07800000160932541,0
AIFI.CA,Real Estate,2023-09-26 21:00:00,0.07800000160932541,0.07800000160932541,0.07800000160932541,0.07800000160932541,0.07800000160932541,0
AIFI.CA,Real Estate,2023-09-30 21:00:00,0.07800000160932541,0.07800000160932541,0.07800000160932541,0.07800000160932541,0.07800000160932541,0
AIFI.CA,Real Estate,2023-10-01 21:00:00,0.07800000160932541,0.07800000160932541,0.07800000160932541,0.07800000160932541,0.07800000160932541,0
AIFI.CA,Real Estate,2023-10-02 21:00:00,0.07800000160932541,0.07800000160932541,0.07800000160932541,0.07800000160932541,0.07800000160932541,0
AIFI.CA,Real Estate,2023-10-03 21:00:00,0.07800000160932541,0.07800000160932541,0.07800000160932541,0.07800000160932541,0.07800000160932541,0
AIFI.CA,Real Estate,2023-10-07 21:00:00,0.07800000160932541,0.07800000160932541,0.07800000160932541,0.07800000160932541,0.07800000160932541,0
AIFI.CA,Real Estate,2023-10-08 21:00:00,0.07800000160932541,0.07800000160932541,0.07800000160932541,0.07800000160932541,0.07800000160932541,0
AIFI.CA,Real Estate,2023-10-09 21:00:00,0.07800000160932541,0.07800000160932541,0.07800000160932541,0.07800000160932541,0.07800000160932541,0
AIFI.CA,Real Estate,2023-10-10 21:00:00,0.07800000160932541,0.07800000160932541,0.07800000160932541,0.07800000160932541,0.07800000160932541,0
AIFI.CA,Real Estate,2023-10-11 21:00:00,0.07800000160932541,0.07800000160932541,0.07800000160932541,0.07800000160932541,0.07800000160932541,0
AIFI.CA,Real Estate,2023-10-14 21:00:00,0.07800000160932541,0.07800000160932541,0.07800000160932541,0.07800000160932541,0.07800000160932541,0
AIFI.CA,Real Estate,2023-10-15 21:00:00,0.07800000160932541,0.07800000160932541,0.07800000160932541,0.07800000160932541,0.07800000160932541,0
AIFI.CA,Real Estate,2023-10-16 21:00:00,0.07800000160932541,0.07800000160932541,0.07800000160932541,0.07800000160932541,0.07800000160932541,0
AIFI.CA,Real Estate,2023-10-17 21:00:00,0.07800000160932541,0.07800000160932541,0.07800000160932541,0.07800000160932541,0.07800000160932541,0
AIFI.CA,Real Estate,2023-10-18 21:00:00,0.07800000160932541,0.07800000160932541,0.07800000160932541,0.07800000160932541,0.07800000160932541,0
AIFI.CA,Real Estate,2023-10-21 21:00:00,0.07800000160932541,0.07800000160932541,0.07800000160932541,0.07800000160932541,0.07800000160932541,0
AIFI.CA,Real Estate,2023-10-22 21:00:00,0.07800000160932541,0.07800000160932541,0.07800000160932541,0.07800000160932541,0.07800000160932541,0
AIFI.CA,Real Estate,2023-10-23 21:00:00,0.07800000160932541,0.07800000160932541,0.07800000160932541,0.07800000160932541,0.07800000160932541,0
AIFI.CA,Real Estate,2023-10-24 21:00:00,0.07800000160932541,0.07800000160932541,0.07800000160932541,0.07800000160932541,0.07800000160932541,0
AIFI.CA,Real Estate,2023-10-25 21:00:00,0.07800000160932541,0.07800000160932541,0.07800000160932541,0.07800000160932541,0.07800000160932541,0
AIFI.CA,Real Estate,2023-10-28 22:00:00,0.07800000160932541,0.07800000160932541,0.07800000160932541,0.07800000160932541,0.07800000160932541,0
AIFI.CA,Real Estate,2023-10-29 22:00:00,0.07800000160932541,0.07800000160932541,0.07800000160932541,0.07800000160932541,0.07800000160932541,0
AIFI.CA,Real Estate,2023-10-30 22:00:00,0.07800000160932541,0.07800000160932541,0.07800000160932541,0.07800000160932541,0.07800000160932541,0
AIFI.CA,Real Estate,2023-10-31 22:00:00,0.07800000160932541,0.07800000160932541,0.07800000160932541,0.07800000160932541,0.07800000160932541,0
AIFI.CA,Real Estate,2023-11-01 22:00:00,0.07800000160932541,0.07800000160932541,0.07800000160932541,0.07800000160932541,0.07800000160932541,0
AIFI.CA,Real Estate,2023-11-04 22:00:00,0.07800000160932541,0.07800000160932541,0.07800000160932541,0.07800000160932541,0.07800000160932541,0
AIFI.CA,Real Estate,2023-11-05 22:00:00,0.07800000160932541,0.07800000160932541,0.07800000160932541,0.07800000160932541,0.07800000160932541,0
AIFI.CA,Real Estate,2023-11-06 22:00:00,0.07800000160932541,0.07800000160932541,0.07800000160932541,0.07800000160932541,0.07800000160932541,0
AIFI.CA,Real Estate,2023-11-07 22:00:00,0.07800000160932541,0.07800000160932541,0.07800000160932541,0.07800000160932541,0.07800000160932541,0
AIFI.CA,Real Estate,2023-11-08 22:00:00,0.07800000160932541,0.07800000160932541,0.07800000160932541,0.07800000160932541,0.07800000160932541,0
AIFI.CA,Real Estate,2023-11-11 22:00:00,0.07800000160932541,0.07800000160932541,0.07800000160932541,0.07800000160932541,0.07800000160932541,0
AIFI.CA,Real Estate,2023-11-12 22:00:00,0.07800000160932541,0.07800000160932541,0.07800000160932541,0.07800000160932541,0.07800000160932541,0
AIFI.CA,Real Estate,2023-11-13 22:00:00,0.07800000160932541,0.07800000160932541,0.07800000160932541,0.07800000160932541,0.07800000160932541,0
AIFI.CA,Real Estate,2023-11-14 22:00:00,0.07800000160932541,0.07800000160932541,0.07800000160932541,0.07800000160932541,0.07800000160932541,0
AIFI.CA,Real Estate,2023-11-15 22:00:00,0.07800000160932541,0.07800000160932541,0.07800000160932541,0.07800000160932541,0.07800000160932541,0
AIFI.CA,Real Estate,2023-11-18 22:00:00,0.07800000160932541,0.07800000160932541,0.07800000160932541,0.07800000160932541,0.07800000160932541,0
AIFI.CA,Real Estate,2023-11-19 22:00:00,0.07800000160932541,0.07800000160932541,0.07800000160932541,0.07800000160932541,0.07800000160932541,0
AIFI.CA,Real Estate,2023-11-20 22:00:00,0.07800000160932541,0.07800000160932541,0.07800000160932541,0.07800000160932541,0.07800000160932541,0
AIFI.CA,Real Estate,2023-11-21 22:00:00,0.07800000160932541,0.07800000160932541,0.07800000160932541,0.07800000160932541,0.07800000160932541,0
AIFI.CA,Real Estate,2023-11-22 22:00:00,0.07800000160932541,0.07800000160932541,0.07800000160932541,0.07800000160932541,0.07800000160932541,0
AIFI.CA,Real Estate,2023-11-25 22:00:00,0.07800000160932541,0.07800000160932541,0.07800000160932541,0.07800000160932541,0.07800000160932541,0
AIFI.CA,Real Estate,2023-11-26 22:00:00,0.07800000160932541,0.07800000160932541,0.07800000160932541,0.07800000160932541,0.07800000160932541,0
AIFI.CA,Real Estate,2023-11-27 22:00:00,0.07800000160932541,0.07800000160932541,0.07800000160932541,0.07800000160932541,0.07800000160932541,0
AIFI.CA,Real Estate,2023-11-28 22:00:00,0.07800000160932541,0.07800000160932541,0.07800000160932541,0.07800000160932541,0.07800000160932541,0
AIFI.CA,Real Estate,2023-11-29 22:00:00,0.07800000160932541,0.07800000160932541,0.07800000160932541,0.07800000160932541,0.07800000160932541,0
AIFI.CA,Real Estate,2023-12-02 22:00:00,0.07800000160932541,0.07800000160932541,0.07800000160932541,0.07800000160932541,0.07800000160932541,0
AIFI.CA,Real Estate,2023-12-03 22:00:00,0.07800000160932541,0.07800000160932541,0.07800000160932541,0.07800000160932541,0.07800000160932541,0
AIFI.CA,Real Estate,2023-12-04 22:00:00,0.07800000160932541,0.07800000160932541,0.07800000160932541,0.07800000160932541,0.07800000160932541,0
AIFI.CA,Real Estate,2023-12-05 22:00:00,0.07800000160932541,0.07800000160932541,0.07800000160932541,0.07800000160932541,0.07800000160932541,0
AIFI.CA,Real Estate,2023-12-06 22:00:00,0.07800000160932541,0.07800000160932541,0.07800000160932541,0.07800000160932541,0.07800000160932541,0
AIFI.CA,Real Estate,2023-12-09 22:00:00,0.07800000160932541,0.07800000160932541,0.07800000160932541,0.07800000160932541,0.07800000160932541,0
AIFI.CA,Real Estate,2023-12-10 22:00:00,0.07800000160932541,0.07800000160932541,0.07800000160932541,0.07800000160932541,0.07800000160932541,0
AIFI.CA,Real Estate,2023-12-11 22:00:00,0.07800000160932541,0.07800000160932541,0.07800000160932541,0.07800000160932541,0.07800000160932541,0
AIFI.CA,Real Estate,2023-12-12 22:00:00,0.07800000160932541,0.07800000160932541,0.07800000160932541,0.07800000160932541,0.07800000160932541,0
AIFI.CA,Real Estate,2023-12-13 22:00:00,0.07800000160932541,0.07800000160932541,0.07800000160932541,0.07800000160932541,0.07800000160932541,0
AIFI.CA,Real Estate,2023-12-16 22:00:00,0.07800000160932541,0.07800000160932541,0.07800000160932541,0.07800000160932541,0.07800000160932541,0
AIFI.CA,Real Estate,2023-12-17 22:00:00,0.07800000160932541,0.07800000160932541,0.07800000160932541,0.07800000160932541,0.07800000160932541,0
AIFI.CA,Real Estate,2023-12-18 22:00:00,0.07800000160932541,0.07800000160932541,0.07800000160932541,0.07800000160932541,0.07800000160932541,0
AIFI.CA,Real Estate,2023-12-19 22:00:00,0.07800000160932541,0.07800000160932541,0.07800000160932541,0.07800000160932541,0.07800000160932541,0
AIFI.CA,Real Estate,2023-12-20 22:00:00,0.07800000160932541,0.07800000160932541,0.07800000160932541,0.07800000160932541,0.07800000160932541,0
AIFI.CA,Real Estate,2023-12-23 22:00:00,0.07800000160932541,0.07800000160932541,0.07800000160932541,0.07800000160932541,0.07800000160932541,0
AIFI.CA,Real Estate,2023-12-24 22:00:00,0.07800000160932541,0.07800000160932541,0.07800000160932541,0.07800000160932541,0.07800000160932541,0
AIFI.CA,Real Estate,2023-12-25 22:00:00,0.07800000160932541,0.07800000160932541,0.07800000160932541,0.07800000160932541,0.07800000160932541,0
AIFI.CA,Real Estate,2023-12-26 22:00:00,0.07800000160932541,0.07800000160932541,0.07800000160932541,0.07800000160932541,0.07800000160932541,0
AIFI.CA,Real Estate,2023-12-27 22:00:00,0.07800000160932541,0.07800000160932541,0.07800000160932541,0.07800000160932541,0.07800000160932541,0
AIFI.CA,Real Estate,2023-12-30 22:00:00,0.07800000160932541,0.07800000160932541,0.07800000160932541,0.07800000160932541,0.07800000160932541,0
AIFI.CA,Real Estate,2024-01-01 22:00:00,0.07800000160932541,0.07800000160932541,0.07800000160932541,0.07800000160932541,0.07800000160932541,0
AIFI.CA,Real Estate,2024-01-02 22:00:00,0.07800000160932541,0.07800000160932541,0.07800000160932541,0.07800000160932541,0.07800000160932541,0
AIFI.CA,Real Estate,2024-01-03 22:00:00,0.07800000160932541,0.07800000160932541,0.07800000160932541,0.07800000160932541,0.07800000160932541,0
AIFI.CA,Real Estate,2024-01-07 22:00:00,0.07800000160932541,0.07800000160932541,0.07800000160932541,0.07800000160932541,0.07800000160932541,0
AIFI.CA,Real Estate,2024-01-08 22:00:00,0.07800000160932541,0.07800000160932541,0.07800000160932541,0.07800000160932541,0.07800000160932541,0
AIFI.CA,Real Estate,2024-01-09 22:00:00,0.07800000160932541,0.07800000160932541,0.07800000160932541,0.07800000160932541,0.07800000160932541,0
AIFI.CA,Real Estate,2024-01-10 22:00:00,0.07800000160932541,0.07800000160932541,0.07800000160932541,0.07800000160932541,0.07800000160932541,0
AIFI.CA,Real Estate,2024-01-13 22:00:00,0.07800000160932541,0.07800000160932541,0.07800000160932541,0.07800000160932541,0.07800000160932541,0
AIFI.CA,Real Estate,2024-01-14 22:00:00,0.07800000160932541,0.07800000160932541,0.07800000160932541,0.07800000160932541,0.07800000160932541,0
AIFI.CA,Real Estate,2024-01-15 22:00:00,0.07800000160932541,0.07800000160932541,0.07800000160932541,0.07800000160932541,0.07800000160932541,0
AIFI.CA,Real Estate,2024-01-16 22:00:00,0.07800000160932541,0.07800000160932541,0.07800000160932541,0.07800000160932541,0.07800000160932541,0
AIFI.CA,Real Estate,2024-01-17 22:00:00,0.07800000160932541,0.07800000160932541,0.07800000160932541,0.07800000160932541,0.07800000160932541,0
AIFI.CA,Real Estate,2024-01-20 22:00:00,0.07800000160932541,0.07800000160932541,0.07800000160932541,0.07800000160932541,0.07800000160932541,0
AIFI.CA,Real Estate,2024-01-21 22:00:00,0.07800000160932541,0.07800000160932541,0.07800000160932541,0.07800000160932541,0.07800000160932541,0
AIFI.CA,Real Estate,2024-01-22 22:00:00,0.07800000160932541,0.07800000160932541,0.07800000160932541,0.07800000160932541,0.07800000160932541,0
AIFI.CA,Real Estate,2024-01-23 22:00:00,0.07800000160932541,0.07800000160932541,0.07800000160932541,0.07800000160932541,0.07800000160932541,0
AIFI.CA,Real Estate,2024-01-27 22:00:00,0.07800000160932541,0.07800000160932541,0.07800000160932541,0.07800000160932541,0.07800000160932541,0
AIFI.CA,Real Estate,2024-01-28 22:00:00,0.07800000160932541,0.07800000160932541,0.07800000160932541,0.07800000160932541,0.07800000160932541,0
AIFI.CA,Real Estate,2024-01-29 22:00:00,0.07800000160932541,0.07800000160932541,0.07800000160932541,0.07800000160932541,0.07800000160932541,0
AIFI.CA,Real Estate,2024-01-30 22:00:00,0.07800000160932541,0.07800000160932541,0.07800000160932541,0.07800000160932541,0.07800000160932541,0
AIFI.CA,Real Estate,2024-01-31 22:00:00,0.07800000160932541,0.07800000160932541,0.07800000160932541,0.07800000160932541,0.07800000160932541,0
AIFI.CA,Real Estate,2024-02-03 22:00:00,0.07800000160932541,0.07800000160932541,0.07800000160932541,0.07800000160932541,0.07800000160932541,0
AIFI.CA,Real Estate,2024-02-04 22:00:00,0.07800000160932541,0.07800000160932541,0.07800000160932541,0.07800000160932541,0.07800000160932541,0
AIFI.CA,Real Estate,2024-02-05 22:00:00,0.07800000160932541,0.07800000160932541,0.07800000160932541,0.07800000160932541,0.07800000160932541,0
AIFI.CA,Real Estate,2024-02-06 22:00:00,0.07800000160932541,0.07800000160932541,0.07800000160932541,0.07800000160932541,0.07800000160932541,0
AIFI.CA,Real Estate,2024-02-07 22:00:00,0.07800000160932541,0.07800000160932541,0.07800000160932541,0.07800000160932541,0.07800000160932541,0
AIFI.CA,Real Estate,2024-02-10 22:00:00,0.07800000160932541,0.07800000160932541,0.07800000160932541,0.07800000160932541,0.07800000160932541,0
AIFI.CA,Real Estate,2024-02-11 22:00:00,0.07800000160932541,0.07800000160932541,0.07800000160932541,0.07800000160932541,0.07800000160932541,0
AIFI.CA,Real Estate,2024-02-12 22:00:00,0.07800000160932541,0.07800000160932541,0.07800000160932541,0.07800000160932541,0.07800000160932541,0
AIFI.CA,Real Estate,2024-02-13 22:00:00,0.07800000160932541,0.07800000160932541,0.07800000160932541,0.07800000160932541,0.07800000160932541,0
AIFI.CA,Real Estate,2024-02-14 22:00:00,0.07800000160932541,0.07800000160932541,0.07800000160932541,0.07800000160932541,0.07800000160932541,0
AIFI.CA,Real Estate,2024-02-17 22:00:00,0.07800000160932541,0.07800000160932541,0.07800000160932541,0.07800000160932541,0.07800000160932541,0
AIFI.CA,Real Estate,2024-02-18 22:00:00,0.07800000160932541,0.07800000160932541,0.07800000160932541,0.07800000160932541,0.07800000160932541,0
AIFI.CA,Real Estate,2024-02-19 22:00:00,0.07800000160932541,0.07800000160932541,0.07800000160932541,0.07800000160932541,0.07800000160932541,0
AIFI.CA,Real Estate,2024-02-20 22:00:00,0.07800000160932541,0.07800000160932541,0.07800000160932541,0.07800000160932541,0.07800000160932541,0
AIFI.CA,Real Estate,2024-02-21 22:00:00,0.07800000160932541,0.07800000160932541,0.07800000160932541,0.07800000160932541,0.07800000160932541,0
AIFI.CA,Real Estate,2024-02-24 22:00:00,0.07800000160932541,0.07800000160932541,0.07800000160932541,0.07800000160932541,0.07800000160932541,0
AIFI.CA,Real Estate,2024-02-25 22:00:00,0.07800000160932541,0.07800000160932541,0.07800000160932541,0.07800000160932541,0.07800000160932541,0
AIFI.CA,Real Estate,2024-02-26 22:00:00,0.07800000160932541,0.07800000160932541,0.07800000160932541,0.07800000160932541,0.07800000160932541,0
AIFI.CA,Real Estate,2024-02-27 22:00:00,0.07800000160932541,0.07800000160932541,0.07800000160932541,0.07800000160932541,0.07800000160932541,0
AIFI.CA,Real Estate,2024-02-28 22:00:00,0.07800000160932541,0.07800000160932541,0.07800000160932541,0.07800000160932541,0.07800000160932541,0
AIFI.CA,Real Estate,2024-03-02 22:00:00,0.07800000160932541,0.07800000160932541,0.07800000160932541,0.07800000160932541,0.07800000160932541,0
AIFI.CA,Real Estate,2024-03-03 22:00:00,0.07800000160932541,0.07800000160932541,0.07800000160932541,0.07800000160932541,0.07800000160932541,0
AIFI.CA,Real Estate,2024-03-04 22:00:00,0.07800000160932541,0.07800000160932541,0.07800000160932541,0.07800000160932541,0.07800000160932541,0
AIFI.CA,Real Estate,2024-03-05 22:00:00,0.07800000160932541,0.07800000160932541,0.07800000160932541,0.07800000160932541,0.07800000160932541,0
AIFI.CA,Real Estate,2024-03-06 22:00:00,0.07800000160932541,0.07800000160932541,0.07800000160932541,0.07800000160932541,0.07800000160932541,0
AIFI.CA,Real Estate,2024-03-09 22:00:00,0.07800000160932541,0.07800000160932541,0.07800000160932541,0.07800000160932541,0.07800000160932541,0
AIFI.CA,Real Estate,2024-03-10 22:00:00,0.07800000160932541,0.07800000160932541,0.07800000160932541,0.07800000160932541,0.07800000160932541,0
AIFI.CA,Real Estate,2024-03-11 22:00:00,0.07800000160932541,0.07800000160932541,0.07800000160932541,0.07800000160932541,0.07800000160932541,0
AIFI.CA,Real Estate,2024-03-12 22:00:00,0.07800000160932541,0.07800000160932541,0.07800000160932541,0.07800000160932541,0.07800000160932541,0
AIFI.CA,Real Estate,2024-03-13 22:00:00,0.07800000160932541,0.07800000160932541,0.07800000160932541,0.07800000160932541,0.07800000160932541,0
AIFI.CA,Real Estate,2024-03-16 22:00:00,0.07800000160932541,0.07800000160932541,0.07800000160932541,0.07800000160932541,0.07800000160932541,0
AIFI.CA,Real Estate,2024-03-17 22:00:00,0.07800000160932541,0.07800000160932541,0.07800000160932541,0.07800000160932541,0.07800000160932541,0
AIFI.CA,Real Estate,2024-03-18 22:00:00,0.07800000160932541,0.07800000160932541,0.07800000160932541,0.07800000160932541,0.07800000160932541,0
AIFI.CA,Real Estate,2024-03-19 22:00:00,0.07800000160932541,0.07800000160932541,0.07800000160932541,0.07800000160932541,0.07800000160932541,0
AIFI.CA,Real Estate,2024-03-20 22:00:00,0.07800000160932541,0.07800000160932541,0.07800000160932541,0.07800000160932541,0.07800000160932541,0
AIFI.CA,Real Estate,2024-03-23 22:00:00,0.07800000160932541,0.07800000160932541,0.07800000160932541,0.07800000160932541,0.07800000160932541,0
AIFI.CA,Real Estate,2024-03-24 22:00:00,0.07800000160932541,0.07800000160932541,0.07800000160932541,0.07800000160932541,0.07800000160932541,0
AIFI.CA,Real Estate,2024-03-25 22:00:00,0.07800000160932541,0.07800000160932541,0.07800000160932541,0.07800000160932541,0.07800000160932541,0
AIFI.CA,Real Estate,2024-03-26 22:00:00,0.07800000160932541,0.07800000160932541,0.07800000160932541,0.07800000160932541,0.07800000160932541,0
AIFI.CA,Real Estate,2024-03-27 22:00:00,0.07800000160932541,0.07800000160932541,0.07800000160932541,0.07800000160932541,0.07800000160932541,0
AIFI.CA,Real Estate,2024-03-30 22:00:00,0.07800000160932541,0.07800000160932541,0.07800000160932541,0.07800000160932541,0.07800000160932541,0
AIFI.CA,Real Estate,2024-03-31 22:00:00,0.07800000160932541,0.07800000160932541,0.07800000160932541,0.07800000160932541,0.07800000160932541,0
AIFI.CA,Real Estate,2024-04-01 22:00:00,0.07800000160932541,0.07800000160932541,0.07800000160932541,0.07800000160932541,0.07800000160932541,0
AIFI.CA,Real Estate,2024-04-02 22:00:00,0.07800000160932541,0.07800000160932541,0.07800000160932541,0.07800000160932541,0.07800000160932541,0
AIFI.CA,Real Estate,2024-04-03 22:00:00,0.07800000160932541,0.07800000160932541,0.07800000160932541,0.07800000160932541,0.07800000160932541,0
AIFI.CA,Real Estate,2024-04-06 22:00:00,0.07800000160932541,0.07800000160932541,0.07800000160932541,0.07800000160932541,0.07800000160932541,0
AIFI.CA,Real Estate,2024-04-07 22:00:00,0.07800000160932541,0.07800000160932541,0.07800000160932541,0.07800000160932541,0.07800000160932541,0
AIFI.CA,Real Estate,2024-04-14 22:00:00,0.07800000160932541,0.07800000160932541,0.07800000160932541,0.07800000160932541,0.07800000160932541,0
AIFI.CA,Real Estate,2024-04-15 22:00:00,0.07800000160932541,0.07800000160932541,0.07800000160932541,0.07800000160932541,0.07800000160932541,0
AIFI.CA,Real Estate,2024-04-16 22:00:00,0.07800000160932541,0.07800000160932541,0.07800000160932541,0.07800000160932541,0.07800000160932541,0
AIFI.CA,Real Estate,2024-04-17 22:00:00,0.07800000160932541,0.07800000160932541,0.07800000160932541,0.07800000160932541,0.07800000160932541,0
AIFI.CA,Real Estate,2024-04-20 22:00:00,0.07800000160932541,0.07800000160932541,0.07800000160932541,0.07800000160932541,0.07800000160932541,0
AIFI.CA,Real Estate,2024-04-21 22:00:00,0.07800000160932541,0.07800000160932541,0.07800000160932541,0.07800000160932541,0.07800000160932541,0
AIFI.CA,Real Estate,2024-04-22 22:00:00,0.07800000160932541,0.07800000160932541,0.07800000160932541,0.07800000160932541,0.07800000160932541,0
AIFI.CA,Real Estate,2024-04-23 22:00:00,0.07800000160932541,0.07800000160932541,0.07800000160932541,0.07800000160932541,0.07800000160932541,0
AIFI.CA,Real Estate,2024-04-27 21:00:00,0.07800000160932541,0.07800000160932541,0.07800000160932541,0.07800000160932541,0.07800000160932541,0
AIFI.CA,Real Estate,2024-04-28 21:00:00,0.07800000160932541,0.07800000160932541,0.07800000160932541,0.07800000160932541,0.07800000160932541,0
AIFI.CA,Real Estate,2024-04-29 21:00:00,0.07800000160932541,0.07800000160932541,0.07800000160932541,0.07800000160932541,0.07800000160932541,0
AIFI.CA,Real Estate,2024-04-30 21:00:00,0.07800000160932541,0.07800000160932541,0.07800000160932541,0.07800000160932541,0.07800000160932541,0
AIFI.CA,Real Estate,2024-05-01 21:00:00,0.07800000160932541,0.07800000160932541,0.07800000160932541,0.07800000160932541,0.07800000160932541,0
AIFI.CA,Real Estate,2024-05-06 21:00:00,0.07800000160932541,0.07800000160932541,0.07800000160932541,0.07800000160932541,0.07800000160932541,0
AIFI.CA,Real Estate,2024-05-07 21:00:00,0.07800000160932541,0.07800000160932541,0.07800000160932541,0.07800000160932541,0.07800000160932541,0
AIFI.CA,Real Estate,2024-05-08 21:00:00,0.07800000160932541,0.07800000160932541,0.07800000160932541,0.07800000160932541,0.07800000160932541,0
AIFI.CA,Real Estate,2024-05-11 21:00:00,0.07800000160932541,0.07800000160932541,0.07800000160932541,0.07800000160932541,0.07800000160932541,0
AIFI.CA,Real Estate,2024-05-12 21:00:00,0.07800000160932541,0.07800000160932541,0.07800000160932541,0.07800000160932541,0.07800000160932541,0
AIFI.CA,Real Estate,2024-05-13 21:00:00,0.07800000160932541,0.07800000160932541,0.07800000160932541,0.07800000160932541,0.07800000160932541,0
AIFI.CA,Real Estate,2024-05-14 21:00:00,0.07800000160932541,0.07800000160932541,0.07800000160932541,0.07800000160932541,0.07800000160932541,0
AIFI.CA,Real Estate,2024-05-15 21:00:00,0.07800000160932541,0.07800000160932541,0.07800000160932541,0.07800000160932541,0.07800000160932541,0
AIFI.CA,Real Estate,2024-05-18 21:00:00,0.07800000160932541,0.07800000160932541,0.07800000160932541,0.07800000160932541,0.07800000160932541,0
AIFI.CA,Real Estate,2024-05-19 21:00:00,0.07800000160932541,0.07800000160932541,0.07800000160932541,0.07800000160932541,0.07800000160932541,0
AIFI.CA,Real Estate,2024-05-20 21:00:00,0.07800000160932541,0.07800000160932541,0.07800000160932541,0.07800000160932541,0.07800000160932541,0
AIFI.CA,Real Estate,2024-05-21 21:00:00,0.07800000160932541,0.07800000160932541,0.07800000160932541,0.07800000160932541,0.07800000160932541,0
AIFI.CA,Real Estate,2024-05-22 21:00:00,0.07800000160932541,0.07800000160932541,0.07800000160932541,0.07800000160932541,0.07800000160932541,0
AIFI.CA,Real Estate,2024-05-25 21:00:00,0.07800000160932541,0.07800000160932541,0.07800000160932541,0.07800000160932541,0.07800000160932541,0
AIFI.CA,Real Estate,2024-05-26 21:00:00,0.07800000160932541,0.07800000160932541,0.07800000160932541,0.07800000160932541,0.07800000160932541,0
AIFI.CA,Real Estate,2024-05-27 21:00:00,0.07800000160932541,0.07800000160932541,0.07800000160932541,0.07800000160932541,0.07800000160932541,0
AIFI.CA,Real Estate,2024-05-28 21:00:00,0.07800000160932541,0.07800000160932541,0.07800000160932541,0.07800000160932541,0.07800000160932541,0
AIFI.CA,Real Estate,2024-05-29 21:00:00,0.07800000160932541,0.07800000160932541,0.07800000160932541,0.07800000160932541,0.07800000160932541,0
AIFI.CA,Real Estate,2024-06-01 21:00:00,0.07800000160932541,0.07800000160932541,0.07800000160932541,0.07800000160932541,0.07800000160932541,0
AIFI.CA,Real Estate,2024-06-02 21:00:00,0.07800000160932541,0.07800000160932541,0.07800000160932541,0.07800000160932541,0.07800000160932541,0
AIFI.CA,Real Estate,2024-06-03 21:00:00,0.07800000160932541,0.07800000160932541,0.07800000160932541,0.07800000160932541,0.07800000160932541,0
AIFI.CA,Real Estate,2024-06-04 21:00:00,0.07800000160932541,0.07800000160932541,0.07800000160932541,0.07800000160932541,0.07800000160932541,0
AIFI.CA,Real Estate,2024-06-05 21:00:00,0.07800000160932541,0.07800000160932541,0.07800000160932541,0.07800000160932541,0.07800000160932541,0
AIFI.CA,Real Estate,2024-06-08 21:00:00,0.07800000160932541,0.07800000160932541,0.07800000160932541,0.07800000160932541,0.07800000160932541,0
AIFI.CA,Real Estate,2024-06-09 21:00:00,0.07800000160932541,0.07800000160932541,0.07800000160932541,0.07800000160932541,0.07800000160932541,0
AIFI.CA,Real Estate,2024-06-10 21:00:00,0.07800000160932541,0.07800000160932541,0.07800000160932541,0.07800000160932541,0.07800000160932541,0
AIFI.CA,Real Estate,2024-06-11 21:00:00,0.07800000160932541,0.07800000160932541,0.07800000160932541,0.07800000160932541,0.07800000160932541,0
AIFI.CA,Real Estate,2024-06-12 21:00:00,0.07800000160932541,0.07800000160932541,0.07800000160932541,0.07800000160932541,0.07800000160932541,0
AIFI.CA,Real Estate,2024-06-22 21:00:00,0.07800000160932541,0.07800000160932541,0.07800000160932541,0.07800000160932541,0.07800000160932541,0
AIFI.CA,Real Estate,2024-06-23 21:00:00,0.07800000160932541,0.07800000160932541,0.07800000160932541,0.07800000160932541,0.07800000160932541,0
AIFI.CA,Real Estate,2024-06-24 21:00:00,0.07800000160932541,0.07800000160932541,0.07800000160932541,0.07800000160932541,0.07800000160932541,0
AIFI.CA,Real Estate,2024-06-25 21:00:00,0.07800000160932541,0.07800000160932541,0.07800000160932541,0.07800000160932541,0.07800000160932541,0
AIFI.CA,Real Estate,2024-06-26 21:00:00,0.07800000160932541,0.07800000160932541,0.07800000160932541,0.07800000160932541,0.07800000160932541,0
AIFI.CA,Real Estate,2024-06-30 21:00:00,0.07800000160932541,0.07800000160932541,0.07800000160932541,0.07800000160932541,0.07800000160932541,0
AIFI.CA,Real Estate,2024-07-01 21:00:00,0.07800000160932541,0.07800000160932541,0.07800000160932541,0.07800000160932541,0.07800000160932541,0
AIFI.CA,Real Estate,2024-07-02 21:00:00,0.07800000160932541,0.07800000160932541,0.07800000160932541,0.07800000160932541,0.07800000160932541,0
AIFI.CA,Real Estate,2024-07-03 21:00:00,0.07800000160932541,0.07800000160932541,0.07800000160932541,0.07800000160932541,0.07800000160932541,0
AIFI.CA,Real Estate,2024-07-06 21:00:00,0.07800000160932541,0.07800000160932541,0.07800000160932541,0.07800000160932541,0.07800000160932541,0
AIFI.CA,Real Estate,2024-07-07 21:00:00,0.07800000160932541,0.07800000160932541,0.07800000160932541,0.07800000160932541,0.07800000160932541,0
AIFI.CA,Real Estate,2024-07-08 21:00:00,0.07800000160932541,0.07800000160932541,0.07800000160932541,0.07800000160932541,0.07800000160932541,0
AIFI.CA,Real Estate,2024-07-09 21:00:00,0.07800000160932541,0.07800000160932541,0.07800000160932541,0.07800000160932541,0.07800000160932541,0
AIFI.CA,Real Estate,2024-07-13 21:00:00,0.07800000160932541,0.07800000160932541,0.07800000160932541,0.07800000160932541,0.07800000160932541,0
AIFI.CA,Real Estate,2024-07-14 21:00:00,0.07800000160932541,0.07800000160932541,0.07800000160932541,0.07800000160932541,0.07800000160932541,0
AIFI.CA,Real Estate,2024-07-15 21:00:00,0.07800000160932541,0.07800000160932541,0.07800000160932541,0.07800000160932541,0.07800000160932541,0
AIFI.CA,Real Estate,2024-07-16 21:00:00,0.07800000160932541,0.07800000160932541,0.07800000160932541,0.07800000160932541,0.07800000160932541,0
AIFI.CA,Real Estate,2024-07-17 21:00:00,0.07800000160932541,0.07800000160932541,0.07800000160932541,0.07800000160932541,0.07800000160932541,0
AIFI.CA,Real Estate,2024-07-20 21:00:00,0.07800000160932541,0.07800000160932541,0.07800000160932541,0.07800000160932541,0.07800000160932541,0
AIFI.CA,Real Estate,2024-07-21 21:00:00,0.07800000160932541,0.07800000160932541,0.07800000160932541,0.07800000160932541,0.07800000160932541,0
AIFI.CA,Real Estate,2024-07-22 21:00:00,0.07800000160932541,0.07800000160932541,0.07800000160932541,0.07800000160932541,0.07800000160932541,0
AIFI.CA,Real Estate,2024-07-23 21:00:00,0.07800000160932541,0.07800000160932541,0.07800000160932541,0.07800000160932541,0.07800000160932541,0
AIFI.CA,Real Estate,2024-07-27 21:00:00,0.07800000160932541,0.07800000160932541,0.07800000160932541,0.07800000160932541,0.07800000160932541,0
AIFI.CA,Real Estate,2024-07-28 21:00:00,0.07800000160932541,0.07800000160932541,0.07800000160932541,0.07800000160932541,0.07800000160932541,0
AIFI.CA,Real Estate,2024-07-29 21:00:00,0.07800000160932541,0.07800000160932541,0.07800000160932541,0.07800000160932541,0.07800000160932541,0
AIFI.CA,Real Estate,2024-07-30 21:00:00,0.07800000160932541,0.07800000160932541,0.07800000160932541,0.07800000160932541,0.07800000160932541,0
AIFI.CA,Real Estate,2024-07-31 21:00:00,0.07800000160932541,0.07800000160932541,0.07800000160932541,0.07800000160932541,0.07800000160932541,0
AIFI.CA,Real Estate,2024-08-03 21:00:00,0.07800000160932541,0.07800000160932541,0.07800000160932541,0.07800000160932541,0.07800000160932541,0
AIFI.CA,Real Estate,2024-08-04 21:00:00,0.07800000160932541,0.07800000160932541,0.07800000160932541,0.07800000160932541,0.07800000160932541,0
AIFI.CA,Real Estate,2024-08-05 21:00:00,0.07800000160932541,0.07800000160932541,0.07800000160932541,0.07800000160932541,0.07800000160932541,0
AIFI.CA,Real Estate,2024-08-06 21:00:00,0.07800000160932541,0.07800000160932541,0.07800000160932541,0.07800000160932541,0.07800000160932541,0
AIFI.CA,Real Estate,2024-08-07 21:00:00,0.07800000160932541,0.07800000160932541,0.07800000160932541,0.07800000160932541,0.07800000160932541,0
AIFI.CA,Real Estate,2024-08-10 21:00:00,0.07800000160932541,0.07800000160932541,0.07800000160932541,0.07800000160932541,0.07800000160932541,0
AIFI.CA,Real Estate,2024-08-11 21:00:00,0.07800000160932541,0.07800000160932541,0.07800000160932541,0.07800000160932541,0.07800000160932541,0
AIFI.CA,Real Estate,2024-08-12 21:00:00,0.07800000160932541,0.07800000160932541,0.07800000160932541,0.07800000160932541,0.07800000160932541,0
AIFI.CA,Real Estate,2024-08-13 21:00:00,0.07800000160932541,0.07800000160932541,0.07800000160932541,0.07800000160932541,0.07800000160932541,0
AIFI.CA,Real Estate,2024-08-14 21:00:00,0.07800000160932541,0.07800000160932541,0.07800000160932541,0.07800000160932541,0.07800000160932541,0
AIFI.CA,Real Estate,2024-08-17 21:00:00,0.07800000160932541,0.07800000160932541,0.07800000160932541,0.07800000160932541,0.07800000160932541,0
AIFI.CA,Real Estate,2024-08-18 21:00:00,0.07800000160932541,0.07800000160932541,0.07800000160932541,0.07800000160932541,0.07800000160932541,0
AIFI.CA,Real Estate,2024-08-19 21:00:00,0.07800000160932541,0.07800000160932541,0.07800000160932541,0.07800000160932541,0.07800000160932541,0
AIFI.CA,Real Estate,2024-08-20 21:00:00,0.07800000160932541,0.07800000160932541,0.07800000160932541,0.07800000160932541,0.07800000160932541,0
AIFI.CA,Real Estate,2024-08-21 21:00:00,0.5820000171661377,0.593999981880188,0.5540000200271606,0.5709999799728394,0.5709999799728394,21538815
AIFI.CA,Real Estate,2024-08-24 21:00:00,0.5709999799728394,0.5799999833106995,0.5609999895095825,0.574999988079071,0.574999988079071,5393660
AIFI.CA,Real Estate,2024-08-25 21:00:00,0.574999988079071,0.6240000128746033,0.5759999752044678,0.5879999995231628,0.5879999995231628,47777940
AIFI.CA,Real Estate,2024-08-26 21:00:00,0.5879999995231628,0.6340000033378601,0.5899999737739563,0.6240000128746033,0.6240000128746033,28495400
AIFI.CA,Real Estate,2024-08-27 21:00:00,0.6240000128746033,0.6299999952316284,0.6119999885559082,0.6190000176429749,0.6190000176429749,13896103
AIFI.CA,Real Estate,2024-08-28 21:00:00,0.6190000176429749,0.6299999952316284,0.6100000143051147,0.6169999837875366,0.6169999837875366,11476960
AIFI.CA,Real Estate,2024-08-31 21:00:00,0.6169999837875366,0.6200000047683716,0.6039999723434448,0.6039999723434448,0.6039999723434448,7557145
AIFI.CA,Real Estate,2024-09-01 21:00:00,0.6039999723434448,0.6349999904632568,0.6050000190734863,0.6069999933242798,0.6069999933242798,23888263
AIFI.CA,Real Estate,2024-09-02 21:00:00,0.6069999933242798,0.6200000047683716,0.5839999914169312,0.5889999866485596,0.5889999866485596,16754524
AIFI.CA,Real Estate,2024-09-03 21:00:00,0.5889999866485596,0.6100000143051147,0.5659999847412109,0.5989999771118164,0.5989999771118164,18467254
AIFI.CA,Real Estate,2024-09-04 21:00:00,0.5989999771118164,0.6200000047683716,0.5960000157356262,0.5989999771118164,0.5989999771118164,7597265
AIFI.CA,Real Estate,2024-09-07 21:00:00,0.5989999771118164,0.6150000095367432,0.5899999737739563,0.6000000238418579,0.6000000238418579,8827604
AIFI.CA,Real Estate,2024-09-08 21:00:00,0.6000000238418579,0.6399999856948853,0.6019999980926514,0.6389999985694885,0.6389999985694885,21810541
AIFI.CA,Real Estate,2024-09-09 21:00:00,0.6389999985694885,0.7099999785423279,0.550000011920929,0.6740000247955322,0.6740000247955322,39914073
AIFI.CA,Real Estate,2024-09-10 21:00:00,0.6740000247955322,0.6850000023841858,0.6420000195503235,0.6650000214576721,0.6650000214576721,16335930
AIFI.CA,Real Estate,2024-09-11 21:00:00,0.6650000214576721,0.6890000104904175,0.6499999761581421,0.6809999942779541,0.6809999942779541,7736391
AIFI.CA,Real Estate,2024-09-15 21:00:00,0.6809999942779541,0.699999988079071,0.6800000071525574,0.6980000138282776,0.6980000138282776,9010956
AIFI.CA,Real Estate,2024-09-16 21:00:00,0.6980000138282776,0.699999988079071,0.675000011920929,0.6899999976158142,0.6899999976158142,12115050
AIFI.CA,Real Estate,2024-09-17 21:00:00,0.6899999976158142,0.7400000095367432,0.6809999942779541,0.7149999737739563,0.7149999737739563,19400274
AIFI.CA,Real Estate,2024-09-18 21:00:00,0.7149999737739563,0.718999981880188,0.6970000267028809,0.699999988079071,0.699999988079071,6051356
AIFI.CA,Real Estate,2024-09-21 21:00:00,0.699999988079071,0.7139999866485596,0.699999988079071,0.7089999914169312,0.7089999914169312,12398474
AIFI.CA,Real Estate,2024-09-22 21:00:00,0.7089999914169312,0.7200000286102295,0.6909999847412109,0.7089999914169312,0.7089999914169312,13996260
AIFI.CA,Real Estate,2024-09-23 21:00:00,0.7089999914169312,0.7089999914169312,0.7089999914169312,0.7089999914169312,0.7089999914169312,0
AIFI.CA,Real Estate,2024-09-24 21:00:00,0.7310000061988831,0.7599999904632568,0.7310000061988831,0.7599999904632568,0.7599999904632568,26207451
AIFI.CA,Real Estate,2024-09-25 21:00:00,0.7599999904632568,0.7649999856948853,0.7379999756813049,0.7409999966621399,0.7409999966621399,22759609
AIFI.CA,Real Estate,2024-09-28 21:00:00,0.7409999966621399,0.7480000257492065,0.7350000143051147,0.7379999756813049,0.7379999756813049,4590371
AIFI.CA,Real Estate,2024-09-29 21:00:00,0.7379999756813049,0.7450000047683716,0.734000027179718,0.7350000143051147,0.7350000143051147,4931490
AIFI.CA,Real Estate,2024-09-30 21:00:00,0.7350000143051147,0.7390000224113464,0.7239999771118164,0.7250000238418579,0.7250000238418579,11476851
AIFI.CA,Real Estate,2024-10-01 21:00:00,0.7250000238418579,0.7300000190734863,0.7200000286102295,0.7210000157356262,0.7210000157356262,4051512
AIFI.CA,Real Estate,2024-10-02 21:00:00,0.7210000157356262,0.7400000095367432,0.7149999737739563,0.734000027179718,0.734000027179718,9154832
AIFI.CA,Real Estate,2024-10-06 21:00:00,0.734000027179718,0.7409999966621399,0.7200000286102295,0.7260000109672546,0.7260000109672546,4103129
AIFI.CA,Real Estate,2024-10-07 21:00:00,0.7260000109672546,0.7279999852180481,0.7179999947547913,0.7200000286102295,0.7200000286102295,10861562
AIFI.CA,Real Estate,2024-10-08 21:00:00,0.7200000286102295,0.800000011920929,0.7210000157356262,0.7279999852180481,0.7279999852180481,3398153
AIFI.CA,Real Estate,2024-10-09 21:00:00,0.7279999852180481,0.7419999837875366,0.7229999899864197,0.7400000095367432,0.7400000095367432,5231811
AIFI.CA,Real Estate,2024-10-12 21:00:00,0.7400000095367432,0.7599999904632568,0.7329999804496765,0.7350000143051147,0.7350000143051147,11776915
AIFI.CA,Real Estate,2024-10-13 21:00:00,0.7350000143051147,0.7649999856948853,0.7409999966621399,0.7429999709129333,0.7429999709129333,16856897
AIFI.CA,Real Estate,2024-10-14 21:00:00,0.7429999709129333,0.7540000081062317,0.7450000047683716,0.7509999871253967,0.7509999871253967,6031708
AIFI.CA,Real Estate,2024-10-15 21:00:00,0.7509999871253967,0.7680000066757202,0.75,0.7519999742507935,0.7519999742507935,6243931
AIFI.CA,Real Estate,2024-10-16 21:00:00,0.7519999742507935,0.7599999904632568,0.7350000143051147,0.7369999885559082,0.7369999885559082,6146939
AIFI.CA,Real Estate,2024-10-19 21:00:00,0.7369999885559082,0.7540000081062317,0.7329999804496765,0.7360000014305115,0.7360000014305115,7759670
AIFI.CA,Real Estate,2024-10-20 21:00:00,0.7360000014305115,0.7480000257492065,0.7369999885559082,0.7450000047683716,0.7450000047683716,3191952
AIFI.CA,Real Estate,2024-10-21 21:00:00,0.7450000047683716,0.7540000081062317,0.7400000095367432,0.7440000176429749,0.7440000176429749,4586081
AIFI.CA,Real Estate,2024-10-22 21:00:00,0.7440000176429749,0.75,0.7400000095367432,0.7450000047683716,0.7450000047683716,3296165
AIFI.CA,Real Estate,2024-10-23 21:00:00,0.7450000047683716,0.7459999918937683,0.7409999966621399,0.7419999837875366,0.7419999837875366,3265096
AIFI.CA,Real Estate,2024-10-26 21:00:00,0.7419999837875366,0.75,0.7419999837875366,0.75,0.75,4312451
AIFI.CA,Real Estate,2024-10-27 21:00:00,0.75,0.7549999952316284,0.7450000047683716,0.7450000047683716,0.7450000047683716,4016508
AIFI.CA,Real Estate,2024-10-28 21:00:00,0.7450000047683716,0.7519999742507935,0.7450000047683716,0.7459999918937683,0.7459999918937683,2391960
AIFI.CA,Real Estate,2024-10-29 21:00:00,0.7459999918937683,0.765999972820282,0.7490000128746033,0.7570000290870667,0.7570000290870667,3630271
AIFI.CA,Real Estate,2024-10-30 21:00:00,0.7570000290870667,0.7689999938011169,0.7549999952316284,0.7630000114440918,0.7630000114440918,3186484
AIFI.CA,Real Estate,2024-11-02 22:00:00,0.7630000114440918,0.765999972820282,0.7599999904632568,0.7599999904632568,0.7599999904632568,2647647
AIFI.CA,Real Estate,2024-11-03 22:00:00,0.7599999904632568,0.7689999938011169,0.7609999775886536,0.7680000066757202,0.7680000066757202,2083347
AIFI.CA,Real Estate,2024-11-04 22:00:00,0.7680000066757202,0.7699999809265137,0.7649999856948853,0.7699999809265137,0.7699999809265137,3672197
AIFI.CA,Real Estate,2024-11-05 22:00:00,0.7699999809265137,0.7760000228881836,0.7680000066757202,0.7720000147819519,0.7720000147819519,5351008
AIFI.CA,Real Estate,2024-11-06 22:00:00,0.7720000147819519,0.7770000100135803,0.7720000147819519,0.7730000019073486,0.7730000019073486,11151079
AIFI.CA,Real Estate,2024-11-09 22:00:00,0.7730000019073486,0.7879999876022339,0.7720000147819519,0.7739999890327454,0.7739999890327454,5296226
AIFI.CA,Real Estate,2024-11-10 22:00:00,0.7739999890327454,0.7799999713897705,0.7710000276565552,0.7799999713897705,0.7799999713897705,7128982
AIFI.CA,Real Estate,2024-11-11 22:00:00,0.7799999713897705,0.8500000238418579,0.7699999809265137,0.7710000276565552,0.7710000276565552,58552240
AIFI.CA,Real Estate,2024-11-12 22:00:00,0.7710000276565552,0.7749999761581421,0.7559999823570251,0.7749999761581421,0.7749999761581421,14502691
AIFI.CA,Real Estate,2024-11-13 22:00:00,0.7749999761581421,0.7879999876022339,0.7649999856948853,0.7870000004768372,0.7870000004768372,8474160
AIFI.CA,Real Estate,2024-11-16 22:00:00,0.7870000004768372,0.7950000166893005,0.7799999713897705,0.7929999828338623,0.7929999828338623,12523475
AIFI.CA,Real Estate,2024-11-17 22:00:00,0.7929999828338623,0.800000011920929,0.7839999794960022,0.7900000214576721,0.7900000214576721,5710082
AIFI.CA,Real Estate,2024-11-18 22:00:00,0.7900000214576721,0.7940000295639038,0.7839999794960022,0.7870000004768372,0.7870000004768372,7165891
AIFI.CA,Real Estate,2024-11-19 22:00:00,0.7870000004768372,0.7919999957084656,0.7820000052452087,0.7900000214576721,0.7900000214576721,9148130
AIFI.CA,Real Estate,2024-11-20 22:00:00,0.7900000214576721,0.7900000214576721,0.7799999713897705,0.7839999794960022,0.7839999794960022,1355650
AIFI.CA,Real Estate,2024-11-23 22:00:00,0.7839999794960022,0.7839999794960022,0.7730000019073486,0.781000018119812,0.781000018119812,3094881
AIFI.CA,Real Estate,2024-11-24 22:00:00,0.781000018119812,0.7850000262260437,0.7699999809265137,0.7789999842643738,0.7789999842643738,9626811
AIFI.CA,Real Estate,2024-11-25 22:00:00,0.7789999842643738,0.7799999713897705,0.7639999985694885,0.7689999938011169,0.7689999938011169,5144956
AIFI.CA,Real Estate,2024-11-26 22:00:00,0.7689999938011169,0.8180000185966492,0.765999972820282,0.8080000281333923,0.8080000281333923,5190041
AIFI.CA,Real Estate,2024-11-27 22:00:00,0.8080000281333923,0.9150000214576721,0.8090000152587891,0.824999988079071,0.824999988079071,22833672
AIFI.CA,Real Estate,2024-11-30 22:00:00,0.824999988079071,0.8500000238418579,0.8119999766349792,0.8270000219345093,0.8270000219345093,4531679
AIFI.CA,Real Estate,2024-12-01 22:00:00,0.8270000219345093,0.9399999976158142,0.8270000219345093,0.8809999823570251,0.8809999823570251,30445473
AIFI.CA,Real Estate,2024-12-02 22:00:00,0.8809999823570251,0.9190000295639038,0.8700000047683716,0.878000020980835,0.878000020980835,5797846
AIFI.CA,Real Estate,2024-12-03 22:00:00,0.878000020980835,0.9679999947547913,0.8769999742507935,0.9290000200271606,0.9290000200271606,22862457
AIFI.CA,Real Estate,2024-12-04 22:00:00,0.9290000200271606,1.024999976158142,0.9359999895095825,1.0110000371932983,1.0110000371932983,49436451
AIFI.CA,Real Estate,2024-12-07 22:00:00,1.0110000371932983,1.2100000381469727,1.0299999713897705,1.2100000381469727,1.2100000381469727,52454452
AIFI.CA,Real Estate,2024-12-08 22:00:00,1.2100000381469727,1.2699999809265137,1.0499999523162842,1.0499999523162842,1.0499999523162842,62264124
AIFI.CA,Real Estate,2024-12-09 22:00:00,1.0499999523162842,1.2200000286102295,1.0399999618530273,1.159999966621399,1.159999966621399,53366544
AIFI.CA,Real Estate,2024-12-10 22:00:00,1.159999966621399,1.2300000190734863,1.100000023841858,1.1299999952316284,1.1299999952316284,38911879
AIFI.CA,Real Estate,2024-12-11 22:00:00,1.1299999952316284,1.159999966621399,1.0800000429153442,1.100000023841858,1.100000023841858,21973821
AIFI.CA,Real Estate,2024-12-14 22:00:00,1.100000023841858,1.159999966621399,1.059999942779541,1.090000033378601,1.090000033378601,21569755
AIFI.CA,Real Estate,2024-12-15 22:00:00,1.090000033378601,1.1299999952316284,1.059999942779541,1.0800000429153442,1.0800000429153442,19423914
AIFI.CA,Real Estate,2024-12-16 22:00:00,1.0800000429153442,1.100000023841858,1.0399999618530273,1.0499999523162842,1.0499999523162842,11111843
AIFI.CA,Real Estate,2024-12-17 22:00:00,1.0499999523162842,1.0700000524520874,0.9900000095367432,1.0099999904632568,1.0099999904632568,16478132
AIFI.CA,Real Estate,2024-12-18 22:00:00,1.0099999904632568,1.0299999713897705,0.9800000190734863,1.0199999809265137,1.0199999809265137,11444002
AIFI.CA,Real Estate,2024-12-21 22:00:00,1.0199999809265137,1.090000033378601,1.0199999809265137,1.0299999713897705,1.0299999713897705,18183181
AIFI.CA,Real Estate,2024-12-22 22:00:00,1.0299999713897705,1.0700000524520874,1.0099999904632568,1.0399999618530273,1.0399999618530273,19225389
AIFI.CA,Real Estate,2024-12-23 22:00:00,1.0399999618530273,1.059999942779541,1.0199999809265137,1.0299999713897705,1.0299999713897705,9951798
AIFI.CA,Real Estate,2024-12-24 22:00:00,1.0299999713897705,1.059999942779541,1.0199999809265137,1.0199999809265137,1.0199999809265137,7951930
AIFI.CA,Real Estate,2024-12-25 22:00:00,1.0199999809265137,1.0299999713897705,1.0099999904632568,1.0099999904632568,1.0099999904632568,5594692
AIFI.CA,Real Estate,2024-12-28 22:00:00,1.0099999904632568,1.0299999713897705,1.0,1.0,1.0,8562233
AIFI.CA,Real Estate,2024-12-29 22:00:00,1.0,1.0199999809265137,0.9599999785423279,1.0,1.0,8043903
AIFI.CA,Real Estate,2024-12-30 22:00:00,1.0,1.190000057220459,0.949999988079071,1.1299999952316284,1.1299999952316284,46527141
AIFI.CA,Real Estate,2025-01-01 22:00:00,1.1299999952316284,1.149999976158142,1.1100000143051147,1.1200000047683716,1.1200000047683716,12779199
AIFI.CA,Real Estate,2025-01-04 22:00:00,1.1200000047683716,1.2000000476837158,1.100000023841858,1.190000057220459,1.190000057220459,34807574
AIFI.CA,Real Estate,2025-01-05 22:00:00,1.190000057220459,1.2400000095367432,1.1699999570846558,1.1799999475479126,1.1799999475479126,34298806
AIFI.CA,Real Estate,2025-01-07 22:00:00,1.1799999475479126,1.2899999618530273,1.190000057220459,1.2400000095367432,1.2400000095367432,45826882
AIFI.CA,Real Estate,2025-01-08 22:00:00,1.2400000095367432,1.309999942779541,1.2300000190734863,1.25,1.25,39843834
AIFI.CA,Real Estate,2025-01-11 22:00:00,1.25,1.25,1.1799999475479126,1.1799999475479126,1.1799999475479126,39151560
AIFI.CA,Real Estate,2025-01-12 22:00:00,1.1799999475479126,1.2300000190734863,1.0800000429153442,1.1299999952316284,1.1299999952316284,28218641
AIFI.CA,Real Estate,2025-01-13 22:00:00,1.1299999952316284,1.159999966621399,1.0700000524520874,1.149999976158142,1.149999976158142,17705148
AIFI.CA,Real Estate,2025-01-14 22:00:00,1.149999976158142,1.1799999475479126,1.1399999856948853,1.149999976158142,1.149999976158142,9598388
AIFI.CA,Real Estate,2025-01-15 22:00:00,1.149999976158142,1.2200000286102295,1.149999976158142,1.2000000476837158,1.2000000476837158,18393812
AIFI.CA,Real Estate,2025-01-18 22:00:00,1.149999976158142,1.25,1.149999976158142,1.2200000286102295,1.2200000286102295,33968794
AIFI.CA,Real Estate,2025-01-19 22:00:00,1.190000057220459,1.2300000190734863,1.190000057220459,1.190000057220459,1.190000057220459,11692966
AIFI.CA,Real Estate,2025-01-20 22:00:00,1.190000057220459,1.2699999809265137,1.190000057220459,1.2599999904632568,1.2599999904632568,28780011
AIFI.CA,Real Estate,2025-01-21 22:00:00,1.2599999904632568,1.2999999523162842,1.2300000190734863,1.2300000190734863,1.2300000190734863,19222550
AIFI.CA,Real Estate,2025-01-22 22:00:00,1.2300000190734863,1.2599999904632568,1.2000000476837158,1.2100000381469727,1.2100000381469727,9292472
AIFI.CA,Real Estate,2025-01-25 22:00:00,1.2100000381469727,1.25,1.190000057220459,1.2000000476837158,1.2000000476837158,6424797
AIFI.CA,Real Estate,2025-01-26 22:00:00,1.2000000476837158,1.2300000190734863,1.149999976158142,1.149999976158142,1.149999976158142,10232602
AIFI.CA,Real Estate,2025-01-27 22:00:00,1.149999976158142,1.2000000476837158,1.1399999856948853,1.159999966621399,1.159999966621399,14886683
AIFI.CA,Real Estate,2025-01-28 22:00:00,1.159999966621399,1.1799999475479126,1.1399999856948853,1.149999976158142,1.149999976158142,7586516
AIFI.CA,Real Estate,2025-01-29 22:00:00,1.149999976158142,1.1699999570846558,1.1299999952316284,1.1299999952316284,1.1299999952316284,6704091
AIFI.CA,Real Estate,2025-02-01 22:00:00,1.1299999952316284,1.149999976158142,1.090000033378601,1.100000023841858,1.100000023841858,6942232
AIFI.CA,Real Estate,2025-02-02 22:00:00,1.100000023841858,1.1100000143051147,1.0800000429153442,1.100000023841858,1.100000023841858,6426337
AIFI.CA,Real Estate,2025-02-03 22:00:00,1.100000023841858,1.1799999475479126,1.1100000143051147,1.159999966621399,1.159999966621399,10601969
AIFI.CA,Real Estate,2025-02-04 22:00:00,1.159999966621399,1.1699999570846558,1.1299999952316284,1.1299999952316284,1.1299999952316284,6524518
AIFI.CA,Real Estate,2025-02-05 22:00:00,1.1299999952316284,1.149999976158142,1.1200000047683716,1.1299999952316284,1.1299999952316284,3523150
AIFI.CA,Real Estate,2025-02-08 22:00:00,1.1299999952316284,1.1699999570846558,1.1299999952316284,1.1399999856948853,1.1399999856948853,7168240
AIFI.CA,Real Estate,2025-02-09 22:00:00,1.1399999856948853,1.159999966621399,1.1100000143051147,1.1200000047683716,1.1200000047683716,3852608
AIFI.CA,Real Estate,2025-02-10 22:00:00,1.1200000047683716,1.1399999856948853,1.090000033378601,1.090000033378601,1.090000033378601,4472522
AIFI.CA,Real Estate,2025-02-11 22:00:00,1.090000033378601,1.100000023841858,1.059999942779541,1.090000033378601,1.090000033378601,4487985
AIFI.CA,Real Estate,2025-02-12 22:00:00,1.090000033378601,1.159999966621399,1.100000023841858,1.159999966621399,1.159999966621399,12025026
AIFI.CA,Real Estate,2025-02-15 22:00:00,1.159999966621399,1.2200000286102295,1.159999966621399,1.1799999475479126,1.1799999475479126,11082760
AIFI.CA,Real Estate,2025-02-16 22:00:00,1.1799999475479126,1.25,1.190000057220459,1.2200000286102295,1.2200000286102295,13517165
AIFI.CA,Real Estate,2025-02-17 22:00:00,1.2200000286102295,1.2300000190734863,1.190000057220459,1.2200000286102295,1.2200000286102295,5316856
AIFI.CA,Real Estate,2025-02-18 22:00:00,1.2200000286102295,1.25,1.2200000286102295,1.2200000286102295,1.2200000286102295,8093602
AIFI.CA,Real Estate,2025-02-19 22:00:00,1.2200000286102295,1.2699999809265137,1.2200000286102295,1.25,1.25,16604649
AIFI.CA,Real Estate,2025-02-22 22:00:00,1.25,1.2799999713897705,1.25,1.2599999904632568,1.2599999904632568,8804426
AIFI.CA,Real Estate,2025-02-23 22:00:00,1.2599999904632568,1.3300000429153442,1.2699999809265137,1.2699999809265137,1.2699999809265137,19701080
AIFI.CA,Real Estate,2025-02-24 22:00:00,1.2699999809265137,1.2899999618530273,1.25,1.2599999904632568,1.2599999904632568,4249428
AIFI.CA,Real Estate,2025-02-25 22:00:00,1.2599999904632568,1.2699999809265137,1.25,1.25,1.25,2507692
AIFI.CA,Real Estate,2025-02-26 22:00:00,1.25,1.2999999523162842,1.2100000381469727,1.25,1.25,11587326
AIFI.CA,Real Estate,2025-03-01 22:00:00,1.25,1.2699999809265137,1.2400000095367432,1.25,1.25,956875
AIFI.CA,Real Estate,2025-03-02 22:00:00,1.25,1.309999942779541,1.25,1.2799999713897705,1.2799999713897705,10991333
AIFI.CA,Real Estate,2025-03-03 22:00:00,1.2799999713897705,1.3799999952316284,1.2799999713897705,1.3200000524520874,1.3200000524520874,21330810
AIFI.CA,Real Estate,2025-03-04 22:00:00,1.3200000524520874,1.350000023841858,1.309999942779541,1.3300000429153442,1.3300000429153442,8330569
AIFI.CA,Real Estate,2025-03-05 22:00:00,1.3300000429153442,1.3700000047683716,1.3200000524520874,1.3200000524520874,1.3200000524520874,7930690
AIFI.CA,Real Estate,2025-03-08 22:00:00,1.3200000524520874,1.4299999475479126,1.340000033378601,1.4199999570846558,1.4199999570846558,21493239
AIFI.CA,Real Estate,2025-03-09 22:00:00,1.4199999570846558,1.4600000381469727,1.409999966621399,1.4500000476837158,1.4500000476837158,11126788
AIFI.CA,Real Estate,2025-03-10 22:00:00,1.4500000476837158,1.600000023841858,1.4199999570846558,1.5299999713897705,1.5299999713897705,23156080
AIFI.CA,Real Estate,2025-03-11 22:00:00,1.5299999713897705,1.5399999618530273,1.4900000095367432,1.5,1.5,6644514
AIFI.CA,Real Estate,2025-03-12 22:00:00,1.5,1.5399999618530273,1.4900000095367432,1.5099999904632568,1.5099999904632568,5518852
AIFI.CA,Real Estate,2025-03-15 22:00:00,1.5099999904632568,1.6200000047683716,1.5099999904632568,1.5499999523162842,1.5499999523162842,6716676
AIFI.CA,Real Estate,2025-03-16 22:00:00,1.5499999523162842,1.590000033378601,1.5399999618530273,1.5399999618530273,1.5399999618530273,5085338
AIFI.CA,Real Estate,2025-03-17 22:00:00,1.5399999618530273,1.5700000524520874,1.5299999713897705,1.5399999618530273,1.5399999618530273,3421654
AIFI.CA,Real Estate,2025-03-18 22:00:00,1.5399999618530273,1.649999976158142,1.5299999713897705,1.5800000429153442,1.5800000429153442,9005493
AIFI.CA,Real Estate,2025-03-19 22:00:00,1.5800000429153442,1.6299999952316284,1.5700000524520874,1.6299999952316284,1.6299999952316284,6348256
AIFI.CA,Real Estate,2025-03-22 22:00:00,1.6299999952316284,1.7300000190734863,1.6200000047683716,1.659999966621399,1.659999966621399,5861762
AIFI.CA,Real Estate,2025-03-23 22:00:00,1.659999966621399,1.7400000095367432,1.659999966621399,1.7000000476837158,1.7000000476837158,9774359
AIFI.CA,Real Estate,2025-03-24 22:00:00,1.7000000476837158,1.7599999904632568,1.6699999570846558,1.6799999475479126,1.6799999475479126,12044267
AIFI.CA,Real Estate,2025-03-25 22:00:00,1.6799999475479126,1.7100000381469727,1.659999966621399,1.6799999475479126,1.6799999475479126,4243316
AIFI.CA,Real Estate,2025-03-26 22:00:00,1.6799999475479126,1.7300000190734863,1.649999976158142,1.690000057220459,1.690000057220459,6790321
AIFI.CA,Real Estate,2025-04-02 22:00:00,1.690000057220459,1.7000000476837158,1.559999942779541,1.659999966621399,1.659999966621399,2534970
AIFI.CA,Real Estate,2025-04-05 22:00:00,1.659999966621399,1.6200000047683716,1.5299999713897705,1.590000033378601,1.590000033378601,4366768
AIFI.CA,Real Estate,2025-04-06 22:00:00,1.590000033378601,1.6100000143051147,1.5399999618530273,1.600000023841858,1.600000023841858,3743662
AIFI.CA,Real Estate,2025-04-07 22:00:00,1.600000023841858,1.6399999856948853,1.5800000429153442,1.600000023841858,1.600000023841858,2581712
AIFI.CA,Real Estate,2025-04-08 22:00:00,1.600000023841858,1.600000023841858,1.5,1.5099999904632568,1.5099999904632568,5093277
AIFI.CA,Real Estate,2025-04-09 22:00:00,1.5099999904632568,1.600000023841858,1.5199999809265137,1.5199999809265137,1.5199999809265137,4465753
AIFI.CA,Real Estate,2025-04-12 22:00:00,1.5199999809265137,1.5499999523162842,1.5099999904632568,1.5299999713897705,1.5299999713897705,1694238
AIFI.CA,Real Estate,2025-04-13 22:00:00,1.5299999713897705,1.590000033378601,1.5299999713897705,1.5800000429153442,1.5800000429153442,4895211
AIFI.CA,Real Estate,2025-04-14 22:00:00,1.5800000429153442,1.590000033378601,1.5299999713897705,1.5399999618530273,1.5399999618530273,2636371
AIFI.CA,Real Estate,2025-04-15 22:00:00,1.5399999618530273,1.559999942779541,1.5099999904632568,1.5299999713897705,1.5299999713897705,1233408
AIFI.CA,Real Estate,2025-04-16 22:00:00,1.5299999713897705,1.5700000524520874,1.5099999904632568,1.5199999809265137,1.5199999809265137,2157915
AIFI.CA,Real Estate,2025-04-21 22:00:00,1.5199999809265137,1.5399999618530273,1.5099999904632568,1.5399999618530273,1.5399999618530273,947156
AIFI.CA,Real Estate,2025-04-22 22:00:00,1.5399999618530273,1.590000033378601,1.5099999904632568,1.5800000429153442,1.5800000429153442,3017373
AIFI.CA,Real Estate,2025-04-26 21:00:00,1.5800000429153442,1.600000023841858,1.559999942779541,1.5700000524520874,1.5700000524520874,1195352
AIFI.CA,Real Estate,2025-04-27 21:00:00,1.5700000524520874,1.6799999475479126,1.5499999523162842,1.6299999952316284,1.6299999952316284,4072111
AIFI.CA,Real Estate,2025-04-28 21:00:00,1.6299999952316284,1.7000000476837158,1.5800000429153442,1.590000033378601,1.590000033378601,8206540
AIFI.CA,Real Estate,2025-04-29 21:00:00,1.590000033378601,1.6200000047683716,1.5800000429153442,1.5800000429153442,1.5800000429153442,2845369
AIFI.CA,Real Estate,2025-05-03 21:00:00,1.5800000429153442,1.600000023841858,1.559999942779541,1.5700000524520874,1.5700000524520874,4798204
AIFI.CA,Real Estate,2025-05-04 21:00:00,1.5700000524520874,1.6100000143051147,1.5499999523162842,1.559999942779541,1.559999942779541,5858082
AIFI.CA,Real Estate,2025-05-05 21:00:00,1.559999942779541,1.5700000524520874,1.5299999713897705,1.5399999618530273,1.5399999618530273,3330922
AIFI.CA,Real Estate,2025-05-06 21:00:00,1.5399999618530273,1.5800000429153442,1.5199999809265137,1.559999942779541,1.559999942779541,6756718
AIFI.CA,Real Estate,2025-05-07 21:00:00,1.559999942779541,1.6200000047683716,1.5499999523162842,1.6200000047683716,1.6200000047683716,8762331
AIFI.CA,Real Estate,2025-05-10 21:00:00,1.6200000047683716,1.6799999475479126,1.6299999952316284,1.659999966621399,1.659999966621399,10079421
AIFI.CA,Real Estate,2025-05-11 21:00:00,1.659999966621399,1.6799999475479126,1.6399999856948853,1.649999976158142,1.649999976158142,3501945
AIFI.CA,Real Estate,2025-05-12 21:00:00,1.649999976158142,1.6699999570846558,1.6399999856948853,1.649999976158142,1.649999976158142,2906997
AIFI.CA,Real Estate,2025-05-13 21:00:00,1.649999976158142,1.75,1.649999976158142,1.7200000286102295,1.7200000286102295,20413589
AIFI.CA,Real Estate,2025-05-14 21:00:00,1.7200000286102295,1.9500000476837158,1.7400000095367432,1.840000033378601,1.840000033378601,14484094
AIFI.CA,Real Estate,2025-05-17 21:00:00,1.840000033378601,1.8799999952316284,1.7899999618530273,1.7899999618530273,1.7899999618530273,4794911
AIFI.CA,Real Estate,2025-05-18 21:00:00,1.7899999618530273,1.840000033378601,1.7799999713897705,1.8200000524520874,1.8200000524520874,5856613
AIFI.CA,Real Estate,2025-05-19 21:00:00,1.8200000524520874,1.8899999856948853,1.7999999523162842,1.8700000047683716,1.8700000047683716,7407493
AIFI.CA,Real Estate,2025-05-20 21:00:00,1.8700000047683716,1.8700000047683716,1.809999942779541,1.8200000524520874,1.8200000524520874,3365729
AIFI.CA,Real Estate,2025-05-21 21:00:00,1.8200000524520874,1.850000023841858,1.7899999618530273,1.7999999523162842,1.7999999523162842,2192518
AIFI.CA,Real Estate,2025-05-24 21:00:00,1.7999999523162842,1.8200000524520874,1.7799999713897705,1.7899999618530273,1.7899999618530273,3564946
AIFI.CA,Real Estate,2025-05-25 21:00:00,1.7899999618530273,1.8600000143051147,1.7799999713897705,1.809999942779541,1.809999942779541,9092725
AIFI.CA,Real Estate,2025-05-26 21:00:00,1.809999942779541,1.8600000143051147,1.8200000524520874,1.8300000429153442,1.8300000429153442,3767439
AIFI.CA,Real Estate,2025-05-27 21:00:00,1.8300000429153442,1.850000023841858,1.7999999523162842,1.809999942779541,1.809999942779541,2330768
AIFI.CA,Real Estate,2025-05-28 21:00:00,1.809999942779541,1.8300000429153442,1.7999999523162842,1.8300000429153442,1.8300000429153442,2006274
AIFI.CA,Real Estate,2025-05-31 21:00:00,1.8300000429153442,1.840000033378601,1.7799999713897705,1.809999942779541,1.809999942779541,3448475
AIFI.CA,Real Estate,2025-06-01 21:00:00,1.809999942779541,1.840000033378601,1.809999942779541,1.840000033378601,1.840000033378601,2926991
AIFI.CA,Real Estate,2025-06-02 21:00:00,1.840000033378601,1.8899999856948853,1.850000023841858,1.8600000143051147,1.8600000143051147,6484557
AIFI.CA,Real Estate,2025-06-03 21:00:00,1.8600000143051147,1.9500000476837158,1.8600000143051147,1.9199999570846558,1.9199999570846558,11024263
AIFI.CA,Real Estate,2025-06-09 21:00:00,1.9199999570846558,1.9500000476837158,1.909999966621399,1.909999966621399,1.909999966621399,6092129
AIFI.CA,Real Estate,2025-06-10 21:00:00,1.909999966621399,1.9600000381469727,1.8799999952316284,1.9500000476837158,1.9500000476837158,4163813
AIFI.CA,Real Estate,2025-06-11 21:00:00,1.9500000476837158,1.9900000095367432,1.909999966621399,1.940000057220459,1.940000057220459,7854247
AIFI.CA,Real Estate,2025-06-14 21:00:00,1.940000057220459,1.899999976158142,1.659999966621399,1.809999942779541,1.809999942779541,3929817
AIFI.CA,Real Estate,2025-06-15 21:00:00,1.809999942779541,1.8600000143051147,1.7799999713897705,1.809999942779541,1.809999942779541,2471406
AIFI.CA,Real Estate,2025-06-16 21:00:00,1.809999942779541,1.8300000429153442,1.7200000286102295,1.7999999523162842,1.7999999523162842,8545856
AIFI.CA,Real Estate,2025-06-17 21:00:00,1.7999999523162842,1.7899999618530273,1.7100000381469727,1.75,1.75,1297359
AIFI.CA,Real Estate,2025-06-18 21:00:00,1.75,1.7999999523162842,1.7200000286102295,1.7899999618530273,1.7899999618530273,1244195
AIFI.CA,Real Estate,2025-06-21 21:00:00,1.7899999618530273,1.7999999523162842,1.7200000286102295,1.7599999904632568,1.7599999904632568,4205879
AIFI.CA,Real Estate,2025-06-22 21:00:00,1.7599999904632568,1.7999999523162842,1.7599999904632568,1.7999999523162842,1.7999999523162842,3780692
AIFI.CA,Real Estate,2025-06-23 21:00:00,1.7999999523162842,1.8700000047683716,1.8200000524520874,1.8300000429153442,1.8300000429153442,3956510
AIFI.CA,Real Estate,2025-06-24 21:00:00,1.8300000429153442,1.9299999475479126,1.8300000429153442,1.8899999856948853,1.8899999856948853,11641631
AIFI.CA,Real Estate,2025-06-28 21:00:00,1.8899999856948853,1.940000057220459,1.8899999856948853,1.8899999856948853,1.8899999856948853,5191858
AIFI.CA,Real Estate,2025-06-29 21:00:00,1.8899999856948853,2.0399999618530273,1.909999966621399,2.0399999618530273,2.0399999618530273,15809185
AIFI.CA,Real Estate,2025-06-30 21:00:00,2.0399999618530273,2.0199999809265137,1.9199999570846558,1.9299999475479126,1.9299999475479126,10624163
AIFI.CA,Real Estate,2025-07-01 21:00:00,1.9299999475479126,1.9600000381469727,1.9299999475479126,1.9500000476837158,1.9500000476837158,3775422
AIFI.CA,Real Estate,2025-07-05 21:00:00,1.9500000476837158,1.9600000381469727,1.909999966621399,1.9199999570846558,1.9199999570846558,1402490
AIFI.CA,Real Estate,2025-07-06 21:00:00,1.9199999570846558,1.9600000381469727,1.9199999570846558,1.9500000476837158,1.9500000476837158,1770387
AIFI.CA,Real Estate,2025-07-08 21:00:00,1.9500000476837158,1.9800000190734863,1.8799999952316284,1.9700000286102295,1.9700000286102295,5051008
AIFI.CA,Real Estate,2025-07-09 21:00:00,1.9700000286102295,1.9900000095367432,1.940000057220459,1.9500000476837158,1.9500000476837158,3970537
AIFI.CA,Real Estate,2025-07-12 21:00:00,1.9500000476837158,2.0299999713897705,1.9600000381469727,1.9900000095367432,1.9900000095367432,7070043
AIFI.CA,Real Estate,2025-07-13 21:00:00,1.9900000095367432,2.109999895095825,1.9800000190734863,2.0999999046325684,2.0999999046325684,8628387
AIFI.CA,Real Estate,2025-07-14 21:00:00,2.0999999046325684,2.130000114440918,2.0799999237060547,2.0899999141693115,2.0899999141693115,5753207
AIFI.CA,Real Estate,2025-07-15 21:00:00,2.0899999141693115,2.119999885559082,2.059999942779541,2.069999933242798,2.069999933242798,5165693
AIFI.CA,Real Estate,2025-07-16 21:00:00,2.069999933242798,2.1700000762939453,2.069999933242798,2.130000114440918,2.130000114440918,8744081
AIFI.CA,Real Estate,2025-07-19 21:00:00,2.130000114440918,2.140000104904175,2.0799999237060547,2.0999999046325684,2.0999999046325684,2887037
AIFI.CA,Real Estate,2025-07-20 21:00:00,2.0999999046325684,2.180000066757202,2.0999999046325684,2.140000104904175,2.140000104904175,9502113
AIFI.CA,Real Estate,2025-07-21 21:00:00,2.140000104904175,2.140000104904175,2.0899999141693115,2.0899999141693115,2.0899999141693115,4767431
AIFI.CA,Real Estate,2025-07-22 21:00:00,2.0899999141693115,2.0899999141693115,2.0899999141693115,2.0899999141693115,2.0899999141693115,0
AIFI.CA,Real Estate,2025-07-26 21:00:00,2.059999942779541,2.0899999141693115,2.049999952316284,2.049999952316284,2.049999952316284,2132754
AIFI.CA,Real Estate,2025-07-27 21:00:00,2.049999952316284,2.200000047683716,2.069999933242798,2.190000057220459,2.190000057220459,30523608
AIFI.CA,Real Estate,2025-07-28 21:00:00,2.190000057220459,2.390000104904175,2.200000047683716,2.380000114440918,2.380000114440918,22449428
AIFI.CA,Real Estate,2025-07-29 21:00:00,2.380000114440918,2.390000104904175,2.1700000762939453,2.2100000381469727,2.2100000381469727,4588638
AIFI.CA,Real Estate,2025-07-30 21:00:00,2.2100000381469727,2.319999933242798,2.2200000286102295,2.319999933242798,2.319999933242798,3683477
AIFI.CA,Real Estate,2025-08-02 21:00:00,2.319999933242798,2.319999933242798,2.319999933242798,2.319999933242798,2.319999933242798,0
AIFI.CA,Real Estate,2025-08-03 21:00:00,2.319999933242798,2.319999933242798,2.319999933242798,2.319999933242798,2.319999933242798,0
AIFI.CA,Real Estate,2025-08-04 21:00:00,2.319999933242798,2.319999933242798,2.319999933242798,2.319999933242798,2.319999933242798,0
AIFI.CA,Real Estate,2025-08-05 21:00:00,2.319999933242798,2.319999933242798,2.319999933242798,2.319999933242798,2.319999933242798,0
AIFI.CA,Real Estate,2025-08-06 21:00:00,2.319999933242798,2.319999933242798,2.319999933242798,2.319999933242798,2.319999933242798,0
AIFI.CA,Real Estate,2025-08-09 21:00:00,2.1700000762939453,2.2300000190734863,2.1600000858306885,2.1700000762939453,2.1700000762939453,2355819
AIFI.CA,Real Estate,2025-08-10 21:00:00,2.1700000762939453,2.190000057220459,2.140000104904175,2.1600000858306885,2.1600000858306885,3591197
AIFI.CA,Real Estate,2025-08-11 21:00:00,2.1600000858306885,2.180000066757202,2.140000104904175,2.1500000953674316,2.1500000953674316,1181147
AIFI.CA,Real Estate,2025-08-12 21:00:00,2.1500000953674316,2.259999990463257,2.130000114440918,2.25,2.25,11834395
AIFI.CA,Real Estate,2025-08-13 21:00:00,2.25,2.259999990463257,2.1600000858306885,2.1700000762939453,2.1700000762939453,8633841
AIFI.CA,Real Estate,2025-08-16 21:00:00,2.1700000762939453,2.190000057220459,2.0799999237060547,2.0999999046325684,2.0999999046325684,8703407
AIFI.CA,Real Estate,2025-08-17 21:00:00,2.0999999046325684,2.0999999046325684,2.059999942779541,2.059999942779541,2.059999942779541,6184836
AIFI.CA,Real Estate,2025-08-18 21:00:00,2.059999942779541,2.0999999046325684,2.059999942779541,2.069999933242798,2.069999933242798,4788947
AIFI.CA,Real Estate,2025-08-19 21:00:00,2.069999933242798,2.0999999046325684,2.0399999618530273,2.049999952316284,2.049999952316284,1779606
AIFI.CA,Real Estate,2025-08-20 21:00:00,2.049999952316284,2.1500000953674316,2.0399999618530273,2.109999895095825,2.109999895095825,8500208
AIFI.CA,Real Estate,2025-08-23 21:00:00,2.109999895095825,2.1500000953674316,2.059999942779541,2.0799999237060547,2.0799999237060547,6497735
AIFI.CA,Real Estate,2025-08-24 21:00:00,2.0799999237060547,2.0999999046325684,2.049999952316284,2.049999952316284,2.049999952316284,2558113
AIFI.CA,Real Estate,2025-08-25 21:00:00,2.049999952316284,2.069999933242798,1.840000033378601,2.0399999618530273,2.0399999618530273,2234391
AIFI.CA,Real Estate,2025-08-26 21:00:00,2.0399999618530273,2.069999933242798,2.0,2.059999942779541,2.059999942779541,2989230
AIFI.CA,Real Estate,2025-08-27 21:00:00,2.059999942779541,2.069999933242798,2.0,2.0199999809265137,2.0199999809265137,3936984
AIFI.CA,Real Estate,2025-08-30 21:00:00,2.0199999809265137,2.0399999618530273,1.9700000286102295,1.9700000286102295,1.9700000286102295,3784468
AIFI.CA,Real Estate,2025-08-31 21:00:00,1.9700000286102295,2.0999999046325684,1.940000057220459,2.009999990463257,2.009999990463257,5144065
AIFI.CA,Real Estate,2025-09-01 21:00:00,2.009999990463257,2.049999952316284,2.0,2.0,2.0,2966813
AIFI.CA,Real Estate,2025-09-02 21:00:00,2.0,2.0199999809265137,1.940000057220459,1.9500000476837158,1.9500000476837158,3342081
AIFI.CA,Real Estate,2025-09-06 21:00:00,1.9500000476837158,1.9900000095367432,1.9299999475479126,1.9299999475479126,1.9299999475479126,1750954
AIFI.CA,Real Estate,2025-09-07 21:00:00,1.9299999475479126,1.9600000381469727,1.899999976158142,1.909999966621399,1.909999966621399,2042205
AIFI.CA,Real Estate,2025-09-08 21:00:00,1.909999966621399,2.0199999809265137,1.899999976158142,1.9700000286102295,1.9700000286102295,10104131
AIFI.CA,Real Estate,2025-09-09 21:00:00,1.9700000286102295,1.9700000286102295,1.909999966621399,1.940000057220459,1.940000057220459,2851583
AIFI.CA,Real Estate,2025-09-10 21:00:00,1.940000057220459,1.9800000190734863,1.9299999475479126,1.9299999475479126,1.9299999475479126,1080454
AIFI.CA,Real Estate,2025-09-13 21:00:00,1.9299999475479126,1.9700000286102295,1.9199999570846558,1.9299999475479126,1.9299999475479126,1104912
AIFI.CA,Real Estate,2025-09-14 21:00:00,1.9299999475479126,1.940000057220459,1.8899999856948853,1.899999976158142,1.899999976158142,3794959
AIFI.CA,Real Estate,2025-09-15 21:00:00,1.899999976158142,1.909999966621399,1.7899999618530273,1.809999942779541,1.809999942779541,2636927
AIFI.CA,Real Estate,2025-09-16 21:00:00,1.809999942779541,1.840000033378601,1.75,1.7799999713897705,1.7799999713897705,2376932
AIFI.CA,Real Estate,2025-09-17 21:00:00,1.7799999713897705,1.809999942779541,1.7699999809265137,1.7999999523162842,1.7999999523162842,1427159
AIFI.CA,Real Estate,2025-09-20 21:00:00,1.7999999523162842,1.840000033378601,1.75,1.7999999523162842,1.7999999523162842,1646228
AIFI.CA,Real Estate,2025-09-21 21:00:00,1.7999999523162842,1.9800000190734863,1.7799999713897705,1.8899999856948853,1.8899999856948853,15723673
AIFI.CA,Real Estate,2025-09-22 21:00:00,1.8899999856948853,1.940000057220459,1.8700000047683716,1.8700000047683716,1.8700000047683716,5206240
AIFI.CA,Real Estate,2025-09-23 21:00:00,1.8700000047683716,1.9600000381469727,1.8700000047683716,1.909999966621399,1.909999966621399,26822766
AIFI.CA,Real Estate,2025-09-24 21:00:00,1.909999966621399,1.9199999570846558,1.8700000047683716,1.899999976158142,1.899999976158142,5009237
AIFI.CA,Real Estate,2025-09-27 21:00:00,1.899999976158142,1.9299999475479126,1.850000023841858,1.8600000143051147,1.8600000143051147,2544122
AIFI.CA,Real Estate,2025-09-28 21:00:00,1.8600000143051147,1.899999976158142,1.850000023841858,1.8799999952316284,1.8799999952316284,2275646
AIFI.CA,Real Estate,2025-09-29 21:00:00,1.8799999952316284,1.9199999570846558,1.8700000047683716,1.8700000047683716,1.8700000047683716,4882865
AIFI.CA,Real Estate,2025-09-30 21:00:00,1.8700000047683716,1.899999976158142,1.8200000524520874,1.8200000524520874,1.8200000524520874,1613052
AIFI.CA,Real Estate,2025-10-01 21:00:00,1.8200000524520874,1.8799999952316284,1.809999942779541,1.809999942779541,1.809999942779541,1864613
AIFI.CA,Real Estate,2025-10-04 21:00:00,1.809999942779541,1.850000023841858,1.7999999523162842,1.7999999523162842,1.7999999523162842,1712145
AIFI.CA,Real Estate,2025-10-05 21:00:00,1.7999999523162842,1.8300000429153442,1.7899999618530273,1.7899999618530273,1.7899999618530273,2416298
AIFI.CA,Real Estate,2025-10-06 21:00:00,1.7899999618530273,1.8600000143051147,1.7999999523162842,1.7999999523162842,1.7999999523162842,4817505
AIFI.CA,Real Estate,2025-10-07 21:00:00,1.7999999523162842,1.909999966621399,1.7699999809265137,1.909999966621399,1.909999966621399,13208024
AIFI.CA,Real Estate,2025-10-11 21:00:00,1.909999966621399,1.9199999570846558,1.850000023841858,1.850000023841858,1.850000023841858,2546837
AIFI.CA,Real Estate,2025-10-12 21:00:00,1.850000023841858,1.899999976158142,1.850000023841858,1.8799999952316284,1.8799999952316284,1434542
AIFI.CA,Real Estate,2025-10-13 21:00:00,1.8799999952316284,1.899999976158142,1.840000033378601,1.840000033378601,1.840000033378601,1947576
AIFI.CA,Real Estate,2025-10-14 21:00:00,1.840000033378601,1.8700000047683716,1.809999942779541,1.8300000429153442,1.8300000429153442,921368
AIFI.CA,Real Estate,2025-10-15 21:00:00,1.8300000429153442,1.8700000047683716,1.8200000524520874,1.8300000429153442,1.8300000429153442,2085527
AIFI.CA,Real Estate,2025-10-18 21:00:00,1.8300000429153442,1.850000023841858,1.809999942779541,1.8200000524520874,1.8200000524520874,2974430
AIFI.CA,Real Estate,2025-10-19 21:00:00,1.8200000524520874,1.850000023841858,1.809999942779541,1.8200000524520874,1.8200000524520874,2776811
AIFI.CA,Real Estate,2025-10-20 21:00:00,1.8200000524520874,1.850000023841858,1.7799999713897705,1.8300000429153442,1.8300000429153442,7179266
AIFI.CA,Real Estate,2025-10-21 21:00:00,1.8300000429153442,1.840000033378601,1.7999999523162842,1.8200000524520874,1.8200000524520874,1906988
AIFI.CA,Real Estate,2025-10-22 21:00:00,1.8200000524520874,1.8300000429153442,1.7999999523162842,1.7999999523162842,1.7999999523162842,2032224
AIFI.CA,Real Estate,2025-10-25 21:00:00,1.7999999523162842,1.840000033378601,1.7999999523162842,1.840000033378601,1.840000033378601,1896726
AIFI.CA,Real Estate,2025-10-26 21:00:00,1.840000033378601,1.850000023841858,1.8200000524520874,1.8200000524520874,1.8200000524520874,1579610
AIFI.CA,Real Estate,2025-10-27 21:00:00,1.8200000524520874,1.8799999952316284,1.809999942779541,1.850000023841858,1.850000023841858,3429850
AIFI.CA,Real Estate,2025-10-28 21:00:00,1.850000023841858,1.8799999952316284,1.840000033378601,1.840000033378601,1.840000033378601,1616988
AIFI.CA,Real Estate,2025-10-29 21:00:00,1.840000033378601,1.9500000476837158,1.8200000524520874,1.8799999952316284,1.8799999952316284,9819145
AIFI.CA,Real Estate,2025-11-01 22:00:00,1.8799999952316284,1.9500000476837158,1.8899999856948853,1.9299999475479126,1.9299999475479126,4072532
AIFI.CA,Real Estate,2025-11-02 22:00:00,1.9299999475479126,1.9500000476837158,1.899999976158142,1.899999976158142,1.899999976158142,1636484
AIFI.CA,Real Estate,2025-11-03 22:00:00,1.899999976158142,1.9299999475479126,1.8600000143051147,1.8799999952316284,1.8799999952316284,1134331
AIFI.CA,Real Estate,2025-11-04 22:00:00,1.8799999952316284,1.899999976158142,1.8700000047683716,1.8899999856948853,1.8899999856948853,1142110
AIFI.CA,Real Estate,2025-11-05 22:00:00,1.8899999856948853,1.909999966621399,1.850000023841858,1.850000023841858,1.850000023841858,3393878
AIFI.CA,Real Estate,2025-11-08 22:00:00,1.850000023841858,1.909999966621399,1.850000023841858,1.8899999856948853,1.8899999856948853,2110622
AIFI.CA,Real Estate,2025-11-09 22:00:00,1.8899999856948853,1.899999976158142,1.8600000143051147,1.8700000047683716,1.8700000047683716,857101
AIFI.CA,Real Estate,2025-11-10 22:00:00,1.8700000047683716,1.8899999856948853,1.840000033378601,1.850000023841858,1.850000023841858,845028
AIFI.CA,Real Estate,2025-11-11 22:00:00,1.850000023841858,1.8899999856948853,1.8300000429153442,1.8700000047683716,1.8700000047683716,3043702
AIFI.CA,Real Estate,2025-11-12 22:00:00,1.8700000047683716,2.0999999046325684,1.8600000143051147,2.0199999809265137,2.0199999809265137,24390777
AIFI.CA,Real Estate,2025-11-15 22:00:00,2.0199999809265137,2.0999999046325684,2.0,2.049999952316284,2.049999952316284,7358851
AIFI.CA,Real Estate,2025-11-16 22:00:00,2.049999952316284,2.069999933242798,2.0199999809265137,2.0299999713897705,2.0299999713897705,2596272
AIFI.CA,Real Estate,2025-11-17 22:00:00,2.0299999713897705,2.190000057220459,2.0199999809265137,2.0999999046325684,2.0999999046325684,27286324
AIFI.CA,Real Estate,2025-11-18 22:00:00,2.0999999046325684,2.309999942779541,2.140000104904175,2.299999952316284,2.299999952316284,25623834
AIFI.CA,Real Estate,2025-11-19 22:00:00,2.299999952316284,2.3299999237060547,2.2699999809265137,2.309999942779541,2.309999942779541,7094081
AIFI.CA,Real Estate,2025-11-22 22:00:00,2.309999942779541,2.380000114440918,2.299999952316284,2.299999952316284,2.299999952316284,5193038
AIFI.CA,Real Estate,2025-11-23 22:00:00,2.299999952316284,2.319999933242798,2.259999990463257,2.2799999713897705,2.2799999713897705,7564701
AIFI.CA,Real Estate,2025-11-24 22:00:00,2.2799999713897705,2.319999933242798,2.259999990463257,2.299999952316284,2.299999952316284,2229288
AIFI.CA,Real Estate,2025-11-25 22:00:00,2.299999952316284,2.3499999046325684,2.25,2.25,2.25,3716911
AIFI.CA,Real Estate,2025-11-26 22:00:00,2.25,2.319999933242798,2.240000009536743,2.299999952316284,2.299999952316284,4320661
AIFI.CA,Real Estate,2025-11-29 22:00:00,2.299999952316284,2.549999952316284,2.259999990463257,2.5,2.5,21318390
AIFI.CA,Real Estate,2025-11-30 22:00:00,2.5,2.619999885559082,2.4800000190734863,2.5799999237060547,2.5799999237060547,15213277
AIFI.CA,Real Estate,2025-12-01 22:00:00,2.5799999237060547,2.640000104904175,2.5399999618530273,2.609999895095825,2.609999895095825,3647447
AIFI.CA,Real Estate,2025-12-02 22:00:00,2.609999895095825,2.7300000190734863,2.5799999237060547,2.690000057220459,2.690000057220459,6091557
AIFI.CA,Real Estate,2025-12-03 22:00:00,2.690000057220459,2.9000000953674316,2.690000057220459,2.890000104904175,2.890000104904175,14647097
AIFI.CA,Real Estate,2025-12-06 22:00:00,2.890000104904175,3.0999999046325684,2.869999885559082,3.0,3.0,18269744
AIFI.CA,Real Estate,2025-12-07 22:00:00,3.0,3.0199999809265137,2.8299999237060547,2.890000104904175,2.890000104904175,11393914
AIFI.CA,Real Estate,2025-12-08 22:00:00,2.890000104904175,2.9600000381469727,2.9000000953674316,2.9100000858306885,2.9100000858306885,7278187
AIFI.CA,Real Estate,2025-12-09 22:00:00,2.9100000858306885,2.9700000286102295,2.9100000858306885,2.950000047683716,2.950000047683716,6252036
AIFI.CA,Real Estate,2025-12-10 22:00:00,2.950000047683716,2.9800000190734863,2.9200000762939453,2.9700000286102295,2.9700000286102295,8891260
AIFI.CA,Real Estate,2025-12-13 22:00:00,2.9700000286102295,3.049999952316284,2.9200000762939453,2.9800000190734863,2.9800000190734863,8379494
AIFI.CA,Real Estate,2025-12-14 22:00:00,2.9800000190734863,3.0999999046325684,2.9000000953674316,2.9000000953674316,2.9000000953674316,11934686
AIFI.CA,Real Estate,2025-12-15 22:00:00,2.9000000953674316,2.930000066757202,2.8499999046325684,2.869999885559082,2.869999885559082,6999272
AIFI.CA,Real Estate,2025-12-16 22:00:00,2.869999885559082,2.950000047683716,2.8399999141693115,2.9200000762939453,2.9200000762939453,1954647
AIFI.CA,Real Estate,2025-12-17 22:00:00,2.9200000762939453,2.950000047683716,2.869999885559082,2.890000104904175,2.890000104904175,1564319
AIFI.CA,Real Estate,2025-12-20 22:00:00,2.890000104904175,2.950000047683716,2.859999895095825,2.9000000953674316,2.9000000953674316,2692497
AIFI.CA,Real Estate,2025-12-21 22:00:00,2.9000000953674316,2.9600000381469727,2.880000114440918,2.950000047683716,2.950000047683716,3818466
AIFI.CA,Real Estate,2025-12-22 22:00:00,2.950000047683716,3.0399999618530273,2.9200000762939453,2.990000009536743,2.990000009536743,4894733
AIFI.CA,Real Estate,2025-12-23 22:00:00,2.990000009536743,3.240000009536743,3.069999933242798,3.2300000190734863,3.2300000190734863,16984157
AIFI.CA,Real Estate,2025-12-24 22:00:00,3.2300000190734863,3.299999952316284,3.2100000381469727,3.2200000286102295,3.2200000286102295,10399062
AIFI.CA,Real Estate,2025-12-27 22:00:00,1.8615310192108154,1.8788739442825317,1.838405966758728,1.8730930089950562,1.8730930089950562,9545287
AIFI.CA,Real Estate,2025-12-28 22:00:00,1.8730930089950562,2.0176219940185547,1.867311954498291,1.9655909538269043,1.9655909538269043,33089209
AIFI.CA,Real Estate,2025-12-29 22:00:00,1.9655909538269043,1.9829349517822266,1.9424669742584229,1.9598100185394287,1.9598100185394287,10156772
AIFI.CA,Real Estate,2025-12-30 22:00:00,1.9598100185394287,2.1043388843536377,1.9713720083236694,2.0696520805358887,2.0696520805358887,21983058
AIFI.CA,Real Estate,2026-01-03 22:00:00,2.0696520805358887,2.0580899715423584,1.9424669742584229,2.0234029293060303,2.0234029293060303,22271525
AIFI.CA,Real Estate,2026-01-04 22:00:00,2.0230000019073486,2.2300000190734863,2.0399999618530273,2.059999942779541,2.059999942779541,19312130
AIFI.CA,Real Estate,2026-01-05 22:00:00,2.059999942779541,2.2799999713897705,2.0899999141693115,2.25,2.25,37593040
AIFI.CA,Real Estate,2026-01-07 22:00:00,2.25,2.25,2.0799999237060547,2.0999999046325684,2.0999999046325684,15418243
AIFI.CA,Real Estate,2026-01-10 22:00:00,2.0999999046325684,2.0999999046325684,1.940000057220459,2.059999942779541,2.059999942779541,12533279
AIFI.CA,Real Estate,2026-01-11 22:00:00,2.059999942779541,2.1500000953674316,2.069999933242798,2.0899999141693115,2.0899999141693115,11075955
AIFI.CA,Real Estate,2026-01-12 22:00:00,2.0899999141693115,2.109999895095825,2.0299999713897705,2.0299999713897705,2.0299999713897705,5646591
AIFI.CA,Real Estate,2026-01-13 22:00:00,2.0299999713897705,2.180000066757202,2.0299999713897705,2.130000114440918,2.130000114440918,22848555
AIFI.CA,Real Estate,2026-01-14 22:00:00,2.130000114440918,2.1500000953674316,2.069999933242798,2.0899999141693115,2.0899999141693115,8821729
AIFI.CA,Real Estate,2026-01-17 22:00:00,2.0899999141693115,2.1500000953674316,2.0999999046325684,2.109999895095825,2.109999895095825,5969643
AIFI.CA,Real Estate,2026-01-18 22:00:00,2.109999895095825,2.1500000953674316,2.0899999141693115,2.109999895095825,2.109999895095825,8923824
AIFI.CA,Real Estate,2026-01-19 22:00:00,2.109999895095825,2.25,2.109999895095825,2.2100000381469727,2.2100000381469727,19398272
AIFI.CA,Real Estate,2026-01-20 22:00:00,2.2100000381469727,2.4000000953674316,2.2699999809265137,2.380000114440918,2.380000114440918,43423870
AIFI.CA,Real Estate,2026-01-21 22:00:00,2.380000114440918,2.4600000381469727,2.25,2.25,2.25,84235079
AIFI.CA,Real Estate,2026-01-24 22:00:00,2.25,2.2699999809265137,2.119999885559082,2.140000104904175,2.140000104904175,29705610
AIFI.CA,Real Estate,2026-01-25 22:00:00,2.140000104904175,2.1700000762939453,2.0799999237060547,2.119999885559082,2.119999885559082,8069231
AIFI.CA,Real Estate,2026-01-26 22:00:00,2.119999885559082,2.140000104904175,2.069999933242798,2.069999933242798,2.069999933242798,5350182
AIFI.CA,Real Estate,2026-01-27 22:00:00,2.069999933242798,2.140000104904175,1.9600000381469727,1.9900000095367432,1.9900000095367432,9718534
AIFI.CA,Real Estate,2026-01-31 22:00:00,1.9900000095367432,2.059999942779541,1.9700000286102295,2.0,2.0,3205627
AIFI.CA,Real Estate,2026-02-01 22:00:00,2.0,2.009999990463257,1.9800000190734863,1.9900000095367432,1.9900000095367432,7230670
AIFI.CA,Real Estate,2026-02-02 22:00:00,1.9900000095367432,2.069999933242798,1.9500000476837158,2.0299999713897705,2.0299999713897705,16632555
AIFI.CA,Real Estate,2026-02-03 22:00:00,2.0299999713897705,2.069999933242798,2.009999990463257,2.0399999618530273,2.0399999618530273,6917390
AIFI.CA,Real Estate,2026-02-04 22:00:00,2.0399999618530273,2.059999942779541,1.9900000095367432,2.0199999809265137,2.0199999809265137,7137135
AIFI.CA,Real Estate,2026-02-07 22:00:00,2.0199999809265137,2.049999952316284,1.9900000095367432,2.0,2.0,7456894
AIFI.CA,Real Estate,2026-02-08 22:00:00,2.0,2.0399999618530273,1.9700000286102295,2.0399999618530273,2.0399999618530273,7848146
AIFI.CA,Real Estate,2026-02-09 22:00:00,2.0399999618530273,2.059999942779541,1.9900000095367432,2.0199999809265137,2.0199999809265137,9210732
AIFI.CA,Real Estate,2026-02-10 22:00:00,2.0199999809265137,2.0299999713897705,1.9900000095367432,1.9900000095367432,1.9900000095367432,3333996
AIFI.CA,Real Estate,2026-02-11 22:00:00,1.9900000095367432,2.0799999237060547,1.9800000190734863,2.069999933242798,2.069999933242798,6164257
AIFI.CA,Real Estate,2026-02-14 22:00:00,2.069999933242798,2.069999933242798,2.009999990463257,2.009999990463257,2.009999990463257,9376844
AIFI.CA,Real Estate,2026-02-15 22:00:00,2.009999990463257,2.059999942779541,1.9900000095367432,2.0,2.0,6558352
AIFI.CA,Real Estate,2026-02-16 22:00:00,2.0,2.0199999809265137,1.940000057220459,1.9700000286102295,1.9700000286102295,7622991
AIFI.CA,Real Estate,2026-02-17 22:00:00,1.9700000286102295,1.9800000190734863,1.9299999475479126,1.9700000286102295,1.9700000286102295,6163836
AIFI.CA,Real Estate,2026-02-18 22:00:00,1.9700000286102295,1.9700000286102295,1.909999966621399,1.909999966621399,1.909999966621399,2149958
AIFI.CA,Real Estate,2026-02-21 22:00:00,1.909999966621399,1.899999976158142,1.600000023841858,1.7999999523162842,1.7999999523162842,4826993
AIFI.CA,Real Estate,2026-02-22 22:00:00,1.7999999523162842,1.8700000047683716,1.7999999523162842,1.8600000143051147,1.8600000143051147,1512336
AIFI.CA,Real Estate,2026-02-23 22:00:00,1.8600000143051147,1.8700000047683716,1.7599999904632568,1.7799999713897705,1.7799999713897705,5768837
AIFI.CA,Real Estate,2026-02-24 22:00:00,1.7799999713897705,1.7899999618530273,1.649999976158142,1.659999966621399,1.659999966621399,3940644
AIFI.CA,Real Estate,2026-02-25 22:00:00,1.659999966621399,1.7000000476837158,1.6200000047683716,1.659999966621399,1.659999966621399,2328671
AIFI.CA,Real Estate,2026-02-28 22:00:00,1.659999966621399,1.600000023841858,1.4500000476837158,1.5800000429153442,1.5800000429153442,2643469
AIFI.CA,Real Estate,2026-03-01 22:00:00,1.5800000429153442,1.7699999809265137,1.5499999523162842,1.7300000190734863,1.7300000190734863,8957163
AIFI.CA,Real Estate,2026-03-02 22:00:00,1.7300000190734863,1.75,1.6299999952316284,1.6799999475479126,1.6799999475479126,4073572
AIFI.CA,Real Estate,2026-03-03 22:00:00,1.6799999475479126,1.7000000476837158,1.659999966621399,1.6799999475479126,1.6799999475479126,1390859
AIFI.CA,Real Estate,2026-03-04 22:00:00,1.6799999475479126,1.7300000190734863,1.690000057220459,1.7000000476837158,1.7000000476837158,2609174
AIFI.CA,Real Estate,2026-03-07 22:00:00,1.7000000476837158,1.7300000190734863,1.6699999570846558,1.6799999475479126,1.6799999475479126,1372072
AIFI.CA,Real Estate,2026-03-08 22:00:00,1.6799999475479126,1.7100000381469727,1.6699999570846558,1.690000057220459,1.690000057220459,1377990
AIFI.CA,Real Estate,2026-03-09 22:00:00,1.690000057220459,1.8200000524520874,1.6799999475479126,1.75,1.75,4038225
AIFI.CA,Real Estate,2026-03-10 22:00:00,1.75,1.8200000524520874,1.7599999904632568,1.7699999809265137,1.7699999809265137,5335843
AIFI.CA,Real Estate,2026-03-11 22:00:00,1.7699999809265137,1.7899999618530273,1.7400000095367432,1.7400000095367432,1.7400000095367432,2201530
AIFI.CA,Real Estate,2026-03-14 22:00:00,1.7400000095367432,1.7699999809265137,1.7200000286102295,1.7400000095367432,1.7400000095367432,1612294
AIFI.CA,Real Estate,2026-03-15 22:00:00,1.7400000095367432,1.75,1.690000057220459,1.7000000476837158,1.7000000476837158,1821335
AIFI.CA,Real Estate,2026-03-16 22:00:00,1.7000000476837158,1.7400000095367432,1.6699999570846558,1.6799999475479126,1.6799999475479126,2305611
AIFI.CA,Real Estate,2026-03-17 22:00:00,1.6799999475479126,1.7100000381469727,1.6799999475479126,1.690000057220459,1.690000057220459,1358766
AIFI.CA,Real Estate,2026-03-18 22:00:00,1.690000057220459,1.690000057220459,1.690000057220459,1.690000057220459,1.690000057220459,0
AIFI.CA,Real Estate,2026-03-23 22:00:00,1.690000057220459,1.7000000476837158,1.6699999570846558,1.6699999570846558,1.6699999570846558,2079001
AIFI.CA,Real Estate,2026-03-24 22:00:00,1.6699999570846558,1.690000057220459,1.659999966621399,1.659999966621399,1.659999966621399,2424126
AIFI.CA,Real Estate,2026-03-25 22:00:00,1.659999966621399,1.690000057220459,1.6100000143051147,1.6799999475479126,1.6799999475479126,3926288
AIFI.CA,Real Estate,2026-03-28 22:00:00,1.6799999475479126,1.6799999475479126,1.6200000047683716,1.6299999952316284,1.6299999952316284,3287794
AIFI.CA,Real Estate,2026-03-29 22:00:00,1.6299999952316284,1.659999966621399,1.6200000047683716,1.649999976158142,1.649999976158142,2771148
AIFI.CA,Real Estate,2026-03-30 22:00:00,1.649999976158142,1.6799999475479126,1.6399999856948853,1.6699999570846558,1.6699999570846558,4785589
AIFI.CA,Real Estate,2026-03-31 22:00:00,1.6699999570846558,1.6699999570846558,1.6399999856948853,1.649999976158142,1.649999976158142,1397695
AIFI.CA,Real Estate,2026-04-01 22:00:00,1.649999976158142,1.6699999570846558,1.6399999856948853,1.649999976158142,1.649999976158142,1409182
AIFI.CA,Real Estate,2026-04-04 22:00:00,1.649999976158142,1.7200000286102295,1.6299999952316284,1.7100000381469727,1.7100000381469727,7690158
AIFI.CA,Real Estate,2026-04-05 22:00:00,1.7100000381469727,1.7300000190734863,1.6699999570846558,1.6699999570846558,1.6699999570846558,6592767
AIFI.CA,Real Estate,2026-04-06 22:00:00,1.6699999570846558,1.7100000381469727,1.659999966621399,1.6799999475479126,1.6799999475479126,2244329
AIFI.CA,Real Estate,2026-04-07 22:00:00,1.6799999475479126,1.7000000476837158,1.6699999570846558,1.6799999475479126,1.6799999475479126,3570569
AIFI.CA,Real Estate,2026-04-08 22:00:00,1.6799999475479126,1.690000057220459,1.659999966621399,1.659999966621399,1.659999966621399,3165058
AIFI.CA,Real Estate,2026-04-13 22:00:00,1.659999966621399,1.6699999570846558,1.6200000047683716,1.6299999952316284,1.6299999952316284,6469962
AIFI.CA,Real Estate,2026-04-14 22:00:00,1.6299999952316284,1.649999976158142,1.6200000047683716,1.6299999952316284,1.6299999952316284,6982071
AIFI.CA,Real Estate,2026-04-15 22:00:00,1.6299999952316284,1.75,1.6100000143051147,1.6799999475479126,1.6799999475479126,22940902
AIFI.CA,Real Estate,2026-04-18 22:00:00,1.6799999475479126,1.7100000381469727,1.690000057220459,1.690000057220459,1.690000057220459,4451694
AIFI.CA,Real Estate,2026-04-19 22:00:00,1.690000057220459,1.7599999904632568,1.690000057220459,1.7200000286102295,1.7200000286102295,8716111
AIFI.CA,Real Estate,2026-04-20 22:00:00,1.7200000286102295,1.7699999809265137,1.7200000286102295,1.75,1.75,7326265
AIFI.CA,Real Estate,2026-04-21 22:00:00,1.75,1.7999999523162842,1.690000057220459,1.7699999809265137,1.7699999809265137,14179972
AIFI.CA,Real Estate,2026-04-22 22:00:00,1.7699999809265137,1.809999942779541,1.7300000190734863,1.7999999523162842,1.7999999523162842,8197287
AIFI.CA,Real Estate,2026-04-25 21:00:00,1.7999999523162842,1.8799999952316284,1.7799999713897705,1.840000033378601,1.840000033378601,36375213
AIFI.CA,Real Estate,2026-04-26 21:00:00,1.840000033378601,1.8799999952316284,1.8300000429153442,1.840000033378601,1.840000033378601,10800594
AIFI.CA,Real Estate,2026-04-27 21:00:00,1.840000033378601,1.8600000143051147,1.809999942779541,1.8200000524520874,1.8200000524520874,5763772
AIFI.CA,Real Estate,2026-04-28 21:00:00,1.8200000524520874,1.8300000429153442,1.7699999809265137,1.7899999618530273,1.7899999618530273,9182030
AIFI.CA,Real Estate,2026-04-29 21:00:00,1.7899999618530273,1.7999999523162842,1.7599999904632568,1.7599999904632568,1.7599999904632568,5570864
AIFI.CA,Real Estate,2026-05-02 21:00:00,1.7599999904632568,1.7699999809265137,1.7200000286102295,1.7599999904632568,1.7599999904632568,7553392
AIFI.CA,Real Estate,2026-05-03 21:00:00,1.7599999904632568,1.7699999809265137,1.7200000286102295,1.7200000286102295,1.7200000286102295,6111993
AIFI.CA,Real Estate,2026-05-04 21:00:00,1.7200000286102295,1.7300000190734863,1.6799999475479126,1.7200000286102295,1.7200000286102295,5786213
AIFI.CA,Real Estate,2026-05-05 21:00:00,1.7200000286102295,1.7400000095367432,1.7000000476837158,1.7400000095367432,1.7400000095367432,4628015
AIFI.CA,Real Estate,2026-05-09 21:00:00,1.7400000095367432,1.75,1.690000057220459,1.7100000381469727,1.7100000381469727,13101993
AIFI.CA,Real Estate,2026-05-10 21:00:00,1.7100000381469727,1.7000000476837158,1.649999976158142,1.690000057220459,1.690000057220459,26360280
AIFI.CA,Real Estate,2026-05-11 21:00:00,1.690000057220459,1.8200000524520874,1.6799999475479126,1.809999942779541,1.809999942779541,41568433
AIFI.CA,Real Estate,2026-05-12 21:00:00,1.809999942779541,1.9299999475479126,1.7899999618530273,1.9199999570846558,1.9199999570846558,39258455
AIFI.CA,Real Estate,2026-05-13 21:00:00,1.9199999570846558,1.9700000286102295,1.8600000143051147,1.8700000047683716,1.8700000047683716,31729710
AIFI.CA,Real Estate,2026-05-16 21:00:00,1.8700000047683716,1.899999976158142,1.809999942779541,1.8300000429153442,1.8300000429153442,18262875
AIFI.CA,Real Estate,2026-05-17 21:00:00,1.8300000429153442,1.8300000429153442,1.7400000095367432,1.7400000095367432,1.7400000095367432,15418544
AIFI.CA,Real Estate,2026-05-18 21:00:00,1.7400000095367432,1.8300000429153442,1.75,1.7899999618530273,1.7899999618530273,10952021
AIFI.CA,Real Estate,2026-05-19 21:00:00,1.7899999618530273,1.809999942779541,1.75,1.7599999904632568,1.7599999904632568,6895711
AIFI.CA,Real Estate,2026-05-20 21:00:00,1.7599999904632568,1.7699999809265137,1.7100000381469727,1.75,1.75,3271830
AIFI.CA,Real Estate,2026-05-23 21:00:00,1.75,1.7799999713897705,1.7300000190734863,1.7400000095367432,1.7400000095367432,4054082
AIFI.CA,Real Estate,2026-05-24 21:00:00,1.7400000095367432,1.7699999809265137,1.7300000190734863,1.7599999904632568,1.7599999904632568,5143419
AIFI.CA,Real Estate,2026-05-25 21:00:00,1.7599999904632568,1.7599999904632568,1.7599999904632568,1.7599999904632568,1.7599999904632568,0
AIFI.CA,Real Estate,2026-05-26 21:00:00,1.7599999904632568,1.7599999904632568,1.7599999904632568,1.7599999904632568,1.7599999904632568,0
AIFI.CA,Real Estate,2026-05-27 21:00:00,1.7599999904632568,1.7599999904632568,1.7599999904632568,1.7599999904632568,1.7599999904632568,0
AIFI.CA,Real Estate,2026-05-30 21:00:00,1.7599999904632568,1.7599999904632568,1.7599999904632568,1.7599999904632568,1.7599999904632568,0
AIFI.CA,Real Estate,2026-05-31 21:00:00,1.7599999904632568,1.7899999618530273,1.75,1.7699999809265137,1.7699999809265137,5957531
AIFI.CA,Real Estate,2026-06-01 21:00:00,1.7699999809265137,1.7899999618530273,1.7599999904632568,1.7699999809265137,1.7699999809265137,11644931
AIFI.CA,Real Estate,2026-06-02 21:00:00,1.7699999809265137,1.8600000143051147,1.75,1.850000023841858,1.850000023841858,38543332
AIFI.CA,Real Estate,2026-06-03 21:00:00,1.850000023841858,1.8899999856948853,1.8300000429153442,1.8300000429153442,1.8300000429153442,20761167
AIFI.CA,Real Estate,2026-06-06 21:00:00,1.8300000429153442,1.9199999570846558,1.840000033378601,1.8600000143051147,1.8600000143051147,20719326
AIFI.CA,Real Estate,2026-06-07 21:00:00,1.8600000143051147,1.850000023841858,1.8200000524520874,1.8300000429153442,1.8300000429153442,8133994
AIFI.CA,Real Estate,2026-06-08 21:00:00,1.8300000429153442,1.909999966621399,1.850000023841858,1.909999966621399,1.909999966621399,15931155
AIFI.CA,Real Estate,2026-06-09 21:00:00,1.909999966621399,1.9500000476837158,1.8200000524520874,1.8300000429153442,1.8300000429153442,13454760
AIFI.CA,Real Estate,2026-06-10 21:00:00,1.8300000429153442,1.9199999570846558,1.7699999809265137,1.8700000047683716,1.8700000047683716,22692696
AIFI.CA,Real Estate,2026-06-13 21:00:00,1.8700000047683716,2.0,1.8799999952316284,1.9800000190734863,1.9800000190734863,19545921
AIFI.CA,Real Estate,2026-06-14 21:00:00,1.9800000190734863,2.009999990463257,1.9500000476837158,1.9500000476837158,1.9500000476837158,17417876
AIFI.CA,Real Estate,2026-06-15 21:00:00,1.9500000476837158,2.0399999618530273,1.940000057220459,2.0,2.0,16605694
AIFI.CA,Real Estate,2026-06-16 21:00:00,2.0,2.0,2.0,2.0,2.0,0
AIFI.CA,Real Estate,2026-06-17 21:00:00,2.0,2.0,2.0,2.0,2.0,0
AIFI.CA,Real Estate,2026-06-20 21:00:00,1.9800000190734863,2.059999942779541,1.9800000190734863,2.0299999713897705,2.0299999713897705,10965022
AIFI.CA,Real Estate,2026-06-21 21:00:00,2.0299999713897705,2.0299999713897705,2.0299999713897705,2.0299999713897705,2.0299999713897705,0
AIFI.CA,Real Estate,2026-06-22 21:00:00,2.009999990463257,2.009999990463257,1.9500000476837158,2.0,2.0,6993846
AIFI.CA,Real Estate,2026-06-23 21:00:00,2.0,2.0,1.9600000381469727,2.0,2.0,8437303
AIFI.CA,Real Estate,2026-06-24 21:00:00,2.0,2.0399999618530273,1.8600000143051147,2.0299999713897705,2.0299999713897705,6708341
AIFI.CA,Real Estate,2026-06-27 21:00:00,2.0299999713897705,2.059999942779541,1.9800000190734863,1.9900000095367432,1.9900000095367432,7295427
AIFI.CA,Real Estate,2026-06-28 21:00:00,1.9900000095367432,2.009999990463257,1.9600000381469727,1.9800000190734863,1.9800000190734863,3744323
AIFI.CA,Real Estate,2026-06-29 21:00:00,1.9800000190734863,2.059999942779541,1.9800000190734863,2.049999952316284,2.049999952316284,9117036
AIFI.CA,Real Estate,2026-06-30 21:00:00,2.049999952316284,2.049999952316284,2.009999990463257,2.0199999809265137,2.0199999809265137,4466949
AIFI.CA,Real Estate,2026-07-04 21:00:00,2.0199999809265137,2.0399999618530273,2.0,2.009999990463257,2.009999990463257,4527445
AIFI.CA,Real Estate,2026-07-05 21:00:00,2.009999990463257,2.0999999046325684,2.0,2.0999999046325684,2.0999999046325684,21887074
AIFI.CA,Real Estate,2026-07-06 21:00:00,2.0999999046325684,2.119999885559082,2.059999942779541,2.069999933242798,2.069999933242798,8778591
AIFI.CA,Real Estate,2026-07-07 21:00:00,2.069999933242798,2.0799999237060547,2.0299999713897705,2.049999952316284,2.049999952316284,6610518
AIFI.CA,Real Estate,2026-07-08 21:00:00,2.049999952316284,2.0999999046325684,2.0299999713897705,2.0799999237060547,2.0799999237060547,5892286
AIFI.CA,Real Estate,2026-07-11 21:00:00,2.0799999237060547,2.0899999141693115,2.049999952316284,2.069999933242798,2.069999933242798,5487585
AIFI.CA,Real Estate,2026-07-12 21:00:00,2.069999933242798,2.140000104904175,2.049999952316284,2.130000114440918,2.130000114440918,17018731
AIFI.CA,Real Estate,2026-07-13 21:00:00,2.130000114440918,2.130000114440918,2.0999999046325684,2.119999885559082,2.119999885559082,7213907
AIFI.CA,Real Estate,2026-07-14 21:00:00,2.119999885559082,2.1700000762939453,2.109999895095825,2.1600000858306885,2.1600000858306885,10883807
AIFI.CA,Real Estate,2026-07-15 21:00:00,2.1600000858306885,2.240000009536743,2.130000114440918,2.240000009536743,2.240000009536743,15729069
AIFI.CA,Real Estate,2026-07-18 21:00:00,2.240000009536743,2.2300000190734863,2.180000066757202,2.190000057220459,2.190000057220459,6494354
AIFI.CA,Real Estate,2026-07-19 21:00:00,2.190000057220459,2.200000047683716,2.1500000953674316,2.1500000953674316,2.1500000953674316,5109037
AIFI.CA,Real Estate,2026-07-20 21:00:00,2.1500000953674316,2.1600000858306885,2.0999999046325684,2.130000114440918,2.130000114440918,5198324
AIFI.CA,Real Estate,2026-07-21 21:00:00,2.130000114440918,2.2699999809265137,2.130000114440918,2.2300000190734863,2.2300000190734863,36028679
AIFI.CA,Real Estate,2026-07-25 21:00:00,2.2300000190734863,2.2799999713897705,2.200000047683716,2.200000047683716,2.200000047683716,10690947
AIFI.CA,Real Estate,2026-07-26 21:00:00,2.200000047683716,2.25,2.200000047683716,2.2100000381469727,2.2100000381469727,3807939
AIFI.CA,Real Estate,2026-07-27 21:00:00,2.2100000381469727,2.2300000190734863,2.1600000858306885,2.1700000762939453,2.1700000762939453,3010287
AIFI.CA,Real Estate,2026-07-28 21:00:00,2.1700000762939453,2.190000057220459,2.0899999141693115,2.1700000762939453,2.1700000762939453,6882269
AIFI.CA,Real Estate,2026-07-29 21:00:00,2.1700000762939453,2.1700000762939453,2.0899999141693115,2.1600000858306885,2.1600000858306885,20097676
AIFI.CA,Real Estate,2026-08-01 21:00:00,2.1600000858306885,2.180000066757202,2.130000114440918,2.180000066757202,2.180000066757202,6392687
AIFI.CA,Real Estate,2026-08-02 21:00:00,2.180000066757202,2.240000009536743,2.1500000953674316,2.190000057220459,2.190000057220459,17886577
AIFI.CA,Real Estate,2026-08-03 21:00:00,2.190000057220459,2.200000047683716,2.1500000953674316,2.1600000858306885,2.1600000858306885,6135110
AIFI.CA,Real Estate,2026-08-04 21:00:00,2.1600000858306885,2.2100000381469727,2.1600000858306885,2.180000066757202,2.180000066757202,6540614
AIFI.CA,Real Estate,2026-08-05 21:00:00,2.180000066757202,2.2100000381469727,2.1600000858306885,2.1700000762939453,2.1700000762939453,2097580
