symbol,sector,raw_date_utc,open,high,low,close,adj_close,volume
CIRA.CA,Real Estate,2022-01-01 22:00:00,13.609999656677246,13.609999656677246,13.300000190734863,13.489999771118164,12.484150886535645,151113
CIRA.CA,Real Estate,2022-01-02 22:00:00,13.489999771118164,13.649999618530273,13.300000190734863,13.369999885559082,12.373099327087402,1740251
CIRA.CA,Real Estate,2022-01-03 22:00:00,13.369999885559082,13.890000343322754,13.399999618530273,13.819999694824219,12.789546012878418,161608
CIRA.CA,Real Estate,2022-01-04 22:00:00,13.819999694824219,13.819999694824219,13.420000076293945,13.5600004196167,12.548932075500488,24480
CIRA.CA,Real Estate,2022-01-08 22:00:00,13.5600004196167,13.5600004196167,13.5600004196167,13.5600004196167,12.548932075500488,0
CIRA.CA,Real Estate,2022-01-09 22:00:00,13.479999542236328,13.760000228881836,13.329999923706055,13.479999542236328,12.474897384643555,2583
CIRA.CA,Real Estate,2022-01-10 22:00:00,13.479999542236328,13.800000190734863,13.270000457763672,13.300000190734863,12.308319091796875,401803
CIRA.CA,Real Estate,2022-01-11 22:00:00,13.300000190734863,13.640000343322754,13.199999809265137,13.300000190734863,12.308319091796875,38764
CIRA.CA,Real Estate,2022-01-12 22:00:00,13.300000190734863,13.600000381469727,13.039999961853027,13.34000015258789,12.345335960388184,838022
CIRA.CA,Real Estate,2022-01-15 22:00:00,13.34000015258789,13.5,13.100000381469727,13.130000114440918,12.150994300842285,1266083
CIRA.CA,Real Estate,2022-01-16 22:00:00,13.130000114440918,13.600000381469727,13.0,13.300000190734863,12.308319091796875,314357
CIRA.CA,Real Estate,2022-01-17 22:00:00,13.300000190734863,14.180000305175781,13.020000457763672,14.0,12.956124305725098,296774
CIRA.CA,Real Estate,2022-01-18 22:00:00,14.0,13.979999542236328,13.199999809265137,13.399999618530273,12.400860786437988,745971
CIRA.CA,Real Estate,2022-01-19 22:00:00,13.399999618530273,13.59000015258789,13.25,13.489999771118164,12.484150886535645,252563
CIRA.CA,Real Estate,2022-01-22 22:00:00,13.489999771118164,13.489999771118164,13.149999618530273,13.489999771118164,12.484150886535645,8556
CIRA.CA,Real Estate,2022-01-23 22:00:00,13.489999771118164,13.489999771118164,13.489999771118164,13.489999771118164,12.484150886535645,0
CIRA.CA,Real Estate,2022-01-24 22:00:00,13.489999771118164,13.449999809265137,13.149999618530273,13.489999771118164,12.484150886535645,7053
CIRA.CA,Real Estate,2022-01-25 22:00:00,13.489999771118164,13.449999809265137,13.0,13.489999771118164,12.484150886535645,795
CIRA.CA,Real Estate,2022-01-29 22:00:00,13.489999771118164,13.449999809265137,13.029999732971191,13.489999771118164,12.484150886535645,267
CIRA.CA,Real Estate,2022-01-30 22:00:00,13.489999771118164,13.0600004196167,13.0,13.0,12.03068733215332,130783
CIRA.CA,Real Estate,2022-01-31 22:00:00,13.0,13.270000457763672,12.399999618530273,12.630000114440918,11.688275337219238,2888694
CIRA.CA,Real Estate,2022-02-01 22:00:00,12.630000114440918,13.210000038146973,12.579999923706055,12.899999618530273,11.938142776489258,716241
CIRA.CA,Real Estate,2022-02-02 22:00:00,12.899999618530273,12.880000114440918,12.569999694824219,12.75,11.799327850341797,81230
CIRA.CA,Real Estate,2022-02-05 22:00:00,12.75,12.880000114440918,12.210000038146973,12.399999618530273,11.475424766540527,487659
CIRA.CA,Real Estate,2022-02-06 22:00:00,12.399999618530273,12.350000381469727,12.15999984741211,12.199999809265137,11.290336608886719,1142465
CIRA.CA,Real Estate,2022-02-07 22:00:00,12.199999809265137,12.989999771118164,12.029999732971191,12.289999961853027,11.373626708984375,510618
CIRA.CA,Real Estate,2022-02-08 22:00:00,12.289999961853027,12.59000015258789,12.020000457763672,12.140000343322754,11.234810829162598,765608
CIRA.CA,Real Estate,2022-02-09 22:00:00,12.140000343322754,12.1899995803833,12.0,12.0,11.105249404907227,60894
CIRA.CA,Real Estate,2022-02-12 22:00:00,12.0,12.0,11.760000228881836,11.770000457763672,10.892398834228516,30212
CIRA.CA,Real Estate,2022-02-13 22:00:00,11.770000457763672,12.100000381469727,11.600000381469727,11.619999885559082,10.753583908081055,89689
CIRA.CA,Real Estate,2022-02-14 22:00:00,11.619999885559082,11.989999771118164,11.609999656677246,11.710000038146973,10.836873054504395,627824
CIRA.CA,Real Estate,2022-02-15 22:00:00,11.710000038146973,12.149999618530273,11.630000114440918,11.710000038146973,10.836873054504395,23176
CIRA.CA,Real Estate,2022-02-16 22:00:00,11.710000038146973,11.800000190734863,11.800000190734863,11.710000038146973,10.836873054504395,2
CIRA.CA,Real Estate,2022-02-19 22:00:00,11.710000038146973,12.020000457763672,11.510000228881836,11.579999923706055,10.71656608581543,304354
CIRA.CA,Real Estate,2022-02-20 22:00:00,11.579999923706055,12.0,11.300000190734863,12.0,11.105249404907227,130272
CIRA.CA,Real Estate,2022-02-21 22:00:00,12.0,12.020000457763672,11.489999771118164,11.5,10.642531394958496,606289
CIRA.CA,Real Estate,2022-02-22 22:00:00,11.5,11.34000015258789,11.25,11.300000190734863,10.457443237304688,105828
CIRA.CA,Real Estate,2022-02-23 22:00:00,11.300000190734863,11.399999618530273,10.760000228881836,10.800000190734863,9.99472427368164,293957
CIRA.CA,Real Estate,2022-02-26 22:00:00,10.800000190734863,11.34000015258789,10.539999961853027,11.34000015258789,10.494461059570312,509482
CIRA.CA,Real Estate,2022-02-27 22:00:00,11.34000015258789,11.289999961853027,10.720000267028809,11.130000114440918,10.300119400024414,1956639
CIRA.CA,Real Estate,2022-02-28 22:00:00,11.130000114440918,11.270000457763672,10.800000190734863,11.050000190734863,10.22608470916748,3343871
CIRA.CA,Real Estate,2022-03-01 22:00:00,11.050000190734863,11.470000267028809,11.050000190734863,11.369999885559082,10.522223472595215,4761040
CIRA.CA,Real Estate,2022-03-02 22:00:00,11.369999885559082,11.5,11.100000381469727,11.369999885559082,10.522223472595215,20369
CIRA.CA,Real Estate,2022-03-05 22:00:00,11.369999885559082,11.460000038146973,11.029999732971191,11.369999885559082,10.522223472595215,1326
CIRA.CA,Real Estate,2022-03-06 22:00:00,11.369999885559082,11.029999732971191,10.630000114440918,10.75,9.948453903198242,321469
CIRA.CA,Real Estate,2022-03-07 22:00:00,10.75,10.75,10.75,10.75,9.948453903198242,0
CIRA.CA,Real Estate,2022-03-08 22:00:00,10.319999694824219,10.899999618530273,9.989999771118164,10.390000343322754,9.61529541015625,1690991
CIRA.CA,Real Estate,2022-03-09 22:00:00,10.390000343322754,10.390000343322754,10.0,10.09000015258789,9.337664604187012,5819635
CIRA.CA,Real Estate,2022-03-12 22:00:00,10.09000015258789,10.100000381469727,9.989999771118164,10.0,9.254375457763672,1457929
CIRA.CA,Real Estate,2022-03-13 22:00:00,10.0,10.0,9.979999542236328,9.979999542236328,9.235865592956543,873514
CIRA.CA,Real Estate,2022-03-14 22:00:00,9.979999542236328,9.800000190734863,9.510000228881836,9.5600004196167,8.847183227539062,1764869
CIRA.CA,Real Estate,2022-03-15 22:00:00,9.5600004196167,10.5,9.550000190734863,9.800000190734863,9.069287300109863,1741659
CIRA.CA,Real Estate,2022-03-16 22:00:00,9.800000190734863,10.25,9.850000381469727,9.859999656677246,9.124812126159668,1245972
CIRA.CA,Real Estate,2022-03-19 22:00:00,9.859999656677246,10.0,9.880000114440918,9.899999618530273,9.16183090209961,186063
CIRA.CA,Real Estate,2022-03-20 22:00:00,9.899999618530273,11.800000190734863,9.899999618530273,10.4399995803833,9.661566734313965,6734095
CIRA.CA,Real Estate,2022-03-21 22:00:00,10.4399995803833,10.489999771118164,9.949999809265137,10.0,9.254375457763672,1997824
CIRA.CA,Real Estate,2022-03-22 22:00:00,10.0,10.039999961853027,9.819999694824219,9.979999542236328,9.235865592956543,5305058
CIRA.CA,Real Estate,2022-03-23 22:00:00,9.979999542236328,10.149999618530273,9.850000381469727,9.979999542236328,9.235865592956543,166179
CIRA.CA,Real Estate,2022-03-26 22:00:00,9.979999542236328,9.960000038146973,9.649999618530273,9.779999732971191,9.05077838897705,641424
CIRA.CA,Real Estate,2022-03-27 22:00:00,9.779999732971191,9.869999885559082,9.649999618530273,9.699999809265137,8.9767427444458,2283570
CIRA.CA,Real Estate,2022-03-28 22:00:00,9.699999809265137,10.850000381469727,9.699999809265137,10.390000343322754,9.61529541015625,2796183
CIRA.CA,Real Estate,2022-03-29 22:00:00,10.390000343322754,11.239999771118164,10.170000076293945,10.399999618530273,9.62454891204834,1546919
CIRA.CA,Real Estate,2022-03-30 22:00:00,10.399999618530273,10.5,10.199999809265137,10.300000190734863,9.532007217407227,737327
CIRA.CA,Real Estate,2022-04-02 22:00:00,10.300000190734863,10.449999809265137,10.020000457763672,10.449999809265137,9.670821189880371,130859
CIRA.CA,Real Estate,2022-04-03 22:00:00,10.449999809265137,11.0,10.199999809265137,10.600000381469727,9.809637069702148,2170731
CIRA.CA,Real Estate,2022-04-04 22:00:00,10.600000381469727,10.699999809265137,10.5,10.520000457763672,9.735602378845215,139807
CIRA.CA,Real Estate,2022-04-05 22:00:00,10.520000457763672,10.520000457763672,10.25,10.380000114440918,9.60604190826416,1014153
CIRA.CA,Real Estate,2022-04-06 22:00:00,10.380000114440918,10.5,10.149999618530273,10.5,9.717093467712402,550839
CIRA.CA,Real Estate,2022-04-09 22:00:00,10.5,10.489999771118164,10.149999618530273,10.5,9.717093467712402,13862
CIRA.CA,Real Estate,2022-04-10 22:00:00,10.5,10.899999618530273,9.989999771118164,10.0,9.254375457763672,2098197
CIRA.CA,Real Estate,2022-04-11 22:00:00,10.0,11.0,10.010000228881836,10.899999618530273,10.087268829345703,391181
CIRA.CA,Real Estate,2022-04-12 22:00:00,10.899999618530273,11.199999809265137,10.550000190734863,10.880000114440918,10.06875991821289,195336
CIRA.CA,Real Estate,2022-04-13 22:00:00,10.880000114440918,12.600000381469727,10.800000190734863,12.0,11.105249404907227,3038694
CIRA.CA,Real Estate,2022-04-16 22:00:00,12.0,12.449999809265137,11.270000457763672,12.149999618530273,11.244064331054688,114486
CIRA.CA,Real Estate,2022-04-17 22:00:00,12.149999618530273,12.09000015258789,11.75,11.829999923706055,10.947924613952637,763874
CIRA.CA,Real Estate,2022-04-18 22:00:00,11.829999923706055,12.100000381469727,11.520000457763672,12.0,11.105249404907227,41925
CIRA.CA,Real Estate,2022-04-19 22:00:00,12.0,12.199999809265137,11.5,11.829999923706055,10.947924613952637,104161
CIRA.CA,Real Estate,2022-04-20 22:00:00,11.829999923706055,11.989999771118164,11.359999656677246,11.510000228881836,10.651785850524902,1017931
CIRA.CA,Real Estate,2022-04-25 22:00:00,11.510000228881836,13.0,11.300000190734863,11.970000267028809,11.077486991882324,1895848
CIRA.CA,Real Estate,2022-04-26 22:00:00,11.970000267028809,12.5,11.75,11.9399995803833,11.049722671508789,714693
CIRA.CA,Real Estate,2022-04-27 22:00:00,11.9399995803833,12.5,11.739999771118164,12.100000381469727,11.197793960571289,1506432
CIRA.CA,Real Estate,2022-05-07 22:00:00,12.100000381469727,12.100000381469727,11.710000038146973,12.100000381469727,11.197793960571289,10651
CIRA.CA,Real Estate,2022-05-08 22:00:00,12.100000381469727,12.800000190734863,11.800000190734863,12.0,11.105249404907227,494272
CIRA.CA,Real Estate,2022-05-09 22:00:00,12.0,12.390000343322754,11.75,11.949999809265137,11.058978080749512,144184
CIRA.CA,Real Estate,2022-05-10 22:00:00,11.949999809265137,12.5,11.710000038146973,12.0,11.105249404907227,1982332
CIRA.CA,Real Estate,2022-05-11 22:00:00,12.0,12.029999732971191,11.739999771118164,11.760000228881836,10.883145332336426,2121998
CIRA.CA,Real Estate,2022-05-14 22:00:00,11.760000228881836,12.470000267028809,11.65999984741211,11.989999771118164,11.095995903015137,464056
CIRA.CA,Real Estate,2022-05-15 22:00:00,11.989999771118164,12.0,11.800000190734863,11.800000190734863,10.920162200927734,690602
CIRA.CA,Real Estate,2022-05-16 22:00:00,11.800000190734863,12.0,11.640000343322754,12.0,11.105249404907227,2764913
CIRA.CA,Real Estate,2022-05-17 22:00:00,12.0,12.130000114440918,11.8100004196167,11.989999771118164,11.095995903015137,47533
CIRA.CA,Real Estate,2022-05-18 22:00:00,11.989999771118164,12.5,11.710000038146973,12.300000190734863,11.382881164550781,412879
CIRA.CA,Real Estate,2022-05-21 22:00:00,12.300000190734863,12.489999771118164,12.050000190734863,12.300000190734863,11.382881164550781,5589
CIRA.CA,Real Estate,2022-05-22 22:00:00,12.300000190734863,12.699999809265137,12.0600004196167,12.430000305175781,11.503188133239746,246017
CIRA.CA,Real Estate,2022-05-23 22:00:00,12.430000305175781,12.489999771118164,12.199999809265137,12.430000305175781,11.503188133239746,1866
CIRA.CA,Real Estate,2022-05-24 22:00:00,12.430000305175781,12.399999618530273,12.0,12.3100004196167,11.392134666442871,302234
CIRA.CA,Real Estate,2022-05-25 22:00:00,12.3100004196167,12.100000381469727,11.739999771118164,12.100000381469727,11.197793960571289,563768
CIRA.CA,Real Estate,2022-05-28 22:00:00,12.100000381469727,12.479999542236328,12.199999809265137,12.100000381469727,11.197793960571289,186
CIRA.CA,Real Estate,2022-05-29 22:00:00,12.100000381469727,12.75,11.899999618530273,12.010000228881836,11.11450481414795,154718
CIRA.CA,Real Estate,2022-05-30 22:00:00,12.010000228881836,12.75,11.899999618530273,12.300000190734863,11.382881164550781,656173
CIRA.CA,Real Estate,2022-05-31 22:00:00,12.300000190734863,12.640000343322754,11.819999694824219,12.079999923706055,11.179285049438477,242115
CIRA.CA,Real Estate,2022-06-01 22:00:00,12.079999923706055,12.180000305175781,11.859999656677246,12.050000190734863,11.151521682739258,91007
CIRA.CA,Real Estate,2022-06-04 22:00:00,12.050000190734863,12.050000190734863,12.050000190734863,12.050000190734863,11.151521682739258,0
CIRA.CA,Real Estate,2022-06-05 22:00:00,12.050000190734863,12.0,11.819999694824219,12.0,11.105249404907227,108752
CIRA.CA,Real Estate,2022-06-06 22:00:00,12.0,12.25,11.550000190734863,12.25,11.336609840393066,291390
CIRA.CA,Real Estate,2022-06-07 22:00:00,12.25,12.5,11.949999809265137,11.979999542236328,11.086739540100098,1352536
CIRA.CA,Real Estate,2022-06-08 22:00:00,11.979999542236328,12.260000228881836,11.9399995803833,12.0,11.105249404907227,231788
CIRA.CA,Real Estate,2022-06-11 22:00:00,12.0,12.140000343322754,11.850000381469727,11.880000114440918,10.994197845458984,137670
CIRA.CA,Real Estate,2022-06-12 22:00:00,11.880000114440918,11.899999618530273,11.699999809265137,11.699999809265137,10.827617645263672,226797
CIRA.CA,Real Estate,2022-06-13 22:00:00,11.699999809265137,12.09000015258789,11.550000190734863,11.979999542236328,11.086739540100098,463545
CIRA.CA,Real Estate,2022-06-14 22:00:00,11.979999542236328,12.119999885559082,11.850000381469727,12.0,11.105249404907227,3394384
CIRA.CA,Real Estate,2022-06-15 22:00:00,12.0,11.970000267028809,11.800000190734863,11.9399995803833,11.049722671508789,317194
CIRA.CA,Real Estate,2022-06-18 22:00:00,11.9399995803833,11.9399995803833,11.600000381469727,11.9399995803833,11.049722671508789,5030
CIRA.CA,Real Estate,2022-06-19 22:00:00,11.9399995803833,11.979999542236328,11.4399995803833,11.920000076293945,11.031214714050293,51550
CIRA.CA,Real Estate,2022-06-20 22:00:00,11.920000076293945,12.199999809265137,11.510000228881836,11.899999618530273,11.012704849243164,323296
CIRA.CA,Real Estate,2022-06-21 22:00:00,11.899999618530273,11.970000267028809,11.800000190734863,11.8100004196167,10.92941665649414,110694
CIRA.CA,Real Estate,2022-06-22 22:00:00,11.8100004196167,11.890000343322754,11.699999809265137,11.8100004196167,10.92941665649414,415
CIRA.CA,Real Estate,2022-06-25 22:00:00,11.8100004196167,11.979999542236328,11.600000381469727,11.8100004196167,10.92941665649414,425
CIRA.CA,Real Estate,2022-06-26 22:00:00,11.8100004196167,11.899999618530273,11.520000457763672,11.8100004196167,10.92941665649414,5833
CIRA.CA,Real Estate,2022-06-27 22:00:00,11.8100004196167,11.75,11.180000305175781,11.25,10.411171913146973,3963229
CIRA.CA,Real Estate,2022-06-28 22:00:00,11.25,11.489999771118164,11.210000038146973,11.25,10.411171913146973,36100
CIRA.CA,Real Estate,2022-07-02 22:00:00,11.25,11.25,10.800000190734863,11.25,10.411171913146973,4270
CIRA.CA,Real Estate,2022-07-03 22:00:00,11.25,11.180000305175781,10.279999732971191,10.550000190734863,9.763364791870117,66160
CIRA.CA,Real Estate,2022-07-04 22:00:00,10.550000190734863,10.739999771118164,10.260000228881836,10.550000190734863,9.763364791870117,12316
CIRA.CA,Real Estate,2022-07-05 22:00:00,10.550000190734863,10.6899995803833,10.300000190734863,10.300000190734863,9.532007217407227,614479
CIRA.CA,Real Estate,2022-07-06 22:00:00,10.300000190734863,10.5,10.25,10.300000190734863,9.532007217407227,545614
CIRA.CA,Real Estate,2022-07-16 22:00:00,10.300000190734863,10.199999809265137,10.010000228881836,10.300000190734863,9.532007217407227,5000
CIRA.CA,Real Estate,2022-07-17 22:00:00,10.300000190734863,10.489999771118164,10.029999732971191,10.300000190734863,9.532007217407227,7361
CIRA.CA,Real Estate,2022-07-18 22:00:00,10.300000190734863,11.5,10.300000190734863,11.359999656677246,10.512969970703125,690596
CIRA.CA,Real Estate,2022-07-19 22:00:00,11.359999656677246,11.729999542236328,10.539999961853027,11.359999656677246,10.512969970703125,13312
CIRA.CA,Real Estate,2022-07-20 22:00:00,11.359999656677246,11.6899995803833,10.649999618530273,11.449999809265137,10.596259117126465,69303
CIRA.CA,Real Estate,2022-07-23 22:00:00,11.449999809265137,11.550000190734863,11.069999694824219,11.449999809265137,10.596259117126465,2212
CIRA.CA,Real Estate,2022-07-24 22:00:00,11.449999809265137,11.600000381469727,10.859999656677246,11.0,10.179811477661133,2251913
CIRA.CA,Real Estate,2022-07-25 22:00:00,11.0,11.5,10.890000343322754,10.930000305175781,10.115031242370605,1231906
CIRA.CA,Real Estate,2022-07-26 22:00:00,10.930000305175781,11.270000457763672,10.5,10.770000457763672,9.966961860656738,1119860
CIRA.CA,Real Estate,2022-07-27 22:00:00,10.770000457763672,10.989999771118164,10.699999809265137,10.770000457763672,9.966961860656738,4822
CIRA.CA,Real Estate,2022-07-30 22:00:00,10.770000457763672,10.899999618530273,10.649999618530273,10.770000457763672,9.966961860656738,1643
CIRA.CA,Real Estate,2022-07-31 22:00:00,10.770000457763672,10.890000343322754,10.5,10.770000457763672,9.966961860656738,8484
CIRA.CA,Real Estate,2022-08-01 22:00:00,10.770000457763672,10.800000190734863,10.5600004196167,10.800000190734863,9.99472427368164,113327
CIRA.CA,Real Estate,2022-08-02 22:00:00,10.800000190734863,10.949999809265137,10.520000457763672,10.800000190734863,9.99472427368164,12549
CIRA.CA,Real Estate,2022-08-03 22:00:00,10.800000190734863,12.0,10.699999809265137,12.0,11.105249404907227,348392
CIRA.CA,Real Estate,2022-08-06 22:00:00,12.0,12.0,11.220000267028809,11.5600004196167,10.698057174682617,35692
CIRA.CA,Real Estate,2022-08-07 22:00:00,11.5600004196167,11.699999809265137,11.0,11.010000228881836,10.189067840576172,57956
CIRA.CA,Real Estate,2022-08-08 22:00:00,11.010000228881836,11.149999618530273,10.899999618530273,11.010000228881836,10.189067840576172,44159
CIRA.CA,Real Estate,2022-08-09 22:00:00,11.010000228881836,11.699999809265137,11.069999694824219,11.529999732971191,10.670292854309082,165090
CIRA.CA,Real Estate,2022-08-10 22:00:00,11.529999732971191,11.5,11.15999984741211,11.529999732971191,10.670292854309082,9721
CIRA.CA,Real Estate,2022-08-13 22:00:00,11.529999732971191,11.649999618530273,11.15999984741211,11.529999732971191,10.670292854309082,6144
CIRA.CA,Real Estate,2022-08-14 22:00:00,11.529999732971191,11.630000114440918,11.229999542236328,11.289999961853027,10.448188781738281,26577
CIRA.CA,Real Estate,2022-08-15 22:00:00,11.289999961853027,11.550000190734863,11.100000381469727,11.289999961853027,10.448188781738281,666
CIRA.CA,Real Estate,2022-08-16 22:00:00,11.289999961853027,11.489999771118164,11.069999694824219,11.289999961853027,10.448188781738281,1120
CIRA.CA,Real Estate,2022-08-17 22:00:00,11.289999961853027,11.289999961853027,11.289999961853027,11.289999961853027,10.448188781738281,0
CIRA.CA,Real Estate,2022-08-20 22:00:00,11.289999961853027,11.449999809265137,11.100000381469727,11.289999961853027,10.448188781738281,4309
CIRA.CA,Real Estate,2022-08-21 22:00:00,11.289999961853027,11.600000381469727,11.25,11.25,10.411171913146973,711448
CIRA.CA,Real Estate,2022-08-22 22:00:00,11.25,11.25,11.25,11.25,10.411171913146973,0
CIRA.CA,Real Estate,2022-08-23 22:00:00,11.260000228881836,11.279999732971191,11.0,11.069999694824219,10.244592666625977,287598
CIRA.CA,Real Estate,2022-08-24 22:00:00,11.069999694824219,11.380000114440918,11.050000190734863,11.25,10.411171913146973,1300296
CIRA.CA,Real Estate,2022-08-27 22:00:00,11.25,11.489999771118164,10.75,11.15999984741211,10.327881813049316,62347
CIRA.CA,Real Estate,2022-08-28 22:00:00,11.15999984741211,11.789999961853027,10.829999923706055,11.140000343322754,10.30937385559082,58045
CIRA.CA,Real Estate,2022-08-29 22:00:00,11.140000343322754,11.399999618530273,10.829999923706055,11.300000190734863,10.457443237304688,193780
CIRA.CA,Real Estate,2022-08-30 22:00:00,11.300000190734863,11.390000343322754,11.199999809265137,11.25,10.411171913146973,253178
CIRA.CA,Real Estate,2022-08-31 22:00:00,11.25,11.890000343322754,11.25,11.25,10.411171913146973,36418
CIRA.CA,Real Estate,2022-09-03 22:00:00,11.25,11.699999809265137,11.25,11.25,10.411171913146973,3131
CIRA.CA,Real Estate,2022-09-04 22:00:00,11.25,12.5,11.0,11.5,10.642531394958496,486408
CIRA.CA,Real Estate,2022-09-05 22:00:00,11.5,11.5,11.3100004196167,11.5,10.642531394958496,205269
CIRA.CA,Real Estate,2022-09-06 22:00:00,11.5,12.0,11.300000190734863,11.779999732971191,10.901652336120605,114078
CIRA.CA,Real Estate,2022-09-07 22:00:00,11.779999732971191,12.479999542236328,11.5,11.75,10.873889923095703,341400
CIRA.CA,Real Estate,2022-09-10 22:00:00,11.75,12.399999618530273,11.710000038146973,11.930000305175781,11.0404691696167,159277
CIRA.CA,Real Estate,2022-09-11 22:00:00,11.930000305175781,12.0,11.75,11.989999771118164,11.095995903015137,92634
CIRA.CA,Real Estate,2022-09-12 22:00:00,11.989999771118164,12.489999771118164,11.770000457763672,11.970000267028809,11.077486991882324,232876
CIRA.CA,Real Estate,2022-09-13 22:00:00,11.970000267028809,12.0,11.649999618530273,11.729999542236328,10.85538101196289,99423
CIRA.CA,Real Estate,2022-09-14 22:00:00,11.729999542236328,11.989999771118164,11.3100004196167,11.479999542236328,10.624021530151367,137159
CIRA.CA,Real Estate,2022-09-17 22:00:00,11.479999542236328,11.949999809265137,11.260000228881836,11.65999984741211,10.790600776672363,42987
CIRA.CA,Real Estate,2022-09-18 22:00:00,11.65999984741211,11.899999618530273,11.5,11.65999984741211,10.790600776672363,6850
CIRA.CA,Real Estate,2022-09-19 22:00:00,11.65999984741211,11.899999618530273,11.420000076293945,11.729999542236328,10.85538101196289,199093
CIRA.CA,Real Estate,2022-09-20 22:00:00,11.729999542236328,11.960000038146973,11.510000228881836,11.600000381469727,10.735074996948242,512340
CIRA.CA,Real Estate,2022-09-21 22:00:00,11.600000381469727,12.300000190734863,11.520000457763672,11.800000190734863,10.920162200927734,244158
CIRA.CA,Real Estate,2022-09-24 22:00:00,11.800000190734863,12.390000343322754,11.579999923706055,11.850000381469727,10.96643352508545,220657
CIRA.CA,Real Estate,2022-09-25 22:00:00,11.850000381469727,12.149999618530273,11.640000343322754,11.850000381469727,10.96643352508545,1663
CIRA.CA,Real Estate,2022-09-26 22:00:00,11.850000381469727,12.25,11.699999809265137,12.25,11.336609840393066,536021
CIRA.CA,Real Estate,2022-09-27 22:00:00,12.25,12.449999809265137,11.8100004196167,12.399999618530273,11.475424766540527,732928
CIRA.CA,Real Estate,2022-09-28 22:00:00,12.399999618530273,12.600000381469727,12.0,12.5,11.567967414855957,524360
CIRA.CA,Real Estate,2022-10-01 22:00:00,12.5,12.5,12.010000228881836,12.109999656677246,11.207047462463379,54723
CIRA.CA,Real Estate,2022-10-02 22:00:00,12.109999656677246,12.380000114440918,11.680000305175781,12.279999732971191,11.364372253417969,279168
CIRA.CA,Real Estate,2022-10-03 22:00:00,12.279999732971191,12.949999809265137,12.0,12.199999809265137,11.290336608886719,800184
CIRA.CA,Real Estate,2022-10-04 22:00:00,12.199999809265137,12.279999732971191,12.0,12.0,11.105249404907227,229720
CIRA.CA,Real Estate,2022-10-08 22:00:00,12.0,12.100000381469727,11.819999694824219,12.0,11.105249404907227,24396
CIRA.CA,Real Estate,2022-10-09 22:00:00,12.0,12.199999809265137,11.850000381469727,11.9399995803833,11.049722671508789,1608220
CIRA.CA,Real Estate,2022-10-10 22:00:00,11.9399995803833,11.989999771118164,11.8100004196167,11.979999542236328,11.086739540100098,356025
CIRA.CA,Real Estate,2022-10-11 22:00:00,11.979999542236328,11.979999542236328,11.819999694824219,11.84000015258789,10.957180976867676,50771
CIRA.CA,Real Estate,2022-10-12 22:00:00,11.84000015258789,12.1899995803833,11.850000381469727,11.989999771118164,11.095995903015137,382536
CIRA.CA,Real Estate,2022-10-15 22:00:00,11.989999771118164,12.140000343322754,11.899999618530273,12.0,11.105249404907227,33180
CIRA.CA,Real Estate,2022-10-16 22:00:00,12.0,11.960000038146973,11.819999694824219,11.899999618530273,11.012704849243164,112493
CIRA.CA,Real Estate,2022-10-17 22:00:00,11.899999618530273,12.0,11.850000381469727,11.989999771118164,11.095995903015137,126163
CIRA.CA,Real Estate,2022-10-18 22:00:00,11.989999771118164,12.0,11.300000190734863,11.899999618530273,11.012704849243164,1812418
CIRA.CA,Real Estate,2022-10-19 22:00:00,11.899999618530273,12.199999809265137,11.880000114440918,11.899999618530273,11.012704849243164,22439
CIRA.CA,Real Estate,2022-10-22 22:00:00,11.899999618530273,12.100000381469727,11.90999984741211,11.979999542236328,11.086739540100098,39870
CIRA.CA,Real Estate,2022-10-23 22:00:00,11.979999542236328,11.920000076293945,11.600000381469727,11.979999542236328,11.288850784301758,13214
CIRA.CA,Real Estate,2022-10-24 22:00:00,11.979999542236328,11.989999771118164,11.710000038146973,11.979999542236328,11.288850784301758,11899
CIRA.CA,Real Estate,2022-10-25 22:00:00,11.979999542236328,11.979999542236328,11.979999542236328,11.979999542236328,11.288850784301758,0
CIRA.CA,Real Estate,2022-10-26 22:00:00,11.979999542236328,13.800000190734863,11.5,12.5,11.778851509094238,4165412
CIRA.CA,Real Estate,2022-10-29 22:00:00,12.5,13.050000190734863,12.25,12.5,11.778851509094238,253534
CIRA.CA,Real Estate,2022-10-30 22:00:00,12.5,12.75,12.0600004196167,12.510000228881836,11.788274765014648,1468580
CIRA.CA,Real Estate,2022-10-31 22:00:00,12.510000228881836,12.75,12.5,12.510000228881836,11.788274765014648,384915
CIRA.CA,Real Estate,2022-11-01 22:00:00,12.510000228881836,12.779999732971191,12.300000190734863,12.510000228881836,11.788274765014648,17447
CIRA.CA,Real Estate,2022-11-02 22:00:00,12.510000228881836,12.699999809265137,12.5,12.510000228881836,11.788274765014648,1089
CIRA.CA,Real Estate,2022-11-05 22:00:00,12.510000228881836,12.5,12.329999923706055,12.510000228881836,11.788274765014648,5136
CIRA.CA,Real Estate,2022-11-06 22:00:00,12.510000228881836,12.520000457763672,12.350000381469727,12.510000228881836,11.788274765014648,12125
CIRA.CA,Real Estate,2022-11-07 22:00:00,12.510000228881836,13.0,12.420000076293945,12.550000190734863,11.825967788696289,52924
CIRA.CA,Real Estate,2022-11-08 22:00:00,12.550000190734863,13.0,12.5,12.8100004196167,12.070967674255371,85673
CIRA.CA,Real Estate,2022-11-09 22:00:00,12.8100004196167,13.420000076293945,12.850000381469727,13.199999809265137,12.438467025756836,350329
CIRA.CA,Real Estate,2022-11-12 22:00:00,13.199999809265137,13.420000076293945,12.800000190734863,13.199999809265137,12.438467025756836,7152
CIRA.CA,Real Estate,2022-11-13 22:00:00,13.199999809265137,13.420000076293945,12.710000038146973,12.75,12.014429092407227,48048
CIRA.CA,Real Estate,2022-11-14 22:00:00,12.75,13.289999961853027,12.710000038146973,13.0,12.250005722045898,101783
CIRA.CA,Real Estate,2022-11-15 22:00:00,13.0,13.25,13.0,13.100000381469727,12.344236373901367,422036
CIRA.CA,Real Estate,2022-11-16 22:00:00,13.100000381469727,13.25,13.0,13.1899995803833,12.429044723510742,97678
CIRA.CA,Real Estate,2022-11-19 22:00:00,13.1899995803833,13.1899995803833,12.699999809265137,13.1899995803833,12.429044723510742,9775
CIRA.CA,Real Estate,2022-11-20 22:00:00,13.1899995803833,12.9399995803833,12.699999809265137,12.75,12.014429092407227,2337584
CIRA.CA,Real Estate,2022-11-21 22:00:00,12.75,12.930000305175781,12.770000457763672,12.75,12.014429092407227,386
CIRA.CA,Real Estate,2022-11-22 22:00:00,12.75,12.800000190734863,12.710000038146973,12.75,12.014429092407227,2443
CIRA.CA,Real Estate,2022-11-23 22:00:00,12.75,12.899999618530273,12.600000381469727,12.75,12.014429092407227,7679
CIRA.CA,Real Estate,2022-11-26 22:00:00,12.75,12.899999618530273,12.649999618530273,12.75,12.014429092407227,7849
CIRA.CA,Real Estate,2022-11-27 22:00:00,12.75,12.800000190734863,12.550000190734863,12.640000343322754,11.910775184631348,32828
CIRA.CA,Real Estate,2022-11-28 22:00:00,12.640000343322754,12.989999771118164,12.649999618530273,12.960000038146973,12.21231460571289,36655
CIRA.CA,Real Estate,2022-11-29 22:00:00,12.960000038146973,13.600000381469727,12.899999618530273,13.380000114440918,12.60808277130127,1295981
CIRA.CA,Real Estate,2022-11-30 22:00:00,13.380000114440918,13.779999732971191,13.3100004196167,13.5,12.721160888671875,708916
CIRA.CA,Real Estate,2022-12-03 22:00:00,13.5,13.5,13.109999656677246,13.5,12.721160888671875,2581
CIRA.CA,Real Estate,2022-12-04 22:00:00,13.5,13.6899995803833,13.199999809265137,13.6899995803833,12.900198936462402,252019
CIRA.CA,Real Estate,2022-12-05 22:00:00,13.6899995803833,13.699999809265137,13.369999885559082,13.510000228881836,12.730582237243652,43459
CIRA.CA,Real Estate,2022-12-06 22:00:00,13.510000228881836,14.0,13.5,13.949999809265137,13.145197868347168,462015
CIRA.CA,Real Estate,2022-12-07 22:00:00,13.949999809265137,14.25,13.949999809265137,14.1899995803833,13.371352195739746,2062724
CIRA.CA,Real Estate,2022-12-10 22:00:00,14.1899995803833,14.1899995803833,13.5,13.600000381469727,12.815391540527344,84348
CIRA.CA,Real Estate,2022-12-11 22:00:00,13.600000381469727,13.819999694824219,13.100000381469727,13.25,12.485583305358887,150580
CIRA.CA,Real Estate,2022-12-12 22:00:00,13.25,13.880000114440918,13.300000190734863,13.680000305175781,12.890775680541992,155821
CIRA.CA,Real Estate,2022-12-13 22:00:00,13.680000305175781,13.699999809265137,13.350000381469727,13.399999618530273,12.62692928314209,191683
CIRA.CA,Real Estate,2022-12-14 22:00:00,13.399999618530273,13.649999618530273,12.899999618530273,13.069999694824219,12.315967559814453,301958
CIRA.CA,Real Estate,2022-12-17 22:00:00,13.069999694824219,13.329999923706055,12.899999618530273,13.069999694824219,12.315967559814453,15193
CIRA.CA,Real Estate,2022-12-18 22:00:00,13.069999694824219,13.25,12.899999618530273,12.930000305175781,12.18404483795166,48164
CIRA.CA,Real Estate,2022-12-19 22:00:00,12.930000305175781,13.140000343322754,12.850000381469727,12.930000305175781,12.18404483795166,2167
CIRA.CA,Real Estate,2022-12-20 22:00:00,12.930000305175781,12.949999809265137,12.699999809265137,12.930000305175781,12.18404483795166,22425
CIRA.CA,Real Estate,2022-12-21 22:00:00,12.930000305175781,13.449999809265137,12.75,13.289999961853027,12.523275375366211,14185080
CIRA.CA,Real Estate,2022-12-24 22:00:00,13.289999961853027,13.420000076293945,12.760000228881836,13.270000457763672,12.504429817199707,1561517
CIRA.CA,Real Estate,2022-12-25 22:00:00,13.270000457763672,13.600000381469727,13.119999885559082,13.329999923706055,12.560967445373535,63593
CIRA.CA,Real Estate,2022-12-26 22:00:00,13.329999923706055,13.489999771118164,13.149999618530273,13.220000267028809,12.457313537597656,388598
CIRA.CA,Real Estate,2022-12-27 22:00:00,13.220000267028809,13.739999771118164,13.149999618530273,13.220000267028809,12.457313537597656,13376
CIRA.CA,Real Estate,2022-12-28 22:00:00,13.220000267028809,13.579999923706055,12.819999694824219,13.0,12.250005722045898,89212
CIRA.CA,Real Estate,2023-01-01 22:00:00,13.0,13.579999923706055,12.8100004196167,13.550000190734863,12.768275260925293,109964
CIRA.CA,Real Estate,2023-01-02 22:00:00,13.550000190734863,13.600000381469727,13.050000190734863,13.300000190734863,12.532697677612305,34728
CIRA.CA,Real Estate,2023-01-03 22:00:00,13.300000190734863,13.5,12.850000381469727,13.300000190734863,12.532697677612305,20079
CIRA.CA,Real Estate,2023-01-04 22:00:00,13.300000190734863,14.0,13.050000190734863,13.369999885559082,12.598660469055176,396052
CIRA.CA,Real Estate,2023-01-08 22:00:00,13.369999885559082,13.529999732971191,13.039999961853027,13.079999923706055,12.325390815734863,2018163
CIRA.CA,Real Estate,2023-01-09 22:00:00,13.079999923706055,13.239999771118164,12.960000038146973,13.079999923706055,12.325390815734863,7730
CIRA.CA,Real Estate,2023-01-10 22:00:00,13.079999923706055,13.899999618530273,12.850000381469727,13.829999923706055,13.032121658325195,537654
CIRA.CA,Real Estate,2023-01-11 22:00:00,13.829999923706055,14.550000190734863,13.25,13.5,12.721160888671875,1219648
CIRA.CA,Real Estate,2023-01-14 22:00:00,13.5,13.729999542236328,13.369999885559082,13.670000076293945,12.881352424621582,208953
CIRA.CA,Real Estate,2023-01-15 22:00:00,13.670000076293945,13.75,13.300000190734863,13.670000076293945,12.881352424621582,7430
CIRA.CA,Real Estate,2023-01-16 22:00:00,13.670000076293945,13.699999809265137,13.359999656677246,13.539999961853027,12.758852005004883,113919
CIRA.CA,Real Estate,2023-01-17 22:00:00,13.539999961853027,13.84000015258789,13.25,13.75,12.956737518310547,1613723
CIRA.CA,Real Estate,2023-01-18 22:00:00,13.75,13.850000381469727,13.149999618530273,13.75,12.956737518310547,726295
CIRA.CA,Real Estate,2023-01-21 22:00:00,13.75,14.149999618530273,13.699999809265137,14.0,13.192314147949219,281424
CIRA.CA,Real Estate,2023-01-22 22:00:00,14.0,14.199999809265137,13.850000381469727,14.0,13.192314147949219,1965039
CIRA.CA,Real Estate,2023-01-23 22:00:00,14.0,14.479999542236328,13.829999923706055,14.0,13.192314147949219,553300
CIRA.CA,Real Estate,2023-01-24 22:00:00,14.0,14.399999618530273,13.800000190734863,13.9399995803833,13.135775566101074,1282664
CIRA.CA,Real Estate,2023-01-28 22:00:00,13.9399995803833,14.199999809265137,13.699999809265137,13.859999656677246,13.060391426086426,74723
CIRA.CA,Real Estate,2023-01-29 22:00:00,13.859999656677246,14.100000381469727,13.630000114440918,14.0,13.192314147949219,836042
CIRA.CA,Real Estate,2023-01-30 22:00:00,14.0,14.100000381469727,13.699999809265137,14.09000015258789,13.277122497558594,91015
CIRA.CA,Real Estate,2023-01-31 22:00:00,14.09000015258789,14.5,13.800000190734863,14.40999984741211,13.578660011291504,136471
CIRA.CA,Real Estate,2023-02-01 22:00:00,14.40999984741211,14.40999984741211,14.100000381469727,14.300000190734863,13.475007057189941,1893304
CIRA.CA,Real Estate,2023-02-04 22:00:00,14.300000190734863,14.300000190734863,13.5,13.989999771118164,13.182890892028809,71272
CIRA.CA,Real Estate,2023-02-05 22:00:00,13.989999771118164,14.300000190734863,13.75,14.1899995803833,13.371352195739746,1073229
CIRA.CA,Real Estate,2023-02-06 22:00:00,14.1899995803833,14.289999961853027,14.0,14.1899995803833,13.371352195739746,186563
CIRA.CA,Real Estate,2023-02-07 22:00:00,14.1899995803833,14.300000190734863,13.5600004196167,14.109999656677246,13.295968055725098,314003
CIRA.CA,Real Estate,2023-02-08 22:00:00,14.109999656677246,14.25,13.380000114440918,13.899999618530273,13.09808349609375,1096597
CIRA.CA,Real Estate,2023-02-11 22:00:00,13.899999618530273,14.0,13.399999618530273,13.899999618530273,13.09808349609375,14216
CIRA.CA,Real Estate,2023-02-12 22:00:00,13.899999618530273,14.0,13.399999618530273,14.0,13.192314147949219,339832
CIRA.CA,Real Estate,2023-02-13 22:00:00,14.0,14.0,13.619999885559082,14.0,13.192314147949219,169159
CIRA.CA,Real Estate,2023-02-14 22:00:00,14.0,14.149999618530273,13.609999656677246,13.899999618530273,13.09808349609375,639253
CIRA.CA,Real Estate,2023-02-15 22:00:00,13.899999618530273,14.130000114440918,13.710000038146973,13.899999618530273,13.09808349609375,45380
CIRA.CA,Real Estate,2023-02-18 22:00:00,13.899999618530273,14.0,13.5,13.90999984741211,13.10750675201416,32845
CIRA.CA,Real Estate,2023-02-19 22:00:00,13.90999984741211,14.0,13.40999984741211,13.5,12.721160888671875,2197262
CIRA.CA,Real Estate,2023-02-20 22:00:00,13.5,13.800000190734863,13.5,13.5,12.721160888671875,287725
CIRA.CA,Real Estate,2023-02-21 22:00:00,13.5,13.649999618530273,13.399999618530273,13.5,12.721160888671875,6478
CIRA.CA,Real Estate,2023-02-22 22:00:00,13.5,13.899999618530273,12.850000381469727,13.5,12.721160888671875,14352
CIRA.CA,Real Estate,2023-02-25 22:00:00,13.5,13.890000343322754,13.300000190734863,13.5,12.721160888671875,10314
CIRA.CA,Real Estate,2023-02-26 22:00:00,13.5,13.800000190734863,13.300000190734863,13.300000190734863,12.532697677612305,1344807
CIRA.CA,Real Estate,2023-02-27 22:00:00,13.300000190734863,13.600000381469727,13.300000190734863,13.300000190734863,12.532697677612305,6290
CIRA.CA,Real Estate,2023-02-28 22:00:00,13.300000190734863,13.479999542236328,13.300000190734863,13.300000190734863,12.532697677612305,1092
CIRA.CA,Real Estate,2023-03-01 22:00:00,13.300000190734863,13.470000267028809,11.0,13.220000267028809,12.457313537597656,224134
CIRA.CA,Real Estate,2023-03-04 22:00:00,13.220000267028809,13.5,13.020000457763672,13.220000267028809,12.457313537597656,776
CIRA.CA,Real Estate,2023-03-05 22:00:00,13.220000267028809,13.399999618530273,12.300000190734863,13.220000267028809,12.457313537597656,4641
CIRA.CA,Real Estate,2023-03-06 22:00:00,13.220000267028809,13.34000015258789,12.699999809265137,13.0,12.250005722045898,621559
CIRA.CA,Real Estate,2023-03-07 22:00:00,13.0,12.6899995803833,12.279999732971191,12.300000190734863,11.5903902053833,696928
CIRA.CA,Real Estate,2023-03-08 22:00:00,12.300000190734863,12.6899995803833,11.949999809265137,12.0,11.307697296142578,859238
CIRA.CA,Real Estate,2023-03-11 22:00:00,12.0,12.380000114440918,11.520000457763672,11.779999732971191,11.10038948059082,97583
CIRA.CA,Real Estate,2023-03-12 22:00:00,11.779999732971191,12.199999809265137,11.199999809265137,11.510000228881836,10.845967292785645,38138
CIRA.CA,Real Estate,2023-03-13 22:00:00,11.510000228881836,12.489999771118164,11.199999809265137,11.510000228881836,10.845967292785645,17400
CIRA.CA,Real Estate,2023-03-14 22:00:00,11.510000228881836,13.0,11.300000190734863,12.6899995803833,11.957889556884766,26649
CIRA.CA,Real Estate,2023-03-15 22:00:00,12.6899995803833,12.75,10.15999984741211,11.489999771118164,10.827120780944824,1267563
CIRA.CA,Real Estate,2023-03-18 22:00:00,11.489999771118164,12.0,11.020000457763672,11.489999771118164,10.827120780944824,2402
CIRA.CA,Real Estate,2023-03-19 22:00:00,11.489999771118164,11.899999618530273,11.050000190734863,11.329999923706055,10.676351547241211,113579
CIRA.CA,Real Estate,2023-03-20 22:00:00,11.329999923706055,11.979999542236328,11.199999809265137,11.300000190734863,10.648082733154297,619169
CIRA.CA,Real Estate,2023-03-21 22:00:00,11.300000190734863,11.550000190734863,10.5,11.300000190734863,10.648082733154297,425639
CIRA.CA,Real Estate,2023-03-22 22:00:00,11.300000190734863,11.479999542236328,10.75,11.199999809265137,10.553851127624512,537793
CIRA.CA,Real Estate,2023-03-25 22:00:00,11.199999809265137,12.880000114440918,10.90999984741211,11.010000228881836,10.374813079833984,683242
CIRA.CA,Real Estate,2023-03-26 22:00:00,11.010000228881836,11.149999618530273,10.699999809265137,10.760000228881836,10.139235496520996,224556
CIRA.CA,Real Estate,2023-03-27 22:00:00,10.760000228881836,10.880000114440918,10.520000457763672,10.760000228881836,10.139235496520996,23157
CIRA.CA,Real Estate,2023-03-28 22:00:00,10.760000228881836,10.979999542236328,10.649999618530273,10.710000038146973,10.092120170593262,142598
CIRA.CA,Real Estate,2023-03-29 22:00:00,10.710000038146973,10.899999618530273,10.520000457763672,10.699999809265137,10.082696914672852,397837
CIRA.CA,Real Estate,2023-04-01 22:00:00,10.699999809265137,10.859999656677246,10.350000381469727,10.520000457763672,9.913082122802734,385919
CIRA.CA,Real Estate,2023-04-02 22:00:00,10.520000457763672,10.75,10.199999809265137,10.359999656677246,9.762311935424805,1350245
CIRA.CA,Real Estate,2023-04-03 22:00:00,10.359999656677246,10.600000381469727,10.3100004196167,10.380000114440918,9.781158447265625,806703
CIRA.CA,Real Estate,2023-04-04 22:00:00,10.380000114440918,10.59000015258789,10.229999542236328,10.289999961853027,9.696351051330566,492058
CIRA.CA,Real Estate,2023-04-05 22:00:00,10.289999961853027,10.460000038146973,10.020000457763672,10.1899995803833,9.602119445800781,362792
CIRA.CA,Real Estate,2023-04-08 22:00:00,10.1899995803833,10.369999885559082,10.0600004196167,10.180000305175781,9.592697143554688,114521
CIRA.CA,Real Estate,2023-04-09 22:00:00,10.180000305175781,10.300000190734863,10.09000015258789,10.199999809265137,9.611542701721191,1260383
CIRA.CA,Real Estate,2023-04-10 22:00:00,10.199999809265137,10.270000457763672,10.109999656677246,10.170000076293945,9.583273887634277,391776
CIRA.CA,Real Estate,2023-04-11 22:00:00,10.170000076293945,10.239999771118164,10.119999885559082,10.149999618530273,9.564427375793457,111374
CIRA.CA,Real Estate,2023-04-12 22:00:00,10.149999618530273,10.220000267028809,10.0,10.020000457763672,9.44192886352539,512296
CIRA.CA,Real Estate,2023-04-17 22:00:00,10.020000457763672,10.1899995803833,10.020000457763672,10.140000343322754,9.555004119873047,86115
CIRA.CA,Real Estate,2023-04-18 22:00:00,10.140000343322754,10.239999771118164,10.029999732971191,10.170000076293945,9.583273887634277,498685
CIRA.CA,Real Estate,2023-04-25 22:00:00,10.170000076293945,10.199999809265137,9.859999656677246,9.890000343322754,9.319427490234375,398740
CIRA.CA,Real Estate,2023-04-26 22:00:00,9.890000343322754,10.039999961853027,9.520000457763672,9.59000015258789,9.036734580993652,1113444
CIRA.CA,Real Estate,2023-04-29 21:00:00,9.59000015258789,9.829999923706055,9.630000114440918,9.710000038146973,9.149812698364258,250032
CIRA.CA,Real Estate,2023-04-30 21:00:00,9.710000038146973,9.710000038146973,9.710000038146973,9.710000038146973,9.149812698364258,0
CIRA.CA,Real Estate,2023-05-01 21:00:00,9.600000381469727,9.720000267028809,9.5,9.680000305175781,9.121542930603027,429711
CIRA.CA,Real Estate,2023-05-02 21:00:00,9.680000305175781,9.75,9.600000381469727,9.609999656677246,9.055581092834473,3079029
CIRA.CA,Real Estate,2023-05-06 21:00:00,9.609999656677246,9.699999809265137,9.520000457763672,9.640000343322754,9.083850860595703,132498
CIRA.CA,Real Estate,2023-05-07 21:00:00,9.640000343322754,10.5,9.65999984741211,10.050000190734863,9.470196723937988,2675140
CIRA.CA,Real Estate,2023-05-08 21:00:00,10.050000190734863,10.229999542236328,9.9399995803833,9.970000267028809,9.39481258392334,3889264
CIRA.CA,Real Estate,2023-05-09 21:00:00,9.970000267028809,10.100000381469727,9.829999923706055,10.079999923706055,9.498465538024902,694978
CIRA.CA,Real Estate,2023-05-10 21:00:00,10.079999923706055,10.350000381469727,10.020000457763672,10.119999885559082,9.536158561706543,1733173
CIRA.CA,Real Estate,2023-05-13 21:00:00,10.119999885559082,10.949999809265137,10.229999542236328,10.899999618530273,10.271158218383789,2789041
CIRA.CA,Real Estate,2023-05-14 21:00:00,10.899999618530273,11.1899995803833,10.600000381469727,10.600000381469727,9.988466262817383,1463360
CIRA.CA,Real Estate,2023-05-15 21:00:00,10.600000381469727,10.6899995803833,10.359999656677246,10.609999656677246,9.997889518737793,2004460
CIRA.CA,Real Estate,2023-05-16 21:00:00,10.609999656677246,11.109999656677246,10.640000343322754,10.680000305175781,10.063850402832031,1772302
CIRA.CA,Real Estate,2023-05-17 21:00:00,10.680000305175781,10.930000305175781,10.65999984741211,10.869999885559082,10.242888450622559,1182153
CIRA.CA,Real Estate,2023-05-20 21:00:00,10.869999885559082,11.279999732971191,10.90999984741211,11.119999885559082,10.478466033935547,2738456
CIRA.CA,Real Estate,2023-05-21 21:00:00,11.119999885559082,11.199999809265137,10.649999618530273,10.800000190734863,10.176928520202637,1546108
CIRA.CA,Real Estate,2023-05-22 21:00:00,10.800000190734863,10.869999885559082,10.640000343322754,10.6899995803833,10.073273658752441,422062
CIRA.CA,Real Estate,2023-05-23 21:00:00,10.6899995803833,11.399999618530273,10.630000114440918,11.119999885559082,10.478466033935547,3560124
CIRA.CA,Real Estate,2023-05-24 21:00:00,11.119999885559082,11.300000190734863,10.9399995803833,11.0,10.365389823913574,1077082
CIRA.CA,Real Estate,2023-05-27 21:00:00,11.0,11.390000343322754,11.050000190734863,11.199999809265137,10.553851127624512,1180982
CIRA.CA,Real Estate,2023-05-28 21:00:00,11.199999809265137,11.569999694824219,11.039999961853027,11.119999885559082,10.478466033935547,1117283
CIRA.CA,Real Estate,2023-05-29 21:00:00,11.119999885559082,11.390000343322754,11.039999961853027,11.180000305175781,10.535004615783691,1058690
CIRA.CA,Real Estate,2023-05-30 21:00:00,11.180000305175781,11.350000381469727,10.899999618530273,11.300000190734863,10.648082733154297,905637
CIRA.CA,Real Estate,2023-05-31 21:00:00,11.300000190734863,11.25,11.0,11.010000228881836,10.374813079833984,234487
CIRA.CA,Real Estate,2023-06-03 21:00:00,11.010000228881836,11.109999656677246,10.800000190734863,10.869999885559082,10.242888450622559,846954
CIRA.CA,Real Estate,2023-06-04 21:00:00,10.869999885559082,11.0,10.770000457763672,10.8100004196167,10.186351776123047,304202
CIRA.CA,Real Estate,2023-06-05 21:00:00,10.8100004196167,10.989999771118164,10.600000381469727,10.630000114440918,10.016736030578613,640912
CIRA.CA,Real Estate,2023-06-06 21:00:00,10.630000114440918,11.09000015258789,10.609999656677246,11.09000015258789,10.450197219848633,2027767
CIRA.CA,Real Estate,2023-06-07 21:00:00,11.09000015258789,11.069999694824219,10.75,11.0,10.365389823913574,665981
CIRA.CA,Real Estate,2023-06-10 21:00:00,11.0,11.100000381469727,10.75,10.829999923706055,10.20519733428955,1374747
CIRA.CA,Real Estate,2023-06-11 21:00:00,10.829999923706055,10.949999809265137,10.75,10.880000114440918,10.252312660217285,409373
CIRA.CA,Real Estate,2023-06-12 21:00:00,10.880000114440918,10.899999618530273,10.699999809265137,10.710000038146973,10.092120170593262,583816
CIRA.CA,Real Estate,2023-06-13 21:00:00,10.710000038146973,10.850000381469727,10.579999923706055,10.600000381469727,9.988466262817383,771000
CIRA.CA,Real Estate,2023-06-14 21:00:00,10.600000381469727,10.789999961853027,10.569999694824219,10.640000343322754,10.026159286499023,488275
CIRA.CA,Real Estate,2023-06-17 21:00:00,10.640000343322754,10.890000343322754,10.699999809265137,10.710000038146973,10.092120170593262,387521
CIRA.CA,Real Estate,2023-06-18 21:00:00,10.710000038146973,10.800000190734863,10.5600004196167,10.630000114440918,10.016736030578613,215521
CIRA.CA,Real Estate,2023-06-19 21:00:00,10.630000114440918,10.680000305175781,10.5,10.59000015258789,9.979043960571289,343862
CIRA.CA,Real Estate,2023-06-20 21:00:00,10.59000015258789,10.640000343322754,10.3100004196167,10.359999656677246,9.762311935424805,271352
CIRA.CA,Real Estate,2023-06-21 21:00:00,10.359999656677246,10.399999618530273,10.199999809265137,10.359999656677246,9.762311935424805,519350
CIRA.CA,Real Estate,2023-06-24 21:00:00,10.359999656677246,10.539999961853027,10.260000228881836,10.289999961853027,9.696351051330566,189042
CIRA.CA,Real Estate,2023-06-25 21:00:00,10.289999961853027,10.550000190734863,10.319999694824219,10.470000267028809,9.865965843200684,90838
CIRA.CA,Real Estate,2023-07-03 21:00:00,10.470000267028809,10.600000381469727,10.149999618530273,10.1899995803833,9.602119445800781,348543
CIRA.CA,Real Estate,2023-07-04 21:00:00,10.1899995803833,10.369999885559082,10.1899995803833,10.260000228881836,9.668081283569336,168364
CIRA.CA,Real Estate,2023-07-05 21:00:00,10.260000228881836,10.4399995803833,10.229999542236328,10.260000228881836,9.668081283569336,165698
CIRA.CA,Real Estate,2023-07-08 21:00:00,10.260000228881836,10.300000190734863,9.850000381469727,9.899999618530273,9.328850746154785,207272
CIRA.CA,Real Estate,2023-07-09 21:00:00,9.899999618530273,10.119999885559082,9.819999694824219,10.0,9.423081398010254,126199
CIRA.CA,Real Estate,2023-07-10 21:00:00,10.0,10.100000381469727,9.899999618530273,10.050000190734863,9.470196723937988,1383846
CIRA.CA,Real Estate,2023-07-11 21:00:00,10.050000190734863,10.329999923706055,10.0,10.100000381469727,9.517313003540039,1511444
CIRA.CA,Real Estate,2023-07-12 21:00:00,10.100000381469727,10.229999542236328,10.0,10.199999809265137,9.611542701721191,913858
CIRA.CA,Real Estate,2023-07-15 21:00:00,10.199999809265137,10.5,10.149999618530273,10.289999961853027,9.696351051330566,1139102
CIRA.CA,Real Estate,2023-07-16 21:00:00,10.289999961853027,10.40999984741211,10.25,10.3100004196167,9.715197563171387,249459
CIRA.CA,Real Estate,2023-07-17 21:00:00,10.3100004196167,10.470000267028809,10.25,10.420000076293945,9.818851470947266,5212133
CIRA.CA,Real Estate,2023-07-18 21:00:00,10.420000076293945,10.420000076293945,10.420000076293945,10.420000076293945,9.818851470947266,0
CIRA.CA,Real Estate,2023-07-23 21:00:00,10.380000114440918,10.479999542236328,10.300000190734863,10.470000267028809,9.865965843200684,308060
CIRA.CA,Real Estate,2023-07-24 21:00:00,10.470000267028809,10.5,10.149999618530273,10.239999771118164,9.649235725402832,484250
CIRA.CA,Real Estate,2023-07-25 21:00:00,10.239999771118164,10.350000381469727,10.050000190734863,10.09000015258789,9.507888793945312,180581
CIRA.CA,Real Estate,2023-07-26 21:00:00,10.09000015258789,10.380000114440918,9.970000267028809,9.989999771118164,9.413658142089844,920667
CIRA.CA,Real Estate,2023-07-29 21:00:00,9.989999771118164,10.1899995803833,9.989999771118164,10.0,9.423081398010254,248504
CIRA.CA,Real Estate,2023-07-30 21:00:00,10.0,10.149999618530273,10.0,10.069999694824219,9.489042282104492,411890
CIRA.CA,Real Estate,2023-07-31 21:00:00,10.069999694824219,10.300000190734863,10.010000228881836,10.119999885559082,9.536158561706543,761955
CIRA.CA,Real Estate,2023-08-01 21:00:00,10.119999885559082,10.199999809265137,10.050000190734863,10.079999923706055,9.498465538024902,332609
CIRA.CA,Real Estate,2023-08-02 21:00:00,10.079999923706055,10.210000038146973,10.0600004196167,10.109999656677246,9.526735305786133,481923
CIRA.CA,Real Estate,2023-08-05 21:00:00,10.109999656677246,10.270000457763672,10.100000381469727,10.15999984741211,9.573850631713867,159623
CIRA.CA,Real Estate,2023-08-06 21:00:00,10.15999984741211,10.350000381469727,10.15999984741211,10.3100004196167,9.715197563171387,178927
CIRA.CA,Real Estate,2023-08-07 21:00:00,10.3100004196167,10.5,10.350000381469727,10.359999656677246,9.762311935424805,454645
CIRA.CA,Real Estate,2023-08-08 21:00:00,10.359999656677246,10.529999732971191,10.319999694824219,10.489999771118164,9.884811401367188,6320046
CIRA.CA,Real Estate,2023-08-09 21:00:00,10.489999771118164,10.600000381469727,10.420000076293945,10.550000190734863,9.941350936889648,327512
CIRA.CA,Real Estate,2023-08-12 21:00:00,10.550000190734863,10.699999809265137,10.510000228881836,10.539999961853027,9.931928634643555,136695
CIRA.CA,Real Estate,2023-08-13 21:00:00,10.539999961853027,10.600000381469727,10.449999809265137,10.5,9.894235610961914,194346
CIRA.CA,Real Estate,2023-08-14 21:00:00,10.5,10.579999923706055,10.319999694824219,10.5,9.894235610961914,131506
CIRA.CA,Real Estate,2023-08-15 21:00:00,10.5,10.529999732971191,10.399999618530273,10.479999542236328,9.875389099121094,257254
CIRA.CA,Real Estate,2023-08-16 21:00:00,10.479999542236328,10.5,9.0,10.180000305175781,9.592697143554688,226303
CIRA.CA,Real Estate,2023-08-19 21:00:00,10.180000305175781,10.390000343322754,10.180000305175781,10.229999542236328,9.639812469482422,37877
CIRA.CA,Real Estate,2023-08-20 21:00:00,10.229999542236328,10.279999732971191,10.079999923706055,10.100000381469727,9.517313003540039,234185
CIRA.CA,Real Estate,2023-08-21 21:00:00,10.100000381469727,10.25,10.109999656677246,10.210000038146973,9.620966911315918,63886
CIRA.CA,Real Estate,2023-08-22 21:00:00,10.210000038146973,10.239999771118164,10.119999885559082,10.1899995803833,9.602119445800781,121493
CIRA.CA,Real Estate,2023-08-23 21:00:00,10.1899995803833,10.5,10.109999656677246,10.399999618530273,9.800004959106445,1044958
CIRA.CA,Real Estate,2023-08-26 21:00:00,10.399999618530273,10.550000190734863,10.199999809265137,10.510000228881836,9.903658866882324,2363827
CIRA.CA,Real Estate,2023-08-27 21:00:00,10.510000228881836,10.600000381469727,10.300000190734863,10.3100004196167,9.715197563171387,88363
CIRA.CA,Real Estate,2023-08-28 21:00:00,10.3100004196167,10.539999961853027,10.319999694824219,10.5,9.894235610961914,278182
CIRA.CA,Real Estate,2023-08-29 21:00:00,10.5,10.449999809265137,10.25,10.300000190734863,9.70577335357666,199443
CIRA.CA,Real Estate,2023-08-30 21:00:00,10.300000190734863,10.300000190734863,10.300000190734863,10.300000190734863,9.70577335357666,0
CIRA.CA,Real Estate,2023-09-02 21:00:00,10.149999618530273,10.5,10.199999809265137,10.350000381469727,9.752889633178711,131200
CIRA.CA,Real Estate,2023-09-03 21:00:00,10.350000381469727,10.579999923706055,10.25,10.5,9.894235610961914,120822
CIRA.CA,Real Estate,2023-09-04 21:00:00,10.5,10.5,10.359999656677246,10.470000267028809,9.865965843200684,188992
CIRA.CA,Real Estate,2023-09-05 21:00:00,10.470000267028809,10.75,10.479999542236328,10.630000114440918,10.016736030578613,1460889
CIRA.CA,Real Estate,2023-09-06 21:00:00,10.630000114440918,10.739999771118164,10.600000381469727,10.649999618530273,10.035581588745117,547896
CIRA.CA,Real Estate,2023-09-09 21:00:00,10.649999618530273,10.649999618530273,10.649999618530273,10.649999618530273,10.035581588745117,0
CIRA.CA,Real Estate,2023-09-10 21:00:00,10.59000015258789,10.6899995803833,10.359999656677246,10.460000038146973,9.856542587280273,68244
CIRA.CA,Real Estate,2023-09-11 21:00:00,10.460000038146973,10.5,10.300000190734863,10.3100004196167,9.715197563171387,54744
CIRA.CA,Real Estate,2023-09-12 21:00:00,10.3100004196167,10.539999961853027,10.300000190734863,10.3100004196167,9.715197563171387,30570
CIRA.CA,Real Estate,2023-09-13 21:00:00,10.3100004196167,10.449999809265137,10.319999694824219,10.350000381469727,9.752889633178711,193703
CIRA.CA,Real Estate,2023-09-16 21:00:00,10.350000381469727,10.430000305175781,10.319999694824219,10.350000381469727,9.752889633178711,291149
CIRA.CA,Real Estate,2023-09-17 21:00:00,10.350000381469727,10.550000190734863,10.350000381469727,10.470000267028809,9.865965843200684,404681
CIRA.CA,Real Estate,2023-09-18 21:00:00,10.470000267028809,10.579999923706055,10.4399995803833,10.539999961853027,9.931928634643555,95473
CIRA.CA,Real Estate,2023-09-19 21:00:00,10.539999961853027,10.539999961853027,10.539999961853027,10.539999961853027,9.931928634643555,0
CIRA.CA,Real Estate,2023-09-20 21:00:00,10.539999961853027,10.539999961853027,10.539999961853027,10.539999961853027,9.931928634643555,0
CIRA.CA,Real Estate,2023-09-23 21:00:00,10.539999961853027,10.539999961853027,10.539999961853027,10.539999961853027,9.931928634643555,0
CIRA.CA,Real Estate,2023-09-24 21:00:00,10.5,10.569999694824219,10.5,10.520000457763672,9.913082122802734,49335
CIRA.CA,Real Estate,2023-09-25 21:00:00,10.520000457763672,10.569999694824219,10.5,10.5,9.894235610961914,60517
CIRA.CA,Real Estate,2023-09-26 21:00:00,10.5,10.5,10.5,10.5,9.894235610961914,0
CIRA.CA,Real Estate,2023-09-30 21:00:00,10.5,10.5,10.5,10.5,9.894235610961914,0
CIRA.CA,Real Estate,2023-10-01 21:00:00,10.220000267028809,10.430000305175781,10.199999809265137,10.229999542236328,9.639812469482422,31350
CIRA.CA,Real Estate,2023-10-02 21:00:00,10.229999542236328,10.390000343322754,10.199999809265137,10.210000038146973,9.620966911315918,35442
CIRA.CA,Real Estate,2023-10-03 21:00:00,10.210000038146973,10.350000381469727,10.180000305175781,10.199999809265137,9.611542701721191,51382
CIRA.CA,Real Estate,2023-10-07 21:00:00,10.199999809265137,10.289999961853027,9.510000228881836,9.680000305175781,9.121542930603027,163195
CIRA.CA,Real Estate,2023-10-08 21:00:00,9.680000305175781,10.0,9.699999809265137,9.850000381469727,9.28173542022705,38287
CIRA.CA,Real Estate,2023-10-09 21:00:00,9.850000381469727,10.140000343322754,9.850000381469727,10.020000457763672,9.44192886352539,50357
CIRA.CA,Real Estate,2023-10-10 21:00:00,10.020000457763672,10.279999732971191,10.0,10.0,9.423081398010254,263705
CIRA.CA,Real Estate,2023-10-11 21:00:00,10.0,10.25,9.899999618530273,10.0,9.423081398010254,114341
CIRA.CA,Real Estate,2023-10-14 21:00:00,10.0,10.0,9.800000190734863,9.8100004196167,9.244043350219727,111954
CIRA.CA,Real Estate,2023-10-15 21:00:00,9.8100004196167,10.170000076293945,9.75,9.899999618530273,9.328850746154785,1146054
CIRA.CA,Real Estate,2023-10-16 21:00:00,9.899999618530273,10.390000343322754,9.949999809265137,10.010000228881836,9.432504653930664,2006910
CIRA.CA,Real Estate,2023-10-17 21:00:00,10.010000228881836,10.199999809265137,9.800000190734863,9.8100004196167,9.244043350219727,1452097
CIRA.CA,Real Estate,2023-10-18 21:00:00,9.8100004196167,9.8100004196167,9.8100004196167,9.8100004196167,9.244043350219727,0
CIRA.CA,Real Estate,2023-10-21 21:00:00,9.699999809265137,9.869999885559082,9.699999809265137,9.739999771118164,9.178080558776855,97082
CIRA.CA,Real Estate,2023-10-22 21:00:00,9.739999771118164,9.920000076293945,9.75,9.779999732971191,9.21577262878418,309398
CIRA.CA,Real Estate,2023-10-23 21:00:00,9.779999732971191,9.800000190734863,9.699999809265137,9.75,9.187504768371582,351888
CIRA.CA,Real Estate,2023-10-24 21:00:00,9.75,9.829999923706055,9.729999542236328,9.800000190734863,9.234620094299316,221346
CIRA.CA,Real Estate,2023-10-25 21:00:00,9.800000190734863,10.390000343322754,9.8100004196167,10.270000457763672,9.677504539489746,587476
CIRA.CA,Real Estate,2023-10-28 22:00:00,10.270000457763672,10.470000267028809,10.100000381469727,10.15999984741211,9.573850631713867,244626
CIRA.CA,Real Estate,2023-10-29 22:00:00,10.15999984741211,10.390000343322754,10.010000228881836,10.130000114440918,9.54558277130127,174479
CIRA.CA,Real Estate,2023-10-30 22:00:00,10.130000114440918,10.229999542236328,10.0600004196167,10.119999885559082,9.536158561706543,149944
CIRA.CA,Real Estate,2023-10-31 22:00:00,10.119999885559082,10.149999618530273,10.0,10.050000190734863,9.470196723937988,73597
CIRA.CA,Real Estate,2023-11-01 22:00:00,10.050000190734863,10.5,10.0,10.430000305175781,9.828274726867676,436230
CIRA.CA,Real Estate,2023-11-04 22:00:00,10.430000305175781,10.579999923706055,10.359999656677246,10.449999809265137,9.847119331359863,389139
CIRA.CA,Real Estate,2023-11-05 22:00:00,10.449999809265137,10.550000190734863,10.390000343322754,10.449999809265137,9.847119331359863,85387
CIRA.CA,Real Estate,2023-11-06 22:00:00,10.449999809265137,11.489999771118164,10.300000190734863,11.109999656677246,10.469043731689453,2480548
CIRA.CA,Real Estate,2023-11-07 22:00:00,11.109999656677246,11.390000343322754,10.670000076293945,10.880000114440918,10.478890419006348,896641
CIRA.CA,Real Estate,2023-11-08 22:00:00,10.880000114440918,11.399999618530273,10.729999542236328,11.029999732971191,10.623360633850098,597795
CIRA.CA,Real Estate,2023-11-11 22:00:00,11.029999732971191,11.600000381469727,11.0,11.0,10.594466209411621,785207
CIRA.CA,Real Estate,2023-11-12 22:00:00,11.0,11.399999618530273,11.0,11.050000190734863,10.642623901367188,60629
CIRA.CA,Real Estate,2023-11-13 22:00:00,11.050000190734863,11.399999618530273,10.800000190734863,11.289999961853027,10.873774528503418,664124
CIRA.CA,Real Estate,2023-11-14 22:00:00,11.289999961853027,11.899999618530273,11.079999923706055,11.84000015258789,11.403498649597168,485695
CIRA.CA,Real Estate,2023-11-15 22:00:00,11.84000015258789,12.100000381469727,11.460000038146973,11.520000457763672,11.095295906066895,749647
CIRA.CA,Real Estate,2023-11-18 22:00:00,11.520000457763672,12.9399995803833,11.600000381469727,12.800000190734863,12.328105926513672,2070946
CIRA.CA,Real Estate,2023-11-19 22:00:00,12.800000190734863,12.920000076293945,11.600000381469727,12.720000267028809,12.251055717468262,428434
CIRA.CA,Real Estate,2023-11-20 22:00:00,12.720000267028809,12.800000190734863,12.100000381469727,12.699999809265137,12.231792449951172,488094
CIRA.CA,Real Estate,2023-11-21 22:00:00,12.699999809265137,13.0,12.300000190734863,12.8100004196167,12.337738037109375,936926
CIRA.CA,Real Estate,2023-11-22 22:00:00,12.8100004196167,13.699999809265137,12.710000038146973,13.289999961853027,12.800042152404785,351113
CIRA.CA,Real Estate,2023-11-25 22:00:00,13.289999961853027,14.0,12.649999618530273,12.880000114440918,12.405157089233398,224185
CIRA.CA,Real Estate,2023-11-26 22:00:00,12.880000114440918,13.149999618530273,12.880000114440918,13.079999923706055,12.597784042358398,426154
CIRA.CA,Real Estate,2023-11-27 22:00:00,13.079999923706055,13.399999618530273,12.920000076293945,13.010000228881836,12.530364036560059,347482
CIRA.CA,Real Estate,2023-11-28 22:00:00,13.010000228881836,13.270000457763672,13.010000228881836,13.100000381469727,12.617046356201172,971190
CIRA.CA,Real Estate,2023-11-29 22:00:00,13.100000381469727,13.149999618530273,13.069999694824219,13.100000381469727,12.617046356201172,1684955
CIRA.CA,Real Estate,2023-12-02 22:00:00,13.100000381469727,13.239999771118164,12.899999618530273,13.09000015258789,12.607415199279785,232419
CIRA.CA,Real Estate,2023-12-03 22:00:00,13.09000015258789,13.319999694824219,12.829999923706055,13.25,12.761516571044922,222008
CIRA.CA,Real Estate,2023-12-04 22:00:00,13.25,13.390000343322754,13.100000381469727,13.140000343322754,12.655571937561035,32437
CIRA.CA,Real Estate,2023-12-05 22:00:00,13.140000343322754,13.390000343322754,13.109999656677246,13.25,12.761516571044922,540115
CIRA.CA,Real Estate,2023-12-06 22:00:00,13.25,13.979999542236328,13.329999923706055,13.5,13.002300262451172,1319899
CIRA.CA,Real Estate,2023-12-09 22:00:00,13.5,14.0,13.350000381469727,13.5,13.002300262451172,710397
CIRA.CA,Real Estate,2023-12-10 22:00:00,13.5,14.0,13.300000190734863,13.869999885559082,13.358658790588379,842533
CIRA.CA,Real Estate,2023-12-11 22:00:00,13.869999885559082,14.0,13.5,13.529999732971191,13.031192779541016,347423
CIRA.CA,Real Estate,2023-12-12 22:00:00,13.529999732971191,14.0,13.600000381469727,13.9399995803833,13.426077842712402,196819
CIRA.CA,Real Estate,2023-12-13 22:00:00,13.9399995803833,14.0,13.510000228881836,13.569999694824219,13.069718360900879,78735
CIRA.CA,Real Estate,2023-12-16 22:00:00,13.569999694824219,14.0,13.369999885559082,13.430000305175781,12.934880256652832,61864
CIRA.CA,Real Estate,2023-12-17 22:00:00,13.430000305175781,14.140000343322754,13.5,14.0,13.483866691589355,439277
CIRA.CA,Real Estate,2023-12-18 22:00:00,14.0,13.989999771118164,13.680000305175781,14.0,13.483866691589355,4640
CIRA.CA,Real Estate,2023-12-19 22:00:00,14.0,13.930000305175781,13.600000381469727,13.649999618530273,13.146769523620605,116956
CIRA.CA,Real Estate,2023-12-20 22:00:00,13.649999618530273,13.930000305175781,13.399999618530273,13.5,13.002300262451172,1364211
CIRA.CA,Real Estate,2023-12-23 22:00:00,13.5,13.5,13.5,13.5,13.002300262451172,0
CIRA.CA,Real Estate,2023-12-24 22:00:00,13.5,13.699999809265137,13.0,13.489999771118164,12.992668151855469,117295
CIRA.CA,Real Estate,2023-12-25 22:00:00,13.489999771118164,13.680000305175781,13.25,13.5,13.002300262451172,537425
CIRA.CA,Real Estate,2023-12-26 22:00:00,13.5,13.539999961853027,13.25,13.5,13.002300262451172,2221013
CIRA.CA,Real Estate,2023-12-27 22:00:00,13.5,13.5,13.260000228881836,13.350000381469727,12.857830047607422,111045
CIRA.CA,Real Estate,2023-12-30 22:00:00,13.350000381469727,13.699999809265137,13.130000114440918,13.359999656677246,12.867460250854492,133673
CIRA.CA,Real Estate,2024-01-01 22:00:00,13.359999656677246,13.649999618530273,13.229999542236328,13.489999771118164,12.992668151855469,329237
CIRA.CA,Real Estate,2024-01-02 22:00:00,13.489999771118164,13.5,13.3100004196167,13.5,13.002300262451172,162610
CIRA.CA,Real Estate,2024-01-03 22:00:00,13.5,13.550000190734863,13.319999694824219,13.489999771118164,12.992668151855469,535133
CIRA.CA,Real Estate,2024-01-07 22:00:00,13.489999771118164,13.5,13.319999694824219,13.489999771118164,12.992668151855469,9858
CIRA.CA,Real Estate,2024-01-08 22:00:00,13.489999771118164,13.449999809265137,13.289999961853027,13.300000190734863,12.809672355651855,197431
CIRA.CA,Real Estate,2024-01-09 22:00:00,13.300000190734863,13.399999618530273,13.050000190734863,13.170000076293945,12.684466361999512,41672
CIRA.CA,Real Estate,2024-01-10 22:00:00,13.170000076293945,13.329999923706055,13.09000015258789,13.170000076293945,12.684466361999512,10764
CIRA.CA,Real Estate,2024-01-13 22:00:00,13.170000076293945,13.300000190734863,13.050000190734863,13.239999771118164,12.751884460449219,32551
CIRA.CA,Real Estate,2024-01-14 22:00:00,13.239999771118164,13.350000381469727,13.180000305175781,13.199999809265137,12.713358879089355,1872487
CIRA.CA,Real Estate,2024-01-15 22:00:00,13.199999809265137,13.350000381469727,13.010000228881836,13.199999809265137,12.713358879089355,287656
CIRA.CA,Real Estate,2024-01-16 22:00:00,13.199999809265137,13.369999885559082,13.210000038146973,13.270000457763672,12.780779838562012,41612
CIRA.CA,Real Estate,2024-01-17 22:00:00,13.270000457763672,13.600000381469727,13.270000457763672,13.600000381469727,13.098613739013672,260621
CIRA.CA,Real Estate,2024-01-20 22:00:00,13.600000381469727,13.800000190734863,13.380000114440918,13.5,13.002300262451172,232797
CIRA.CA,Real Estate,2024-01-21 22:00:00,13.5,13.800000190734863,13.399999618530273,13.550000190734863,13.050456047058105,419091
CIRA.CA,Real Estate,2024-01-22 22:00:00,13.550000190734863,13.75,13.550000190734863,13.65999984741211,13.156400680541992,399324
CIRA.CA,Real Estate,2024-01-23 22:00:00,13.65999984741211,14.649999618530273,13.699999809265137,14.010000228881836,13.493497848510742,960709
CIRA.CA,Real Estate,2024-01-27 22:00:00,14.010000228881836,14.5,14.100000381469727,14.239999771118164,13.715017318725586,135380
CIRA.CA,Real Estate,2024-01-28 22:00:00,14.239999771118164,14.399999618530273,14.0,14.25,13.724649429321289,799063
CIRA.CA,Real Estate,2024-01-29 22:00:00,14.25,14.600000381469727,14.300000190734863,14.40999984741211,13.878750801086426,322006
CIRA.CA,Real Estate,2024-01-30 22:00:00,14.40999984741211,14.699999809265137,13.5,14.0,13.483866691589355,818756
CIRA.CA,Real Estate,2024-01-31 22:00:00,14.0,14.0,12.75,13.800000190734863,13.291239738464355,3632582
CIRA.CA,Real Estate,2024-02-03 22:00:00,13.800000190734863,13.739999771118164,13.010000228881836,13.220000267028809,12.732622146606445,98662
CIRA.CA,Real Estate,2024-02-04 22:00:00,13.220000267028809,14.0,13.199999809265137,13.520000457763672,13.021562576293945,27388
CIRA.CA,Real Estate,2024-02-05 22:00:00,13.520000457763672,13.899999618530273,13.359999656677246,13.520000457763672,13.021562576293945,11015
CIRA.CA,Real Estate,2024-02-06 22:00:00,13.520000457763672,13.5,13.100000381469727,13.520000457763672,13.021562576293945,9497
CIRA.CA,Real Estate,2024-02-07 22:00:00,13.520000457763672,13.390000343322754,12.569999694824219,13.130000114440918,12.645939826965332,30105
CIRA.CA,Real Estate,2024-02-10 22:00:00,13.130000114440918,13.399999618530273,13.020000457763672,13.130000114440918,12.645939826965332,6375
CIRA.CA,Real Estate,2024-02-11 22:00:00,13.130000114440918,13.399999618530273,12.899999618530273,13.0,12.520732879638672,67070
CIRA.CA,Real Estate,2024-02-12 22:00:00,13.0,13.600000381469727,13.140000343322754,13.470000267028809,12.973405838012695,45875
CIRA.CA,Real Estate,2024-02-13 22:00:00,13.470000267028809,13.5,13.279999732971191,13.470000267028809,12.973405838012695,8187
CIRA.CA,Real Estate,2024-02-14 22:00:00,13.470000267028809,13.5,13.329999923706055,13.470000267028809,12.973405838012695,7413
CIRA.CA,Real Estate,2024-02-17 22:00:00,13.470000267028809,13.470000267028809,13.470000267028809,13.470000267028809,12.973405838012695,0
CIRA.CA,Real Estate,2024-02-18 22:00:00,13.3100004196167,13.6899995803833,13.010000228881836,13.300000190734863,12.809672355651855,6064880
CIRA.CA,Real Estate,2024-02-19 22:00:00,13.300000190734863,13.899999618530273,13.300000190734863,13.5,13.002300262451172,965571
CIRA.CA,Real Estate,2024-02-20 22:00:00,13.5,13.800000190734863,13.5,13.680000305175781,13.175663948059082,229684
CIRA.CA,Real Estate,2024-02-21 22:00:00,13.680000305175781,13.770000457763672,13.359999656677246,13.489999771118164,12.992668151855469,989054
CIRA.CA,Real Estate,2024-02-24 22:00:00,13.489999771118164,13.789999961853027,13.020000457763672,13.350000381469727,12.857830047607422,167735
CIRA.CA,Real Estate,2024-02-25 22:00:00,13.350000381469727,13.6899995803833,13.0,13.0,12.520732879638672,3483657
CIRA.CA,Real Estate,2024-02-26 22:00:00,13.0,13.5,13.039999961853027,13.399999618530273,12.905986785888672,600357
CIRA.CA,Real Estate,2024-02-27 22:00:00,13.399999618530273,13.600000381469727,13.210000038146973,13.279999732971191,12.790410041809082,517545
CIRA.CA,Real Estate,2024-02-28 22:00:00,13.279999732971191,13.699999809265137,13.109999656677246,13.350000381469727,12.857830047607422,113801
CIRA.CA,Real Estate,2024-03-02 22:00:00,13.350000381469727,13.369999885559082,13.210000038146973,13.350000381469727,12.857830047607422,13442
CIRA.CA,Real Estate,2024-03-03 22:00:00,13.350000381469727,13.5,13.170000076293945,13.199999809265137,12.713358879089355,411678
CIRA.CA,Real Estate,2024-03-04 22:00:00,13.199999809265137,13.5,13.069999694824219,13.319999694824219,12.828934669494629,34027
CIRA.CA,Real Estate,2024-03-05 22:00:00,13.319999694824219,14.0,13.210000038146973,13.5,13.002300262451172,245920
CIRA.CA,Real Estate,2024-03-06 22:00:00,13.5,13.770000457763672,12.800000190734863,13.25,12.761516571044922,74656
CIRA.CA,Real Estate,2024-03-09 22:00:00,13.25,13.699999809265137,13.039999961853027,13.260000228881836,12.771147727966309,601270
CIRA.CA,Real Estate,2024-03-10 22:00:00,13.260000228881836,13.770000457763672,12.699999809265137,13.40999984741211,12.915616989135742,566445
CIRA.CA,Real Estate,2024-03-11 22:00:00,13.40999984741211,13.399999618530273,12.710000038146973,12.880000114440918,12.405157089233398,233201
CIRA.CA,Real Estate,2024-03-12 22:00:00,12.880000114440918,13.0,12.0,12.470000267028809,12.010272979736328,408305
CIRA.CA,Real Estate,2024-03-13 22:00:00,12.470000267028809,12.979999542236328,11.529999732971191,12.100000381469727,11.653913497924805,88797
CIRA.CA,Real Estate,2024-03-16 22:00:00,12.100000381469727,12.859999656677246,12.0,12.710000038146973,12.241423606872559,184872
CIRA.CA,Real Estate,2024-03-17 22:00:00,12.710000038146973,12.899999618530273,12.0,12.359999656677246,11.904327392578125,283268
CIRA.CA,Real Estate,2024-03-18 22:00:00,12.359999656677246,12.380000114440918,11.510000228881836,12.100000381469727,11.653913497924805,619002
CIRA.CA,Real Estate,2024-03-19 22:00:00,12.100000381469727,12.600000381469727,12.0,12.0,11.557599067687988,31059
CIRA.CA,Real Estate,2024-03-20 22:00:00,12.0,12.300000190734863,11.550000190734863,12.25,11.798382759094238,299569
CIRA.CA,Real Estate,2024-03-23 22:00:00,12.25,12.600000381469727,12.0,12.25,11.798382759094238,860
CIRA.CA,Real Estate,2024-03-24 22:00:00,12.25,12.5,12.100000381469727,12.390000343322754,11.933221817016602,69542
CIRA.CA,Real Estate,2024-03-25 22:00:00,12.390000343322754,12.699999809265137,12.399999618530273,12.5600004196167,12.096955299377441,60859
CIRA.CA,Real Estate,2024-03-26 22:00:00,12.5600004196167,12.600000381469727,12.210000038146973,12.319999694824219,11.865801811218262,28231
CIRA.CA,Real Estate,2024-03-27 22:00:00,12.319999694824219,12.479999542236328,12.199999809265137,12.25,11.798382759094238,233724
CIRA.CA,Real Estate,2024-03-30 22:00:00,12.25,12.399999618530273,12.0,12.25,11.798382759094238,8253
CIRA.CA,Real Estate,2024-03-31 22:00:00,12.25,12.399999618530273,12.0,12.010000228881836,11.567231178283691,179723
CIRA.CA,Real Estate,2024-04-01 22:00:00,12.010000228881836,12.399999618530273,12.010000228881836,12.010000228881836,11.567231178283691,20676
CIRA.CA,Real Estate,2024-04-02 22:00:00,12.010000228881836,12.399999618530273,12.050000190734863,12.010000228881836,11.567231178283691,5621
CIRA.CA,Real Estate,2024-04-03 22:00:00,12.010000228881836,12.399999618530273,12.0,12.0,11.557599067687988,1180771
CIRA.CA,Real Estate,2024-04-06 22:00:00,12.0,12.010000228881836,11.199999809265137,11.449999809265137,11.027876853942871,349059
CIRA.CA,Real Estate,2024-04-07 22:00:00,11.449999809265137,11.800000190734863,11.449999809265137,11.449999809265137,11.027876853942871,11976
CIRA.CA,Real Estate,2024-04-14 22:00:00,11.449999809265137,11.75,11.470000267028809,11.489999771118164,11.066401481628418,5455470
CIRA.CA,Real Estate,2024-04-15 22:00:00,11.489999771118164,11.6899995803833,11.289999961853027,11.399999618530273,10.979719161987305,2288550
CIRA.CA,Real Estate,2024-04-16 22:00:00,11.399999618530273,11.6899995803833,11.369999885559082,11.5,11.076032638549805,210472
CIRA.CA,Real Estate,2024-04-17 22:00:00,11.5,11.880000114440918,11.0,11.140000343322754,10.729305267333984,41084
CIRA.CA,Real Estate,2024-04-20 22:00:00,11.140000343322754,11.720000267028809,11.050000190734863,11.109999656677246,10.700410842895508,112051
CIRA.CA,Real Estate,2024-04-21 22:00:00,11.109999656677246,11.489999771118164,11.100000381469727,11.109999656677246,10.700410842895508,2070
CIRA.CA,Real Estate,2024-04-22 22:00:00,11.109999656677246,11.489999771118164,10.5600004196167,11.109999656677246,10.700410842895508,23390
CIRA.CA,Real Estate,2024-04-23 22:00:00,11.109999656677246,11.1899995803833,10.5600004196167,11.109999656677246,10.700410842895508,20050
CIRA.CA,Real Estate,2024-04-27 21:00:00,11.109999656677246,11.109999656677246,11.109999656677246,11.109999656677246,10.700410842895508,0
CIRA.CA,Real Estate,2024-04-28 21:00:00,11.0,11.109999656677246,10.100000381469727,11.0,10.594466209411621,1156552
CIRA.CA,Real Estate,2024-04-29 21:00:00,11.0,11.109999656677246,10.65999984741211,10.979999542236328,10.575202941894531,7356127
CIRA.CA,Real Estate,2024-05-01 21:00:00,11.5,13.5,11.25,12.829999923706055,12.357000350952148,2355064
CIRA.CA,Real Estate,2024-05-06 21:00:00,12.829999923706055,14.890000343322754,13.0,14.09000015258789,13.570549011230469,15948956
CIRA.CA,Real Estate,2024-05-07 21:00:00,14.09000015258789,14.470000267028809,13.010000228881836,13.760000228881836,13.252714157104492,6659018
CIRA.CA,Real Estate,2024-05-08 21:00:00,13.760000228881836,14.4399995803833,13.359999656677246,14.119999885559082,13.599441528320312,6363061
CIRA.CA,Real Estate,2024-05-11 21:00:00,14.119999885559082,14.449999809265137,13.800000190734863,13.90999984741211,13.397184371948242,4557359
CIRA.CA,Real Estate,2024-05-12 21:00:00,13.90999984741211,14.0,13.5600004196167,13.800000190734863,13.291239738464355,2922367
CIRA.CA,Real Estate,2024-05-13 21:00:00,13.800000190734863,13.9399995803833,13.720000267028809,13.819999694824219,13.310501098632812,231296
CIRA.CA,Real Estate,2024-05-14 21:00:00,13.819999694824219,13.979999542236328,13.5600004196167,13.65999984741211,13.156400680541992,160739
CIRA.CA,Real Estate,2024-05-15 21:00:00,13.65999984741211,13.989999771118164,13.65999984741211,13.899999618530273,13.387553215026855,325910
CIRA.CA,Real Estate,2024-05-18 21:00:00,13.899999618530273,13.899999618530273,13.600000381469727,13.800000190734863,13.291239738464355,400692
CIRA.CA,Real Estate,2024-05-19 21:00:00,13.800000190734863,13.800000190734863,13.529999732971191,13.600000381469727,13.098613739013672,958765
CIRA.CA,Real Estate,2024-05-20 21:00:00,13.600000381469727,13.699999809265137,13.350000381469727,13.510000228881836,13.011930465698242,298227
CIRA.CA,Real Estate,2024-05-21 21:00:00,13.510000228881836,13.40999984741211,13.199999809265137,13.350000381469727,12.857830047607422,155336
CIRA.CA,Real Estate,2024-05-22 21:00:00,13.350000381469727,13.699999809265137,13.069999694824219,13.4399995803833,12.944511413574219,510235
CIRA.CA,Real Estate,2024-05-25 21:00:00,13.4399995803833,13.4399995803833,13.4399995803833,13.4399995803833,12.944511413574219,0
CIRA.CA,Real Estate,2024-05-26 21:00:00,13.670000076293945,13.789999961853027,13.5,13.550000190734863,13.050456047058105,171381
CIRA.CA,Real Estate,2024-05-27 21:00:00,13.550000190734863,13.699999809265137,13.40999984741211,13.680000305175781,13.175663948059082,122018
CIRA.CA,Real Estate,2024-05-28 21:00:00,13.680000305175781,13.880000114440918,13.350000381469727,13.5600004196167,13.060088157653809,2184287
CIRA.CA,Real Estate,2024-05-29 21:00:00,13.5600004196167,13.800000190734863,13.5,13.699999809265137,13.194926261901855,1151073
CIRA.CA,Real Estate,2024-06-01 21:00:00,13.699999809265137,14.0,13.399999618530273,13.569999694824219,13.069718360900879,3739692
CIRA.CA,Real Estate,2024-06-02 21:00:00,13.569999694824219,13.550000190734863,13.300000190734863,13.40999984741211,12.915616989135742,84496
CIRA.CA,Real Estate,2024-06-03 21:00:00,13.40999984741211,13.59000015258789,13.319999694824219,13.5,13.002300262451172,140388
CIRA.CA,Real Estate,2024-06-04 21:00:00,13.5,13.619999885559082,13.399999618530273,13.600000381469727,13.098613739013672,118266
CIRA.CA,Real Estate,2024-06-05 21:00:00,13.600000381469727,13.609999656677246,13.300000190734863,13.399999618530273,12.905986785888672,372387
CIRA.CA,Real Estate,2024-06-08 21:00:00,13.399999618530273,13.5,13.050000190734863,13.229999542236328,12.742253303527832,255575
CIRA.CA,Real Estate,2024-06-09 21:00:00,13.229999542236328,13.699999809265137,13.25,13.670000076293945,13.166032791137695,85238
CIRA.CA,Real Estate,2024-06-10 21:00:00,13.670000076293945,13.800000190734863,13.300000190734863,13.75,13.243083000183105,182449
CIRA.CA,Real Estate,2024-06-11 21:00:00,13.75,14.890000343322754,13.699999809265137,14.520000457763672,13.984696388244629,627711
CIRA.CA,Real Estate,2024-06-12 21:00:00,14.520000457763672,14.739999771118164,14.0,14.170000076293945,13.647599220275879,514774
CIRA.CA,Real Estate,2024-06-22 21:00:00,14.170000076293945,14.170000076293945,13.699999809265137,13.770000457763672,13.262346267700195,82384
CIRA.CA,Real Estate,2024-06-23 21:00:00,13.770000457763672,13.949999809265137,13.399999618530273,13.470000267028809,12.973405838012695,630102
CIRA.CA,Real Estate,2024-06-24 21:00:00,13.470000267028809,13.739999771118164,13.399999618530273,13.680000305175781,13.175663948059082,1497416
CIRA.CA,Real Estate,2024-06-25 21:00:00,13.680000305175781,13.75,13.399999618530273,13.5,13.002300262451172,154266
CIRA.CA,Real Estate,2024-06-26 21:00:00,13.5,13.649999618530273,13.399999618530273,13.399999618530273,12.905986785888672,587647
CIRA.CA,Real Estate,2024-07-01 21:00:00,13.5,13.770000457763672,13.5,13.510000228881836,13.011930465698242,588462
CIRA.CA,Real Estate,2024-07-02 21:00:00,13.510000228881836,13.989999771118164,13.25,13.609999656677246,13.108243942260742,1110860
CIRA.CA,Real Estate,2024-07-03 21:00:00,13.609999656677246,13.800000190734863,13.5,13.510000228881836,13.011930465698242,39045
CIRA.CA,Real Estate,2024-07-06 21:00:00,13.510000228881836,13.699999809265137,13.430000305175781,13.5,13.002300262451172,185867
CIRA.CA,Real Estate,2024-07-07 21:00:00,13.5,13.600000381469727,13.430000305175781,13.5,13.002300262451172,1583443
CIRA.CA,Real Estate,2024-07-08 21:00:00,13.5,13.600000381469727,13.399999618530273,13.399999618530273,12.905986785888672,913953
CIRA.CA,Real Estate,2024-07-09 21:00:00,13.399999618530273,14.0,13.5,13.84000015258789,13.329765319824219,444483
CIRA.CA,Real Estate,2024-07-13 21:00:00,13.84000015258789,13.979999542236328,13.5600004196167,13.84000015258789,13.329765319824219,19814
CIRA.CA,Real Estate,2024-07-14 21:00:00,13.84000015258789,13.899999618530273,13.5,13.760000228881836,13.252714157104492,63725
CIRA.CA,Real Estate,2024-07-15 21:00:00,13.760000228881836,13.899999618530273,13.600000381469727,13.760000228881836,13.252714157104492,11961
CIRA.CA,Real Estate,2024-07-16 21:00:00,13.760000228881836,13.850000381469727,13.600000381469727,13.649999618530273,13.146769523620605,66504
CIRA.CA,Real Estate,2024-07-17 21:00:00,13.649999618530273,13.949999809265137,13.420000076293945,13.619999885559082,13.117875099182129,493290
CIRA.CA,Real Estate,2024-07-20 21:00:00,13.619999885559082,13.920000076293945,13.449999809265137,13.850000381469727,13.339396476745605,35532
CIRA.CA,Real Estate,2024-07-21 21:00:00,13.850000381469727,13.989999771118164,13.710000038146973,13.84000015258789,13.329765319824219,1556192
CIRA.CA,Real Estate,2024-07-22 21:00:00,13.84000015258789,14.0,13.84000015258789,13.979999542236328,13.464603424072266,250013
CIRA.CA,Real Estate,2024-07-23 21:00:00,13.979999542236328,13.890000343322754,13.5,13.800000190734863,13.291239738464355,124665
CIRA.CA,Real Estate,2024-07-27 21:00:00,13.800000190734863,13.949999809265137,13.600000381469727,13.800000190734863,13.291239738464355,6517
CIRA.CA,Real Estate,2024-07-28 21:00:00,13.800000190734863,13.989999771118164,13.600000381469727,13.600000381469727,13.098613739013672,573531
CIRA.CA,Real Estate,2024-07-29 21:00:00,13.600000381469727,13.850000381469727,13.609999656677246,13.600000381469727,13.098613739013672,20607
CIRA.CA,Real Estate,2024-07-30 21:00:00,13.600000381469727,13.640000343322754,13.600000381469727,13.600000381469727,13.098613739013672,4292
CIRA.CA,Real Estate,2024-07-31 21:00:00,13.600000381469727,13.989999771118164,13.649999618530273,13.789999961853027,13.281608581542969,345742
CIRA.CA,Real Estate,2024-08-03 21:00:00,13.789999961853027,13.649999618530273,13.529999732971191,13.789999961853027,13.281608581542969,18786
CIRA.CA,Real Estate,2024-08-04 21:00:00,13.789999961853027,13.600000381469727,13.359999656677246,13.600000381469727,13.098613739013672,114216
CIRA.CA,Real Estate,2024-08-05 21:00:00,13.600000381469727,13.699999809265137,13.399999618530273,13.5,13.002300262451172,566740
CIRA.CA,Real Estate,2024-08-06 21:00:00,13.5,13.649999618530273,13.319999694824219,13.5,13.002300262451172,4375
CIRA.CA,Real Estate,2024-08-07 21:00:00,13.5,13.600000381469727,13.40999984741211,13.5,13.002300262451172,5597
CIRA.CA,Real Estate,2024-08-10 21:00:00,13.5,13.600000381469727,13.449999809265137,13.5,13.002300262451172,42456
CIRA.CA,Real Estate,2024-08-11 21:00:00,13.5,13.539999961853027,13.399999618530273,13.5,13.002300262451172,42605
CIRA.CA,Real Estate,2024-08-12 21:00:00,13.5,13.59000015258789,13.470000267028809,13.5,13.002300262451172,65197
CIRA.CA,Real Estate,2024-08-13 21:00:00,13.5,13.569999694824219,13.399999618530273,13.5,13.002300262451172,2672924
CIRA.CA,Real Estate,2024-08-14 21:00:00,13.5,15.0,13.550000190734863,13.970000267028809,13.454972267150879,696252
CIRA.CA,Real Estate,2024-08-17 21:00:00,13.970000267028809,14.0,13.40999984741211,13.520000457763672,13.021562576293945,73218
CIRA.CA,Real Estate,2024-08-18 21:00:00,13.520000457763672,13.5600004196167,13.3100004196167,13.460000038146973,12.963774681091309,23934
CIRA.CA,Real Estate,2024-08-19 21:00:00,13.460000038146973,13.699999809265137,13.5,13.460000038146973,12.963774681091309,12647
CIRA.CA,Real Estate,2024-08-20 21:00:00,13.460000038146973,13.699999809265137,13.550000190734863,13.600000381469727,13.098613739013672,48210
CIRA.CA,Real Estate,2024-08-21 21:00:00,13.600000381469727,13.979999542236328,13.59000015258789,13.600000381469727,13.098613739013672,18940
CIRA.CA,Real Estate,2024-08-24 21:00:00,13.600000381469727,13.800000190734863,13.600000381469727,13.600000381469727,13.098613739013672,11561
CIRA.CA,Real Estate,2024-08-25 21:00:00,13.600000381469727,13.800000190734863,13.5,13.600000381469727,13.098613739013672,1036527
CIRA.CA,Real Estate,2024-08-26 21:00:00,13.600000381469727,13.800000190734863,13.449999809265137,13.5,13.002300262451172,42927
CIRA.CA,Real Estate,2024-08-27 21:00:00,13.5,13.6899995803833,13.40999984741211,13.5,13.002300262451172,17533
CIRA.CA,Real Estate,2024-08-28 21:00:00,13.5,13.600000381469727,13.350000381469727,13.5,13.002300262451172,118512
CIRA.CA,Real Estate,2024-08-31 21:00:00,13.5,13.59000015258789,13.399999618530273,13.5,13.002300262451172,1394
CIRA.CA,Real Estate,2024-09-01 21:00:00,13.5,13.579999923706055,13.329999923706055,13.390000343322754,12.896355628967285,50315
CIRA.CA,Real Estate,2024-09-02 21:00:00,13.390000343322754,13.59000015258789,13.350000381469727,13.390000343322754,12.896355628967285,6086
CIRA.CA,Real Estate,2024-09-03 21:00:00,13.390000343322754,13.579999923706055,13.390000343322754,13.390000343322754,12.896355628967285,1536
CIRA.CA,Real Estate,2024-09-04 21:00:00,13.390000343322754,13.680000305175781,13.399999618530273,13.390000343322754,12.896355628967285,16917
CIRA.CA,Real Estate,2024-09-07 21:00:00,13.390000343322754,13.680000305175781,13.329999923706055,13.449999809265137,12.954142570495605,49161
CIRA.CA,Real Estate,2024-09-08 21:00:00,13.449999809265137,13.579999923706055,13.3100004196167,13.449999809265137,12.954142570495605,14443
CIRA.CA,Real Estate,2024-09-09 21:00:00,13.449999809265137,13.800000190734863,13.359999656677246,13.75,13.243083000183105,313040
CIRA.CA,Real Estate,2024-09-10 21:00:00,13.75,13.649999618530273,13.380000114440918,13.75,13.243083000183105,21199
CIRA.CA,Real Estate,2024-09-11 21:00:00,13.75,13.680000305175781,13.40999984741211,13.75,13.243083000183105,1235
CIRA.CA,Real Estate,2024-09-15 21:00:00,13.75,13.75,13.399999618530273,13.75,13.243083000183105,16839
CIRA.CA,Real Estate,2024-09-16 21:00:00,13.75,13.779999732971191,13.380000114440918,13.479999542236328,12.983036994934082,866518
CIRA.CA,Real Estate,2024-09-17 21:00:00,13.479999542236328,13.600000381469727,13.399999618530273,13.479999542236328,12.983036994934082,15254
CIRA.CA,Real Estate,2024-09-18 21:00:00,13.479999542236328,13.699999809265137,13.479999542236328,13.520000457763672,13.021562576293945,41593
CIRA.CA,Real Estate,2024-09-21 21:00:00,13.520000457763672,13.649999618530273,12.5,13.619999885559082,13.117875099182129,87927
CIRA.CA,Real Estate,2024-09-22 21:00:00,13.619999885559082,13.680000305175781,13.350000381469727,13.380000114440918,12.886723518371582,124681
CIRA.CA,Real Estate,2024-09-23 21:00:00,13.770000457763672,13.890000343322754,13.609999656677246,13.869999885559082,13.358658790588379,1321399
CIRA.CA,Real Estate,2024-09-24 21:00:00,13.59000015258789,14.119999885559082,13.510000228881836,13.770000457763672,13.262346267700195,119549
CIRA.CA,Real Estate,2024-09-25 21:00:00,13.770000457763672,13.890000343322754,13.609999656677246,13.800000190734863,13.291239738464355,1321399
CIRA.CA,Real Estate,2024-09-28 21:00:00,13.800000190734863,13.979999542236328,13.609999656677246,13.869999885559082,13.358658790588379,34593
CIRA.CA,Real Estate,2024-09-29 21:00:00,13.869999885559082,13.960000038146973,13.680000305175781,13.710000038146973,13.204557418823242,32136
CIRA.CA,Real Estate,2024-09-30 21:00:00,13.710000038146973,14.100000381469727,13.75,13.979999542236328,13.464603424072266,688201
CIRA.CA,Real Estate,2024-10-01 21:00:00,13.979999542236328,14.479999542236328,13.9399995803833,14.0,13.483866691589355,2521581
CIRA.CA,Real Estate,2024-10-02 21:00:00,14.0,14.989999771118164,14.0,14.390000343322754,13.859488487243652,1759329
CIRA.CA,Real Estate,2024-10-06 21:00:00,14.390000343322754,14.800000190734863,14.010000228881836,14.399999618530273,13.869119644165039,1730258
CIRA.CA,Real Estate,2024-10-07 21:00:00,14.399999618530273,14.5,13.859999656677246,14.289999961853027,13.763175010681152,343675
CIRA.CA,Real Estate,2024-10-08 21:00:00,14.289999961853027,14.970000267028809,14.300000190734863,14.800000190734863,14.254373550415039,936958
CIRA.CA,Real Estate,2024-10-09 21:00:00,14.800000190734863,14.869999885559082,14.5,14.65999984741211,14.11953353881836,290511
CIRA.CA,Real Estate,2024-10-12 21:00:00,14.65999984741211,14.859999656677246,14.300000190734863,14.399999618530273,13.869119644165039,77506
CIRA.CA,Real Estate,2024-10-13 21:00:00,14.399999618530273,14.449999809265137,13.890000343322754,14.390000343322754,13.859488487243652,87762
CIRA.CA,Real Estate,2024-10-14 21:00:00,14.390000343322754,14.899999618530273,14.399999618530273,14.699999809265137,14.158059120178223,469905
CIRA.CA,Real Estate,2024-10-15 21:00:00,14.699999809265137,14.869999885559082,14.109999656677246,14.430000305175781,13.8980131149292,141727
CIRA.CA,Real Estate,2024-10-16 21:00:00,14.430000305175781,14.739999771118164,14.5,14.5,13.965433120727539,257270
CIRA.CA,Real Estate,2024-10-19 21:00:00,14.5,14.569999694824219,14.0,14.0600004196167,13.541654586791992,75227
CIRA.CA,Real Estate,2024-10-20 21:00:00,14.0600004196167,14.319999694824219,14.0,14.210000038146973,13.686124801635742,68631
CIRA.CA,Real Estate,2024-10-21 21:00:00,14.210000038146973,14.59000015258789,14.1899995803833,14.390000343322754,13.859488487243652,100472
CIRA.CA,Real Estate,2024-10-22 21:00:00,14.390000343322754,15.949999809265137,14.369999885559082,14.489999771118164,13.955801963806152,497496
CIRA.CA,Real Estate,2024-10-23 21:00:00,14.489999771118164,14.699999809265137,14.399999618530273,14.5,13.965433120727539,372844
CIRA.CA,Real Estate,2024-10-26 21:00:00,14.5,14.75,14.369999885559082,14.399999618530273,13.869119644165039,150277
CIRA.CA,Real Estate,2024-10-27 21:00:00,14.399999618530273,15.109999656677246,14.4399995803833,14.65999984741211,14.11953353881836,1294411
CIRA.CA,Real Estate,2024-10-28 21:00:00,14.65999984741211,14.699999809265137,13.899999618530273,14.020000457763672,13.744436264038086,936606
CIRA.CA,Real Estate,2024-10-29 21:00:00,14.020000457763672,14.149999618530273,13.850000381469727,13.899999618530273,13.626794815063477,293950
CIRA.CA,Real Estate,2024-10-30 21:00:00,13.899999618530273,14.289999961853027,13.899999618530273,13.90999984741211,13.636598587036133,3382239
CIRA.CA,Real Estate,2024-11-02 22:00:00,13.90999984741211,14.989999771118164,14.0,14.600000381469727,14.313036918640137,773950
CIRA.CA,Real Estate,2024-11-03 22:00:00,14.600000381469727,14.600000381469727,14.600000381469727,14.600000381469727,14.313036918640137,0
CIRA.CA,Real Estate,2024-11-04 22:00:00,14.600000381469727,14.600000381469727,14.050000190734863,14.220000267028809,13.940505027770996,1221267
CIRA.CA,Real Estate,2024-11-05 22:00:00,14.220000267028809,14.25,14.170000076293945,14.199999809265137,13.9208984375,718453
CIRA.CA,Real Estate,2024-11-06 22:00:00,14.199999809265137,14.329999923706055,14.100000381469727,14.100000381469727,13.822864532470703,766727
CIRA.CA,Real Estate,2024-11-09 22:00:00,14.100000381469727,14.390000343322754,14.109999656677246,14.300000190734863,14.018933296203613,643140
CIRA.CA,Real Estate,2024-11-10 22:00:00,14.300000190734863,14.329999923706055,14.149999618530273,14.300000190734863,14.018933296203613,1009786
CIRA.CA,Real Estate,2024-11-11 22:00:00,14.300000190734863,14.34000015258789,14.180000305175781,14.300000190734863,14.018933296203613,1305546
CIRA.CA,Real Estate,2024-11-12 22:00:00,14.300000190734863,14.300000190734863,14.25,14.300000190734863,14.018933296203613,538884
CIRA.CA,Real Estate,2024-11-13 22:00:00,14.300000190734863,14.329999923706055,14.210000038146973,14.279999732971191,13.9993257522583,244227
CIRA.CA,Real Estate,2024-11-16 22:00:00,14.279999732971191,14.350000381469727,14.210000038146973,14.25,13.969915390014648,43427
CIRA.CA,Real Estate,2024-11-17 22:00:00,14.25,14.210000038146973,14.119999885559082,14.180000305175781,13.901291847229004,100385
CIRA.CA,Real Estate,2024-11-18 22:00:00,14.180000305175781,14.25,14.119999885559082,14.199999809265137,13.9208984375,216477
CIRA.CA,Real Estate,2024-11-19 22:00:00,14.199999809265137,14.239999771118164,14.0600004196167,14.109999656677246,13.832667350769043,282791
CIRA.CA,Real Estate,2024-11-20 22:00:00,14.109999656677246,14.199999809265137,14.100000381469727,14.180000305175781,13.901291847229004,210481
CIRA.CA,Real Estate,2024-11-23 22:00:00,14.180000305175781,14.289999961853027,14.100000381469727,14.170000076293945,13.891488075256348,638195
CIRA.CA,Real Estate,2024-11-24 22:00:00,14.170000076293945,14.229999542236328,14.100000381469727,14.119999885559082,13.842470169067383,101333
CIRA.CA,Real Estate,2024-11-25 22:00:00,14.119999885559082,14.199999809265137,14.0600004196167,14.109999656677246,13.832667350769043,79705
CIRA.CA,Real Estate,2024-11-26 22:00:00,14.109999656677246,14.25,14.100000381469727,14.239999771118164,13.960111618041992,116388
CIRA.CA,Real Estate,2024-11-27 22:00:00,14.239999771118164,14.210000038146973,14.109999656677246,14.199999809265137,13.9208984375,68158
CIRA.CA,Real Estate,2024-11-30 22:00:00,14.199999809265137,14.199999809265137,14.15999984741211,14.199999809265137,13.9208984375,181171
CIRA.CA,Real Estate,2024-12-01 22:00:00,14.199999809265137,14.199999809265137,14.0,14.050000190734863,13.773846626281738,131681
CIRA.CA,Real Estate,2024-12-02 22:00:00,14.050000190734863,14.180000305175781,13.949999809265137,14.119999885559082,13.842470169067383,137594
CIRA.CA,Real Estate,2024-12-03 22:00:00,14.119999885559082,14.109999656677246,13.899999618530273,13.989999771118164,13.715025901794434,558962
CIRA.CA,Real Estate,2024-12-04 22:00:00,13.989999771118164,14.100000381469727,13.729999542236328,13.829999923706055,13.558170318603516,295014
CIRA.CA,Real Estate,2024-12-07 22:00:00,13.829999923706055,13.890000343322754,13.609999656677246,13.649999618530273,13.381708145141602,590281
CIRA.CA,Real Estate,2024-12-08 22:00:00,13.649999618530273,14.0,13.649999618530273,13.930000305175781,13.656205177307129,800062
CIRA.CA,Real Estate,2024-12-09 22:00:00,13.930000305175781,14.170000076293945,13.800000190734863,14.15999984741211,13.881684303283691,67374
CIRA.CA,Real Estate,2024-12-10 22:00:00,14.15999984741211,14.5,14.010000228881836,14.489999771118164,14.205198287963867,530810
CIRA.CA,Real Estate,2024-12-11 22:00:00,14.489999771118164,14.510000228881836,14.270000457763672,14.300000190734863,14.018933296203613,128092
CIRA.CA,Real Estate,2024-12-14 22:00:00,14.300000190734863,14.699999809265137,14.279999732971191,14.600000381469727,14.313036918640137,958767
CIRA.CA,Real Estate,2024-12-15 22:00:00,14.600000381469727,14.649999618530273,14.40999984741211,14.5,14.215002059936523,681098
CIRA.CA,Real Estate,2024-12-16 22:00:00,14.5,14.699999809265137,14.449999809265137,14.510000228881836,14.22480583190918,514758
CIRA.CA,Real Estate,2024-12-17 22:00:00,14.510000228881836,14.699999809265137,14.40999984741211,14.489999771118164,14.205198287963867,440975
CIRA.CA,Real Estate,2024-12-18 22:00:00,14.489999771118164,14.59000015258789,14.359999656677246,14.5,14.215002059936523,291964
CIRA.CA,Real Estate,2024-12-21 22:00:00,14.5,14.619999885559082,14.5,14.569999694824219,14.283625602722168,23254
CIRA.CA,Real Estate,2024-12-22 22:00:00,14.569999694824219,14.550000190734863,14.5,14.510000228881836,14.22480583190918,219610
CIRA.CA,Real Estate,2024-12-23 22:00:00,14.510000228881836,14.619999885559082,14.449999809265137,14.510000228881836,14.22480583190918,17946
CIRA.CA,Real Estate,2024-12-24 22:00:00,14.510000228881836,14.600000381469727,14.470000267028809,14.5,14.215002059936523,34006
CIRA.CA,Real Estate,2024-12-25 22:00:00,14.5,14.609999656677246,14.449999809265137,14.529999732971191,14.24441146850586,92718
CIRA.CA,Real Estate,2024-12-28 22:00:00,14.529999732971191,14.649999618530273,14.449999809265137,14.5,14.215002059936523,906700
CIRA.CA,Real Estate,2024-12-29 22:00:00,14.5,14.6899995803833,14.5,14.6899995803833,14.401267051696777,167427
CIRA.CA,Real Estate,2024-12-30 22:00:00,14.6899995803833,14.699999809265137,14.510000228881836,14.6899995803833,14.401267051696777,7492
CIRA.CA,Real Estate,2025-01-01 22:00:00,14.6899995803833,14.680000305175781,14.529999732971191,14.550000190734863,14.264019012451172,49071
CIRA.CA,Real Estate,2025-01-04 22:00:00,14.550000190734863,14.640000343322754,14.550000190734863,14.600000381469727,14.313036918640137,282447
CIRA.CA,Real Estate,2025-01-05 22:00:00,14.600000381469727,14.6899995803833,14.600000381469727,14.600000381469727,14.313036918640137,516894
CIRA.CA,Real Estate,2025-01-07 22:00:00,14.600000381469727,14.739999771118164,14.569999694824219,14.600000381469727,14.313036918640137,1371810
CIRA.CA,Real Estate,2025-01-08 22:00:00,14.600000381469727,15.399999618530273,15.0,15.260000228881836,14.960063934326172,1481831
CIRA.CA,Real Estate,2025-01-11 22:00:00,15.260000228881836,15.350000381469727,15.199999809265137,15.300000190734863,14.99927806854248,745958
CIRA.CA,Real Estate,2025-01-12 22:00:00,15.300000190734863,15.739999771118164,15.25,15.300000190734863,14.99927806854248,1857601
CIRA.CA,Real Estate,2025-01-13 22:00:00,15.300000190734863,15.430000305175781,15.220000267028809,15.399999618530273,15.097311973571777,2944555
CIRA.CA,Real Estate,2025-01-14 22:00:00,15.399999618530273,15.460000038146973,15.119999885559082,15.420000076293945,15.11691951751709,531773
CIRA.CA,Real Estate,2025-01-15 22:00:00,15.420000076293945,15.649999618530273,15.380000114440918,15.460000038146973,15.156132698059082,716428
CIRA.CA,Real Estate,2025-01-18 22:00:00,15.420000076293945,17.5,15.380000114440918,16.3799991607666,16.05805015563965,3428140
CIRA.CA,Real Estate,2025-01-19 22:00:00,16.510000228881836,16.8799991607666,15.880000114440918,16.020000457763672,15.705126762390137,1039389
CIRA.CA,Real Estate,2025-01-20 22:00:00,16.020000457763672,16.440000534057617,15.6899995803833,15.989999771118164,15.675715446472168,935764
CIRA.CA,Real Estate,2025-01-21 22:00:00,15.989999771118164,18.0,15.84000015258789,17.290000915527344,16.950164794921875,7131195
CIRA.CA,Real Estate,2025-01-22 22:00:00,17.290000915527344,17.799999237060547,16.809999465942383,16.899999618530273,16.567829132080078,6348028
CIRA.CA,Real Estate,2025-01-25 22:00:00,16.899999618530273,17.049999237060547,16.260000228881836,16.809999465942383,16.479598999023438,3019383
CIRA.CA,Real Estate,2025-01-26 22:00:00,16.809999465942383,16.93000030517578,15.920000076293945,16.200000762939453,15.88158893585205,1652733
CIRA.CA,Real Estate,2025-01-27 22:00:00,16.200000762939453,16.450000762939453,15.829999923706055,16.059999465942383,15.744338989257812,1349303
CIRA.CA,Real Estate,2025-01-28 22:00:00,16.059999465942383,16.350000381469727,15.84000015258789,15.869999885559082,15.558073997497559,1709330
CIRA.CA,Real Estate,2025-01-29 22:00:00,15.869999885559082,16.229999542236328,15.609999656677246,15.960000038146973,15.646305084228516,1599859
CIRA.CA,Real Estate,2025-02-01 22:00:00,15.960000038146973,17.0,15.899999618530273,16.600000381469727,16.273727416992188,3073346
CIRA.CA,Real Estate,2025-02-02 22:00:00,16.600000381469727,16.600000381469727,16.100000381469727,16.389999389648438,16.067853927612305,724976
CIRA.CA,Real Estate,2025-02-03 22:00:00,16.389999389648438,16.459999084472656,16.010000228881836,16.09000015258789,15.773750305175781,778531
CIRA.CA,Real Estate,2025-02-04 22:00:00,16.09000015258789,16.290000915527344,15.90999984741211,16.200000762939453,15.88158893585205,873664
CIRA.CA,Real Estate,2025-02-05 22:00:00,16.200000762939453,16.31999969482422,16.079999923706055,16.200000762939453,15.88158893585205,644049
CIRA.CA,Real Estate,2025-02-08 22:00:00,16.200000762939453,16.190000534057617,15.859999656677246,15.9399995803833,15.62669849395752,563858
CIRA.CA,Real Estate,2025-02-09 22:00:00,15.9399995803833,16.0,15.720000267028809,15.770000457763672,15.460040092468262,534391
CIRA.CA,Real Estate,2025-02-10 22:00:00,15.770000457763672,15.869999885559082,14.770000457763672,15.0600004196167,14.763995170593262,843667
CIRA.CA,Real Estate,2025-02-11 22:00:00,15.0600004196167,15.380000114440918,14.770000457763672,15.149999618530273,14.852225303649902,547879
CIRA.CA,Real Estate,2025-02-12 22:00:00,15.149999618530273,15.300000190734863,14.75,14.989999771118164,14.6953706741333,792835
CIRA.CA,Real Estate,2025-02-15 22:00:00,14.989999771118164,17.979999542236328,15.300000190734863,15.479999542236328,15.175739288330078,10531554
CIRA.CA,Real Estate,2025-02-16 22:00:00,15.479999542236328,15.539999961853027,15.010000228881836,15.020000457763672,14.72478199005127,2102140
CIRA.CA,Real Estate,2025-02-17 22:00:00,15.020000457763672,15.100000381469727,14.829999923706055,14.84000015258789,14.548318862915039,1208272
CIRA.CA,Real Estate,2025-02-18 22:00:00,14.84000015258789,15.079999923706055,14.800000190734863,14.880000114440918,14.587532997131348,1209240
CIRA.CA,Real Estate,2025-02-19 22:00:00,14.880000114440918,15.0600004196167,14.739999771118164,14.75,14.460087776184082,646650
CIRA.CA,Real Estate,2025-02-22 22:00:00,14.75,15.369999885559082,14.699999809265137,15.220000267028809,14.92085075378418,1409187
CIRA.CA,Real Estate,2025-02-23 22:00:00,15.220000267028809,15.529999732971191,15.130000114440918,15.180000305175781,14.881636619567871,1137443
CIRA.CA,Real Estate,2025-02-24 22:00:00,15.180000305175781,15.350000381469727,14.880000114440918,14.90999984741211,14.616943359375,515261
CIRA.CA,Real Estate,2025-02-25 22:00:00,14.90999984741211,15.0600004196167,14.800000190734863,14.8100004196167,14.518909454345703,392332
CIRA.CA,Real Estate,2025-02-26 22:00:00,14.8100004196167,15.300000190734863,14.899999618530273,14.90999984741211,14.616943359375,1254529
CIRA.CA,Real Estate,2025-03-01 22:00:00,14.90999984741211,15.050000190734863,14.850000381469727,14.859999656677246,14.567925453186035,163022
CIRA.CA,Real Estate,2025-03-02 22:00:00,14.859999656677246,14.989999771118164,14.710000038146973,14.8100004196167,14.518909454345703,341943
CIRA.CA,Real Estate,2025-03-03 22:00:00,14.8100004196167,15.0,14.760000228881836,14.789999961853027,14.49930191040039,292012
CIRA.CA,Real Estate,2025-03-04 22:00:00,14.789999961853027,14.829999923706055,14.5,14.550000190734863,14.264019012451172,443162
CIRA.CA,Real Estate,2025-03-05 22:00:00,14.550000190734863,14.729999542236328,14.460000038146973,14.470000267028809,14.185591697692871,257588
CIRA.CA,Real Estate,2025-03-08 22:00:00,14.470000267028809,14.649999618530273,14.300000190734863,14.430000305175781,14.146377563476562,218714
CIRA.CA,Real Estate,2025-03-09 22:00:00,14.430000305175781,14.600000381469727,14.170000076293945,14.270000457763672,13.989522933959961,201032
CIRA.CA,Real Estate,2025-03-10 22:00:00,14.270000457763672,14.390000343322754,14.020000457763672,14.390000343322754,14.10716438293457,256692
CIRA.CA,Real Estate,2025-03-11 22:00:00,14.390000343322754,14.460000038146973,14.199999809265137,14.229999542236328,13.950307846069336,115122
CIRA.CA,Real Estate,2025-03-12 22:00:00,14.229999542236328,14.479999542236328,14.210000038146973,14.270000457763672,13.989522933959961,164184
CIRA.CA,Real Estate,2025-03-15 22:00:00,14.270000457763672,14.369999885559082,14.149999618530273,14.3100004196167,14.02873706817627,316489
CIRA.CA,Real Estate,2025-03-16 22:00:00,14.3100004196167,14.460000038146973,14.199999809265137,14.199999809265137,13.9208984375,216638
CIRA.CA,Real Estate,2025-03-17 22:00:00,14.199999809265137,14.300000190734863,14.029999732971191,14.15999984741211,13.881684303283691,232946
CIRA.CA,Real Estate,2025-03-18 22:00:00,14.15999984741211,14.239999771118164,14.010000228881836,14.09000015258789,13.813060760498047,227589
CIRA.CA,Real Estate,2025-03-19 22:00:00,14.09000015258789,14.170000076293945,14.010000228881836,14.079999923706055,13.80325698852539,143757
CIRA.CA,Real Estate,2025-03-22 22:00:00,14.079999923706055,14.149999618530273,13.899999618530273,13.899999618530273,13.626794815063477,433059
CIRA.CA,Real Estate,2025-03-23 22:00:00,13.899999618530273,14.420000076293945,13.859999656677246,14.369999885559082,14.087556838989258,677635
CIRA.CA,Real Estate,2025-03-24 22:00:00,14.369999885559082,15.180000305175781,14.460000038146973,14.550000190734863,14.264019012451172,1598505
CIRA.CA,Real Estate,2025-03-25 22:00:00,14.550000190734863,14.819999694824219,14.359999656677246,14.399999618530273,14.11696720123291,776350
CIRA.CA,Real Estate,2025-03-26 22:00:00,14.399999618530273,14.640000343322754,14.260000228881836,14.300000190734863,14.018933296203613,161354
CIRA.CA,Real Estate,2025-04-02 22:00:00,14.300000190734863,14.390000343322754,14.029999732971191,14.359999656677246,14.077753067016602,485743
CIRA.CA,Real Estate,2025-04-05 22:00:00,14.359999656677246,13.899999618530273,13.109999656677246,13.609999656677246,13.342494010925293,423103
CIRA.CA,Real Estate,2025-04-06 22:00:00,13.609999656677246,13.75,13.399999618530273,13.65999984741211,13.391511917114258,300680
CIRA.CA,Real Estate,2025-04-07 22:00:00,13.65999984741211,13.970000267028809,13.729999542236328,13.880000114440918,13.60718822479248,350913
CIRA.CA,Real Estate,2025-04-08 22:00:00,13.880000114440918,13.899999618530273,13.350000381469727,13.390000343322754,13.126819610595703,538399
CIRA.CA,Real Estate,2025-04-09 22:00:00,13.390000343322754,13.859999656677246,13.5600004196167,13.819999694824219,13.54836654663086,909569
CIRA.CA,Real Estate,2025-04-12 22:00:00,13.819999694824219,14.149999618530273,13.84000015258789,13.859999656677246,13.587580680847168,398973
CIRA.CA,Real Estate,2025-04-13 22:00:00,13.859999656677246,14.100000381469727,13.800000190734863,13.9399995803833,13.666007995605469,453483
CIRA.CA,Real Estate,2025-04-14 22:00:00,13.9399995803833,14.020000457763672,13.800000190734863,13.8100004196167,13.53856372833252,251466
CIRA.CA,Real Estate,2025-04-15 22:00:00,13.8100004196167,13.989999771118164,13.75,13.930000305175781,13.656205177307129,318705
CIRA.CA,Real Estate,2025-04-16 22:00:00,13.930000305175781,14.399999618530273,13.819999694824219,14.399999618530273,14.11696720123291,1005392
CIRA.CA,Real Estate,2025-04-21 22:00:00,14.399999618530273,14.739999771118164,14.34000015258789,14.369999885559082,14.087556838989258,390754
CIRA.CA,Real Estate,2025-04-22 22:00:00,14.369999885559082,14.729999542236328,14.220000267028809,14.710000038146973,14.42087459564209,545897
CIRA.CA,Real Estate,2025-04-26 21:00:00,14.710000038146973,14.739999771118164,14.449999809265137,14.670000076293945,14.381660461425781,291107
CIRA.CA,Real Estate,2025-04-27 21:00:00,14.670000076293945,14.699999809265137,14.399999618530273,14.569999694824219,14.283625602722168,341156
CIRA.CA,Real Estate,2025-04-28 21:00:00,14.569999694824219,14.600000381469727,14.25,14.279999732971191,13.9993257522583,225854
CIRA.CA,Real Estate,2025-04-29 21:00:00,14.279999732971191,14.600000381469727,14.199999809265137,14.25,13.969915390014648,220722
CIRA.CA,Real Estate,2025-05-03 21:00:00,14.25,14.399999618530273,14.260000228881836,14.3100004196167,14.02873706817627,170273
CIRA.CA,Real Estate,2025-05-04 21:00:00,14.3100004196167,14.539999961853027,14.25,14.359999656677246,14.077753067016602,258511
CIRA.CA,Real Estate,2025-05-05 21:00:00,14.359999656677246,14.430000305175781,14.149999618530273,14.210000038146973,13.930702209472656,387237
CIRA.CA,Real Estate,2025-05-06 21:00:00,14.210000038146973,14.399999618530273,14.020000457763672,14.069999694824219,13.793453216552734,211840
CIRA.CA,Real Estate,2025-05-07 21:00:00,14.069999694824219,14.170000076293945,13.90999984741211,13.970000267028809,13.695419311523438,263853
CIRA.CA,Real Estate,2025-05-10 21:00:00,13.970000267028809,14.09000015258789,13.899999618530273,13.949999809265137,13.675811767578125,79219
CIRA.CA,Real Estate,2025-05-11 21:00:00,13.949999809265137,14.489999771118164,13.930000305175781,14.1899995803833,13.911094665527344,492198
CIRA.CA,Real Estate,2025-05-12 21:00:00,14.1899995803833,14.399999618530273,14.109999656677246,14.140000343322754,13.862077713012695,214536
CIRA.CA,Real Estate,2025-05-13 21:00:00,14.140000343322754,14.25,13.920000076293945,13.970000267028809,13.695419311523438,335445
CIRA.CA,Real Estate,2025-05-14 21:00:00,13.970000267028809,14.380000114440918,13.65999984741211,14.149999618530273,13.871880531311035,767789
CIRA.CA,Real Estate,2025-05-17 21:00:00,14.149999618530273,14.270000457763672,13.949999809265137,14.020000457763672,13.744436264038086,161402
CIRA.CA,Real Estate,2025-05-18 21:00:00,14.020000457763672,14.100000381469727,13.899999618530273,13.989999771118164,13.715025901794434,248504
CIRA.CA,Real Estate,2025-05-19 21:00:00,13.989999771118164,14.300000190734863,13.930000305175781,14.020000457763672,13.744436264038086,444248
CIRA.CA,Real Estate,2025-05-20 21:00:00,14.020000457763672,14.15999984741211,13.899999618530273,13.970000267028809,13.695419311523438,361431
CIRA.CA,Real Estate,2025-05-21 21:00:00,13.970000267028809,14.039999961853027,13.800000190734863,13.890000343322754,13.616991996765137,283638
CIRA.CA,Real Estate,2025-05-24 21:00:00,13.890000343322754,14.079999923706055,13.890000343322754,14.0,13.72482967376709,332744
CIRA.CA,Real Estate,2025-05-25 21:00:00,14.0,14.050000190734863,13.899999618530273,13.920000076293945,13.646401405334473,203508
CIRA.CA,Real Estate,2025-05-26 21:00:00,13.920000076293945,14.25,13.850000381469727,14.010000228881836,13.734633445739746,518275
CIRA.CA,Real Estate,2025-05-27 21:00:00,14.010000228881836,14.289999961853027,13.960000038146973,14.0,13.72482967376709,297028
CIRA.CA,Real Estate,2025-05-28 21:00:00,14.0,14.100000381469727,13.949999809265137,14.0,13.72482967376709,253057
CIRA.CA,Real Estate,2025-05-31 21:00:00,14.0,14.100000381469727,13.90999984741211,13.90999984741211,13.636598587036133,116223
CIRA.CA,Real Estate,2025-06-01 21:00:00,13.90999984741211,14.100000381469727,13.899999618530273,14.050000190734863,13.773846626281738,293771
CIRA.CA,Real Estate,2025-06-02 21:00:00,14.050000190734863,14.279999732971191,14.050000190734863,14.260000228881836,13.979719161987305,432249
CIRA.CA,Real Estate,2025-06-03 21:00:00,14.260000228881836,14.890000343322754,14.3100004196167,14.40999984741211,14.126770973205566,2855571
CIRA.CA,Real Estate,2025-06-09 21:00:00,14.40999984741211,14.59000015258789,14.279999732971191,14.399999618530273,14.11696720123291,479006
CIRA.CA,Real Estate,2025-06-10 21:00:00,14.399999618530273,14.489999771118164,14.079999923706055,14.180000305175781,13.901291847229004,692627
CIRA.CA,Real Estate,2025-06-11 21:00:00,14.180000305175781,14.15999984741211,13.949999809265137,13.970000267028809,13.695419311523438,479600
CIRA.CA,Real Estate,2025-06-14 21:00:00,13.970000267028809,13.380000114440918,12.529999732971191,13.1899995803833,12.930749893188477,486299
CIRA.CA,Real Estate,2025-06-15 21:00:00,13.1899995803833,13.479999542236328,13.1899995803833,13.25,12.989570617675781,150973
CIRA.CA,Real Estate,2025-06-16 21:00:00,13.25,13.279999732971191,12.949999809265137,12.979999542236328,12.72487735748291,294952
CIRA.CA,Real Estate,2025-06-17 21:00:00,12.979999542236328,13.5,12.800000190734863,13.140000343322754,12.881732940673828,318886
CIRA.CA,Real Estate,2025-06-18 21:00:00,13.140000343322754,13.300000190734863,12.8100004196167,12.850000381469727,12.597433090209961,318006
CIRA.CA,Real Estate,2025-06-21 21:00:00,12.850000381469727,12.979999542236328,12.0,12.890000343322754,12.63664722442627,440327
CIRA.CA,Real Estate,2025-06-22 21:00:00,12.890000343322754,13.100000381469727,12.819999694824219,13.050000190734863,12.793501853942871,195372
CIRA.CA,Real Estate,2025-06-23 21:00:00,13.050000190734863,13.600000381469727,13.170000076293945,13.460000038146973,13.195443153381348,414648
CIRA.CA,Real Estate,2025-06-24 21:00:00,13.460000038146973,13.930000305175781,13.369999885559082,13.630000114440918,13.362101554870605,437990
CIRA.CA,Real Estate,2025-06-28 21:00:00,13.630000114440918,13.829999923706055,13.600000381469727,13.699999809265137,13.430726051330566,235618
CIRA.CA,Real Estate,2025-06-29 21:00:00,13.699999809265137,13.84000015258789,13.619999885559082,13.789999961853027,13.518957138061523,450516
CIRA.CA,Real Estate,2025-06-30 21:00:00,13.789999961853027,13.850000381469727,13.670000076293945,13.710000038146973,13.440528869628906,186840
CIRA.CA,Real Estate,2025-07-01 21:00:00,13.710000038146973,13.949999809265137,13.699999809265137,13.75,13.479743003845215,200404
CIRA.CA,Real Estate,2025-07-05 21:00:00,13.75,13.899999618530273,13.710000038146973,13.789999961853027,13.518957138061523,93803
CIRA.CA,Real Estate,2025-07-06 21:00:00,13.789999961853027,13.869999885559082,13.760000228881836,13.789999961853027,13.518957138061523,129981
CIRA.CA,Real Estate,2025-07-08 21:00:00,13.789999961853027,14.199999809265137,13.859999656677246,13.90999984741211,13.636598587036133,200246
CIRA.CA,Real Estate,2025-07-09 21:00:00,13.90999984741211,14.069999694824219,13.850000381469727,14.0,13.72482967376709,576480
CIRA.CA,Real Estate,2025-07-12 21:00:00,14.0,14.119999885559082,13.899999618530273,13.960000038146973,13.685615539550781,302573
CIRA.CA,Real Estate,2025-07-13 21:00:00,13.960000038146973,14.039999961853027,13.779999732971191,14.0,13.72482967376709,809257
CIRA.CA,Real Estate,2025-07-14 21:00:00,14.0,14.170000076293945,13.84000015258789,14.0,13.72482967376709,285315
CIRA.CA,Real Estate,2025-07-15 21:00:00,14.0,14.140000343322754,14.0,14.0,13.72482967376709,149743
CIRA.CA,Real Estate,2025-07-16 21:00:00,14.0,14.100000381469727,14.0,14.0600004196167,13.783650398254395,96153
CIRA.CA,Real Estate,2025-07-19 21:00:00,14.0600004196167,14.199999809265137,13.949999809265137,14.199999809265137,13.9208984375,485973
CIRA.CA,Real Estate,2025-07-20 21:00:00,14.199999809265137,14.3100004196167,14.100000381469727,14.119999885559082,13.842470169067383,89622
CIRA.CA,Real Estate,2025-07-21 21:00:00,14.119999885559082,14.220000267028809,13.9399995803833,14.020000457763672,13.744436264038086,127607
CIRA.CA,Real Estate,2025-07-22 21:00:00,14.020000457763672,14.020000457763672,14.020000457763672,14.020000457763672,13.744436264038086,0
CIRA.CA,Real Estate,2025-07-26 21:00:00,14.0,14.140000343322754,13.899999618530273,14.050000190734863,13.773846626281738,190214
CIRA.CA,Real Estate,2025-07-27 21:00:00,14.050000190734863,14.109999656677246,13.5,13.65999984741211,13.391511917114258,226902
CIRA.CA,Real Estate,2025-07-28 21:00:00,13.65999984741211,13.979999542236328,13.670000076293945,13.699999809265137,13.430726051330566,73828
CIRA.CA,Real Estate,2025-07-29 21:00:00,13.699999809265137,13.890000343322754,13.670000076293945,13.680000305175781,13.41111946105957,75436
CIRA.CA,Real Estate,2025-07-30 21:00:00,13.680000305175781,13.949999809265137,13.670000076293945,13.899999618530273,13.626794815063477,71226
CIRA.CA,Real Estate,2025-08-02 21:00:00,13.899999618530273,13.899999618530273,13.899999618530273,13.899999618530273,13.626794815063477,0
CIRA.CA,Real Estate,2025-08-03 21:00:00,13.899999618530273,13.899999618530273,13.899999618530273,13.899999618530273,13.626794815063477,0
CIRA.CA,Real Estate,2025-08-04 21:00:00,13.899999618530273,13.899999618530273,13.899999618530273,13.899999618530273,13.626794815063477,0
CIRA.CA,Real Estate,2025-08-05 21:00:00,13.899999618530273,13.899999618530273,13.899999618530273,13.899999618530273,13.626794815063477,0
CIRA.CA,Real Estate,2025-08-06 21:00:00,13.899999618530273,13.899999618530273,13.899999618530273,13.899999618530273,13.626794815063477,0
CIRA.CA,Real Estate,2025-08-09 21:00:00,13.850000381469727,13.890000343322754,13.699999809265137,13.8100004196167,13.53856372833252,160853
CIRA.CA,Real Estate,2025-08-10 21:00:00,13.8100004196167,13.869999885559082,13.75,13.760000228881836,13.489546775817871,135230
CIRA.CA,Real Estate,2025-08-11 21:00:00,13.760000228881836,14.260000228881836,13.760000228881836,13.979999542236328,13.705222129821777,2774092
CIRA.CA,Real Estate,2025-08-12 21:00:00,13.979999542236328,14.0600004196167,13.800000190734863,13.949999809265137,13.675811767578125,291620
CIRA.CA,Real Estate,2025-08-13 21:00:00,13.949999809265137,14.0,13.800000190734863,13.869999885559082,13.597384452819824,144094
CIRA.CA,Real Estate,2025-08-16 21:00:00,13.869999885559082,14.069999694824219,13.850000381469727,14.050000190734863,13.773846626281738,342406
CIRA.CA,Real Estate,2025-08-17 21:00:00,14.050000190734863,14.25,14.020000457763672,14.210000038146973,13.930702209472656,172346
CIRA.CA,Real Estate,2025-08-18 21:00:00,14.210000038146973,14.260000228881836,14.100000381469727,14.180000305175781,13.901291847229004,151533
CIRA.CA,Real Estate,2025-08-19 21:00:00,14.180000305175781,14.25,14.0,14.0,13.72482967376709,255397
CIRA.CA,Real Estate,2025-08-20 21:00:00,14.0,14.199999809265137,13.949999809265137,14.09000015258789,13.813060760498047,182242
CIRA.CA,Real Estate,2025-08-23 21:00:00,14.09000015258789,14.1899995803833,14.0,14.0,13.72482967376709,115340
CIRA.CA,Real Estate,2025-08-24 21:00:00,14.0,14.15999984741211,14.0,14.050000190734863,13.773846626281738,93816
CIRA.CA,Real Estate,2025-08-25 21:00:00,14.050000190734863,14.600000381469727,13.989999771118164,14.229999542236328,13.950307846069336,1288197
CIRA.CA,Real Estate,2025-08-26 21:00:00,14.229999542236328,14.34000015258789,14.0,14.050000190734863,13.773846626281738,261427
CIRA.CA,Real Estate,2025-08-27 21:00:00,14.050000190734863,14.470000267028809,14.149999618530273,14.40999984741211,14.126770973205566,529012
CIRA.CA,Real Estate,2025-08-30 21:00:00,14.40999984741211,14.6899995803833,14.239999771118164,14.3100004196167,14.02873706817627,355038
CIRA.CA,Real Estate,2025-08-31 21:00:00,14.3100004196167,14.359999656677246,14.020000457763672,14.079999923706055,13.80325698852539,204901
CIRA.CA,Real Estate,2025-09-01 21:00:00,14.079999923706055,14.350000381469727,14.069999694824219,14.289999961853027,14.009129524230957,224547
CIRA.CA,Real Estate,2025-09-02 21:00:00,14.289999961853027,14.65999984741211,14.199999809265137,14.390000343322754,14.10716438293457,742297
CIRA.CA,Real Estate,2025-09-06 21:00:00,14.390000343322754,14.550000190734863,14.300000190734863,14.359999656677246,14.077753067016602,144298
CIRA.CA,Real Estate,2025-09-07 21:00:00,14.359999656677246,14.390000343322754,14.130000114440918,14.149999618530273,13.871880531311035,182478
CIRA.CA,Real Estate,2025-09-08 21:00:00,14.149999618530273,14.329999923706055,14.050000190734863,14.069999694824219,13.793453216552734,159623
CIRA.CA,Real Estate,2025-09-09 21:00:00,14.069999694824219,14.180000305175781,14.010000228881836,14.0600004196167,13.783650398254395,90518
CIRA.CA,Real Estate,2025-09-10 21:00:00,14.0600004196167,14.149999618530273,14.010000228881836,14.029999732971191,13.754239082336426,72326
CIRA.CA,Real Estate,2025-09-13 21:00:00,14.029999732971191,14.140000343322754,13.850000381469727,13.899999618530273,13.626794815063477,166691
CIRA.CA,Real Estate,2025-09-14 21:00:00,13.899999618530273,14.289999961853027,13.899999618530273,14.25,13.969915390014648,490594
CIRA.CA,Real Estate,2025-09-15 21:00:00,14.25,14.390000343322754,13.850000381469727,14.210000038146973,13.930702209472656,427239
CIRA.CA,Real Estate,2025-09-16 21:00:00,14.210000038146973,15.550000190734863,14.140000343322754,15.0,14.705174446105957,4280771
CIRA.CA,Real Estate,2025-09-17 21:00:00,15.0,15.25,14.699999809265137,14.720000267028809,14.430678367614746,1226668
CIRA.CA,Real Estate,2025-09-20 21:00:00,14.720000267028809,14.960000038146973,14.260000228881836,14.329999923706055,14.04834270477295,502137
CIRA.CA,Real Estate,2025-09-21 21:00:00,14.329999923706055,14.489999771118164,14.039999961853027,14.1899995803833,13.911094665527344,463262
CIRA.CA,Real Estate,2025-09-22 21:00:00,14.1899995803833,14.300000190734863,13.9399995803833,13.9399995803833,13.666007995605469,219958
CIRA.CA,Real Estate,2025-09-23 21:00:00,13.9399995803833,14.399999618530273,13.930000305175781,14.300000190734863,14.018933296203613,542243
CIRA.CA,Real Estate,2025-09-24 21:00:00,14.300000190734863,14.739999771118164,14.229999542236328,14.399999618530273,14.11696720123291,638162
CIRA.CA,Real Estate,2025-09-27 21:00:00,14.399999618530273,14.550000190734863,14.109999656677246,14.239999771118164,13.960111618041992,329427
CIRA.CA,Real Estate,2025-09-28 21:00:00,14.239999771118164,14.619999885559082,14.300000190734863,14.5,14.215002059936523,618914
CIRA.CA,Real Estate,2025-09-29 21:00:00,14.5,15.449999809265137,14.6899995803833,14.949999809265137,14.656156539916992,2142029
CIRA.CA,Real Estate,2025-09-30 21:00:00,14.949999809265137,15.930000305175781,15.100000381469727,15.289999961853027,14.989474296569824,2410433
CIRA.CA,Real Estate,2025-10-01 21:00:00,15.289999961853027,15.970000267028809,15.170000076293945,15.609999656677246,15.303184509277344,1894968
CIRA.CA,Real Estate,2025-10-04 21:00:00,15.609999656677246,16.149999618530273,15.609999656677246,16.0,15.685519218444824,1212737
CIRA.CA,Real Estate,2025-10-05 21:00:00,16.0,16.219999313354492,15.710000038146973,15.989999771118164,15.675715446472168,550340
CIRA.CA,Real Estate,2025-10-06 21:00:00,15.989999771118164,16.399999618530273,15.800000190734863,16.09000015258789,15.773750305175781,833729
CIRA.CA,Real Estate,2025-10-07 21:00:00,16.09000015258789,16.649999618530273,15.899999618530273,16.469999313354492,16.14628028869629,1088646
CIRA.CA,Real Estate,2025-10-11 21:00:00,16.469999313354492,17.25,16.31999969482422,16.899999618530273,16.567829132080078,2057969
CIRA.CA,Real Estate,2025-10-12 21:00:00,16.899999618530273,18.989999771118164,16.799999237060547,18.209999084472656,17.852081298828125,4016879
CIRA.CA,Real Estate,2025-10-13 21:00:00,18.209999084472656,18.420000076293945,17.81999969482422,17.959999084472656,17.60699462890625,1434938
CIRA.CA,Real Estate,2025-10-14 21:00:00,17.959999084472656,18.190000534057617,17.670000076293945,17.809999465942383,17.459943771362305,872903
CIRA.CA,Real Estate,2025-10-15 21:00:00,17.809999465942383,18.5,17.729999542236328,18.299999237060547,17.940311431884766,1045914
CIRA.CA,Real Estate,2025-10-18 21:00:00,18.299999237060547,20.0,18.219999313354492,19.700000762939453,19.312795639038086,1854994
CIRA.CA,Real Estate,2025-10-19 21:00:00,19.700000762939453,19.8799991607666,18.690000534057617,19.520000457763672,19.136333465576172,617560
CIRA.CA,Real Estate,2025-10-20 21:00:00,19.520000457763672,19.579999923706055,18.799999237060547,19.31999969482422,18.940263748168945,569131
CIRA.CA,Real Estate,2025-10-21 21:00:00,19.31999969482422,20.329999923706055,19.0,20.0,19.60689926147461,1040416
CIRA.CA,Real Estate,2025-10-22 21:00:00,20.0,20.68000030517578,19.600000381469727,19.93000030517578,19.53827476501465,543970
CIRA.CA,Real Estate,2025-10-25 21:00:00,19.93000030517578,20.200000762939453,19.6299991607666,20.0,19.60689926147461,575895
CIRA.CA,Real Estate,2025-10-26 21:00:00,20.0,19.989999771118164,19.5,19.700000762939453,19.312795639038086,178971
CIRA.CA,Real Estate,2025-10-27 21:00:00,19.700000762939453,19.790000915527344,18.6200008392334,19.110000610351562,18.734392166137695,547113
CIRA.CA,Real Estate,2025-10-28 21:00:00,19.110000610351562,19.149999618530273,18.610000610351562,18.989999771118164,18.616750717163086,115221
CIRA.CA,Real Estate,2025-10-29 21:00:00,18.989999771118164,19.360000610351562,18.799999237060547,19.010000228881836,18.6363582611084,316426
CIRA.CA,Real Estate,2025-11-01 22:00:00,19.010000228881836,19.350000381469727,18.6200008392334,18.899999618530273,18.528518676757812,198426
CIRA.CA,Real Estate,2025-11-02 22:00:00,18.899999618530273,19.329999923706055,18.6299991607666,19.06999969482422,18.69517707824707,257607
CIRA.CA,Real Estate,2025-11-03 22:00:00,19.06999969482422,19.190000534057617,18.6299991607666,18.68000030517578,18.312843322753906,264959
CIRA.CA,Real Estate,2025-11-04 22:00:00,18.68000030517578,19.079999923706055,18.510000228881836,18.559999465942383,18.195201873779297,167907
CIRA.CA,Real Estate,2025-11-05 22:00:00,18.559999465942383,18.940000534057617,18.25,18.719999313354492,18.3520565032959,221358
CIRA.CA,Real Estate,2025-11-08 22:00:00,18.719999313354492,19.299999237060547,18.6200008392334,19.0,18.626554489135742,264515
CIRA.CA,Real Estate,2025-11-09 22:00:00,19.0,19.299999237060547,18.809999465942383,19.049999237060547,18.67557144165039,180078
CIRA.CA,Real Estate,2025-11-10 22:00:00,19.049999237060547,19.299999237060547,18.899999618530273,18.950000762939453,18.577537536621094,144798
CIRA.CA,Real Estate,2025-11-11 22:00:00,18.950000762939453,19.270000457763672,18.6200008392334,18.700000762939453,18.33245086669922,108632
CIRA.CA,Real Estate,2025-11-12 22:00:00,18.700000762939453,19.0,18.399999618530273,18.399999618530273,18.038347244262695,122343
CIRA.CA,Real Estate,2025-11-15 22:00:00,18.399999618530273,18.75,18.079999923706055,18.329999923706055,17.969722747802734,113219
CIRA.CA,Real Estate,2025-11-16 22:00:00,18.329999923706055,18.690000534057617,18.0,18.260000228881836,17.901098251342773,153473
CIRA.CA,Real Estate,2025-11-17 22:00:00,18.260000228881836,19.989999771118164,18.59000015258789,18.90999984741211,18.53832244873047,574671
CIRA.CA,Real Estate,2025-11-18 22:00:00,18.90999984741211,19.389999389648438,18.40999984741211,18.559999465942383,18.195201873779297,162126
CIRA.CA,Real Estate,2025-11-19 22:00:00,18.559999465942383,18.90999984741211,18.010000228881836,18.290000915527344,17.930509567260742,83329
CIRA.CA,Real Estate,2025-11-22 22:00:00,18.290000915527344,18.579999923706055,18.1299991607666,18.18000030517578,17.82267189025879,56509
CIRA.CA,Real Estate,2025-11-23 22:00:00,18.18000030517578,18.549999237060547,18.0,18.190000534057617,17.832475662231445,79575
CIRA.CA,Real Estate,2025-11-24 22:00:00,18.190000534057617,18.479999542236328,17.510000228881836,17.959999084472656,17.60699462890625,146148
CIRA.CA,Real Estate,2025-11-25 22:00:00,17.959999084472656,18.100000381469727,17.559999465942383,18.030000686645508,17.675621032714844,78909
CIRA.CA,Real Estate,2025-11-26 22:00:00,18.030000686645508,18.100000381469727,17.899999618530273,18.049999237060547,17.69522476196289,43234
CIRA.CA,Real Estate,2025-11-29 22:00:00,18.049999237060547,18.899999618530273,18.059999465942383,18.540000915527344,18.175596237182617,161686
CIRA.CA,Real Estate,2025-11-30 22:00:00,18.540000915527344,18.989999771118164,18.520000457763672,18.799999237060547,18.430484771728516,164061
CIRA.CA,Real Estate,2025-12-01 22:00:00,18.799999237060547,18.979999542236328,18.399999618530273,18.65999984741211,18.293235778808594,132688
CIRA.CA,Real Estate,2025-12-02 22:00:00,18.65999984741211,18.959999084472656,18.399999618530273,18.5,18.136381149291992,55067
CIRA.CA,Real Estate,2025-12-03 22:00:00,18.5,18.8700008392334,17.6200008392334,17.979999542236328,17.626602172851562,666847
CIRA.CA,Real Estate,2025-12-06 22:00:00,17.979999542236328,18.959999084472656,17.799999237060547,18.899999618530273,18.528518676757812,166600
CIRA.CA,Real Estate,2025-12-07 22:00:00,18.899999618530273,18.770000457763672,18.200000762939453,18.329999923706055,17.969722747802734,37551
CIRA.CA,Real Estate,2025-12-08 22:00:00,18.329999923706055,18.790000915527344,17.899999618530273,18.530000686645508,18.16579246520996,33072
CIRA.CA,Real Estate,2025-12-09 22:00:00,18.530000686645508,18.700000762939453,18.25,18.520000457763672,18.155988693237305,32381
CIRA.CA,Real Estate,2025-12-10 22:00:00,18.520000457763672,19.100000381469727,18.200000762939453,18.350000381469727,17.989330291748047,37161
CIRA.CA,Real Estate,2025-12-13 22:00:00,18.350000381469727,18.5,17.90999984741211,18.110000610351562,17.754047393798828,165529
CIRA.CA,Real Estate,2025-12-14 22:00:00,18.110000610351562,18.850000381469727,17.829999923706055,17.940000534057617,17.58738899230957,119809
CIRA.CA,Real Estate,2025-12-15 22:00:00,17.940000534057617,18.450000762939453,17.84000015258789,17.90999984741211,17.5579776763916,79434
CIRA.CA,Real Estate,2025-12-16 22:00:00,17.90999984741211,18.0,17.649999618530273,17.899999618530273,17.548173904418945,72765
CIRA.CA,Real Estate,2025-12-17 22:00:00,17.899999618530273,18.200000762939453,17.65999984741211,17.799999237060547,17.45013999938965,63628
CIRA.CA,Real Estate,2025-12-20 22:00:00,17.799999237060547,18.0,17.350000381469727,17.450000762939453,17.107019424438477,174787
CIRA.CA,Real Estate,2025-12-21 22:00:00,17.450000762939453,17.829999923706055,17.200000762939453,17.329999923706055,16.989377975463867,192834
CIRA.CA,Real Estate,2025-12-22 22:00:00,17.329999923706055,17.799999237060547,17.25,17.5,17.156036376953125,339965
CIRA.CA,Real Estate,2025-12-23 22:00:00,17.5,17.6200008392334,17.270000457763672,17.270000457763672,16.930557250976562,114878
CIRA.CA,Real Estate,2025-12-24 22:00:00,17.270000457763672,17.600000381469727,17.350000381469727,17.459999084472656,17.1168212890625,56629
CIRA.CA,Real Estate,2025-12-27 22:00:00,17.459999084472656,17.989999771118164,17.200000762939453,17.6200008392334,17.6200008392334,317104
CIRA.CA,Real Estate,2025-12-28 22:00:00,17.6200008392334,17.709999084472656,17.299999237060547,17.559999465942383,17.559999465942383,136293
CIRA.CA,Real Estate,2025-12-29 22:00:00,17.559999465942383,17.709999084472656,17.350000381469727,17.520000457763672,17.520000457763672,62912
CIRA.CA,Real Estate,2025-12-30 22:00:00,17.520000457763672,17.600000381469727,17.25,17.3700008392334,17.3700008392334,69179
CIRA.CA,Real Estate,2026-01-03 22:00:00,17.3700008392334,17.5,17.270000457763672,17.3799991607666,17.3799991607666,56060
CIRA.CA,Real Estate,2026-01-04 22:00:00,17.3799991607666,17.420000076293945,17.0,17.229999542236328,17.229999542236328,70635
CIRA.CA,Real Estate,2026-01-05 22:00:00,17.229999542236328,17.420000076293945,17.200000762939453,17.299999237060547,17.299999237060547,73339
CIRA.CA,Real Estate,2026-01-07 22:00:00,17.299999237060547,17.5,17.200000762939453,17.25,17.25,173358
CIRA.CA,Real Estate,2026-01-10 22:00:00,17.25,17.399999618530273,17.200000762939453,17.290000915527344,17.290000915527344,88522
CIRA.CA,Real Estate,2026-01-11 22:00:00,17.290000915527344,18.530000686645508,17.260000228881836,17.420000076293945,17.420000076293945,220410
CIRA.CA,Real Estate,2026-01-12 22:00:00,17.420000076293945,17.799999237060547,17.0,17.25,17.25,187587
CIRA.CA,Real Estate,2026-01-13 22:00:00,17.25,17.489999771118164,16.020000457763672,16.450000762939453,16.450000762939453,327207
CIRA.CA,Real Estate,2026-01-14 22:00:00,16.450000762939453,16.649999618530273,16.010000228881836,16.239999771118164,16.239999771118164,158067
CIRA.CA,Real Estate,2026-01-17 22:00:00,16.239999771118164,16.770000457763672,16.299999237060547,16.579999923706055,16.579999923706055,98564
CIRA.CA,Real Estate,2026-01-18 22:00:00,16.579999923706055,17.0,16.5,16.8700008392334,16.8700008392334,61731
CIRA.CA,Real Estate,2026-01-19 22:00:00,16.8700008392334,17.5,16.799999237060547,17.440000534057617,17.440000534057617,312397
CIRA.CA,Real Estate,2026-01-20 22:00:00,17.440000534057617,17.600000381469727,17.0,17.290000915527344,17.290000915527344,64649
CIRA.CA,Real Estate,2026-01-21 22:00:00,17.290000915527344,17.5,16.770000457763672,17.010000228881836,17.010000228881836,113865
CIRA.CA,Real Estate,2026-01-24 22:00:00,17.010000228881836,17.5,16.899999618530273,16.90999984741211,16.90999984741211,211051
CIRA.CA,Real Estate,2026-01-25 22:00:00,16.90999984741211,17.329999923706055,16.809999465942383,17.020000457763672,17.020000457763672,25209
CIRA.CA,Real Estate,2026-01-26 22:00:00,17.020000457763672,18.899999618530273,16.989999771118164,17.450000762939453,17.450000762939453,1353583
CIRA.CA,Real Estate,2026-01-27 22:00:00,17.450000762939453,17.84000015258789,16.530000686645508,17.0,17.0,939276
CIRA.CA,Real Estate,2026-01-31 22:00:00,17.0,17.799999237060547,17.0,17.780000686645508,17.780000686645508,194337
CIRA.CA,Real Estate,2026-02-01 22:00:00,17.780000686645508,17.790000915527344,17.010000228881836,17.600000381469727,17.600000381469727,762496
CIRA.CA,Real Estate,2026-02-02 22:00:00,17.600000381469727,18.469999313354492,17.329999923706055,18.34000015258789,18.34000015258789,481478
CIRA.CA,Real Estate,2026-02-03 22:00:00,18.34000015258789,18.450000762939453,17.93000030517578,18.059999465942383,18.059999465942383,385527
CIRA.CA,Real Estate,2026-02-04 22:00:00,18.059999465942383,18.3799991607666,17.65999984741211,17.729999542236328,17.729999542236328,169325
CIRA.CA,Real Estate,2026-02-07 22:00:00,17.729999542236328,18.899999618530273,17.6200008392334,18.770000457763672,18.770000457763672,571506
CIRA.CA,Real Estate,2026-02-08 22:00:00,18.770000457763672,18.799999237060547,17.959999084472656,18.290000915527344,18.290000915527344,623403
CIRA.CA,Real Estate,2026-02-09 22:00:00,18.290000915527344,18.790000915527344,18.100000381469727,18.200000762939453,18.200000762939453,128518
CIRA.CA,Real Estate,2026-02-10 22:00:00,18.200000762939453,18.469999313354492,17.770000457763672,17.8799991607666,17.8799991607666,367384
CIRA.CA,Real Estate,2026-02-11 22:00:00,17.8799991607666,18.229999542236328,17.65999984741211,17.780000686645508,17.780000686645508,130258
CIRA.CA,Real Estate,2026-02-14 22:00:00,17.780000686645508,18.389999389648438,17.75,17.790000915527344,17.790000915527344,236157
CIRA.CA,Real Estate,2026-02-15 22:00:00,17.790000915527344,18.049999237060547,17.5,17.920000076293945,17.920000076293945,183383
CIRA.CA,Real Estate,2026-02-16 22:00:00,17.920000076293945,17.850000381469727,17.450000762939453,17.479999542236328,17.479999542236328,271296
CIRA.CA,Real Estate,2026-02-17 22:00:00,17.479999542236328,17.84000015258789,17.399999618530273,17.6299991607666,17.6299991607666,369120
CIRA.CA,Real Estate,2026-02-18 22:00:00,17.6299991607666,17.799999237060547,17.309999465942383,17.5,17.5,160816
CIRA.CA,Real Estate,2026-02-21 22:00:00,17.5,17.799999237060547,17.1200008392334,17.200000762939453,17.200000762939453,47374
CIRA.CA,Real Estate,2026-02-22 22:00:00,17.200000762939453,17.399999618530273,17.1200008392334,17.299999237060547,17.299999237060547,25093
CIRA.CA,Real Estate,2026-02-23 22:00:00,17.299999237060547,17.5,17.1299991607666,17.239999771118164,17.239999771118164,204120
CIRA.CA,Real Estate,2026-02-24 22:00:00,17.239999771118164,17.440000534057617,16.850000381469727,17.0,17.0,879156
CIRA.CA,Real Estate,2026-02-25 22:00:00,17.0,17.190000534057617,17.0,17.020000457763672,17.020000457763672,58380
CIRA.CA,Real Estate,2026-02-28 22:00:00,17.020000457763672,16.799999237060547,16.0,16.59000015258789,16.59000015258789,79227
CIRA.CA,Real Estate,2026-03-01 22:00:00,16.59000015258789,16.799999237060547,16.309999465942383,16.59000015258789,16.59000015258789,19506
CIRA.CA,Real Estate,2026-03-02 22:00:00,16.59000015258789,16.799999237060547,16.40999984741211,16.670000076293945,16.670000076293945,36306
CIRA.CA,Real Estate,2026-03-03 22:00:00,16.670000076293945,16.850000381469727,16.299999237060547,16.469999313354492,16.469999313354492,48629
CIRA.CA,Real Estate,2026-03-04 22:00:00,16.469999313354492,16.899999618530273,16.450000762939453,16.68000030517578,16.68000030517578,40174
CIRA.CA,Real Estate,2026-03-07 22:00:00,16.68000030517578,16.899999618530273,16.510000228881836,16.68000030517578,16.68000030517578,11241
CIRA.CA,Real Estate,2026-03-08 22:00:00,16.68000030517578,16.799999237060547,16.549999237060547,16.639999389648438,16.639999389648438,22347
CIRA.CA,Real Estate,2026-03-09 22:00:00,16.639999389648438,16.950000762939453,16.600000381469727,16.8700008392334,16.8700008392334,28469
CIRA.CA,Real Estate,2026-03-10 22:00:00,16.8700008392334,17.5,16.700000762939453,17.209999084472656,17.209999084472656,32319
CIRA.CA,Real Estate,2026-03-11 22:00:00,17.209999084472656,17.700000762939453,17.06999969482422,17.459999084472656,17.459999084472656,50910
CIRA.CA,Real Estate,2026-03-14 22:00:00,17.459999084472656,17.739999771118164,17.100000381469727,17.270000457763672,17.270000457763672,29181
CIRA.CA,Real Estate,2026-03-15 22:00:00,17.270000457763672,17.600000381469727,17.040000915527344,17.489999771118164,17.489999771118164,61612
CIRA.CA,Real Estate,2026-03-16 22:00:00,17.489999771118164,17.739999771118164,17.209999084472656,17.56999969482422,17.56999969482422,50211
CIRA.CA,Real Estate,2026-03-17 22:00:00,17.56999969482422,17.719999313354492,17.399999618530273,17.579999923706055,17.579999923706055,38662
CIRA.CA,Real Estate,2026-03-18 22:00:00,17.579999923706055,17.579999923706055,17.579999923706055,17.579999923706055,17.579999923706055,0
CIRA.CA,Real Estate,2026-03-23 22:00:00,17.579999923706055,17.709999084472656,17.299999237060547,17.420000076293945,17.420000076293945,21328
CIRA.CA,Real Estate,2026-03-24 22:00:00,17.420000076293945,17.649999618530273,17.0,17.31999969482422,17.31999969482422,48286
CIRA.CA,Real Estate,2026-03-25 22:00:00,17.31999969482422,17.5,17.100000381469727,17.290000915527344,17.290000915527344,49343
CIRA.CA,Real Estate,2026-03-28 22:00:00,17.290000915527344,17.489999771118164,17.0,17.290000915527344,17.290000915527344,13792
CIRA.CA,Real Estate,2026-03-29 22:00:00,17.290000915527344,17.469999313354492,16.799999237060547,17.290000915527344,17.290000915527344,47990
CIRA.CA,Real Estate,2026-03-30 22:00:00,17.290000915527344,17.350000381469727,17.040000915527344,17.079999923706055,17.079999923706055,49042
CIRA.CA,Real Estate,2026-03-31 22:00:00,17.079999923706055,17.600000381469727,17.100000381469727,17.489999771118164,17.489999771118164,79374
CIRA.CA,Real Estate,2026-04-01 22:00:00,17.489999771118164,17.920000076293945,17.399999618530273,17.540000915527344,17.540000915527344,95636
CIRA.CA,Real Estate,2026-04-04 22:00:00,17.540000915527344,18.0,17.200000762939453,17.899999618530273,17.899999618530273,78699
CIRA.CA,Real Estate,2026-04-05 22:00:00,17.899999618530273,18.489999771118164,17.700000762939453,18.270000457763672,18.270000457763672,98812
CIRA.CA,Real Estate,2026-04-06 22:00:00,18.270000457763672,18.450000762939453,17.700000762939453,17.709999084472656,17.709999084472656,128610
CIRA.CA,Real Estate,2026-04-07 22:00:00,17.709999084472656,18.3799991607666,17.84000015258789,18.190000534057617,18.190000534057617,60612
CIRA.CA,Real Estate,2026-04-08 22:00:00,18.190000534057617,18.399999618530273,17.959999084472656,17.989999771118164,17.989999771118164,55528
CIRA.CA,Real Estate,2026-04-13 22:00:00,17.989999771118164,19.200000762939453,17.920000076293945,18.549999237060547,18.549999237060547,384157
CIRA.CA,Real Estate,2026-04-14 22:00:00,18.549999237060547,18.899999618530273,18.549999237060547,18.8700008392334,18.8700008392334,139746
CIRA.CA,Real Estate,2026-04-15 22:00:00,18.8700008392334,19.200000762939453,18.6299991607666,18.670000076293945,18.670000076293945,180768
CIRA.CA,Real Estate,2026-04-18 22:00:00,18.670000076293945,19.25,18.5,18.809999465942383,18.809999465942383,168053
CIRA.CA,Real Estate,2026-04-19 22:00:00,18.809999465942383,19.100000381469727,18.6200008392334,18.639999389648438,18.639999389648438,105185
CIRA.CA,Real Estate,2026-04-20 22:00:00,18.639999389648438,19.899999618530273,18.700000762939453,19.5,19.5,498889
CIRA.CA,Real Estate,2026-04-21 22:00:00,19.5,19.889999389648438,19.100000381469727,19.190000534057617,19.190000534057617,301942
CIRA.CA,Real Estate,2026-04-22 22:00:00,19.190000534057617,19.790000915527344,18.440000534057617,19.260000228881836,19.260000228881836,66286
CIRA.CA,Real Estate,2026-04-25 21:00:00,19.260000228881836,19.559999465942383,18.959999084472656,19.079999923706055,19.079999923706055,111250
CIRA.CA,Real Estate,2026-04-26 21:00:00,19.079999923706055,19.399999618530273,18.809999465942383,19.299999237060547,19.299999237060547,138925
CIRA.CA,Real Estate,2026-04-27 21:00:00,19.299999237060547,19.5,19.0,19.010000228881836,19.010000228881836,194382
CIRA.CA,Real Estate,2026-04-28 21:00:00,19.010000228881836,19.690000534057617,18.899999618530273,19.139999389648438,19.139999389648438,440070
CIRA.CA,Real Estate,2026-04-29 21:00:00,19.139999389648438,20.489999771118164,19.15999984741211,19.770000457763672,19.770000457763672,630338
CIRA.CA,Real Estate,2026-05-02 21:00:00,19.770000457763672,20.190000534057617,19.709999084472656,19.93000030517578,19.93000030517578,261420
CIRA.CA,Real Estate,2026-05-03 21:00:00,19.93000030517578,20.049999237060547,19.670000076293945,20.0,20.0,312869
CIRA.CA,Real Estate,2026-05-04 21:00:00,20.0,20.299999237060547,19.350000381469727,19.969999313354492,19.969999313354492,108021
CIRA.CA,Real Estate,2026-05-05 21:00:00,19.969999313354492,22.489999771118164,19.5,22.09000015258789,22.09000015258789,1335373
CIRA.CA,Real Estate,2026-05-09 21:00:00,22.09000015258789,23.149999618530273,21.399999618530273,22.3799991607666,22.3799991607666,480828
CIRA.CA,Real Estate,2026-05-10 21:00:00,22.3799991607666,25.899999618530273,21.0,23.760000228881836,23.760000228881836,2297062
CIRA.CA,Real Estate,2026-05-11 21:00:00,23.760000228881836,27.700000762939453,23.229999542236328,26.030000686645508,26.030000686645508,3068967
CIRA.CA,Real Estate,2026-05-12 21:00:00,26.030000686645508,28.399999618530273,26.329999923706055,26.899999618530273,26.899999618530273,4877412
CIRA.CA,Real Estate,2026-05-13 21:00:00,26.899999618530273,28.0,26.0,27.899999618530273,27.899999618530273,2045124
CIRA.CA,Real Estate,2026-05-16 21:00:00,27.899999618530273,28.200000762939453,26.34000015258789,26.420000076293945,26.420000076293945,914247
CIRA.CA,Real Estate,2026-05-17 21:00:00,26.420000076293945,27.969999313354492,26.0,26.760000228881836,26.760000228881836,1532910
CIRA.CA,Real Estate,2026-05-18 21:00:00,26.760000228881836,28.200000762939453,26.760000228881836,27.270000457763672,27.270000457763672,884663
CIRA.CA,Real Estate,2026-05-19 21:00:00,27.270000457763672,27.940000534057617,27.020000457763672,27.229999542236328,27.229999542236328,442255
CIRA.CA,Real Estate,2026-05-20 21:00:00,27.229999542236328,27.959999084472656,27.010000228881836,27.190000534057617,27.190000534057617,873900
CIRA.CA,Real Estate,2026-05-23 21:00:00,27.190000534057617,27.690000534057617,27.06999969482422,27.219999313354492,27.219999313354492,418576
CIRA.CA,Real Estate,2026-05-24 21:00:00,27.219999313354492,27.549999237060547,26.520000457763672,26.770000457763672,26.770000457763672,395318
CIRA.CA,Real Estate,2026-05-25 21:00:00,26.770000457763672,26.770000457763672,26.770000457763672,26.770000457763672,26.770000457763672,0
CIRA.CA,Real Estate,2026-05-26 21:00:00,26.770000457763672,26.770000457763672,26.770000457763672,26.770000457763672,26.770000457763672,0
CIRA.CA,Real Estate,2026-05-27 21:00:00,26.770000457763672,26.770000457763672,26.770000457763672,26.770000457763672,26.770000457763672,0
CIRA.CA,Real Estate,2026-05-31 21:00:00,26.770000457763672,27.25,26.299999237060547,26.889999389648438,26.889999389648438,456272
CIRA.CA,Real Estate,2026-06-01 21:00:00,26.889999389648438,27.299999237060547,26.5,26.5,26.5,505154
CIRA.CA,Real Estate,2026-06-02 21:00:00,26.5,27.399999618530273,26.579999923706055,27.200000762939453,27.200000762939453,552397
CIRA.CA,Real Estate,2026-06-03 21:00:00,27.200000762939453,27.399999618530273,27.0,27.1299991607666,27.1299991607666,254777
CIRA.CA,Real Estate,2026-06-06 21:00:00,27.1299991607666,27.200000762939453,26.6200008392334,26.809999465942383,26.809999465942383,252678
CIRA.CA,Real Estate,2026-06-07 21:00:00,26.809999465942383,26.889999389648438,25.6299991607666,26.190000534057617,26.190000534057617,310880
CIRA.CA,Real Estate,2026-06-08 21:00:00,26.190000534057617,26.829999923706055,26.25,26.5,26.5,324293
CIRA.CA,Real Estate,2026-06-09 21:00:00,26.5,26.75,25.6200008392334,25.90999984741211,25.90999984741211,293171
CIRA.CA,Real Estate,2026-06-10 21:00:00,25.90999984741211,26.200000762939453,25.229999542236328,25.920000076293945,25.920000076293945,144980
CIRA.CA,Real Estate,2026-06-13 21:00:00,25.920000076293945,27.010000228881836,26.110000610351562,26.8700008392334,26.8700008392334,421373
CIRA.CA,Real Estate,2026-06-14 21:00:00,26.8700008392334,27.149999618530273,26.399999618530273,26.809999465942383,26.809999465942383,263661
CIRA.CA,Real Estate,2026-06-15 21:00:00,26.809999465942383,27.200000762939453,26.0,26.299999237060547,26.299999237060547,230623
CIRA.CA,Real Estate,2026-06-16 21:00:00,26.299999237060547,26.299999237060547,26.299999237060547,26.299999237060547,26.299999237060547,0
CIRA.CA,Real Estate,2026-06-17 21:00:00,26.299999237060547,26.299999237060547,26.299999237060547,26.299999237060547,26.299999237060547,0
CIRA.CA,Real Estate,2026-06-20 21:00:00,27.0,31.0,27.170000076293945,28.719999313354492,28.719999313354492,3961867
CIRA.CA,Real Estate,2026-06-21 21:00:00,28.719999313354492,28.719999313354492,28.719999313354492,28.719999313354492,28.719999313354492,0
CIRA.CA,Real Estate,2026-06-22 21:00:00,28.469999313354492,29.850000381469727,28.100000381469727,28.700000762939453,28.700000762939453,1178630
CIRA.CA,Real Estate,2026-06-23 21:00:00,28.700000762939453,29.0,28.6200008392334,28.729999542236328,28.729999542236328,794123
CIRA.CA,Real Estate,2026-06-24 21:00:00,28.729999542236328,29.459999084472656,27.600000381469727,28.030000686645508,28.030000686645508,559831
CIRA.CA,Real Estate,2026-06-27 21:00:00,28.030000686645508,28.75,27.6299991607666,27.639999389648438,27.639999389648438,667279
CIRA.CA,Real Estate,2026-06-28 21:00:00,27.639999389648438,28.5,27.450000762939453,27.84000015258789,27.84000015258789,244247
CIRA.CA,Real Estate,2026-06-29 21:00:00,27.84000015258789,28.75,27.739999771118164,28.15999984741211,28.15999984741211,435172
CIRA.CA,Real Estate,2026-06-30 21:00:00,28.15999984741211,29.5,28.170000076293945,28.799999237060547,28.799999237060547,1037761
CIRA.CA,Real Estate,2026-07-04 21:00:00,28.799999237060547,29.15999984741211,28.040000915527344,28.200000762939453,28.200000762939453,331984
CIRA.CA,Real Estate,2026-07-05 21:00:00,28.200000762939453,29.600000381469727,28.200000762939453,28.790000915527344,28.790000915527344,805822
CIRA.CA,Real Estate,2026-07-06 21:00:00,28.790000915527344,29.459999084472656,28.809999465942383,29.0,29.0,718836
CIRA.CA,Real Estate,2026-07-07 21:00:00,29.0,29.389999389648438,28.399999618530273,28.700000762939453,28.700000762939453,643235
CIRA.CA,Real Estate,2026-07-08 21:00:00,28.700000762939453,29.200000762939453,28.440000534057617,28.959999084472656,28.959999084472656,650264
CIRA.CA,Real Estate,2026-07-11 21:00:00,28.959999084472656,31.799999237060547,29.0,31.530000686645508,31.530000686645508,2439283
CIRA.CA,Real Estate,2026-07-12 21:00:00,31.530000686645508,32.0,30.549999237060547,31.3700008392334,31.3700008392334,1677042
CIRA.CA,Real Estate,2026-07-13 21:00:00,31.3700008392334,32.59000015258789,30.65999984741211,32.02000045776367,32.02000045776367,2379736
CIRA.CA,Real Estate,2026-07-14 21:00:00,32.02000045776367,33.880001068115234,32.029998779296875,32.77000045776367,32.77000045776367,3097014
CIRA.CA,Real Estate,2026-07-15 21:00:00,32.77000045776367,33.290000915527344,31.700000762939453,32.0,32.0,1598820
CIRA.CA,Real Estate,2026-07-18 21:00:00,32.0,32.0,31.0,31.200000762939453,31.200000762939453,1031210
CIRA.CA,Real Estate,2026-07-19 21:00:00,31.200000762939453,31.690000534057617,30.90999984741211,31.510000228881836,31.510000228881836,814301
CIRA.CA,Real Estate,2026-07-20 21:00:00,31.510000228881836,33.970001220703125,31.350000381469727,31.600000381469727,31.600000381469727,2411977
CIRA.CA,Real Estate,2026-07-21 21:00:00,31.600000381469727,32.25,31.639999389648438,31.690000534057617,31.690000534057617,795643
CIRA.CA,Real Estate,2026-07-25 21:00:00,31.690000534057617,32.400001525878906,31.610000610351562,31.860000610351562,31.860000610351562,572777
CIRA.CA,Real Estate,2026-07-26 21:00:00,31.860000610351562,34.79999923706055,31.799999237060547,34.0,34.0,3969177
CIRA.CA,Real Estate,2026-07-27 21:00:00,34.0,36.5,33.560001373291016,35.79999923706055,35.79999923706055,5118856
CIRA.CA,Real Estate,2026-07-28 21:00:00,35.79999923706055,36.939998626708984,35.650001525878906,36.25,36.25,2288559
CIRA.CA,Real Estate,2026-07-29 21:00:00,36.25,36.20000076293945,34.36000061035156,34.95000076293945,34.95000076293945,1609677
CIRA.CA,Real Estate,2026-08-01 21:00:00,34.95000076293945,37.2400016784668,35.20000076293945,36.86000061035156,36.86000061035156,2137728
CIRA.CA,Real Estate,2026-08-02 21:00:00,36.86000061035156,37.54999923706055,36.310001373291016,36.5,36.5,830015
CIRA.CA,Real Estate,2026-08-03 21:00:00,36.5,36.7400016784668,35.20000076293945,35.45000076293945,35.45000076293945,468596
CIRA.CA,Real Estate,2026-08-04 21:00:00,35.45000076293945,36.5,35.52000045776367,35.619998931884766,35.619998931884766,378920
CIRA.CA,Real Estate,2026-08-05 21:00:00,35.619998931884766,36.9900016784668,35.75,36.29999923706055,36.29999923706055,778358
