symbol,sector,raw_date_utc,open,high,low,close,adj_close,volume
COMI.CA,Banking,2022-01-01 22:00:00,35.223106384277344,35.56210708618164,35.22975158691406,35.42251968383789,31.443328857421875,545675
COMI.CA,Banking,2022-01-02 22:00:00,35.42251968383789,35.55546188354492,35.0369873046875,35.19651794433594,31.24271011352539,1837731
COMI.CA,Banking,2022-01-03 22:00:00,35.19651794433594,35.22975158691406,34.930633544921875,35.09680938720703,31.154203414916992,1652167
COMI.CA,Banking,2022-01-04 22:00:00,35.09680938720703,35.16328048706055,34.937278747558594,35.13004684448242,31.183706283569336,1570705
COMI.CA,Banking,2022-01-08 22:00:00,35.13004684448242,35.13004684448242,35.13004684448242,35.13004684448242,31.183706283569336,0
COMI.CA,Banking,2022-01-09 22:00:00,35.00374984741211,35.17657470703125,35.00374984741211,35.09680938720703,31.154203414916992,2427102
COMI.CA,Banking,2022-01-10 22:00:00,35.09680938720703,35.19651794433594,35.00374984741211,35.13004684448242,31.183706283569336,3362316
COMI.CA,Banking,2022-01-11 22:00:00,35.13004684448242,35.648521423339844,35.13004684448242,35.648521423339844,31.643938064575195,4566867
COMI.CA,Banking,2022-01-12 22:00:00,35.648521423339844,35.894466400146484,35.495635986328125,35.69504928588867,31.68523597717285,4528721
COMI.CA,Banking,2022-01-15 22:00:00,35.69504928588867,35.76152038574219,35.22975158691406,35.22975158691406,31.272214889526367,1096266
COMI.CA,Banking,2022-01-16 22:00:00,35.22975158691406,35.42251968383789,35.22975158691406,35.362693786621094,31.390220642089844,3917111
COMI.CA,Banking,2022-01-17 22:00:00,35.362693786621094,35.23640060424805,34.97051239013672,35.22975158691406,31.272214889526367,2206500
COMI.CA,Banking,2022-01-18 22:00:00,35.22975158691406,35.22975158691406,34.565040588378906,34.565040588378906,30.682170867919922,2806299
COMI.CA,Banking,2022-01-19 22:00:00,34.565040588378906,34.897396087646484,33.966800689697266,34.897396087646484,30.977190017700195,1583050
COMI.CA,Banking,2022-01-22 22:00:00,34.897396087646484,35.16328048706055,34.30580139160156,35.16328048706055,31.21320915222168,370451
COMI.CA,Banking,2022-01-23 22:00:00,35.16328048706055,35.16328048706055,34.37227249145508,35.030338287353516,31.095203399658203,10295520
COMI.CA,Banking,2022-01-24 22:00:00,35.030338287353516,34.897396087646484,34.23268508911133,34.565040588378906,30.682170867919922,1684193
COMI.CA,Banking,2022-01-25 22:00:00,34.565040588378906,34.69798278808594,34.23933029174805,34.46533203125,30.593666076660156,938991
COMI.CA,Banking,2022-01-29 22:00:00,34.46533203125,34.565040588378906,34.299156188964844,34.4786262512207,30.605466842651367,1226939
COMI.CA,Banking,2022-01-30 22:00:00,34.4786262512207,34.44539260864258,34.1263313293457,34.1263313293457,30.292747497558594,2116144
COMI.CA,Banking,2022-01-31 22:00:00,34.1263313293457,34.49856948852539,34.23268508911133,34.49856948852539,30.623167037963867,2596637
COMI.CA,Banking,2022-02-01 22:00:00,34.49856948852539,34.63151168823242,34.36562728881836,34.4786262512207,30.605466842651367,2790473
COMI.CA,Banking,2022-02-02 22:00:00,34.4786262512207,34.4786262512207,34.139625549316406,34.299156188964844,30.44615364074707,1508231
COMI.CA,Banking,2022-02-05 22:00:00,34.299156188964844,34.565040588378906,34.27256774902344,34.531803131103516,30.65266990661621,487907
COMI.CA,Banking,2022-02-06 22:00:00,34.531803131103516,34.76445388793945,33.567970275878906,33.90032958984375,30.092130661010742,3912573
COMI.CA,Banking,2022-02-07 22:00:00,33.90032958984375,34.23268508911133,33.67432403564453,33.76738357543945,29.97412109375,2693213
COMI.CA,Banking,2022-02-08 22:00:00,33.76738357543945,34.16621017456055,33.760738372802734,33.83385467529297,30.033124923706055,3192027
COMI.CA,Banking,2022-02-09 22:00:00,33.83385467529297,33.90032958984375,33.680973052978516,33.88038635253906,30.074430465698242,2221786
COMI.CA,Banking,2022-02-12 22:00:00,33.88038635253906,33.90032958984375,33.435028076171875,33.641090393066406,29.862014770507812,854545
COMI.CA,Banking,2022-02-13 22:00:00,33.641090393066406,33.567970275878906,32.90990447998047,33.428382873535156,29.673200607299805,3060906
COMI.CA,Banking,2022-02-14 22:00:00,33.428382873535156,34.23268508911133,33.40179443359375,34.23268508911133,30.38715171813965,1021202
COMI.CA,Banking,2022-02-15 22:00:00,34.23268508911133,34.45868682861328,33.90032958984375,34.23268508911133,30.38715171813965,4390738
COMI.CA,Banking,2022-02-16 22:00:00,34.23268508911133,34.23268508911133,33.70756149291992,33.90032958984375,30.092130661010742,1826442
COMI.CA,Banking,2022-02-19 22:00:00,33.90032958984375,34.006683349609375,33.567970275878906,33.63444137573242,29.85611343383789,587661
COMI.CA,Banking,2022-02-20 22:00:00,33.63444137573242,34.32574462890625,33.40179443359375,34.186153411865234,30.345848083496094,1591473
COMI.CA,Banking,2022-02-21 22:00:00,34.186153411865234,34.19944763183594,33.23561477661133,33.23561477661133,29.502086639404297,3627275
COMI.CA,Banking,2022-02-22 22:00:00,33.23561477661133,33.36855697631836,32.969730377197266,33.042850494384766,29.330978393554688,2623828
COMI.CA,Banking,2022-02-23 22:00:00,33.042850494384766,32.93649673461914,30.809415817260742,31.241477966308594,27.731962203979492,5564354
COMI.CA,Banking,2022-02-26 22:00:00,31.241477966308594,32.30501937866211,31.906190872192383,32.17207717895508,28.558021545410156,2094322
COMI.CA,Banking,2022-02-27 22:00:00,32.17207717895508,32.504432678222656,31.59377670288086,31.779895782470703,28.209897994995117,4967675
COMI.CA,Banking,2022-02-28 22:00:00,31.779895782470703,32.1056022644043,31.706777572631836,31.706777572631836,28.14499282836914,4831499
COMI.CA,Banking,2022-03-01 22:00:00,31.706777572631836,31.839719772338867,31.241477966308594,31.241477966308594,27.731962203979492,5626313
COMI.CA,Banking,2022-03-02 22:00:00,31.241477966308594,31.573833465576172,31.14177131652832,31.573833465576172,28.0269832611084,4759331
COMI.CA,Banking,2022-03-05 22:00:00,31.573833465576172,30.88253402709961,30.47705841064453,30.64323616027832,27.200923919677734,3320198
COMI.CA,Banking,2022-03-06 22:00:00,30.64323616027832,30.64323616027832,28.44968605041504,28.44968605041504,25.253787994384766,17064010
COMI.CA,Banking,2022-03-07 22:00:00,28.44968605041504,28.44968605041504,28.44968605041504,28.44968605041504,25.253787994384766,0
COMI.CA,Banking,2022-03-08 22:00:00,27.053791046142578,27.585561752319336,26.734729766845703,27.253204345703125,24.191713333129883,9011928
COMI.CA,Banking,2022-03-09 22:00:00,27.253204345703125,27.253204345703125,26.18301773071289,27.253204345703125,24.191713333129883,8185335
COMI.CA,Banking,2022-03-12 22:00:00,27.253204345703125,27.917917251586914,27.246557235717773,27.917917251586914,24.781755447387695,2326681
COMI.CA,Banking,2022-03-13 22:00:00,27.917917251586914,27.917917251586914,27.718503952026367,27.718503952026367,24.60474395751953,11439538
COMI.CA,Banking,2022-03-14 22:00:00,27.718503952026367,27.711856842041016,27.31967544555664,27.65203285217285,24.545738220214844,5684025
COMI.CA,Banking,2022-03-15 22:00:00,27.65203285217285,28.58262825012207,27.465911865234375,28.28350830078125,25.106277465820312,15239246
COMI.CA,Banking,2022-03-16 22:00:00,28.28350830078125,28.815277099609375,28.45633316040039,28.715572357177734,25.48980712890625,10541525
COMI.CA,Banking,2022-03-19 22:00:00,28.715572357177734,29.8455810546875,28.748807907104492,29.8455810546875,26.492876052856445,2207998
COMI.CA,Banking,2022-03-20 22:00:00,29.8455810546875,31.906190872192383,29.978525161743164,31.906190872192383,28.322006225585938,7606481
COMI.CA,Banking,2022-03-21 22:00:00,31.906190872192383,33.90032958984375,32.57754898071289,32.90325927734375,29.207067489624023,9250031
COMI.CA,Banking,2022-03-22 22:00:00,32.90325927734375,33.0295524597168,32.238548278808594,32.90325927734375,29.207067489624023,3422355
COMI.CA,Banking,2022-03-23 22:00:00,32.90325927734375,33.03620147705078,32.6041374206543,32.617431640625,28.953350067138672,4758991
COMI.CA,Banking,2022-03-26 22:00:00,32.617431640625,32.7038459777832,31.254772186279297,31.906190872192383,28.322006225585938,4179657
COMI.CA,Banking,2022-03-27 22:00:00,31.906190872192383,32.43796157836914,31.321243286132812,31.361127853393555,27.838171005249023,3380701
COMI.CA,Banking,2022-03-28 22:00:00,31.361127853393555,31.627010345458984,30.410587310791016,31.507362365722656,27.96797752380371,4792166
COMI.CA,Banking,2022-03-29 22:00:00,31.507362365722656,31.673540115356445,30.709707260131836,30.709707260131836,27.259929656982422,2937045
COMI.CA,Banking,2022-03-30 22:00:00,30.709707260131836,31.155065536499023,30.17793846130371,30.703060150146484,27.2540283203125,5871973
COMI.CA,Banking,2022-04-02 22:00:00,30.703060150146484,32.21195983886719,30.576765060424805,31.959367752075195,28.36920738220215,1691649
COMI.CA,Banking,2022-04-03 22:00:00,31.959367752075195,32.03248596191406,31.414304733276367,31.866308212280273,28.286602020263672,8458644
COMI.CA,Banking,2022-04-04 22:00:00,31.866308212280273,31.620363235473633,30.915769577026367,30.92241668701172,28.172021865844727,5671300
COMI.CA,Banking,2022-04-05 22:00:00,30.92241668701172,31.081947326660156,30.590059280395508,30.776180267333984,28.038793563842773,3043148
COMI.CA,Banking,2022-04-06 22:00:00,30.776180267333984,30.809415817260742,29.91205406188965,30.011760711669922,27.34236717224121,7649393
COMI.CA,Banking,2022-04-09 22:00:00,30.011760711669922,29.91205406188965,29.24734115600586,29.386930465698242,26.773109436035156,3117189
COMI.CA,Banking,2022-04-10 22:00:00,29.386930465698242,29.24734115600586,28.58262825012207,28.688983917236328,26.13724136352539,6298654
COMI.CA,Banking,2022-04-11 22:00:00,28.688983917236328,29.57969856262207,28.58262825012207,29.24734115600586,26.645936965942383,7536452
COMI.CA,Banking,2022-04-12 22:00:00,29.24734115600586,29.313812255859375,28.91498565673828,28.921632766723633,26.349199295043945,5187591
COMI.CA,Banking,2022-04-13 22:00:00,28.921632766723633,29.29387092590332,28.316743850708008,29.114398956298828,26.52482032775879,4344401
COMI.CA,Banking,2022-04-16 22:00:00,29.114398956298828,30.576765060424805,28.815277099609375,29.666109085083008,27.02745819091797,4623022
COMI.CA,Banking,2022-04-17 22:00:00,29.666109085083008,29.978525161743164,28.91498565673828,29.792404174804688,27.142520904541016,4006570
COMI.CA,Banking,2022-04-18 22:00:00,29.792404174804688,29.91205406188965,28.695629119873047,28.981456756591797,26.403701782226562,9420318
COMI.CA,Banking,2022-04-19 22:00:00,28.981456756591797,28.383214950561523,27.665325164794922,27.824857711791992,25.349977493286133,5090382
COMI.CA,Banking,2022-04-20 22:00:00,27.824857711791992,28.163860321044922,27.917917251586914,27.917917251586914,25.43476104736328,4132103
COMI.CA,Banking,2022-04-25 22:00:00,27.917917251586914,28.58262825012207,27.77168083190918,28.58262825012207,26.040348052978516,4271849
COMI.CA,Banking,2022-04-26 22:00:00,28.58262825012207,29.094457626342773,28.589275360107422,28.595922470092773,26.052459716796875,4595657
COMI.CA,Banking,2022-04-27 22:00:00,28.595922470092773,29.779111862182617,28.635805130004883,29.779111862182617,27.130409240722656,6004489
COMI.CA,Banking,2022-05-07 22:00:00,29.779111862182617,30.078231811523438,29.24734115600586,29.91205406188965,27.251527786254883,2998342
COMI.CA,Banking,2022-05-08 22:00:00,29.91205406188965,30.104820251464844,28.662395477294922,28.662395477294922,26.113019943237305,5160943
COMI.CA,Banking,2022-05-09 22:00:00,28.662395477294922,29.047927856445312,28.589275360107422,28.722219467163086,26.16752052307129,2927606
COMI.CA,Banking,2022-05-10 22:00:00,28.722219467163086,28.901691436767578,28.423097610473633,28.423097610473633,25.89500617980957,3318385
COMI.CA,Banking,2022-05-11 22:00:00,28.423097610473633,28.423097610473633,27.917917251586914,27.98438835144043,25.495317459106445,3273611
COMI.CA,Banking,2022-05-14 22:00:00,27.98438835144043,28.28350830078125,27.585561752319336,27.585561752319336,25.1319637298584,1261643
COMI.CA,Banking,2022-05-15 22:00:00,27.585561752319336,27.585561752319336,26.661609649658203,27.18673324584961,24.76861000061035,5824814
COMI.CA,Banking,2022-05-16 22:00:00,27.18673324584961,27.419382095336914,26.721435546875,26.787906646728516,24.405256271362305,2726987
COMI.CA,Banking,2022-05-17 22:00:00,26.787906646728516,27.253204345703125,26.85437774658203,27.19338035583496,24.7746639251709,3311298
COMI.CA,Banking,2022-05-18 22:00:00,27.19338035583496,27.98438835144043,26.85437774658203,27.98438835144043,25.495317459106445,2040246
COMI.CA,Banking,2022-05-21 22:00:00,27.98438835144043,28.163860321044922,27.718503952026367,27.77168083190918,25.301530838012695,673097
COMI.CA,Banking,2022-05-22 22:00:00,27.77168083190918,28.349979400634766,27.558971405029297,28.084095001220703,25.586156845092773,3581875
COMI.CA,Banking,2022-05-23 22:00:00,28.084095001220703,28.24362564086914,27.585561752319336,28.084095001220703,25.586156845092773,2348160
COMI.CA,Banking,2022-05-24 22:00:00,28.084095001220703,28.044212341308594,27.519088745117188,27.519088745117188,25.0714054107666,2583710
COMI.CA,Banking,2022-05-25 22:00:00,27.519088745117188,27.917917251586914,27.253204345703125,27.665325164794922,25.204633712768555,1979326
COMI.CA,Banking,2022-05-28 22:00:00,27.665325164794922,27.78497314453125,27.06708526611328,27.14020347595215,24.726219177246094,429849
COMI.CA,Banking,2022-05-29 22:00:00,27.14020347595215,27.31967544555664,26.85437774658203,27.1468505859375,24.73227310180664,4716462
COMI.CA,Banking,2022-05-30 22:00:00,27.1468505859375,27.917917251586914,27.120262145996094,27.386146545410156,24.950286865234375,8452145
COMI.CA,Banking,2022-05-31 22:00:00,27.386146545410156,27.519088745117188,26.93414306640625,27.253204345703125,24.82917022705078,4235379
COMI.CA,Banking,2022-06-01 22:00:00,27.253204345703125,27.253204345703125,26.581844329833984,26.588491439819336,24.22357940673828,2966402
COMI.CA,Banking,2022-06-04 22:00:00,26.588491439819336,26.588491439819336,26.588491439819336,26.588491439819336,24.22357940673828,0
COMI.CA,Banking,2022-06-05 22:00:00,26.39572525024414,26.555255889892578,25.97031021118164,26.38907814025879,24.041902542114258,5258238
COMI.CA,Banking,2022-06-06 22:00:00,26.38907814025879,26.588491439819336,26.209606170654297,26.555255889892578,24.193300247192383,1830396
COMI.CA,Banking,2022-06-07 22:00:00,26.555255889892578,27.253204345703125,26.588491439819336,27.047143936157227,24.641435623168945,2550307
COMI.CA,Banking,2022-06-08 22:00:00,27.047143936157227,27.239910125732422,26.734729766845703,27.047143936157227,24.641435623168945,2305252
COMI.CA,Banking,2022-06-11 22:00:00,27.047143936157227,26.787906646728516,26.282724380493164,26.455549240112305,24.102460861206055,1457672
COMI.CA,Banking,2022-06-12 22:00:00,26.455549240112305,26.455549240112305,26.163076400756836,26.455549240112305,24.102460861206055,4560496
COMI.CA,Banking,2022-06-13 22:00:00,26.455549240112305,26.455549240112305,25.92378044128418,26.455549240112305,24.102460861206055,3597613
COMI.CA,Banking,2022-06-14 22:00:00,26.455549240112305,26.448902130126953,26.123193740844727,26.38907814025879,24.041902542114258,2002982
COMI.CA,Banking,2022-06-15 22:00:00,26.38907814025879,26.256135940551758,25.92378044128418,25.92378044128418,23.617990493774414,16202307
COMI.CA,Banking,2022-06-18 22:00:00,25.92378044128418,25.92378044128418,25.531600952148438,25.5914249420166,23.315196990966797,2318208
COMI.CA,Banking,2022-06-19 22:00:00,25.5914249420166,25.724365234375,25.498363494873047,25.5914249420166,23.315196990966797,1615393
COMI.CA,Banking,2022-06-20 22:00:00,25.5914249420166,25.903837203979492,25.46512794494629,25.824073791503906,23.527151107788086,5048594
COMI.CA,Banking,2022-06-21 22:00:00,25.824073791503906,25.903837203979492,25.524951934814453,25.524951934814453,23.254634857177734,1900092
COMI.CA,Banking,2022-06-22 22:00:00,25.524951934814453,25.524951934814453,24.767179489135742,24.767179489135742,22.56426429748535,2151213
COMI.CA,Banking,2022-06-25 22:00:00,24.767179489135742,25.159360885620117,24.800416946411133,25.059654235839844,22.83072280883789,1951284
COMI.CA,Banking,2022-06-26 22:00:00,25.059654235839844,25.192596435546875,24.5943546295166,24.853593826293945,22.64299201965332,9895107
COMI.CA,Banking,2022-06-27 22:00:00,24.853593826293945,25.92378044128418,23.929643630981445,24.846946716308594,22.63693618774414,9021787
COMI.CA,Banking,2022-06-28 22:00:00,24.846946716308594,24.92671012878418,24.620943069458008,24.780475616455078,22.57637596130371,4558224
COMI.CA,Banking,2022-07-02 22:00:00,24.780475616455078,24.727298736572266,23.37128448486328,24.228763580322266,22.07373809814453,5220145
COMI.CA,Banking,2022-07-03 22:00:00,24.228763580322266,24.255352020263672,22.679983139038086,23.098751068115234,21.044233322143555,5774164
COMI.CA,Banking,2022-07-04 22:00:00,23.098751068115234,23.331401824951172,22.48721694946289,22.99239730834961,20.947341918945312,12992707
COMI.CA,Banking,2022-07-05 22:00:00,22.99239730834961,23.557403564453125,22.73316192626953,23.131988525390625,21.074514389038086,2742261
COMI.CA,Banking,2022-07-06 22:00:00,23.131988525390625,23.756818771362305,23.171871185302734,23.66375732421875,21.558984756469727,3055499
COMI.CA,Banking,2022-07-16 22:00:00,23.66375732421875,24.50794219970703,23.677051544189453,23.929643630981445,21.801223754882812,2667224
COMI.CA,Banking,2022-07-17 22:00:00,23.929643630981445,24.46141242980957,23.81664276123047,23.929643630981445,21.801223754882812,11935740
COMI.CA,Banking,2022-07-18 22:00:00,23.929643630981445,24.840299606323242,23.889759063720703,24.527883529663086,22.346254348754883,15850356
COMI.CA,Banking,2022-07-19 22:00:00,24.527883529663086,25.21253776550293,24.527883529663086,24.5943546295166,22.406810760498047,5757362
COMI.CA,Banking,2022-07-20 22:00:00,24.5943546295166,25.059654235839844,24.607648849487305,25.059654235839844,22.83072280883789,3199527
COMI.CA,Banking,2022-07-23 22:00:00,25.059654235839844,25.059654235839844,24.5943546295166,24.5943546295166,22.406810760498047,2102477
COMI.CA,Banking,2022-07-24 22:00:00,24.5943546295166,24.860240936279297,24.527883529663086,24.527883529663086,22.346254348754883,10815578
COMI.CA,Banking,2022-07-25 22:00:00,24.527883529663086,25.25906753540039,24.355058670043945,24.893476486206055,22.6793270111084,4511592
COMI.CA,Banking,2022-07-26 22:00:00,24.893476486206055,25.325538635253906,24.860240936279297,24.88018035888672,22.667213439941406,6382938
COMI.CA,Banking,2022-07-27 22:00:00,24.88018035888672,25.225831985473633,24.6674747467041,25.192596435546875,22.95184326171875,8558821
COMI.CA,Banking,2022-07-30 22:00:00,25.192596435546875,25.92378044128418,25.332185745239258,25.5050106048584,23.236469268798828,2518567
COMI.CA,Banking,2022-07-31 22:00:00,25.5050106048584,25.724365234375,24.940006256103516,25.25242042541504,23.006343841552734,5561610
COMI.CA,Banking,2022-08-01 22:00:00,25.25242042541504,25.25906753540039,24.733945846557617,24.733945846557617,22.533985137939453,16631796
COMI.CA,Banking,2022-08-02 22:00:00,24.733945846557617,25.059654235839844,24.79376983642578,25.059654235839844,22.83072280883789,2136885
COMI.CA,Banking,2022-08-03 22:00:00,25.059654235839844,25.392009735107422,24.979888916015625,25.25906753540039,23.012399673461914,11542265
COMI.CA,Banking,2022-08-06 22:00:00,25.25906753540039,25.92378044128418,25.392009735107422,25.870603561401367,23.569541931152344,11017158
COMI.CA,Banking,2022-08-07 22:00:00,25.870603561401367,26.189664840698242,25.75760269165039,25.857309341430664,23.557432174682617,8262187
COMI.CA,Banking,2022-08-08 22:00:00,25.857309341430664,25.990251541137695,25.458480834960938,25.5183048248291,23.248579025268555,11383727
COMI.CA,Banking,2022-08-09 22:00:00,25.5183048248291,25.983604431152344,25.5914249420166,25.857309341430664,23.557432174682617,2360827
COMI.CA,Banking,2022-08-10 22:00:00,25.857309341430664,25.910486221313477,25.578128814697266,25.657894134521484,23.375751495361328,2765665
COMI.CA,Banking,2022-08-13 22:00:00,25.657894134521484,25.85066032409668,25.332185745239258,25.332185745239258,23.079015731811523,1904985
COMI.CA,Banking,2022-08-14 22:00:00,25.332185745239258,25.5914249420166,24.76053237915039,25.25242042541504,23.006343841552734,3637653
COMI.CA,Banking,2022-08-15 22:00:00,25.25242042541504,25.318891525268555,24.6674747467041,24.92006492614746,22.70355224609375,5299888
COMI.CA,Banking,2022-08-16 22:00:00,24.92006492614746,25.824073791503906,24.76053237915039,25.724365234375,23.436311721801758,7884695
COMI.CA,Banking,2022-08-17 22:00:00,25.724365234375,25.724365234375,25.724365234375,25.724365234375,23.436311721801758,0
COMI.CA,Banking,2022-08-20 22:00:00,25.797483444213867,27.23326301574707,25.790836334228516,27.10032081604004,24.689884185791016,3407689
COMI.CA,Banking,2022-08-21 22:00:00,27.10032081604004,27.253204345703125,26.52202033996582,26.52202033996582,24.163021087646484,5873646
COMI.CA,Banking,2022-08-22 22:00:00,26.52202033996582,26.52202033996582,26.52202033996582,26.52202033996582,24.163021087646484,0
COMI.CA,Banking,2022-08-23 22:00:00,26.415666580200195,26.82114028930664,26.422313690185547,26.528667449951172,24.16907501220703,8235081
COMI.CA,Banking,2022-08-24 22:00:00,26.528667449951172,26.987319946289062,26.701492309570312,26.787906646728516,24.405256271362305,8184582
COMI.CA,Banking,2022-08-27 22:00:00,26.787906646728516,26.920848846435547,26.38907814025879,26.4422550201416,24.090351104736328,1409787
COMI.CA,Banking,2022-08-28 22:00:00,26.4422550201416,26.65496253967285,26.35584259033203,26.35584259033203,24.011621475219727,2750313
COMI.CA,Banking,2022-08-29 22:00:00,26.35584259033203,26.362489700317383,25.996898651123047,26.156429290771484,23.829946517944336,12596146
COMI.CA,Banking,2022-08-30 22:00:00,26.156429290771484,26.382431030273438,25.358774185180664,25.358774185180664,23.103239059448242,12747052
COMI.CA,Banking,2022-08-31 22:00:00,25.358774185180664,25.651248931884766,25.12612533569336,25.358774185180664,23.103239059448242,5557350
COMI.CA,Banking,2022-09-03 22:00:00,25.358774185180664,25.5183048248291,25.192596435546875,25.25906753540039,23.012399673461914,2958300
COMI.CA,Banking,2022-09-04 22:00:00,25.25906753540039,25.624658584594727,25.25906753540039,25.458480834960938,23.194076538085938,5659264
COMI.CA,Banking,2022-09-05 22:00:00,25.458480834960938,26.169723510742188,25.664541244506836,25.697778701782227,23.412090301513672,9392639
COMI.CA,Banking,2022-09-06 22:00:00,25.697778701782227,25.857309341430664,25.55818748474121,25.55818748474121,23.284914016723633,4449687
COMI.CA,Banking,2022-09-07 22:00:00,25.55818748474121,25.890544891357422,25.55818748474121,25.67783546447754,23.3939208984375,3090249
COMI.CA,Banking,2022-09-10 22:00:00,25.67783546447754,26.123193740844727,25.724365234375,26.070016860961914,23.751220703125,2645084
COMI.CA,Banking,2022-09-11 22:00:00,26.070016860961914,26.488784790039062,26.08995819091797,26.329254150390625,23.98740005493164,7003987
COMI.CA,Banking,2022-09-12 22:00:00,26.329254150390625,26.38907814025879,26.163076400756836,26.30266571044922,23.963176727294922,6866668
COMI.CA,Banking,2022-09-13 22:00:00,26.30266571044922,26.169723510742188,25.664541244506836,25.996898651123047,23.68460464477539,9743533
COMI.CA,Banking,2022-09-14 22:00:00,25.996898651123047,26.123193740844727,25.37871551513672,25.790836334228516,23.496870040893555,7224281
COMI.CA,Banking,2022-09-17 22:00:00,25.790836334228516,25.724365234375,24.76053237915039,24.92671012878418,22.709606170654297,2845846
COMI.CA,Banking,2022-09-18 22:00:00,24.92671012878418,25.392009735107422,24.561119079589844,25.37871551513672,23.12140655517578,2563086
COMI.CA,Banking,2022-09-19 22:00:00,25.37871551513672,26.14313507080078,25.37871551513672,25.937074661254883,23.630102157592773,3263774
COMI.CA,Banking,2022-09-20 22:00:00,25.937074661254883,26.555255889892578,25.96366310119629,26.256135940551758,23.92078399658203,8280455
COMI.CA,Banking,2022-09-21 22:00:00,26.256000518798828,26.450000762939453,25.600000381469727,26.200000762939453,23.86964225769043,4362068
COMI.CA,Banking,2022-09-24 22:00:00,26.200000762939453,25.84000015258789,25.079999923706055,25.639999389648438,23.359451293945312,3749477
COMI.CA,Banking,2022-09-25 22:00:00,25.639999389648438,25.75,25.1200008392334,25.1200008392334,22.88570213317871,3061702
COMI.CA,Banking,2022-09-26 22:00:00,25.1200008392334,25.3700008392334,24.719999313354492,24.719999313354492,22.52128028869629,3807170
COMI.CA,Banking,2022-09-27 22:00:00,24.719999313354492,24.899999618530273,24.549999237060547,24.600000381469727,22.411954879760742,3561516
COMI.CA,Banking,2022-09-28 22:00:00,24.600000381469727,25.34000015258789,24.700000762939453,25.1299991607666,22.894811630249023,8504313
COMI.CA,Banking,2022-10-01 22:00:00,25.1299991607666,25.270000457763672,24.75,24.899999618530273,22.685270309448242,1281618
COMI.CA,Banking,2022-10-02 22:00:00,24.899999618530273,25.06999969482422,24.549999237060547,24.6200008392334,22.43017578125,4435690
COMI.CA,Banking,2022-10-03 22:00:00,24.6200008392334,25.5,24.799999237060547,25.5,23.231903076171875,8064310
COMI.CA,Banking,2022-10-04 22:00:00,25.5,26.219999313354492,25.450000762939453,26.1299991607666,23.805866241455078,6562649
COMI.CA,Banking,2022-10-08 22:00:00,26.1299991607666,26.059999465942383,25.75,25.799999237060547,23.505216598510742,1960982
COMI.CA,Banking,2022-10-09 22:00:00,25.799999237060547,26.06999969482422,25.700000762939453,25.799999237060547,23.505216598510742,8515086
COMI.CA,Banking,2022-10-10 22:00:00,25.799999237060547,25.979999542236328,25.6200008392334,25.790000915527344,23.496110916137695,3890615
COMI.CA,Banking,2022-10-11 22:00:00,25.790000915527344,25.860000610351562,25.309999465942383,25.799999237060547,23.505216598510742,7750653
COMI.CA,Banking,2022-10-12 22:00:00,25.799999237060547,26.010000228881836,25.469999313354492,26.0,23.68743133544922,11759743
COMI.CA,Banking,2022-10-15 22:00:00,26.0,26.950000762939453,25.899999618530273,26.90999984741211,24.516490936279297,3136505
COMI.CA,Banking,2022-10-16 22:00:00,26.90999984741211,27.059999465942383,26.440000534057617,26.6299991607666,24.261394500732422,10415248
COMI.CA,Banking,2022-10-17 22:00:00,26.6299991607666,26.950000762939453,26.5,26.760000228881836,24.379831314086914,5322958
COMI.CA,Banking,2022-10-18 22:00:00,26.760000228881836,27.0,26.600000381469727,26.93000030517578,24.534711837768555,7597911
COMI.CA,Banking,2022-10-19 22:00:00,26.93000030517578,27.270000457763672,26.93000030517578,27.200000762939453,24.780698776245117,3254624
COMI.CA,Banking,2022-10-22 22:00:00,27.200000762939453,27.469999313354492,27.15999984741211,27.200000762939453,24.780698776245117,1678601
COMI.CA,Banking,2022-10-23 22:00:00,27.200000762939453,28.1299991607666,27.200000762939453,27.8700008392334,25.391103744506836,6627079
COMI.CA,Banking,2022-10-24 22:00:00,27.8700008392334,29.299999237060547,27.850000381469727,29.299999237060547,26.693912506103516,7050723
COMI.CA,Banking,2022-10-25 22:00:00,29.299999237060547,29.299999237060547,29.299999237060547,29.299999237060547,26.693912506103516,0
COMI.CA,Banking,2022-10-26 22:00:00,29.299999237060547,32.0,30.25,32.0,29.153762817382812,13289726
COMI.CA,Banking,2022-10-29 22:00:00,32.0,32.9900016784668,31.700000762939453,31.799999237060547,28.97154998779297,5271637
COMI.CA,Banking,2022-10-30 22:00:00,31.799999237060547,32.400001525878906,31.100000381469727,32.400001525878906,29.5181827545166,7808093
COMI.CA,Banking,2022-10-31 22:00:00,32.400001525878906,32.70000076293945,32.11000061035156,32.5,29.60928726196289,6011173
COMI.CA,Banking,2022-11-01 22:00:00,32.5,32.599998474121094,31.520000457763672,31.719999313354492,28.898664474487305,6127350
COMI.CA,Banking,2022-11-02 22:00:00,31.719999313354492,32.099998474121094,31.420000076293945,32.099998474121094,29.2448673248291,2857304
COMI.CA,Banking,2022-11-05 22:00:00,32.099998474121094,32.400001525878906,31.700000762939453,32.0,29.153762817382812,1545255
COMI.CA,Banking,2022-11-06 22:00:00,32.0,33.220001220703125,31.81999969482422,33.20000076293945,30.247026443481445,8438223
COMI.CA,Banking,2022-11-07 22:00:00,33.20000076293945,33.79999923706055,32.349998474121094,32.5,29.60928726196289,8508512
COMI.CA,Banking,2022-11-08 22:00:00,32.5,36.209999084472656,32.029998779296875,36.209999084472656,32.98930358886719,9710343
COMI.CA,Banking,2022-11-09 22:00:00,36.209999084472656,35.459999084472656,34.13999938964844,34.52000045776367,31.449621200561523,7323994
COMI.CA,Banking,2022-11-12 22:00:00,34.52000045776367,35.13999938964844,34.75,35.08000183105469,31.95981216430664,3606287
COMI.CA,Banking,2022-11-13 22:00:00,35.08000183105469,35.959999084472656,34.900001525878906,35.900001525878906,32.70687484741211,47374889
COMI.CA,Banking,2022-11-14 22:00:00,35.900001525878906,35.900001525878906,35.20000076293945,35.900001525878906,32.70687484741211,6384319
COMI.CA,Banking,2022-11-15 22:00:00,35.900001525878906,36.150001525878906,35.40999984741211,36.13999938964844,32.9255256652832,11475627
COMI.CA,Banking,2022-11-16 22:00:00,36.13999938964844,37.5,35.95000076293945,37.34000015258789,34.018795013427734,17065925
COMI.CA,Banking,2022-11-19 22:00:00,37.34000015258789,37.79999923706055,37.349998474121094,37.400001525878906,34.07345962524414,3776611
COMI.CA,Banking,2022-11-20 22:00:00,37.400001525878906,37.77000045776367,37.0,37.5,34.16456604003906,7561400
COMI.CA,Banking,2022-11-21 22:00:00,37.5,38.25,37.70000076293945,38.04999923706055,34.66564178466797,9878995
COMI.CA,Banking,2022-11-22 22:00:00,38.04999923706055,38.59000015258789,37.11000061035156,37.11000061035156,33.80925369262695,4838305
COMI.CA,Banking,2022-11-23 22:00:00,37.11000061035156,38.0,37.16999816894531,37.849998474121094,34.48343276977539,14137721
COMI.CA,Banking,2022-11-26 22:00:00,37.849998474121094,38.689998626708984,37.599998474121094,38.599998474121094,35.16672134399414,5089392
COMI.CA,Banking,2022-11-27 22:00:00,38.599998474121094,38.790000915527344,38.040000915527344,38.310001373291016,34.90251922607422,6860072
COMI.CA,Banking,2022-11-28 22:00:00,38.310001373291016,39.880001068115234,38.25,39.84000015258789,36.29643249511719,5203811
COMI.CA,Banking,2022-11-29 22:00:00,39.84000015258789,40.75,39.38999938964844,40.04999923706055,36.48775100708008,29130381
COMI.CA,Banking,2022-11-30 22:00:00,40.04999923706055,41.45000076293945,39.9900016784668,41.400001525878906,37.71767807006836,23099925
COMI.CA,Banking,2022-12-03 22:00:00,41.400001525878906,42.79999923706055,41.439998626708984,42.349998474121094,38.58317947387695,2715887
COMI.CA,Banking,2022-12-04 22:00:00,42.349998474121094,44.63999938964844,42.45000076293945,44.0,40.086421966552734,9167293
COMI.CA,Banking,2022-12-05 22:00:00,44.0,45.290000915527344,44.27000045776367,44.90999984741211,40.91548156738281,5184810
COMI.CA,Banking,2022-12-06 22:00:00,44.90999984741211,46.599998474121094,45.0099983215332,45.88999938964844,41.80831527709961,5398261
COMI.CA,Banking,2022-12-07 22:00:00,45.88999938964844,48.0,44.54999923706055,45.79999923706055,41.726318359375,5708428
COMI.CA,Banking,2022-12-10 22:00:00,45.79999923706055,46.45000076293945,44.599998474121094,44.599998474121094,40.633052825927734,2034455
COMI.CA,Banking,2022-12-11 22:00:00,44.599998474121094,46.0,43.0,45.41999816894531,41.38011932373047,10229170
COMI.CA,Banking,2022-12-12 22:00:00,45.41999816894531,46.0,44.79999923706055,45.150001525878906,41.13413619995117,8081143
COMI.CA,Banking,2022-12-13 22:00:00,45.150001525878906,47.150001525878906,45.04999923706055,47.150001525878906,42.95624542236328,9037728
COMI.CA,Banking,2022-12-14 22:00:00,47.150001525878906,47.70000076293945,45.5,45.5,41.4530029296875,9135836
COMI.CA,Banking,2022-12-17 22:00:00,45.5,46.349998474121094,44.20000076293945,44.220001220703125,40.2868537902832,2904844
COMI.CA,Banking,2022-12-18 22:00:00,44.220001220703125,44.70000076293945,42.5,42.599998474121094,38.81093978881836,9142456
COMI.CA,Banking,2022-12-19 22:00:00,42.599998474121094,42.900001525878906,40.79999923706055,41.0,37.35325622558594,8947554
COMI.CA,Banking,2022-12-20 22:00:00,41.0,42.0,39.5,41.79999923706055,38.08209991455078,6504131
COMI.CA,Banking,2022-12-21 22:00:00,41.79999923706055,42.9900016784668,39.959999084472656,42.0,38.26430892944336,4950334
COMI.CA,Banking,2022-12-24 22:00:00,42.0,42.599998474121094,40.52000045776367,42.310001373291016,38.54673767089844,3824802
COMI.CA,Banking,2022-12-25 22:00:00,42.310001373291016,42.880001068115234,42.0,42.0099983215332,38.27342224121094,1419434
COMI.CA,Banking,2022-12-26 22:00:00,42.0099983215332,42.25,41.220001220703125,41.2599983215332,37.59012985229492,2466540
COMI.CA,Banking,2022-12-27 22:00:00,41.2599983215332,41.70000076293945,41.150001525878906,41.20000076293945,37.53546905517578,4667869
COMI.CA,Banking,2022-12-28 22:00:00,41.20000076293945,42.0,41.06999969482422,41.47999954223633,37.79056167602539,3165788
COMI.CA,Banking,2023-01-01 22:00:00,41.47999954223633,42.88999938964844,41.25,42.75,38.94759750366211,2708615
COMI.CA,Banking,2023-01-02 22:00:00,42.75,43.650001525878906,42.70000076293945,42.75,38.94759750366211,1798021
COMI.CA,Banking,2023-01-03 22:00:00,42.75,45.4900016784668,41.40999984741211,44.5099983215332,40.55105972290039,9809493
COMI.CA,Banking,2023-01-04 22:00:00,44.5099983215332,46.0,44.61000061035156,45.599998474121094,41.54410934448242,6211368
COMI.CA,Banking,2023-01-08 22:00:00,45.599998474121094,46.599998474121094,45.650001525878906,46.599998474121094,42.455162048339844,4373881
COMI.CA,Banking,2023-01-09 22:00:00,46.599998474121094,46.5,43.70000076293945,43.70000076293945,39.81310272216797,6598508
COMI.CA,Banking,2023-01-10 22:00:00,43.70000076293945,46.150001525878906,41.79999923706055,42.0,38.26430892944336,30780974
COMI.CA,Banking,2023-01-11 22:00:00,42.0,44.0,41.70000076293945,41.70000076293945,37.990997314453125,13404627
COMI.CA,Banking,2023-01-14 22:00:00,41.70000076293945,42.400001525878906,41.310001373291016,41.75,38.03654861450195,5916266
COMI.CA,Banking,2023-01-15 22:00:00,41.75,43.20000076293945,42.0,42.0,38.26430892944336,13312675
COMI.CA,Banking,2023-01-16 22:00:00,42.0,43.33000183105469,42.060001373291016,43.099998474121094,39.26647186279297,15259362
COMI.CA,Banking,2023-01-17 22:00:00,43.099998474121094,44.47999954223633,43.29999923706055,44.47999954223633,40.52372741699219,16012414
COMI.CA,Banking,2023-01-18 22:00:00,44.47999954223633,46.0,44.5,45.650001525878906,41.58966064453125,8093914
COMI.CA,Banking,2023-01-21 22:00:00,45.650001525878906,46.0,44.95000076293945,45.349998474121094,41.31634521484375,2441661
COMI.CA,Banking,2023-01-22 22:00:00,45.349998474121094,46.4900016784668,45.2599983215332,46.43000030517578,42.30028533935547,6643818
COMI.CA,Banking,2023-01-23 22:00:00,46.43000030517578,48.70000076293945,46.5,48.70000076293945,44.368377685546875,7528581
COMI.CA,Banking,2023-01-24 22:00:00,48.70000076293945,51.099998474121094,49.099998474121094,50.900001525878906,46.372703552246094,9486216
COMI.CA,Banking,2023-01-28 22:00:00,50.900001525878906,54.0,51.5,54.0,49.19697189331055,5398685
COMI.CA,Banking,2023-01-29 22:00:00,54.0,57.63999938964844,51.25,52.5,47.830387115478516,9222271
COMI.CA,Banking,2023-01-30 22:00:00,52.5,52.79999923706055,49.5099983215332,49.5099983215332,45.1063346862793,5368453
COMI.CA,Banking,2023-01-31 22:00:00,49.5099983215332,51.5,49.75,50.099998474121094,45.643856048583984,5264514
COMI.CA,Banking,2023-02-01 22:00:00,50.099998474121094,51.150001525878906,49.9900016784668,50.599998474121094,46.09938049316406,3871830
COMI.CA,Banking,2023-02-04 22:00:00,50.599998474121094,52.20000076293945,48.599998474121094,51.310001373291016,46.74623489379883,3464311
COMI.CA,Banking,2023-02-05 22:00:00,51.310001373291016,52.880001068115234,51.40999984741211,52.880001068115234,48.17658615112305,4561916
COMI.CA,Banking,2023-02-06 22:00:00,52.880001068115234,55.04999923706055,53.5099983215332,54.5099983215332,49.6616096496582,6342693
COMI.CA,Banking,2023-02-07 22:00:00,54.5099983215332,56.0,53.20000076293945,55.54999923706055,50.609107971191406,5577272
COMI.CA,Banking,2023-02-08 22:00:00,55.54999923706055,59.0,55.75,58.9900016784668,53.743133544921875,8537827
COMI.CA,Banking,2023-02-11 22:00:00,58.9900016784668,57.790000915527344,54.900001525878906,56.20000076293945,51.201290130615234,5178370
COMI.CA,Banking,2023-02-12 22:00:00,56.20000076293945,57.5,55.0,56.0099983215332,51.02819061279297,12913351
COMI.CA,Banking,2023-02-13 22:00:00,56.0099983215332,56.91999816894531,55.75,56.290000915527344,51.283287048339844,2478736
COMI.CA,Banking,2023-02-14 22:00:00,56.290000915527344,57.29999923706055,55.5,55.900001525878906,50.927978515625,7018420
COMI.CA,Banking,2023-02-15 22:00:00,55.900001525878906,56.959999084472656,55.060001373291016,55.060001373291016,50.16269302368164,5748664
COMI.CA,Banking,2023-02-18 22:00:00,55.060001373291016,55.95000076293945,55.0099983215332,55.18000030517578,50.27201843261719,1268083
COMI.CA,Banking,2023-02-19 22:00:00,55.18000030517578,55.79999923706055,52.650001525878906,53.20000076293945,48.4681282043457,6227053
COMI.CA,Banking,2023-02-20 22:00:00,53.20000076293945,54.18000030517578,52.5,53.939998626708984,49.142303466796875,5218307
COMI.CA,Banking,2023-02-21 22:00:00,53.939998626708984,54.470001220703125,52.70000076293945,53.25,48.51367950439453,3006644
COMI.CA,Banking,2023-02-22 22:00:00,53.25,54.790000915527344,52.90999984741211,54.790000915527344,49.91670608520508,4333861
COMI.CA,Banking,2023-02-25 22:00:00,54.790000915527344,56.2400016784668,54.29999923706055,55.5,50.56355667114258,2452044
COMI.CA,Banking,2023-02-26 22:00:00,55.5,55.9900016784668,54.380001068115234,54.38999938964844,49.552276611328125,4688042
COMI.CA,Banking,2023-02-27 22:00:00,54.38999938964844,54.900001525878906,53.11000061035156,53.11000061035156,48.38613510131836,7951115
COMI.CA,Banking,2023-02-28 22:00:00,53.11000061035156,54.20000076293945,53.04999923706055,54.150001525878906,49.3336296081543,4847747
COMI.CA,Banking,2023-03-01 22:00:00,54.150001525878906,54.689998626708984,52.790000915527344,52.83000183105469,48.13104248046875,10543063
COMI.CA,Banking,2023-03-04 22:00:00,52.83000183105469,53.599998474121094,52.02000045776367,52.65999984741211,47.976158142089844,2826528
COMI.CA,Banking,2023-03-05 22:00:00,52.65999984741211,54.5,52.70000076293945,53.20000076293945,48.4681282043457,5233404
COMI.CA,Banking,2023-03-06 22:00:00,53.20000076293945,53.650001525878906,51.91999816894531,52.0,47.37486267089844,7872931
COMI.CA,Banking,2023-03-07 22:00:00,52.0,53.25,52.0,52.9900016784668,48.27680587768555,6201148
COMI.CA,Banking,2023-03-08 22:00:00,52.9900016784668,54.150001525878906,52.5099983215332,53.02000045776367,48.30413818359375,8692324
COMI.CA,Banking,2023-03-11 22:00:00,53.02000045776367,53.470001220703125,51.91999816894531,52.04999923706055,47.420413970947266,8943815
COMI.CA,Banking,2023-03-12 22:00:00,52.04999923706055,52.79999923706055,50.0,50.0,45.55275344848633,10033521
COMI.CA,Banking,2023-03-13 22:00:00,50.0,50.599998474121094,49.0,49.0,44.64169692993164,4918377
COMI.CA,Banking,2023-03-14 22:00:00,49.0,51.2400016784668,47.9900016784668,48.5,44.18616485595703,9397878
COMI.CA,Banking,2023-03-15 22:00:00,48.5,51.0,48.0,48.0,43.73064041137695,7372955
COMI.CA,Banking,2023-03-18 22:00:00,48.0,48.959999084472656,47.31999969482422,48.0,43.73064041137695,4567601
COMI.CA,Banking,2023-03-19 22:00:00,48.0,50.04999923706055,47.79999923706055,48.5,44.18616485595703,4132851
COMI.CA,Banking,2023-03-20 22:00:00,48.5,50.900001525878906,49.2599983215332,49.5,45.097225189208984,6712697
COMI.CA,Banking,2023-03-21 22:00:00,49.5,50.5,48.880001068115234,49.849998474121094,45.41609191894531,3849649
COMI.CA,Banking,2023-03-22 22:00:00,49.849998474121094,50.9900016784668,49.119998931884766,50.9900016784668,46.45469665527344,2992447
COMI.CA,Banking,2023-03-25 22:00:00,50.9900016784668,51.470001220703125,50.560001373291016,51.20000076293945,46.646018981933594,2674256
COMI.CA,Banking,2023-03-26 22:00:00,51.20000076293945,51.40999984741211,50.54999923706055,51.0,46.46380615234375,2704794
COMI.CA,Banking,2023-03-27 22:00:00,51.0,50.88999938964844,49.0,49.0,44.64169692993164,3012166
COMI.CA,Banking,2023-03-28 22:00:00,49.0,50.16999816894531,49.099998474121094,49.900001525878906,45.461647033691406,4374730
COMI.CA,Banking,2023-03-29 22:00:00,49.900001525878906,52.0,50.209999084472656,51.0099983215332,46.47291564941406,4419976
COMI.CA,Banking,2023-04-01 22:00:00,51.0099983215332,51.849998474121094,50.900001525878906,51.5,46.919334411621094,1247405
COMI.CA,Banking,2023-04-02 22:00:00,51.5,53.20000076293945,51.56999969482422,52.5,47.830387115478516,4760144
COMI.CA,Banking,2023-04-03 22:00:00,52.5,52.959999084472656,52.11000061035156,52.5,48.28003692626953,4625917
COMI.CA,Banking,2023-04-04 22:00:00,52.5,53.400001525878906,52.310001373291016,53.290000915527344,49.00654602050781,3415218
COMI.CA,Banking,2023-04-05 22:00:00,53.290000915527344,53.279998779296875,51.599998474121094,51.599998474121094,47.45237731933594,5141113
COMI.CA,Banking,2023-04-08 22:00:00,51.599998474121094,52.0,51.209999084472656,51.70000076293945,47.54434585571289,730773
COMI.CA,Banking,2023-04-09 22:00:00,51.70000076293945,51.9900016784668,51.25,51.5,47.36042022705078,2929501
COMI.CA,Banking,2023-04-10 22:00:00,51.5,51.79999923706055,51.0,51.689998626708984,47.5351448059082,4667538
COMI.CA,Banking,2023-04-11 22:00:00,51.689998626708984,51.619998931884766,49.849998474121094,51.099998474121094,46.99257278442383,3271797
COMI.CA,Banking,2023-04-12 22:00:00,51.099998474121094,58.5,51.099998474121094,58.5,53.797760009765625,5632824
COMI.CA,Banking,2023-04-17 22:00:00,58.5,55.0,53.54999923706055,54.599998474121094,50.21124267578125,5157026
COMI.CA,Banking,2023-04-18 22:00:00,54.599998474121094,54.79999923706055,53.310001373291016,53.599998474121094,49.29161834716797,3187005
COMI.CA,Banking,2023-04-25 22:00:00,53.599998474121094,53.900001525878906,52.150001525878906,52.400001525878906,48.188079833984375,8694876
COMI.CA,Banking,2023-04-26 22:00:00,52.400001525878906,54.08000183105469,52.400001525878906,53.400001525878906,49.107696533203125,4059226
COMI.CA,Banking,2023-04-29 21:00:00,53.400001525878906,55.2599983215332,53.150001525878906,53.810001373291016,49.4847412109375,4730223
COMI.CA,Banking,2023-04-30 21:00:00,53.810001373291016,53.810001373291016,53.810001373291016,53.810001373291016,49.4847412109375,0
COMI.CA,Banking,2023-05-01 21:00:00,53.0,53.150001525878906,52.560001373291016,52.75,48.50994873046875,3676836
COMI.CA,Banking,2023-05-02 21:00:00,52.75,53.25,52.599998474121094,53.11000061035156,48.84101104736328,4419590
COMI.CA,Banking,2023-05-06 21:00:00,53.11000061035156,53.25,52.7599983215332,53.0099983215332,48.749046325683594,2406878
COMI.CA,Banking,2023-05-07 21:00:00,53.0099983215332,53.209999084472656,52.79999923706055,53.20000076293945,48.92377471923828,1916070
COMI.CA,Banking,2023-05-08 21:00:00,53.20000076293945,54.04999923706055,51.5,52.099998474121094,47.912193298339844,8171892
COMI.CA,Banking,2023-05-09 21:00:00,52.099998474121094,52.77000045776367,52.0,52.400001525878906,48.188079833984375,3810484
COMI.CA,Banking,2023-05-10 21:00:00,52.400001525878906,52.599998474121094,51.20000076293945,51.810001373291016,47.645503997802734,6930593
COMI.CA,Banking,2023-05-13 21:00:00,51.810001373291016,52.279998779296875,50.70000076293945,52.150001525878906,47.95817184448242,3434279
COMI.CA,Banking,2023-05-14 21:00:00,52.150001525878906,53.0,51.810001373291016,52.0,47.82023239135742,7061126
COMI.CA,Banking,2023-05-15 21:00:00,52.0,52.20000076293945,51.5,52.0,47.82023239135742,4313342
COMI.CA,Banking,2023-05-16 21:00:00,52.0,52.88999938964844,51.75,52.5,48.28003692626953,5743529
COMI.CA,Banking,2023-05-17 21:00:00,52.5,52.72999954223633,51.099998474121094,51.099998474121094,46.99257278442383,9822209
COMI.CA,Banking,2023-05-20 21:00:00,51.099998474121094,51.93000030517578,51.25,51.70000076293945,47.54434585571289,2683865
COMI.CA,Banking,2023-05-21 21:00:00,51.70000076293945,52.5,51.720001220703125,52.0,47.82023239135742,4899499
COMI.CA,Banking,2023-05-22 21:00:00,52.0,52.20000076293945,51.7599983215332,52.04999923706055,47.8662109375,2521048
COMI.CA,Banking,2023-05-23 21:00:00,52.04999923706055,52.650001525878906,52.0099983215332,52.5,48.28003692626953,2381811
COMI.CA,Banking,2023-05-24 21:00:00,52.5,53.189998626708984,52.29999923706055,52.29999923706055,48.09611511230469,3338500
COMI.CA,Banking,2023-05-27 21:00:00,52.29999923706055,52.79999923706055,52.02000045776367,52.029998779296875,47.84782028198242,1107433
COMI.CA,Banking,2023-05-28 21:00:00,52.029998779296875,52.279998779296875,51.529998779296875,51.720001220703125,47.56273651123047,3887863
COMI.CA,Banking,2023-05-29 21:00:00,51.720001220703125,52.599998474121094,51.720001220703125,52.5,48.28003692626953,4648615
COMI.CA,Banking,2023-05-30 21:00:00,52.5,53.0,52.27000045776367,52.29999923706055,48.09611511230469,5916682
COMI.CA,Banking,2023-05-31 21:00:00,52.29999923706055,52.88999938964844,52.11000061035156,52.599998474121094,48.37200164794922,2199588
COMI.CA,Banking,2023-06-03 21:00:00,52.599998474121094,53.189998626708984,52.209999084472656,52.2400016784668,48.04093933105469,2772381
COMI.CA,Banking,2023-06-04 21:00:00,52.2400016784668,52.9900016784668,52.0,52.04999923706055,47.8662109375,7554999
COMI.CA,Banking,2023-06-05 21:00:00,52.04999923706055,53.0,52.099998474121094,52.400001525878906,48.188079833984375,3214726
COMI.CA,Banking,2023-06-06 21:00:00,52.400001525878906,52.880001068115234,52.0099983215332,52.5,48.28003692626953,5557145
COMI.CA,Banking,2023-06-07 21:00:00,52.5,53.0,52.0,53.0,48.73985290527344,5384776
COMI.CA,Banking,2023-06-10 21:00:00,53.0,53.689998626708984,52.900001525878906,53.22999954223633,48.951358795166016,2418737
COMI.CA,Banking,2023-06-11 21:00:00,53.22999954223633,53.4900016784668,52.119998931884766,52.150001525878906,47.95817184448242,2285410
COMI.CA,Banking,2023-06-12 21:00:00,52.150001525878906,52.650001525878906,52.0,52.11000061035156,47.921390533447266,12643815
COMI.CA,Banking,2023-06-13 21:00:00,52.11000061035156,52.970001220703125,52.11000061035156,52.709999084472656,48.47315979003906,5164617
COMI.CA,Banking,2023-06-14 21:00:00,52.709999084472656,53.0,52.220001220703125,53.0,48.73985290527344,2591201
COMI.CA,Banking,2023-06-17 21:00:00,53.0,53.209999084472656,52.65999984741211,52.900001525878906,48.64788818359375,2091132
COMI.CA,Banking,2023-06-18 21:00:00,52.900001525878906,53.220001220703125,52.040000915527344,52.310001373291016,48.10531234741211,7702068
COMI.CA,Banking,2023-06-19 21:00:00,52.310001373291016,52.5,51.5,51.959999084472656,47.783443450927734,3654880
COMI.CA,Banking,2023-06-20 21:00:00,51.959999084472656,52.0,51.2599983215332,51.599998474121094,47.45237731933594,3639648
COMI.CA,Banking,2023-06-21 21:00:00,51.599998474121094,51.630001068115234,51.11000061035156,51.310001373291016,47.18569564819336,2576652
COMI.CA,Banking,2023-06-24 21:00:00,51.310001373291016,51.29999923706055,48.93000030517578,49.0,45.061370849609375,6099836
COMI.CA,Banking,2023-06-25 21:00:00,49.0,51.25,49.20000076293945,51.0,46.900611877441406,4635525
COMI.CA,Banking,2023-07-03 21:00:00,51.0,51.400001525878906,49.61000061035156,49.9900016784668,45.971797943115234,5807605
COMI.CA,Banking,2023-07-04 21:00:00,49.9900016784668,50.29999923706055,49.31999969482422,49.4900016784668,45.51198959350586,4300714
COMI.CA,Banking,2023-07-05 21:00:00,49.4900016784668,49.5,48.02000045776367,48.25,44.37165451049805,7630363
COMI.CA,Banking,2023-07-08 21:00:00,48.25,48.75,47.599998474121094,47.650001525878906,43.81988525390625,1877964
COMI.CA,Banking,2023-07-09 21:00:00,47.650001525878906,48.54999923706055,47.2599983215332,48.400001525878906,44.50960159301758,7645482
COMI.CA,Banking,2023-07-10 21:00:00,48.400001525878906,49.20000076293945,47.90999984741211,48.88999938964844,44.96021270751953,6657247
COMI.CA,Banking,2023-07-11 21:00:00,48.88999938964844,49.59000015258789,48.33000183105469,49.20000076293945,45.245296478271484,4346084
COMI.CA,Banking,2023-07-12 21:00:00,49.20000076293945,50.33000183105469,49.099998474121094,49.599998474121094,45.61314010620117,3027149
COMI.CA,Banking,2023-07-15 21:00:00,49.599998474121094,50.0,49.5,49.5,45.521183013916016,453816
COMI.CA,Banking,2023-07-16 21:00:00,49.5,51.04999923706055,49.29999923706055,50.0,45.98099136352539,7065317
COMI.CA,Banking,2023-07-17 21:00:00,50.0,50.689998626708984,49.720001220703125,50.099998474121094,46.07295227050781,4262435
COMI.CA,Banking,2023-07-18 21:00:00,50.099998474121094,50.099998474121094,50.099998474121094,50.099998474121094,46.07295227050781,0
COMI.CA,Banking,2023-07-23 21:00:00,50.349998474121094,51.38999938964844,50.59000015258789,51.0,46.900611877441406,5157563
COMI.CA,Banking,2023-07-24 21:00:00,51.0,52.0,50.70000076293945,51.25,47.13051223754883,9738853
COMI.CA,Banking,2023-07-25 21:00:00,51.25,51.65999984741211,50.83000183105469,50.83000183105469,46.74427795410156,4266068
COMI.CA,Banking,2023-07-26 21:00:00,50.83000183105469,51.25,50.619998931884766,51.18000030517578,47.06614303588867,3458867
COMI.CA,Banking,2023-07-29 21:00:00,51.18000030517578,51.29999923706055,50.720001220703125,50.75,46.67070770263672,1601206
COMI.CA,Banking,2023-07-30 21:00:00,50.75,51.130001068115234,50.47999954223633,50.5,46.440799713134766,11472851
COMI.CA,Banking,2023-07-31 21:00:00,50.5,50.79999923706055,50.5,50.79999923706055,46.7166862487793,10373990
COMI.CA,Banking,2023-08-01 21:00:00,50.79999923706055,51.20000076293945,50.5,51.16999816894531,47.056941986083984,4597524
COMI.CA,Banking,2023-08-02 21:00:00,51.16999816894531,51.20000076293945,50.599998474121094,50.900001525878906,46.808650970458984,1976433
COMI.CA,Banking,2023-08-05 21:00:00,50.900001525878906,51.099998474121094,50.61000061035156,50.75,46.67070770263672,1926705
COMI.CA,Banking,2023-08-06 21:00:00,50.75,51.0,50.599998474121094,50.63999938964844,46.56954574584961,6907197
COMI.CA,Banking,2023-08-07 21:00:00,50.63999938964844,51.25,50.599998474121094,50.66999816894531,46.59713363647461,10631816
COMI.CA,Banking,2023-08-08 21:00:00,50.66999816894531,51.0,50.650001525878906,50.650001525878906,46.5787467956543,2553862
COMI.CA,Banking,2023-08-09 21:00:00,50.650001525878906,50.93000030517578,50.560001373291016,50.88999938964844,46.7994499206543,1678306
COMI.CA,Banking,2023-08-12 21:00:00,50.88999938964844,51.0,50.599998474121094,50.93000030517578,46.836238861083984,1733389
COMI.CA,Banking,2023-08-13 21:00:00,50.93000030517578,52.0,50.900001525878906,51.599998474121094,47.45237731933594,15205870
COMI.CA,Banking,2023-08-14 21:00:00,51.599998474121094,52.029998779296875,51.599998474121094,51.9900016784668,47.81103515625,4437685
COMI.CA,Banking,2023-08-15 21:00:00,51.9900016784668,53.29999923706055,51.75,52.869998931884766,48.620296478271484,7535594
COMI.CA,Banking,2023-08-16 21:00:00,52.869998931884766,53.400001525878906,52.79999923706055,52.79999923706055,48.55592727661133,3430605
COMI.CA,Banking,2023-08-19 21:00:00,52.79999923706055,53.29999923706055,52.5,53.060001373291016,48.79502868652344,2853602
COMI.CA,Banking,2023-08-20 21:00:00,53.060001373291016,53.25,52.0,52.04999923706055,47.8662109375,13112314
COMI.CA,Banking,2023-08-21 21:00:00,52.04999923706055,52.7599983215332,52.0,52.599998474121094,48.37200164794922,4732873
COMI.CA,Banking,2023-08-22 21:00:00,52.599998474121094,52.79999923706055,52.43000030517578,52.599998474121094,48.37200164794922,5047817
COMI.CA,Banking,2023-08-23 21:00:00,52.599998474121094,52.900001525878906,52.40999984741211,52.5,48.28003692626953,4825812
COMI.CA,Banking,2023-08-26 21:00:00,52.5,54.0,52.5,54.0,49.65946960449219,4817415
COMI.CA,Banking,2023-08-27 21:00:00,54.0,55.439998626708984,54.0,54.75,50.34918212890625,4308379
COMI.CA,Banking,2023-08-28 21:00:00,54.75,55.27000045776367,53.95000076293945,54.099998474121094,49.75143051147461,10783063
COMI.CA,Banking,2023-08-29 21:00:00,54.099998474121094,56.0,54.0,55.900001525878906,51.4067497253418,6196963
COMI.CA,Banking,2023-08-30 21:00:00,55.900001525878906,55.900001525878906,55.900001525878906,55.900001525878906,51.4067497253418,0
COMI.CA,Banking,2023-09-02 21:00:00,57.0,57.04999923706055,56.25,56.25,51.72861862182617,1646221
COMI.CA,Banking,2023-09-03 21:00:00,56.25,56.599998474121094,55.63999938964844,56.20000076293945,51.68263244628906,8118582
COMI.CA,Banking,2023-09-04 21:00:00,56.20000076293945,57.529998779296875,56.20000076293945,57.04999923706055,52.46430969238281,4591421
COMI.CA,Banking,2023-09-05 21:00:00,57.04999923706055,59.0,57.06999969482422,59.0,54.257568359375,6318734
COMI.CA,Banking,2023-09-06 21:00:00,59.0,59.900001525878906,58.29999923706055,59.119998931884766,54.367919921875,1720867
COMI.CA,Banking,2023-09-09 21:00:00,59.119998931884766,59.119998931884766,59.119998931884766,59.119998931884766,54.367919921875,0
COMI.CA,Banking,2023-09-10 21:00:00,58.79999923706055,58.79999923706055,57.5,57.88999938964844,53.236793518066406,18241476
COMI.CA,Banking,2023-09-11 21:00:00,57.88999938964844,57.9900016784668,56.79999923706055,57.220001220703125,52.62064743041992,3582725
COMI.CA,Banking,2023-09-12 21:00:00,57.220001220703125,58.4900016784668,57.099998474121094,57.900001525878906,53.24599075317383,4239619
COMI.CA,Banking,2023-09-13 21:00:00,57.900001525878906,59.25,58.0,58.75,54.02766418457031,5131439
COMI.CA,Banking,2023-09-16 21:00:00,58.75,59.04999923706055,58.0,58.70000076293945,53.981685638427734,670273
COMI.CA,Banking,2023-09-17 21:00:00,58.70000076293945,59.22999954223633,57.5,59.02000045776367,54.275962829589844,9784207
COMI.CA,Banking,2023-09-18 21:00:00,59.02000045776367,60.0,58.20000076293945,59.630001068115234,54.83692932128906,15225393
COMI.CA,Banking,2023-09-19 21:00:00,59.630001068115234,59.630001068115234,59.630001068115234,59.630001068115234,54.83692932128906,0
COMI.CA,Banking,2023-09-20 21:00:00,59.630001068115234,59.630001068115234,59.630001068115234,59.630001068115234,54.83692932128906,0
COMI.CA,Banking,2023-09-23 21:00:00,59.630001068115234,59.630001068115234,59.630001068115234,59.630001068115234,54.83692932128906,0
COMI.CA,Banking,2023-09-24 21:00:00,60.11000061035156,61.599998474121094,59.5,60.0,55.177188873291016,8558084
COMI.CA,Banking,2023-09-25 21:00:00,60.0,60.59000015258789,59.5,60.400001525878906,55.545040130615234,10463776
COMI.CA,Banking,2023-09-26 21:00:00,60.400001525878906,60.400001525878906,60.400001525878906,60.400001525878906,55.545040130615234,0
COMI.CA,Banking,2023-09-30 21:00:00,60.400001525878906,60.400001525878906,60.400001525878906,60.400001525878906,55.545040130615234,0
COMI.CA,Banking,2023-10-01 21:00:00,60.4900016784668,61.34000015258789,60.0,61.04999923706055,56.142791748046875,20600319
COMI.CA,Banking,2023-10-02 21:00:00,61.04999923706055,61.54999923706055,60.54999923706055,61.5099983215332,56.56581497192383,3623976
COMI.CA,Banking,2023-10-03 21:00:00,61.5099983215332,62.04999923706055,61.02000045776367,61.65999984741211,56.703758239746094,2138944
COMI.CA,Banking,2023-10-07 21:00:00,61.65999984741211,61.0,56.900001525878906,60.0,55.177188873291016,2677078
COMI.CA,Banking,2023-10-08 21:00:00,60.0,61.400001525878906,59.5,61.0099983215332,56.10600280761719,2824848
COMI.CA,Banking,2023-10-09 21:00:00,61.0099983215332,61.20000076293945,59.099998474121094,60.630001068115234,55.75654983520508,13910057
COMI.CA,Banking,2023-10-10 21:00:00,60.630001068115234,61.150001525878906,59.61000061035156,59.61000061035156,54.818538665771484,4764515
COMI.CA,Banking,2023-10-11 21:00:00,59.61000061035156,60.290000915527344,59.5,59.900001525878906,55.08522415161133,1103873
COMI.CA,Banking,2023-10-14 21:00:00,59.900001525878906,60.0,59.5,59.5099983215332,54.7265739440918,1838279
COMI.CA,Banking,2023-10-15 21:00:00,59.5099983215332,60.9900016784668,59.0099983215332,59.0099983215332,54.26676559448242,9565111
COMI.CA,Banking,2023-10-16 21:00:00,59.0099983215332,60.0,58.27000045776367,59.70000076293945,54.901302337646484,13658757
COMI.CA,Banking,2023-10-17 21:00:00,59.70000076293945,60.5,59.099998474121094,59.77000045776367,54.96567916870117,5448520
COMI.CA,Banking,2023-10-18 21:00:00,59.77000045776367,59.77000045776367,59.77000045776367,59.77000045776367,54.96567916870117,0
COMI.CA,Banking,2023-10-21 21:00:00,59.0,60.0,58.97999954223633,59.0,54.257568359375,2337970
COMI.CA,Banking,2023-10-22 21:00:00,59.0,59.369998931884766,57.54999923706055,58.04999923706055,53.38393020629883,11418807
COMI.CA,Banking,2023-10-23 21:00:00,58.04999923706055,58.20000076293945,56.720001220703125,57.70000076293945,53.06206512451172,6962066
COMI.CA,Banking,2023-10-24 21:00:00,57.70000076293945,58.83000183105469,57.7599983215332,58.02000045776367,53.35634231567383,3653122
COMI.CA,Banking,2023-10-25 21:00:00,58.02000045776367,60.20000076293945,57.119998931884766,59.400001525878906,54.62541961669922,9092567
COMI.CA,Banking,2023-10-28 22:00:00,59.400001525878906,60.369998931884766,59.5,59.7599983215332,54.95648193359375,3036176
COMI.CA,Banking,2023-10-29 22:00:00,59.7599983215332,61.599998474121094,59.970001220703125,60.900001525878906,56.00484848022461,11344521
COMI.CA,Banking,2023-10-30 22:00:00,60.900001525878906,61.20000076293945,60.099998474121094,60.349998474121094,55.499053955078125,4807245
COMI.CA,Banking,2023-10-31 22:00:00,60.349998474121094,61.70000076293945,60.349998474121094,61.099998474121094,56.18877029418945,7283494
COMI.CA,Banking,2023-11-01 22:00:00,61.099998474121094,62.0,61.099998474121094,61.689998626708984,56.731346130371094,3382198
COMI.CA,Banking,2023-11-04 22:00:00,61.689998626708984,63.20000076293945,62.310001373291016,62.9900016784668,57.92685317993164,2023712
COMI.CA,Banking,2023-11-05 22:00:00,62.9900016784668,63.65999984741211,62.5,63.400001525878906,58.303897857666016,17891157
COMI.CA,Banking,2023-11-06 22:00:00,63.400001525878906,65.68000030517578,63.27000045776367,65.5999984741211,60.327056884765625,10551339
COMI.CA,Banking,2023-11-07 22:00:00,65.5999984741211,71.0,65.62000274658203,70.0999984741211,64.46534729003906,7022310
COMI.CA,Banking,2023-11-08 22:00:00,70.0999984741211,73.19999694824219,68.76000213623047,73.0,67.13224792480469,4743794
COMI.CA,Banking,2023-11-11 22:00:00,73.0,73.0,71.01000213623047,71.16000366210938,65.44014739990234,1559406
COMI.CA,Banking,2023-11-12 22:00:00,71.16000366210938,71.5999984741211,69.9000015258789,70.80000305175781,65.10908508300781,7355434
COMI.CA,Banking,2023-11-13 22:00:00,70.80000305175781,71.0999984741211,69.5,69.5,63.91358184814453,7735209
COMI.CA,Banking,2023-11-14 22:00:00,69.5,71.25,69.4000015258789,71.19999694824219,65.4769287109375,3374268
COMI.CA,Banking,2023-11-15 22:00:00,71.19999694824219,72.19000244140625,71.02999877929688,72.0,66.21263122558594,2739741
COMI.CA,Banking,2023-11-18 22:00:00,72.0,75.25,72.0,74.76000213623047,68.75077819824219,2948769
COMI.CA,Banking,2023-11-19 22:00:00,74.76000213623047,77.5999984741211,74.93000030517578,75.3499984741211,69.29335021972656,10391774
COMI.CA,Banking,2023-11-20 22:00:00,75.3499984741211,75.19000244140625,73.52999877929688,74.48999786376953,68.50247955322266,10642130
COMI.CA,Banking,2023-11-21 22:00:00,74.48999786376953,75.98999786376953,74.5,75.44999694824219,69.38531494140625,7592822
COMI.CA,Banking,2023-11-22 22:00:00,75.44999694824219,79.5999984741211,75.5,79.30000305175781,72.92584991455078,8561695
COMI.CA,Banking,2023-11-25 22:00:00,79.30000305175781,80.5,77.5,77.7300033569336,71.4820556640625,1770827
COMI.CA,Banking,2023-11-26 22:00:00,77.7300033569336,84.05999755859375,78.0,84.05999755859375,77.30323791503906,7271489
COMI.CA,Banking,2023-11-27 22:00:00,84.05999755859375,84.05999755859375,80.0,80.0,73.56958770751953,11415087
COMI.CA,Banking,2023-11-28 22:00:00,80.0,80.69999694824219,76.5,78.0,71.7303466796875,11883678
COMI.CA,Banking,2023-11-29 22:00:00,78.0,78.9000015258789,75.04000091552734,77.19999694824219,70.99464416503906,8749144
COMI.CA,Banking,2023-12-02 22:00:00,77.19999694824219,77.48999786376953,75.4000015258789,75.62000274658203,69.5416488647461,1141989
COMI.CA,Banking,2023-12-03 22:00:00,75.62000274658203,78.77999877929688,75.20999908447266,77.70999908447266,71.46366119384766,7413315
COMI.CA,Banking,2023-12-04 22:00:00,77.70999908447266,78.0,75.11000061035156,77.3499984741211,71.1325912475586,9835017
COMI.CA,Banking,2023-12-05 22:00:00,77.3499984741211,78.69999694824219,76.5199966430664,76.55000305175781,70.39689636230469,11444050
COMI.CA,Banking,2023-12-06 22:00:00,76.55000305175781,76.8499984741211,75.30000305175781,76.80000305175781,70.6268081665039,5581097
COMI.CA,Banking,2023-12-09 22:00:00,76.80000305175781,77.0,75.0199966430664,75.0199966430664,68.98987579345703,1824782
COMI.CA,Banking,2023-12-10 22:00:00,75.0199966430664,77.19999694824219,74.30000305175781,76.88999938964844,70.70956420898438,8265988
COMI.CA,Banking,2023-12-11 22:00:00,76.88999938964844,77.3499984741211,75.05000305175781,75.86000061035156,69.76235961914062,10624524
COMI.CA,Banking,2023-12-12 22:00:00,75.86000061035156,76.30000305175781,75.05999755859375,75.80000305175781,69.70718383789062,9849928
COMI.CA,Banking,2023-12-13 22:00:00,75.80000305175781,77.2300033569336,75.30000305175781,75.30000305175781,69.24738311767578,6468963
COMI.CA,Banking,2023-12-16 22:00:00,75.30000305175781,76.18000030517578,75.0999984741211,75.3499984741211,69.29335021972656,1279370
COMI.CA,Banking,2023-12-17 22:00:00,75.3499984741211,77.5,75.25,77.19999694824219,70.99464416503906,8729701
COMI.CA,Banking,2023-12-18 22:00:00,77.19999694824219,77.48999786376953,75.25,75.30000305175781,69.24738311767578,15030369
COMI.CA,Banking,2023-12-19 22:00:00,75.30000305175781,75.9000015258789,74.0,74.0,68.05186462402344,5183366
COMI.CA,Banking,2023-12-20 22:00:00,74.0,75.0,71.80000305175781,72.29000091552734,66.47931671142578,6618316
COMI.CA,Banking,2023-12-23 22:00:00,72.29000091552734,72.29000091552734,72.29000091552734,72.29000091552734,66.47931671142578,0
COMI.CA,Banking,2023-12-24 22:00:00,70.0,72.72000122070312,70.0,72.48999786376953,66.66323852539062,3167192
COMI.CA,Banking,2023-12-25 22:00:00,72.48999786376953,72.58999633789062,70.58999633789062,71.38999938964844,65.65165710449219,6548928
COMI.CA,Banking,2023-12-26 22:00:00,71.38999938964844,73.0,71.0,71.9000015258789,66.12066650390625,8876633
COMI.CA,Banking,2023-12-27 22:00:00,71.9000015258789,73.0,71.94999694824219,72.94000244140625,67.07707214355469,4288654
COMI.CA,Banking,2023-12-30 22:00:00,72.94000244140625,73.0,72.0199966430664,72.6500015258789,66.81037902832031,1874954
COMI.CA,Banking,2024-01-01 22:00:00,72.6500015258789,74.9000015258789,72.44999694824219,74.88999938964844,68.87033081054688,7829088
COMI.CA,Banking,2024-01-02 22:00:00,74.88999938964844,75.0999984741211,73.62000274658203,73.9000015258789,67.95990753173828,3692464
COMI.CA,Banking,2024-01-03 22:00:00,73.9000015258789,75.19000244140625,73.80000305175781,75.0,68.97148895263672,8593039
COMI.CA,Banking,2024-01-07 22:00:00,75.0,75.5,74.0,74.75,68.74158477783203,4558612
COMI.CA,Banking,2024-01-08 22:00:00,74.75,75.19000244140625,74.16999816894531,74.66999816894531,68.66800689697266,7261794
COMI.CA,Banking,2024-01-09 22:00:00,74.66999816894531,74.80000305175781,73.3499984741211,73.3499984741211,67.45410919189453,4250096
COMI.CA,Banking,2024-01-10 22:00:00,73.3499984741211,73.98999786376953,73.36000061035156,73.80999755859375,67.87713623046875,4305633
COMI.CA,Banking,2024-01-13 22:00:00,73.80999755859375,74.4000015258789,73.61000061035156,74.16000366210938,68.19900512695312,2567187
COMI.CA,Banking,2024-01-14 22:00:00,74.16000366210938,76.05000305175781,74.55000305175781,75.5999984741211,69.52325439453125,11744413
COMI.CA,Banking,2024-01-15 22:00:00,75.5999984741211,76.51000213623047,75.20999908447266,76.48999786376953,70.34172058105469,12666959
COMI.CA,Banking,2024-01-16 22:00:00,76.48999786376953,76.69999694824219,75.08999633789062,75.08999633789062,69.05424499511719,8413289
COMI.CA,Banking,2024-01-17 22:00:00,75.08999633789062,75.98999786376953,75.12999725341797,75.33999633789062,69.2841567993164,5430478
COMI.CA,Banking,2024-01-20 22:00:00,75.33999633789062,75.47000122070312,74.5999984741211,74.9000015258789,68.87952423095703,2432916
COMI.CA,Banking,2024-01-21 22:00:00,74.9000015258789,77.06999969482422,75.0,77.0,70.81072235107422,11887998
COMI.CA,Banking,2024-01-22 22:00:00,77.0,77.88999938964844,75.98999786376953,77.0,70.81072235107422,14294709
COMI.CA,Banking,2024-01-23 22:00:00,77.0,77.25,75.55999755859375,75.58999633789062,69.5140609741211,9713279
COMI.CA,Banking,2024-01-27 22:00:00,75.58999633789062,77.4000015258789,75.86000061035156,77.4000015258789,71.17857360839844,4787336
COMI.CA,Banking,2024-01-28 22:00:00,77.4000015258789,84.0,77.5,84.0,77.24806213378906,16961134
COMI.CA,Banking,2024-01-29 22:00:00,84.0,89.5,82.5999984741211,89.0,81.8461685180664,13411406
COMI.CA,Banking,2024-01-30 22:00:00,89.0,95.4800033569336,86.0,88.0999984741211,81.01850128173828,16464997
COMI.CA,Banking,2024-01-31 22:00:00,88.0999984741211,87.94000244140625,82.5,85.0,78.16768646240234,5852000
COMI.CA,Banking,2024-02-03 22:00:00,85.0,85.48999786376953,80.0,81.13999938964844,74.61795043945312,3955284
COMI.CA,Banking,2024-02-04 22:00:00,81.13999938964844,81.48999786376953,77.0999984741211,77.9000015258789,71.63838195800781,6989044
COMI.CA,Banking,2024-02-05 22:00:00,77.9000015258789,78.48999786376953,73.54000091552734,74.0199966430664,68.07025146484375,14644325
COMI.CA,Banking,2024-02-06 22:00:00,74.0199966430664,79.98999786376953,74.5999984741211,77.5999984741211,71.36249542236328,10933619
COMI.CA,Banking,2024-02-07 22:00:00,77.5999984741211,81.25,77.5999984741211,80.48999786376953,74.02019500732422,5367361
COMI.CA,Banking,2024-02-10 22:00:00,80.48999786376953,80.5,78.0199966430664,79.55000305175781,73.15576171875,1627698
COMI.CA,Banking,2024-02-11 22:00:00,79.55000305175781,84.5,78.75,83.12000274658203,76.43880462646484,8148719
COMI.CA,Banking,2024-02-12 22:00:00,83.12000274658203,82.98999786376953,80.0199966430664,81.05999755859375,74.54438018798828,20458552
COMI.CA,Banking,2024-02-13 22:00:00,81.05999755859375,82.4000015258789,80.52999877929688,81.98999786376953,75.39962005615234,3307297
COMI.CA,Banking,2024-02-14 22:00:00,81.98999786376953,82.25,80.80000305175781,81.0,74.48920440673828,3992792
COMI.CA,Banking,2024-02-17 22:00:00,81.0,81.0,81.0,81.0,74.48920440673828,0
COMI.CA,Banking,2024-02-18 22:00:00,81.33000183105469,83.4000015258789,81.30000305175781,82.5,75.86863708496094,7408735
COMI.CA,Banking,2024-02-19 22:00:00,82.5,82.5,80.75,81.0,74.48920440673828,12048282
COMI.CA,Banking,2024-02-20 22:00:00,81.0,81.80000305175781,80.06999969482422,80.5199966430664,74.04778289794922,3429273
COMI.CA,Banking,2024-02-21 22:00:00,80.5199966430664,81.29000091552734,80.30000305175781,80.94999694824219,74.4432144165039,4694156
COMI.CA,Banking,2024-02-24 22:00:00,80.94999694824219,76.0,71.0,73.0,67.13224792480469,8536316
COMI.CA,Banking,2024-02-25 22:00:00,73.0,77.0,72.61000061035156,74.5,68.51167297363281,10907584
COMI.CA,Banking,2024-02-26 22:00:00,74.5,75.0999984741211,73.19999694824219,74.79000091552734,68.77836608886719,7884354
COMI.CA,Banking,2024-02-27 22:00:00,74.79000091552734,76.0,73.70999908447266,73.98999786376953,68.04266357421875,4650211
COMI.CA,Banking,2024-02-28 22:00:00,73.98999786376953,74.98999786376953,72.75,73.0999984741211,67.22421264648438,5228341
COMI.CA,Banking,2024-03-02 22:00:00,73.0999984741211,72.5,70.0,71.26000213623047,65.53211212158203,2639597
COMI.CA,Banking,2024-03-03 22:00:00,71.26000213623047,75.9000015258789,71.26000213623047,74.51000213623047,68.5208740234375,7663435
COMI.CA,Banking,2024-03-04 22:00:00,74.51000213623047,76.0,73.41000366210938,76.0,69.89110565185547,18186916
COMI.CA,Banking,2024-03-05 22:00:00,76.0,83.5,75.19999694824219,75.80000305175781,69.70718383789062,20376648
COMI.CA,Banking,2024-03-06 22:00:00,75.80000305175781,83.25,76.19999694824219,83.0,76.32843780517578,19580992
COMI.CA,Banking,2024-03-09 22:00:00,83.0,89.4000015258789,85.0,88.6500015258789,81.5242919921875,5472280
COMI.CA,Banking,2024-03-10 22:00:00,88.6500015258789,97.5,88.75,96.5,88.7433090209961,17687772
COMI.CA,Banking,2024-03-11 22:00:00,96.5,95.0,90.51000213623047,94.01000213623047,86.45346069335938,15728799
COMI.CA,Banking,2024-03-12 22:00:00,94.01000213623047,94.0,86.0199966430664,87.5999984741211,80.5586929321289,6440290
COMI.CA,Banking,2024-03-13 22:00:00,87.5999984741211,91.80000305175781,85.04000091552734,90.0,82.76577758789062,8260973
COMI.CA,Banking,2024-03-16 22:00:00,90.0,93.19999694824219,91.0,91.6500015258789,84.28315734863281,1897965
COMI.CA,Banking,2024-03-17 22:00:00,91.6500015258789,92.0,88.33000183105469,88.5,81.3863525390625,7207722
COMI.CA,Banking,2024-03-18 22:00:00,88.5,88.44999694824219,85.0,85.30000305175781,78.44357299804688,5596448
COMI.CA,Banking,2024-03-19 22:00:00,85.30000305175781,86.80000305175781,84.69999694824219,85.19000244140625,78.34241485595703,3295782
COMI.CA,Banking,2024-03-20 22:00:00,85.19000244140625,86.0,84.75,84.80000305175781,77.98375701904297,3976565
COMI.CA,Banking,2024-03-23 22:00:00,84.80000305175781,85.6500015258789,84.7300033569336,84.80000305175781,77.98375701904297,1181260
COMI.CA,Banking,2024-03-24 22:00:00,84.80000305175781,85.27999877929688,84.0199966430664,85.0,78.16768646240234,2820384
COMI.CA,Banking,2024-03-25 22:00:00,85.0,86.08999633789062,83.9000015258789,83.9000015258789,77.1561050415039,2766170
COMI.CA,Banking,2024-03-26 22:00:00,83.9000015258789,83.88999938964844,80.94999694824219,82.5199966430664,75.88702392578125,5230440
COMI.CA,Banking,2024-03-27 22:00:00,82.5199966430664,82.9000015258789,80.0,80.0,73.56958770751953,2901299
COMI.CA,Banking,2024-03-30 22:00:00,80.0,80.73999786376953,75.0,76.9800033569336,70.7923355102539,2049514
COMI.CA,Banking,2024-03-31 22:00:00,76.9800033569336,82.0,77.16000366210938,82.0,75.40882873535156,1822757
COMI.CA,Banking,2024-04-01 22:00:00,82.0,82.5,80.0,80.0,73.56958770751953,5246216
COMI.CA,Banking,2024-04-02 22:00:00,80.0,80.98999786376953,79.26000213623047,80.19000244140625,73.74430847167969,4091809
COMI.CA,Banking,2024-04-03 22:00:00,80.19000244140625,82.0,80.19999694824219,81.25,74.71910858154297,4463617
COMI.CA,Banking,2024-04-06 22:00:00,81.25,82.30000305175781,79.93000030517578,80.0,73.56958770751953,1572635
COMI.CA,Banking,2024-04-07 22:00:00,80.0,81.5999984741211,80.01000213623047,80.05999755859375,73.62476348876953,2626587
COMI.CA,Banking,2024-04-14 22:00:00,80.05999755859375,84.0,80.30000305175781,82.5199966430664,75.88702392578125,6383043
COMI.CA,Banking,2024-04-15 22:00:00,82.5199966430664,83.48999786376953,82.0,82.0,75.40882873535156,2317878
COMI.CA,Banking,2024-04-16 22:00:00,82.0,83.0,81.7300033569336,82.0999984741211,75.50078582763672,1963927
COMI.CA,Banking,2024-04-17 22:00:00,82.0999984741211,84.19999694824219,80.0,80.0,73.56958770751953,5179465
COMI.CA,Banking,2024-04-20 22:00:00,80.0,82.0999984741211,80.80000305175781,81.1500015258789,74.62715148925781,979731
COMI.CA,Banking,2024-04-21 22:00:00,81.1500015258789,82.5,81.1500015258789,81.1500015258789,75.08981323242188,7381776
COMI.CA,Banking,2024-04-22 22:00:00,81.1500015258789,81.5,77.4000015258789,77.52999877929688,71.74014282226562,6288227
COMI.CA,Banking,2024-04-23 22:00:00,77.52999877929688,78.4000015258789,73.9000015258789,74.19999694824219,68.65882873535156,3359691
COMI.CA,Banking,2024-04-27 21:00:00,74.19999694824219,74.19999694824219,74.19999694824219,74.19999694824219,68.65882873535156,0
COMI.CA,Banking,2024-04-28 21:00:00,70.66999816894531,75.0,70.80000305175781,75.0,69.39908599853516,4266090
COMI.CA,Banking,2024-04-29 21:00:00,75.0,75.80000305175781,71.5,71.9000015258789,66.53059387207031,4730666
COMI.CA,Banking,2024-05-01 21:00:00,73.01000213623047,75.0,72.94000244140625,73.22000122070312,67.75201416015625,2545410
COMI.CA,Banking,2024-05-06 21:00:00,73.22000122070312,76.97000122070312,72.80000305175781,76.97000122070312,71.22196960449219,2874490
COMI.CA,Banking,2024-05-07 21:00:00,76.97000122070312,77.0,72.75,73.11000061035156,67.65023040771484,5455850
COMI.CA,Banking,2024-05-08 21:00:00,73.11000061035156,74.80999755859375,72.9800033569336,73.31999969482422,67.84454345703125,2902234
COMI.CA,Banking,2024-05-11 21:00:00,73.31999969482422,74.4000015258789,72.69999694824219,72.80000305175781,67.3633804321289,1281656
COMI.CA,Banking,2024-05-12 21:00:00,72.80000305175781,75.0,73.19999694824219,74.2300033569336,68.68659210205078,4173956
COMI.CA,Banking,2024-05-13 21:00:00,74.2300033569336,75.6500015258789,74.29000091552734,75.0,69.39908599853516,2245231
COMI.CA,Banking,2024-05-14 21:00:00,75.0,75.47000122070312,73.4000015258789,74.5,68.9364242553711,2437246
COMI.CA,Banking,2024-05-15 21:00:00,74.5,76.25,74.5,75.11000061035156,69.50086975097656,3885387
COMI.CA,Banking,2024-05-18 21:00:00,75.11000061035156,76.4000015258789,74.80000305175781,75.97000122070312,70.2966537475586,2355791
COMI.CA,Banking,2024-05-19 21:00:00,75.97000122070312,77.58999633789062,75.97000122070312,76.27999877929688,70.58348846435547,3298833
COMI.CA,Banking,2024-05-20 21:00:00,76.27999877929688,77.30000305175781,76.19999694824219,76.41000366210938,70.70378875732422,2184197
COMI.CA,Banking,2024-05-21 21:00:00,76.41000366210938,76.94999694824219,75.05000305175781,76.48999786376953,70.77781677246094,3092806
COMI.CA,Banking,2024-05-22 21:00:00,76.48999786376953,77.25,76.0,76.0,70.32440948486328,3491049
COMI.CA,Banking,2024-05-25 21:00:00,76.0,76.0,76.0,76.0,70.32440948486328,0
COMI.CA,Banking,2024-05-26 21:00:00,77.0,77.5,76.3499984741211,76.5,70.78706359863281,284386
COMI.CA,Banking,2024-05-27 21:00:00,76.5,78.19999694824219,75.0999984741211,76.70999908447266,70.98138427734375,3345349
COMI.CA,Banking,2024-05-28 21:00:00,76.70999908447266,77.4800033569336,76.30999755859375,76.55000305175781,70.83333587646484,1745632
COMI.CA,Banking,2024-05-29 21:00:00,76.55000305175781,78.19999694824219,73.01000213623047,78.19999694824219,72.36011505126953,17254438
COMI.CA,Banking,2024-06-01 21:00:00,78.19999694824219,78.19999694824219,77.22000122070312,77.66999816894531,71.86968994140625,2284626
COMI.CA,Banking,2024-06-02 21:00:00,77.66999816894531,78.0,76.0,76.5199966430664,70.80557250976562,3284562
COMI.CA,Banking,2024-06-03 21:00:00,76.5199966430664,78.0,76.05000305175781,76.0999984741211,70.41693115234375,4567061
COMI.CA,Banking,2024-06-04 21:00:00,76.0999984741211,77.23999786376953,75.52999877929688,75.66000366210938,70.00980377197266,2587885
COMI.CA,Banking,2024-06-05 21:00:00,75.66000366210938,76.0,74.52999877929688,75.12999725341797,69.51937103271484,3150247
COMI.CA,Banking,2024-06-08 21:00:00,75.12999725341797,75.45999908447266,73.0199966430664,73.0199966430664,67.56694793701172,2206460
COMI.CA,Banking,2024-06-09 21:00:00,73.0199966430664,74.48999786376953,73.0,73.69999694824219,68.1961669921875,2590744
COMI.CA,Banking,2024-06-10 21:00:00,73.69999694824219,74.88999938964844,73.30999755859375,73.51000213623047,68.02035522460938,2439613
COMI.CA,Banking,2024-06-11 21:00:00,73.51000213623047,75.48999786376953,73.5999984741211,74.0,68.47376251220703,1929380
COMI.CA,Banking,2024-06-12 21:00:00,74.0,75.4000015258789,74.0,74.0,68.47376251220703,5332587
COMI.CA,Banking,2024-06-22 21:00:00,74.0,75.29000091552734,74.30999755859375,74.66999816894531,69.0937271118164,1807202
COMI.CA,Banking,2024-06-23 21:00:00,74.66999816894531,75.63999938964844,74.33000183105469,74.5199966430664,68.95492553710938,3251041
COMI.CA,Banking,2024-06-24 21:00:00,74.5199966430664,75.58000183105469,74.4000015258789,74.75,69.16775512695312,4300495
COMI.CA,Banking,2024-06-25 21:00:00,74.75,76.0,74.69999694824219,75.94999694824219,70.27813720703125,4238191
COMI.CA,Banking,2024-06-26 21:00:00,75.94999694824219,77.5,75.76000213623047,77.4000015258789,71.61985778808594,5901346
COMI.CA,Banking,2024-07-01 21:00:00,78.0199966430664,78.80000305175781,77.0199966430664,77.12999725341797,71.3700180053711,3079446
COMI.CA,Banking,2024-07-02 21:00:00,77.12999725341797,78.0,77.12999725341797,77.75,71.94371795654297,4037569
COMI.CA,Banking,2024-07-03 21:00:00,77.75,80.0,77.25,80.0,74.02569580078125,5062717
COMI.CA,Banking,2024-07-06 21:00:00,80.0,81.79000091552734,79.5,80.98999786376953,74.94175720214844,1996731
COMI.CA,Banking,2024-07-07 21:00:00,80.98999786376953,81.87999725341797,79.5,79.9000015258789,73.93315887451172,2808169
COMI.CA,Banking,2024-07-08 21:00:00,79.9000015258789,80.30000305175781,78.5,78.69999694824219,72.82276916503906,3163648
COMI.CA,Banking,2024-07-09 21:00:00,78.69999694824219,80.0,78.5,79.0,73.1003646850586,3201469
COMI.CA,Banking,2024-07-13 21:00:00,79.0,79.5,78.23999786376953,78.77999877929688,72.89679718017578,641337
COMI.CA,Banking,2024-07-14 21:00:00,78.77999877929688,78.98999786376953,77.9000015258789,78.5,72.63771057128906,2278134
COMI.CA,Banking,2024-07-15 21:00:00,78.5,78.69999694824219,77.58000183105469,77.61000061035156,71.81417846679688,3669454
COMI.CA,Banking,2024-07-16 21:00:00,77.61000061035156,78.69999694824219,77.55000305175781,78.01000213623047,72.1843032836914,2832077
COMI.CA,Banking,2024-07-17 21:00:00,78.01000213623047,78.5999984741211,77.69999694824219,77.72000122070312,71.91595458984375,2709937
COMI.CA,Banking,2024-07-20 21:00:00,77.72000122070312,79.25,77.62999725341797,78.5,72.63771057128906,1889533
COMI.CA,Banking,2024-07-21 21:00:00,78.5,81.0,79.0199966430664,80.5999984741211,74.58088684082031,4068732
COMI.CA,Banking,2024-07-22 21:00:00,80.5999984741211,81.73999786376953,80.0999984741211,81.19999694824219,75.13607025146484,5721726
COMI.CA,Banking,2024-07-23 21:00:00,81.19999694824219,82.30000305175781,81.19999694824219,81.3499984741211,75.27487182617188,3570213
COMI.CA,Banking,2024-07-27 21:00:00,81.3499984741211,82.0,81.0,82.0,75.87633514404297,1372808
COMI.CA,Banking,2024-07-28 21:00:00,82.0,82.80000305175781,81.5999984741211,82.0,75.87633514404297,2727209
COMI.CA,Banking,2024-07-29 21:00:00,82.0,82.48999786376953,81.63999938964844,82.20999908447266,76.07064819335938,4327784
COMI.CA,Banking,2024-07-30 21:00:00,82.20999908447266,83.47000122070312,82.0999984741211,83.29000091552734,77.06999969482422,4962602
COMI.CA,Banking,2024-07-31 21:00:00,83.29000091552734,84.0999984741211,83.31999969482422,83.5,77.26431274414062,6079247
COMI.CA,Banking,2024-08-03 21:00:00,83.5,83.0,81.33000183105469,83.0,76.80165100097656,1870053
COMI.CA,Banking,2024-08-04 21:00:00,83.0,83.0,80.18000030517578,82.0,75.87633514404297,5095856
COMI.CA,Banking,2024-08-05 21:00:00,82.0,82.69999694824219,81.5,82.22000122070312,76.07991027832031,2682881
COMI.CA,Banking,2024-08-06 21:00:00,82.22000122070312,82.69999694824219,81.9000015258789,82.38999938964844,76.2372055053711,3950872
COMI.CA,Banking,2024-08-07 21:00:00,82.38999938964844,83.30000305175781,82.0,82.30000305175781,76.1539306640625,1340279
COMI.CA,Banking,2024-08-10 21:00:00,82.30000305175781,83.30000305175781,82.0,83.05999755859375,76.85717010498047,629991
COMI.CA,Banking,2024-08-11 21:00:00,83.05999755859375,84.80000305175781,83.0999984741211,84.43000030517578,78.12486267089844,3720441
COMI.CA,Banking,2024-08-12 21:00:00,84.43000030517578,84.4000015258789,82.70999908447266,83.02999877929688,76.82941436767578,4226598
COMI.CA,Banking,2024-08-13 21:00:00,83.02999877929688,84.0999984741211,83.0,84.0,77.72697448730469,4618142
COMI.CA,Banking,2024-08-14 21:00:00,84.0,85.0,84.0,85.0,78.65229797363281,4159609
COMI.CA,Banking,2024-08-17 21:00:00,85.0,85.0,84.04000091552734,84.80000305175781,78.46723175048828,484281
COMI.CA,Banking,2024-08-18 21:00:00,84.80000305175781,84.69999694824219,84.0199966430664,84.0199966430664,77.7454833984375,2250890
COMI.CA,Banking,2024-08-19 21:00:00,84.0199966430664,86.48999786376953,83.91000366210938,86.38999938964844,79.93849182128906,3456356
COMI.CA,Banking,2024-08-20 21:00:00,86.38999938964844,87.0,86.11000061035156,87.0,80.50293731689453,2988247
COMI.CA,Banking,2024-08-21 21:00:00,87.0,88.79000091552734,86.0199966430664,88.79000091552734,82.15926361083984,5197510
COMI.CA,Banking,2024-08-24 21:00:00,88.79000091552734,88.79000091552734,87.69999694824219,87.81999969482422,81.26170349121094,973477
COMI.CA,Banking,2024-08-25 21:00:00,87.81999969482422,88.37000274658203,87.0999984741211,87.98999786376953,81.41900634765625,3317253
COMI.CA,Banking,2024-08-26 21:00:00,87.98999786376953,89.69999694824219,87.4000015258789,88.1500015258789,81.56705474853516,4274291
COMI.CA,Banking,2024-08-27 21:00:00,88.1500015258789,88.98999786376953,88.0999984741211,88.5,81.89092254638672,1847841
COMI.CA,Banking,2024-08-28 21:00:00,88.5,88.87999725341797,87.08000183105469,87.08000183105469,80.57697296142578,8097751
COMI.CA,Banking,2024-08-31 21:00:00,87.08000183105469,87.94000244140625,86.22000122070312,86.54000091552734,80.0772933959961,1183455
COMI.CA,Banking,2024-09-01 21:00:00,86.54000091552734,87.69000244140625,86.04000091552734,86.13999938964844,79.70716094970703,2600028
COMI.CA,Banking,2024-09-02 21:00:00,86.13999938964844,86.93000030517578,85.4000015258789,86.93000030517578,80.43816375732422,3368562
COMI.CA,Banking,2024-09-03 21:00:00,86.93000030517578,87.47000122070312,86.0,87.0,80.50293731689453,2202135
COMI.CA,Banking,2024-09-04 21:00:00,87.0,87.5,86.69999694824219,87.4000015258789,80.8730697631836,2427970
COMI.CA,Banking,2024-09-07 21:00:00,87.4000015258789,87.5,85.0,85.11000061035156,78.75408172607422,2262801
COMI.CA,Banking,2024-09-08 21:00:00,85.11000061035156,85.87000274658203,84.80000305175781,85.5,79.11495208740234,3895240
COMI.CA,Banking,2024-09-09 21:00:00,85.5,85.94000244140625,85.0,85.5,79.11495208740234,2706009
COMI.CA,Banking,2024-09-10 21:00:00,85.5,85.9000015258789,84.69999694824219,85.4000015258789,79.02243041992188,1997603
COMI.CA,Banking,2024-09-11 21:00:00,85.4000015258789,86.5,84.80999755859375,86.30000305175781,79.85521697998047,3228570
COMI.CA,Banking,2024-09-15 21:00:00,86.30000305175781,87.06999969482422,85.3499984741211,85.45999908447266,79.07794952392578,1905046
COMI.CA,Banking,2024-09-16 21:00:00,85.45999908447266,85.9000015258789,85.0,85.0,78.65229797363281,3443754
COMI.CA,Banking,2024-09-17 21:00:00,85.0,85.69999694824219,85.0,85.25,78.88362121582031,2126266
COMI.CA,Banking,2024-09-18 21:00:00,85.25,86.80000305175781,85.01000213623047,86.80000305175781,80.31787872314453,5133397
COMI.CA,Banking,2024-09-21 21:00:00,86.80000305175781,87.06999969482422,85.16999816894531,85.45999908447266,79.07794952392578,3642487
COMI.CA,Banking,2024-09-22 21:00:00,85.45999908447266,86.5,85.5,85.55000305175781,79.1612319946289,3548758
COMI.CA,Banking,2024-09-23 21:00:00,85.36000061035156,85.94999694824219,85.05999755859375,85.4000015258789,79.02243041992188,2352733
COMI.CA,Banking,2024-09-24 21:00:00,85.0,85.37000274658203,84.5,85.36000061035156,78.98541259765625,3714027
COMI.CA,Banking,2024-09-25 21:00:00,85.36000061035156,85.94999694824219,85.05999755859375,85.4000015258789,79.02243041992188,2352733
COMI.CA,Banking,2024-09-28 21:00:00,85.4000015258789,85.6500015258789,85.0,85.0,78.65229797363281,1288113
COMI.CA,Banking,2024-09-29 21:00:00,85.0,86.0,84.5,84.5,78.18963623046875,4921101
COMI.CA,Banking,2024-09-30 21:00:00,84.5,86.44000244140625,77.31999969482422,86.3499984741211,79.90147399902344,9083433
COMI.CA,Banking,2024-10-01 21:00:00,86.3499984741211,86.25,84.91999816894531,85.58999633789062,79.19822692871094,2067488
COMI.CA,Banking,2024-10-02 21:00:00,85.58999633789062,85.91999816894531,85.0,85.0,78.65229797363281,1763671
COMI.CA,Banking,2024-10-06 21:00:00,85.0,85.87999725341797,84.6500015258789,85.0,78.65229797363281,3896928
COMI.CA,Banking,2024-10-07 21:00:00,85.0,85.29000091552734,82.27999877929688,83.5,77.26431274414062,5165665
COMI.CA,Banking,2024-10-08 21:00:00,83.5,84.0,81.61000061035156,82.5,76.33899688720703,2775226
COMI.CA,Banking,2024-10-09 21:00:00,82.5,82.94999694824219,81.01000213623047,81.01000213623047,74.96026611328125,4719444
COMI.CA,Banking,2024-10-12 21:00:00,81.01000213623047,81.9800033569336,79.01000213623047,80.0,74.02569580078125,2708902
COMI.CA,Banking,2024-10-13 21:00:00,80.0,80.9000015258789,79.2699966430664,80.77999877929688,74.74744415283203,2121411
COMI.CA,Banking,2024-10-14 21:00:00,80.77999877929688,81.0999984741211,79.31999969482422,79.94999694824219,73.97942352294922,5262020
COMI.CA,Banking,2024-10-15 21:00:00,79.94999694824219,81.0,79.55000305175781,79.61000061035156,73.6648178100586,3697700
COMI.CA,Banking,2024-10-16 21:00:00,79.61000061035156,80.1500015258789,79.0,79.0,73.1003646850586,1659445
COMI.CA,Banking,2024-10-19 21:00:00,79.0,79.2699966430664,76.51000213623047,76.51000213623047,70.79632568359375,1365111
COMI.CA,Banking,2024-10-20 21:00:00,76.51000213623047,79.5,76.0,79.5,73.56303405761719,2313918
COMI.CA,Banking,2024-10-21 21:00:00,79.5,80.0,78.5,79.30000305175781,73.37796783447266,3558344
COMI.CA,Banking,2024-10-22 21:00:00,79.30000305175781,79.98999786376953,78.5999984741211,78.66000366210938,72.78575897216797,1675650
COMI.CA,Banking,2024-10-23 21:00:00,78.66000366210938,79.5,78.4000015258789,78.9000015258789,73.00784301757812,2149992
COMI.CA,Banking,2024-10-26 21:00:00,78.9000015258789,81.19999694824219,78.94000244140625,80.9000015258789,74.85848236083984,2252558
COMI.CA,Banking,2024-10-27 21:00:00,80.9000015258789,81.69999694824219,80.0,80.88999938964844,74.8492202758789,10426951
COMI.CA,Banking,2024-10-28 21:00:00,80.88999938964844,81.19999694824219,79.69999694824219,79.9800033569336,74.00718688964844,2723678
COMI.CA,Banking,2024-10-29 21:00:00,79.9800033569336,80.6500015258789,79.5,79.73999786376953,73.78510284423828,3502332
COMI.CA,Banking,2024-10-30 21:00:00,79.73999786376953,81.0999984741211,79.73999786376953,80.0,74.02569580078125,5291366
COMI.CA,Banking,2024-11-02 22:00:00,80.0,81.3499984741211,80.33000183105469,81.01000213623047,74.96026611328125,1301130
COMI.CA,Banking,2024-11-03 22:00:00,81.01000213623047,82.0,80.0999984741211,80.19999694824219,74.21075439453125,5535976
COMI.CA,Banking,2024-11-04 22:00:00,80.19999694824219,81.0999984741211,80.4000015258789,80.69999694824219,74.67341613769531,2900789
COMI.CA,Banking,2024-11-05 22:00:00,80.69999694824219,81.5999984741211,80.70999908447266,81.0,74.95101165771484,1500449
COMI.CA,Banking,2024-11-06 22:00:00,81.0,81.51000213623047,80.8499984741211,81.01000213623047,74.96026611328125,3772063
COMI.CA,Banking,2024-11-09 22:00:00,81.01000213623047,82.25,81.05000305175781,82.11000061035156,75.97811889648438,1848763
COMI.CA,Banking,2024-11-10 22:00:00,82.11000061035156,83.0,82.0,82.45999908447266,76.3019790649414,4228778
COMI.CA,Banking,2024-11-11 22:00:00,82.45999908447266,82.7699966430664,81.95999908447266,82.05000305175781,75.92259979248047,1724733
COMI.CA,Banking,2024-11-12 22:00:00,82.05000305175781,82.9800033569336,82.08999633789062,82.5,76.33899688720703,2571832
COMI.CA,Banking,2024-11-13 22:00:00,82.5,83.30000305175781,82.5,82.62000274658203,76.45003509521484,2624095
COMI.CA,Banking,2024-11-16 22:00:00,82.62000274658203,82.94000244140625,81.70999908447266,81.72000122070312,75.61724090576172,690506
COMI.CA,Banking,2024-11-17 22:00:00,81.72000122070312,82.12000274658203,81.01000213623047,81.0199966430664,74.96951293945312,1084366
COMI.CA,Banking,2024-11-18 22:00:00,81.0199966430664,81.5,80.19999694824219,80.19999694824219,74.21075439453125,962925
COMI.CA,Banking,2024-11-19 22:00:00,80.19999694824219,80.48999786376953,79.51000213623047,80.0,74.02569580078125,2751266
COMI.CA,Banking,2024-11-20 22:00:00,80.0,80.5,79.80999755859375,79.80999755859375,73.8498764038086,2179682
COMI.CA,Banking,2024-11-23 22:00:00,79.80999755859375,80.25,79.80999755859375,79.8499984741211,73.88688659667969,1680272
COMI.CA,Banking,2024-11-24 22:00:00,79.8499984741211,80.5,79.25,79.25,73.33170318603516,6946766
COMI.CA,Banking,2024-11-25 22:00:00,79.25,80.0,79.29000091552734,80.0,74.02569580078125,1231100
COMI.CA,Banking,2024-11-26 22:00:00,80.0,80.0,78.5999984741211,78.5999984741211,72.73023986816406,2197863
COMI.CA,Banking,2024-11-27 22:00:00,78.5999984741211,81.4000015258789,78.37999725341797,81.4000015258789,75.3211441040039,2360058
COMI.CA,Banking,2024-11-30 22:00:00,81.4000015258789,81.37999725341797,80.41000366210938,81.23999786376953,75.17308807373047,1593370
COMI.CA,Banking,2024-12-01 22:00:00,81.23999786376953,82.0,80.80000305175781,81.48999786376953,75.4044189453125,4394590
COMI.CA,Banking,2024-12-02 22:00:00,81.48999786376953,82.5,81.0199966430664,82.3499984741211,76.2001953125,7070349
COMI.CA,Banking,2024-12-03 22:00:00,82.3499984741211,82.5999984741211,82.0,82.30000305175781,76.1539306640625,1661313
COMI.CA,Banking,2024-12-04 22:00:00,82.30000305175781,82.94000244140625,82.0,82.0,75.87633514404297,3518496
COMI.CA,Banking,2024-12-07 22:00:00,82.0,82.9000015258789,82.01000213623047,82.19999694824219,76.06139373779297,712486
COMI.CA,Banking,2024-12-08 22:00:00,82.19999694824219,82.5999984741211,82.0,82.0,75.87633514404297,2292861
COMI.CA,Banking,2024-12-09 22:00:00,82.0,82.48999786376953,80.80000305175781,80.80000305175781,74.76594543457031,951351
COMI.CA,Banking,2024-12-10 22:00:00,80.80000305175781,82.47000122070312,81.0,81.98999786376953,75.86707305908203,2058924
COMI.CA,Banking,2024-12-11 22:00:00,81.98999786376953,83.22000122070312,81.9000015258789,82.98999786376953,76.79240417480469,3788611
COMI.CA,Banking,2024-12-14 22:00:00,82.98999786376953,83.69999694824219,82.5999984741211,83.48999786376953,77.25505828857422,1254864
COMI.CA,Banking,2024-12-15 22:00:00,83.48999786376953,83.80999755859375,83.30000305175781,83.69999694824219,77.44937133789062,3952970
COMI.CA,Banking,2024-12-16 22:00:00,83.69999694824219,83.69999694824219,82.02999877929688,82.02999877929688,75.90409088134766,1252397
COMI.CA,Banking,2024-12-17 22:00:00,82.02999877929688,84.0,82.30000305175781,83.0999984741211,76.8941879272461,2568768
COMI.CA,Banking,2024-12-18 22:00:00,83.0999984741211,83.98999786376953,82.0199966430664,83.98999786376953,77.71772003173828,8850138
COMI.CA,Banking,2024-12-21 22:00:00,83.98999786376953,84.0,83.05000305175781,83.52999877929688,77.29207611083984,1234435
COMI.CA,Banking,2024-12-22 22:00:00,83.52999877929688,83.68000030517578,82.5999984741211,82.5999984741211,76.4315185546875,3239666
COMI.CA,Banking,2024-12-23 22:00:00,82.5999984741211,83.19999694824219,81.19999694824219,81.44999694824219,75.36740112304688,3141753
COMI.CA,Banking,2024-12-24 22:00:00,81.44999694824219,82.0999984741211,81.20999908447266,81.5999984741211,75.5062026977539,483564
COMI.CA,Banking,2024-12-25 22:00:00,81.5999984741211,82.0,80.86000061035156,80.88999938964844,74.8492202758789,1506317
COMI.CA,Banking,2024-12-28 22:00:00,80.88999938964844,81.48999786376953,79.05000305175781,79.05000305175781,73.14664459228516,1141730
COMI.CA,Banking,2024-12-29 22:00:00,79.05000305175781,80.0,78.5,78.61000061035156,72.73949432373047,2660471
COMI.CA,Banking,2024-12-30 22:00:00,78.61000061035156,79.58999633789062,78.41000366210938,78.5,72.63771057128906,2586038
COMI.CA,Banking,2025-01-01 22:00:00,78.5,79.48999786376953,78.61000061035156,79.11000061035156,73.20215606689453,839510
COMI.CA,Banking,2025-01-04 22:00:00,79.11000061035156,79.5,79.0,79.02999877929688,73.12812805175781,778429
COMI.CA,Banking,2025-01-05 22:00:00,79.02999877929688,79.4000015258789,78.55999755859375,78.8499984741211,72.9615707397461,988286
COMI.CA,Banking,2025-01-07 22:00:00,78.8499984741211,79.79000091552734,78.4000015258789,79.0999984741211,73.19290161132812,2704606
COMI.CA,Banking,2025-01-08 22:00:00,79.0999984741211,79.75,77.5,77.5,71.71238708496094,575703
COMI.CA,Banking,2025-01-11 22:00:00,77.5,77.69000244140625,76.02999877929688,76.26000213623047,70.56499481201172,1885655
COMI.CA,Banking,2025-01-12 22:00:00,76.26000213623047,77.27999877929688,73.69999694824219,73.69999694824219,68.1961669921875,5257592
COMI.CA,Banking,2025-01-13 22:00:00,73.69999694824219,75.93000030517578,73.0,75.0,69.39908599853516,2176304
COMI.CA,Banking,2025-01-14 22:00:00,75.0,76.08999633789062,74.5,75.5,69.86174774169922,2135244
COMI.CA,Banking,2025-01-15 22:00:00,75.5,76.9000015258789,75.5,76.30000305175781,70.60200500488281,2139146
COMI.CA,Banking,2025-01-18 22:00:00,75.5,76.9800033569336,75.5,76.41000366210938,70.70378875732422,2540348
COMI.CA,Banking,2025-01-19 22:00:00,76.4800033569336,77.0,75.76000213623047,75.80999755859375,70.14859771728516,1840382
COMI.CA,Banking,2025-01-20 22:00:00,75.80999755859375,76.69000244140625,75.9000015258789,76.4000015258789,70.69453430175781,689211
COMI.CA,Banking,2025-01-21 22:00:00,76.4000015258789,77.5,76.1500015258789,76.1500015258789,70.46321105957031,1734049
COMI.CA,Banking,2025-01-22 22:00:00,76.1500015258789,77.12999725341797,75.91000366210938,76.48999786376953,70.77781677246094,1107234
COMI.CA,Banking,2025-01-25 22:00:00,76.48999786376953,78.0,76.48999786376953,77.12000274658203,71.36077117919922,1257177
COMI.CA,Banking,2025-01-26 22:00:00,77.12000274658203,77.6500015258789,76.3499984741211,76.5,70.78706359863281,1084701
COMI.CA,Banking,2025-01-27 22:00:00,76.5,77.06999969482422,75.9000015258789,76.3499984741211,70.64826965332031,2156180
COMI.CA,Banking,2025-01-28 22:00:00,76.3499984741211,77.0,76.0,76.11000061035156,70.42619323730469,1495449
COMI.CA,Banking,2025-01-29 22:00:00,76.11000061035156,77.5,76.13999938964844,76.19999694824219,70.50946807861328,1999292
COMI.CA,Banking,2025-02-01 22:00:00,76.19999694824219,77.19000244140625,76.30999755859375,76.3499984741211,70.64826965332031,565288
COMI.CA,Banking,2025-02-02 22:00:00,76.3499984741211,76.95999908447266,76.3499984741211,76.69000244140625,70.96288299560547,1860212
COMI.CA,Banking,2025-02-03 22:00:00,76.69000244140625,77.5,76.5,76.55999755859375,70.84258270263672,1310213
COMI.CA,Banking,2025-02-04 22:00:00,76.55999755859375,77.5,76.30000305175781,77.5,71.71238708496094,1862235
COMI.CA,Banking,2025-02-05 22:00:00,77.5,78.0,77.0,78.0,72.175048828125,849156
COMI.CA,Banking,2025-02-08 22:00:00,78.0,78.0999984741211,76.69999694824219,77.44000244140625,71.65686798095703,298223
COMI.CA,Banking,2025-02-09 22:00:00,77.44000244140625,78.5999984741211,77.0199966430664,77.05000305175781,71.2959976196289,915552
COMI.CA,Banking,2025-02-10 22:00:00,77.05000305175781,77.75,76.94999694824219,77.20999908447266,71.44404602050781,1717139
COMI.CA,Banking,2025-02-11 22:00:00,77.20999908447266,77.69000244140625,76.30000305175781,77.5999984741211,71.80491638183594,3368646
COMI.CA,Banking,2025-02-12 22:00:00,77.5999984741211,78.0,77.0199966430664,77.98999786376953,72.1657943725586,1155513
COMI.CA,Banking,2025-02-15 22:00:00,77.98999786376953,79.19999694824219,77.5,78.51000213623047,72.64696502685547,675618
COMI.CA,Banking,2025-02-16 22:00:00,78.51000213623047,80.0,78.55999755859375,79.69999694824219,73.74809265136719,2652116
COMI.CA,Banking,2025-02-17 22:00:00,79.69999694824219,80.0,79.0,79.25,73.33170318603516,1613489
COMI.CA,Banking,2025-02-18 22:00:00,79.25,80.4000015258789,79.62000274658203,79.97000122070312,73.99793243408203,2367137
COMI.CA,Banking,2025-02-19 22:00:00,79.97000122070312,80.1500015258789,78.5999984741211,79.0,73.1003646850586,1891460
COMI.CA,Banking,2025-02-22 22:00:00,79.0,79.79000091552734,78.80000305175781,79.73999786376953,73.78510284423828,714495
COMI.CA,Banking,2025-02-23 22:00:00,79.73999786376953,79.80000305175781,78.87000274658203,79.63999938964844,73.69257354736328,1897190
COMI.CA,Banking,2025-02-24 22:00:00,79.63999938964844,79.63999938964844,77.52999877929688,77.5999984741211,71.80491638183594,2487313
COMI.CA,Banking,2025-02-25 22:00:00,77.5999984741211,78.16000366210938,76.51000213623047,76.51000213623047,70.79632568359375,2730439
COMI.CA,Banking,2025-02-26 22:00:00,76.51000213623047,77.19000244140625,75.69999694824219,75.69999694824219,70.04680633544922,5241943
COMI.CA,Banking,2025-03-01 22:00:00,75.69999694824219,76.58999633789062,75.77999877929688,76.5,70.78706359863281,1048043
COMI.CA,Banking,2025-03-02 22:00:00,76.5,77.69999694824219,76.4000015258789,77.11000061035156,71.35150909423828,3223736
COMI.CA,Banking,2025-03-03 22:00:00,77.11000061035156,77.55000305175781,76.25,76.25,70.55573272705078,1338446
COMI.CA,Banking,2025-03-04 22:00:00,76.25,77.69999694824219,76.30999755859375,77.5,71.71238708496094,1911317
COMI.CA,Banking,2025-03-05 22:00:00,77.5,77.7699966430664,77.01000213623047,77.5,71.71238708496094,915731
COMI.CA,Banking,2025-03-08 22:00:00,77.5,78.0,77.30000305175781,77.80999755859375,71.99923706054688,1535957
COMI.CA,Banking,2025-03-09 22:00:00,77.80999755859375,78.05999755859375,77.51000213623047,77.9000015258789,72.08251190185547,3001977
COMI.CA,Banking,2025-03-10 22:00:00,77.9000015258789,77.9000015258789,76.81999969482422,77.19000244140625,71.42554473876953,595010
COMI.CA,Banking,2025-03-11 22:00:00,77.19000244140625,77.23999786376953,76.88999938964844,77.0,71.24972534179688,2051147
COMI.CA,Banking,2025-03-12 22:00:00,77.0,77.4000015258789,76.91999816894531,77.05000305175781,71.2959976196289,3098373
COMI.CA,Banking,2025-03-15 22:00:00,77.05000305175781,77.4000015258789,76.5,76.70999908447266,70.98138427734375,923662
COMI.CA,Banking,2025-03-16 22:00:00,76.70999908447266,78.08999633789062,76.41999816894531,77.93000030517578,72.11027526855469,1804081
COMI.CA,Banking,2025-03-17 22:00:00,77.93000030517578,78.0,77.51000213623047,78.0,72.175048828125,1253264
COMI.CA,Banking,2025-03-18 22:00:00,78.0,78.0999984741211,77.66000366210938,78.0999984741211,72.267578125,881742
COMI.CA,Banking,2025-03-19 22:00:00,78.0999984741211,80.0,78.0,78.9000015258789,73.00784301757812,5549708
COMI.CA,Banking,2025-03-22 22:00:00,78.9000015258789,82.0,79.0999984741211,81.79000091552734,75.68201446533203,2161641
COMI.CA,Banking,2025-03-23 22:00:00,81.79000091552734,82.6500015258789,81.5,81.9000015258789,75.78379821777344,1777412
COMI.CA,Banking,2025-03-24 22:00:00,81.9000015258789,82.5,81.51000213623047,81.70999908447266,75.60798645019531,1439144
COMI.CA,Banking,2025-03-25 22:00:00,81.70999908447266,82.30000305175781,80.80000305175781,81.9000015258789,75.78379821777344,1952047
COMI.CA,Banking,2025-03-26 22:00:00,81.9000015258789,82.44999694824219,81.52999877929688,82.44999694824219,76.292724609375,1811512
COMI.CA,Banking,2025-04-02 22:00:00,82.44999694824219,82.37999725341797,79.69999694824219,79.69999694824219,73.74809265136719,1813159
COMI.CA,Banking,2025-04-05 22:00:00,79.69999694824219,79.69999694824219,77.30000305175781,78.5999984741211,72.73023986816406,1164359
COMI.CA,Banking,2025-04-06 22:00:00,78.5999984741211,79.5,77.3499984741211,78.1500015258789,72.31385040283203,2512404
COMI.CA,Banking,2025-04-07 22:00:00,78.1500015258789,77.55999755859375,76.4000015258789,76.41999816894531,72.83108520507812,2082560
COMI.CA,Banking,2025-04-08 22:00:00,76.41999816894531,76.94999694824219,75.30000305175781,76.0,72.4308090209961,1131496
COMI.CA,Banking,2025-04-09 22:00:00,76.0,78.98999786376953,76.0199966430664,78.98999786376953,75.28038787841797,1824939
COMI.CA,Banking,2025-04-12 22:00:00,78.98999786376953,78.80000305175781,77.69999694824219,78.5,74.81340026855469,714482
COMI.CA,Banking,2025-04-13 22:00:00,78.5,79.0,77.19999694824219,77.19999694824219,73.57444763183594,915379
COMI.CA,Banking,2025-04-14 22:00:00,77.19999694824219,77.68000030517578,76.80000305175781,76.80000305175781,73.19324493408203,1853016
COMI.CA,Banking,2025-04-15 22:00:00,76.80000305175781,77.27999877929688,76.23999786376953,77.0,73.38384246826172,1113720
COMI.CA,Banking,2025-04-16 22:00:00,77.0,77.91999816894531,77.0,77.69999694824219,74.05097198486328,2077370
COMI.CA,Banking,2025-04-21 22:00:00,77.69999694824219,77.94999694824219,76.80999755859375,77.26000213623047,73.63163757324219,1130069
COMI.CA,Banking,2025-04-22 22:00:00,77.26000213623047,79.48999786376953,77.06999969482422,79.48999786376953,75.75690460205078,2580365
COMI.CA,Banking,2025-04-26 21:00:00,79.48999786376953,80.19000244140625,79.4000015258789,79.91999816894531,76.16670989990234,1614706
COMI.CA,Banking,2025-04-27 21:00:00,79.91999816894531,80.5999984741211,79.6500015258789,80.5,76.71947479248047,4859622
COMI.CA,Banking,2025-04-28 21:00:00,80.5,80.80999755859375,79.95999908447266,79.95999908447266,76.204833984375,786823
COMI.CA,Banking,2025-04-29 21:00:00,79.95999908447266,80.97000122070312,79.80000305175781,80.97000122070312,77.16740417480469,1895757
COMI.CA,Banking,2025-05-03 21:00:00,80.97000122070312,81.25,80.5,80.69999694824219,76.91007995605469,783156
COMI.CA,Banking,2025-05-04 21:00:00,80.69999694824219,81.48999786376953,80.5999984741211,80.87000274658203,77.07210540771484,2463210
COMI.CA,Banking,2025-05-05 21:00:00,80.87000274658203,82.23999786376953,80.30000305175781,81.88999938964844,78.04419708251953,2314252
COMI.CA,Banking,2025-05-06 21:00:00,81.88999938964844,82.19999694824219,80.0,80.0,76.24295806884766,1727286
COMI.CA,Banking,2025-05-07 21:00:00,80.0,81.0,79.80999755859375,79.8499984741211,76.0999984741211,811481
COMI.CA,Banking,2025-05-10 21:00:00,79.8499984741211,80.5,78.5999984741211,78.5999984741211,74.90870666503906,1762984
COMI.CA,Banking,2025-05-11 21:00:00,78.5999984741211,81.0,79.19999694824219,79.44999694824219,75.71878051757812,4820875
COMI.CA,Banking,2025-05-12 21:00:00,79.44999694824219,80.5999984741211,79.5199966430664,80.0,76.24295806884766,2388721
COMI.CA,Banking,2025-05-13 21:00:00,80.0,81.38999938964844,80.0,81.38999938964844,77.56768035888672,2273637
COMI.CA,Banking,2025-05-14 21:00:00,81.38999938964844,81.51000213623047,80.75,81.19999694824219,77.3865966796875,3089941
COMI.CA,Banking,2025-05-17 21:00:00,81.19999694824219,81.48999786376953,80.19999694824219,80.68000030517578,76.89102172851562,1040763
COMI.CA,Banking,2025-05-18 21:00:00,80.68000030517578,81.0,79.20999908447266,79.30000305175781,75.57583618164062,2714432
COMI.CA,Banking,2025-05-19 21:00:00,79.30000305175781,80.48999786376953,79.30000305175781,79.7699966430664,76.02375793457031,4105628
COMI.CA,Banking,2025-05-20 21:00:00,79.7699966430664,80.88999938964844,79.70999908447266,80.11000061035156,76.34779357910156,1941801
COMI.CA,Banking,2025-05-21 21:00:00,80.11000061035156,80.5,79.83000183105469,79.9000015258789,76.14765167236328,1074737
COMI.CA,Banking,2025-05-24 21:00:00,79.9000015258789,80.30000305175781,79.9000015258789,79.9000015258789,76.14765167236328,1702788
COMI.CA,Banking,2025-05-25 21:00:00,79.9000015258789,80.37999725341797,79.9000015258789,79.9000015258789,76.14765167236328,1372391
COMI.CA,Banking,2025-05-26 21:00:00,79.9000015258789,81.25,79.83000183105469,81.25,77.43424987792969,751472
COMI.CA,Banking,2025-05-27 21:00:00,81.25,81.5999984741211,80.8499984741211,81.4000015258789,77.57720947265625,1203815
COMI.CA,Banking,2025-05-28 21:00:00,81.4000015258789,82.8499984741211,81.0999984741211,82.8499984741211,78.95911407470703,7822260
COMI.CA,Banking,2025-05-31 21:00:00,82.8499984741211,81.9000015258789,80.5,80.6500015258789,76.86243438720703,3527979
COMI.CA,Banking,2025-06-01 21:00:00,80.6500015258789,80.7699966430664,80.20999908447266,80.36000061035156,76.58605194091797,2697442
COMI.CA,Banking,2025-06-02 21:00:00,80.36000061035156,81.12999725341797,80.3499984741211,81.0,77.19599151611328,1841870
COMI.CA,Banking,2025-06-03 21:00:00,81.0,81.88999938964844,80.51000213623047,81.88999938964844,78.04419708251953,2247544
COMI.CA,Banking,2025-06-09 21:00:00,81.88999938964844,81.79000091552734,80.9000015258789,80.9000015258789,77.10069274902344,12160562
COMI.CA,Banking,2025-06-10 21:00:00,80.9000015258789,82.55000305175781,81.0,82.55000305175781,78.67320251464844,3055602
COMI.CA,Banking,2025-06-11 21:00:00,82.55000305175781,82.5,81.25,81.5,77.67251586914062,1796673
COMI.CA,Banking,2025-06-14 21:00:00,81.5,78.5,77.02999877929688,78.0,74.33688354492188,3256853
COMI.CA,Banking,2025-06-15 21:00:00,78.0,80.0,78.0,79.0999984741211,75.38522338867188,3879188
COMI.CA,Banking,2025-06-16 21:00:00,79.0999984741211,79.9000015258789,78.5,79.80000305175781,76.05235290527344,2809106
COMI.CA,Banking,2025-06-17 21:00:00,79.80000305175781,80.1500015258789,78.38999938964844,80.01000213623047,76.25248718261719,1377096
COMI.CA,Banking,2025-06-18 21:00:00,80.01000213623047,80.0,78.62000274658203,78.62000274658203,74.92777252197266,8388452
COMI.CA,Banking,2025-06-21 21:00:00,78.62000274658203,79.9000015258789,77.31999969482422,79.80000305175781,76.05235290527344,1610242
COMI.CA,Banking,2025-06-22 21:00:00,79.80000305175781,80.08000183105469,79.02999877929688,79.12000274658203,75.40428924560547,1185213
COMI.CA,Banking,2025-06-23 21:00:00,79.12000274658203,82.80000305175781,80.5,82.80000305175781,78.91146087646484,4003416
COMI.CA,Banking,2025-06-24 21:00:00,82.80000305175781,83.9000015258789,82.01000213623047,83.9000015258789,79.95980072021484,2225538
COMI.CA,Banking,2025-06-28 21:00:00,83.9000015258789,85.30000305175781,84.01000213623047,84.94000244140625,80.95095825195312,2748286
COMI.CA,Banking,2025-06-29 21:00:00,84.94000244140625,85.44999694824219,84.0,84.30000305175781,80.34101867675781,5040837
COMI.CA,Banking,2025-06-30 21:00:00,84.30000305175781,84.95999908447266,84.08000183105469,84.95999908447266,80.97001647949219,897061
COMI.CA,Banking,2025-07-01 21:00:00,84.95999908447266,85.0,83.5,84.44000244140625,80.47444152832031,1845990
COMI.CA,Banking,2025-07-05 21:00:00,84.44000244140625,84.38999938964844,83.30000305175781,83.30000305175781,79.38798522949219,887454
COMI.CA,Banking,2025-07-06 21:00:00,83.30000305175781,84.0,83.0999984741211,83.5199966430664,79.59764099121094,1102982
COMI.CA,Banking,2025-07-08 21:00:00,83.5199966430664,84.69999694824219,83.55000305175781,84.0,80.05510711669922,1782414
COMI.CA,Banking,2025-07-09 21:00:00,84.0,84.94000244140625,83.5999984741211,84.94000244140625,80.95095825195312,2025164
COMI.CA,Banking,2025-07-12 21:00:00,84.94000244140625,84.93000030517578,84.01000213623047,84.12000274658203,80.16947174072266,477977
COMI.CA,Banking,2025-07-13 21:00:00,84.12000274658203,87.05000305175781,83.80000305175781,87.0,82.91421508789062,4427429
COMI.CA,Banking,2025-07-14 21:00:00,87.0,89.0,86.13999938964844,89.0,84.8202896118164,3027466
COMI.CA,Banking,2025-07-15 21:00:00,89.0,89.9800033569336,87.5999984741211,87.9800033569336,83.84819793701172,1853892
COMI.CA,Banking,2025-07-16 21:00:00,87.9800033569336,90.0,87.55000305175781,89.9800033569336,85.7542724609375,2748573
COMI.CA,Banking,2025-07-19 21:00:00,89.9800033569336,90.83999633789062,89.0,90.0,85.77332305908203,1141199
COMI.CA,Banking,2025-07-20 21:00:00,90.0,91.5,90.0,91.5,87.202880859375,3688756
COMI.CA,Banking,2025-07-21 21:00:00,91.5,91.5,90.51000213623047,90.5999984741211,86.34514617919922,1773959
COMI.CA,Banking,2025-07-22 21:00:00,90.5999984741211,90.5999984741211,90.5999984741211,90.5999984741211,86.34514617919922,0
COMI.CA,Banking,2025-07-26 21:00:00,92.0,94.98999786376953,91.5,94.98999786376953,90.52897644042969,2469763
COMI.CA,Banking,2025-07-27 21:00:00,94.98999786376953,95.0,94.44999694824219,94.9000015258789,90.44320678710938,5355639
COMI.CA,Banking,2025-07-28 21:00:00,94.9000015258789,95.30000305175781,93.69999694824219,93.69999694824219,89.299560546875,4828693
COMI.CA,Banking,2025-07-29 21:00:00,93.69999694824219,94.98999786376953,93.69000244140625,94.30000305175781,89.87139129638672,2901714
COMI.CA,Banking,2025-07-30 21:00:00,94.30000305175781,95.19999694824219,94.0,94.0999984741211,89.68077850341797,1849907
COMI.CA,Banking,2025-08-02 21:00:00,94.0999984741211,94.0999984741211,94.0999984741211,94.0999984741211,89.68077850341797,0
COMI.CA,Banking,2025-08-03 21:00:00,94.0999984741211,94.0999984741211,94.0999984741211,94.0999984741211,89.68077850341797,0
COMI.CA,Banking,2025-08-04 21:00:00,94.0999984741211,94.0999984741211,94.0999984741211,94.0999984741211,89.68077850341797,0
COMI.CA,Banking,2025-08-05 21:00:00,94.0999984741211,94.0999984741211,94.0999984741211,94.0999984741211,89.68077850341797,0
COMI.CA,Banking,2025-08-06 21:00:00,94.0999984741211,94.0999984741211,94.0999984741211,94.0999984741211,89.68077850341797,0
COMI.CA,Banking,2025-08-09 21:00:00,100.0999984741211,102.0,99.55000305175781,100.01000213623047,95.313232421875,1100978
COMI.CA,Banking,2025-08-10 21:00:00,100.01000213623047,100.88999938964844,98.80999755859375,99.0,94.35066223144531,4558835
COMI.CA,Banking,2025-08-11 21:00:00,99.0,99.80000305175781,98.11000061035156,99.5,94.82717895507812,1412114
COMI.CA,Banking,2025-08-12 21:00:00,99.5,99.9000015258789,98.80000305175781,99.8499984741211,95.16073608398438,1554536
COMI.CA,Banking,2025-08-13 21:00:00,99.8499984741211,99.83000183105469,98.30000305175781,98.30000305175781,93.68353271484375,1200893
COMI.CA,Banking,2025-08-16 21:00:00,98.30000305175781,100.0,98.19999694824219,100.0,95.30369567871094,416556
COMI.CA,Banking,2025-08-17 21:00:00,100.0,101.5,99.5999984741211,99.5999984741211,94.92247772216797,5111258
COMI.CA,Banking,2025-08-18 21:00:00,99.5999984741211,101.01000213623047,99.80999755859375,100.9800033569336,96.23767852783203,4961200
COMI.CA,Banking,2025-08-19 21:00:00,100.9800033569336,101.11000061035156,99.0999984741211,99.51000213623047,94.83670806884766,1818139
COMI.CA,Banking,2025-08-20 21:00:00,99.51000213623047,100.19999694824219,99.0,99.0,94.35066223144531,1800912
COMI.CA,Banking,2025-08-23 21:00:00,99.0,99.48999786376953,98.2300033569336,98.51000213623047,93.88367462158203,644805
COMI.CA,Banking,2025-08-24 21:00:00,98.51000213623047,99.4000015258789,98.5199966430664,99.0199966430664,94.36972045898438,694526
COMI.CA,Banking,2025-08-25 21:00:00,99.0199966430664,100.0,97.0,97.0,92.44458770751953,12828089
COMI.CA,Banking,2025-08-26 21:00:00,97.0,98.0999984741211,96.5999984741211,97.98999786376953,93.38809204101562,1341819
COMI.CA,Banking,2025-08-27 21:00:00,97.98999786376953,98.9800033569336,97.0,97.12999725341797,92.5684814453125,1423537
COMI.CA,Banking,2025-08-30 21:00:00,97.12999725341797,97.62000274658203,95.98999786376953,96.51000213623047,91.97760009765625,685120
COMI.CA,Banking,2025-08-31 21:00:00,96.51000213623047,97.0,94.30000305175781,95.01000213623047,90.54804229736328,6492576
COMI.CA,Banking,2025-09-01 21:00:00,95.01000213623047,96.0,94.5999984741211,96.0,91.49154663085938,1476015
COMI.CA,Banking,2025-09-02 21:00:00,96.0,96.0,95.30000305175781,96.0,91.49154663085938,1682622
COMI.CA,Banking,2025-09-06 21:00:00,96.0,96.23999786376953,94.0999984741211,94.0999984741211,89.68077850341797,401763
COMI.CA,Banking,2025-09-07 21:00:00,94.0999984741211,95.9800033569336,94.16000366210938,95.87999725341797,91.37718200683594,4657495
COMI.CA,Banking,2025-09-08 21:00:00,95.87999725341797,96.19999694824219,93.30000305175781,94.0,89.5854721069336,2713804
COMI.CA,Banking,2025-09-09 21:00:00,94.0,95.19999694824219,93.0999984741211,94.87999725341797,90.42414093017578,911228
COMI.CA,Banking,2025-09-10 21:00:00,94.87999725341797,96.0,94.05999755859375,95.98999786376953,91.48201751708984,1182237
COMI.CA,Banking,2025-09-13 21:00:00,95.98999786376953,97.0,95.97000122070312,96.5,91.96806335449219,1147803
COMI.CA,Banking,2025-09-14 21:00:00,96.5,97.98999786376953,96.5,97.94000244140625,93.34043884277344,2385696
COMI.CA,Banking,2025-09-15 21:00:00,97.94000244140625,98.69999694824219,97.01000213623047,97.01000213623047,92.45411682128906,3206056
COMI.CA,Banking,2025-09-16 21:00:00,97.01000213623047,98.69999694824219,97.01000213623047,98.4000015258789,93.77883911132812,2204807
COMI.CA,Banking,2025-09-17 21:00:00,98.4000015258789,99.0999984741211,97.80000305175781,98.9800033569336,94.33160400390625,3475911
COMI.CA,Banking,2025-09-20 21:00:00,98.9800033569336,99.0,97.0,97.0,92.44458770751953,651952
COMI.CA,Banking,2025-09-21 21:00:00,97.0,97.6500015258789,94.9800033569336,96.0,91.49154663085938,3985165
COMI.CA,Banking,2025-09-22 21:00:00,96.0,96.55000305175781,95.37000274658203,95.70999908447266,91.21516418457031,1187201
COMI.CA,Banking,2025-09-23 21:00:00,95.70999908447266,99.0,95.70999908447266,98.75,94.1124038696289,1819071
COMI.CA,Banking,2025-09-24 21:00:00,98.75,99.0,97.5,97.5,92.92110443115234,1348812
COMI.CA,Banking,2025-09-27 21:00:00,97.5,100.0,97.5,99.4000015258789,94.73187255859375,1730868
COMI.CA,Banking,2025-09-28 21:00:00,99.4000015258789,99.9000015258789,98.5999984741211,99.75,95.06543731689453,2594141
COMI.CA,Banking,2025-09-29 21:00:00,99.75,101.0,99.05999755859375,101.0,96.2567367553711,4079424
COMI.CA,Banking,2025-09-30 21:00:00,101.0,103.19999694824219,100.30000305175781,102.01000213623047,97.21929931640625,2296215
COMI.CA,Banking,2025-10-01 21:00:00,102.01000213623047,103.4000015258789,102.0,103.29000091552734,98.4391860961914,1182515
COMI.CA,Banking,2025-10-04 21:00:00,103.29000091552734,105.9000015258789,103.0199966430664,105.05000305175781,100.11653900146484,1607149
COMI.CA,Banking,2025-10-05 21:00:00,105.05000305175781,105.5999984741211,103.80000305175781,104.55000305175781,99.6400146484375,2250973
COMI.CA,Banking,2025-10-06 21:00:00,104.55000305175781,105.5,104.01000213623047,105.0,100.06887817382812,670646
COMI.CA,Banking,2025-10-07 21:00:00,105.0,105.9000015258789,104.0,105.9000015258789,100.9266128540039,791052
COMI.CA,Banking,2025-10-11 21:00:00,105.9000015258789,105.9000015258789,104.05000305175781,104.05000305175781,99.16349792480469,1410684
COMI.CA,Banking,2025-10-12 21:00:00,104.05000305175781,105.69999694824219,104.11000061035156,104.11000061035156,99.2206802368164,3951808
COMI.CA,Banking,2025-10-13 21:00:00,104.11000061035156,105.4000015258789,104.19999694824219,104.55000305175781,99.6400146484375,866329
COMI.CA,Banking,2025-10-14 21:00:00,104.55000305175781,106.0,104.56999969482422,106.0,101.02191925048828,1049817
COMI.CA,Banking,2025-10-15 21:00:00,106.0,106.5,105.25,105.25,100.30714416503906,2644235
COMI.CA,Banking,2025-10-18 21:00:00,105.25,106.0,104.55999755859375,105.05000305175781,100.11653900146484,340521
COMI.CA,Banking,2025-10-19 21:00:00,105.05000305175781,107.1500015258789,105.06999969482422,105.30999755859375,100.36431884765625,9643021
COMI.CA,Banking,2025-10-20 21:00:00,105.30999755859375,106.18000030517578,104.0,104.06999969482422,99.18255615234375,1564532
COMI.CA,Banking,2025-10-21 21:00:00,104.06999969482422,105.0199966430664,104.0999984741211,104.16000366210938,99.2683334350586,1967011
COMI.CA,Banking,2025-10-22 21:00:00,104.16000366210938,105.0,103.0,103.87000274658203,98.99195098876953,1116791
COMI.CA,Banking,2025-10-25 21:00:00,103.87000274658203,105.16000366210938,103.8499984741211,105.0,100.06887817382812,1283847
COMI.CA,Banking,2025-10-26 21:00:00,105.0,106.19999694824219,104.05000305175781,104.76000213623047,99.84015655517578,2119096
COMI.CA,Banking,2025-10-27 21:00:00,104.76000213623047,105.80000305175781,104.51000213623047,105.4000015258789,100.4500961303711,1697397
COMI.CA,Banking,2025-10-28 21:00:00,105.4000015258789,106.0,104.0,104.55999755859375,99.64954376220703,1336146
COMI.CA,Banking,2025-10-29 21:00:00,104.55999755859375,105.48999786376953,104.0,105.48999786376953,100.5358657836914,1644957
COMI.CA,Banking,2025-11-01 22:00:00,105.48999786376953,105.69000244140625,104.0,104.0,99.1158447265625,1033040
COMI.CA,Banking,2025-11-02 22:00:00,104.0,105.98999786376953,103.55999755859375,105.98999786376953,101.01238250732422,2020688
COMI.CA,Banking,2025-11-03 22:00:00,105.98999786376953,108.30000305175781,106.0,107.0,101.9749526977539,5012580
COMI.CA,Banking,2025-11-04 22:00:00,107.0,107.5,105.5,106.9000015258789,101.87965393066406,1551534
COMI.CA,Banking,2025-11-05 22:00:00,106.9000015258789,110.0,106.5,109.01000213623047,103.89056396484375,5485798
COMI.CA,Banking,2025-11-08 22:00:00,109.01000213623047,111.69999694824219,109.30999755859375,111.5,106.26361846923828,1475397
COMI.CA,Banking,2025-11-09 22:00:00,111.5,111.69999694824219,109.25,110.11000061035156,104.93890380859375,3271970
COMI.CA,Banking,2025-11-10 22:00:00,110.11000061035156,111.5999984741211,109.5999984741211,110.19999694824219,105.02467346191406,4016660
COMI.CA,Banking,2025-11-11 22:00:00,110.19999694824219,111.30000305175781,109.81999969482422,110.38999938964844,105.20574951171875,3162749
COMI.CA,Banking,2025-11-12 22:00:00,110.38999938964844,110.5,108.5,108.5,103.40451049804688,1600086
COMI.CA,Banking,2025-11-15 22:00:00,108.5,110.0,108.66999816894531,109.9800033569336,104.81501007080078,1062513
COMI.CA,Banking,2025-11-16 22:00:00,109.9800033569336,110.0,107.5999984741211,108.44999694824219,103.35685729980469,3727280
COMI.CA,Banking,2025-11-17 22:00:00,108.44999694824219,109.5,106.7300033569336,107.0,101.9749526977539,2072562
COMI.CA,Banking,2025-11-18 22:00:00,107.0,107.8499984741211,106.41999816894531,106.5,101.4984359741211,2352179
COMI.CA,Banking,2025-11-19 22:00:00,106.5,106.98999786376953,106.0199966430664,106.0199966430664,101.04097747802734,2341851
COMI.CA,Banking,2025-11-22 22:00:00,106.0199966430664,107.75,106.02999877929688,106.55000305175781,101.54608917236328,1387926
COMI.CA,Banking,2025-11-23 22:00:00,106.55000305175781,107.4000015258789,104.51000213623047,104.51000213623047,99.60189819335938,7803328
COMI.CA,Banking,2025-11-24 22:00:00,104.51000213623047,108.0,105.0,107.83999633789062,102.77550506591797,2672993
COMI.CA,Banking,2025-11-25 22:00:00,107.83999633789062,108.0,105.0,105.80000305175781,100.83131408691406,1374758
COMI.CA,Banking,2025-11-26 22:00:00,105.80000305175781,107.75,105.87000274658203,107.5199966430664,102.47052764892578,1206466
COMI.CA,Banking,2025-11-29 22:00:00,107.5199966430664,107.98999786376953,107.0,107.69999694824219,102.64207458496094,1240765
COMI.CA,Banking,2025-11-30 22:00:00,107.69999694824219,108.0,107.0,107.79000091552734,102.72785186767578,1699213
COMI.CA,Banking,2025-12-01 22:00:00,107.79000091552734,109.97000122070312,108.0,109.75,104.59580993652344,2331006
COMI.CA,Banking,2025-12-02 22:00:00,109.75,116.5,109.19999694824219,114.98999786376953,109.5897216796875,4799154
COMI.CA,Banking,2025-12-03 22:00:00,114.98999786376953,118.2300033569336,115.02999877929688,116.80000305175781,111.3147201538086,3211210
COMI.CA,Banking,2025-12-06 22:00:00,116.80000305175781,117.9000015258789,115.9000015258789,116.19999694824219,110.74288940429688,882445
COMI.CA,Banking,2025-12-07 22:00:00,105.63636016845703,107.13636016845703,105.64545440673828,107.09091186523438,102.06159973144531,2511888
COMI.CA,Banking,2025-12-08 22:00:00,107.09091186523438,107.70909118652344,106.19999694824219,106.69999694824219,101.68904113769531,1989883
COMI.CA,Banking,2025-12-09 22:00:00,106.69999694824219,107.09091186523438,105.83636474609375,106.01818084716797,101.03924560546875,1406623
COMI.CA,Banking,2025-12-10 22:00:00,106.01818084716797,106.63636016845703,104.63636016845703,106.1727294921875,101.18653869628906,2314525
COMI.CA,Banking,2025-12-13 22:00:00,106.1727294921875,106.58181762695312,105.45454406738281,105.90908813476562,100.93527221679688,1124359
COMI.CA,Banking,2025-12-14 22:00:00,105.90908813476562,109.09091186523438,106.0,107.36363220214844,102.3215103149414,12167009
COMI.CA,Banking,2025-12-15 22:00:00,107.36363220214844,109.0,106.36363220214844,106.81818389892578,101.80167388916016,2677774
COMI.CA,Banking,2025-12-16 22:00:00,106.81800079345703,109.0,103.80000305175781,103.80000305175781,98.92523956298828,4036800
COMI.CA,Banking,2025-12-17 22:00:00,103.80000305175781,104.9800033569336,101.02999877929688,101.02999877929688,96.28532409667969,7336195
COMI.CA,Banking,2025-12-20 22:00:00,101.02999877929688,104.25,101.69999694824219,104.25,99.3541030883789,13462014
COMI.CA,Banking,2025-12-21 22:00:00,104.25,105.48999786376953,101.80000305175781,101.80000305175781,97.0191650390625,3112350
COMI.CA,Banking,2025-12-22 22:00:00,101.80000305175781,103.94999694824219,101.2699966430664,103.94999694824219,99.06819152832031,2041059
COMI.CA,Banking,2025-12-23 22:00:00,103.94999694824219,104.9800033569336,103.01000213623047,104.87999725341797,99.95451354980469,1446682
COMI.CA,Banking,2025-12-24 22:00:00,104.87999725341797,104.9000015258789,102.30999755859375,103.0,98.16280364990234,900610
COMI.CA,Banking,2025-12-27 22:00:00,103.0,104.30000305175781,103.01000213623047,103.5,98.63932800292969,371565
COMI.CA,Banking,2025-12-28 22:00:00,103.5,103.98999786376953,102.5,103.91999816894531,99.03959655761719,1358308
COMI.CA,Banking,2025-12-29 22:00:00,103.91999816894531,104.0,102.69999694824219,103.0,98.16280364990234,975936
COMI.CA,Banking,2025-12-30 22:00:00,103.0,104.0999984741211,103.0,103.0,98.16280364990234,1149458
COMI.CA,Banking,2026-01-03 22:00:00,103.0,103.9800033569336,100.5199966430664,100.5199966430664,95.79927062988281,915458
COMI.CA,Banking,2026-01-04 22:00:00,100.5199966430664,101.88999938964844,98.30000305175781,101.0,96.2567367553711,2958489
COMI.CA,Banking,2026-01-05 22:00:00,101.0,103.01000213623047,100.30999755859375,103.01000213623047,98.1723403930664,2410554
COMI.CA,Banking,2026-01-07 22:00:00,103.01000213623047,105.58000183105469,103.4000015258789,104.30000305175781,99.4017562866211,3729539
COMI.CA,Banking,2026-01-10 22:00:00,104.30000305175781,110.25,107.6500015258789,108.47000122070312,103.37592315673828,4398040
COMI.CA,Banking,2026-01-11 22:00:00,108.47000122070312,115.0999984741211,108.0,115.0999984741211,109.69454956054688,5885292
COMI.CA,Banking,2026-01-12 22:00:00,115.0999984741211,122.80000305175781,117.80000305175781,120.33000183105469,114.67893981933594,7084743
COMI.CA,Banking,2026-01-13 22:00:00,120.33000183105469,120.5,115.0999984741211,117.75,112.22010040283203,3450837
COMI.CA,Banking,2026-01-14 22:00:00,117.75,125.80000305175781,117.80000305175781,121.70999908447266,115.99412536621094,9089980
COMI.CA,Banking,2026-01-17 22:00:00,121.70999908447266,124.98999786376953,122.22000122070312,123.05000305175781,117.27120208740234,1532903
COMI.CA,Banking,2026-01-18 22:00:00,123.05000305175781,125.4000015258789,123.4000015258789,124.9000015258789,119.03431701660156,2135370
COMI.CA,Banking,2026-01-19 22:00:00,124.9000015258789,127.0,124.80000305175781,126.69999694824219,120.7497787475586,3931543
COMI.CA,Banking,2026-01-20 22:00:00,126.69999694824219,127.5,125.0,127.0,121.03569793701172,3061142
COMI.CA,Banking,2026-01-21 22:00:00,127.0,129.3000030517578,127.0,127.73999786376953,121.74093627929688,4637700
COMI.CA,Banking,2026-01-24 22:00:00,127.73999786376953,129.8000030517578,127.80000305175781,128.89999389648438,122.8464584350586,1294336
COMI.CA,Banking,2026-01-25 22:00:00,128.89999389648438,132.69000244140625,128.9199981689453,130.97999572753906,124.82878112792969,3595252
COMI.CA,Banking,2026-01-26 22:00:00,130.97999572753906,133.74000549316406,131.3000030517578,132.85000610351562,126.61096954345703,4370756
COMI.CA,Banking,2026-01-27 22:00:00,132.85000610351562,135.0,132.89999389648438,134.0,127.70695495605469,5649746
COMI.CA,Banking,2026-01-31 22:00:00,134.0,134.0500030517578,130.50999450683594,131.5,125.3243637084961,3097990
COMI.CA,Banking,2026-02-01 22:00:00,131.5,132.3000030517578,127.11000061035156,129.3000030517578,123.2276840209961,4422720
COMI.CA,Banking,2026-02-02 22:00:00,129.3000030517578,134.0,129.02999877929688,133.0,126.75391387939453,13398994
COMI.CA,Banking,2026-02-03 22:00:00,133.0,136.9199981689453,133.10000610351562,136.5,130.08953857421875,7906804
COMI.CA,Banking,2026-02-04 22:00:00,136.5,138.99000549316406,136.60000610351562,137.25,130.8043212890625,10151613
COMI.CA,Banking,2026-02-07 22:00:00,137.25,138.97000122070312,136.0,136.0,129.61302185058594,1031051
COMI.CA,Banking,2026-02-08 22:00:00,136.0,137.99000549316406,134.9499969482422,136.0,129.61302185058594,9376193
COMI.CA,Banking,2026-02-09 22:00:00,136.0,140.1999969482422,136.60000610351562,136.60000610351562,130.1848602294922,6741447
COMI.CA,Banking,2026-02-10 22:00:00,136.60000610351562,137.8699951171875,134.0,134.0,127.70695495605469,4153875
COMI.CA,Banking,2026-02-11 22:00:00,134.0,137.8699951171875,134.0,137.8699951171875,131.39520263671875,4759146
COMI.CA,Banking,2026-02-14 22:00:00,137.8699951171875,143.9499969482422,137.1199951171875,142.99000549316406,136.27476501464844,2717846
COMI.CA,Banking,2026-02-15 22:00:00,142.99000549316406,145.00999450683594,140.25,140.5500030517578,133.9493408203125,3050107
COMI.CA,Banking,2026-02-16 22:00:00,140.5500030517578,143.0,140.6999969482422,141.69000244140625,135.0358123779297,2232418
COMI.CA,Banking,2026-02-17 22:00:00,141.69000244140625,141.99000549316406,139.49000549316406,140.74000549316406,134.13043212890625,3318142
COMI.CA,Banking,2026-02-18 22:00:00,140.74000549316406,141.94000244140625,137.11000061035156,138.0,131.51910400390625,2948796
COMI.CA,Banking,2026-02-21 22:00:00,138.0,139.88999938964844,134.5,135.0,128.6599884033203,1816360
COMI.CA,Banking,2026-02-22 22:00:00,135.0,139.38999938964844,134.85000610351562,139.38999938964844,132.8438262939453,3791578
COMI.CA,Banking,2026-02-23 22:00:00,139.38999938964844,140.77999877929688,137.5500030517578,137.5500030517578,131.09024047851562,3969672
COMI.CA,Banking,2026-02-24 22:00:00,137.5500030517578,138.36000061035156,130.02000427246094,132.0500030517578,125.8485336303711,4568937
COMI.CA,Banking,2026-02-25 22:00:00,132.0500030517578,133.5,130.00999450683594,133.5,127.23043823242188,8837996
COMI.CA,Banking,2026-02-28 22:00:00,133.5,130.58999633789062,127.05000305175781,130.0,123.89480590820312,4035340
COMI.CA,Banking,2026-03-01 22:00:00,130.0,131.0,127.94999694824219,128.25,122.22698974609375,4633326
COMI.CA,Banking,2026-03-02 22:00:00,128.25,127.9800033569336,123.55999755859375,123.9000015258789,118.08128356933594,9885392
COMI.CA,Banking,2026-03-03 22:00:00,123.9000015258789,124.0,111.0,121.5,115.79399108886719,6593274
COMI.CA,Banking,2026-03-04 22:00:00,121.5,127.0199966430664,122.5,126.0,120.08265686035156,6551172
COMI.CA,Banking,2026-03-07 22:00:00,126.0,125.19999694824219,121.5,121.91000366210938,116.18473815917969,2128512
COMI.CA,Banking,2026-03-08 22:00:00,121.91000366210938,123.19999694824219,118.04000091552734,123.0,117.22354888916016,3503813
COMI.CA,Banking,2026-03-09 22:00:00,123.0,129.5,123.5999984741211,129.5,123.41828918457031,3239515
COMI.CA,Banking,2026-03-10 22:00:00,129.5,129.99000549316406,124.9800033569336,125.30000305175781,119.41553497314453,5663870
COMI.CA,Banking,2026-03-11 22:00:00,125.30000305175781,126.5,122.0,122.0,116.2705078125,3472894
COMI.CA,Banking,2026-03-14 22:00:00,122.0,122.8499984741211,118.30000305175781,118.80000305175781,113.22079467773438,2274851
COMI.CA,Banking,2026-03-15 22:00:00,118.80000305175781,121.27999877929688,116.5,117.19999694824219,111.69593048095703,5371688
COMI.CA,Banking,2026-03-16 22:00:00,117.19999694824219,121.0,117.69999694824219,119.51000213623047,113.89745330810547,3916325
COMI.CA,Banking,2026-03-17 22:00:00,119.51000213623047,129.6999969482422,121.30000305175781,129.6999969482422,123.60889434814453,10023147
COMI.CA,Banking,2026-03-18 22:00:00,129.6999969482422,129.6999969482422,129.6999969482422,129.6999969482422,123.60889434814453,0
COMI.CA,Banking,2026-03-23 22:00:00,129.6999969482422,127.98999786376953,124.0999984741211,124.0999984741211,118.27188873291016,9107508
COMI.CA,Banking,2026-03-24 22:00:00,124.0999984741211,127.58000183105469,124.30000305175781,126.0,120.08265686035156,6407219
COMI.CA,Banking,2026-03-25 22:00:00,126.0,126.4000015258789,125.0,125.0,119.12962341308594,3349485
COMI.CA,Banking,2026-03-28 22:00:00,125.0,124.68000030517578,123.1500015258789,123.5999984741211,117.79536437988281,1420501
COMI.CA,Banking,2026-03-29 22:00:00,123.5999984741211,124.69999694824219,119.5,119.79000091552734,114.16429901123047,5398338
COMI.CA,Banking,2026-03-30 22:00:00,119.79000091552734,123.55000305175781,119.69999694824219,121.0,115.31747436523438,6237239
COMI.CA,Banking,2026-03-31 22:00:00,121.0,126.30000305175781,123.20999908447266,124.79000091552734,118.92948150634766,7532387
COMI.CA,Banking,2026-04-01 22:00:00,124.79000091552734,125.0,122.0999984741211,124.0,118.17658233642578,2439362
COMI.CA,Banking,2026-04-04 22:00:00,124.0,127.0,124.3499984741211,126.9000015258789,120.94039154052734,1779714
COMI.CA,Banking,2026-04-05 22:00:00,126.9000015258789,128.5,126.4000015258789,127.76000213623047,121.76000213623047,3126653
COMI.CA,Banking,2026-04-06 22:00:00,127.76000213623047,123.5,122.0,122.0,122.0,4575396
COMI.CA,Banking,2026-04-07 22:00:00,122.0,128.1699981689453,125.43000030517578,127.75,127.75,6673099
COMI.CA,Banking,2026-04-08 22:00:00,127.75,130.97999572753906,126.4000015258789,129.39999389648438,129.39999389648438,5910781
COMI.CA,Banking,2026-04-13 22:00:00,129.39999389648438,134.0,130.1199951171875,133.99000549316406,133.99000549316406,4803747
COMI.CA,Banking,2026-04-14 22:00:00,133.99000549316406,137.5,134.1999969482422,137.5,137.5,8957607
COMI.CA,Banking,2026-04-15 22:00:00,137.5,140.0,138.0,140.0,140.0,12285693
COMI.CA,Banking,2026-04-18 22:00:00,140.0,144.0,142.0,142.0,142.0,2203231
COMI.CA,Banking,2026-04-19 22:00:00,142.0,141.27999877929688,137.5,139.6999969482422,139.6999969482422,4313102
COMI.CA,Banking,2026-04-20 22:00:00,139.6999969482422,139.97999572753906,138.42999267578125,139.0,139.0,2613833
COMI.CA,Banking,2026-04-21 22:00:00,139.0,139.5,136.27999877929688,136.27999877929688,136.27999877929688,2736512
COMI.CA,Banking,2026-04-22 22:00:00,136.27999877929688,139.10000610351562,136.0,138.0,138.0,2950739
COMI.CA,Banking,2026-04-25 21:00:00,138.0,138.25,137.10000610351562,137.60000610351562,137.60000610351562,733371
COMI.CA,Banking,2026-04-26 21:00:00,137.60000610351562,140.6999969482422,137.6999969482422,139.0,139.0,3217862
COMI.CA,Banking,2026-04-27 21:00:00,139.0,140.0,137.11000061035156,137.11000061035156,137.11000061035156,3269043
COMI.CA,Banking,2026-04-28 21:00:00,137.11000061035156,138.0,136.6999969482422,138.0,138.0,2048125
COMI.CA,Banking,2026-04-29 21:00:00,138.0,138.0,135.0,135.0,135.0,3207424
COMI.CA,Banking,2026-05-02 21:00:00,135.0,136.89999389648438,134.89999389648438,136.0,136.0,1416856
COMI.CA,Banking,2026-05-03 21:00:00,136.0,137.74000549316406,135.10000610351562,135.11000061035156,135.11000061035156,1311131
COMI.CA,Banking,2026-05-04 21:00:00,135.11000061035156,138.3000030517578,133.60000610351562,138.1999969482422,138.1999969482422,3875622
COMI.CA,Banking,2026-05-05 21:00:00,138.1999969482422,143.0,139.0500030517578,141.60000610351562,141.60000610351562,6697379
COMI.CA,Banking,2026-05-09 21:00:00,141.60000610351562,143.50999450683594,141.75,143.50999450683594,143.50999450683594,1473499
COMI.CA,Banking,2026-05-10 21:00:00,143.50999450683594,144.92999267578125,142.6999969482422,143.0,143.0,5224329
COMI.CA,Banking,2026-05-11 21:00:00,143.0,144.0,139.25,140.00999450683594,140.00999450683594,9331111
COMI.CA,Banking,2026-05-12 21:00:00,140.00999450683594,139.99000549316406,135.35000610351562,136.4600067138672,136.4600067138672,7476628
COMI.CA,Banking,2026-05-13 21:00:00,136.4600067138672,136.39999389648438,134.35000610351562,134.50999450683594,134.50999450683594,4847747
COMI.CA,Banking,2026-05-16 21:00:00,134.50999450683594,134.39999389648438,133.0,133.0,133.0,2260522
COMI.CA,Banking,2026-05-17 21:00:00,133.0,133.60000610351562,131.50999450683594,131.50999450683594,131.50999450683594,3091453
COMI.CA,Banking,2026-05-18 21:00:00,131.50999450683594,133.69000244140625,132.0,133.50999450683594,133.50999450683594,3756632
COMI.CA,Banking,2026-05-19 21:00:00,133.50999450683594,134.0,131.5399932861328,131.72000122070312,131.72000122070312,4259920
COMI.CA,Banking,2026-05-20 21:00:00,131.72000122070312,132.9600067138672,131.5,131.5,131.5,1727840
COMI.CA,Banking,2026-05-23 21:00:00,131.5,136.49000549316406,132.5,136.0,136.0,3579806
COMI.CA,Banking,2026-05-24 21:00:00,136.0,136.8000030517578,133.0,133.0,133.0,15554349
COMI.CA,Banking,2026-05-25 21:00:00,133.0,133.0,133.0,133.0,133.0,0
COMI.CA,Banking,2026-05-26 21:00:00,133.0,133.0,133.0,133.0,133.0,0
COMI.CA,Banking,2026-05-27 21:00:00,133.0,133.0,133.0,133.0,133.0,0
COMI.CA,Banking,2026-05-31 21:00:00,133.0,135.5,131.6699981689453,131.75,131.75,9828910
COMI.CA,Banking,2026-06-01 21:00:00,131.75,133.8000030517578,132.0500030517578,132.5500030517578,132.5500030517578,5257718
COMI.CA,Banking,2026-06-02 21:00:00,132.5500030517578,133.69000244140625,131.8000030517578,131.85000610351562,131.85000610351562,2551451
COMI.CA,Banking,2026-06-03 21:00:00,131.85000610351562,132.60000610351562,131.3000030517578,132.5,132.5,2741676
COMI.CA,Banking,2026-06-06 21:00:00,132.5,132.4499969482422,131.3000030517578,132.38999938964844,132.38999938964844,1367436
COMI.CA,Banking,2026-06-07 21:00:00,132.38999938964844,132.1999969482422,129.8000030517578,130.10000610351562,130.10000610351562,5542905
COMI.CA,Banking,2026-06-08 21:00:00,130.10000610351562,132.97999572753906,130.6999969482422,132.97000122070312,132.97000122070312,3596194
COMI.CA,Banking,2026-06-09 21:00:00,132.97000122070312,133.5,131.0,131.0500030517578,131.0500030517578,4179573
COMI.CA,Banking,2026-06-10 21:00:00,131.0500030517578,132.16000366210938,130.0,131.69000244140625,131.69000244140625,3642344
COMI.CA,Banking,2026-06-13 21:00:00,131.69000244140625,135.6999969482422,134.5,134.75999450683594,134.75999450683594,4254137
COMI.CA,Banking,2026-06-14 21:00:00,134.75999450683594,136.10000610351562,134.60000610351562,134.75,134.75,6187541
COMI.CA,Banking,2026-06-15 21:00:00,134.75,134.1999969482422,133.02999877929688,133.39999389648438,133.39999389648438,3577275
COMI.CA,Banking,2026-06-16 21:00:00,133.39999389648438,133.39999389648438,133.39999389648438,133.39999389648438,133.39999389648438,0
COMI.CA,Banking,2026-06-17 21:00:00,133.39999389648438,133.39999389648438,133.39999389648438,133.39999389648438,133.39999389648438,0
COMI.CA,Banking,2026-06-20 21:00:00,137.0,137.07000732421875,136.02000427246094,136.6999969482422,136.6999969482422,956672
COMI.CA,Banking,2026-06-21 21:00:00,136.6999969482422,136.6999969482422,136.6999969482422,136.6999969482422,136.6999969482422,0
COMI.CA,Banking,2026-06-22 21:00:00,135.8000030517578,136.1999969482422,133.5,133.5,133.5,3697715
COMI.CA,Banking,2026-06-23 21:00:00,133.5,133.60000610351562,132.0,132.10000610351562,132.10000610351562,3036072
COMI.CA,Banking,2026-06-24 21:00:00,132.10000610351562,133.0,131.9499969482422,132.5,132.5,2284054
COMI.CA,Banking,2026-06-27 21:00:00,132.5,133.0,129.8000030517578,129.82000732421875,129.82000732421875,1925671
COMI.CA,Banking,2026-06-28 21:00:00,129.82000732421875,130.3000030517578,126.20999908447266,126.88999938964844,126.88999938964844,5226945
COMI.CA,Banking,2026-06-29 21:00:00,126.88999938964844,129.94000244140625,126.88999938964844,127.5,127.5,4160115
COMI.CA,Banking,2026-06-30 21:00:00,127.5,128.4499969482422,127.25,127.30000305175781,127.30000305175781,2459727
COMI.CA,Banking,2026-07-04 21:00:00,127.30000305175781,130.0,128.41000366210938,129.7100067138672,129.7100067138672,1241531
COMI.CA,Banking,2026-07-05 21:00:00,129.7100067138672,134.5,129.72000122070312,134.5,134.5,5280760
COMI.CA,Banking,2026-07-06 21:00:00,134.5,137.97999572753906,133.52000427246094,137.17999267578125,137.17999267578125,4064879
COMI.CA,Banking,2026-07-07 21:00:00,137.17999267578125,136.89999389648438,133.0,133.0,133.0,3466136
COMI.CA,Banking,2026-07-08 21:00:00,133.0,135.0,133.0,134.5,134.5,1877521
COMI.CA,Banking,2026-07-11 21:00:00,134.5,135.6999969482422,134.0,134.52000427246094,134.52000427246094,954219
COMI.CA,Banking,2026-07-12 21:00:00,134.52000427246094,136.97999572753906,134.5,136.89999389648438,136.89999389648438,2430001
COMI.CA,Banking,2026-07-13 21:00:00,136.89999389648438,137.1999969482422,134.00999450683594,134.97000122070312,134.97000122070312,2824488
COMI.CA,Banking,2026-07-14 21:00:00,134.97000122070312,136.44000244140625,134.5500030517578,134.80999755859375,134.80999755859375,1841298
COMI.CA,Banking,2026-07-15 21:00:00,134.80999755859375,135.85000610351562,134.8000030517578,135.8000030517578,135.8000030517578,1683018
COMI.CA,Banking,2026-07-18 21:00:00,135.8000030517578,135.5,132.80999755859375,134.0,134.0,1418495
COMI.CA,Banking,2026-07-19 21:00:00,134.0,136.9499969482422,133.80999755859375,136.60000610351562,136.60000610351562,5387806
COMI.CA,Banking,2026-07-20 21:00:00,136.60000610351562,140.39999389648438,136.6999969482422,139.97000122070312,139.97000122070312,7840206
COMI.CA,Banking,2026-07-21 21:00:00,139.97000122070312,140.3000030517578,138.6999969482422,140.0,140.0,3972917
COMI.CA,Banking,2026-07-25 21:00:00,140.0,140.3000030517578,138.5,138.6999969482422,138.6999969482422,613572
COMI.CA,Banking,2026-07-26 21:00:00,138.6999969482422,141.39999389648438,138.5,140.0,140.0,2695547
COMI.CA,Banking,2026-07-27 21:00:00,140.0,142.5500030517578,139.7100067138672,141.25,141.25,4606579
COMI.CA,Banking,2026-07-28 21:00:00,141.25,142.8800048828125,140.3000030517578,140.3000030517578,140.3000030517578,2704418
COMI.CA,Banking,2026-07-29 21:00:00,140.3000030517578,141.0,138.39999389648438,141.0,141.0,2002578
COMI.CA,Banking,2026-08-01 21:00:00,141.0,142.49000549316406,140.86000061035156,141.5,141.5,893176
COMI.CA,Banking,2026-08-02 21:00:00,141.5,142.10000610351562,139.8000030517578,140.89999389648438,140.89999389648438,4123839
COMI.CA,Banking,2026-08-03 21:00:00,140.89999389648438,141.0,139.3000030517578,140.22999572753906,140.22999572753906,3606675
COMI.CA,Banking,2026-08-04 21:00:00,140.22999572753906,141.0,139.0500030517578,139.14999389648438,139.14999389648438,3655029
COMI.CA,Banking,2026-08-05 21:00:00,139.14999389648438,141.0,139.1999969482422,140.1300048828125,140.1300048828125,4887549
