symbol,sector,raw_date_utc,open,high,low,close,adj_close,volume
COPR.CA,Real Estate,2022-01-01 22:00:00,27.049999237060547,27.049999237060547,27.049999237060547,27.049999237060547,27.049999237060547,0
COPR.CA,Real Estate,2022-01-02 22:00:00,27.049999237060547,25.700000762939453,25.700000762939453,27.049999237060547,27.049999237060547,1751
COPR.CA,Real Estate,2022-01-03 22:00:00,27.049999237060547,27.049999237060547,27.049999237060547,27.049999237060547,27.049999237060547,0
COPR.CA,Real Estate,2022-01-04 22:00:00,27.049999237060547,25.700000762939453,25.700000762939453,25.700000762939453,25.700000762939453,40477
COPR.CA,Real Estate,2022-01-08 22:00:00,25.700000762939453,25.700000762939453,25.700000762939453,25.700000762939453,25.700000762939453,0
COPR.CA,Real Estate,2022-01-09 22:00:00,25.15999984741211,25.0,23.90999984741211,25.15999984741211,25.15999984741211,8883
COPR.CA,Real Estate,2022-01-10 22:00:00,25.15999984741211,24.700000762939453,23.90999984741211,24.0,24.0,168502
COPR.CA,Real Estate,2022-01-11 22:00:00,24.0,24.0,22.799999237060547,24.0,24.0,3496
COPR.CA,Real Estate,2022-01-12 22:00:00,24.0,23.81999969482422,22.799999237060547,24.0,24.0,939
COPR.CA,Real Estate,2022-01-15 22:00:00,24.0,24.0,24.0,24.0,24.0,0
COPR.CA,Real Estate,2022-01-16 22:00:00,24.0,24.0,24.0,24.0,24.0,0
COPR.CA,Real Estate,2022-01-17 22:00:00,24.0,23.0,22.799999237060547,24.0,24.0,2809
COPR.CA,Real Estate,2022-01-18 22:00:00,24.0,24.0,24.0,24.0,24.0,0
COPR.CA,Real Estate,2022-01-19 22:00:00,24.0,24.0,24.0,24.0,24.0,0
COPR.CA,Real Estate,2022-01-22 22:00:00,24.0,24.0,24.0,24.0,24.0,0
COPR.CA,Real Estate,2022-01-23 22:00:00,24.0,24.0,24.0,24.0,24.0,0
COPR.CA,Real Estate,2022-01-24 22:00:00,24.0,24.0,24.0,24.0,24.0,0
COPR.CA,Real Estate,2022-01-25 22:00:00,24.0,23.0,22.989999771118164,23.0,23.0,19349
COPR.CA,Real Estate,2022-01-29 22:00:00,23.0,23.0,23.0,23.0,23.0,0
COPR.CA,Real Estate,2022-01-30 22:00:00,23.0,21.850000381469727,21.850000381469727,23.0,23.0,250
COPR.CA,Real Estate,2022-01-31 22:00:00,23.0,21.850000381469727,21.850000381469727,23.0,23.0,255
COPR.CA,Real Estate,2022-02-01 22:00:00,23.0,23.0,23.0,23.0,23.0,0
COPR.CA,Real Estate,2022-02-02 22:00:00,23.0,23.0,23.0,23.0,23.0,0
COPR.CA,Real Estate,2022-02-05 22:00:00,23.0,23.0,23.0,23.0,23.0,0
COPR.CA,Real Estate,2022-02-06 22:00:00,23.0,23.0,23.0,23.0,23.0,0
COPR.CA,Real Estate,2022-02-07 22:00:00,23.0,23.0,23.0,23.0,23.0,0
COPR.CA,Real Estate,2022-02-08 22:00:00,23.0,21.850000381469727,21.850000381469727,23.0,23.0,1000
COPR.CA,Real Estate,2022-02-09 22:00:00,23.0,23.0,23.0,23.0,23.0,0
COPR.CA,Real Estate,2022-02-12 22:00:00,23.0,23.0,23.0,23.0,23.0,0
COPR.CA,Real Estate,2022-02-13 22:00:00,23.0,23.0,23.0,23.0,23.0,0
COPR.CA,Real Estate,2022-02-14 22:00:00,23.0,23.0,23.0,23.0,23.0,0
COPR.CA,Real Estate,2022-02-15 22:00:00,23.0,21.850000381469727,21.850000381469727,23.0,23.0,10
COPR.CA,Real Estate,2022-02-16 22:00:00,23.0,21.850000381469727,21.850000381469727,23.0,23.0,950
COPR.CA,Real Estate,2022-02-19 22:00:00,23.0,23.0,23.0,23.0,23.0,0
COPR.CA,Real Estate,2022-02-20 22:00:00,23.0,23.0,23.0,23.0,23.0,0
COPR.CA,Real Estate,2022-02-21 22:00:00,23.0,23.0,23.0,23.0,23.0,0
COPR.CA,Real Estate,2022-02-22 22:00:00,23.0,23.0,23.0,23.0,23.0,0
COPR.CA,Real Estate,2022-02-23 22:00:00,23.0,23.0,23.0,23.0,23.0,0
COPR.CA,Real Estate,2022-02-26 22:00:00,23.0,23.0,23.0,23.0,23.0,0
COPR.CA,Real Estate,2022-02-27 22:00:00,23.0,23.0,23.0,23.0,23.0,0
COPR.CA,Real Estate,2022-02-28 22:00:00,23.0,23.0,23.0,23.0,23.0,0
COPR.CA,Real Estate,2022-03-01 22:00:00,23.0,21.850000381469727,21.850000381469727,23.0,23.0,50
COPR.CA,Real Estate,2022-03-02 22:00:00,23.0,23.0,23.0,23.0,23.0,0
COPR.CA,Real Estate,2022-03-05 22:00:00,23.0,23.0,23.0,23.0,23.0,0
COPR.CA,Real Estate,2022-03-06 22:00:00,23.0,23.0,23.0,23.0,23.0,0
COPR.CA,Real Estate,2022-03-07 22:00:00,23.0,23.0,23.0,23.0,23.0,0
COPR.CA,Real Estate,2022-03-08 22:00:00,23.0,23.0,23.0,23.0,23.0,0
COPR.CA,Real Estate,2022-03-09 22:00:00,23.0,23.0,23.0,23.0,23.0,0
COPR.CA,Real Estate,2022-03-12 22:00:00,23.0,23.0,23.0,23.0,23.0,0
COPR.CA,Real Estate,2022-03-13 22:00:00,23.0,23.0,23.0,23.0,23.0,0
COPR.CA,Real Estate,2022-03-14 22:00:00,23.0,23.0,23.0,23.0,23.0,0
COPR.CA,Real Estate,2022-03-15 22:00:00,23.0,23.0,23.0,23.0,23.0,0
COPR.CA,Real Estate,2022-03-16 22:00:00,23.0,23.0,23.0,23.0,23.0,0
COPR.CA,Real Estate,2022-03-19 22:00:00,23.0,23.0,23.0,23.0,23.0,0
COPR.CA,Real Estate,2022-03-20 22:00:00,23.0,23.0,23.0,23.0,23.0,0
COPR.CA,Real Estate,2022-03-21 22:00:00,23.0,23.0,23.0,23.0,23.0,0
COPR.CA,Real Estate,2022-03-22 22:00:00,23.0,23.0,23.0,23.0,23.0,0
COPR.CA,Real Estate,2022-03-23 22:00:00,23.0,23.0,23.0,23.0,23.0,0
COPR.CA,Real Estate,2022-03-26 22:00:00,23.0,23.0,23.0,23.0,23.0,0
COPR.CA,Real Estate,2022-03-27 22:00:00,23.0,23.0,23.0,23.0,23.0,0
COPR.CA,Real Estate,2022-03-28 22:00:00,23.0,23.0,23.0,23.0,23.0,0
COPR.CA,Real Estate,2022-03-29 22:00:00,23.0,23.0,23.0,23.0,23.0,0
COPR.CA,Real Estate,2022-03-30 22:00:00,23.0,23.0,23.0,23.0,23.0,0
COPR.CA,Real Estate,2022-04-02 22:00:00,23.0,23.0,23.0,23.0,23.0,0
COPR.CA,Real Estate,2022-04-03 22:00:00,23.0,21.850000381469727,21.850000381469727,23.0,23.0,4
COPR.CA,Real Estate,2022-04-04 22:00:00,23.0,23.0,23.0,23.0,23.0,0
COPR.CA,Real Estate,2022-04-05 22:00:00,23.0,23.0,23.0,23.0,23.0,0
COPR.CA,Real Estate,2022-04-06 22:00:00,23.0,23.0,23.0,23.0,23.0,0
COPR.CA,Real Estate,2022-04-09 22:00:00,23.0,21.850000381469727,21.850000381469727,23.0,23.0,140
COPR.CA,Real Estate,2022-04-10 22:00:00,23.0,23.0,23.0,23.0,23.0,0
COPR.CA,Real Estate,2022-04-11 22:00:00,23.0,23.0,23.0,23.0,23.0,0
COPR.CA,Real Estate,2022-04-12 22:00:00,23.0,23.0,23.0,23.0,23.0,0
COPR.CA,Real Estate,2022-04-13 22:00:00,23.0,23.0,23.0,23.0,23.0,0
COPR.CA,Real Estate,2022-04-16 22:00:00,23.0,23.0,23.0,23.0,23.0,0
COPR.CA,Real Estate,2022-04-17 22:00:00,23.0,23.0,23.0,23.0,23.0,0
COPR.CA,Real Estate,2022-04-18 22:00:00,23.0,23.0,23.0,23.0,23.0,0
COPR.CA,Real Estate,2022-04-19 22:00:00,23.0,23.0,23.0,23.0,23.0,0
COPR.CA,Real Estate,2022-04-20 22:00:00,23.0,23.0,21.850000381469727,23.0,23.0,3010
COPR.CA,Real Estate,2022-04-25 22:00:00,23.0,23.0,23.0,23.0,23.0,0
COPR.CA,Real Estate,2022-04-26 22:00:00,23.0,23.0,23.0,23.0,23.0,0
COPR.CA,Real Estate,2022-04-27 22:00:00,23.0,23.0,23.0,23.0,23.0,0
COPR.CA,Real Estate,2022-05-07 22:00:00,23.0,23.0,23.0,23.0,23.0,0
COPR.CA,Real Estate,2022-05-08 22:00:00,23.0,23.0,23.0,23.0,23.0,0
COPR.CA,Real Estate,2022-05-09 22:00:00,23.0,23.0,23.0,23.0,23.0,0
COPR.CA,Real Estate,2022-05-10 22:00:00,23.0,23.0,23.0,23.0,23.0,0
COPR.CA,Real Estate,2022-05-11 22:00:00,23.0,23.0,23.0,23.0,23.0,0
COPR.CA,Real Estate,2022-05-14 22:00:00,23.0,23.0,23.0,23.0,23.0,0
COPR.CA,Real Estate,2022-05-15 22:00:00,23.0,23.0,23.0,23.0,23.0,0
COPR.CA,Real Estate,2022-05-16 22:00:00,23.0,23.0,23.0,23.0,23.0,0
COPR.CA,Real Estate,2022-05-17 22:00:00,23.0,23.0,23.0,23.0,23.0,0
COPR.CA,Real Estate,2022-05-18 22:00:00,23.0,23.0,23.0,23.0,23.0,0
COPR.CA,Real Estate,2022-05-21 22:00:00,23.0,23.0,23.0,23.0,23.0,0
COPR.CA,Real Estate,2022-05-22 22:00:00,23.0,23.0,23.0,23.0,23.0,0
COPR.CA,Real Estate,2022-05-23 22:00:00,23.0,23.0,23.0,23.0,23.0,0
COPR.CA,Real Estate,2022-05-24 22:00:00,23.0,23.0,23.0,23.0,23.0,0
COPR.CA,Real Estate,2022-05-25 22:00:00,23.0,23.0,23.0,23.0,23.0,0
COPR.CA,Real Estate,2022-05-28 22:00:00,23.0,23.0,23.0,23.0,23.0,0
COPR.CA,Real Estate,2022-05-29 22:00:00,23.0,23.0,23.0,23.0,23.0,0
COPR.CA,Real Estate,2022-05-30 22:00:00,23.0,21.850000381469727,21.850000381469727,23.0,23.0,3400
COPR.CA,Real Estate,2022-05-31 22:00:00,23.0,23.0,23.0,23.0,23.0,0
COPR.CA,Real Estate,2022-06-01 22:00:00,23.0,23.0,23.0,23.0,23.0,0
COPR.CA,Real Estate,2022-06-04 22:00:00,23.0,23.0,23.0,23.0,23.0,0
COPR.CA,Real Estate,2022-06-05 22:00:00,23.0,23.0,23.0,23.0,23.0,0
COPR.CA,Real Estate,2022-06-06 22:00:00,23.0,23.0,23.0,23.0,23.0,0
COPR.CA,Real Estate,2022-06-07 22:00:00,23.0,23.0,23.0,23.0,23.0,0
COPR.CA,Real Estate,2022-06-08 22:00:00,23.0,23.0,23.0,23.0,23.0,0
COPR.CA,Real Estate,2022-06-11 22:00:00,23.0,23.0,23.0,23.0,23.0,0
COPR.CA,Real Estate,2022-06-12 22:00:00,23.0,23.0,23.0,23.0,23.0,0
COPR.CA,Real Estate,2022-06-13 22:00:00,23.0,23.0,23.0,23.0,23.0,0
COPR.CA,Real Estate,2022-06-14 22:00:00,23.0,23.0,23.0,23.0,23.0,0
COPR.CA,Real Estate,2022-06-15 22:00:00,23.0,23.0,23.0,23.0,23.0,0
COPR.CA,Real Estate,2022-06-18 22:00:00,23.0,23.0,23.0,23.0,23.0,0
COPR.CA,Real Estate,2022-06-19 22:00:00,23.0,23.0,23.0,23.0,23.0,0
COPR.CA,Real Estate,2022-06-20 22:00:00,23.0,23.0,23.0,23.0,23.0,0
COPR.CA,Real Estate,2022-06-21 22:00:00,23.0,23.0,23.0,23.0,23.0,0
COPR.CA,Real Estate,2022-06-22 22:00:00,23.0,23.0,23.0,23.0,23.0,0
COPR.CA,Real Estate,2022-06-25 22:00:00,23.0,23.0,23.0,23.0,23.0,0
COPR.CA,Real Estate,2022-06-26 22:00:00,23.0,23.0,23.0,23.0,23.0,0
COPR.CA,Real Estate,2022-06-27 22:00:00,23.0,23.0,23.0,23.0,23.0,0
COPR.CA,Real Estate,2022-06-28 22:00:00,23.0,23.0,23.0,23.0,23.0,0
COPR.CA,Real Estate,2022-07-02 22:00:00,23.0,23.0,23.0,23.0,23.0,0
COPR.CA,Real Estate,2022-07-03 22:00:00,23.0,23.0,23.0,23.0,23.0,0
COPR.CA,Real Estate,2022-07-04 22:00:00,23.0,23.0,23.0,23.0,23.0,0
COPR.CA,Real Estate,2022-07-05 22:00:00,23.0,23.0,23.0,23.0,23.0,0
COPR.CA,Real Estate,2022-07-06 22:00:00,23.0,23.0,23.0,23.0,23.0,0
COPR.CA,Real Estate,2022-07-16 22:00:00,23.0,23.0,23.0,23.0,23.0,0
COPR.CA,Real Estate,2022-07-17 22:00:00,23.0,23.0,23.0,23.0,23.0,0
COPR.CA,Real Estate,2022-07-18 22:00:00,23.0,23.0,23.0,23.0,23.0,0
COPR.CA,Real Estate,2022-07-19 22:00:00,23.0,23.0,23.0,23.0,23.0,0
COPR.CA,Real Estate,2022-07-20 22:00:00,23.0,23.0,23.0,23.0,23.0,0
COPR.CA,Real Estate,2022-07-23 22:00:00,23.0,23.0,23.0,23.0,23.0,0
COPR.CA,Real Estate,2022-07-24 22:00:00,23.0,23.0,23.0,23.0,23.0,0
COPR.CA,Real Estate,2022-07-25 22:00:00,23.0,23.0,23.0,23.0,23.0,0
COPR.CA,Real Estate,2022-07-26 22:00:00,23.0,23.0,23.0,23.0,23.0,0
COPR.CA,Real Estate,2022-07-27 22:00:00,23.0,23.0,23.0,23.0,23.0,0
COPR.CA,Real Estate,2022-07-30 22:00:00,23.0,23.0,23.0,23.0,23.0,0
COPR.CA,Real Estate,2022-07-31 22:00:00,23.0,23.0,23.0,23.0,23.0,0
COPR.CA,Real Estate,2022-08-01 22:00:00,23.0,23.0,23.0,23.0,23.0,0
COPR.CA,Real Estate,2022-08-02 22:00:00,23.0,23.0,23.0,23.0,23.0,0
COPR.CA,Real Estate,2022-08-03 22:00:00,23.0,23.0,23.0,23.0,23.0,0
COPR.CA,Real Estate,2022-08-06 22:00:00,23.0,23.0,23.0,23.0,23.0,0
COPR.CA,Real Estate,2022-08-07 22:00:00,23.0,23.0,23.0,23.0,23.0,0
COPR.CA,Real Estate,2022-08-08 22:00:00,23.0,23.0,23.0,23.0,23.0,0
COPR.CA,Real Estate,2022-08-09 22:00:00,23.0,23.0,23.0,23.0,23.0,0
COPR.CA,Real Estate,2022-08-10 22:00:00,23.0,23.0,23.0,23.0,23.0,0
COPR.CA,Real Estate,2022-08-13 22:00:00,23.0,23.0,23.0,23.0,23.0,0
COPR.CA,Real Estate,2022-08-14 22:00:00,23.0,23.0,23.0,23.0,23.0,0
COPR.CA,Real Estate,2022-08-15 22:00:00,23.0,21.850000381469727,21.850000381469727,23.0,23.0,963
COPR.CA,Real Estate,2022-08-16 22:00:00,23.0,21.850000381469727,21.850000381469727,23.0,23.0,2
COPR.CA,Real Estate,2022-08-17 22:00:00,23.0,23.0,23.0,23.0,23.0,0
COPR.CA,Real Estate,2022-08-20 22:00:00,23.0,21.850000381469727,21.850000381469727,23.0,23.0,1
COPR.CA,Real Estate,2022-08-21 22:00:00,23.0,23.0,23.0,23.0,23.0,0
COPR.CA,Real Estate,2022-08-22 22:00:00,23.0,23.0,23.0,23.0,23.0,0
COPR.CA,Real Estate,2022-08-23 22:00:00,23.0,21.850000381469727,21.850000381469727,23.0,23.0,251
COPR.CA,Real Estate,2022-08-24 22:00:00,23.0,23.0,23.0,23.0,23.0,0
COPR.CA,Real Estate,2022-08-27 22:00:00,23.0,21.850000381469727,21.850000381469727,23.0,23.0,10
COPR.CA,Real Estate,2022-08-28 22:00:00,23.0,23.0,23.0,23.0,23.0,0
COPR.CA,Real Estate,2022-08-29 22:00:00,23.0,23.0,23.0,23.0,23.0,0
COPR.CA,Real Estate,2022-08-30 22:00:00,23.0,23.0,23.0,23.0,23.0,0
COPR.CA,Real Estate,2022-08-31 22:00:00,23.0,23.0,23.0,23.0,23.0,0
COPR.CA,Real Estate,2022-09-03 22:00:00,23.0,23.0,23.0,23.0,23.0,0
COPR.CA,Real Estate,2022-09-04 22:00:00,23.0,23.0,23.0,23.0,23.0,0
COPR.CA,Real Estate,2022-09-05 22:00:00,23.0,23.0,23.0,23.0,23.0,0
COPR.CA,Real Estate,2022-09-06 22:00:00,23.0,23.0,23.0,23.0,23.0,0
COPR.CA,Real Estate,2022-09-07 22:00:00,23.0,21.850000381469727,21.850000381469727,23.0,23.0,100
COPR.CA,Real Estate,2022-09-10 22:00:00,23.0,23.0,23.0,23.0,23.0,0
COPR.CA,Real Estate,2022-09-11 22:00:00,23.0,23.0,23.0,23.0,23.0,0
COPR.CA,Real Estate,2022-09-12 22:00:00,23.0,23.0,23.0,23.0,23.0,0
COPR.CA,Real Estate,2022-09-13 22:00:00,23.0,23.0,23.0,23.0,23.0,0
COPR.CA,Real Estate,2022-09-14 22:00:00,23.0,23.0,23.0,23.0,23.0,0
COPR.CA,Real Estate,2022-09-17 22:00:00,23.0,23.0,23.0,23.0,23.0,0
COPR.CA,Real Estate,2022-09-18 22:00:00,23.0,23.0,23.0,23.0,23.0,0
COPR.CA,Real Estate,2022-09-19 22:00:00,23.0,23.0,23.0,23.0,23.0,0
COPR.CA,Real Estate,2022-09-20 22:00:00,23.0,23.0,23.0,23.0,23.0,0
COPR.CA,Real Estate,2022-09-21 22:00:00,23.0,23.0,23.0,23.0,23.0,0
COPR.CA,Real Estate,2022-09-24 22:00:00,23.0,23.0,23.0,23.0,23.0,0
COPR.CA,Real Estate,2022-09-25 22:00:00,23.0,23.0,23.0,23.0,23.0,0
COPR.CA,Real Estate,2022-09-26 22:00:00,23.0,23.0,23.0,23.0,23.0,0
COPR.CA,Real Estate,2022-09-27 22:00:00,23.0,23.0,23.0,23.0,23.0,0
COPR.CA,Real Estate,2022-09-28 22:00:00,23.0,23.0,23.0,23.0,23.0,0
COPR.CA,Real Estate,2022-10-01 22:00:00,23.0,23.0,23.0,23.0,23.0,0
COPR.CA,Real Estate,2022-10-02 22:00:00,23.0,23.0,23.0,23.0,23.0,0
COPR.CA,Real Estate,2022-10-03 22:00:00,23.0,23.0,23.0,23.0,23.0,0
COPR.CA,Real Estate,2022-10-04 22:00:00,23.0,23.0,23.0,23.0,23.0,0
COPR.CA,Real Estate,2022-10-08 22:00:00,23.0,23.0,23.0,23.0,23.0,0
COPR.CA,Real Estate,2022-10-09 22:00:00,23.0,23.0,23.0,23.0,23.0,0
COPR.CA,Real Estate,2022-10-10 22:00:00,23.0,23.0,23.0,23.0,23.0,0
COPR.CA,Real Estate,2022-10-11 22:00:00,23.0,23.0,23.0,23.0,23.0,0
COPR.CA,Real Estate,2022-10-12 22:00:00,23.0,23.0,23.0,23.0,23.0,0
COPR.CA,Real Estate,2022-10-15 22:00:00,23.0,23.0,23.0,23.0,23.0,0
COPR.CA,Real Estate,2022-10-16 22:00:00,23.0,21.850000381469727,21.850000381469727,23.0,23.0,2
COPR.CA,Real Estate,2022-10-17 22:00:00,23.0,21.850000381469727,21.850000381469727,23.0,23.0,201
COPR.CA,Real Estate,2022-10-18 22:00:00,23.0,23.0,23.0,23.0,23.0,0
COPR.CA,Real Estate,2022-10-19 22:00:00,23.0,23.0,23.0,23.0,23.0,0
COPR.CA,Real Estate,2022-10-22 22:00:00,23.0,21.850000381469727,21.850000381469727,23.0,23.0,4000
COPR.CA,Real Estate,2022-10-23 22:00:00,23.0,23.0,23.0,23.0,23.0,0
COPR.CA,Real Estate,2022-10-24 22:00:00,23.0,23.0,23.0,23.0,23.0,0
COPR.CA,Real Estate,2022-10-25 22:00:00,23.0,23.0,23.0,23.0,23.0,0
COPR.CA,Real Estate,2022-10-26 22:00:00,23.0,23.0,23.0,23.0,23.0,0
COPR.CA,Real Estate,2022-10-29 22:00:00,23.0,23.0,23.0,23.0,23.0,0
COPR.CA,Real Estate,2022-10-30 22:00:00,23.0,21.850000381469727,21.850000381469727,23.0,23.0,64
COPR.CA,Real Estate,2022-10-31 22:00:00,23.0,23.0,23.0,23.0,23.0,0
COPR.CA,Real Estate,2022-11-01 22:00:00,23.0,23.0,23.0,23.0,23.0,0
COPR.CA,Real Estate,2022-11-02 22:00:00,23.0,23.0,23.0,23.0,23.0,0
COPR.CA,Real Estate,2022-11-05 22:00:00,23.0,23.0,23.0,23.0,23.0,0
COPR.CA,Real Estate,2022-11-06 22:00:00,23.0,23.0,23.0,23.0,23.0,0
COPR.CA,Real Estate,2022-11-07 22:00:00,23.0,23.0,23.0,23.0,23.0,0
COPR.CA,Real Estate,2022-11-08 22:00:00,23.0,23.0,23.0,23.0,23.0,0
COPR.CA,Real Estate,2022-11-09 22:00:00,23.0,14.949999809265137,14.949999809265137,14.949999809265137,14.949999809265137,187864
COPR.CA,Real Estate,2022-11-12 22:00:00,14.949999809265137,17.940000534057617,15.600000381469727,16.959999084472656,16.959999084472656,56583
COPR.CA,Real Estate,2022-11-13 22:00:00,16.959999084472656,19.850000381469727,17.5,18.25,18.25,24433
COPR.CA,Real Estate,2022-11-14 22:00:00,18.25,21.899999618530273,18.5,21.899999618530273,21.899999618530273,67069
COPR.CA,Real Estate,2022-11-15 22:00:00,21.899999618530273,25.0,23.510000228881836,24.700000762939453,24.700000762939453,28259
COPR.CA,Real Estate,2022-11-16 22:00:00,24.700000762939453,28.0,24.219999313354492,27.209999084472656,27.209999084472656,50765
COPR.CA,Real Estate,2022-11-19 22:00:00,27.209999084472656,32.650001525878906,28.040000915527344,32.61000061035156,32.61000061035156,66707
COPR.CA,Real Estate,2022-11-20 22:00:00,32.61000061035156,34.02000045776367,26.5,28.389999389648438,28.389999389648438,83294
COPR.CA,Real Estate,2022-11-21 22:00:00,28.389999389648438,29.5,25.030000686645508,27.43000030517578,27.43000030517578,41043
COPR.CA,Real Estate,2022-11-22 22:00:00,27.43000030517578,29.5,25.059999465942383,26.1200008392334,26.1200008392334,68309
COPR.CA,Real Estate,2022-11-23 22:00:00,26.1200008392334,27.389999389648438,24.030000686645508,26.81999969482422,26.81999969482422,64549
COPR.CA,Real Estate,2022-11-26 22:00:00,26.81999969482422,27.0,25.649999618530273,25.950000762939453,25.950000762939453,33059
COPR.CA,Real Estate,2022-11-27 22:00:00,25.950000762939453,26.790000915527344,24.649999618530273,25.450000762939453,25.450000762939453,21143
COPR.CA,Real Estate,2022-11-28 22:00:00,25.450000762939453,25.020000457763672,24.010000228881836,24.270000457763672,24.270000457763672,22570
COPR.CA,Real Estate,2022-11-29 22:00:00,24.270000457763672,24.200000762939453,23.110000610351562,23.299999237060547,23.299999237060547,17277
COPR.CA,Real Estate,2022-11-30 22:00:00,23.299999237060547,27.959999084472656,24.0,27.950000762939453,27.950000762939453,70412
COPR.CA,Real Estate,2022-12-03 22:00:00,27.950000762939453,29.299999237060547,26.200000762939453,26.719999313354492,26.719999313354492,44810
COPR.CA,Real Estate,2022-12-04 22:00:00,26.719999313354492,26.510000228881836,24.0,25.139999389648438,25.139999389648438,76693
COPR.CA,Real Estate,2022-12-05 22:00:00,25.139999389648438,25.950000762939453,23.6200008392334,24.530000686645508,24.530000686645508,23840
COPR.CA,Real Estate,2022-12-06 22:00:00,24.530000686645508,25.149999618530273,23.81999969482422,24.059999465942383,24.059999465942383,19343
COPR.CA,Real Estate,2022-12-07 22:00:00,24.059999465942383,25.0,23.200000762939453,23.739999771118164,23.739999771118164,39591
COPR.CA,Real Estate,2022-12-10 22:00:00,23.739999771118164,24.0,22.899999618530273,23.739999771118164,23.739999771118164,5440
COPR.CA,Real Estate,2022-12-11 22:00:00,23.739999771118164,25.670000076293945,23.200000762939453,25.530000686645508,25.530000686645508,20046
COPR.CA,Real Estate,2022-12-12 22:00:00,25.530000686645508,25.59000015258789,24.239999771118164,25.219999313354492,25.219999313354492,12668
COPR.CA,Real Estate,2022-12-13 22:00:00,25.219999313354492,25.5,24.399999618530273,25.219999313354492,25.219999313354492,9949
COPR.CA,Real Estate,2022-12-14 22:00:00,25.219999313354492,25.5,23.5,24.100000381469727,24.100000381469727,36758
COPR.CA,Real Estate,2022-12-17 22:00:00,24.100000381469727,25.450000762939453,23.600000381469727,24.100000381469727,24.100000381469727,4224
COPR.CA,Real Estate,2022-12-18 22:00:00,24.100000381469727,25.3799991607666,23.75,24.5,24.5,13909
COPR.CA,Real Estate,2022-12-19 22:00:00,24.5,26.520000457763672,24.020000457763672,26.15999984741211,26.15999984741211,34172
COPR.CA,Real Estate,2022-12-20 22:00:00,26.15999984741211,26.15999984741211,25.0,25.0,25.0,18556
COPR.CA,Real Estate,2022-12-21 22:00:00,25.0,25.600000381469727,23.809999465942383,25.0,25.0,8898
COPR.CA,Real Estate,2022-12-24 22:00:00,25.0,25.0,23.989999771118164,25.0,25.0,4135
COPR.CA,Real Estate,2022-12-25 22:00:00,25.0,25.0,23.600000381469727,25.0,25.0,2205
COPR.CA,Real Estate,2022-12-26 22:00:00,25.0,25.469999313354492,24.110000610351562,25.0,25.0,7896
COPR.CA,Real Estate,2022-12-27 22:00:00,25.0,24.989999771118164,24.010000228881836,25.0,25.0,848
COPR.CA,Real Estate,2022-12-28 22:00:00,25.0,26.0,23.75,25.5,25.5,16376
COPR.CA,Real Estate,2023-01-01 22:00:00,25.5,26.0,25.100000381469727,25.5,25.5,11702
COPR.CA,Real Estate,2023-01-02 22:00:00,25.5,28.25,25.84000015258789,27.809999465942383,27.809999465942383,50309
COPR.CA,Real Estate,2023-01-03 22:00:00,27.809999465942383,29.8799991607666,27.0,28.0,28.0,52593
COPR.CA,Real Estate,2023-01-04 22:00:00,28.0,27.899999618530273,27.0,27.0,27.0,23174
COPR.CA,Real Estate,2023-01-08 22:00:00,27.0,27.989999771118164,26.0,26.030000686645508,26.030000686645508,21002
COPR.CA,Real Estate,2023-01-09 22:00:00,26.030000686645508,26.0,26.0,26.030000686645508,26.030000686645508,4474
COPR.CA,Real Estate,2023-01-10 22:00:00,26.030000686645508,26.389999389648438,25.0,25.0,25.0,14155
COPR.CA,Real Estate,2023-01-11 22:00:00,25.0,25.0,23.5,25.0,25.0,12205
COPR.CA,Real Estate,2023-01-14 22:00:00,25.0,25.989999771118164,24.0,25.0,25.0,7383
COPR.CA,Real Estate,2023-01-15 22:00:00,25.0,26.0,24.5,25.0,25.0,4373
COPR.CA,Real Estate,2023-01-16 22:00:00,25.0,26.899999618530273,24.75,26.709999084472656,26.709999084472656,11672
COPR.CA,Real Estate,2023-01-17 22:00:00,26.709999084472656,28.5,25.1200008392334,28.459999084472656,28.459999084472656,13564
COPR.CA,Real Estate,2023-01-18 22:00:00,28.459999084472656,28.549999237060547,26.6200008392334,28.459999084472656,28.459999084472656,12159
COPR.CA,Real Estate,2023-01-21 22:00:00,28.459999084472656,28.790000915527344,26.709999084472656,28.299999237060547,28.299999237060547,39166
COPR.CA,Real Estate,2023-01-22 22:00:00,28.299999237060547,28.760000228881836,27.149999618530273,28.3700008392334,28.3700008392334,19739
COPR.CA,Real Estate,2023-01-23 22:00:00,28.3700008392334,27.530000686645508,27.059999465942383,28.3700008392334,28.3700008392334,6628
COPR.CA,Real Estate,2023-01-24 22:00:00,28.3700008392334,28.280000686645508,26.799999237060547,28.3700008392334,28.3700008392334,80
COPR.CA,Real Estate,2023-01-28 22:00:00,28.3700008392334,28.3700008392334,26.219999313354492,28.3700008392334,28.3700008392334,1017
COPR.CA,Real Estate,2023-01-29 22:00:00,28.3700008392334,28.989999771118164,26.809999465942383,27.43000030517578,27.43000030517578,33770
COPR.CA,Real Estate,2023-01-30 22:00:00,27.43000030517578,26.600000381469727,26.420000076293945,27.43000030517578,27.43000030517578,418
COPR.CA,Real Estate,2023-01-31 22:00:00,27.43000030517578,27.0,26.420000076293945,27.43000030517578,27.43000030517578,2500
COPR.CA,Real Estate,2023-02-01 22:00:00,27.43000030517578,27.43000030517578,25.799999237060547,27.43000030517578,27.43000030517578,8003
COPR.CA,Real Estate,2023-02-04 22:00:00,27.43000030517578,26.0,25.0,27.43000030517578,27.43000030517578,1850
COPR.CA,Real Estate,2023-02-05 22:00:00,27.43000030517578,25.1200008392334,25.0,27.43000030517578,27.43000030517578,2500
COPR.CA,Real Estate,2023-02-06 22:00:00,27.43000030517578,25.989999771118164,24.149999618530273,27.43000030517578,27.43000030517578,2161
COPR.CA,Real Estate,2023-02-07 22:00:00,27.43000030517578,26.0,24.0,27.43000030517578,27.43000030517578,7601
COPR.CA,Real Estate,2023-02-08 22:00:00,27.43000030517578,27.43000030517578,27.43000030517578,27.43000030517578,27.43000030517578,0
COPR.CA,Real Estate,2023-02-11 22:00:00,27.43000030517578,26.0,25.350000381469727,27.43000030517578,27.43000030517578,5901
COPR.CA,Real Estate,2023-02-12 22:00:00,27.43000030517578,26.350000381469727,24.440000534057617,27.43000030517578,27.43000030517578,9699
COPR.CA,Real Estate,2023-02-13 22:00:00,27.43000030517578,26.399999618530273,24.799999237060547,27.43000030517578,27.43000030517578,8442
COPR.CA,Real Estate,2023-02-14 22:00:00,27.43000030517578,25.510000228881836,25.200000762939453,27.43000030517578,27.43000030517578,880
COPR.CA,Real Estate,2023-02-15 22:00:00,27.43000030517578,26.0,25.200000762939453,25.579999923706055,25.579999923706055,14865
COPR.CA,Real Estate,2023-02-18 22:00:00,25.579999923706055,26.0,25.1299991607666,25.579999923706055,25.579999923706055,1430
COPR.CA,Real Estate,2023-02-19 22:00:00,25.579999923706055,25.979999542236328,24.149999618530273,25.579999923706055,25.579999923706055,4825
COPR.CA,Real Estate,2023-02-20 22:00:00,25.579999923706055,25.579999923706055,25.579999923706055,25.579999923706055,25.579999923706055,0
COPR.CA,Real Estate,2023-02-21 22:00:00,25.579999923706055,25.93000030517578,24.5,25.579999923706055,25.579999923706055,3500
COPR.CA,Real Estate,2023-02-22 22:00:00,25.579999923706055,30.690000534057617,25.899999618530273,27.0,27.0,30905
COPR.CA,Real Estate,2023-02-25 22:00:00,27.0,26.700000762939453,25.020000457763672,25.559999465942383,25.559999465942383,29165
COPR.CA,Real Estate,2023-02-26 22:00:00,25.559999465942383,25.209999084472656,25.100000381469727,25.559999465942383,25.559999465942383,4850
COPR.CA,Real Estate,2023-02-27 22:00:00,25.559999465942383,25.5,24.010000228881836,25.559999465942383,25.559999465942383,5936
COPR.CA,Real Estate,2023-02-28 22:00:00,25.559999465942383,26.8799991607666,23.510000228881836,25.559999465942383,25.559999465942383,3607
COPR.CA,Real Estate,2023-03-01 22:00:00,25.559999465942383,26.68000030517578,23.56999969482422,25.0,25.0,24571
COPR.CA,Real Estate,2023-03-04 22:00:00,25.0,26.3700008392334,23.709999084472656,25.0,25.0,1536
COPR.CA,Real Estate,2023-03-05 22:00:00,25.0,25.0,24.65999984741211,25.0,25.0,1160
COPR.CA,Real Estate,2023-03-06 22:00:00,25.0,25.020000457763672,24.649999618530273,25.0,25.0,952
COPR.CA,Real Estate,2023-03-07 22:00:00,25.0,24.979999542236328,24.0,25.0,25.0,1457
COPR.CA,Real Estate,2023-03-08 22:00:00,25.0,25.0,23.700000762939453,25.0,25.0,5645
COPR.CA,Real Estate,2023-03-11 22:00:00,25.0,24.520000457763672,23.510000228881836,25.0,25.0,2154
COPR.CA,Real Estate,2023-03-12 22:00:00,25.0,23.520000457763672,23.399999618530273,25.0,25.0,3632
COPR.CA,Real Estate,2023-03-13 22:00:00,25.0,23.729999542236328,20.5,25.0,25.0,686
COPR.CA,Real Estate,2023-03-14 22:00:00,25.0,22.520000457763672,20.0,25.0,25.0,5292
COPR.CA,Real Estate,2023-03-15 22:00:00,25.0,23.600000381469727,20.0,25.0,25.0,3215
COPR.CA,Real Estate,2023-03-18 22:00:00,25.0,22.68000030517578,20.049999237060547,25.0,25.0,1905
COPR.CA,Real Estate,2023-03-19 22:00:00,25.0,20.209999084472656,20.209999084472656,25.0,25.0,100
COPR.CA,Real Estate,2023-03-20 22:00:00,25.0,22.8700008392334,20.5,25.0,25.0,1523
COPR.CA,Real Estate,2023-03-21 22:00:00,25.0,22.299999237060547,20.010000228881836,25.0,25.0,1585
COPR.CA,Real Estate,2023-03-22 22:00:00,25.0,25.0,25.0,25.0,25.0,0
COPR.CA,Real Estate,2023-03-25 22:00:00,25.0,23.0,20.690000534057617,25.0,25.0,588
COPR.CA,Real Estate,2023-03-26 22:00:00,25.0,22.299999237060547,20.690000534057617,25.0,25.0,1680
COPR.CA,Real Estate,2023-03-27 22:00:00,25.0,22.0,21.030000686645508,25.0,25.0,1062
COPR.CA,Real Estate,2023-03-28 22:00:00,25.0,22.0,21.950000762939453,25.0,25.0,700
COPR.CA,Real Estate,2023-03-29 22:00:00,25.0,22.190000534057617,21.0,25.0,25.0,403
COPR.CA,Real Estate,2023-04-01 22:00:00,25.0,22.489999771118164,20.510000228881836,25.0,25.0,165
COPR.CA,Real Estate,2023-04-02 22:00:00,25.0,22.389999389648438,20.200000762939453,25.0,25.0,320
COPR.CA,Real Estate,2023-04-03 22:00:00,25.0,22.3700008392334,20.0,25.0,25.0,5648
COPR.CA,Real Estate,2023-04-04 22:00:00,25.0,22.399999618530273,21.059999465942383,25.0,25.0,2615
COPR.CA,Real Estate,2023-04-05 22:00:00,25.0,22.030000686645508,21.56999969482422,25.0,25.0,2227
COPR.CA,Real Estate,2023-04-08 22:00:00,25.0,23.950000762939453,20.100000381469727,25.0,25.0,1808
COPR.CA,Real Estate,2023-04-09 22:00:00,25.0,25.0,25.0,25.0,25.0,0
COPR.CA,Real Estate,2023-04-10 22:00:00,25.0,22.0,20.100000381469727,25.0,25.0,391
COPR.CA,Real Estate,2023-04-11 22:00:00,25.0,21.959999084472656,20.200000762939453,25.0,25.0,1228
COPR.CA,Real Estate,2023-04-12 22:00:00,25.0,22.5,20.0,25.0,25.0,2663
COPR.CA,Real Estate,2023-04-17 22:00:00,25.0,23.0,20.040000915527344,25.0,25.0,1584
COPR.CA,Real Estate,2023-04-18 22:00:00,25.0,25.0,20.5,22.059999465942383,22.059999465942383,1150816
COPR.CA,Real Estate,2023-04-25 22:00:00,22.059999465942383,24.799999237060547,21.100000381469727,22.059999465942383,22.059999465942383,351
COPR.CA,Real Estate,2023-04-26 22:00:00,22.059999465942383,23.469999313354492,21.0,22.059999465942383,22.059999465942383,1416
COPR.CA,Real Estate,2023-04-29 21:00:00,22.059999465942383,23.100000381469727,20.0,22.059999465942383,22.059999465942383,5308
COPR.CA,Real Estate,2023-04-30 21:00:00,22.059999465942383,22.059999465942383,22.059999465942383,22.059999465942383,22.059999465942383,0
COPR.CA,Real Estate,2023-05-01 21:00:00,22.059999465942383,22.100000381469727,19.0,19.84000015258789,19.84000015258789,15632
COPR.CA,Real Estate,2023-05-02 21:00:00,19.84000015258789,20.989999771118164,19.799999237060547,19.84000015258789,19.84000015258789,578
COPR.CA,Real Estate,2023-05-06 21:00:00,19.84000015258789,20.5,19.81999969482422,19.84000015258789,19.84000015258789,91
COPR.CA,Real Estate,2023-05-07 21:00:00,19.84000015258789,20.020000457763672,19.0,19.84000015258789,19.84000015258789,6345
COPR.CA,Real Estate,2023-05-08 21:00:00,19.84000015258789,22.5,18.989999771118164,19.360000610351562,19.360000610351562,25751
COPR.CA,Real Estate,2023-05-09 21:00:00,19.360000610351562,19.899999618530273,17.100000381469727,19.360000610351562,19.360000610351562,9644
COPR.CA,Real Estate,2023-05-10 21:00:00,19.360000610351562,19.540000915527344,17.0,17.399999618530273,17.399999618530273,17300
COPR.CA,Real Estate,2023-05-13 21:00:00,17.399999618530273,18.010000228881836,17.5,17.399999618530273,17.399999618530273,5450
COPR.CA,Real Estate,2023-05-14 21:00:00,17.399999618530273,19.450000762939453,17.979999542236328,18.3799991607666,18.3799991607666,21562
COPR.CA,Real Estate,2023-05-15 21:00:00,18.3799991607666,19.5,18.3799991607666,18.3799991607666,18.3799991607666,12102
COPR.CA,Real Estate,2023-05-16 21:00:00,18.3799991607666,18.43000030517578,18.0,18.350000381469727,18.350000381469727,31241
COPR.CA,Real Estate,2023-05-17 21:00:00,18.350000381469727,18.0,17.110000610351562,18.350000381469727,18.350000381469727,2645
COPR.CA,Real Estate,2023-05-20 21:00:00,18.350000381469727,18.989999771118164,17.969999313354492,18.350000381469727,18.350000381469727,11427
COPR.CA,Real Estate,2023-05-21 21:00:00,18.350000381469727,17.5,16.06999969482422,18.350000381469727,18.350000381469727,9640
COPR.CA,Real Estate,2023-05-22 21:00:00,18.350000381469727,17.8799991607666,17.0,18.350000381469727,18.350000381469727,14171
COPR.CA,Real Estate,2023-05-23 21:00:00,18.350000381469727,17.8700008392334,17.0,17.0,17.0,23729
COPR.CA,Real Estate,2023-05-24 21:00:00,17.0,17.0,13.609999656677246,17.0,17.0,8679
COPR.CA,Real Estate,2023-05-27 21:00:00,17.0,16.969999313354492,16.0,17.0,17.0,2595
COPR.CA,Real Estate,2023-05-28 21:00:00,17.0,17.75,16.149999618530273,17.0,17.0,3372
COPR.CA,Real Estate,2023-05-29 21:00:00,17.0,17.709999084472656,16.899999618530273,17.0,17.0,2592
COPR.CA,Real Estate,2023-05-30 21:00:00,17.0,17.049999237060547,17.0,17.0,17.0,4934
COPR.CA,Real Estate,2023-05-31 21:00:00,17.0,17.5,16.6200008392334,17.0,17.0,2361
COPR.CA,Real Estate,2023-06-03 21:00:00,17.0,17.489999771118164,16.0,17.0,17.0,8754
COPR.CA,Real Estate,2023-06-04 21:00:00,17.0,17.68000030517578,16.700000762939453,17.0,17.0,5859
COPR.CA,Real Estate,2023-06-05 21:00:00,17.0,18.0,17.0,17.0,17.0,11473
COPR.CA,Real Estate,2023-06-06 21:00:00,17.0,18.40999984741211,17.200000762939453,17.0,17.0,3654
COPR.CA,Real Estate,2023-06-07 21:00:00,17.0,18.329999923706055,16.719999313354492,17.0,17.0,5213
COPR.CA,Real Estate,2023-06-10 21:00:00,17.0,18.399999618530273,17.0,17.56999969482422,17.56999969482422,67502
COPR.CA,Real Estate,2023-06-11 21:00:00,17.56999969482422,18.290000915527344,16.799999237060547,17.610000610351562,17.610000610351562,43020
COPR.CA,Real Estate,2023-06-12 21:00:00,17.610000610351562,17.5,16.299999237060547,16.729999542236328,16.729999542236328,28867
COPR.CA,Real Estate,2023-06-13 21:00:00,16.729999542236328,17.799999237060547,14.8100004196167,16.809999465942383,16.809999465942383,22136
COPR.CA,Real Estate,2023-06-14 21:00:00,16.809999465942383,17.0,16.0,16.149999618530273,16.149999618530273,31177
COPR.CA,Real Estate,2023-06-17 21:00:00,16.149999618530273,16.610000610351562,15.0,16.149999618530273,16.149999618530273,12257
COPR.CA,Real Estate,2023-06-18 21:00:00,16.149999618530273,16.899999618530273,15.430000305175781,16.149999618530273,16.149999618530273,5115
COPR.CA,Real Estate,2023-06-19 21:00:00,16.149999618530273,19.3799991607666,19.360000610351562,19.3799991607666,19.3799991607666,239116
COPR.CA,Real Estate,2023-06-20 21:00:00,19.3799991607666,23.25,23.25,23.25,23.25,13861
COPR.CA,Real Estate,2023-06-21 21:00:00,23.25,27.899999618530273,27.899999618530273,27.899999618530273,27.899999618530273,84831
COPR.CA,Real Estate,2023-06-24 21:00:00,27.899999618530273,33.47999954223633,32.209999084472656,33.47999954223633,33.47999954223633,350967
COPR.CA,Real Estate,2023-06-25 21:00:00,33.47999954223633,40.16999816894531,33.5,40.16999816894531,40.16999816894531,408319
COPR.CA,Real Estate,2023-07-03 21:00:00,40.16999816894531,48.20000076293945,39.0099983215332,40.93000030517578,40.93000030517578,719630
COPR.CA,Real Estate,2023-07-04 21:00:00,0.6079999804496765,0.7300000190734863,0.7300000190734863,0.6100000143051147,0.6100000143051147,23727
COPR.CA,Real Estate,2023-07-05 21:00:00,0.6100000143051147,0.7300000190734863,0.7300000190734863,0.6100000143051147,0.6100000143051147,428594
COPR.CA,Real Estate,2023-07-08 21:00:00,0.6100000143051147,0.7319999933242798,0.7319999933242798,0.6100000143051147,0.6100000143051147,591731
COPR.CA,Real Estate,2023-07-09 21:00:00,0.6100000143051147,0.7319999933242798,0.7319999933242798,0.6100000143051147,0.6100000143051147,141644
COPR.CA,Real Estate,2023-07-10 21:00:00,0.6100000143051147,0.7319999933242798,0.7319999933242798,0.6100000143051147,0.6100000143051147,147525
COPR.CA,Real Estate,2023-07-11 21:00:00,0.6100000143051147,0.7319999933242798,0.7319999933242798,0.6100000143051147,0.6100000143051147,167890
COPR.CA,Real Estate,2023-07-12 21:00:00,0.6100000143051147,0.7319999933242798,0.7319999933242798,0.6100000143051147,0.6100000143051147,156884
COPR.CA,Real Estate,2023-07-15 21:00:00,0.6100000143051147,0.7319999933242798,0.7319999933242798,0.6100000143051147,0.6100000143051147,91221
COPR.CA,Real Estate,2023-07-16 21:00:00,0.6100000143051147,0.7319999933242798,0.7319999933242798,0.6100000143051147,0.6100000143051147,2621
COPR.CA,Real Estate,2023-07-17 21:00:00,0.6100000143051147,0.7319999933242798,0.7319999933242798,0.6100000143051147,0.6100000143051147,285712
COPR.CA,Real Estate,2023-07-18 21:00:00,0.6100000143051147,0.6100000143051147,0.6100000143051147,0.6100000143051147,0.6100000143051147,0
COPR.CA,Real Estate,2023-07-23 21:00:00,0.6100000143051147,0.7319999933242798,0.7319999933242798,0.6100000143051147,0.6100000143051147,32698
COPR.CA,Real Estate,2023-07-24 21:00:00,0.6100000143051147,0.7319999933242798,0.7319999933242798,0.6100000143051147,0.6100000143051147,103350
COPR.CA,Real Estate,2023-07-25 21:00:00,0.6100000143051147,0.7319999933242798,0.7319999933242798,0.6100000143051147,0.6100000143051147,56461
COPR.CA,Real Estate,2023-07-26 21:00:00,0.6100000143051147,0.7319999933242798,0.7319999933242798,0.6100000143051147,0.6100000143051147,106760
COPR.CA,Real Estate,2023-07-29 21:00:00,0.6100000143051147,0.7319999933242798,0.7319999933242798,0.6100000143051147,0.6100000143051147,6015
COPR.CA,Real Estate,2023-07-30 21:00:00,0.6100000143051147,0.7319999933242798,0.7319999933242798,0.6100000143051147,0.6100000143051147,94520
COPR.CA,Real Estate,2023-07-31 21:00:00,0.6100000143051147,0.7319999933242798,0.7319999933242798,0.6100000143051147,0.6100000143051147,6864
COPR.CA,Real Estate,2023-08-01 21:00:00,0.6100000143051147,0.7319999933242798,0.7319999933242798,0.6100000143051147,0.6100000143051147,3996
COPR.CA,Real Estate,2023-08-02 21:00:00,0.6100000143051147,0.7319999933242798,0.7319999933242798,0.6100000143051147,0.6100000143051147,2220
COPR.CA,Real Estate,2023-08-05 21:00:00,0.6100000143051147,0.7319999933242798,0.7319999933242798,0.6100000143051147,0.6100000143051147,90911
COPR.CA,Real Estate,2023-08-06 21:00:00,0.6100000143051147,0.7319999933242798,0.7319999933242798,0.6100000143051147,0.6100000143051147,126472
COPR.CA,Real Estate,2023-08-07 21:00:00,0.6100000143051147,0.7319999933242798,0.7319999933242798,0.6100000143051147,0.6100000143051147,117400
COPR.CA,Real Estate,2023-08-08 21:00:00,0.6100000143051147,0.7319999933242798,0.7319999933242798,0.6100000143051147,0.6100000143051147,1730
COPR.CA,Real Estate,2023-08-09 21:00:00,0.6100000143051147,0.7319999933242798,0.7319999933242798,0.6100000143051147,0.6100000143051147,20021
COPR.CA,Real Estate,2023-08-12 21:00:00,0.6100000143051147,0.7319999933242798,0.7319999933242798,0.6100000143051147,0.6100000143051147,300
COPR.CA,Real Estate,2023-08-13 21:00:00,0.6100000143051147,0.7319999933242798,0.7319999933242798,0.6100000143051147,0.6100000143051147,25001
COPR.CA,Real Estate,2023-08-14 21:00:00,0.6100000143051147,0.7319999933242798,0.7319999933242798,0.6100000143051147,0.6100000143051147,103797
COPR.CA,Real Estate,2023-08-15 21:00:00,0.6100000143051147,0.7319999933242798,0.7319999933242798,0.6100000143051147,0.6100000143051147,274
COPR.CA,Real Estate,2023-08-16 21:00:00,0.6100000143051147,0.7319999933242798,0.7319999933242798,0.6100000143051147,0.6100000143051147,2750
COPR.CA,Real Estate,2023-08-19 21:00:00,0.6100000143051147,0.7319999933242798,0.7319999933242798,0.6100000143051147,0.6100000143051147,251070
COPR.CA,Real Estate,2023-08-20 21:00:00,0.6100000143051147,0.7319999933242798,0.7319999933242798,0.6100000143051147,0.6100000143051147,1290
COPR.CA,Real Estate,2023-08-21 21:00:00,0.6100000143051147,0.7319999933242798,0.7319999933242798,0.6100000143051147,0.6100000143051147,3
COPR.CA,Real Estate,2023-08-22 21:00:00,0.6100000143051147,0.7319999933242798,0.7319999933242798,0.6100000143051147,0.6100000143051147,785
COPR.CA,Real Estate,2023-08-23 21:00:00,0.6100000143051147,0.7319999933242798,0.7319999933242798,0.6100000143051147,0.6100000143051147,10948
COPR.CA,Real Estate,2023-08-26 21:00:00,0.6100000143051147,0.7319999933242798,0.7319999933242798,0.6100000143051147,0.6100000143051147,7056
COPR.CA,Real Estate,2023-08-27 21:00:00,0.6100000143051147,0.7319999933242798,0.7319999933242798,0.6100000143051147,0.6100000143051147,315
COPR.CA,Real Estate,2023-08-28 21:00:00,0.6100000143051147,0.7319999933242798,0.7319999933242798,0.7319999933242798,0.7319999933242798,412250
COPR.CA,Real Estate,2023-08-29 21:00:00,0.7319999933242798,0.878000020980835,0.878000020980835,0.7319999933242798,0.7319999933242798,10549
COPR.CA,Real Estate,2023-08-30 21:00:00,0.7319999933242798,0.7319999933242798,0.7319999933242798,0.7319999933242798,0.7319999933242798,0
COPR.CA,Real Estate,2023-09-02 21:00:00,0.7319999933242798,0.878000020980835,0.878000020980835,0.7319999933242798,0.7319999933242798,102955
COPR.CA,Real Estate,2023-09-03 21:00:00,0.7319999933242798,0.7319999933242798,0.7319999933242798,0.7319999933242798,0.7319999933242798,0
COPR.CA,Real Estate,2023-09-04 21:00:00,0.7319999933242798,0.878000020980835,0.878000020980835,0.7319999933242798,0.7319999933242798,59000
COPR.CA,Real Estate,2023-09-05 21:00:00,0.7319999933242798,0.878000020980835,0.878000020980835,0.7319999933242798,0.7319999933242798,397481
COPR.CA,Real Estate,2023-09-06 21:00:00,0.7319999933242798,0.878000020980835,0.800000011920929,0.878000020980835,0.878000020980835,1709764
COPR.CA,Real Estate,2023-09-09 21:00:00,0.878000020980835,0.878000020980835,0.878000020980835,0.878000020980835,0.878000020980835,0
COPR.CA,Real Estate,2023-09-10 21:00:00,0.703000009059906,0.5630000233650208,0.5630000233650208,0.5630000233650208,0.5630000233650208,2129751
COPR.CA,Real Estate,2023-09-11 21:00:00,0.5630000233650208,0.6299999952316284,0.5400000214576721,0.5590000152587891,0.5590000152587891,62605359
COPR.CA,Real Estate,2023-09-12 21:00:00,0.5590000152587891,0.5580000281333923,0.492000013589859,0.5,0.5,40149977
COPR.CA,Real Estate,2023-09-13 21:00:00,0.5,0.5189999938011169,0.4729999899864197,0.5170000195503235,0.5170000195503235,32042473
COPR.CA,Real Estate,2023-09-16 21:00:00,0.5170000195503235,0.5139999985694885,0.48399999737739563,0.4860000014305115,0.4860000014305115,39405636
COPR.CA,Real Estate,2023-09-17 21:00:00,0.4860000014305115,0.4869999885559082,0.453000009059906,0.4699999988079071,0.4699999988079071,32987373
COPR.CA,Real Estate,2023-09-18 21:00:00,0.4699999988079071,0.4729999899864197,0.44699999690055847,0.45500001311302185,0.45500001311302185,25855725
COPR.CA,Real Estate,2023-09-19 21:00:00,0.45500001311302185,0.45500001311302185,0.45500001311302185,0.45500001311302185,0.45500001311302185,0
COPR.CA,Real Estate,2023-09-20 21:00:00,0.45500001311302185,0.45500001311302185,0.45500001311302185,0.45500001311302185,0.45500001311302185,0
COPR.CA,Real Estate,2023-09-23 21:00:00,0.45500001311302185,0.45500001311302185,0.45500001311302185,0.45500001311302185,0.45500001311302185,0
COPR.CA,Real Estate,2023-09-24 21:00:00,0.4009999930858612,0.41600000858306885,0.38499999046325684,0.41100001335144043,0.41100001335144043,16446190
COPR.CA,Real Estate,2023-09-25 21:00:00,0.41100001335144043,0.41999998688697815,0.39399999380111694,0.3959999978542328,0.3959999978542328,14239365
COPR.CA,Real Estate,2023-09-26 21:00:00,0.3959999978542328,0.3959999978542328,0.3959999978542328,0.3959999978542328,0.3959999978542328,0
COPR.CA,Real Estate,2023-09-30 21:00:00,0.3959999978542328,0.3959999978542328,0.3959999978542328,0.3959999978542328,0.3959999978542328,0
COPR.CA,Real Estate,2023-10-01 21:00:00,0.375,0.3779999911785126,0.3499999940395355,0.3529999852180481,0.3529999852180481,10384815
COPR.CA,Real Estate,2023-10-02 21:00:00,0.3529999852180481,0.3569999933242798,0.34299999475479126,0.3490000069141388,0.3490000069141388,4182680
COPR.CA,Real Estate,2023-10-03 21:00:00,0.3490000069141388,0.39500001072883606,0.3409999907016754,0.38499999046325684,0.38499999046325684,13965024
COPR.CA,Real Estate,2023-10-07 21:00:00,0.38499999046325684,0.39500001072883606,0.3569999933242798,0.367000013589859,0.367000013589859,14186182
COPR.CA,Real Estate,2023-10-08 21:00:00,0.367000013589859,0.3840000033378601,0.3580000102519989,0.37700000405311584,0.37700000405311584,8618786
COPR.CA,Real Estate,2023-10-09 21:00:00,0.37700000405311584,0.375,0.36500000953674316,0.36899998784065247,0.36899998784065247,6537943
COPR.CA,Real Estate,2023-10-10 21:00:00,0.36899998784065247,0.37299999594688416,0.3630000054836273,0.36500000953674316,0.36500000953674316,4951326
COPR.CA,Real Estate,2023-10-11 21:00:00,0.36500000953674316,0.3700000047683716,0.3540000021457672,0.35499998927116394,0.35499998927116394,6628662
COPR.CA,Real Estate,2023-10-14 21:00:00,0.35499998927116394,0.3580000102519989,0.3499999940395355,0.3529999852180481,0.3529999852180481,5168590
COPR.CA,Real Estate,2023-10-15 21:00:00,0.3529999852180481,0.35600000619888306,0.3449999988079071,0.34599998593330383,0.34599998593330383,6756273
COPR.CA,Real Estate,2023-10-16 21:00:00,0.34599998593330383,0.35199999809265137,0.33899998664855957,0.3400000035762787,0.3400000035762787,6231026
COPR.CA,Real Estate,2023-10-17 21:00:00,0.3400000035762787,0.34299999475479126,0.328000009059906,0.33000001311302185,0.33000001311302185,8353461
COPR.CA,Real Estate,2023-10-18 21:00:00,0.33000001311302185,0.33000001311302185,0.33000001311302185,0.33000001311302185,0.33000001311302185,0
COPR.CA,Real Estate,2023-10-21 21:00:00,0.3199999928474426,0.32600000500679016,0.3149999976158142,0.31700000166893005,0.31700000166893005,8187104
COPR.CA,Real Estate,2023-10-22 21:00:00,0.31700000166893005,0.36000001430511475,0.3149999976158142,0.34299999475479126,0.34299999475479126,18951833
COPR.CA,Real Estate,2023-10-23 21:00:00,0.34299999475479126,0.34700000286102295,0.3230000138282776,0.3319999873638153,0.3319999873638153,16023759
COPR.CA,Real Estate,2023-10-24 21:00:00,0.3319999873638153,0.3449999988079071,0.33000001311302185,0.3330000042915344,0.3330000042915344,6688326
COPR.CA,Real Estate,2023-10-25 21:00:00,0.3330000042915344,0.3400000035762787,0.3240000009536743,0.3269999921321869,0.3269999921321869,8321104
COPR.CA,Real Estate,2023-10-28 22:00:00,0.3269999921321869,0.3330000042915344,0.3199999928474426,0.3240000009536743,0.3240000009536743,7800984
COPR.CA,Real Estate,2023-10-29 22:00:00,0.3240000009536743,0.32600000500679016,0.3190000057220459,0.32100000977516174,0.32100000977516174,8294356
COPR.CA,Real Estate,2023-10-30 22:00:00,0.32100000977516174,0.32499998807907104,0.3160000145435333,0.31700000166893005,0.31700000166893005,4300791
COPR.CA,Real Estate,2023-10-31 22:00:00,0.31700000166893005,0.32100000977516174,0.3050000071525574,0.3089999854564667,0.3089999854564667,4200178
COPR.CA,Real Estate,2023-11-01 22:00:00,0.3089999854564667,0.3149999976158142,0.3050000071525574,0.3089999854564667,0.3089999854564667,3624279
COPR.CA,Real Estate,2023-11-04 22:00:00,0.3089999854564667,0.32600000500679016,0.3089999854564667,0.3240000009536743,0.3240000009536743,8785499
COPR.CA,Real Estate,2023-11-05 22:00:00,0.3240000009536743,0.3269999921321869,0.31700000166893005,0.3179999887943268,0.3179999887943268,6058551
COPR.CA,Real Estate,2023-11-06 22:00:00,0.3179999887943268,0.32100000977516174,0.3149999976158142,0.31700000166893005,0.31700000166893005,3154550
COPR.CA,Real Estate,2023-11-07 22:00:00,0.31700000166893005,0.3370000123977661,0.3009999990463257,0.3310000002384186,0.3310000002384186,13385434
COPR.CA,Real Estate,2023-11-08 22:00:00,0.3310000002384186,0.33399999141693115,0.3199999928474426,0.32100000977516174,0.32100000977516174,4875031
COPR.CA,Real Estate,2023-11-11 22:00:00,0.32100000977516174,0.32499998807907104,0.31200000643730164,0.31200000643730164,0.31200000643730164,4262396
COPR.CA,Real Estate,2023-11-12 22:00:00,0.31200000643730164,0.3190000057220459,0.3050000071525574,0.3109999895095825,0.3109999895095825,7564440
COPR.CA,Real Estate,2023-11-13 22:00:00,0.3109999895095825,0.31700000166893005,0.3100000023841858,0.3140000104904175,0.3140000104904175,5531014
COPR.CA,Real Estate,2023-11-14 22:00:00,0.3140000104904175,0.3179999887943268,0.3100000023841858,0.3109999895095825,0.3109999895095825,5547202
COPR.CA,Real Estate,2023-11-15 22:00:00,0.3109999895095825,0.31700000166893005,0.3100000023841858,0.3140000104904175,0.3140000104904175,3649553
COPR.CA,Real Estate,2023-11-18 22:00:00,0.3140000104904175,0.33399999141693115,0.3149999976158142,0.3269999921321869,0.3269999921321869,11851477
COPR.CA,Real Estate,2023-11-19 22:00:00,0.3269999921321869,0.3319999873638153,0.3199999928474426,0.3230000138282776,0.3230000138282776,8481558
COPR.CA,Real Estate,2023-11-20 22:00:00,0.3230000138282776,0.3700000047683716,0.3140000104904175,0.36000001430511475,0.36000001430511475,28501268
COPR.CA,Real Estate,2023-11-21 22:00:00,0.36000001430511475,0.367000013589859,0.34599998593330383,0.3569999933242798,0.3569999933242798,22179859
COPR.CA,Real Estate,2023-11-22 22:00:00,0.3569999933242798,0.367000013589859,0.35600000619888306,0.35899999737739563,0.35899999737739563,10214987
COPR.CA,Real Estate,2023-11-25 22:00:00,0.35899999737739563,0.367000013589859,0.35899999737739563,0.3610000014305115,0.3610000014305115,8559286
COPR.CA,Real Estate,2023-11-26 22:00:00,0.3610000014305115,0.3619999885559082,0.35600000619888306,0.3580000102519989,0.3580000102519989,5408966
COPR.CA,Real Estate,2023-11-27 22:00:00,0.3580000102519989,0.3610000014305115,0.34599998593330383,0.3490000069141388,0.3490000069141388,10426085
COPR.CA,Real Estate,2023-11-28 22:00:00,0.3490000069141388,0.3540000021457672,0.3449999988079071,0.3479999899864197,0.3479999899864197,8804190
COPR.CA,Real Estate,2023-11-29 22:00:00,0.3479999899864197,0.35899999737739563,0.3479999899864197,0.3580000102519989,0.3580000102519989,12078959
COPR.CA,Real Estate,2023-12-02 22:00:00,0.3580000102519989,0.3619999885559082,0.3479999899864197,0.3499999940395355,0.3499999940395355,8512110
COPR.CA,Real Estate,2023-12-03 22:00:00,0.3499999940395355,0.35899999737739563,0.35100001096725464,0.35600000619888306,0.35600000619888306,4906079
COPR.CA,Real Estate,2023-12-04 22:00:00,0.35600000619888306,0.3610000014305115,0.34599998593330383,0.3479999899864197,0.3479999899864197,14677405
COPR.CA,Real Estate,2023-12-05 22:00:00,0.3479999899864197,0.35499998927116394,0.3499999940395355,0.35199999809265137,0.35199999809265137,7070365
COPR.CA,Real Estate,2023-12-06 22:00:00,0.35199999809265137,0.35499998927116394,0.32199999690055847,0.3370000123977661,0.3370000123977661,17771741
COPR.CA,Real Estate,2023-12-09 22:00:00,0.3370000123977661,0.3440000116825104,0.3269999921321869,0.3310000002384186,0.3310000002384186,7925155
COPR.CA,Real Estate,2023-12-10 22:00:00,0.3310000002384186,0.3370000123977661,0.3160000145435333,0.3190000057220459,0.3190000057220459,11634909
COPR.CA,Real Estate,2023-12-11 22:00:00,0.3190000057220459,0.3540000021457672,0.31700000166893005,0.3499999940395355,0.3499999940395355,16198078
COPR.CA,Real Estate,2023-12-12 22:00:00,0.3499999940395355,0.35899999737739563,0.33899998664855957,0.3400000035762787,0.3400000035762787,13460264
COPR.CA,Real Estate,2023-12-13 22:00:00,0.3400000035762787,0.34599998593330383,0.3330000042915344,0.33899998664855957,0.33899998664855957,8105309
COPR.CA,Real Estate,2023-12-16 22:00:00,0.33899998664855957,0.3490000069141388,0.33799999952316284,0.34700000286102295,0.34700000286102295,6956047
COPR.CA,Real Estate,2023-12-17 22:00:00,0.34700000286102295,0.3580000102519989,0.3400000035762787,0.3479999899864197,0.3479999899864197,11394744
COPR.CA,Real Estate,2023-12-18 22:00:00,0.3479999899864197,0.3499999940395355,0.3370000123977661,0.33799999952316284,0.33799999952316284,4668464
COPR.CA,Real Estate,2023-12-19 22:00:00,0.33799999952316284,0.34299999475479126,0.335999995470047,0.3400000035762787,0.3400000035762787,3981787
COPR.CA,Real Estate,2023-12-20 22:00:00,0.3400000035762787,0.34299999475479126,0.3330000042915344,0.33500000834465027,0.33500000834465027,6259746
COPR.CA,Real Estate,2023-12-23 22:00:00,0.33500000834465027,0.33500000834465027,0.33500000834465027,0.33500000834465027,0.33500000834465027,0
COPR.CA,Real Estate,2023-12-24 22:00:00,0.3400000035762787,0.3440000116825104,0.3319999873638153,0.34200000762939453,0.34200000762939453,6007307
COPR.CA,Real Estate,2023-12-25 22:00:00,0.34200000762939453,0.4000000059604645,0.3310000002384186,0.4000000059604645,0.4000000059604645,37055018
COPR.CA,Real Estate,2023-12-26 22:00:00,0.4000000059604645,0.4090000092983246,0.375,0.3790000081062317,0.3790000081062317,34981720
COPR.CA,Real Estate,2023-12-27 22:00:00,0.3790000081062317,0.3779999911785126,0.3580000102519989,0.36000001430511475,0.36000001430511475,24276803
COPR.CA,Real Estate,2023-12-30 22:00:00,0.36000001430511475,0.36500000953674316,0.3499999940395355,0.36000001430511475,0.36000001430511475,18851556
COPR.CA,Real Estate,2024-01-01 22:00:00,0.36000001430511475,0.3790000081062317,0.35499998927116394,0.36800000071525574,0.36800000071525574,14483894
COPR.CA,Real Estate,2024-01-02 22:00:00,0.36800000071525574,0.37299999594688416,0.36500000953674316,0.3700000047683716,0.3700000047683716,7473295
COPR.CA,Real Estate,2024-01-03 22:00:00,0.3700000047683716,0.3840000033378601,0.36800000071525574,0.3700000047683716,0.3700000047683716,18630476
COPR.CA,Real Estate,2024-01-07 22:00:00,0.3700000047683716,0.3799999952316284,0.3709999918937683,0.37299999594688416,0.37299999594688416,5951126
COPR.CA,Real Estate,2024-01-08 22:00:00,0.37299999594688416,0.37599998712539673,0.36800000071525574,0.3700000047683716,0.3700000047683716,7663763
COPR.CA,Real Estate,2024-01-09 22:00:00,0.3700000047683716,0.37700000405311584,0.36000001430511475,0.3709999918937683,0.3709999918937683,16197977
COPR.CA,Real Estate,2024-01-10 22:00:00,0.3709999918937683,0.3970000147819519,0.3659999966621399,0.3880000114440918,0.3880000114440918,23216361
COPR.CA,Real Estate,2024-01-13 22:00:00,0.3880000114440918,0.38999998569488525,0.3709999918937683,0.38100001215934753,0.38100001215934753,15354246
COPR.CA,Real Estate,2024-01-14 22:00:00,0.38100001215934753,0.38499999046325684,0.375,0.3799999952316284,0.3799999952316284,9893840
COPR.CA,Real Estate,2024-01-15 22:00:00,0.3799999952316284,0.38600000739097595,0.375,0.3799999952316284,0.3799999952316284,9773142
COPR.CA,Real Estate,2024-01-16 22:00:00,0.3799999952316284,0.3880000114440918,0.375,0.37599998712539673,0.37599998712539673,5364996
COPR.CA,Real Estate,2024-01-17 22:00:00,0.37599998712539673,0.3799999952316284,0.36500000953674316,0.3709999918937683,0.3709999918937683,8385635
COPR.CA,Real Estate,2024-01-20 22:00:00,0.3709999918937683,0.3799999952316284,0.36800000071525574,0.36899998784065247,0.36899998784065247,9739481
COPR.CA,Real Estate,2024-01-21 22:00:00,0.36899998784065247,0.37599998712539673,0.367000013589859,0.3700000047683716,0.3700000047683716,10311301
COPR.CA,Real Estate,2024-01-22 22:00:00,0.3700000047683716,0.3700000047683716,0.36000001430511475,0.3610000014305115,0.3610000014305115,8126004
COPR.CA,Real Estate,2024-01-23 22:00:00,0.3610000014305115,0.375,0.35899999737739563,0.3610000014305115,0.3610000014305115,9512655
COPR.CA,Real Estate,2024-01-27 22:00:00,0.3610000014305115,0.36899998784065247,0.36000001430511475,0.367000013589859,0.367000013589859,8361902
COPR.CA,Real Estate,2024-01-28 22:00:00,0.367000013589859,0.3700000047683716,0.3529999852180481,0.3580000102519989,0.3580000102519989,7786780
COPR.CA,Real Estate,2024-01-29 22:00:00,0.3580000102519989,0.37700000405311584,0.35600000619888306,0.3709999918937683,0.3709999918937683,7915195
COPR.CA,Real Estate,2024-01-30 22:00:00,0.3709999918937683,0.37700000405311584,0.3019999861717224,0.34200000762939453,0.34200000762939453,10806736
COPR.CA,Real Estate,2024-01-31 22:00:00,0.34200000762939453,0.375,0.3330000042915344,0.3700000047683716,0.3700000047683716,11533445
COPR.CA,Real Estate,2024-02-03 22:00:00,0.3700000047683716,0.39800000190734863,0.3529999852180481,0.38999998569488525,0.38999998569488525,20033157
COPR.CA,Real Estate,2024-02-04 22:00:00,0.38999998569488525,0.40700000524520874,0.38999998569488525,0.39800000190734863,0.39800000190734863,19134496
COPR.CA,Real Estate,2024-02-05 22:00:00,0.39800000190734863,0.4090000092983246,0.39100000262260437,0.3919999897480011,0.3919999897480011,13266376
COPR.CA,Real Estate,2024-02-06 22:00:00,0.3919999897480011,0.39899998903274536,0.382999986410141,0.39399999380111694,0.39399999380111694,8364835
COPR.CA,Real Estate,2024-02-07 22:00:00,0.39399999380111694,0.39800000190734863,0.382999986410141,0.3970000147819519,0.3970000147819519,8067943
COPR.CA,Real Estate,2024-02-10 22:00:00,0.3970000147819519,0.3970000147819519,0.3790000081062317,0.38600000739097595,0.38600000739097595,5527848
COPR.CA,Real Estate,2024-02-11 22:00:00,0.38600000739097595,0.38999998569488525,0.37299999594688416,0.38100001215934753,0.38100001215934753,3694549
COPR.CA,Real Estate,2024-02-12 22:00:00,0.38100001215934753,0.38499999046325684,0.37700000405311584,0.38199999928474426,0.38199999928474426,9161268
COPR.CA,Real Estate,2024-02-13 22:00:00,0.38199999928474426,0.41499999165534973,0.38499999046325684,0.4129999876022339,0.4129999876022339,16241661
COPR.CA,Real Estate,2024-02-14 22:00:00,0.4129999876022339,0.4339999854564667,0.414000004529953,0.41999998688697815,0.41999998688697815,22978633
COPR.CA,Real Estate,2024-02-17 22:00:00,0.41999998688697815,0.41999998688697815,0.41999998688697815,0.41999998688697815,0.41999998688697815,0
COPR.CA,Real Estate,2024-02-18 22:00:00,0.4129999876022339,0.41999998688697815,0.40700000524520874,0.4180000126361847,0.4180000126361847,6308688
COPR.CA,Real Estate,2024-02-19 22:00:00,0.4180000126361847,0.4339999854564667,0.41100001335144043,0.4300000071525574,0.4300000071525574,14847004
COPR.CA,Real Estate,2024-02-20 22:00:00,0.4300000071525574,0.4350000023841858,0.41600000858306885,0.4309999942779541,0.4309999942779541,8834473
COPR.CA,Real Estate,2024-02-21 22:00:00,0.4309999942779541,0.515999972820282,0.4359999895095825,0.4959999918937683,0.4959999918937683,28208654
COPR.CA,Real Estate,2024-02-24 22:00:00,0.4959999918937683,0.5199999809265137,0.41100001335144043,0.4620000123977661,0.4620000123977661,25544173
COPR.CA,Real Estate,2024-02-25 22:00:00,0.4620000123977661,0.5,0.4230000078678131,0.4749999940395355,0.4749999940395355,16793636
COPR.CA,Real Estate,2024-02-26 22:00:00,0.4749999940395355,0.49000000953674316,0.45100000500679016,0.4580000042915344,0.4580000042915344,5702246
COPR.CA,Real Estate,2024-02-27 22:00:00,0.4580000042915344,0.4790000021457672,0.4399999976158142,0.4440000057220459,0.4440000057220459,5767006
COPR.CA,Real Estate,2024-02-28 22:00:00,0.4440000057220459,0.4580000042915344,0.4230000078678131,0.4300000071525574,0.4300000071525574,9852932
COPR.CA,Real Estate,2024-03-02 22:00:00,0.4300000071525574,0.4390000104904175,0.41999998688697815,0.421999990940094,0.421999990940094,2940692
COPR.CA,Real Estate,2024-03-03 22:00:00,0.421999990940094,0.48899999260902405,0.42399999499320984,0.42800000309944153,0.42800000309944153,12164960
COPR.CA,Real Estate,2024-03-04 22:00:00,0.42800000309944153,0.43799999356269836,0.4000000059604645,0.40400001406669617,0.40400001406669617,14174727
COPR.CA,Real Estate,2024-03-05 22:00:00,0.40400001406669617,0.4090000092983246,0.36500000953674316,0.37299999594688416,0.37299999594688416,9123143
COPR.CA,Real Estate,2024-03-06 22:00:00,0.37299999594688416,0.38999998569488525,0.367000013589859,0.38199999928474426,0.38199999928474426,5625416
COPR.CA,Real Estate,2024-03-09 22:00:00,0.38199999928474426,0.3959999978542328,0.35499998927116394,0.3799999952316284,0.3799999952316284,6895325
COPR.CA,Real Estate,2024-03-10 22:00:00,0.3799999952316284,0.4000000059604645,0.3799999952316284,0.38199999928474426,0.38199999928474426,5624514
COPR.CA,Real Estate,2024-03-11 22:00:00,0.38199999928474426,0.3930000066757202,0.367000013589859,0.36899998784065247,0.36899998784065247,3806180
COPR.CA,Real Estate,2024-03-12 22:00:00,0.36899998784065247,0.382999986410141,0.3700000047683716,0.3799999952316284,0.3799999952316284,8924747
COPR.CA,Real Estate,2024-03-13 22:00:00,0.3799999952316284,0.4009999930858612,0.3709999918937683,0.39800000190734863,0.39800000190734863,6897828
COPR.CA,Real Estate,2024-03-16 22:00:00,0.39800000190734863,0.4090000092983246,0.3959999978542328,0.4000000059604645,0.4000000059604645,7103609
COPR.CA,Real Estate,2024-03-17 22:00:00,0.4000000059604645,0.4000000059604645,0.37299999594688416,0.38600000739097595,0.38600000739097595,4302867
COPR.CA,Real Estate,2024-03-18 22:00:00,0.38600000739097595,0.38600000739097595,0.37400001287460327,0.38199999928474426,0.38199999928474426,2643551
COPR.CA,Real Estate,2024-03-19 22:00:00,0.38199999928474426,0.414000004529953,0.3779999911785126,0.3919999897480011,0.3919999897480011,11698828
COPR.CA,Real Estate,2024-03-20 22:00:00,0.3919999897480011,0.4090000092983246,0.3880000114440918,0.40299999713897705,0.40299999713897705,4652110
COPR.CA,Real Estate,2024-03-23 22:00:00,0.40299999713897705,0.47699999809265137,0.4050000011920929,0.47699999809265137,0.47699999809265137,34953483
COPR.CA,Real Estate,2024-03-24 22:00:00,0.47699999809265137,0.48500001430511475,0.4410000145435333,0.4650000035762787,0.4650000035762787,23247492
COPR.CA,Real Estate,2024-03-25 22:00:00,0.4650000035762787,0.47200000286102295,0.4480000138282776,0.44999998807907104,0.44999998807907104,8248136
COPR.CA,Real Estate,2024-03-26 22:00:00,0.44999998807907104,0.4519999921321869,0.42100000381469727,0.4350000023841858,0.4350000023841858,7691397
COPR.CA,Real Estate,2024-03-27 22:00:00,0.4350000023841858,0.4440000057220459,0.4099999964237213,0.41600000858306885,0.41600000858306885,3669789
COPR.CA,Real Estate,2024-03-30 22:00:00,0.41600000858306885,0.43299999833106995,0.41200000047683716,0.42100000381469727,0.42100000381469727,7711502
COPR.CA,Real Estate,2024-03-31 22:00:00,0.42100000381469727,0.4699999988079071,0.4320000112056732,0.44699999690055847,0.44699999690055847,23282070
COPR.CA,Real Estate,2024-04-01 22:00:00,0.44699999690055847,0.46799999475479126,0.4410000145435333,0.46299999952316284,0.46299999952316284,17689834
COPR.CA,Real Estate,2024-04-02 22:00:00,0.46299999952316284,0.4699999988079071,0.4519999921321869,0.46000000834465027,0.46000000834465027,3366155
COPR.CA,Real Estate,2024-04-03 22:00:00,0.46000000834465027,0.5099999904632568,0.4480000138282776,0.4490000009536743,0.4490000009536743,5596097
COPR.CA,Real Estate,2024-04-06 22:00:00,0.4490000009536743,0.4650000035762787,0.4449999928474426,0.44999998807907104,0.44999998807907104,5646238
COPR.CA,Real Estate,2024-04-07 22:00:00,0.44999998807907104,0.4569999873638153,0.42800000309944153,0.44200000166893005,0.44200000166893005,1719835
COPR.CA,Real Estate,2024-04-14 22:00:00,0.44200000166893005,0.4650000035762787,0.42899999022483826,0.4390000104904175,0.4390000104904175,12469915
COPR.CA,Real Estate,2024-04-15 22:00:00,0.4390000104904175,0.4429999887943268,0.4300000071525574,0.4350000023841858,0.4350000023841858,3041291
COPR.CA,Real Estate,2024-04-16 22:00:00,0.4350000023841858,0.4429999887943268,0.43299999833106995,0.43799999356269836,0.43799999356269836,1759024
COPR.CA,Real Estate,2024-04-17 22:00:00,0.43799999356269836,0.4440000057220459,0.41100001335144043,0.421999990940094,0.421999990940094,6115399
COPR.CA,Real Estate,2024-04-20 22:00:00,0.421999990940094,0.4309999942779541,0.41499999165534973,0.41999998688697815,0.41999998688697815,3187399
COPR.CA,Real Estate,2024-04-21 22:00:00,0.41999998688697815,0.4230000078678131,0.41200000047683716,0.41499999165534973,0.41499999165534973,1942338
COPR.CA,Real Estate,2024-04-22 22:00:00,0.41499999165534973,0.4259999990463257,0.38199999928474426,0.4009999930858612,0.4009999930858612,7452394
COPR.CA,Real Estate,2024-04-23 22:00:00,0.4009999930858612,0.41100001335144043,0.375,0.38600000739097595,0.38600000739097595,963400
COPR.CA,Real Estate,2024-04-27 21:00:00,0.38600000739097595,0.38600000739097595,0.38600000739097595,0.38600000739097595,0.38600000739097595,0
COPR.CA,Real Estate,2024-04-28 21:00:00,0.38199999928474426,0.3869999945163727,0.3709999918937683,0.38100001215934753,0.38100001215934753,1863306
COPR.CA,Real Estate,2024-04-29 21:00:00,0.38100001215934753,0.3880000114440918,0.3619999885559082,0.37299999594688416,0.37299999594688416,1284298
COPR.CA,Real Estate,2024-05-01 21:00:00,0.382999986410141,0.3880000114440918,0.3700000047683716,0.3799999952316284,0.3799999952316284,1463886
COPR.CA,Real Estate,2024-05-06 21:00:00,0.3799999952316284,0.382999986410141,0.35499998927116394,0.3799999952316284,0.3799999952316284,544350
COPR.CA,Real Estate,2024-05-07 21:00:00,0.3799999952316284,0.4050000011920929,0.3630000054836273,0.3869999945163727,0.3869999945163727,6116029
COPR.CA,Real Estate,2024-05-08 21:00:00,0.3869999945163727,0.3889999985694885,0.375,0.3790000081062317,0.3790000081062317,1687548
COPR.CA,Real Estate,2024-05-11 21:00:00,0.3790000081062317,0.3779999911785126,0.35100001096725464,0.35499998927116394,0.35499998927116394,2261948
COPR.CA,Real Estate,2024-05-12 21:00:00,0.35499998927116394,0.36399999260902405,0.33000001311302185,0.3540000021457672,0.3540000021457672,1939377
COPR.CA,Real Estate,2024-05-13 21:00:00,0.3540000021457672,0.3659999966621399,0.3400000035762787,0.3580000102519989,0.3580000102519989,2533892
COPR.CA,Real Estate,2024-05-14 21:00:00,0.3580000102519989,0.36500000953674316,0.34299999475479126,0.3580000102519989,0.3580000102519989,2168696
COPR.CA,Real Estate,2024-05-15 21:00:00,0.3580000102519989,0.36500000953674316,0.35199999809265137,0.3580000102519989,0.3580000102519989,1686354
COPR.CA,Real Estate,2024-05-18 21:00:00,0.3580000102519989,0.3580000102519989,0.3580000102519989,0.3580000102519989,0.3580000102519989,0
COPR.CA,Real Estate,2024-05-19 21:00:00,0.3630000054836273,0.3709999918937683,0.3580000102519989,0.3610000014305115,0.3610000014305115,3218135
COPR.CA,Real Estate,2024-05-20 21:00:00,0.3610000014305115,0.3700000047683716,0.35899999737739563,0.3659999966621399,0.3659999966621399,2421970
COPR.CA,Real Estate,2024-05-21 21:00:00,0.3659999966621399,0.38499999046325684,0.35100001096725464,0.35600000619888306,0.35600000619888306,6880703
COPR.CA,Real Estate,2024-05-22 21:00:00,0.35600000619888306,0.3580000102519989,0.34200000762939453,0.34599998593330383,0.34599998593330383,6264794
COPR.CA,Real Estate,2024-05-25 21:00:00,0.34599998593330383,0.34599998593330383,0.34599998593330383,0.34599998593330383,0.34599998593330383,0
COPR.CA,Real Estate,2024-05-26 21:00:00,0.3319999873638153,0.33500000834465027,0.32499998807907104,0.32600000500679016,0.32600000500679016,9913001
COPR.CA,Real Estate,2024-05-27 21:00:00,0.32600000500679016,0.335999995470047,0.3059999942779541,0.3310000002384186,0.3310000002384186,7512335
COPR.CA,Real Estate,2024-05-28 21:00:00,0.3310000002384186,0.3330000042915344,0.3160000145435333,0.3240000009536743,0.3240000009536743,3638431
COPR.CA,Real Estate,2024-05-29 21:00:00,0.3240000009536743,0.3310000002384186,0.3140000104904175,0.3160000145435333,0.3160000145435333,5153902
COPR.CA,Real Estate,2024-06-01 21:00:00,0.3160000145435333,0.32600000500679016,0.3149999976158142,0.3190000057220459,0.3190000057220459,2026657
COPR.CA,Real Estate,2024-06-02 21:00:00,0.3190000057220459,0.32100000977516174,0.3109999895095825,0.3140000104904175,0.3140000104904175,1229756
COPR.CA,Real Estate,2024-06-03 21:00:00,0.3140000104904175,0.3240000009536743,0.3100000023841858,0.3199999928474426,0.3199999928474426,2601968
COPR.CA,Real Estate,2024-06-04 21:00:00,0.3199999928474426,0.3240000009536743,0.3059999942779541,0.31299999356269836,0.31299999356269836,3079491
COPR.CA,Real Estate,2024-06-05 21:00:00,0.31299999356269836,0.32499998807907104,0.3089999854564667,0.3100000023841858,0.3100000023841858,3020991
COPR.CA,Real Estate,2024-06-08 21:00:00,0.3100000023841858,0.3179999887943268,0.30300000309944153,0.3070000112056732,0.3070000112056732,3472195
COPR.CA,Real Estate,2024-06-09 21:00:00,0.3070000112056732,0.3149999976158142,0.2919999957084656,0.3140000104904175,0.3140000104904175,8699170
COPR.CA,Real Estate,2024-06-10 21:00:00,0.3140000104904175,0.31700000166893005,0.30399999022483826,0.3100000023841858,0.3100000023841858,4067418
COPR.CA,Real Estate,2024-06-11 21:00:00,0.3100000023841858,0.3190000057220459,0.3100000023841858,0.3149999976158142,0.3149999976158142,4123374
COPR.CA,Real Estate,2024-06-12 21:00:00,0.3149999976158142,0.3269999921321869,0.3109999895095825,0.3190000057220459,0.3190000057220459,6182126
COPR.CA,Real Estate,2024-06-22 21:00:00,0.3190000057220459,0.32600000500679016,0.3140000104904175,0.32199999690055847,0.32199999690055847,1146136
COPR.CA,Real Estate,2024-06-23 21:00:00,0.32199999690055847,0.32499998807907104,0.3179999887943268,0.3199999928474426,0.3199999928474426,3317710
COPR.CA,Real Estate,2024-06-24 21:00:00,0.3199999928474426,0.32199999690055847,0.3140000104904175,0.3199999928474426,0.3199999928474426,2146509
COPR.CA,Real Estate,2024-06-25 21:00:00,0.3199999928474426,0.32499998807907104,0.31700000166893005,0.3199999928474426,0.3199999928474426,4474748
COPR.CA,Real Estate,2024-06-26 21:00:00,0.3199999928474426,0.3240000009536743,0.3190000057220459,0.3199999928474426,0.3199999928474426,2652137
COPR.CA,Real Estate,2024-07-01 21:00:00,0.3310000002384186,0.3499999940395355,0.3310000002384186,0.34599998593330383,0.34599998593330383,9231156
COPR.CA,Real Estate,2024-07-02 21:00:00,0.34599998593330383,0.3490000069141388,0.3319999873638153,0.33399999141693115,0.33399999141693115,5687022
COPR.CA,Real Estate,2024-07-03 21:00:00,0.33399999141693115,0.33799999952316284,0.3199999928474426,0.3230000138282776,0.3230000138282776,18022495
COPR.CA,Real Estate,2024-07-06 21:00:00,0.3230000138282776,0.32899999618530273,0.3179999887943268,0.3199999928474426,0.3199999928474426,5848044
COPR.CA,Real Estate,2024-07-07 21:00:00,0.3199999928474426,0.3400000035762787,0.3199999928474426,0.3240000009536743,0.3240000009536743,16565110
COPR.CA,Real Estate,2024-07-08 21:00:00,0.3240000009536743,0.34299999475479126,0.3269999921321869,0.3400000035762787,0.3400000035762787,10482365
COPR.CA,Real Estate,2024-07-09 21:00:00,0.3400000035762787,0.3540000021457672,0.33500000834465027,0.3499999940395355,0.3499999940395355,10867955
COPR.CA,Real Estate,2024-07-13 21:00:00,0.3499999940395355,0.3799999952316284,0.3499999940395355,0.375,0.375,19238646
COPR.CA,Real Estate,2024-07-14 21:00:00,0.375,0.38999998569488525,0.3700000047683716,0.3889999985694885,0.3889999985694885,8843275
COPR.CA,Real Estate,2024-07-15 21:00:00,0.3889999985694885,0.4180000126361847,0.382999986410141,0.41600000858306885,0.41600000858306885,9932063
COPR.CA,Real Estate,2024-07-16 21:00:00,0.41600000858306885,0.42800000309944153,0.39500001072883606,0.39800000190734863,0.39800000190734863,6821864
COPR.CA,Real Estate,2024-07-17 21:00:00,0.39800000190734863,0.41499999165534973,0.3959999978542328,0.41499999165534973,0.41499999165534973,5220026
COPR.CA,Real Estate,2024-07-20 21:00:00,0.41499999165534973,0.4449999928474426,0.41200000047683716,0.4390000104904175,0.4390000104904175,9444352
COPR.CA,Real Estate,2024-07-21 21:00:00,0.4390000104904175,0.48500001430511475,0.4359999895095825,0.48399999737739563,0.48399999737739563,17916247
COPR.CA,Real Estate,2024-07-22 21:00:00,0.48399999737739563,0.5189999938011169,0.49000000953674316,0.5,0.5,19312923
COPR.CA,Real Estate,2024-07-23 21:00:00,0.5,0.5130000114440918,0.49000000953674316,0.5090000033378601,0.5090000033378601,9156834
COPR.CA,Real Estate,2024-07-27 21:00:00,0.5090000033378601,0.5550000071525574,0.5099999904632568,0.5410000085830688,0.5410000085830688,10807221
COPR.CA,Real Estate,2024-07-28 21:00:00,0.5410000085830688,0.5479999780654907,0.5070000290870667,0.5199999809265137,0.5199999809265137,15854757
COPR.CA,Real Estate,2024-07-29 21:00:00,0.5199999809265137,0.5569999814033508,0.5139999985694885,0.5509999990463257,0.5509999990463257,18080899
COPR.CA,Real Estate,2024-07-30 21:00:00,0.5509999990463257,0.5699999928474426,0.5400000214576721,0.5590000152587891,0.5590000152587891,8016451
COPR.CA,Real Estate,2024-07-31 21:00:00,0.5590000152587891,0.5799999833106995,0.5519999861717224,0.5730000138282776,0.5730000138282776,9938247
COPR.CA,Real Estate,2024-08-03 21:00:00,0.5730000138282776,0.5799999833106995,0.5299999713897705,0.5569999814033508,0.5569999814033508,10538235
COPR.CA,Real Estate,2024-08-04 21:00:00,0.5569999814033508,0.5460000038146973,0.503000020980835,0.5199999809265137,0.5199999809265137,14776865
COPR.CA,Real Estate,2024-08-05 21:00:00,0.5199999809265137,0.5450000166893005,0.5199999809265137,0.5400000214576721,0.5400000214576721,11732396
COPR.CA,Real Estate,2024-08-06 21:00:00,0.5400000214576721,0.5799999833106995,0.5450000166893005,0.578000009059906,0.578000009059906,9786880
COPR.CA,Real Estate,2024-08-07 21:00:00,0.578000009059906,0.5899999737739563,0.5609999895095825,0.5809999704360962,0.5809999704360962,5083699
COPR.CA,Real Estate,2024-08-10 21:00:00,0.5809999704360962,0.6150000095367432,0.5720000267028809,0.6110000014305115,0.6110000014305115,7433300
COPR.CA,Real Estate,2024-08-11 21:00:00,0.6110000014305115,0.6159999966621399,0.5870000123977661,0.5950000286102295,0.5950000286102295,7380864
COPR.CA,Real Estate,2024-08-12 21:00:00,0.5950000286102295,0.6079999804496765,0.5770000219345093,0.6000000238418579,0.6000000238418579,7722261
COPR.CA,Real Estate,2024-08-13 21:00:00,0.6000000238418579,0.6140000224113464,0.5899999737739563,0.6039999723434448,0.6039999723434448,2196058
COPR.CA,Real Estate,2024-08-14 21:00:00,0.6039999723434448,0.6179999709129333,0.5979999899864197,0.6069999933242798,0.6069999933242798,14921665
COPR.CA,Real Estate,2024-08-17 21:00:00,0.6069999933242798,0.6449999809265137,0.6010000109672546,0.6420000195503235,0.6420000195503235,11472293
COPR.CA,Real Estate,2024-08-18 21:00:00,0.6420000195503235,0.652999997138977,0.625,0.6320000290870667,0.6320000290870667,4992569
COPR.CA,Real Estate,2024-08-19 21:00:00,0.6320000290870667,0.6539999842643738,0.628000020980835,0.6299999952316284,0.6299999952316284,8385117
COPR.CA,Real Estate,2024-08-20 21:00:00,0.6299999952316284,0.6399999856948853,0.5799999833106995,0.6299999952316284,0.6299999952316284,7168778
COPR.CA,Real Estate,2024-08-21 21:00:00,0.6299999952316284,0.6899999976158142,0.6299999952316284,0.6570000052452087,0.6570000052452087,10039748
COPR.CA,Real Estate,2024-08-24 21:00:00,0.6570000052452087,0.6690000295639038,0.6349999904632568,0.6389999985694885,0.6389999985694885,6484127
COPR.CA,Real Estate,2024-08-25 21:00:00,0.6389999985694885,0.6420000195503235,0.6200000047683716,0.6290000081062317,0.6290000081062317,2330882
COPR.CA,Real Estate,2024-08-26 21:00:00,0.6290000081062317,0.6330000162124634,0.5870000123977661,0.6190000176429749,0.6190000176429749,6851531
COPR.CA,Real Estate,2024-08-27 21:00:00,0.6190000176429749,0.6380000114440918,0.6060000061988831,0.6209999918937683,0.6209999918937683,3874295
COPR.CA,Real Estate,2024-08-28 21:00:00,0.6209999918937683,0.621999979019165,0.578000009059906,0.5950000286102295,0.5950000286102295,12415697
COPR.CA,Real Estate,2024-08-31 21:00:00,0.5950000286102295,0.6000000238418579,0.5659999847412109,0.5709999799728394,0.5709999799728394,5734115
COPR.CA,Real Estate,2024-09-01 21:00:00,0.5709999799728394,0.5709999799728394,0.5350000262260437,0.5490000247955322,0.5490000247955322,9678382
COPR.CA,Real Estate,2024-09-02 21:00:00,0.5490000247955322,0.5519999861717224,0.49000000953674316,0.5009999871253967,0.5009999871253967,31546075
COPR.CA,Real Estate,2024-09-03 21:00:00,0.5009999871253967,0.5220000147819519,0.49900001287460327,0.5009999871253967,0.5009999871253967,29732018
COPR.CA,Real Estate,2024-09-04 21:00:00,0.5009999871253967,0.5090000033378601,0.49000000953674316,0.503000020980835,0.503000020980835,16224997
COPR.CA,Real Estate,2024-09-07 21:00:00,0.503000020980835,0.5170000195503235,0.5009999871253967,0.5009999871253967,0.5009999871253967,6581206
COPR.CA,Real Estate,2024-09-08 21:00:00,0.5009999871253967,0.5180000066757202,0.5040000081062317,0.5130000114440918,0.5130000114440918,4476064
COPR.CA,Real Estate,2024-09-09 21:00:00,0.5130000114440918,0.5419999957084656,0.5099999904632568,0.5350000262260437,0.5350000262260437,17060481
COPR.CA,Real Estate,2024-09-10 21:00:00,0.5350000262260437,0.550000011920929,0.5049999952316284,0.5109999775886536,0.5109999775886536,26277861
COPR.CA,Real Estate,2024-09-11 21:00:00,0.5109999775886536,0.5109999775886536,0.4740000069141388,0.4749999940395355,0.4749999940395355,13718296
COPR.CA,Real Estate,2024-09-15 21:00:00,0.4749999940395355,0.47999998927116394,0.42100000381469727,0.4320000112056732,0.4320000112056732,30980811
COPR.CA,Real Estate,2024-09-16 21:00:00,0.4320000112056732,0.4650000035762787,0.41200000047683716,0.453000009059906,0.453000009059906,23385390
COPR.CA,Real Estate,2024-09-17 21:00:00,0.453000009059906,0.47200000286102295,0.4189999997615814,0.46399998664855957,0.46399998664855957,14942339
COPR.CA,Real Estate,2024-09-18 21:00:00,0.46399998664855957,0.47099998593330383,0.4560000002384186,0.4690000116825104,0.4690000116825104,6488348
COPR.CA,Real Estate,2024-09-21 21:00:00,0.4690000116825104,0.4749999940395355,0.44999998807907104,0.46799999475479126,0.46799999475479126,6305353
COPR.CA,Real Estate,2024-09-22 21:00:00,0.46799999475479126,0.4690000116825104,0.453000009059906,0.45500001311302185,0.45500001311302185,10517317
COPR.CA,Real Estate,2024-09-23 21:00:00,0.45500001311302185,0.45500001311302185,0.45500001311302185,0.45500001311302185,0.45500001311302185,0
COPR.CA,Real Estate,2024-09-24 21:00:00,0.44999998807907104,0.4659999907016754,0.4490000009536743,0.4580000042915344,0.4580000042915344,7342382
COPR.CA,Real Estate,2024-09-25 21:00:00,0.4580000042915344,0.45899999141693115,0.4440000057220459,0.44699999690055847,0.44699999690055847,8662171
COPR.CA,Real Estate,2024-09-28 21:00:00,0.44699999690055847,0.45399999618530273,0.4410000145435333,0.4429999887943268,0.4429999887943268,2002307
COPR.CA,Real Estate,2024-09-29 21:00:00,0.4429999887943268,0.4490000009536743,0.4300000071525574,0.4320000112056732,0.4320000112056732,7664239
COPR.CA,Real Estate,2024-09-30 21:00:00,0.4320000112056732,0.4399999976158142,0.4269999861717224,0.4350000023841858,0.4350000023841858,14047870
COPR.CA,Real Estate,2024-10-01 21:00:00,0.4350000023841858,0.43700000643730164,0.41499999165534973,0.42500001192092896,0.42500001192092896,8977466
COPR.CA,Real Estate,2024-10-02 21:00:00,0.42500001192092896,0.4300000071525574,0.41999998688697815,0.421999990940094,0.421999990940094,2647058
COPR.CA,Real Estate,2024-10-06 21:00:00,0.421999990940094,0.4300000071525574,0.41100001335144043,0.41600000858306885,0.41600000858306885,4906168
COPR.CA,Real Estate,2024-10-07 21:00:00,0.41600000858306885,0.41999998688697815,0.38499999046325684,0.3869999945163727,0.3869999945163727,7112914
COPR.CA,Real Estate,2024-10-08 21:00:00,0.3869999945163727,0.4020000100135803,0.3869999945163727,0.39500001072883606,0.39500001072883606,4370980
COPR.CA,Real Estate,2024-10-09 21:00:00,0.39500001072883606,0.4000000059604645,0.38999998569488525,0.3919999897480011,0.3919999897480011,5980293
COPR.CA,Real Estate,2024-10-12 21:00:00,0.3919999897480011,0.4099999964237213,0.3869999945163727,0.3930000066757202,0.3930000066757202,12573142
COPR.CA,Real Estate,2024-10-13 21:00:00,0.3930000066757202,0.4050000011920929,0.3869999945163727,0.39899998903274536,0.39899998903274536,3323167
COPR.CA,Real Estate,2024-10-14 21:00:00,0.39899998903274536,0.4230000078678131,0.4000000059604645,0.4050000011920929,0.4050000011920929,5793899
COPR.CA,Real Estate,2024-10-15 21:00:00,0.4050000011920929,0.4180000126361847,0.4009999930858612,0.40299999713897705,0.40299999713897705,10174589
COPR.CA,Real Estate,2024-10-16 21:00:00,0.40299999713897705,0.4519999921321869,0.40700000524520874,0.4399999976158142,0.4399999976158142,27120378
COPR.CA,Real Estate,2024-10-19 21:00:00,0.4399999976158142,0.4569999873638153,0.4320000112056732,0.43299999833106995,0.43299999833106995,17761973
COPR.CA,Real Estate,2024-10-20 21:00:00,0.43299999833106995,0.46000000834465027,0.41600000858306885,0.4580000042915344,0.4580000042915344,22574917
COPR.CA,Real Estate,2024-10-21 21:00:00,0.4580000042915344,0.5009999871253967,0.46000000834465027,0.49900001287460327,0.49900001287460327,50568634
COPR.CA,Real Estate,2024-10-22 21:00:00,0.49900001287460327,0.49900001287460327,0.47699999809265137,0.4830000102519989,0.4830000102519989,29056036
COPR.CA,Real Estate,2024-10-23 21:00:00,0.4830000102519989,0.5,0.46299999952316284,0.49799999594688416,0.49799999594688416,19987131
COPR.CA,Real Estate,2024-10-26 21:00:00,0.49799999594688416,0.5090000033378601,0.48500001430511475,0.5040000081062317,0.5040000081062317,13902383
COPR.CA,Real Estate,2024-10-27 21:00:00,0.5040000081062317,0.5019999742507935,0.4860000014305115,0.48899999260902405,0.48899999260902405,9912986
COPR.CA,Real Estate,2024-10-28 21:00:00,0.48899999260902405,0.4950000047683716,0.47999998927116394,0.4830000102519989,0.4830000102519989,3441893
COPR.CA,Real Estate,2024-10-29 21:00:00,0.4830000102519989,0.4860000014305115,0.4699999988079071,0.4740000069141388,0.4740000069141388,4963393
COPR.CA,Real Estate,2024-10-30 21:00:00,0.4740000069141388,0.49000000953674316,0.46700000762939453,0.4819999933242798,0.4819999933242798,2536219
COPR.CA,Real Estate,2024-11-02 22:00:00,0.4819999933242798,0.49799999594688416,0.48100000619888306,0.4860000014305115,0.4860000014305115,14946827
COPR.CA,Real Estate,2024-11-03 22:00:00,0.4860000014305115,0.515999972820282,0.48399999737739563,0.5080000162124634,0.5080000162124634,25724300
COPR.CA,Real Estate,2024-11-04 22:00:00,0.5080000162124634,0.5070000290870667,0.41999998688697815,0.44699999690055847,0.44699999690055847,106327579
COPR.CA,Real Estate,2024-11-05 22:00:00,0.44699999690055847,0.44999998807907104,0.4090000092983246,0.41600000858306885,0.41600000858306885,115115778
COPR.CA,Real Estate,2024-11-06 22:00:00,0.41600000858306885,0.42399999499320984,0.4099999964237213,0.41999998688697815,0.41999998688697815,39375335
COPR.CA,Real Estate,2024-11-09 22:00:00,0.41999998688697815,0.4359999895095825,0.41600000858306885,0.4189999997615814,0.4189999997615814,109538636
COPR.CA,Real Estate,2024-11-10 22:00:00,0.4189999997615814,0.42399999499320984,0.4009999930858612,0.4059999883174896,0.4059999883174896,77502966
COPR.CA,Real Estate,2024-11-11 22:00:00,0.4059999883174896,0.414000004529953,0.3959999978542328,0.40700000524520874,0.40700000524520874,52446121
COPR.CA,Real Estate,2024-11-12 22:00:00,0.40700000524520874,0.4259999990463257,0.40700000524520874,0.40700000524520874,0.40700000524520874,41648403
COPR.CA,Real Estate,2024-11-13 22:00:00,0.40700000524520874,0.41499999165534973,0.40700000524520874,0.40799999237060547,0.40799999237060547,22906382
COPR.CA,Real Estate,2024-11-16 22:00:00,0.40799999237060547,0.4259999990463257,0.4059999883174896,0.4259999990463257,0.4259999990463257,45009941
COPR.CA,Real Estate,2024-11-17 22:00:00,0.4259999990463257,0.4259999990463257,0.41200000047683716,0.41200000047683716,0.41200000047683716,26297378
COPR.CA,Real Estate,2024-11-18 22:00:00,0.41200000047683716,0.4169999957084656,0.4099999964237213,0.4129999876022339,0.4129999876022339,11643780
COPR.CA,Real Estate,2024-11-19 22:00:00,0.4129999876022339,0.41499999165534973,0.4050000011920929,0.41200000047683716,0.41200000047683716,30280274
COPR.CA,Real Estate,2024-11-20 22:00:00,0.41200000047683716,0.4169999957084656,0.4059999883174896,0.40700000524520874,0.40700000524520874,11548067
COPR.CA,Real Estate,2024-11-23 22:00:00,0.40700000524520874,0.41200000047683716,0.40299999713897705,0.40400001406669617,0.40400001406669617,8622858
COPR.CA,Real Estate,2024-11-24 22:00:00,0.40400001406669617,0.40799999237060547,0.4009999930858612,0.40299999713897705,0.40299999713897705,8829346
COPR.CA,Real Estate,2024-11-25 22:00:00,0.40299999713897705,0.40700000524520874,0.4009999930858612,0.4020000100135803,0.4020000100135803,5061284
COPR.CA,Real Estate,2024-11-26 22:00:00,0.4020000100135803,0.4059999883174896,0.39899998903274536,0.4000000059604645,0.4000000059604645,10699593
COPR.CA,Real Estate,2024-11-27 22:00:00,0.4000000059604645,0.40299999713897705,0.3930000066757202,0.3970000147819519,0.3970000147819519,6679757
COPR.CA,Real Estate,2024-11-30 22:00:00,0.3970000147819519,0.4020000100135803,0.39500001072883606,0.39500001072883606,0.39500001072883606,4574801
COPR.CA,Real Estate,2024-12-01 22:00:00,0.39500001072883606,0.4009999930858612,0.3959999978542328,0.3970000147819519,0.3970000147819519,3977291
COPR.CA,Real Estate,2024-12-02 22:00:00,0.3970000147819519,0.4000000059604645,0.39399999380111694,0.39500001072883606,0.39500001072883606,7251081
COPR.CA,Real Estate,2024-12-03 22:00:00,0.39500001072883606,0.4020000100135803,0.39399999380111694,0.3959999978542328,0.3959999978542328,4980821
COPR.CA,Real Estate,2024-12-04 22:00:00,0.3959999978542328,0.4009999930858612,0.39500001072883606,0.39800000190734863,0.39800000190734863,10979118
COPR.CA,Real Estate,2024-12-07 22:00:00,0.39800000190734863,0.41499999165534973,0.39800000190734863,0.41100001335144043,0.41100001335144043,17062434
COPR.CA,Real Estate,2024-12-08 22:00:00,0.41100001335144043,0.41100001335144043,0.39899998903274536,0.4009999930858612,0.4009999930858612,8998620
COPR.CA,Real Estate,2024-12-09 22:00:00,0.4009999930858612,0.4050000011920929,0.39800000190734863,0.4000000059604645,0.4000000059604645,14529997
COPR.CA,Real Estate,2024-12-10 22:00:00,0.4000000059604645,0.40400001406669617,0.3970000147819519,0.39800000190734863,0.39800000190734863,4582427
COPR.CA,Real Estate,2024-12-11 22:00:00,0.39800000190734863,0.4020000100135803,0.3970000147819519,0.39899998903274536,0.39899998903274536,5904020
COPR.CA,Real Estate,2024-12-14 22:00:00,0.39899998903274536,0.41200000047683716,0.4000000059604645,0.4020000100135803,0.4020000100135803,8848761
COPR.CA,Real Estate,2024-12-15 22:00:00,0.4020000100135803,0.41100001335144043,0.4000000059604645,0.4020000100135803,0.4020000100135803,10448149
COPR.CA,Real Estate,2024-12-16 22:00:00,0.4020000100135803,0.40700000524520874,0.39899998903274536,0.4000000059604645,0.4000000059604645,9158200
COPR.CA,Real Estate,2024-12-17 22:00:00,0.4000000059604645,0.40400001406669617,0.3930000066757202,0.39500001072883606,0.39500001072883606,4097770
COPR.CA,Real Estate,2024-12-18 22:00:00,0.39500001072883606,0.3970000147819519,0.38199999928474426,0.3919999897480011,0.3919999897480011,5289209
COPR.CA,Real Estate,2024-12-21 22:00:00,0.3919999897480011,0.3970000147819519,0.38600000739097595,0.39100000262260437,0.39100000262260437,3036744
COPR.CA,Real Estate,2024-12-22 22:00:00,0.39100000262260437,0.39399999380111694,0.38100001215934753,0.38199999928474426,0.38199999928474426,4662532
COPR.CA,Real Estate,2024-12-23 22:00:00,0.38199999928474426,0.3869999945163727,0.3799999952316284,0.38199999928474426,0.38199999928474426,5166817
COPR.CA,Real Estate,2024-12-24 22:00:00,0.38199999928474426,0.3930000066757202,0.382999986410141,0.3840000033378601,0.3840000033378601,7040000
COPR.CA,Real Estate,2024-12-25 22:00:00,0.3840000033378601,0.38999998569488525,0.38100001215934753,0.382999986410141,0.382999986410141,3220884
COPR.CA,Real Estate,2024-12-28 22:00:00,0.382999986410141,0.38600000739097595,0.3619999885559082,0.36500000953674316,0.36500000953674316,12506652
COPR.CA,Real Estate,2024-12-29 22:00:00,0.36500000953674316,0.3659999966621399,0.3499999940395355,0.35600000619888306,0.35600000619888306,12907633
COPR.CA,Real Estate,2024-12-30 22:00:00,0.35600000619888306,0.3700000047683716,0.35199999809265137,0.367000013589859,0.367000013589859,9240805
COPR.CA,Real Estate,2025-01-01 22:00:00,0.367000013589859,0.37700000405311584,0.3659999966621399,0.36800000071525574,0.36800000071525574,3565884
COPR.CA,Real Estate,2025-01-04 22:00:00,0.36800000071525574,0.37299999594688416,0.36500000953674316,0.3659999966621399,0.3659999966621399,4240135
COPR.CA,Real Estate,2025-01-05 22:00:00,0.3659999966621399,0.3790000081062317,0.367000013589859,0.3709999918937683,0.3709999918937683,8213544
COPR.CA,Real Estate,2025-01-07 22:00:00,0.3709999918937683,0.37599998712539673,0.36800000071525574,0.3709999918937683,0.3709999918937683,4693124
COPR.CA,Real Estate,2025-01-08 22:00:00,0.3709999918937683,0.37700000405311584,0.3700000047683716,0.3709999918937683,0.3709999918937683,1816983
COPR.CA,Real Estate,2025-01-11 22:00:00,0.3709999918937683,0.3700000047683716,0.3619999885559082,0.36800000071525574,0.36800000071525574,4980680
COPR.CA,Real Estate,2025-01-12 22:00:00,0.36800000071525574,0.3720000088214874,0.34299999475479126,0.35100001096725464,0.35100001096725464,4581906
COPR.CA,Real Estate,2025-01-13 22:00:00,0.35100001096725464,0.36399999260902405,0.3499999940395355,0.3610000014305115,0.3610000014305115,3298132
COPR.CA,Real Estate,2025-01-14 22:00:00,0.3610000014305115,0.36800000071525574,0.3580000102519989,0.3630000054836273,0.3630000054836273,1701342
COPR.CA,Real Estate,2025-01-15 22:00:00,0.3630000054836273,0.4000000059604645,0.36399999260902405,0.39100000262260437,0.39100000262260437,17071285
COPR.CA,Real Estate,2025-01-18 22:00:00,0.3630000054836273,0.4180000126361847,0.36399999260902405,0.41200000047683716,0.41200000047683716,55031716
COPR.CA,Real Estate,2025-01-19 22:00:00,0.42399999499320984,0.44600000977516174,0.41499999165534973,0.43299999833106995,0.43299999833106995,75787761
COPR.CA,Real Estate,2025-01-20 22:00:00,0.43299999833106995,0.4429999887943268,0.41999998688697815,0.42399999499320984,0.42399999499320984,26902778
COPR.CA,Real Estate,2025-01-21 22:00:00,0.42399999499320984,0.4259999990463257,0.41200000047683716,0.414000004529953,0.414000004529953,17377041
COPR.CA,Real Estate,2025-01-22 22:00:00,0.414000004529953,0.42500001192092896,0.4090000092983246,0.41999998688697815,0.41999998688697815,19720687
COPR.CA,Real Estate,2025-01-25 22:00:00,0.41999998688697815,0.4259999990463257,0.4090000092983246,0.4189999997615814,0.4189999997615814,12256384
COPR.CA,Real Estate,2025-01-26 22:00:00,0.4189999997615814,0.4399999976158142,0.41499999165534973,0.43299999833106995,0.43299999833106995,38942786
COPR.CA,Real Estate,2025-01-27 22:00:00,0.43299999833106995,0.44699999690055847,0.41499999165534973,0.42100000381469727,0.42100000381469727,31720262
COPR.CA,Real Estate,2025-01-28 22:00:00,0.42100000381469727,0.4300000071525574,0.4129999876022339,0.41499999165534973,0.41499999165534973,13261048
COPR.CA,Real Estate,2025-01-29 22:00:00,0.41499999165534973,0.421999990940094,0.4050000011920929,0.4059999883174896,0.4059999883174896,13054515
COPR.CA,Real Estate,2025-02-01 22:00:00,0.4059999883174896,0.4099999964237213,0.3930000066757202,0.39500001072883606,0.39500001072883606,15683495
COPR.CA,Real Estate,2025-02-02 22:00:00,0.39500001072883606,0.39800000190734863,0.3889999985694885,0.39500001072883606,0.39500001072883606,6940775
COPR.CA,Real Estate,2025-02-03 22:00:00,0.39500001072883606,0.41999998688697815,0.3970000147819519,0.4129999876022339,0.4129999876022339,20001251
COPR.CA,Real Estate,2025-02-04 22:00:00,0.4129999876022339,0.42500001192092896,0.4129999876022339,0.42399999499320984,0.42399999499320984,13331403
COPR.CA,Real Estate,2025-02-05 22:00:00,0.42399999499320984,0.44999998807907104,0.41499999165534973,0.44999998807907104,0.44999998807907104,42238490
COPR.CA,Real Estate,2025-02-08 22:00:00,0.44999998807907104,0.47999998927116394,0.453000009059906,0.4569999873638153,0.4569999873638153,37821658
COPR.CA,Real Estate,2025-02-09 22:00:00,0.4569999873638153,0.4699999988079071,0.4300000071525574,0.4569999873638153,0.4569999873638153,26533899
COPR.CA,Real Estate,2025-02-10 22:00:00,0.4569999873638153,0.46000000834465027,0.42399999499320984,0.42899999022483826,0.42899999022483826,14559781
COPR.CA,Real Estate,2025-02-11 22:00:00,0.42899999022483826,0.4350000023841858,0.4099999964237213,0.42800000309944153,0.42800000309944153,7376219
COPR.CA,Real Estate,2025-02-12 22:00:00,0.42800000309944153,0.43799999356269836,0.42800000309944153,0.4300000071525574,0.4300000071525574,8418606
COPR.CA,Real Estate,2025-02-15 22:00:00,0.4300000071525574,0.4440000057220459,0.42500001192092896,0.44200000166893005,0.44200000166893005,22274072
COPR.CA,Real Estate,2025-02-16 22:00:00,0.44200000166893005,0.4449999928474426,0.42899999022483826,0.4300000071525574,0.4300000071525574,12828013
COPR.CA,Real Estate,2025-02-17 22:00:00,0.4300000071525574,0.43700000643730164,0.42800000309944153,0.42899999022483826,0.42899999022483826,2079167
COPR.CA,Real Estate,2025-02-18 22:00:00,0.42899999022483826,0.4339999854564667,0.4300000071525574,0.4300000071525574,0.4300000071525574,3466856
COPR.CA,Real Estate,2025-02-19 22:00:00,0.4300000071525574,0.4390000104904175,0.42800000309944153,0.4300000071525574,0.4300000071525574,2566892
COPR.CA,Real Estate,2025-02-22 22:00:00,0.4300000071525574,0.4339999854564667,0.4269999861717224,0.42800000309944153,0.42800000309944153,1723997
COPR.CA,Real Estate,2025-02-23 22:00:00,0.42800000309944153,0.43299999833106995,0.4189999997615814,0.41999998688697815,0.41999998688697815,3155734
COPR.CA,Real Estate,2025-02-24 22:00:00,0.41999998688697815,0.421999990940094,0.41100001335144043,0.4129999876022339,0.4129999876022339,4136558
COPR.CA,Real Estate,2025-02-25 22:00:00,0.4129999876022339,0.4480000138282776,0.4129999876022339,0.4440000057220459,0.4440000057220459,14919965
COPR.CA,Real Estate,2025-02-26 22:00:00,0.4440000057220459,0.44999998807907104,0.4300000071525574,0.4480000138282776,0.4480000138282776,17345438
COPR.CA,Real Estate,2025-03-01 22:00:00,0.4480000138282776,0.4749999940395355,0.4440000057220459,0.4749999940395355,0.4749999940395355,34678424
COPR.CA,Real Estate,2025-03-02 22:00:00,0.4749999940395355,0.47999998927116394,0.46000000834465027,0.4659999907016754,0.4659999907016754,9037714
COPR.CA,Real Estate,2025-03-03 22:00:00,0.4659999907016754,0.5070000290870667,0.46000000834465027,0.4869999885559082,0.4869999885559082,35487648
COPR.CA,Real Estate,2025-03-04 22:00:00,0.4869999885559082,0.5059999823570251,0.4650000035762787,0.46799999475479126,0.46799999475479126,21813559
COPR.CA,Real Estate,2025-03-05 22:00:00,0.46799999475479126,0.5,0.4650000035762787,0.49900001287460327,0.49900001287460327,25457094
COPR.CA,Real Estate,2025-03-08 22:00:00,0.49900001287460327,0.5199999809265137,0.48500001430511475,0.49000000953674316,0.49000000953674316,22420448
COPR.CA,Real Estate,2025-03-09 22:00:00,0.49000000953674316,0.4970000088214874,0.4699999988079071,0.4819999933242798,0.4819999933242798,9581526
COPR.CA,Real Estate,2025-03-10 22:00:00,0.4819999933242798,0.48899999260902405,0.4690000116825104,0.47099998593330383,0.47099998593330383,4164260
COPR.CA,Real Estate,2025-03-11 22:00:00,0.47099998593330383,0.48399999737739563,0.4749999940395355,0.47999998927116394,0.47999998927116394,1660568
COPR.CA,Real Estate,2025-03-12 22:00:00,0.47999998927116394,0.49900001287460327,0.4690000116825104,0.4699999988079071,0.4699999988079071,7232125
COPR.CA,Real Estate,2025-03-15 22:00:00,0.4699999988079071,0.47600001096725464,0.44999998807907104,0.4519999921321869,0.4519999921321869,6465451
COPR.CA,Real Estate,2025-03-16 22:00:00,0.4519999921321869,0.4749999940395355,0.44999998807907104,0.4519999921321869,0.4519999921321869,4826287
COPR.CA,Real Estate,2025-03-17 22:00:00,0.4519999921321869,0.46299999952316284,0.44999998807907104,0.45100000500679016,0.45100000500679016,3013241
COPR.CA,Real Estate,2025-03-18 22:00:00,0.45100000500679016,0.4690000116825104,0.4449999928474426,0.44699999690055847,0.44699999690055847,5456369
COPR.CA,Real Estate,2025-03-19 22:00:00,0.44699999690055847,0.4569999873638153,0.42500001192092896,0.42500001192092896,0.42500001192092896,5895867
COPR.CA,Real Estate,2025-03-22 22:00:00,0.42500001192092896,0.43700000643730164,0.4189999997615814,0.42899999022483826,0.42899999022483826,6321721
COPR.CA,Real Estate,2025-03-23 22:00:00,0.42899999022483826,0.4690000116825104,0.4339999854564667,0.4399999976158142,0.4399999976158142,15905020
COPR.CA,Real Estate,2025-03-24 22:00:00,0.4399999976158142,0.4410000145435333,0.4269999861717224,0.4300000071525574,0.4300000071525574,3345034
COPR.CA,Real Estate,2025-03-25 22:00:00,0.4300000071525574,0.4359999895095825,0.42500001192092896,0.42800000309944153,0.42800000309944153,3830547
COPR.CA,Real Estate,2025-03-26 22:00:00,0.42800000309944153,0.45399999618530273,0.42500001192092896,0.4350000023841858,0.4350000023841858,13226671
COPR.CA,Real Estate,2025-04-02 22:00:00,0.4350000023841858,0.5130000114440918,0.4300000071525574,0.4740000069141388,0.4740000069141388,45642751
COPR.CA,Real Estate,2025-04-05 22:00:00,0.4740000069141388,0.48899999260902405,0.44999998807907104,0.4620000123977661,0.4620000123977661,19092524
COPR.CA,Real Estate,2025-04-06 22:00:00,0.4620000123977661,0.4690000116825104,0.45399999618530273,0.46000000834465027,0.46000000834465027,8795387
COPR.CA,Real Estate,2025-04-07 22:00:00,0.46000000834465027,0.4699999988079071,0.460999995470047,0.46299999952316284,0.46299999952316284,6936831
COPR.CA,Real Estate,2025-04-08 22:00:00,0.46299999952316284,0.46799999475479126,0.4350000023841858,0.4390000104904175,0.4390000104904175,8478412
COPR.CA,Real Estate,2025-04-09 22:00:00,0.4390000104904175,0.4650000035762787,0.4449999928474426,0.45100000500679016,0.45100000500679016,6750375
COPR.CA,Real Estate,2025-04-12 22:00:00,0.45100000500679016,0.4690000116825104,0.44999998807907104,0.46700000762939453,0.46700000762939453,9517390
COPR.CA,Real Estate,2025-04-13 22:00:00,0.46700000762939453,0.550000011920929,0.47999998927116394,0.527999997138977,0.527999997138977,69065708
COPR.CA,Real Estate,2025-04-14 22:00:00,0.527999997138977,0.5619999766349792,0.5230000019073486,0.5550000071525574,0.5550000071525574,47978898
COPR.CA,Real Estate,2025-04-15 22:00:00,0.5550000071525574,0.5569999814033508,0.5379999876022339,0.5540000200271606,0.5540000200271606,17713937
COPR.CA,Real Estate,2025-04-16 22:00:00,0.5540000200271606,0.5799999833106995,0.5379999876022339,0.5799999833106995,0.5799999833106995,48334216
COPR.CA,Real Estate,2025-04-21 22:00:00,0.5799999833106995,0.6150000095367432,0.5809999704360962,0.6129999756813049,0.6129999756813049,29363715
COPR.CA,Real Estate,2025-04-22 22:00:00,0.6129999756813049,0.6470000147819519,0.6200000047683716,0.6209999918937683,0.6209999918937683,23377524
COPR.CA,Real Estate,2025-04-26 21:00:00,0.6209999918937683,0.652999997138977,0.625,0.6499999761581421,0.6499999761581421,19585356
COPR.CA,Real Estate,2025-04-27 21:00:00,0.6499999761581421,0.6589999794960022,0.640999972820282,0.6499999761581421,0.6499999761581421,12429742
COPR.CA,Real Estate,2025-04-28 21:00:00,0.6499999761581421,0.675000011920929,0.6399999856948853,0.6589999794960022,0.6589999794960022,18603853
COPR.CA,Real Estate,2025-04-29 21:00:00,0.6589999794960022,0.6959999799728394,0.6470000147819519,0.6880000233650208,0.6880000233650208,19486695
COPR.CA,Real Estate,2025-05-03 21:00:00,0.6880000233650208,0.7260000109672546,0.6850000023841858,0.7200000286102295,0.7200000286102295,12784423
COPR.CA,Real Estate,2025-05-04 21:00:00,0.7200000286102295,0.7260000109672546,0.6800000071525574,0.7099999785423279,0.7099999785423279,62560264
COPR.CA,Real Estate,2025-05-05 21:00:00,0.7099999785423279,0.8100000023841858,0.7110000252723694,0.7770000100135803,0.7770000100135803,18142231
COPR.CA,Real Estate,2025-05-06 21:00:00,0.7770000100135803,0.8100000023841858,0.7609999775886536,0.7789999842643738,0.7789999842643738,8657170
COPR.CA,Real Estate,2025-05-07 21:00:00,0.7789999842643738,0.859000027179718,0.781000018119812,0.8259999752044678,0.8259999752044678,16525030
COPR.CA,Real Estate,2025-05-10 21:00:00,0.8259999752044678,0.8740000128746033,0.7699999809265137,0.7860000133514404,0.7860000133514404,61832416
COPR.CA,Real Estate,2025-05-11 21:00:00,0.7860000133514404,0.8299999833106995,0.7369999885559082,0.8100000023841858,0.8100000023841858,80035090
COPR.CA,Real Estate,2025-05-12 21:00:00,0.8100000023841858,0.8339999914169312,0.7620000243186951,0.7670000195503235,0.7670000195503235,55692899
COPR.CA,Real Estate,2025-05-13 21:00:00,0.7670000195503235,0.8330000042915344,0.7900000214576721,0.8059999942779541,0.8059999942779541,76267188
COPR.CA,Real Estate,2025-05-14 21:00:00,0.8059999942779541,0.824999988079071,0.8050000071525574,0.8100000023841858,0.8100000023841858,18059513
COPR.CA,Real Estate,2025-05-17 21:00:00,0.8100000023841858,0.8220000267028809,0.753000020980835,0.781000018119812,0.781000018119812,19570084
COPR.CA,Real Estate,2025-05-18 21:00:00,0.781000018119812,0.7900000214576721,0.7509999871253967,0.7639999985694885,0.7639999985694885,5848896
COPR.CA,Real Estate,2025-05-19 21:00:00,0.7639999985694885,0.800000011920929,0.7699999809265137,0.7900000214576721,0.7900000214576721,11678300
COPR.CA,Real Estate,2025-05-20 21:00:00,0.7900000214576721,0.8199999928474426,0.7839999794960022,0.8080000281333923,0.8080000281333923,23692432
COPR.CA,Real Estate,2025-05-21 21:00:00,0.8080000281333923,0.8190000057220459,0.7829999923706055,0.7850000262260437,0.7850000262260437,8129939
COPR.CA,Real Estate,2025-05-24 21:00:00,0.7850000262260437,0.8059999942779541,0.7689999938011169,0.7730000019073486,0.7730000019073486,8442119
COPR.CA,Real Estate,2025-05-25 21:00:00,0.7730000019073486,0.7839999794960022,0.6800000071525574,0.6940000057220459,0.6940000057220459,11872513
COPR.CA,Real Estate,2025-05-26 21:00:00,0.6940000057220459,0.7519999742507935,0.7070000171661377,0.7360000014305115,0.7360000014305115,16416804
COPR.CA,Real Estate,2025-05-27 21:00:00,0.7360000014305115,0.7760000228881836,0.7400000095367432,0.7710000276565552,0.7710000276565552,23611937
COPR.CA,Real Estate,2025-05-28 21:00:00,0.7710000276565552,0.7760000228881836,0.7509999871253967,0.7620000243186951,0.7620000243186951,10594423
COPR.CA,Real Estate,2025-05-31 21:00:00,0.7620000243186951,0.7649999856948853,0.7319999933242798,0.7400000095367432,0.7400000095367432,16747636
COPR.CA,Real Estate,2025-06-01 21:00:00,0.7400000095367432,0.75,0.718999981880188,0.7250000238418579,0.7250000238418579,4051593
COPR.CA,Real Estate,2025-06-02 21:00:00,0.7250000238418579,0.7350000143051147,0.6399999856948853,0.6620000004768372,0.6620000004768372,29206252
COPR.CA,Real Estate,2025-06-03 21:00:00,0.6620000004768372,0.675000011920929,0.6399999856948853,0.6520000100135803,0.6520000100135803,13335083
COPR.CA,Real Estate,2025-06-09 21:00:00,0.6520000100135803,0.6700000166893005,0.6240000128746033,0.6240000128746033,0.6240000128746033,16342797
COPR.CA,Real Estate,2025-06-10 21:00:00,0.6240000128746033,0.6399999856948853,0.6060000061988831,0.609000027179718,0.609000027179718,17629160
COPR.CA,Real Estate,2025-06-11 21:00:00,0.609000027179718,0.6129999756813049,0.5759999752044678,0.5870000123977661,0.5870000123977661,7809216
COPR.CA,Real Estate,2025-06-14 21:00:00,0.5870000123977661,0.6299999952316284,0.5099999904632568,0.6129999756813049,0.6129999756813049,22240488
COPR.CA,Real Estate,2025-06-15 21:00:00,0.6129999756813049,0.6299999952316284,0.5809999704360962,0.5879999995231628,0.5879999995231628,7137600
COPR.CA,Real Estate,2025-06-16 21:00:00,0.5879999995231628,0.6039999723434448,0.5799999833106995,0.6000000238418579,0.6000000238418579,10081640
COPR.CA,Real Estate,2025-06-17 21:00:00,0.6000000238418579,0.6399999856948853,0.5799999833106995,0.6389999985694885,0.6389999985694885,20059933
COPR.CA,Real Estate,2025-06-18 21:00:00,0.6389999985694885,0.640999972820282,0.5899999737739563,0.5950000286102295,0.5950000286102295,8837604
COPR.CA,Real Estate,2025-06-21 21:00:00,0.5950000286102295,0.6200000047683716,0.5540000200271606,0.6129999756813049,0.6129999756813049,11251502
COPR.CA,Real Estate,2025-06-22 21:00:00,0.6129999756813049,0.6299999952316284,0.6110000014305115,0.6179999709129333,0.6179999709129333,3075115
COPR.CA,Real Estate,2025-06-23 21:00:00,0.6179999709129333,0.6899999976158142,0.6259999871253967,0.6809999942779541,0.6809999942779541,10151547
COPR.CA,Real Estate,2025-06-24 21:00:00,0.6809999942779541,0.6970000267028809,0.6600000262260437,0.6919999718666077,0.6919999718666077,11462998
COPR.CA,Real Estate,2025-06-28 21:00:00,0.6919999718666077,0.6980000138282776,0.6700000166893005,0.6859999895095825,0.6859999895095825,7544833
COPR.CA,Real Estate,2025-06-29 21:00:00,0.6859999895095825,0.6899999976158142,0.6700000166893005,0.6700000166893005,0.6700000166893005,5854645
COPR.CA,Real Estate,2025-06-30 21:00:00,0.6700000166893005,0.6769999861717224,0.6439999938011169,0.6520000100135803,0.6520000100135803,5427442
COPR.CA,Real Estate,2025-07-01 21:00:00,0.6520000100135803,0.6800000071525574,0.6480000019073486,0.6499999761581421,0.6499999761581421,11646327
COPR.CA,Real Estate,2025-07-05 21:00:00,0.6499999761581421,0.671999990940094,0.6520000100135803,0.6579999923706055,0.6579999923706055,6423192
COPR.CA,Real Estate,2025-07-06 21:00:00,0.6579999923706055,0.6700000166893005,0.6399999856948853,0.6610000133514404,0.6610000133514404,29292381
COPR.CA,Real Estate,2025-07-08 21:00:00,0.6610000133514404,0.6700000166893005,0.652999997138977,0.6589999794960022,0.6589999794960022,2339959
COPR.CA,Real Estate,2025-07-09 21:00:00,0.6589999794960022,0.7229999899864197,0.6600000262260437,0.6800000071525574,0.6800000071525574,41004563
COPR.CA,Real Estate,2025-07-12 21:00:00,0.6800000071525574,0.7390000224113464,0.6800000071525574,0.734000027179718,0.734000027179718,42004366
COPR.CA,Real Estate,2025-07-13 21:00:00,0.734000027179718,0.7379999756813049,0.703000009059906,0.7149999737739563,0.7149999737739563,12042005
COPR.CA,Real Estate,2025-07-14 21:00:00,0.7149999737739563,0.765999972820282,0.7160000205039978,0.7400000095367432,0.7400000095367432,38880393
COPR.CA,Real Estate,2025-07-15 21:00:00,0.7400000095367432,0.7440000176429749,0.7179999947547913,0.7229999899864197,0.7229999899864197,13036410
COPR.CA,Real Estate,2025-07-16 21:00:00,0.7229999899864197,0.7450000047683716,0.7099999785423279,0.7450000047683716,0.7450000047683716,15939923
COPR.CA,Real Estate,2025-07-19 21:00:00,0.7450000047683716,0.800000011920929,0.7360000014305115,0.796999990940094,0.796999990940094,31238055
COPR.CA,Real Estate,2025-07-20 21:00:00,0.796999990940094,0.8199999928474426,0.7839999794960022,0.796999990940094,0.796999990940094,26118858
COPR.CA,Real Estate,2025-07-21 21:00:00,0.796999990940094,0.8180000185966492,0.7889999747276306,0.7990000247955322,0.7990000247955322,14382388
COPR.CA,Real Estate,2025-07-22 21:00:00,0.7990000247955322,0.7990000247955322,0.7990000247955322,0.7990000247955322,0.7990000247955322,0
COPR.CA,Real Estate,2025-07-26 21:00:00,0.8100000023841858,0.8109999895095825,0.7940000295639038,0.7979999780654907,0.7979999780654907,8625107
COPR.CA,Real Estate,2025-07-27 21:00:00,0.7979999780654907,0.8080000281333923,0.7919999957084656,0.7940000295639038,0.7940000295639038,11083024
COPR.CA,Real Estate,2025-07-28 21:00:00,0.7940000295639038,0.8230000138282776,0.800000011920929,0.8159999847412109,0.8159999847412109,28566037
COPR.CA,Real Estate,2025-07-29 21:00:00,0.8159999847412109,0.8370000123977661,0.7789999842643738,0.796999990940094,0.796999990940094,22238064
COPR.CA,Real Estate,2025-07-30 21:00:00,0.796999990940094,0.8379999995231628,0.796999990940094,0.800000011920929,0.800000011920929,6204862
COPR.CA,Real Estate,2025-08-02 21:00:00,0.800000011920929,0.800000011920929,0.800000011920929,0.800000011920929,0.800000011920929,0
COPR.CA,Real Estate,2025-08-03 21:00:00,0.800000011920929,0.800000011920929,0.800000011920929,0.800000011920929,0.800000011920929,0
COPR.CA,Real Estate,2025-08-04 21:00:00,0.800000011920929,0.800000011920929,0.800000011920929,0.800000011920929,0.800000011920929,0
COPR.CA,Real Estate,2025-08-05 21:00:00,0.800000011920929,0.800000011920929,0.800000011920929,0.800000011920929,0.800000011920929,0
COPR.CA,Real Estate,2025-08-06 21:00:00,0.800000011920929,0.800000011920929,0.800000011920929,0.800000011920929,0.800000011920929,0
COPR.CA,Real Estate,2025-08-09 21:00:00,0.9190000295639038,0.9200000166893005,0.9100000262260437,0.9139999747276306,0.9139999747276306,3406371
COPR.CA,Real Estate,2025-08-10 21:00:00,0.9139999747276306,0.9610000252723694,0.8930000066757202,0.9599999785423279,0.9599999785423279,26350294
COPR.CA,Real Estate,2025-08-11 21:00:00,0.9599999785423279,0.968999981880188,0.9309999942779541,0.9319999814033508,0.9319999814033508,11476671
COPR.CA,Real Estate,2025-08-12 21:00:00,0.9319999814033508,0.9449999928474426,0.9200000166893005,0.9319999814033508,0.9319999814033508,4656907
COPR.CA,Real Estate,2025-08-13 21:00:00,0.9319999814033508,0.9319999814033508,0.8949999809265137,0.8989999890327454,0.8989999890327454,3662697
COPR.CA,Real Estate,2025-08-16 21:00:00,0.8989999890327454,0.9240000247955322,0.8999999761581421,0.9049999713897705,0.9049999713897705,3848577
COPR.CA,Real Estate,2025-08-17 21:00:00,0.9049999713897705,0.9269999861717224,0.8970000147819519,0.9010000228881836,0.9010000228881836,9524679
COPR.CA,Real Estate,2025-08-18 21:00:00,0.9010000228881836,0.9259999990463257,0.8849999904632568,0.9139999747276306,0.9139999747276306,7671417
COPR.CA,Real Estate,2025-08-19 21:00:00,0.9139999747276306,0.9200000166893005,0.8949999809265137,0.8989999890327454,0.8989999890327454,6314105
COPR.CA,Real Estate,2025-08-20 21:00:00,0.8989999890327454,0.9409999847412109,0.8930000066757202,0.9150000214576721,0.9150000214576721,25859345
COPR.CA,Real Estate,2025-08-23 21:00:00,0.9150000214576721,1.0800000429153442,0.921999990940094,1.0410000085830688,1.0410000085830688,38530345
COPR.CA,Real Estate,2025-08-24 21:00:00,1.0410000085830688,1.0959999561309814,1.00600004196167,1.059999942779541,1.059999942779541,35742834
COPR.CA,Real Estate,2025-08-25 21:00:00,1.059999942779541,1.100000023841858,0.9909999966621399,1.0089999437332153,1.0089999437332153,41585607
COPR.CA,Real Estate,2025-08-26 21:00:00,1.0089999437332153,1.0379999876022339,0.9800000190734863,0.9919999837875366,0.9919999837875366,34048554
COPR.CA,Real Estate,2025-08-27 21:00:00,0.9919999837875366,1.0110000371932983,0.9509999752044678,0.9800000190734863,0.9800000190734863,12115202
COPR.CA,Real Estate,2025-08-30 21:00:00,0.9800000190734863,1.00600004196167,0.9620000123977661,0.9649999737739563,0.9649999737739563,7702972
COPR.CA,Real Estate,2025-08-31 21:00:00,0.9649999737739563,0.9869999885559082,0.9399999976158142,0.9739999771118164,0.9739999771118164,13727070
COPR.CA,Real Estate,2025-09-01 21:00:00,0.9739999771118164,0.9800000190734863,0.9399999976158142,0.9440000057220459,0.9440000057220459,5439967
COPR.CA,Real Estate,2025-09-02 21:00:00,0.9440000057220459,1.0069999694824219,0.9399999976158142,0.9700000286102295,0.9700000286102295,26641852
COPR.CA,Real Estate,2025-09-06 21:00:00,0.9700000286102295,1.0,0.9629999995231628,0.968999981880188,0.968999981880188,6742665
COPR.CA,Real Estate,2025-09-07 21:00:00,0.968999981880188,0.9750000238418579,0.925000011920929,0.9350000023841858,0.9350000023841858,9725255
COPR.CA,Real Estate,2025-09-08 21:00:00,0.9350000023841858,0.9480000138282776,0.9110000133514404,0.9200000166893005,0.9200000166893005,5674327
COPR.CA,Real Estate,2025-09-09 21:00:00,0.9200000166893005,0.9279999732971191,0.8999999761581421,0.9110000133514404,0.9110000133514404,2078395
COPR.CA,Real Estate,2025-09-10 21:00:00,0.9110000133514404,0.9240000247955322,0.8870000243186951,0.890999972820282,0.890999972820282,3425414
COPR.CA,Real Estate,2025-09-13 21:00:00,0.890999972820282,0.9110000133514404,0.8820000290870667,0.8949999809265137,0.8949999809265137,6156111
COPR.CA,Real Estate,2025-09-14 21:00:00,0.8949999809265137,0.9049999713897705,0.8600000143051147,0.8669999837875366,0.8669999837875366,2596353
COPR.CA,Real Estate,2025-09-15 21:00:00,0.8669999837875366,0.9750000238418579,0.8330000042915344,0.9300000071525574,0.9300000071525574,21110730
COPR.CA,Real Estate,2025-09-16 21:00:00,0.9300000071525574,0.9210000038146973,0.8610000014305115,0.8899999856948853,0.8899999856948853,3985987
COPR.CA,Real Estate,2025-09-17 21:00:00,0.8899999856948853,0.8999999761581421,0.824999988079071,0.8330000042915344,0.8330000042915344,7158185
COPR.CA,Real Estate,2025-09-20 21:00:00,0.8330000042915344,0.8989999890327454,0.8339999914169312,0.8799999952316284,0.8799999952316284,9170951
COPR.CA,Real Estate,2025-09-21 21:00:00,0.8799999952316284,0.9200000166893005,0.8610000014305115,0.8999999761581421,0.8999999761581421,6837736
COPR.CA,Real Estate,2025-09-22 21:00:00,0.8999999761581421,0.9049999713897705,0.8799999952316284,0.9039999842643738,0.9039999842643738,8312994
COPR.CA,Real Estate,2025-09-23 21:00:00,0.9039999842643738,0.902999997138977,0.8730000257492065,0.878000020980835,0.878000020980835,2816610
COPR.CA,Real Estate,2025-09-24 21:00:00,0.878000020980835,0.8949999809265137,0.8510000109672546,0.8640000224113464,0.8640000224113464,4921100
COPR.CA,Real Estate,2025-09-27 21:00:00,0.8640000224113464,0.906000018119812,0.8629999756813049,0.8949999809265137,0.8949999809265137,10365798
COPR.CA,Real Estate,2025-09-28 21:00:00,0.8949999809265137,0.9049999713897705,0.8650000095367432,0.8690000176429749,0.8690000176429749,3569856
COPR.CA,Real Estate,2025-09-29 21:00:00,0.8690000176429749,0.8799999952316284,0.824999988079071,0.8270000219345093,0.8270000219345093,5673566
COPR.CA,Real Estate,2025-09-30 21:00:00,0.8270000219345093,0.925000011920929,0.8320000171661377,0.8600000143051147,0.8600000143051147,20207178
COPR.CA,Real Estate,2025-10-01 21:00:00,0.8600000143051147,0.8840000033378601,0.8410000205039978,0.8489999771118164,0.8489999771118164,9240287
COPR.CA,Real Estate,2025-10-04 21:00:00,0.8489999771118164,0.9020000100135803,0.8500000238418579,0.8820000290870667,0.8820000290870667,8802243
COPR.CA,Real Estate,2025-10-05 21:00:00,0.8820000290870667,0.9100000262260437,0.8799999952316284,0.9089999794960022,0.9089999794960022,5645217
COPR.CA,Real Estate,2025-10-06 21:00:00,0.9089999794960022,0.9150000214576721,0.8920000195503235,0.9139999747276306,0.9139999747276306,5925421
COPR.CA,Real Estate,2025-10-07 21:00:00,0.9139999747276306,0.9190000295639038,0.890999972820282,0.9100000262260437,0.9100000262260437,5438597
COPR.CA,Real Estate,2025-10-11 21:00:00,0.9100000262260437,0.9100000262260437,0.890999972820282,0.8999999761581421,0.8999999761581421,4179893
COPR.CA,Real Estate,2025-10-12 21:00:00,0.8999999761581421,0.8999999761581421,0.8799999952316284,0.8830000162124634,0.8830000162124634,1865388
COPR.CA,Real Estate,2025-10-13 21:00:00,0.8830000162124634,0.9089999794960022,0.8830000162124634,0.8849999904632568,0.8849999904632568,7134000
COPR.CA,Real Estate,2025-10-14 21:00:00,0.8849999904632568,0.9879999756813049,0.8899999856948853,0.9700000286102295,0.9700000286102295,34437246
COPR.CA,Real Estate,2025-10-15 21:00:00,0.9700000286102295,1.0199999809265137,0.9599999785423279,1.0080000162124634,1.0080000162124634,48672248
COPR.CA,Real Estate,2025-10-18 21:00:00,1.0080000162124634,1.1699999570846558,0.9900000095367432,1.100000023841858,1.100000023841858,51189382
COPR.CA,Real Estate,2025-10-19 21:00:00,1.100000023841858,1.1100000143051147,1.0499999523162842,1.059999942779541,1.059999942779541,19585192
COPR.CA,Real Estate,2025-10-20 21:00:00,1.059999942779541,1.2000000476837158,1.0499999523162842,1.059999942779541,1.059999942779541,62833640
COPR.CA,Real Estate,2025-10-21 21:00:00,1.059999942779541,1.100000023841858,1.0399999618530273,1.0800000429153442,1.0800000429153442,24264676
COPR.CA,Real Estate,2025-10-22 21:00:00,1.0800000429153442,1.1100000143051147,1.059999942779541,1.0700000524520874,1.0700000524520874,25496181
COPR.CA,Real Estate,2025-10-25 21:00:00,1.0700000524520874,1.0800000429153442,0.9800000190734863,0.9900000095367432,0.9900000095367432,24104423
COPR.CA,Real Estate,2025-10-26 21:00:00,0.9900000095367432,1.0099999904632568,0.800000011920929,0.800000011920929,0.800000011920929,50961173
COPR.CA,Real Estate,2025-10-27 21:00:00,0.800000011920929,0.7599999904632568,0.6399999856948853,0.6399999856948853,0.6399999856948853,229288052
COPR.CA,Real Estate,2025-10-28 21:00:00,0.6399999856948853,0.6800000071525574,0.6000000238418579,0.6299999952316284,0.6299999952316284,175662967
COPR.CA,Real Estate,2025-10-29 21:00:00,0.6299999952316284,0.6399999856948853,0.5799999833106995,0.6000000238418579,0.6000000238418579,119017216
COPR.CA,Real Estate,2025-11-01 22:00:00,0.6000000238418579,0.6000000238418579,0.5799999833106995,0.5899999737739563,0.5899999737739563,34092674
COPR.CA,Real Estate,2025-11-02 22:00:00,0.5899999737739563,0.5950000286102295,0.5550000071525574,0.5590000152587891,0.5590000152587891,48404909
COPR.CA,Real Estate,2025-11-03 22:00:00,0.5590000152587891,0.6159999966621399,0.5580000281333923,0.5960000157356262,0.5960000157356262,146462921
COPR.CA,Real Estate,2025-11-04 22:00:00,0.5960000157356262,0.6019999980926514,0.5759999752044678,0.5889999866485596,0.5889999866485596,33334582
COPR.CA,Real Estate,2025-11-05 22:00:00,0.5889999866485596,0.593999981880188,0.5789999961853027,0.5849999785423279,0.5849999785423279,31376224
COPR.CA,Real Estate,2025-11-08 22:00:00,0.5849999785423279,0.5950000286102295,0.578000009059906,0.5849999785423279,0.5849999785423279,24804353
COPR.CA,Real Estate,2025-11-09 22:00:00,0.5849999785423279,0.5849999785423279,0.574999988079071,0.5770000219345093,0.5770000219345093,15362765
COPR.CA,Real Estate,2025-11-10 22:00:00,0.5770000219345093,0.5820000171661377,0.5699999928474426,0.5699999928474426,0.5699999928474426,10350909
COPR.CA,Real Estate,2025-11-11 22:00:00,0.5699999928474426,0.5759999752044678,0.5609999895095825,0.5640000104904175,0.5640000104904175,13401523
COPR.CA,Real Estate,2025-11-12 22:00:00,0.5640000104904175,0.5720000267028809,0.5590000152587891,0.5630000233650208,0.5630000233650208,20140801
COPR.CA,Real Estate,2025-11-15 22:00:00,0.5630000233650208,0.5950000286102295,0.5600000023841858,0.5830000042915344,0.5830000042915344,62642686
COPR.CA,Real Estate,2025-11-16 22:00:00,0.5830000042915344,0.6069999933242798,0.5849999785423279,0.5870000123977661,0.5870000123977661,44224814
COPR.CA,Real Estate,2025-11-17 22:00:00,0.5870000123977661,0.5929999947547913,0.5740000009536743,0.574999988079071,0.574999988079071,13392780
COPR.CA,Real Estate,2025-11-18 22:00:00,0.574999988079071,0.5820000171661377,0.5649999976158142,0.5659999847412109,0.5659999847412109,15999631
COPR.CA,Real Estate,2025-11-19 22:00:00,0.5659999847412109,0.5730000138282776,0.5619999766349792,0.5619999766349792,0.5619999766349792,12155230
COPR.CA,Real Estate,2025-11-22 22:00:00,0.5619999766349792,0.5690000057220459,0.5600000023841858,0.5619999766349792,0.5619999766349792,11435867
COPR.CA,Real Estate,2025-11-23 22:00:00,0.5619999766349792,0.5630000233650208,0.5450000166893005,0.550000011920929,0.550000011920929,25749909
COPR.CA,Real Estate,2025-11-24 22:00:00,0.550000011920929,0.5699999928474426,0.5389999747276306,0.5540000200271606,0.5540000200271606,36676029
COPR.CA,Real Estate,2025-11-25 22:00:00,0.5540000200271606,0.5630000233650208,0.5490000247955322,0.550000011920929,0.550000011920929,17586608
COPR.CA,Real Estate,2025-11-26 22:00:00,0.550000011920929,0.574999988079071,0.5529999732971191,0.5630000233650208,0.5630000233650208,29169153
COPR.CA,Real Estate,2025-11-29 22:00:00,0.5630000233650208,0.5669999718666077,0.5569999814033508,0.5590000152587891,0.5590000152587891,10588555
COPR.CA,Real Estate,2025-11-30 22:00:00,0.5590000152587891,0.5649999976158142,0.5550000071525574,0.5580000281333923,0.5580000281333923,13172912
COPR.CA,Real Estate,2025-12-01 22:00:00,0.5580000281333923,0.5720000267028809,0.5109999775886536,0.5400000214576721,0.5400000214576721,69055149
COPR.CA,Real Estate,2025-12-02 22:00:00,0.5400000214576721,0.5450000166893005,0.5289999842643738,0.5339999794960022,0.5339999794960022,37499058
COPR.CA,Real Estate,2025-12-03 22:00:00,0.5339999794960022,0.5490000247955322,0.531000018119812,0.5400000214576721,0.5400000214576721,36966784
COPR.CA,Real Estate,2025-12-06 22:00:00,0.5400000214576721,0.5569999814033508,0.5419999957084656,0.546999990940094,0.546999990940094,24192506
COPR.CA,Real Estate,2025-12-07 22:00:00,0.546999990940094,0.5659999847412109,0.546999990940094,0.5509999990463257,0.5509999990463257,27842492
COPR.CA,Real Estate,2025-12-08 22:00:00,0.5509999990463257,0.5590000152587891,0.5479999780654907,0.5490000247955322,0.5490000247955322,9317262
COPR.CA,Real Estate,2025-12-09 22:00:00,0.5490000247955322,0.5550000071525574,0.5460000038146973,0.550000011920929,0.550000011920929,11100772
COPR.CA,Real Estate,2025-12-10 22:00:00,0.550000011920929,0.5630000233650208,0.546999990940094,0.5479999780654907,0.5479999780654907,29551688
COPR.CA,Real Estate,2025-12-13 22:00:00,0.2833290100097656,0.2864310145378113,0.2760910093784332,0.2791930139064789,0.2791930139064789,79465135
COPR.CA,Real Estate,2025-12-14 22:00:00,0.2791930139064789,0.27867600321769714,0.27247199416160583,0.2745400071144104,0.2745400071144104,39880838
COPR.CA,Real Estate,2025-12-15 22:00:00,0.27384600043296814,0.2759079933166504,0.2681730091571808,0.2681730091571808,0.2681730091571808,41368070
COPR.CA,Real Estate,2025-12-16 22:00:00,0.2681730091571808,0.2692039906978607,0.26043701171875,0.2619839906692505,0.2619839906692505,51474192
COPR.CA,Real Estate,2025-12-17 22:00:00,0.2619839906692505,0.29137998819351196,0.2588900029659271,0.28777000308036804,0.28777000308036804,279384531
COPR.CA,Real Estate,2025-12-20 22:00:00,0.28777000308036804,0.29808399081230164,0.27900299429893494,0.2898330092430115,0.2898330092430115,199273839
COPR.CA,Real Estate,2025-12-21 22:00:00,0.28999999165534973,0.3479999899864197,0.3479999899864197,0.3479999899864197,0.3479999899864197,4274638
COPR.CA,Real Estate,2025-12-22 22:00:00,0.3479999899864197,0.39399999380111694,0.36000001430511475,0.3610000014305115,0.3610000014305115,184767564
COPR.CA,Real Estate,2025-12-23 22:00:00,0.3610000014305115,0.35899999737739563,0.3400000035762787,0.3499999940395355,0.3499999940395355,65488546
COPR.CA,Real Estate,2025-12-24 22:00:00,0.3499999940395355,0.36399999260902405,0.3449999988079071,0.3540000021457672,0.3540000021457672,137416805
COPR.CA,Real Estate,2025-12-27 22:00:00,0.3540000021457672,0.3580000102519989,0.3449999988079071,0.3449999988079071,0.3449999988079071,58491103
COPR.CA,Real Estate,2025-12-28 22:00:00,0.3449999988079071,0.3490000069141388,0.3370000123977661,0.33799999952316284,0.33799999952316284,60687471
COPR.CA,Real Estate,2025-12-29 22:00:00,0.33799999952316284,0.3409999907016754,0.33000001311302185,0.3400000035762787,0.3400000035762787,48168786
COPR.CA,Real Estate,2025-12-30 22:00:00,0.3400000035762787,0.3400000035762787,0.3330000042915344,0.3330000042915344,0.3330000042915344,33134267
COPR.CA,Real Estate,2026-01-03 22:00:00,0.3330000042915344,0.335999995470047,0.3269999921321869,0.3269999921321869,0.3269999921321869,27611454
COPR.CA,Real Estate,2026-01-04 22:00:00,0.3269999921321869,0.3319999873638153,0.3179999887943268,0.32199999690055847,0.32199999690055847,40623174
COPR.CA,Real Estate,2026-01-05 22:00:00,0.32199999690055847,0.3269999921321869,0.3199999928474426,0.32100000977516174,0.32100000977516174,22259229
COPR.CA,Real Estate,2026-01-07 22:00:00,0.32100000977516174,0.33399999141693115,0.3199999928474426,0.32600000500679016,0.32600000500679016,37080826
COPR.CA,Real Estate,2026-01-10 22:00:00,0.32600000500679016,0.328000009059906,0.3230000138282776,0.32499998807907104,0.32499998807907104,8099653
COPR.CA,Real Estate,2026-01-11 22:00:00,0.32499998807907104,0.328000009059906,0.3179999887943268,0.3190000057220459,0.3190000057220459,11450617
COPR.CA,Real Estate,2026-01-12 22:00:00,0.3190000057220459,0.3230000138282776,0.3160000145435333,0.3199999928474426,0.3199999928474426,14460217
COPR.CA,Real Estate,2026-01-13 22:00:00,0.3199999928474426,0.3400000035762787,0.3100000023841858,0.3269999921321869,0.3269999921321869,60808040
COPR.CA,Real Estate,2026-01-14 22:00:00,0.3269999921321869,0.33399999141693115,0.3179999887943268,0.3190000057220459,0.3190000057220459,17516889
COPR.CA,Real Estate,2026-01-17 22:00:00,0.3190000057220459,0.32600000500679016,0.3179999887943268,0.3199999928474426,0.3199999928474426,11487551
COPR.CA,Real Estate,2026-01-18 22:00:00,0.3199999928474426,0.33000001311302185,0.3179999887943268,0.3269999921321869,0.3269999921321869,45912652
COPR.CA,Real Estate,2026-01-19 22:00:00,0.3269999921321869,0.3310000002384186,0.32199999690055847,0.32899999618530273,0.32899999618530273,43279466
COPR.CA,Real Estate,2026-01-20 22:00:00,0.32899999618530273,0.3310000002384186,0.3199999928474426,0.3199999928474426,0.3199999928474426,32917216
COPR.CA,Real Estate,2026-01-21 22:00:00,0.3199999928474426,0.3240000009536743,0.3179999887943268,0.3190000057220459,0.3190000057220459,19881913
COPR.CA,Real Estate,2026-01-24 22:00:00,0.3190000057220459,0.32100000977516174,0.31200000643730164,0.3140000104904175,0.3140000104904175,13681371
COPR.CA,Real Estate,2026-01-25 22:00:00,0.3140000104904175,0.3160000145435333,0.3070000112056732,0.3089999854564667,0.3089999854564667,19124134
COPR.CA,Real Estate,2026-01-26 22:00:00,0.3089999854564667,0.3160000145435333,0.30799999833106995,0.3100000023841858,0.3100000023841858,13352258
COPR.CA,Real Estate,2026-01-27 22:00:00,0.3100000023841858,0.31299999356269836,0.296999990940094,0.29899999499320984,0.29899999499320984,18481709
COPR.CA,Real Estate,2026-01-31 22:00:00,0.29899999499320984,0.3050000071525574,0.30000001192092896,0.30399999022483826,0.30399999022483826,6082151
COPR.CA,Real Estate,2026-02-01 22:00:00,0.30399999022483826,0.3059999942779541,0.3019999861717224,0.30399999022483826,0.30399999022483826,8513949
COPR.CA,Real Estate,2026-02-02 22:00:00,0.30399999022483826,0.31200000643730164,0.30399999022483826,0.3059999942779541,0.3059999942779541,16742850
COPR.CA,Real Estate,2026-02-03 22:00:00,0.3059999942779541,0.3230000138282776,0.3070000112056732,0.31200000643730164,0.31200000643730164,48685316
COPR.CA,Real Estate,2026-02-04 22:00:00,0.31200000643730164,0.3140000104904175,0.3089999854564667,0.3109999895095825,0.3109999895095825,14198680
COPR.CA,Real Estate,2026-02-07 22:00:00,0.3109999895095825,0.3160000145435333,0.3100000023841858,0.3100000023841858,0.3100000023841858,12915343
COPR.CA,Real Estate,2026-02-08 22:00:00,0.3100000023841858,0.3199999928474426,0.30799999833106995,0.31299999356269836,0.31299999356269836,30919585
COPR.CA,Real Estate,2026-02-09 22:00:00,0.31299999356269836,0.3179999887943268,0.3109999895095825,0.31299999356269836,0.31299999356269836,13402114
COPR.CA,Real Estate,2026-02-10 22:00:00,0.31299999356269836,0.3160000145435333,0.3100000023841858,0.3109999895095825,0.3109999895095825,16392789
COPR.CA,Real Estate,2026-02-11 22:00:00,0.3109999895095825,0.3149999976158142,0.3100000023841858,0.3109999895095825,0.3109999895095825,5370964
COPR.CA,Real Estate,2026-02-14 22:00:00,0.3109999895095825,0.3160000145435333,0.3109999895095825,0.31299999356269836,0.31299999356269836,11491818
COPR.CA,Real Estate,2026-02-15 22:00:00,0.31299999356269836,0.3149999976158142,0.3109999895095825,0.31200000643730164,0.31200000643730164,5625158
COPR.CA,Real Estate,2026-02-16 22:00:00,0.31200000643730164,0.31299999356269836,0.3100000023841858,0.3109999895095825,0.3109999895095825,6154342
COPR.CA,Real Estate,2026-02-17 22:00:00,0.3109999895095825,0.3140000104904175,0.3089999854564667,0.31200000643730164,0.31200000643730164,25169147
COPR.CA,Real Estate,2026-02-18 22:00:00,0.31200000643730164,0.31200000643730164,0.3070000112056732,0.30799999833106995,0.30799999833106995,8766504
COPR.CA,Real Estate,2026-02-21 22:00:00,0.30799999833106995,0.3109999895095825,0.3009999990463257,0.3019999861717224,0.3019999861717224,7042971
COPR.CA,Real Estate,2026-02-22 22:00:00,0.3019999861717224,0.3059999942779541,0.3009999990463257,0.30300000309944153,0.30300000309944153,4895878
COPR.CA,Real Estate,2026-02-23 22:00:00,0.30300000309944153,0.30399999022483826,0.29899999499320984,0.3009999990463257,0.3009999990463257,6997665
COPR.CA,Real Estate,2026-02-24 22:00:00,0.3009999990463257,0.30300000309944153,0.28700000047683716,0.2919999957084656,0.2919999957084656,7179942
COPR.CA,Real Estate,2026-02-25 22:00:00,0.2919999957084656,0.3370000123977661,0.2919999957084656,0.3160000145435333,0.3160000145435333,61356501
COPR.CA,Real Estate,2026-02-28 22:00:00,0.3160000145435333,0.30799999833106995,0.28299999237060547,0.3019999861717224,0.3019999861717224,22478063
COPR.CA,Real Estate,2026-03-01 22:00:00,0.3019999861717224,0.3179999887943268,0.29600000381469727,0.30300000309944153,0.30300000309944153,20042384
COPR.CA,Real Estate,2026-03-02 22:00:00,0.30300000309944153,0.3059999942779541,0.30000001192092896,0.3019999861717224,0.3019999861717224,9502590
COPR.CA,Real Estate,2026-03-03 22:00:00,0.3019999861717224,0.30399999022483826,0.29499998688697815,0.2980000078678131,0.2980000078678131,13214602
COPR.CA,Real Estate,2026-03-04 22:00:00,0.2980000078678131,0.30399999022483826,0.30000001192092896,0.3019999861717224,0.3019999861717224,8385191
COPR.CA,Real Estate,2026-03-07 22:00:00,0.3019999861717224,0.3089999854564667,0.3019999861717224,0.30300000309944153,0.30300000309944153,9985120
COPR.CA,Real Estate,2026-03-08 22:00:00,0.30300000309944153,0.3179999887943268,0.30300000309944153,0.31299999356269836,0.31299999356269836,25915035
COPR.CA,Real Estate,2026-03-09 22:00:00,0.31299999356269836,0.32100000977516174,0.31299999356269836,0.3179999887943268,0.3179999887943268,31698025
COPR.CA,Real Estate,2026-03-10 22:00:00,0.3179999887943268,0.3199999928474426,0.31299999356269836,0.3140000104904175,0.3140000104904175,13907013
COPR.CA,Real Estate,2026-03-11 22:00:00,0.3140000104904175,0.3160000145435333,0.30799999833106995,0.3100000023841858,0.3100000023841858,9453712
COPR.CA,Real Estate,2026-03-14 22:00:00,0.3100000023841858,0.31299999356269836,0.3059999942779541,0.3070000112056732,0.3070000112056732,6835354
COPR.CA,Real Estate,2026-03-15 22:00:00,0.3070000112056732,0.3100000023841858,0.30300000309944153,0.30399999022483826,0.30399999022483826,6661458
COPR.CA,Real Estate,2026-03-16 22:00:00,0.30399999022483826,0.30799999833106995,0.30000001192092896,0.30399999022483826,0.30399999022483826,8878381
COPR.CA,Real Estate,2026-03-17 22:00:00,0.30399999022483826,0.3199999928474426,0.3050000071525574,0.3179999887943268,0.3179999887943268,15500214
COPR.CA,Real Estate,2026-03-18 22:00:00,0.3179999887943268,0.3179999887943268,0.3179999887943268,0.3179999887943268,0.3179999887943268,0
COPR.CA,Real Estate,2026-03-23 22:00:00,0.3179999887943268,0.3199999928474426,0.31299999356269836,0.31299999356269836,0.31299999356269836,12847266
COPR.CA,Real Estate,2026-03-24 22:00:00,0.31299999356269836,0.3160000145435333,0.3109999895095825,0.31299999356269836,0.31299999356269836,5882395
COPR.CA,Real Estate,2026-03-25 22:00:00,0.31299999356269836,0.3149999976158142,0.3089999854564667,0.3109999895095825,0.3109999895095825,9059527
COPR.CA,Real Estate,2026-03-28 22:00:00,0.3109999895095825,0.31200000643730164,0.3059999942779541,0.3059999942779541,0.3059999942779541,6364385
COPR.CA,Real Estate,2026-03-29 22:00:00,0.3059999942779541,0.3109999895095825,0.3050000071525574,0.3050000071525574,0.3050000071525574,5714732
COPR.CA,Real Estate,2026-03-30 22:00:00,0.3050000071525574,0.31200000643730164,0.2939999997615814,0.3059999942779541,0.3059999942779541,4463123
COPR.CA,Real Estate,2026-03-31 22:00:00,0.3059999942779541,0.3190000057220459,0.3059999942779541,0.30799999833106995,0.30799999833106995,21986985
COPR.CA,Real Estate,2026-04-01 22:00:00,0.30799999833106995,0.3109999895095825,0.30300000309944153,0.3050000071525574,0.3050000071525574,8734596
COPR.CA,Real Estate,2026-04-04 22:00:00,0.3050000071525574,0.30799999833106995,0.3009999990463257,0.3019999861717224,0.3019999861717224,16162203
COPR.CA,Real Estate,2026-04-05 22:00:00,0.3019999861717224,0.2939999997615814,0.2809999883174896,0.2849999964237213,0.2849999964237213,211942290
COPR.CA,Real Estate,2026-04-06 22:00:00,0.2849999964237213,0.2849999964237213,0.2770000100135803,0.27799999713897705,0.27799999713897705,112261214
COPR.CA,Real Estate,2026-04-07 22:00:00,0.27799999713897705,0.2840000092983246,0.27399998903274536,0.28200000524520874,0.28200000524520874,81184801
COPR.CA,Real Estate,2026-04-08 22:00:00,0.28200000524520874,0.2849999964237213,0.2800000011920929,0.2809999883174896,0.2809999883174896,132064631
COPR.CA,Real Estate,2026-04-13 22:00:00,0.2809999883174896,0.28200000524520874,0.27799999713897705,0.2800000011920929,0.2800000011920929,48275792
COPR.CA,Real Estate,2026-04-14 22:00:00,0.2800000011920929,0.28299999237060547,0.2800000011920929,0.28200000524520874,0.28200000524520874,43738624
COPR.CA,Real Estate,2026-04-15 22:00:00,0.28200000524520874,0.28600001335144043,0.28200000524520874,0.2840000092983246,0.2840000092983246,56755382
COPR.CA,Real Estate,2026-04-18 22:00:00,0.2840000092983246,0.2849999964237213,0.2809999883174896,0.2809999883174896,0.2809999883174896,31656660
COPR.CA,Real Estate,2026-04-19 22:00:00,0.2809999883174896,0.28299999237060547,0.2809999883174896,0.2809999883174896,0.2809999883174896,21463296
COPR.CA,Real Estate,2026-04-20 22:00:00,0.2809999883174896,0.2840000092983246,0.2809999883174896,0.28200000524520874,0.28200000524520874,39629016
COPR.CA,Real Estate,2026-04-21 22:00:00,0.28200000524520874,0.28600001335144043,0.28200000524520874,0.2840000092983246,0.2840000092983246,50816930
COPR.CA,Real Estate,2026-04-22 22:00:00,0.2840000092983246,0.29600000381469727,0.2840000092983246,0.2919999957084656,0.2919999957084656,111828976
COPR.CA,Real Estate,2026-04-25 21:00:00,0.2919999957084656,0.29499998688697815,0.2879999876022339,0.28999999165534973,0.28999999165534973,58929800
COPR.CA,Real Estate,2026-04-26 21:00:00,0.28999999165534973,0.2919999957084656,0.28999999165534973,0.2919999957084656,0.2919999957084656,23085767
COPR.CA,Real Estate,2026-04-27 21:00:00,0.2919999957084656,0.3050000071525574,0.2919999957084656,0.30399999022483826,0.30399999022483826,234867358
COPR.CA,Real Estate,2026-04-28 21:00:00,0.30399999022483826,0.3149999976158142,0.3050000071525574,0.31200000643730164,0.31200000643730164,151667562
COPR.CA,Real Estate,2026-04-29 21:00:00,0.31200000643730164,0.3190000057220459,0.3070000112056732,0.31299999356269836,0.31299999356269836,84121183
COPR.CA,Real Estate,2026-05-02 21:00:00,0.31299999356269836,0.31700000166893005,0.3109999895095825,0.3109999895095825,0.3109999895095825,44510187
COPR.CA,Real Estate,2026-05-03 21:00:00,0.3109999895095825,0.3140000104904175,0.30300000309944153,0.30399999022483826,0.30399999022483826,52327312
COPR.CA,Real Estate,2026-05-04 21:00:00,0.30399999022483826,0.3070000112056732,0.29499998688697815,0.3009999990463257,0.3009999990463257,70629434
COPR.CA,Real Estate,2026-05-05 21:00:00,0.3009999990463257,0.31200000643730164,0.3019999861717224,0.3100000023841858,0.3100000023841858,58880679
COPR.CA,Real Estate,2026-05-09 21:00:00,0.3100000023841858,0.3269999921321869,0.3100000023841858,0.3240000009536743,0.3240000009536743,139302392
COPR.CA,Real Estate,2026-05-10 21:00:00,0.3240000009536743,0.3330000042915344,0.3230000138282776,0.32499998807907104,0.32499998807907104,70274332
COPR.CA,Real Estate,2026-05-11 21:00:00,0.32499998807907104,0.32600000500679016,0.31700000166893005,0.3240000009536743,0.3240000009536743,73388672
COPR.CA,Real Estate,2026-05-12 21:00:00,0.3240000009536743,0.3269999921321869,0.3179999887943268,0.32100000977516174,0.32100000977516174,60423389
COPR.CA,Real Estate,2026-05-13 21:00:00,0.32100000977516174,0.3240000009536743,0.3190000057220459,0.3199999928474426,0.3199999928474426,28631799
COPR.CA,Real Estate,2026-05-16 21:00:00,0.3199999928474426,0.35499998927116394,0.32100000977516174,0.3490000069141388,0.3490000069141388,313777801
COPR.CA,Real Estate,2026-05-17 21:00:00,0.3490000069141388,0.36800000071525574,0.3409999907016754,0.3490000069141388,0.3490000069141388,250784247
COPR.CA,Real Estate,2026-05-18 21:00:00,0.3490000069141388,0.3529999852180481,0.33899998664855957,0.3449999988079071,0.3449999988079071,131024666
COPR.CA,Real Estate,2026-05-19 21:00:00,0.3449999988079071,0.36899998784065247,0.3449999988079071,0.35600000619888306,0.35600000619888306,293782735
COPR.CA,Real Estate,2026-05-20 21:00:00,0.35600000619888306,0.3700000047683716,0.35600000619888306,0.3619999885559082,0.3619999885559082,124438870
COPR.CA,Real Estate,2026-05-23 21:00:00,0.3619999885559082,0.367000013589859,0.35499998927116394,0.35600000619888306,0.35600000619888306,90987408
COPR.CA,Real Estate,2026-05-24 21:00:00,0.35600000619888306,0.3659999966621399,0.3540000021457672,0.35899999737739563,0.35899999737739563,107113873
COPR.CA,Real Estate,2026-05-25 21:00:00,0.35899999737739563,0.35899999737739563,0.35899999737739563,0.35899999737739563,0.35899999737739563,0
COPR.CA,Real Estate,2026-05-26 21:00:00,0.35899999737739563,0.35899999737739563,0.35899999737739563,0.35899999737739563,0.35899999737739563,0
COPR.CA,Real Estate,2026-05-27 21:00:00,0.35899999737739563,0.35899999737739563,0.35899999737739563,0.35899999737739563,0.35899999737739563,0
COPR.CA,Real Estate,2026-05-31 21:00:00,0.35899999737739563,0.367000013589859,0.36000001430511475,0.36000001430511475,0.36000001430511475,75776193
COPR.CA,Real Estate,2026-06-01 21:00:00,0.36000001430511475,0.36399999260902405,0.35499998927116394,0.3569999933242798,0.3569999933242798,57853483
COPR.CA,Real Estate,2026-06-02 21:00:00,0.3569999933242798,0.35899999737739563,0.3529999852180481,0.35499998927116394,0.35499998927116394,30613423
COPR.CA,Real Estate,2026-06-03 21:00:00,0.35499998927116394,0.3659999966621399,0.35199999809265137,0.35600000619888306,0.35600000619888306,88037420
COPR.CA,Real Estate,2026-06-06 21:00:00,0.35600000619888306,0.37400001287460327,0.3569999933242798,0.36399999260902405,0.36399999260902405,138055063
COPR.CA,Real Estate,2026-06-07 21:00:00,0.36399999260902405,0.3659999966621399,0.3569999933242798,0.35899999737739563,0.35899999737739563,49803449
COPR.CA,Real Estate,2026-06-08 21:00:00,0.35899999737739563,0.36800000071525574,0.36000001430511475,0.3619999885559082,0.3619999885559082,35002274
COPR.CA,Real Estate,2026-06-09 21:00:00,0.3619999885559082,0.382999986410141,0.3630000054836273,0.36399999260902405,0.36399999260902405,178147763
COPR.CA,Real Estate,2026-06-10 21:00:00,0.36399999260902405,0.367000013589859,0.35600000619888306,0.3610000014305115,0.3610000014305115,52648725
COPR.CA,Real Estate,2026-06-13 21:00:00,0.3610000014305115,0.3709999918937683,0.3529999852180481,0.36000001430511475,0.36000001430511475,137308676
COPR.CA,Real Estate,2026-06-14 21:00:00,0.36000001430511475,0.3659999966621399,0.35899999737739563,0.3619999885559082,0.3619999885559082,47978525
COPR.CA,Real Estate,2026-06-15 21:00:00,0.3619999885559082,0.3720000088214874,0.36000001430511475,0.3720000088214874,0.3720000088214874,116523259
COPR.CA,Real Estate,2026-06-16 21:00:00,0.3720000088214874,0.3720000088214874,0.3720000088214874,0.3720000088214874,0.3720000088214874,0
COPR.CA,Real Estate,2026-06-17 21:00:00,0.3720000088214874,0.3720000088214874,0.3720000088214874,0.3720000088214874,0.3720000088214874,0
COPR.CA,Real Estate,2026-06-20 21:00:00,0.3840000033378601,0.39500001072883606,0.3779999911785126,0.3799999952316284,0.3799999952316284,122026162
COPR.CA,Real Estate,2026-06-21 21:00:00,0.3799999952316284,0.3799999952316284,0.3799999952316284,0.3799999952316284,0.3799999952316284,0
COPR.CA,Real Estate,2026-06-22 21:00:00,0.37299999594688416,0.37299999594688416,0.36000001430511475,0.36000001430511475,0.36000001430511475,62064048
COPR.CA,Real Estate,2026-06-23 21:00:00,0.36000001430511475,0.36800000071525574,0.3569999933242798,0.3619999885559082,0.3619999885559082,40737151
COPR.CA,Real Estate,2026-06-24 21:00:00,0.3619999885559082,0.3709999918937683,0.36399999260902405,0.36500000953674316,0.36500000953674316,39217715
COPR.CA,Real Estate,2026-06-27 21:00:00,0.36500000953674316,0.36800000071525574,0.35899999737739563,0.36000001430511475,0.36000001430511475,31163488
COPR.CA,Real Estate,2026-06-28 21:00:00,0.36000001430511475,0.3610000014305115,0.3529999852180481,0.3540000021457672,0.3540000021457672,38432806
COPR.CA,Real Estate,2026-06-29 21:00:00,0.3540000021457672,0.3610000014305115,0.3540000021457672,0.35600000619888306,0.35600000619888306,27685607
COPR.CA,Real Estate,2026-06-30 21:00:00,0.35600000619888306,0.3619999885559082,0.3580000102519989,0.3619999885559082,0.3619999885559082,18401159
COPR.CA,Real Estate,2026-07-04 21:00:00,0.3619999885559082,0.367000013589859,0.3619999885559082,0.3630000054836273,0.3630000054836273,21251743
COPR.CA,Real Estate,2026-07-05 21:00:00,0.3630000054836273,0.36899998784065247,0.3619999885559082,0.3630000054836273,0.3630000054836273,57958197
COPR.CA,Real Estate,2026-07-06 21:00:00,0.3630000054836273,0.3659999966621399,0.35899999737739563,0.36000001430511475,0.36000001430511475,43300418
COPR.CA,Real Estate,2026-07-07 21:00:00,0.36000001430511475,0.3630000054836273,0.3540000021457672,0.3569999933242798,0.3569999933242798,28604156
COPR.CA,Real Estate,2026-07-08 21:00:00,0.3569999933242798,0.3610000014305115,0.3540000021457672,0.35899999737739563,0.35899999737739563,29497962
COPR.CA,Real Estate,2026-07-11 21:00:00,0.35899999737739563,0.3619999885559082,0.3569999933242798,0.3610000014305115,0.3610000014305115,25631208
COPR.CA,Real Estate,2026-07-12 21:00:00,0.3610000014305115,0.3799999952316284,0.3610000014305115,0.3709999918937683,0.3709999918937683,192203184
COPR.CA,Real Estate,2026-07-13 21:00:00,0.3709999918937683,0.38100001215934753,0.3720000088214874,0.37400001287460327,0.37400001287460327,77095651
COPR.CA,Real Estate,2026-07-14 21:00:00,0.37400001287460327,0.3840000033378601,0.375,0.38199999928474426,0.38199999928474426,74254672
COPR.CA,Real Estate,2026-07-15 21:00:00,0.38199999928474426,0.382999986410141,0.375,0.3779999911785126,0.3779999911785126,44424037
COPR.CA,Real Estate,2026-07-18 21:00:00,0.3779999911785126,0.3779999911785126,0.37299999594688416,0.37400001287460327,0.37400001287460327,31581310
COPR.CA,Real Estate,2026-07-19 21:00:00,0.37400001287460327,0.3889999985694885,0.3720000088214874,0.38100001215934753,0.38100001215934753,144022579
COPR.CA,Real Estate,2026-07-20 21:00:00,0.38100001215934753,0.3919999897480011,0.38199999928474426,0.3840000033378601,0.3840000033378601,77341974
COPR.CA,Real Estate,2026-07-21 21:00:00,0.3840000033378601,0.4090000092983246,0.38199999928474426,0.4000000059604645,0.4000000059604645,245999747
COPR.CA,Real Estate,2026-07-25 21:00:00,0.4000000059604645,0.421999990940094,0.4050000011920929,0.421999990940094,0.421999990940094,170066677
COPR.CA,Real Estate,2026-07-26 21:00:00,0.421999990940094,0.4259999990463257,0.41499999165534973,0.41600000858306885,0.41600000858306885,128154671
COPR.CA,Real Estate,2026-07-27 21:00:00,0.41600000858306885,0.421999990940094,0.4090000092983246,0.4180000126361847,0.4180000126361847,57936884
COPR.CA,Real Estate,2026-07-28 21:00:00,0.4180000126361847,0.41999998688697815,0.40799999237060547,0.40799999237060547,0.40799999237060547,52127393
COPR.CA,Real Estate,2026-07-29 21:00:00,0.40799999237060547,0.40799999237060547,0.3919999897480011,0.4009999930858612,0.4009999930858612,52340645
COPR.CA,Real Estate,2026-08-01 21:00:00,0.4009999930858612,0.4189999997615814,0.40400001406669617,0.41600000858306885,0.41600000858306885,51861693
COPR.CA,Real Estate,2026-08-02 21:00:00,0.41600000858306885,0.421999990940094,0.40700000524520874,0.40700000524520874,0.40700000524520874,66980781
COPR.CA,Real Estate,2026-08-03 21:00:00,0.40700000524520874,0.4169999957084656,0.4020000100135803,0.40799999237060547,0.40799999237060547,39844562
COPR.CA,Real Estate,2026-08-04 21:00:00,0.40799999237060547,0.4129999876022339,0.4020000100135803,0.40299999713897705,0.40299999713897705,36728799
COPR.CA,Real Estate,2026-08-05 21:00:00,0.40299999713897705,0.4099999964237213,0.39899998903274536,0.4009999930858612,0.4009999930858612,32809636
