symbol,sector,raw_date_utc,open,high,low,close,adj_close,volume
EFIH.CA,FinTech,2022-01-01 22:00:00,16.23200035095215,16.31999969482422,15.84000015258789,15.887999534606934,15.002184867858887,860661
EFIH.CA,FinTech,2022-01-02 22:00:00,15.887999534606934,16.0,15.791999816894531,15.911999702453613,15.024847030639648,667067
EFIH.CA,FinTech,2022-01-03 22:00:00,15.911999702453613,15.920000076293945,15.600000381469727,15.687999725341797,14.813335418701172,1061692
EFIH.CA,FinTech,2022-01-04 22:00:00,15.687999725341797,16.0,15.704000473022461,15.960000038146973,15.070172309875488,1196995
EFIH.CA,FinTech,2022-01-08 22:00:00,15.960000038146973,15.960000038146973,15.960000038146973,15.960000038146973,15.070172309875488,0
EFIH.CA,FinTech,2022-01-09 22:00:00,15.696000099182129,15.968000411987305,15.680000305175781,15.800000190734863,14.919092178344727,1786320
EFIH.CA,FinTech,2022-01-10 22:00:00,15.800000190734863,15.904000282287598,15.640000343322754,15.67199993133545,14.798226356506348,662712
EFIH.CA,FinTech,2022-01-11 22:00:00,15.67199993133545,15.904000282287598,15.192000389099121,15.32800006866455,14.473406791687012,2024926
EFIH.CA,FinTech,2022-01-12 22:00:00,15.32800006866455,15.336000442504883,14.807999610900879,14.97599983215332,14.141033172607422,1390406
EFIH.CA,FinTech,2022-01-15 22:00:00,14.97599983215332,15.039999961853027,14.800000190734863,14.920000076293945,14.088155746459961,274853
EFIH.CA,FinTech,2022-01-16 22:00:00,14.920000076293945,15.039999961853027,14.880000114440918,14.944000244140625,14.110817909240723,881718
EFIH.CA,FinTech,2022-01-17 22:00:00,14.944000244140625,15.039999961853027,14.920000076293945,14.95199966430664,14.11837100982666,670117
EFIH.CA,FinTech,2022-01-18 22:00:00,14.95199966430664,14.960000038146973,14.46399974822998,14.503999710083008,13.695347785949707,1590753
EFIH.CA,FinTech,2022-01-19 22:00:00,14.503999710083008,14.696000099182129,14.399999618530273,14.53600025177002,13.725563049316406,781608
EFIH.CA,FinTech,2022-01-22 22:00:00,14.53600025177002,14.600000381469727,14.239999771118164,14.319999694824219,13.5216064453125,828945
EFIH.CA,FinTech,2022-01-23 22:00:00,14.319999694824219,14.456000328063965,14.239999771118164,14.407999992370605,13.604700088500977,506932
EFIH.CA,FinTech,2022-01-24 22:00:00,14.407999992370605,14.520000457763672,14.079999923706055,14.248000144958496,13.453621864318848,961012
EFIH.CA,FinTech,2022-01-25 22:00:00,14.248000144958496,14.239999771118164,13.592000007629395,13.744000434875488,12.97772216796875,1466370
EFIH.CA,FinTech,2022-01-29 22:00:00,13.744000434875488,14.0,13.600000381469727,13.62399959564209,12.864412307739258,375305
EFIH.CA,FinTech,2022-01-30 22:00:00,13.62399959564209,14.079999923706055,13.600000381469727,13.968000411987305,13.18923282623291,1862781
EFIH.CA,FinTech,2022-01-31 22:00:00,13.968000411987305,14.399999618530273,14.079999923706055,14.399999618530273,13.597147941589355,967532
EFIH.CA,FinTech,2022-02-01 22:00:00,14.399999618530273,14.479999542236328,14.255999565124512,14.319999694824219,13.5216064453125,1289626
EFIH.CA,FinTech,2022-02-02 22:00:00,14.319999694824219,14.407999992370605,14.015999794006348,14.02400016784668,13.242111206054688,893688
EFIH.CA,FinTech,2022-02-05 22:00:00,14.02400016784668,14.079999923706055,13.84000015258789,13.968000411987305,13.18923282623291,371517
EFIH.CA,FinTech,2022-02-06 22:00:00,13.968000411987305,14.600000381469727,13.928000450134277,14.543999671936035,13.733119010925293,3376332
EFIH.CA,FinTech,2022-02-07 22:00:00,14.543999671936035,14.86400032043457,14.447999954223633,14.640000343322754,13.82376766204834,593003
EFIH.CA,FinTech,2022-02-08 22:00:00,14.640000343322754,14.760000228881836,14.496000289916992,14.680000305175781,13.86153793334961,306585
EFIH.CA,FinTech,2022-02-09 22:00:00,14.680000305175781,14.720000267028809,14.239999771118164,14.479999542236328,13.672686576843262,692870
EFIH.CA,FinTech,2022-02-12 22:00:00,14.479999542236328,14.496000289916992,13.928000450134277,14.399999618530273,13.597147941589355,2798770
EFIH.CA,FinTech,2022-02-13 22:00:00,14.399999618530273,14.399999618530273,14.15999984741211,14.399999618530273,13.597147941589355,1955557
EFIH.CA,FinTech,2022-02-14 22:00:00,14.399999618530273,14.479999542236328,14.215999603271484,14.432000160217285,13.627361297607422,200842
EFIH.CA,FinTech,2022-02-15 22:00:00,14.432000160217285,14.592000007629395,14.223999977111816,14.263999938964844,13.468729019165039,519590
EFIH.CA,FinTech,2022-02-16 22:00:00,14.263999938964844,14.543999671936035,14.088000297546387,14.543999671936035,13.733119010925293,1041955
EFIH.CA,FinTech,2022-02-19 22:00:00,14.543999671936035,14.392000198364258,14.175999641418457,14.255999565124512,13.461174964904785,222892
EFIH.CA,FinTech,2022-02-20 22:00:00,14.255999565124512,14.319999694824219,14.119999885559082,14.295999526977539,13.498944282531738,830960
EFIH.CA,FinTech,2022-02-21 22:00:00,14.295999526977539,14.152000427246094,14.0,14.008000373840332,13.227001190185547,1503912
EFIH.CA,FinTech,2022-02-22 22:00:00,14.008000373840332,14.279999732971191,13.944000244140625,14.079999923706055,13.294987678527832,390956
EFIH.CA,FinTech,2022-02-23 22:00:00,14.079999923706055,13.991999626159668,13.303999900817871,13.871999740600586,13.098584175109863,1426386
EFIH.CA,FinTech,2022-02-26 22:00:00,13.871999740600586,14.239999771118164,13.760000228881836,14.223999977111816,13.430960655212402,376195
EFIH.CA,FinTech,2022-02-27 22:00:00,14.223999977111816,14.751999855041504,14.0,14.51200008392334,13.702902793884277,2640795
EFIH.CA,FinTech,2022-02-28 22:00:00,14.51200008392334,15.039999961853027,14.479999542236328,14.944000244140625,14.110817909240723,3917372
EFIH.CA,FinTech,2022-03-01 22:00:00,14.944000244140625,14.935999870300293,14.680000305175781,14.831999778747559,14.005060195922852,259791
EFIH.CA,FinTech,2022-03-02 22:00:00,14.831999778747559,15.576000213623047,14.720000267028809,15.359999656677246,14.503623008728027,2008752
EFIH.CA,FinTech,2022-03-05 22:00:00,15.359999656677246,15.272000312805176,14.791999816894531,15.088000297546387,14.24678897857666,3652506
EFIH.CA,FinTech,2022-03-06 22:00:00,15.088000297546387,15.192000389099121,14.800000190734863,14.871999740600586,14.042830467224121,1186356
EFIH.CA,FinTech,2022-03-07 22:00:00,14.871999740600586,14.871999740600586,14.871999740600586,14.871999740600586,14.042830467224121,0
EFIH.CA,FinTech,2022-03-08 22:00:00,14.51200008392334,14.479999542236328,14.0,14.088000297546387,13.302542686462402,1577263
EFIH.CA,FinTech,2022-03-09 22:00:00,14.088000297546387,14.472000122070312,13.880000114440918,14.263999938964844,13.468729019165039,4978670
EFIH.CA,FinTech,2022-03-12 22:00:00,14.263999938964844,14.399999618530273,14.0,14.223999977111816,13.430960655212402,1072763
EFIH.CA,FinTech,2022-03-13 22:00:00,14.223999977111816,14.223999977111816,14.223999977111816,14.223999977111816,13.430960655212402,0
EFIH.CA,FinTech,2022-03-14 22:00:00,13.920000076293945,14.095999717712402,13.880000114440918,13.968000411987305,13.18923282623291,850088
EFIH.CA,FinTech,2022-03-15 22:00:00,13.968000411987305,14.479999542236328,13.928000450134277,14.312000274658203,13.514053344726562,806513
EFIH.CA,FinTech,2022-03-16 22:00:00,14.312000274658203,14.583999633789062,13.920000076293945,13.920000076293945,13.143909454345703,2562300
EFIH.CA,FinTech,2022-03-19 22:00:00,13.920000076293945,14.399999618530273,13.97599983215332,14.35200023651123,13.551823616027832,5027151
EFIH.CA,FinTech,2022-03-20 22:00:00,14.35200023651123,14.760000228881836,14.279999732971191,14.616000175476074,13.801103591918945,3141646
EFIH.CA,FinTech,2022-03-21 22:00:00,14.616000175476074,14.960000038146973,14.319999694824219,14.399999618530273,13.597147941589355,3370066
EFIH.CA,FinTech,2022-03-22 22:00:00,14.399999618530273,14.760000228881836,14.239999771118164,14.687999725341797,13.86909008026123,1357187
EFIH.CA,FinTech,2022-03-23 22:00:00,14.687999725341797,14.800000190734863,14.527999877929688,14.736000061035156,13.914413452148438,2466990
EFIH.CA,FinTech,2022-03-26 22:00:00,14.736000061035156,14.84000015258789,14.399999618530273,14.784000396728516,13.959737777709961,2798326
EFIH.CA,FinTech,2022-03-27 22:00:00,14.784000396728516,14.920000076293945,14.319999694824219,14.37600040435791,13.574485778808594,2403240
EFIH.CA,FinTech,2022-03-28 22:00:00,14.37600040435791,14.479999542236328,14.319999694824219,14.383999824523926,13.582037925720215,1215102
EFIH.CA,FinTech,2022-03-29 22:00:00,14.383999824523926,14.53600025177002,14.279999732971191,14.312000274658203,13.514053344726562,961272
EFIH.CA,FinTech,2022-03-30 22:00:00,14.312000274658203,14.392000198364258,14.15999984741211,14.168000221252441,13.378082275390625,4880900
EFIH.CA,FinTech,2022-04-02 22:00:00,14.168000221252441,14.303999900817871,14.02400016784668,14.184000015258789,13.393190383911133,94278
EFIH.CA,FinTech,2022-04-03 22:00:00,14.184000015258789,14.359999656677246,14.095999717712402,14.223999977111816,13.430960655212402,4818243
EFIH.CA,FinTech,2022-04-04 22:00:00,14.223999977111816,14.208000183105469,14.119999885559082,14.15999984741211,13.370529174804688,544643
EFIH.CA,FinTech,2022-04-05 22:00:00,14.15999984741211,14.239999771118164,14.119999885559082,14.144000053405762,13.35542106628418,404635
EFIH.CA,FinTech,2022-04-06 22:00:00,14.144000053405762,14.319999694824219,14.144000053405762,14.152000427246094,13.3629732131958,308856
EFIH.CA,FinTech,2022-04-09 22:00:00,14.152000427246094,14.223999977111816,14.119999885559082,14.15999984741211,13.370529174804688,249482
EFIH.CA,FinTech,2022-04-10 22:00:00,14.15999984741211,14.15999984741211,14.055999755859375,14.071999549865723,13.287432670593262,2006776
EFIH.CA,FinTech,2022-04-11 22:00:00,14.071999549865723,14.15999984741211,14.039999961853027,14.119999885559082,13.332757949829102,833395
EFIH.CA,FinTech,2022-04-12 22:00:00,14.119999885559082,14.199999809265137,14.031999588012695,14.071999549865723,13.287432670593262,1775347
EFIH.CA,FinTech,2022-04-13 22:00:00,14.071999549865723,14.119999885559082,13.84000015258789,14.119999885559082,13.332757949829102,1961615
EFIH.CA,FinTech,2022-04-16 22:00:00,14.119999885559082,14.192000389099121,13.600000381469727,14.0,13.219449043273926,773786
EFIH.CA,FinTech,2022-04-17 22:00:00,14.0,14.0,13.600000381469727,13.928000450134277,13.151463508605957,278403
EFIH.CA,FinTech,2022-04-18 22:00:00,13.928000450134277,14.15999984741211,13.687999725341797,13.84000015258789,13.11860179901123,1221476
EFIH.CA,FinTech,2022-04-19 22:00:00,13.84000015258789,14.0,13.751999855041504,13.791999816894531,13.073104858398438,1314951
EFIH.CA,FinTech,2022-04-20 22:00:00,13.791999816894531,14.079999923706055,13.687999725341797,13.928000450134277,13.20201587677002,4674701
EFIH.CA,FinTech,2022-04-25 22:00:00,13.928000450134277,14.0,13.800000190734863,13.84000015258789,13.11860179901123,3922602
EFIH.CA,FinTech,2022-04-26 22:00:00,13.84000015258789,14.0,13.760000228881836,13.86400032043457,13.141352653503418,2051670
EFIH.CA,FinTech,2022-04-27 22:00:00,13.86400032043457,14.071999549865723,13.760000228881836,13.97599983215332,13.247512817382812,2484165
EFIH.CA,FinTech,2022-05-07 22:00:00,13.97599983215332,14.079999923706055,13.895999908447266,14.0,13.270261764526367,3455008
EFIH.CA,FinTech,2022-05-08 22:00:00,13.461600303649902,14.199999809265137,14.0,14.119999885559082,13.38400650024414,4649183
EFIH.CA,FinTech,2022-05-09 22:00:00,14.119999885559082,14.152000427246094,13.935999870300293,14.079999923706055,13.346092224121094,743805
EFIH.CA,FinTech,2022-05-10 22:00:00,14.079999923706055,14.0,13.607999801635742,13.847999572753906,13.12618637084961,1053557
EFIH.CA,FinTech,2022-05-11 22:00:00,13.847999572753906,13.920000076293945,13.600000381469727,13.631999969482422,12.9214448928833,1862947
EFIH.CA,FinTech,2022-05-14 22:00:00,13.631999969482422,14.079999923706055,13.600000381469727,13.607999801635742,12.89869499206543,1147577
EFIH.CA,FinTech,2022-05-15 22:00:00,13.607999801635742,13.784000396728516,13.53600025177002,13.607999801635742,12.89869499206543,737657
EFIH.CA,FinTech,2022-05-16 22:00:00,13.607999801635742,13.720000267028809,13.543999671936035,13.600000381469727,12.891111373901367,1150278
EFIH.CA,FinTech,2022-05-17 22:00:00,13.600000381469727,13.744000434875488,13.527999877929688,13.600000381469727,12.891111373901367,1625646
EFIH.CA,FinTech,2022-05-18 22:00:00,13.600000381469727,13.600000381469727,13.359999656677246,13.592000007629395,12.883528709411621,1484637
EFIH.CA,FinTech,2022-05-21 22:00:00,13.592000007629395,13.67199993133545,13.399999618530273,13.576000213623047,12.868362426757812,199073
EFIH.CA,FinTech,2022-05-22 22:00:00,13.576000213623047,13.600000381469727,13.399999618530273,13.600000381469727,12.891111373901367,764668
EFIH.CA,FinTech,2022-05-23 22:00:00,13.600000381469727,13.67199993133545,13.520000457763672,13.600000381469727,12.891111373901367,1522786
EFIH.CA,FinTech,2022-05-24 22:00:00,13.600000381469727,13.600000381469727,13.399999618530273,13.4399995803833,12.73945140838623,2448746
EFIH.CA,FinTech,2022-05-25 22:00:00,13.4399995803833,13.51200008392334,10.800000190734863,13.272000312805176,12.580209732055664,1097256
EFIH.CA,FinTech,2022-05-28 22:00:00,13.272000312805176,13.423999786376953,12.479999542236328,13.039999961853027,12.36030101776123,522757
EFIH.CA,FinTech,2022-05-29 22:00:00,13.039999961853027,13.119999885559082,12.687999725341797,12.807999610900879,12.14039421081543,3839158
EFIH.CA,FinTech,2022-05-30 22:00:00,12.807999610900879,13.32800006866455,12.5600004196167,13.32800006866455,12.63329029083252,9890017
EFIH.CA,FinTech,2022-05-31 22:00:00,13.32800006866455,13.279999732971191,12.887999534606934,12.887999534606934,12.21622371673584,1956263
EFIH.CA,FinTech,2022-06-01 22:00:00,12.887999534606934,13.15999984741211,12.616000175476074,12.704000473022461,12.041817665100098,672611
EFIH.CA,FinTech,2022-06-04 22:00:00,12.704000473022461,12.704000473022461,12.704000473022461,12.704000473022461,12.041817665100098,0
EFIH.CA,FinTech,2022-06-05 22:00:00,12.616000175476074,12.720000267028809,12.503999710083008,12.5600004196167,11.905322074890137,785797
EFIH.CA,FinTech,2022-06-06 22:00:00,12.5600004196167,12.776000022888184,12.5600004196167,12.720000267028809,12.056982040405273,686648
EFIH.CA,FinTech,2022-06-07 22:00:00,12.720000267028809,12.800000190734863,12.567999839782715,12.600000381469727,11.943236351013184,844086
EFIH.CA,FinTech,2022-06-08 22:00:00,12.600000381469727,12.791999816894531,12.399999618530273,12.631999969482422,11.9735689163208,334943
EFIH.CA,FinTech,2022-06-11 22:00:00,12.631999969482422,12.600000381469727,12.4399995803833,12.496000289916992,11.844656944274902,41237
EFIH.CA,FinTech,2022-06-12 22:00:00,12.496000289916992,12.720000267028809,12.168000221252441,12.232000350952148,11.5944185256958,273298
EFIH.CA,FinTech,2022-06-13 22:00:00,12.232000350952148,12.399999618530273,11.86400032043457,12.0,11.374510765075684,2547996
EFIH.CA,FinTech,2022-06-14 22:00:00,12.0,12.192000389099121,11.928000450134277,12.0,11.374510765075684,293692
EFIH.CA,FinTech,2022-06-15 22:00:00,12.0,12.079999923706055,11.831999778747559,11.84000015258789,11.222850799560547,851160
EFIH.CA,FinTech,2022-06-18 22:00:00,11.84000015258789,11.84000015258789,11.199999809265137,11.520000457763672,10.919530868530273,823297
EFIH.CA,FinTech,2022-06-19 22:00:00,11.520000457763672,11.37600040435791,10.416000366210938,11.208000183105469,10.623793601989746,5777020
EFIH.CA,FinTech,2022-06-20 22:00:00,11.208000183105469,11.583999633789062,11.208000183105469,11.456000328063965,10.858866691589355,271581
EFIH.CA,FinTech,2022-06-21 22:00:00,11.456000328063965,11.46399974822998,11.199999809265137,11.208000183105469,10.623793601989746,4928516
EFIH.CA,FinTech,2022-06-22 22:00:00,11.208000183105469,11.215999603271484,11.039999961853027,11.039999961853027,10.46454906463623,253286
EFIH.CA,FinTech,2022-06-25 22:00:00,11.039999961853027,11.199999809265137,10.5600004196167,10.711999893188477,10.153645515441895,399018
EFIH.CA,FinTech,2022-06-26 22:00:00,10.711999893188477,10.776000022888184,10.600000381469727,10.607999801635742,10.05506706237793,126146
EFIH.CA,FinTech,2022-06-27 22:00:00,10.607999801635742,10.600000381469727,10.399999618530273,10.447999954223633,9.903406143188477,484170
EFIH.CA,FinTech,2022-06-28 22:00:00,10.447999954223633,10.911999702453613,10.399999618530273,10.800000190734863,10.237058639526367,2178470
EFIH.CA,FinTech,2022-07-02 22:00:00,10.800000190734863,10.960000038146973,10.239999771118164,10.263999938964844,9.728998184204102,184826
EFIH.CA,FinTech,2022-07-03 22:00:00,10.263999938964844,10.600000381469727,9.776000022888184,9.847999572753906,9.33468246459961,868671
EFIH.CA,FinTech,2022-07-04 22:00:00,9.847999572753906,9.920000076293945,9.279999732971191,9.503999710083008,9.008612632751465,1301931
EFIH.CA,FinTech,2022-07-05 22:00:00,9.503999710083008,9.600000381469727,9.112000465393066,9.175999641418457,8.697709083557129,940153
EFIH.CA,FinTech,2022-07-06 22:00:00,9.175999641418457,9.472000122070312,9.175999641418457,9.263999938964844,8.781121253967285,730686
EFIH.CA,FinTech,2022-07-16 22:00:00,9.263999938964844,9.4399995803833,9.0,9.119999885559082,8.644628524780273,93245
EFIH.CA,FinTech,2022-07-17 22:00:00,9.119999885559082,9.503999710083008,9.0,9.319999694824219,8.834203720092773,164802
EFIH.CA,FinTech,2022-07-18 22:00:00,9.319999694824219,9.600000381469727,9.064000129699707,9.527999877929688,9.03136157989502,342725
EFIH.CA,FinTech,2022-07-19 22:00:00,9.527999877929688,10.279999732971191,9.631999969482422,10.119999885559082,9.592503547668457,535576
EFIH.CA,FinTech,2022-07-20 22:00:00,10.119999885559082,10.447999954223633,10.15999984741211,10.383999824523926,9.842743873596191,534657
EFIH.CA,FinTech,2022-07-23 22:00:00,10.383999824523926,10.5600004196167,10.399999618530273,10.479999542236328,9.933738708496094,315006
EFIH.CA,FinTech,2022-07-24 22:00:00,10.479999542236328,10.5600004196167,10.199999809265137,10.303999900817871,9.766912460327148,110767
EFIH.CA,FinTech,2022-07-25 22:00:00,10.303999900817871,11.112000465393066,10.319999694824219,10.800000190734863,10.237058639526367,729740
EFIH.CA,FinTech,2022-07-26 22:00:00,10.800000190734863,11.208000183105469,10.800000190734863,10.911999702453613,10.343220710754395,976465
EFIH.CA,FinTech,2022-07-27 22:00:00,10.911999702453613,11.039999961853027,10.807999610900879,10.960000038146973,10.38871955871582,424553
EFIH.CA,FinTech,2022-07-30 22:00:00,10.960000038146973,11.303999900817871,10.887999534606934,11.15999984741211,10.57829475402832,1016116
EFIH.CA,FinTech,2022-07-31 22:00:00,11.15999984741211,12.5600004196167,11.239999771118164,11.399999618530273,10.8057861328125,1730712
EFIH.CA,FinTech,2022-08-01 22:00:00,11.399999618530273,11.680000305175781,11.432000160217285,11.527999877929688,10.92711353302002,262805
EFIH.CA,FinTech,2022-08-02 22:00:00,11.527999877929688,12.0,11.447999954223633,11.984000205993652,11.359345436096191,1462236
EFIH.CA,FinTech,2022-08-03 22:00:00,11.984000205993652,14.37600040435791,11.968000411987305,14.223999977111816,13.482585906982422,12740721
EFIH.CA,FinTech,2022-08-06 22:00:00,14.223999977111816,14.37600040435791,13.4399995803833,13.520000457763672,12.815282821655273,3282631
EFIH.CA,FinTech,2022-08-07 22:00:00,13.520000457763672,13.600000381469727,12.960000038146973,13.104000091552734,12.420967102050781,1396925
EFIH.CA,FinTech,2022-08-08 22:00:00,13.104000091552734,13.600000381469727,12.640000343322754,12.815999984741211,12.14797592163086,2865987
EFIH.CA,FinTech,2022-08-09 22:00:00,12.815999984741211,13.199999809265137,12.064000129699707,12.359999656677246,11.71574592590332,5001196
EFIH.CA,FinTech,2022-08-10 22:00:00,12.359999656677246,12.663999557495117,12.288000106811523,12.479999542236328,11.829490661621094,1028202
EFIH.CA,FinTech,2022-08-13 22:00:00,12.479999542236328,12.720000267028809,12.600000381469727,12.64799976348877,11.988734245300293,826057
EFIH.CA,FinTech,2022-08-14 22:00:00,12.64799976348877,12.720000267028809,12.399999618530273,12.48799991607666,11.83707332611084,2059980
EFIH.CA,FinTech,2022-08-15 22:00:00,12.48799991607666,12.640000343322754,12.496000289916992,12.53600025177002,11.88257122039795,480141
EFIH.CA,FinTech,2022-08-16 22:00:00,12.53600025177002,13.0,12.503999710083008,12.84000015258789,12.17072582244873,2361112
EFIH.CA,FinTech,2022-08-17 22:00:00,12.84000015258789,12.84000015258789,12.84000015258789,12.84000015258789,12.17072582244873,0
EFIH.CA,FinTech,2022-08-20 22:00:00,12.815999984741211,13.039999961853027,12.760000228881836,12.807999610900879,12.14039421081543,665931
EFIH.CA,FinTech,2022-08-21 22:00:00,12.807999610900879,12.800000190734863,12.5600004196167,12.607999801635742,11.95081901550293,1248380
EFIH.CA,FinTech,2022-08-22 22:00:00,12.607999801635742,12.607999801635742,12.607999801635742,12.607999801635742,11.95081901550293,0
EFIH.CA,FinTech,2022-08-23 22:00:00,12.432000160217285,12.600000381469727,11.991999626159668,12.319999694824219,11.677830696105957,1227308
EFIH.CA,FinTech,2022-08-24 22:00:00,12.319999694824219,12.479999542236328,12.079999923706055,12.399999618530273,11.753662109375,2261787
EFIH.CA,FinTech,2022-08-27 22:00:00,12.399999618530273,12.359999656677246,11.680000305175781,11.720000267028809,11.109106063842773,2543243
EFIH.CA,FinTech,2022-08-28 22:00:00,11.720000267028809,11.920000076293945,11.687999725341797,11.760000228881836,11.14702033996582,1415972
EFIH.CA,FinTech,2022-08-29 22:00:00,11.760000228881836,11.880000114440918,11.232000350952148,11.472000122070312,10.874032020568848,2006293
EFIH.CA,FinTech,2022-08-30 22:00:00,11.472000122070312,11.62399959564209,11.239999771118164,11.239999771118164,10.654125213623047,1411160
EFIH.CA,FinTech,2022-08-31 22:00:00,11.239999771118164,11.760000228881836,11.35200023651123,11.472000122070312,10.874032020568848,2365831
EFIH.CA,FinTech,2022-09-03 22:00:00,11.472000122070312,11.600000381469727,11.4399995803833,11.576000213623047,10.972610473632812,197417
EFIH.CA,FinTech,2022-09-04 22:00:00,11.576000213623047,12.13599967956543,11.527999877929688,12.088000297546387,11.457924842834473,2107435
EFIH.CA,FinTech,2022-09-05 22:00:00,12.088000297546387,12.4399995803833,11.904000282287598,12.359999656677246,11.71574592590332,2552596
EFIH.CA,FinTech,2022-09-06 22:00:00,12.359999656677246,12.520000457763672,11.920000076293945,11.935999870300293,11.313847541809082,1384690
EFIH.CA,FinTech,2022-09-07 22:00:00,11.935999870300293,12.239999771118164,11.960000038146973,11.991999626159668,11.366926193237305,1605271
EFIH.CA,FinTech,2022-09-10 22:00:00,11.991999626159668,12.399999618530273,12.079999923706055,12.32800006866455,11.685415267944336,765983
EFIH.CA,FinTech,2022-09-11 22:00:00,12.32800006866455,12.520000457763672,12.303999900817871,12.479999542236328,11.829490661621094,2250783
EFIH.CA,FinTech,2022-09-12 22:00:00,12.479999542236328,12.680000305175781,12.239999771118164,12.239999771118164,11.602001190185547,1178577
EFIH.CA,FinTech,2022-09-13 22:00:00,12.239999771118164,12.15999984741211,11.600000381469727,12.0,11.374510765075684,1426535
EFIH.CA,FinTech,2022-09-14 22:00:00,12.0,12.0,11.687999725341797,11.855999946594238,11.238016128540039,941730
EFIH.CA,FinTech,2022-09-17 22:00:00,11.855999946594238,11.847999572753906,11.199999809265137,11.37600040435791,10.783036231994629,1220667
EFIH.CA,FinTech,2022-09-18 22:00:00,11.37600040435791,11.680000305175781,11.13599967956543,11.5600004196167,10.957446098327637,674527
EFIH.CA,FinTech,2022-09-19 22:00:00,11.5600004196167,11.824000358581543,11.368000030517578,11.760000228881836,11.14702033996582,275950
EFIH.CA,FinTech,2022-09-20 22:00:00,11.760000228881836,12.0,11.53600025177002,11.86400032043457,11.245600700378418,415448
EFIH.CA,FinTech,2022-09-21 22:00:00,11.86400032043457,11.880000114440918,11.592000007629395,11.600000381469727,10.995360374450684,260221
EFIH.CA,FinTech,2022-09-24 22:00:00,11.600000381469727,11.680000305175781,11.288000106811523,11.527999877929688,10.92711353302002,557805
EFIH.CA,FinTech,2022-09-25 22:00:00,11.527999877929688,11.592000007629395,11.248000144958496,11.288000106811523,10.699624061584473,465153
EFIH.CA,FinTech,2022-09-26 22:00:00,11.288000106811523,11.432000160217285,11.04800033569336,11.288000106811523,10.699624061584473,768593
EFIH.CA,FinTech,2022-09-27 22:00:00,11.288000106811523,11.199999809265137,10.847999572753906,10.880000114440918,10.31289005279541,689180
EFIH.CA,FinTech,2022-09-28 22:00:00,10.880000114440918,11.079999923706055,10.576000213623047,10.95199966430664,10.381136894226074,1119987
EFIH.CA,FinTech,2022-10-01 22:00:00,10.95199966430664,11.079999923706055,10.920000076293945,10.984000205993652,10.411468505859375,434122
EFIH.CA,FinTech,2022-10-02 22:00:00,10.984000205993652,11.0,10.800000190734863,10.960000038146973,10.38871955871582,339373
EFIH.CA,FinTech,2022-10-03 22:00:00,10.960000038146973,11.399999618530273,10.960000038146973,11.295999526977539,10.70720386505127,563112
EFIH.CA,FinTech,2022-10-04 22:00:00,11.295999526977539,11.479999542236328,11.312000274658203,11.407999992370605,10.81336784362793,315175
EFIH.CA,FinTech,2022-10-08 22:00:00,11.407999992370605,11.319999694824219,11.199999809265137,11.208000183105469,10.623793601989746,116247
EFIH.CA,FinTech,2022-10-09 22:00:00,11.208000183105469,11.279999732971191,11.088000297546387,11.199999809265137,10.6162109375,506585
EFIH.CA,FinTech,2022-10-10 22:00:00,11.199999809265137,11.263999938964844,11.088000297546387,11.128000259399414,10.547964096069336,289813
EFIH.CA,FinTech,2022-10-11 22:00:00,11.128000259399414,11.199999809265137,10.760000228881836,10.944000244140625,10.373555183410645,668441
EFIH.CA,FinTech,2022-10-12 22:00:00,10.944000244140625,11.0,10.727999687194824,10.880000114440918,10.31289005279541,577576
EFIH.CA,FinTech,2022-10-15 22:00:00,10.880000114440918,11.279999732971191,10.880000114440918,11.199999809265137,10.6162109375,506527
EFIH.CA,FinTech,2022-10-16 22:00:00,11.199999809265137,11.880000114440918,11.263999938964844,11.815999984741211,11.200101852416992,706108
EFIH.CA,FinTech,2022-10-17 22:00:00,11.815999984741211,12.239999771118164,11.831999778747559,12.15999984741211,11.526171684265137,1382298
EFIH.CA,FinTech,2022-10-18 22:00:00,12.15999984741211,12.232000350952148,11.760000228881836,11.84000015258789,11.222850799560547,532851
EFIH.CA,FinTech,2022-10-19 22:00:00,11.84000015258789,12.399999618530273,11.800000190734863,12.255999565124512,11.617166519165039,1126061
EFIH.CA,FinTech,2022-10-22 22:00:00,12.255999565124512,12.392000198364258,12.095999717712402,12.15999984741211,11.526171684265137,213470
EFIH.CA,FinTech,2022-10-23 22:00:00,12.15999984741211,12.239999771118164,12.0,12.008000373840332,11.382094383239746,282801
EFIH.CA,FinTech,2022-10-24 22:00:00,12.008000373840332,12.168000221252441,11.751999855041504,11.760000228881836,11.14702033996582,719042
EFIH.CA,FinTech,2022-10-25 22:00:00,11.760000228881836,11.760000228881836,11.760000228881836,11.760000228881836,11.14702033996582,0
EFIH.CA,FinTech,2022-10-26 22:00:00,12.0,12.720000267028809,12.15999984741211,12.399999618530273,11.753662109375,2006681
EFIH.CA,FinTech,2022-10-29 22:00:00,12.399999618530273,12.600000381469727,12.152000427246094,12.184000015258789,11.548918724060059,451761
EFIH.CA,FinTech,2022-10-30 22:00:00,12.184000015258789,12.920000076293945,12.015999794006348,12.800000190734863,12.132810592651367,1537013
EFIH.CA,FinTech,2022-10-31 22:00:00,12.800000190734863,12.991999626159668,12.479999542236328,12.815999984741211,12.14797592163086,1136615
EFIH.CA,FinTech,2022-11-01 22:00:00,12.815999984741211,12.800000190734863,12.399999618530273,12.479999542236328,11.829490661621094,1229797
EFIH.CA,FinTech,2022-11-02 22:00:00,12.479999542236328,12.583999633789062,12.239999771118164,12.479999542236328,11.829490661621094,371247
EFIH.CA,FinTech,2022-11-05 22:00:00,12.479999542236328,12.631999969482422,12.255999565124512,12.319999694824219,11.677830696105957,392626
EFIH.CA,FinTech,2022-11-06 22:00:00,12.319999694824219,12.496000289916992,12.279999732971191,12.359999656677246,11.71574592590332,722036
EFIH.CA,FinTech,2022-11-07 22:00:00,12.359999656677246,12.520000457763672,11.920000076293945,11.991999626159668,11.366926193237305,579730
EFIH.CA,FinTech,2022-11-08 22:00:00,11.991999626159668,12.079999923706055,11.84000015258789,12.0,11.374510765075684,235637
EFIH.CA,FinTech,2022-11-09 22:00:00,12.0,12.399999618530273,12.0,12.255999565124512,11.617166519165039,378071
EFIH.CA,FinTech,2022-11-12 22:00:00,12.255999565124512,13.119999885559082,12.359999656677246,13.039999961853027,12.36030101776123,2297760
EFIH.CA,FinTech,2022-11-13 22:00:00,13.039999961853027,13.319999694824219,12.800000190734863,13.184000015258789,12.496796607971191,2517376
EFIH.CA,FinTech,2022-11-14 22:00:00,13.184000015258789,13.4399995803833,13.088000297546387,13.255999565124512,12.565044403076172,524643
EFIH.CA,FinTech,2022-11-15 22:00:00,13.255999565124512,13.800000190734863,13.119999885559082,13.67199993133545,12.959358215332031,2786736
EFIH.CA,FinTech,2022-11-16 22:00:00,13.67199993133545,13.920000076293945,13.4399995803833,13.48799991607666,12.784950256347656,3089532
EFIH.CA,FinTech,2022-11-19 22:00:00,13.48799991607666,13.680000305175781,13.079999923706055,13.15999984741211,12.47404670715332,941516
EFIH.CA,FinTech,2022-11-20 22:00:00,13.15999984741211,13.359999656677246,12.960000038146973,13.031999588012695,12.352717399597168,1546573
EFIH.CA,FinTech,2022-11-21 22:00:00,13.031999588012695,13.503999710083008,13.04800033569336,13.336000442504883,12.640873908996582,785265
EFIH.CA,FinTech,2022-11-22 22:00:00,13.336000442504883,13.744000434875488,13.295999526977539,13.295999526977539,12.602956771850586,500907
EFIH.CA,FinTech,2022-11-23 22:00:00,13.295999526977539,13.680000305175781,13.199999809265137,13.592000007629395,12.883528709411621,1016530
EFIH.CA,FinTech,2022-11-26 22:00:00,13.592000007629395,14.199999809265137,13.600000381469727,14.071999549865723,13.338508605957031,2196575
EFIH.CA,FinTech,2022-11-27 22:00:00,14.071999549865723,14.119999885559082,13.616000175476074,13.831999778747559,13.111019134521484,1108296
EFIH.CA,FinTech,2022-11-28 22:00:00,13.831999778747559,14.0,13.607999801635742,13.736000061035156,13.020024299621582,530675
EFIH.CA,FinTech,2022-11-29 22:00:00,13.736000061035156,14.35200023651123,13.687999725341797,14.303999900817871,13.558415412902832,2178580
EFIH.CA,FinTech,2022-11-30 22:00:00,14.303999900817871,14.472000122070312,14.088000297546387,14.368000030517578,13.619081497192383,1142846
EFIH.CA,FinTech,2022-12-03 22:00:00,14.368000030517578,15.199999809265137,14.399999618530273,15.119999885559082,14.33188247680664,2147152
EFIH.CA,FinTech,2022-12-04 22:00:00,15.119999885559082,15.600000381469727,14.687999725341797,15.199999809265137,14.407713890075684,1682796
EFIH.CA,FinTech,2022-12-05 22:00:00,15.199999809265137,15.192000389099121,14.807999610900879,14.84000015258789,14.066478729248047,1693030
EFIH.CA,FinTech,2022-12-06 22:00:00,14.84000015258789,15.432000160217285,14.84000015258789,15.199999809265137,14.407713890075684,4661271
EFIH.CA,FinTech,2022-12-07 22:00:00,15.199999809265137,15.359999656677246,14.720000267028809,14.807999610900879,14.03614616394043,3299965
EFIH.CA,FinTech,2022-12-10 22:00:00,14.807999610900879,15.4399995803833,14.847999572753906,15.04800033569336,14.263635635375977,1502432
EFIH.CA,FinTech,2022-12-11 22:00:00,15.04800033569336,15.279999732971191,14.5600004196167,15.15999984741211,14.36979866027832,1513323
EFIH.CA,FinTech,2022-12-12 22:00:00,15.15999984741211,16.0,15.15999984741211,16.0,15.166014671325684,3036936
EFIH.CA,FinTech,2022-12-13 22:00:00,16.0,16.8799991607666,16.0,16.711999893188477,15.840903282165527,5797705
EFIH.CA,FinTech,2022-12-14 22:00:00,16.711999893188477,16.920000076293945,16.0,16.200000762939453,15.355589866638184,2758342
EFIH.CA,FinTech,2022-12-17 22:00:00,16.200000762939453,16.399999618530273,15.399999618530273,15.704000473022461,14.885443687438965,526095
EFIH.CA,FinTech,2022-12-18 22:00:00,15.704000473022461,15.84000015258789,15.199999809265137,15.423999786376953,14.620037078857422,1806491
EFIH.CA,FinTech,2022-12-19 22:00:00,15.423999786376953,15.920000076293945,15.279999732971191,15.35200023651123,14.551790237426758,300940
EFIH.CA,FinTech,2022-12-20 22:00:00,15.35200023651123,15.600000381469727,15.015999794006348,15.199999809265137,14.407713890075684,1010118
EFIH.CA,FinTech,2022-12-21 22:00:00,15.199999809265137,15.503999710083008,14.800000190734863,14.815999984741211,14.04372787475586,1606258
EFIH.CA,FinTech,2022-12-24 22:00:00,14.815999984741211,14.991999626159668,14.319999694824219,14.904000282287598,14.127142906188965,644635
EFIH.CA,FinTech,2022-12-25 22:00:00,14.904000282287598,15.168000221252441,14.800000190734863,14.95199966430664,14.17264175415039,581158
EFIH.CA,FinTech,2022-12-26 22:00:00,14.95199966430664,15.392000198364258,15.0,15.199999809265137,14.407713890075684,1099410
EFIH.CA,FinTech,2022-12-27 22:00:00,15.199999809265137,15.295999526977539,15.119999885559082,15.279999732971191,14.483542442321777,366871
EFIH.CA,FinTech,2022-12-28 22:00:00,15.279999732971191,15.359999656677246,15.128000259399414,15.208000183105469,14.41529655456543,1219353
EFIH.CA,FinTech,2023-01-01 22:00:00,15.208000183105469,15.520000457763672,15.199999809265137,15.399999618530273,14.597289085388184,889691
EFIH.CA,FinTech,2023-01-02 22:00:00,15.399999618530273,15.84000015258789,15.520000457763672,15.687999725341797,14.87027645111084,795917
EFIH.CA,FinTech,2023-01-03 22:00:00,15.687999725341797,16.799999237060547,15.119999885559082,16.288000106811523,15.439002990722656,4044048
EFIH.CA,FinTech,2023-01-04 22:00:00,16.288000106811523,16.8799991607666,16.312000274658203,16.672000885009766,15.802987098693848,2549900
EFIH.CA,FinTech,2023-01-08 22:00:00,16.672000885009766,17.200000762939453,16.392000198364258,16.488000869750977,15.628579139709473,4316518
EFIH.CA,FinTech,2023-01-09 22:00:00,16.488000869750977,17.11199951171875,16.09600067138672,16.408000946044922,15.552750587463379,749710
EFIH.CA,FinTech,2023-01-10 22:00:00,16.408000946044922,17.600000381469727,15.279999732971191,17.600000381469727,16.682613372802734,3454361
EFIH.CA,FinTech,2023-01-11 22:00:00,17.600000381469727,17.591999053955078,16.423999786376953,17.200000762939453,16.303462982177734,4613595
EFIH.CA,FinTech,2023-01-14 22:00:00,17.200000762939453,17.360000610351562,16.799999237060547,17.007999420166016,16.121471405029297,369237
EFIH.CA,FinTech,2023-01-15 22:00:00,17.007999420166016,17.447999954223633,17.0,17.016000747680664,16.129056930541992,2060783
EFIH.CA,FinTech,2023-01-16 22:00:00,17.016000747680664,17.416000366210938,16.88800048828125,16.983999252319336,16.098724365234375,421775
EFIH.CA,FinTech,2023-01-17 22:00:00,16.983999252319336,17.104000091552734,16.399999618530273,16.75200080871582,15.878817558288574,1943491
EFIH.CA,FinTech,2023-01-18 22:00:00,16.75200080871582,16.799999237060547,15.84000015258789,16.055999755859375,15.219095230102539,1693291
EFIH.CA,FinTech,2023-01-21 22:00:00,16.055999755859375,16.392000198364258,15.680000305175781,15.880000114440918,15.05226993560791,1463123
EFIH.CA,FinTech,2023-01-22 22:00:00,15.880000114440918,16.200000762939453,15.336000442504883,15.67199993133545,14.855110168457031,2060228
EFIH.CA,FinTech,2023-01-23 22:00:00,15.67199993133545,15.847999572753906,15.199999809265137,15.680000305175781,14.86269474029541,4455707
EFIH.CA,FinTech,2023-01-24 22:00:00,15.680000305175781,15.920000076293945,15.527999877929688,15.607999801635742,14.794445991516113,2457470
EFIH.CA,FinTech,2023-01-28 22:00:00,15.607999801635742,15.920000076293945,15.607999801635742,15.687999725341797,14.87027645111084,1659867
EFIH.CA,FinTech,2023-01-29 22:00:00,15.687999725341797,15.920000076293945,15.479999542236328,15.543999671936035,14.733782768249512,1088283
EFIH.CA,FinTech,2023-01-30 22:00:00,15.543999671936035,15.600000381469727,14.079999923706055,14.592000007629395,13.831404685974121,2742631
EFIH.CA,FinTech,2023-01-31 22:00:00,14.592000007629395,14.640000343322754,13.368000030517578,14.0,13.270261764526367,3629161
EFIH.CA,FinTech,2023-02-01 22:00:00,14.0,14.199999809265137,13.4399995803833,13.904000282287598,13.179265975952148,3315542
EFIH.CA,FinTech,2023-02-04 22:00:00,13.904000282287598,13.960000038146973,13.456000328063965,13.600000381469727,12.891111373901367,1667953
EFIH.CA,FinTech,2023-02-05 22:00:00,13.600000381469727,14.527999877929688,13.680000305175781,14.399999618530273,13.6494140625,3734401
EFIH.CA,FinTech,2023-02-06 22:00:00,14.399999618530273,14.631999969482422,14.095999717712402,14.239999771118164,13.497753143310547,1790381
EFIH.CA,FinTech,2023-02-07 22:00:00,14.239999771118164,14.399999618530273,13.600000381469727,14.0,13.270261764526367,6728742
EFIH.CA,FinTech,2023-02-08 22:00:00,14.0,14.392000198364258,14.0,14.295999526977539,13.550833702087402,13030440
EFIH.CA,FinTech,2023-02-11 22:00:00,14.295999526977539,15.119999885559082,14.0,14.751999855041504,13.983065605163574,3361508
EFIH.CA,FinTech,2023-02-12 22:00:00,14.751999855041504,14.928000450134277,14.263999938964844,14.5600004196167,13.801074028015137,1778563
EFIH.CA,FinTech,2023-02-13 22:00:00,14.5600004196167,14.711999893188477,14.399999618530273,14.4399995803833,13.68732738494873,1461963
EFIH.CA,FinTech,2023-02-14 22:00:00,14.4399995803833,15.112000465393066,14.423999786376953,14.95199966430664,14.17264175415039,9795388
EFIH.CA,FinTech,2023-02-15 22:00:00,14.95199966430664,15.119999885559082,14.640000343322754,14.720000267028809,13.952733039855957,2030160
EFIH.CA,FinTech,2023-02-18 22:00:00,14.720000267028809,15.263999938964844,14.640000343322754,14.711999893188477,13.945149421691895,2776311
EFIH.CA,FinTech,2023-02-19 22:00:00,14.711999893188477,14.880000114440918,14.399999618530273,14.4399995803833,13.68732738494873,1280581
EFIH.CA,FinTech,2023-02-20 22:00:00,14.4399995803833,14.616000175476074,14.168000221252441,14.53600025177002,13.77832317352295,1021958
EFIH.CA,FinTech,2023-02-21 22:00:00,14.53600025177002,14.680000305175781,14.279999732971191,14.336000442504883,13.588748931884766,1600270
EFIH.CA,FinTech,2023-02-22 22:00:00,14.336000442504883,14.4399995803833,14.079999923706055,14.263999938964844,13.520501136779785,403035
EFIH.CA,FinTech,2023-02-25 22:00:00,14.263999938964844,14.5600004196167,14.119999885559082,14.456000328063965,13.702494621276855,2637557
EFIH.CA,FinTech,2023-02-26 22:00:00,14.456000328063965,14.760000228881836,14.399999618530273,14.567999839782715,13.808655738830566,2884400
EFIH.CA,FinTech,2023-02-27 22:00:00,14.567999839782715,14.880000114440918,14.399999618530273,14.880000114440918,14.104394912719727,2669648
EFIH.CA,FinTech,2023-02-28 22:00:00,14.880000114440918,14.880000114440918,14.576000213623047,14.880000114440918,14.104394912719727,920895
EFIH.CA,FinTech,2023-03-01 22:00:00,14.880000114440918,15.119999885559082,14.62399959564209,14.727999687194824,13.960315704345703,1310873
EFIH.CA,FinTech,2023-03-04 22:00:00,14.727999687194824,14.911999702453613,14.48799991607666,14.64799976348877,13.88448715209961,273480
EFIH.CA,FinTech,2023-03-05 22:00:00,14.64799976348877,14.791999816894531,14.496000289916992,14.520000457763672,13.763158798217773,233162
EFIH.CA,FinTech,2023-03-06 22:00:00,14.520000457763672,14.520000457763672,13.592000007629395,13.991999626159668,13.262679100036621,2270850
EFIH.CA,FinTech,2023-03-07 22:00:00,13.991999626159668,14.079999923706055,13.520000457763672,13.86400032043457,13.141352653503418,1180747
EFIH.CA,FinTech,2023-03-08 22:00:00,13.86400032043457,13.991999626159668,13.640000343322754,13.935999870300293,13.209599494934082,436951
EFIH.CA,FinTech,2023-03-11 22:00:00,13.935999870300293,14.0,12.800000190734863,12.847999572753906,12.178309440612793,1044447
EFIH.CA,FinTech,2023-03-12 22:00:00,12.847999572753906,13.272000312805176,12.119999885559082,13.031999588012695,12.352717399597168,1206397
EFIH.CA,FinTech,2023-03-13 22:00:00,13.031999588012695,13.039999961853027,12.239999771118164,12.751999855041504,12.087313652038574,1170346
EFIH.CA,FinTech,2023-03-14 22:00:00,12.751999855041504,13.184000015258789,11.32800006866455,11.32800006866455,10.737539291381836,1656058
EFIH.CA,FinTech,2023-03-15 22:00:00,11.32800006866455,12.15999984741211,11.520000457763672,11.680000305175781,11.071191787719727,763803
EFIH.CA,FinTech,2023-03-18 22:00:00,11.680000305175781,11.991999626159668,11.447999954223633,11.744000434875488,11.131854057312012,528810
EFIH.CA,FinTech,2023-03-19 22:00:00,11.744000434875488,12.640000343322754,11.744000434875488,12.456000328063965,11.806741714477539,1065500
EFIH.CA,FinTech,2023-03-20 22:00:00,12.456000328063965,12.920000076293945,12.479999542236328,12.84000015258789,12.17072582244873,749658
EFIH.CA,FinTech,2023-03-21 22:00:00,12.84000015258789,13.104000091552734,12.800000190734863,12.95199966430664,12.27688980102539,1198361
EFIH.CA,FinTech,2023-03-22 22:00:00,12.95199966430664,13.911999702453613,12.744000434875488,13.416000366210938,12.716703414916992,335093
EFIH.CA,FinTech,2023-03-25 22:00:00,13.416000366210938,13.904000282287598,13.288000106811523,13.680000305175781,12.96694278717041,761071
EFIH.CA,FinTech,2023-03-26 22:00:00,13.680000305175781,14.008000373840332,13.447999954223633,13.631999969482422,12.9214448928833,974305
EFIH.CA,FinTech,2023-03-27 22:00:00,13.631999969482422,13.920000076293945,13.199999809265137,13.600000381469727,12.891111373901367,367985
EFIH.CA,FinTech,2023-03-28 22:00:00,13.600000381469727,14.383999824523926,13.520000457763672,14.079999923706055,13.346092224121094,1674583
EFIH.CA,FinTech,2023-03-29 22:00:00,14.079999923706055,14.479999542236328,13.656000137329102,13.791999816894531,13.073104858398438,2652261
EFIH.CA,FinTech,2023-04-01 22:00:00,13.791999816894531,14.199999809265137,13.607999801635742,14.199999809265137,13.459837913513184,433298
EFIH.CA,FinTech,2023-04-02 22:00:00,14.199999809265137,14.479999542236328,14.15999984741211,14.383999824523926,13.634246826171875,1173895
EFIH.CA,FinTech,2023-04-03 22:00:00,14.383999824523926,14.399999618530273,14.039999961853027,14.128000259399414,13.391592025756836,491385
EFIH.CA,FinTech,2023-04-04 22:00:00,14.128000259399414,14.392000198364258,14.039999961853027,14.088000297546387,13.353676795959473,246198
EFIH.CA,FinTech,2023-04-05 22:00:00,14.088000297546387,14.239999771118164,13.607999801635742,13.960000038146973,13.23234748840332,291148
EFIH.CA,FinTech,2023-04-08 22:00:00,13.960000038146973,14.0,13.600000381469727,13.807999610900879,13.088271141052246,4521692
EFIH.CA,FinTech,2023-04-09 22:00:00,13.807999610900879,13.960000038146973,13.704000473022461,13.920000076293945,13.194432258605957,376041
EFIH.CA,FinTech,2023-04-10 22:00:00,13.920000076293945,14.095999717712402,13.84000015258789,14.02400016784668,13.293011665344238,387381
EFIH.CA,FinTech,2023-04-11 22:00:00,14.02400016784668,14.239999771118164,13.84000015258789,14.055999755859375,13.438456535339355,834567
EFIH.CA,FinTech,2023-04-12 22:00:00,14.055999755859375,14.295999526977539,13.847999572753906,14.152000427246094,13.53023910522461,497527
EFIH.CA,FinTech,2023-04-17 22:00:00,14.152000427246094,14.696000099182129,14.095999717712402,14.600000381469727,13.95855712890625,2251393
EFIH.CA,FinTech,2023-04-18 22:00:00,14.600000381469727,15.520000457763672,14.640000343322754,15.359999656677246,14.685166358947754,4951190
EFIH.CA,FinTech,2023-04-25 22:00:00,15.359999656677246,15.359999656677246,14.84000015258789,14.920000076293945,14.264497756958008,1564161
EFIH.CA,FinTech,2023-04-26 22:00:00,14.920000076293945,15.215999603271484,14.95199966430664,15.192000389099121,14.524547576904297,2685843
EFIH.CA,FinTech,2023-04-29 21:00:00,15.192000389099121,15.359999656677246,14.727999687194824,14.928000450134277,14.272146224975586,2547628
EFIH.CA,FinTech,2023-04-30 21:00:00,14.928000450134277,14.928000450134277,14.928000450134277,14.928000450134277,14.272146224975586,0
EFIH.CA,FinTech,2023-05-01 21:00:00,14.727999687194824,14.727999687194824,14.48799991607666,14.640000343322754,13.99679946899414,435922
EFIH.CA,FinTech,2023-05-02 21:00:00,14.640000343322754,14.784000396728516,14.239999771118164,14.303999900817871,13.675559997558594,611068
EFIH.CA,FinTech,2023-05-06 21:00:00,14.303999900817871,14.303999900817871,13.880000114440918,14.15999984741211,13.537886619567871,383790
EFIH.CA,FinTech,2023-05-07 21:00:00,14.15999984741211,14.479999542236328,14.0,14.399999618530273,13.767343521118164,1259265
EFIH.CA,FinTech,2023-05-08 21:00:00,14.399999618530273,14.592000007629395,14.0,14.079999923706055,13.461400985717773,1166576
EFIH.CA,FinTech,2023-05-09 21:00:00,14.079999923706055,14.263999938964844,13.960000038146973,14.13599967956543,13.514941215515137,428413
EFIH.CA,FinTech,2023-05-10 21:00:00,14.13599967956543,14.239999771118164,13.720000267028809,13.720000267028809,13.117219924926758,1103791
EFIH.CA,FinTech,2023-05-13 21:00:00,13.720000267028809,13.968000411987305,13.616000175476074,13.95199966430664,13.339025497436523,378975
EFIH.CA,FinTech,2023-05-14 21:00:00,13.95199966430664,14.112000465393066,13.720000267028809,13.760000228881836,13.155462265014648,589277
EFIH.CA,FinTech,2023-05-15 21:00:00,13.760000228881836,13.84000015258789,13.447999954223633,13.64799976348877,13.048380851745605,244291
EFIH.CA,FinTech,2023-05-16 21:00:00,13.64799976348877,13.720000267028809,13.496000289916992,13.711999893188477,13.109570503234863,351048
EFIH.CA,FinTech,2023-05-17 21:00:00,13.711999893188477,13.911999702453613,13.600000381469727,13.895999908447266,13.285486221313477,272278
EFIH.CA,FinTech,2023-05-20 21:00:00,13.895999908447266,13.984000205993652,13.631999969482422,13.656000137329102,13.056031227111816,176991
EFIH.CA,FinTech,2023-05-21 21:00:00,13.656000137329102,13.911999702453613,13.640000343322754,13.67199993133545,13.071327209472656,173402
EFIH.CA,FinTech,2023-05-22 21:00:00,13.67199993133545,13.84000015258789,13.4399995803833,13.720000267028809,13.117219924926758,255010
EFIH.CA,FinTech,2023-05-23 21:00:00,13.720000267028809,14.223999977111816,13.760000228881836,14.175999641418457,13.553184509277344,730115
EFIH.CA,FinTech,2023-05-24 21:00:00,14.175999641418457,14.383999824523926,14.119999885559082,14.312000274658203,13.683209419250488,1118466
EFIH.CA,FinTech,2023-05-27 21:00:00,14.312000274658203,14.368000030517578,14.119999885559082,14.144000053405762,13.522591590881348,432012
EFIH.CA,FinTech,2023-05-28 21:00:00,14.144000053405762,14.215999603271484,14.008000373840332,14.088000297546387,13.4690523147583,236687
EFIH.CA,FinTech,2023-05-29 21:00:00,14.088000297546387,14.4399995803833,14.088000297546387,14.208000183105469,13.583779335021973,1032881
EFIH.CA,FinTech,2023-05-30 21:00:00,14.208000183105469,14.53600025177002,14.15999984741211,14.168000221252441,13.545536041259766,2296933
EFIH.CA,FinTech,2023-05-31 21:00:00,14.168000221252441,14.319999694824219,14.119999885559082,14.152000427246094,13.53023910522461,229445
EFIH.CA,FinTech,2023-06-03 21:00:00,14.152000427246094,14.319999694824219,13.855999946594238,13.984000205993652,13.369620323181152,586387
EFIH.CA,FinTech,2023-06-04 21:00:00,13.984000205993652,14.319999694824219,14.0,14.119999885559082,13.499645233154297,670956
EFIH.CA,FinTech,2023-06-05 21:00:00,14.119999885559082,14.656000137329102,14.104000091552734,14.640000343322754,13.99679946899414,2944936
EFIH.CA,FinTech,2023-06-06 21:00:00,14.640000343322754,14.800000190734863,14.239999771118164,14.279999732971191,13.65261459350586,1253128
EFIH.CA,FinTech,2023-06-07 21:00:00,14.279999732971191,14.51200008392334,14.112000465393066,14.399999618530273,13.767343521118164,514322
EFIH.CA,FinTech,2023-06-10 21:00:00,14.399999618530273,14.800000190734863,14.399999618530273,14.640000343322754,13.99679946899414,664383
EFIH.CA,FinTech,2023-06-11 21:00:00,14.640000343322754,14.711999893188477,14.392000198364258,14.399999618530273,13.767343521118164,328466
EFIH.CA,FinTech,2023-06-12 21:00:00,14.399999618530273,14.5600004196167,14.263999938964844,14.423999786376953,13.790288925170898,857843
EFIH.CA,FinTech,2023-06-13 21:00:00,14.423999786376953,14.631999969482422,14.15999984741211,14.15999984741211,13.537886619567871,1013853
EFIH.CA,FinTech,2023-06-14 21:00:00,14.15999984741211,14.343999862670898,14.095999717712402,14.295999526977539,13.667912483215332,229266
EFIH.CA,FinTech,2023-06-17 21:00:00,14.295999526977539,14.359999656677246,14.15999984741211,14.192000389099121,13.5684814453125,135011
EFIH.CA,FinTech,2023-06-18 21:00:00,14.192000389099121,14.319999694824219,14.079999923706055,14.199999809265137,13.576129913330078,432401
EFIH.CA,FinTech,2023-06-19 21:00:00,14.199999809265137,14.399999618530273,14.079999923706055,14.088000297546387,13.4690523147583,498947
EFIH.CA,FinTech,2023-06-20 21:00:00,14.088000297546387,14.199999809265137,13.944000244140625,13.984000205993652,13.369620323181152,620387
EFIH.CA,FinTech,2023-06-21 21:00:00,13.984000205993652,14.0,13.680000305175781,13.776000022888184,13.170758247375488,365610
EFIH.CA,FinTech,2023-06-24 21:00:00,13.776000022888184,14.0,13.600000381469727,13.607999801635742,13.010140419006348,303598
EFIH.CA,FinTech,2023-06-25 21:00:00,13.607999801635742,13.800000190734863,13.607999801635742,13.64799976348877,13.048380851745605,209517
EFIH.CA,FinTech,2023-07-03 21:00:00,13.64799976348877,14.0,13.680000305175781,13.807999610900879,13.201353073120117,130995
EFIH.CA,FinTech,2023-07-04 21:00:00,13.807999610900879,13.84000015258789,13.432000160217285,13.4399995803833,12.849520683288574,659182
EFIH.CA,FinTech,2023-07-05 21:00:00,13.4399995803833,13.600000381469727,13.279999732971191,13.48799991607666,12.895411491394043,324107
EFIH.CA,FinTech,2023-07-08 21:00:00,13.48799991607666,13.600000381469727,13.295999526977539,13.35200023651123,12.765387535095215,674481
EFIH.CA,FinTech,2023-07-09 21:00:00,13.35200023651123,13.552000045776367,13.04800033569336,13.503999710083008,12.9107084274292,391657
EFIH.CA,FinTech,2023-07-10 21:00:00,13.503999710083008,13.760000228881836,13.399999618530273,13.520000457763672,12.926006317138672,296008
EFIH.CA,FinTech,2023-07-11 21:00:00,13.520000457763672,13.751999855041504,13.4399995803833,13.46399974822998,12.872466087341309,77970
EFIH.CA,FinTech,2023-07-12 21:00:00,13.46399974822998,13.680000305175781,13.520000457763672,13.600000381469727,13.002490997314453,410966
EFIH.CA,FinTech,2023-07-15 21:00:00,13.600000381469727,13.680000305175781,13.4399995803833,13.680000305175781,13.07897663116455,278875
EFIH.CA,FinTech,2023-07-16 21:00:00,13.680000305175781,14.319999694824219,13.600000381469727,14.184000015258789,13.560833930969238,1984246
EFIH.CA,FinTech,2023-07-17 21:00:00,14.184000015258789,14.399999618530273,14.088000297546387,14.175999641418457,13.553184509277344,422643
EFIH.CA,FinTech,2023-07-18 21:00:00,14.175999641418457,14.175999641418457,14.175999641418457,14.175999641418457,13.553184509277344,0
EFIH.CA,FinTech,2023-07-23 21:00:00,14.088000297546387,14.407999992370605,14.02400016784668,14.208000183105469,13.583779335021973,936948
EFIH.CA,FinTech,2023-07-24 21:00:00,14.208000183105469,14.37600040435791,14.104000091552734,14.192000389099121,13.5684814453125,484322
EFIH.CA,FinTech,2023-07-25 21:00:00,14.192000389099121,14.239999771118164,14.0,14.175999641418457,13.553184509277344,102587
EFIH.CA,FinTech,2023-07-26 21:00:00,14.175999641418457,14.239999771118164,13.800000190734863,14.055999755859375,13.438456535339355,203171
EFIH.CA,FinTech,2023-07-29 21:00:00,14.055999755859375,14.272000312805176,13.880000114440918,14.152000427246094,13.53023910522461,350618
EFIH.CA,FinTech,2023-07-30 21:00:00,14.152000427246094,14.383999824523926,14.008000373840332,14.383999824523926,13.752046585083008,540775
EFIH.CA,FinTech,2023-07-31 21:00:00,14.383999824523926,14.4399995803833,14.199999809265137,14.343999862670898,13.713804244995117,844367
EFIH.CA,FinTech,2023-08-01 21:00:00,14.343999862670898,14.32800006866455,13.84000015258789,14.104000091552734,13.484349250793457,347517
EFIH.CA,FinTech,2023-08-02 21:00:00,14.104000091552734,14.15999984741211,13.920000076293945,13.984000205993652,13.369620323181152,111506
EFIH.CA,FinTech,2023-08-05 21:00:00,13.984000205993652,14.079999923706055,13.880000114440918,14.015999794006348,13.400215148925781,303841
EFIH.CA,FinTech,2023-08-06 21:00:00,14.015999794006348,14.15999984741211,14.0,14.079999923706055,13.461400985717773,234877
EFIH.CA,FinTech,2023-08-07 21:00:00,14.079999923706055,14.208000183105469,13.847999572753906,13.86400032043457,13.254892349243164,383551
EFIH.CA,FinTech,2023-08-08 21:00:00,13.86400032043457,14.0,13.727999687194824,13.760000228881836,13.155462265014648,867230
EFIH.CA,FinTech,2023-08-09 21:00:00,13.760000228881836,13.920000076293945,13.680000305175781,13.736000061035156,13.132515907287598,81648
EFIH.CA,FinTech,2023-08-12 21:00:00,13.736000061035156,13.960000038146973,13.727999687194824,13.776000022888184,13.170758247375488,28678
EFIH.CA,FinTech,2023-08-13 21:00:00,13.776000022888184,13.991999626159668,13.760000228881836,13.760000228881836,13.155462265014648,229633
EFIH.CA,FinTech,2023-08-14 21:00:00,13.760000228881836,13.880000114440918,13.64799976348877,13.84000015258789,13.231945991516113,348295
EFIH.CA,FinTech,2023-08-15 21:00:00,13.84000015258789,13.935999870300293,13.720000267028809,13.84000015258789,13.231945991516113,148841
EFIH.CA,FinTech,2023-08-16 21:00:00,13.84000015258789,13.920000076293945,13.736000061035156,13.84000015258789,13.231945991516113,159651
EFIH.CA,FinTech,2023-08-19 21:00:00,13.84000015258789,13.920000076293945,13.696000099182129,13.720000267028809,13.117219924926758,106905
EFIH.CA,FinTech,2023-08-20 21:00:00,13.720000267028809,13.791999816894531,13.616000175476074,13.67199993133545,13.071327209472656,512746
EFIH.CA,FinTech,2023-08-21 21:00:00,13.67199993133545,13.911999702453613,13.520000457763672,13.847999572753906,13.239594459533691,471901
EFIH.CA,FinTech,2023-08-22 21:00:00,13.847999572753906,13.95199966430664,13.600000381469727,13.815999984741211,13.209001541137695,520878
EFIH.CA,FinTech,2023-08-23 21:00:00,13.815999984741211,14.064000129699707,13.711999893188477,14.0,13.384917259216309,621742
EFIH.CA,FinTech,2023-08-26 21:00:00,14.0,14.5600004196167,14.008000373840332,14.479999542236328,13.843829154968262,1478410
EFIH.CA,FinTech,2023-08-27 21:00:00,14.479999542236328,14.600000381469727,14.079999923706055,14.215999603271484,13.591428756713867,548411
EFIH.CA,FinTech,2023-08-28 21:00:00,14.215999603271484,14.359999656677246,14.088000297546387,14.248000144958496,13.622021675109863,103536
EFIH.CA,FinTech,2023-08-29 21:00:00,14.248000144958496,14.319999694824219,14.008000373840332,14.319999694824219,13.690857887268066,145033
EFIH.CA,FinTech,2023-08-30 21:00:00,14.319999694824219,14.319999694824219,14.319999694824219,14.319999694824219,13.690857887268066,0
EFIH.CA,FinTech,2023-09-02 21:00:00,14.015999794006348,14.319999694824219,14.0,14.039999961853027,13.4231595993042,318150
EFIH.CA,FinTech,2023-09-03 21:00:00,14.039999961853027,14.144000053405762,14.0,14.128000259399414,13.507293701171875,93722
EFIH.CA,FinTech,2023-09-04 21:00:00,14.128000259399414,14.15999984741211,14.0,14.071999549865723,13.453752517700195,39552
EFIH.CA,FinTech,2023-09-05 21:00:00,14.071999549865723,14.423999786376953,14.015999794006348,14.392000198364258,13.759695053100586,881168
EFIH.CA,FinTech,2023-09-06 21:00:00,14.392000198364258,14.880000114440918,14.359999656677246,14.616000175476074,13.973852157592773,3137173
EFIH.CA,FinTech,2023-09-09 21:00:00,14.616000175476074,14.616000175476074,14.616000175476074,14.616000175476074,13.973852157592773,0
EFIH.CA,FinTech,2023-09-10 21:00:00,14.776000022888184,14.791999816894531,14.215999603271484,14.248000144958496,13.622021675109863,550842
EFIH.CA,FinTech,2023-09-11 21:00:00,14.248000144958496,14.359999656677246,13.911999702453613,13.920000076293945,13.308432579040527,698090
EFIH.CA,FinTech,2023-09-12 21:00:00,13.920000076293945,14.208000183105469,13.920000076293945,14.064000129699707,13.446105003356934,81858
EFIH.CA,FinTech,2023-09-13 21:00:00,14.064000129699707,14.079999923706055,13.855999946594238,13.944000244140625,13.331377983093262,758478
EFIH.CA,FinTech,2023-09-16 21:00:00,13.944000244140625,14.144000053405762,13.776000022888184,13.944000244140625,13.331377983093262,1068817
EFIH.CA,FinTech,2023-09-17 21:00:00,13.944000244140625,14.239999771118164,13.960000038146973,14.232000350952148,13.606724739074707,2138845
EFIH.CA,FinTech,2023-09-18 21:00:00,14.232000350952148,14.399999618530273,14.184000015258789,14.279999732971191,13.65261459350586,2520180
EFIH.CA,FinTech,2023-09-19 21:00:00,14.279999732971191,14.279999732971191,14.279999732971191,14.279999732971191,13.65261459350586,0
EFIH.CA,FinTech,2023-09-20 21:00:00,14.279999732971191,14.279999732971191,14.279999732971191,14.279999732971191,13.65261459350586,0
EFIH.CA,FinTech,2023-09-23 21:00:00,14.279999732971191,14.279999732971191,14.279999732971191,14.279999732971191,13.65261459350586,0
EFIH.CA,FinTech,2023-09-24 21:00:00,15.279999732971191,15.279999732971191,14.920000076293945,14.960000038146973,14.302739143371582,617115
EFIH.CA,FinTech,2023-09-25 21:00:00,14.960000038146973,15.239999771118164,14.847999572753906,14.95199966430664,14.295090675354004,1041130
EFIH.CA,FinTech,2023-09-26 21:00:00,14.95199966430664,14.95199966430664,14.95199966430664,14.95199966430664,14.295090675354004,0
EFIH.CA,FinTech,2023-09-30 21:00:00,14.95199966430664,14.95199966430664,14.95199966430664,14.95199966430664,14.295090675354004,0
EFIH.CA,FinTech,2023-10-01 21:00:00,14.616000175476074,14.800000190734863,14.079999923706055,14.399999618530273,13.767343521118164,1880521
EFIH.CA,FinTech,2023-10-02 21:00:00,14.399999618530273,14.640000343322754,14.192000389099121,14.312000274658203,13.683209419250488,930093
EFIH.CA,FinTech,2023-10-03 21:00:00,14.312000274658203,14.392000198364258,14.168000221252441,14.319999694824219,13.690857887268066,707783
EFIH.CA,FinTech,2023-10-07 21:00:00,14.319999694824219,14.303999900817871,13.288000106811523,13.631999969482422,13.033085823059082,664616
EFIH.CA,FinTech,2023-10-08 21:00:00,13.631999969482422,14.15999984741211,13.600000381469727,13.663999557495117,13.063679695129395,236020
EFIH.CA,FinTech,2023-10-09 21:00:00,13.663999557495117,13.920000076293945,13.600000381469727,13.600000381469727,13.002490997314453,396266
EFIH.CA,FinTech,2023-10-10 21:00:00,13.600000381469727,13.904000282287598,13.399999618530273,13.432000160217285,12.841872215270996,489813
EFIH.CA,FinTech,2023-10-11 21:00:00,13.432000160217285,13.855999946594238,13.527999877929688,13.84000015258789,13.231945991516113,206891
EFIH.CA,FinTech,2023-10-14 21:00:00,13.84000015258789,14.064000129699707,13.607999801635742,13.911999702453613,13.30078411102295,457878
EFIH.CA,FinTech,2023-10-15 21:00:00,13.911999702453613,14.319999694824219,14.0,14.272000312805176,13.644967079162598,260196
EFIH.CA,FinTech,2023-10-16 21:00:00,14.272000312805176,14.880000114440918,14.071999549865723,14.824000358581543,14.172715187072754,735162
EFIH.CA,FinTech,2023-10-17 21:00:00,14.824000358581543,16.0,14.600000381469727,15.319999694824219,14.646923065185547,1931167
EFIH.CA,FinTech,2023-10-18 21:00:00,15.319999694824219,15.319999694824219,15.319999694824219,15.319999694824219,14.646923065185547,0
EFIH.CA,FinTech,2023-10-21 21:00:00,14.815999984741211,15.13599967956543,14.600000381469727,14.776000022888184,14.126825332641602,313416
EFIH.CA,FinTech,2023-10-22 21:00:00,14.776000022888184,15.112000465393066,14.239999771118164,14.583999633789062,13.943259239196777,676353
EFIH.CA,FinTech,2023-10-23 21:00:00,14.583999633789062,14.800000190734863,14.248000144958496,14.383999824523926,13.752046585083008,316593
EFIH.CA,FinTech,2023-10-24 21:00:00,14.383999824523926,15.079999923706055,14.407999992370605,14.800000190734863,14.149770736694336,777611
EFIH.CA,FinTech,2023-10-25 21:00:00,14.800000190734863,15.039999961853027,14.399999618530273,14.760000228881836,14.111527442932129,916388
EFIH.CA,FinTech,2023-10-28 22:00:00,14.760000228881836,15.079999923706055,14.479999542236328,14.751999855041504,14.10387897491455,372085
EFIH.CA,FinTech,2023-10-29 22:00:00,14.751999855041504,14.871999740600586,14.527999877929688,14.64799976348877,14.004447937011719,173330
EFIH.CA,FinTech,2023-10-30 22:00:00,14.64799976348877,14.704000473022461,14.008000373840332,14.055999755859375,13.438456535339355,605815
EFIH.CA,FinTech,2023-10-31 22:00:00,14.055999755859375,14.552000045776367,13.800000190734863,14.53600025177002,13.897368431091309,4026715
EFIH.CA,FinTech,2023-11-01 22:00:00,14.53600025177002,14.687999725341797,14.496000289916992,14.552000045776367,13.912665367126465,116398
EFIH.CA,FinTech,2023-11-04 22:00:00,14.552000045776367,14.800000190734863,14.520000457763672,14.696000099182129,14.050339698791504,4012050
EFIH.CA,FinTech,2023-11-05 22:00:00,14.696000099182129,15.039999961853027,14.64799976348877,14.720000267028809,14.073284149169922,1908811
EFIH.CA,FinTech,2023-11-06 22:00:00,14.720000267028809,14.791999816894531,13.991999626159668,14.0,13.471506118774414,2245186
EFIH.CA,FinTech,2023-11-07 22:00:00,14.0,14.239999771118164,14.039999961853027,14.071999549865723,13.540786743164062,346787
EFIH.CA,FinTech,2023-11-08 22:00:00,14.071999549865723,14.312000274658203,13.48799991607666,13.53600025177002,13.02502155303955,1973756
EFIH.CA,FinTech,2023-11-11 22:00:00,13.53600025177002,13.800000190734863,13.4399995803833,13.4399995803833,12.932645797729492,973533
EFIH.CA,FinTech,2023-11-12 22:00:00,13.4399995803833,13.583999633789062,13.055999755859375,13.215999603271484,12.71710205078125,1283057
EFIH.CA,FinTech,2023-11-13 22:00:00,13.215999603271484,13.343999862670898,12.399999618530273,12.720000267028809,12.239826202392578,3824708
EFIH.CA,FinTech,2023-11-14 22:00:00,12.720000267028809,13.4399995803833,12.880000114440918,13.35200023651123,12.847968101501465,1765538
EFIH.CA,FinTech,2023-11-15 22:00:00,13.35200023651123,13.656000137329102,13.432000160217285,13.607999801635742,13.094305038452148,1620412
EFIH.CA,FinTech,2023-11-18 22:00:00,13.607999801635742,13.935999870300293,13.62399959564209,13.800000190734863,13.279056549072266,2537072
EFIH.CA,FinTech,2023-11-19 22:00:00,13.800000190734863,13.911999702453613,13.53600025177002,13.911999702453613,13.386828422546387,1647652
EFIH.CA,FinTech,2023-11-20 22:00:00,13.911999702453613,14.008000373840332,13.640000343322754,14.0,13.471506118774414,1044940
EFIH.CA,FinTech,2023-11-21 22:00:00,14.0,14.5600004196167,14.008000373840332,14.407999992370605,13.864104270935059,1590253
EFIH.CA,FinTech,2023-11-22 22:00:00,14.407999992370605,14.751999855041504,14.15999984741211,14.336000442504883,13.794821739196777,1648137
EFIH.CA,FinTech,2023-11-25 22:00:00,14.336000442504883,14.399999618530273,13.928000450134277,13.960000038146973,13.433015823364258,937166
EFIH.CA,FinTech,2023-11-26 22:00:00,13.960000038146973,14.479999542236328,13.807999610900879,14.232000350952148,13.694747924804688,3483152
EFIH.CA,FinTech,2023-11-27 22:00:00,14.232000350952148,14.479999542236328,14.02400016784668,14.079999923706055,13.548484802246094,430078
EFIH.CA,FinTech,2023-11-28 22:00:00,14.079999923706055,14.359999656677246,13.920000076293945,14.15999984741211,13.625465393066406,2768620
EFIH.CA,FinTech,2023-11-29 22:00:00,14.15999984741211,14.343999862670898,13.84000015258789,14.175999641418457,13.640861511230469,2223708
EFIH.CA,FinTech,2023-12-02 22:00:00,14.175999641418457,14.4399995803833,14.079999923706055,14.175999641418457,13.640861511230469,1220687
EFIH.CA,FinTech,2023-12-03 22:00:00,14.175999641418457,15.920000076293945,14.319999694824219,15.520000457763672,14.934126853942871,7769567
EFIH.CA,FinTech,2023-12-04 22:00:00,15.520000457763672,16.224000930786133,15.520000457763672,16.0,15.39600658416748,5247776
EFIH.CA,FinTech,2023-12-05 22:00:00,16.0,16.399999618530273,15.199999809265137,15.46399974822998,14.880240440368652,4295358
EFIH.CA,FinTech,2023-12-06 22:00:00,15.46399974822998,15.520000457763672,14.15999984741211,15.46399974822998,14.880240440368652,1194910
EFIH.CA,FinTech,2023-12-09 22:00:00,15.46399974822998,16.0,15.279999732971191,15.527999877929688,14.941823959350586,1893358
EFIH.CA,FinTech,2023-12-10 22:00:00,15.527999877929688,15.5600004196167,14.399999618530273,15.359999656677246,14.780165672302246,5536458
EFIH.CA,FinTech,2023-12-11 22:00:00,15.359999656677246,16.079999923706055,14.640000343322754,14.776000022888184,14.218212127685547,1728111
EFIH.CA,FinTech,2023-12-12 22:00:00,14.776000022888184,15.119999885559082,14.831999778747559,14.991999626159668,14.426058769226074,735586
EFIH.CA,FinTech,2023-12-13 22:00:00,14.991999626159668,15.600000381469727,14.800000190734863,14.847999572753906,14.287493705749512,1927905
EFIH.CA,FinTech,2023-12-16 22:00:00,14.847999572753906,15.192000389099121,14.503999710083008,14.543999671936035,13.994969367980957,819655
EFIH.CA,FinTech,2023-12-17 22:00:00,14.543999671936035,15.423999786376953,14.520000457763672,15.423999786376953,14.84174919128418,3083221
EFIH.CA,FinTech,2023-12-18 22:00:00,15.423999786376953,15.831999778747559,14.800000190734863,14.880000114440918,14.31828784942627,2895481
EFIH.CA,FinTech,2023-12-19 22:00:00,14.880000114440918,15.192000389099121,14.800000190734863,15.119999885559082,14.549224853515625,1206385
EFIH.CA,FinTech,2023-12-20 22:00:00,15.119999885559082,15.279999732971191,14.479999542236328,14.496000289916992,13.948783874511719,1152317
EFIH.CA,FinTech,2023-12-23 22:00:00,14.496000289916992,14.496000289916992,14.496000289916992,14.496000289916992,13.948783874511719,0
EFIH.CA,FinTech,2023-12-24 22:00:00,13.751999855041504,14.144000053405762,13.592000007629395,14.031999588012695,13.502297401428223,4765106
EFIH.CA,FinTech,2023-12-25 22:00:00,14.031999588012695,14.279999732971191,13.680000305175781,13.984000205993652,13.456109046936035,3061118
EFIH.CA,FinTech,2023-12-26 22:00:00,13.984000205993652,14.071999549865723,13.680000305175781,13.984000205993652,13.456109046936035,3276742
EFIH.CA,FinTech,2023-12-27 22:00:00,13.984000205993652,14.079999923706055,13.815999984741211,14.0,13.471506118774414,1751347
EFIH.CA,FinTech,2023-12-30 22:00:00,14.0,14.079999923706055,13.911999702453613,14.0,13.471506118774414,881806
EFIH.CA,FinTech,2024-01-01 22:00:00,14.0,14.319999694824219,14.0,14.15999984741211,13.625465393066406,740905
EFIH.CA,FinTech,2024-01-02 22:00:00,14.15999984741211,14.472000122070312,14.15999984741211,14.472000122070312,13.925686836242676,1014900
EFIH.CA,FinTech,2024-01-03 22:00:00,14.472000122070312,14.46399974822998,14.064000129699707,14.152000427246094,13.617767333984375,2012107
EFIH.CA,FinTech,2024-01-07 22:00:00,14.152000427246094,14.255999565124512,14.079999923706055,14.199999809265137,13.663955688476562,1090493
EFIH.CA,FinTech,2024-01-08 22:00:00,14.199999809265137,14.479999542236328,14.13599967956543,14.399999618530273,13.856406211853027,4320576
EFIH.CA,FinTech,2024-01-09 22:00:00,14.399999618530273,14.800000190734863,14.359999656677246,14.5600004196167,14.01036548614502,5367098
EFIH.CA,FinTech,2024-01-10 22:00:00,14.5600004196167,14.711999893188477,14.319999694824219,14.527999877929688,13.979574203491211,1180891
EFIH.CA,FinTech,2024-01-13 22:00:00,14.527999877929688,14.640000343322754,14.343999862670898,14.640000343322754,14.087346076965332,2716323
EFIH.CA,FinTech,2024-01-14 22:00:00,14.640000343322754,14.711999893188477,14.496000289916992,14.5600004196167,14.01036548614502,1631977
EFIH.CA,FinTech,2024-01-15 22:00:00,14.5600004196167,14.800000190734863,14.399999618530273,14.656000137329102,14.102741241455078,1950620
EFIH.CA,FinTech,2024-01-16 22:00:00,14.656000137329102,15.175999641418457,14.64799976348877,14.991999626159668,14.426058769226074,3955105
EFIH.CA,FinTech,2024-01-17 22:00:00,14.991999626159668,15.168000221252441,14.815999984741211,15.039999961853027,14.472245216369629,2463370
EFIH.CA,FinTech,2024-01-20 22:00:00,15.039999961853027,15.319999694824219,14.800000190734863,14.800000190734863,14.241307258605957,2198417
EFIH.CA,FinTech,2024-01-21 22:00:00,14.800000190734863,15.008000373840332,14.392000198364258,14.432000160217285,13.887197494506836,5404202
EFIH.CA,FinTech,2024-01-22 22:00:00,14.432000160217285,14.600000381469727,14.144000053405762,14.552000045776367,14.002668380737305,6157668
EFIH.CA,FinTech,2024-01-23 22:00:00,14.552000045776367,14.543999671936035,14.359999656677246,14.4399995803833,13.894895553588867,861387
EFIH.CA,FinTech,2024-01-27 22:00:00,14.4399995803833,14.583999633789062,14.288000106811523,14.383999824523926,13.841010093688965,1180737
EFIH.CA,FinTech,2024-01-28 22:00:00,14.383999824523926,14.800000190734863,14.399999618530273,14.640000343322754,14.087346076965332,3712933
EFIH.CA,FinTech,2024-01-29 22:00:00,14.640000343322754,14.760000228881836,14.447999954223633,14.48799991607666,13.941083908081055,1904472
EFIH.CA,FinTech,2024-01-30 22:00:00,14.48799991607666,14.583999633789062,14.0,14.079999923706055,13.548484802246094,1883473
EFIH.CA,FinTech,2024-01-31 22:00:00,14.079999923706055,14.319999694824219,13.800000190734863,14.223999977111816,13.687049865722656,2223566
EFIH.CA,FinTech,2024-02-03 22:00:00,14.223999977111816,14.279999732971191,13.895999908447266,14.144000053405762,13.61007022857666,1146940
EFIH.CA,FinTech,2024-02-04 22:00:00,14.144000053405762,14.680000305175781,14.088000297546387,14.5600004196167,14.01036548614502,632351
EFIH.CA,FinTech,2024-02-05 22:00:00,14.5600004196167,14.600000381469727,14.399999618530273,14.479999542236328,13.933385848999023,956661
EFIH.CA,FinTech,2024-02-06 22:00:00,14.479999542236328,14.456000328063965,14.215999603271484,14.35200023651123,13.81021785736084,486687
EFIH.CA,FinTech,2024-02-07 22:00:00,14.35200023651123,14.48799991607666,14.239999771118164,14.383999824523926,13.841010093688965,840218
EFIH.CA,FinTech,2024-02-10 22:00:00,14.383999824523926,14.392000198364258,13.920000076293945,13.928000450134277,13.402223587036133,1131902
EFIH.CA,FinTech,2024-02-11 22:00:00,13.928000450134277,14.288000106811523,13.880000114440918,14.15999984741211,13.625465393066406,703888
EFIH.CA,FinTech,2024-02-12 22:00:00,14.15999984741211,14.720000267028809,14.215999603271484,14.592000007629395,14.041157722473145,936967
EFIH.CA,FinTech,2024-02-13 22:00:00,14.592000007629395,14.64799976348877,14.51200008392334,14.607999801635742,14.056554794311523,419127
EFIH.CA,FinTech,2024-02-14 22:00:00,14.607999801635742,14.800000190734863,14.456000328063965,14.776000022888184,14.218212127685547,917946
EFIH.CA,FinTech,2024-02-17 22:00:00,14.776000022888184,14.776000022888184,14.776000022888184,14.776000022888184,14.218212127685547,0
EFIH.CA,FinTech,2024-02-18 22:00:00,14.800000190734863,14.887999534606934,14.736000061035156,14.744000434875488,14.187419891357422,654618
EFIH.CA,FinTech,2024-02-19 22:00:00,14.744000434875488,14.880000114440918,14.503999710083008,14.527999877929688,13.979574203491211,873888
EFIH.CA,FinTech,2024-02-20 22:00:00,14.527999877929688,14.592000007629395,14.095999717712402,14.15999984741211,13.625465393066406,1368893
EFIH.CA,FinTech,2024-02-21 22:00:00,14.15999984741211,14.399999618530273,13.960000038146973,14.031999588012695,13.502297401428223,2495377
EFIH.CA,FinTech,2024-02-24 22:00:00,14.031999588012695,14.368000030517578,13.680000305175781,14.199999809265137,13.663955688476562,1550923
EFIH.CA,FinTech,2024-02-25 22:00:00,14.199999809265137,17.040000915527344,14.199999809265137,16.799999237060547,16.16580581665039,12795588
EFIH.CA,FinTech,2024-02-26 22:00:00,16.799999237060547,17.760000228881836,16.312000274658203,17.191999435424805,16.543010711669922,11250955
EFIH.CA,FinTech,2024-02-27 22:00:00,17.191999435424805,19.983999252319336,16.399999618530273,17.639999389648438,16.974098205566406,9283181
EFIH.CA,FinTech,2024-02-28 22:00:00,17.639999389648438,19.040000915527344,17.200000762939453,17.24799919128418,16.596895217895508,2731662
EFIH.CA,FinTech,2024-03-02 22:00:00,17.24799919128418,20.0,16.959999084472656,19.368000030517578,18.636865615844727,7727525
EFIH.CA,FinTech,2024-03-03 22:00:00,19.368000030517578,20.0,18.488000869750977,18.808000564575195,18.098005294799805,4185757
EFIH.CA,FinTech,2024-03-04 22:00:00,18.808000564575195,19.600000381469727,18.56800079345703,19.200000762939453,18.47520637512207,2493322
EFIH.CA,FinTech,2024-03-05 22:00:00,19.200000762939453,19.920000076293945,16.799999237060547,16.799999237060547,16.16580581665039,4885161
EFIH.CA,FinTech,2024-03-06 22:00:00,16.799999237060547,18.304000854492188,16.440000534057617,18.304000854492188,17.613033294677734,4314075
EFIH.CA,FinTech,2024-03-09 22:00:00,18.304000854492188,21.959999084472656,18.416000366210938,21.959999084472656,21.131017684936523,8340133
EFIH.CA,FinTech,2024-03-10 22:00:00,21.959999084472656,25.920000076293945,20.959999084472656,25.040000915527344,24.094751358032227,9567403
EFIH.CA,FinTech,2024-03-11 22:00:00,25.040000915527344,27.18400001525879,23.200000762939453,24.0,23.094009399414062,8526330
EFIH.CA,FinTech,2024-03-12 22:00:00,24.0,24.040000915527344,20.0,22.143999099731445,21.308073043823242,11963710
EFIH.CA,FinTech,2024-03-13 22:00:00,22.143999099731445,22.408000946044922,20.0,21.440000534057617,20.63064956665039,10474273
EFIH.CA,FinTech,2024-03-16 22:00:00,21.440000534057617,22.559999465942383,20.239999771118164,20.239999771118164,19.475948333740234,9357118
EFIH.CA,FinTech,2024-03-17 22:00:00,20.239999771118164,20.631999969482422,16.447999954223633,17.351999282836914,16.696969985961914,11461632
EFIH.CA,FinTech,2024-03-18 22:00:00,17.351999282836914,19.191999435424805,16.479999542236328,19.191999435424805,18.467510223388672,6398178
EFIH.CA,FinTech,2024-03-19 22:00:00,19.191999435424805,19.552000045776367,17.695999145507812,18.15999984741211,17.47446632385254,4513762
EFIH.CA,FinTech,2024-03-20 22:00:00,18.15999984741211,19.90399932861328,17.84000015258789,19.8799991607666,19.129535675048828,3257565
EFIH.CA,FinTech,2024-03-23 22:00:00,19.8799991607666,22.799999237060547,19.200000762939453,21.920000076293945,21.092527389526367,8722866
EFIH.CA,FinTech,2024-03-24 22:00:00,21.920000076293945,22.503999710083008,20.799999237060547,20.88800048828125,20.0994873046875,3215628
EFIH.CA,FinTech,2024-03-25 22:00:00,20.88800048828125,21.8799991607666,20.799999237060547,20.808000564575195,20.022504806518555,3263986
EFIH.CA,FinTech,2024-03-26 22:00:00,20.808000564575195,21.31999969482422,18.08799934387207,18.399999618530273,17.705408096313477,6533528
EFIH.CA,FinTech,2024-03-27 22:00:00,18.399999618530273,18.559999465942383,17.68000030517578,17.687999725341797,17.02028465270996,2970558
EFIH.CA,FinTech,2024-03-30 22:00:00,17.687999725341797,17.944000244140625,16.079999923706055,16.527999877929688,15.904074668884277,1867331
EFIH.CA,FinTech,2024-03-31 22:00:00,16.527999877929688,18.600000381469727,17.055999755859375,18.472000122070312,17.774688720703125,3221028
EFIH.CA,FinTech,2024-04-01 22:00:00,18.472000122070312,19.06399917602539,17.600000381469727,17.639999389648438,16.974098205566406,2052258
EFIH.CA,FinTech,2024-04-02 22:00:00,17.639999389648438,18.104000091552734,17.384000778198242,17.808000564575195,17.13575553894043,1654702
EFIH.CA,FinTech,2024-04-03 22:00:00,17.808000564575195,18.479999542236328,17.808000564575195,18.1200008392334,17.435977935791016,1758976
EFIH.CA,FinTech,2024-04-06 22:00:00,18.1200008392334,18.639999389648438,18.007999420166016,18.167999267578125,17.48216438293457,1703718
EFIH.CA,FinTech,2024-04-07 22:00:00,18.167999267578125,18.3439998626709,18.0,18.27199935913086,17.582237243652344,820805
EFIH.CA,FinTech,2024-04-14 22:00:00,18.27199935913086,20.799999237060547,18.079999923706055,20.43199920654297,19.66069984436035,3898026
EFIH.CA,FinTech,2024-04-15 22:00:00,20.43199920654297,20.68000030517578,19.639999389648438,19.760000228881836,19.014068603515625,1921220
EFIH.CA,FinTech,2024-04-16 22:00:00,19.760000228881836,20.711999893188477,19.84000015258789,20.016000747680664,19.260406494140625,1251908
EFIH.CA,FinTech,2024-04-17 22:00:00,20.016000747680664,20.447999954223633,18.007999420166016,18.375999450683594,17.682313919067383,1689222
EFIH.CA,FinTech,2024-04-20 22:00:00,18.375999450683594,19.06399917602539,18.327999114990234,18.70400047302246,17.99793243408203,976442
EFIH.CA,FinTech,2024-04-21 22:00:00,18.70400047302246,19.200000762939453,18.02400016784668,18.27199935913086,17.582237243652344,719050
EFIH.CA,FinTech,2024-04-22 22:00:00,18.27199935913086,19.200000762939453,17.280000686645508,17.392000198364258,16.73546028137207,2276010
EFIH.CA,FinTech,2024-04-23 22:00:00,17.392000198364258,17.832000732421875,16.43199920654297,17.440000534057617,16.781646728515625,10844402
EFIH.CA,FinTech,2024-04-27 21:00:00,17.440000534057617,17.440000534057617,17.440000534057617,17.440000534057617,16.878515243530273,0
EFIH.CA,FinTech,2024-04-28 21:00:00,17.200000762939453,18.360000610351562,17.215999603271484,17.92799949645996,17.350801467895508,2418293
EFIH.CA,FinTech,2024-04-29 21:00:00,17.92799949645996,18.600000381469727,17.29599952697754,17.992000579833984,17.412742614746094,3944992
EFIH.CA,FinTech,2024-04-30 21:00:00,17.992000579833984,17.992000579833984,17.992000579833984,17.992000579833984,17.412742614746094,0
EFIH.CA,FinTech,2024-05-01 21:00:00,18.968000411987305,21.440000534057617,18.56800079345703,20.920000076293945,20.24647331237793,4350538
EFIH.CA,FinTech,2024-05-06 21:00:00,20.920000076293945,21.91200065612793,19.447999954223633,20.128000259399414,19.47997283935547,3548198
EFIH.CA,FinTech,2024-05-07 21:00:00,20.128000259399414,20.70400047302246,19.29599952697754,19.607999801635742,18.976716995239258,3063001
EFIH.CA,FinTech,2024-05-08 21:00:00,19.607999801635742,20.280000686645508,19.079999923706055,19.440000534057617,18.814123153686523,2002378
EFIH.CA,FinTech,2024-05-11 21:00:00,19.440000534057617,20.152000427246094,17.591999053955078,18.0,17.420486450195312,1856036
EFIH.CA,FinTech,2024-05-12 21:00:00,18.0,18.760000228881836,17.20800018310547,18.43199920654297,17.83857536315918,1986143
EFIH.CA,FinTech,2024-05-13 21:00:00,18.43199920654297,18.639999389648438,17.687999725341797,18.007999420166016,17.428226470947266,1028123
EFIH.CA,FinTech,2024-05-14 21:00:00,18.007999420166016,19.1200008392334,17.799999237060547,18.239999771118164,17.65275764465332,2322450
EFIH.CA,FinTech,2024-05-15 21:00:00,18.239999771118164,20.079999923706055,18.256000518798828,19.992000579833984,19.348352432250977,2663786
EFIH.CA,FinTech,2024-05-18 21:00:00,19.992000579833984,19.992000579833984,19.992000579833984,19.992000579833984,19.348352432250977,0
EFIH.CA,FinTech,2024-05-19 21:00:00,20.488000869750977,20.711999893188477,19.760000228881836,19.808000564575195,19.170276641845703,1803906
EFIH.CA,FinTech,2024-05-20 21:00:00,19.808000564575195,21.511999130249023,19.535999298095703,20.72800064086914,20.060657501220703,2656370
EFIH.CA,FinTech,2024-05-21 21:00:00,20.72800064086914,21.576000213623047,20.360000610351562,20.535999298095703,19.87483787536621,2278111
EFIH.CA,FinTech,2024-05-22 21:00:00,20.535999298095703,20.95199966430664,20.360000610351562,20.399999618530273,19.743215560913086,924707
EFIH.CA,FinTech,2024-05-25 21:00:00,20.399999618530273,20.399999618530273,20.399999618530273,20.399999618530273,19.743215560913086,0
EFIH.CA,FinTech,2024-05-26 21:00:00,20.224000930786133,20.672000885009766,20.176000595092773,20.368000030517578,19.712247848510742,657401
EFIH.CA,FinTech,2024-05-27 21:00:00,20.368000030517578,20.479999542236328,19.68000030517578,20.0,19.356094360351562,668311
EFIH.CA,FinTech,2024-05-28 21:00:00,20.0,20.399999618530273,19.288000106811523,19.360000610351562,18.7367000579834,737090
EFIH.CA,FinTech,2024-05-29 21:00:00,19.360000610351562,20.224000930786133,18.736000061035156,19.392000198364258,18.767669677734375,1733583
EFIH.CA,FinTech,2024-06-01 21:00:00,19.392000198364258,19.992000579833984,19.392000198364258,19.959999084472656,19.317380905151367,545962
EFIH.CA,FinTech,2024-06-02 21:00:00,19.959999084472656,20.215999603271484,19.76799964904785,19.832000732421875,19.193504333496094,508747
EFIH.CA,FinTech,2024-06-03 21:00:00,19.832000732421875,20.152000427246094,19.520000457763672,19.607999801635742,18.976716995239258,326036
EFIH.CA,FinTech,2024-06-04 21:00:00,19.607999801635742,20.191999435424805,19.288000106811523,19.743999481201172,19.108335494995117,363782
EFIH.CA,FinTech,2024-06-05 21:00:00,19.743999481201172,20.0,18.176000595092773,18.503999710083008,17.90825843811035,4082991
EFIH.CA,FinTech,2024-06-08 21:00:00,18.503999710083008,18.56800079345703,17.68000030517578,17.81599998474121,17.24241065979004,684628
EFIH.CA,FinTech,2024-06-09 21:00:00,17.81599998474121,18.375999450683594,17.624000549316406,18.29599952697754,17.706954956054688,614303
EFIH.CA,FinTech,2024-06-10 21:00:00,18.29599952697754,19.27199935913086,18.399999618530273,19.23200035095215,18.61281967163086,1240107
EFIH.CA,FinTech,2024-06-11 21:00:00,19.23200035095215,19.23200035095215,18.8799991607666,19.1200008392334,18.504426956176758,665622
EFIH.CA,FinTech,2024-06-12 21:00:00,19.1200008392334,19.91200065612793,18.799999237060547,19.591999053955078,18.961227416992188,1995293
EFIH.CA,FinTech,2024-06-22 21:00:00,19.591999053955078,20.15999984741211,19.520000457763672,20.040000915527344,19.394807815551758,2462792
EFIH.CA,FinTech,2024-06-23 21:00:00,20.040000915527344,21.472000122070312,18.639999389648438,20.079999923706055,19.43351936340332,16581696
EFIH.CA,FinTech,2024-06-24 21:00:00,20.079999923706055,20.408000946044922,19.215999603271484,20.007999420166016,19.36383628845215,1402846
EFIH.CA,FinTech,2024-06-25 21:00:00,20.007999420166016,20.552000045776367,19.920000076293945,20.368000030517578,19.712247848510742,1807297
EFIH.CA,FinTech,2024-06-26 21:00:00,20.368000030517578,21.239999771118164,20.399999618530273,20.639999389648438,19.975488662719727,1996432
EFIH.CA,FinTech,2024-06-30 21:00:00,20.639999389648438,20.639999389648438,20.639999389648438,20.639999389648438,19.975488662719727,0
EFIH.CA,FinTech,2024-07-01 21:00:00,21.280000686645508,21.576000213623047,21.079999923706055,21.464000701904297,20.77296257019043,1136632
EFIH.CA,FinTech,2024-07-02 21:00:00,21.464000701904297,22.280000686645508,21.360000610351562,21.360000610351562,20.67230987548828,840977
EFIH.CA,FinTech,2024-07-03 21:00:00,21.360000610351562,21.799999237060547,21.200000762939453,21.520000457763672,20.82715606689453,2280520
EFIH.CA,FinTech,2024-07-06 21:00:00,21.520000457763672,21.75200080871582,21.440000534057617,21.68000030517578,20.982004165649414,400386
EFIH.CA,FinTech,2024-07-07 21:00:00,21.68000030517578,23.992000579833984,21.624000549316406,22.79199981689453,22.058204650878906,3320928
EFIH.CA,FinTech,2024-07-08 21:00:00,22.79199981689453,23.600000381469727,22.79199981689453,23.496000289916992,22.739540100097656,1696373
EFIH.CA,FinTech,2024-07-09 21:00:00,23.496000289916992,23.639999389648438,22.799999237060547,22.823999404907227,22.089174270629883,738523
EFIH.CA,FinTech,2024-07-13 21:00:00,22.823999404907227,26.0,22.559999465942383,23.0,22.25950813293457,899689
EFIH.CA,FinTech,2024-07-14 21:00:00,23.0,23.40999984741211,22.0,23.1299991607666,22.385324478149414,901813
EFIH.CA,FinTech,2024-07-15 21:00:00,23.1299991607666,23.700000762939453,23.0,23.600000381469727,22.840190887451172,542363
EFIH.CA,FinTech,2024-07-16 21:00:00,23.600000381469727,24.8799991607666,23.5,24.739999771118164,23.94348907470703,987205
EFIH.CA,FinTech,2024-07-17 21:00:00,24.739999771118164,25.190000534057617,24.790000915527344,25.0,24.195119857788086,732354
EFIH.CA,FinTech,2024-07-20 21:00:00,25.0,25.040000915527344,24.5,24.600000381469727,23.80799674987793,531034
EFIH.CA,FinTech,2024-07-21 21:00:00,24.600000381469727,25.100000381469727,24.299999237060547,25.0,24.195119857788086,648793
EFIH.CA,FinTech,2024-07-22 21:00:00,25.0,25.5,24.6200008392334,25.149999618530273,24.340286254882812,1428509
EFIH.CA,FinTech,2024-07-23 21:00:00,25.149999618530273,25.200000762939453,24.399999618530273,24.5,23.71121597290039,877661
EFIH.CA,FinTech,2024-07-27 21:00:00,24.5,24.979999542236328,23.799999237060547,24.0,23.227312088012695,352738
EFIH.CA,FinTech,2024-07-28 21:00:00,24.0,24.530000686645508,23.100000381469727,23.350000381469727,22.59823989868164,1466967
EFIH.CA,FinTech,2024-07-29 21:00:00,23.350000381469727,23.770000457763672,23.229999542236328,23.299999237060547,22.549846649169922,400733
EFIH.CA,FinTech,2024-07-30 21:00:00,23.299999237060547,24.399999618530273,23.200000762939453,24.329999923706055,23.546689987182617,755350
EFIH.CA,FinTech,2024-07-31 21:00:00,24.329999923706055,26.0,24.059999465942383,25.209999084472656,24.398357391357422,2415964
EFIH.CA,FinTech,2024-08-03 21:00:00,25.209999084472656,24.790000915527344,22.760000228881836,23.190000534057617,22.443391799926758,2729581
EFIH.CA,FinTech,2024-08-04 21:00:00,23.190000534057617,23.0,21.350000381469727,23.0,22.25950813293457,1745234
EFIH.CA,FinTech,2024-08-05 21:00:00,23.0,24.0,22.989999771118164,23.010000228881836,22.26918601989746,604067
EFIH.CA,FinTech,2024-08-06 21:00:00,23.010000228881836,23.850000381469727,23.1299991607666,23.209999084472656,22.46274757385254,1233142
EFIH.CA,FinTech,2024-08-07 21:00:00,23.209999084472656,23.719999313354492,23.0,23.190000534057617,22.443391799926758,498061
EFIH.CA,FinTech,2024-08-10 21:00:00,23.190000534057617,24.219999313354492,23.260000228881836,24.149999618530273,23.372486114501953,494366
EFIH.CA,FinTech,2024-08-11 21:00:00,24.149999618530273,24.889999389648438,24.020000457763672,24.600000381469727,23.80799674987793,1303544
EFIH.CA,FinTech,2024-08-12 21:00:00,24.600000381469727,25.18000030517578,24.110000610351562,24.700000762939453,23.90477752685547,1108015
EFIH.CA,FinTech,2024-08-13 21:00:00,24.700000762939453,25.190000534057617,24.399999618530273,24.969999313354492,24.16608238220215,1281887
EFIH.CA,FinTech,2024-08-14 21:00:00,24.969999313354492,27.0,23.40999984741211,23.40999984741211,22.656309127807617,8448803
EFIH.CA,FinTech,2024-08-17 21:00:00,23.40999984741211,23.719999313354492,23.0,23.100000381469727,22.35628890991211,2236001
EFIH.CA,FinTech,2024-08-18 21:00:00,23.100000381469727,23.700000762939453,22.610000610351562,23.040000915527344,22.298221588134766,2341121
EFIH.CA,FinTech,2024-08-19 21:00:00,23.040000915527344,23.549999237060547,23.06999969482422,23.299999237060547,22.549846649169922,2062223
EFIH.CA,FinTech,2024-08-20 21:00:00,23.299999237060547,23.670000076293945,22.90999984741211,23.299999237060547,22.549846649169922,1568723
EFIH.CA,FinTech,2024-08-21 21:00:00,23.299999237060547,23.389999389648438,22.209999084472656,22.209999084472656,21.49493980407715,2710888
EFIH.CA,FinTech,2024-08-24 21:00:00,22.209999084472656,22.989999771118164,22.440000534057617,22.799999237060547,22.065948486328125,2569534
EFIH.CA,FinTech,2024-08-25 21:00:00,22.799999237060547,23.0,22.360000610351562,22.479999542236328,21.756250381469727,1818085
EFIH.CA,FinTech,2024-08-26 21:00:00,22.479999542236328,22.899999618530273,22.5,22.59000015258789,21.862707138061523,1388641
EFIH.CA,FinTech,2024-08-27 21:00:00,22.59000015258789,22.84000015258789,22.6299991607666,22.770000457763672,22.03691291809082,739660
EFIH.CA,FinTech,2024-08-28 21:00:00,22.770000457763672,23.540000915527344,22.700000762939453,23.299999237060547,22.549846649169922,5322366
EFIH.CA,FinTech,2024-08-31 21:00:00,23.299999237060547,23.649999618530273,23.110000610351562,23.200000762939453,22.45306968688965,1587867
EFIH.CA,FinTech,2024-09-01 21:00:00,23.200000762939453,23.450000762939453,22.850000381469727,22.860000610351562,22.1240177154541,1322726
EFIH.CA,FinTech,2024-09-02 21:00:00,22.860000610351562,23.309999465942383,22.799999237060547,23.110000610351562,22.365966796875,669079
EFIH.CA,FinTech,2024-09-03 21:00:00,23.110000610351562,23.290000915527344,22.700000762939453,23.100000381469727,22.35628890991211,1031968
EFIH.CA,FinTech,2024-09-04 21:00:00,23.100000381469727,23.229999542236328,22.700000762939453,22.75,22.01755714416504,1321201
EFIH.CA,FinTech,2024-09-07 21:00:00,22.75,22.959999084472656,22.06999969482422,22.06999969482422,21.359451293945312,1145995
EFIH.CA,FinTech,2024-09-08 21:00:00,22.06999969482422,22.5,21.899999618530273,22.1299991607666,21.417518615722656,1181956
EFIH.CA,FinTech,2024-09-09 21:00:00,22.1299991607666,22.350000381469727,21.610000610351562,21.649999618530273,20.952970504760742,1142285
EFIH.CA,FinTech,2024-09-10 21:00:00,21.649999618530273,21.989999771118164,21.389999389648438,21.8799991607666,21.175565719604492,488150
EFIH.CA,FinTech,2024-09-11 21:00:00,21.8799991607666,22.450000762939453,21.799999237060547,21.8799991607666,21.175565719604492,311229
EFIH.CA,FinTech,2024-09-15 21:00:00,21.8799991607666,22.600000381469727,21.8799991607666,22.399999618530273,21.6788272857666,612706
EFIH.CA,FinTech,2024-09-16 21:00:00,22.399999618530273,22.790000915527344,22.219999313354492,22.229999542236328,21.514297485351562,641284
EFIH.CA,FinTech,2024-09-17 21:00:00,22.229999542236328,22.479999542236328,22.100000381469727,22.15999984741211,21.446552276611328,237431
EFIH.CA,FinTech,2024-09-18 21:00:00,22.15999984741211,23.0,22.25,23.0,22.25950813293457,1369767
EFIH.CA,FinTech,2024-09-21 21:00:00,23.0,23.68000030517578,23.0,23.600000381469727,22.840190887451172,1984351
EFIH.CA,FinTech,2024-09-22 21:00:00,23.600000381469727,23.780000686645508,23.100000381469727,23.200000762939453,22.45306968688965,961740
EFIH.CA,FinTech,2024-09-23 21:00:00,23.200000762939453,23.200000762939453,23.200000762939453,23.200000762939453,22.45306968688965,0
EFIH.CA,FinTech,2024-09-24 21:00:00,22.700000762939453,22.93000030517578,22.65999984741211,22.809999465942383,22.075624465942383,429989
EFIH.CA,FinTech,2024-09-25 21:00:00,22.809999465942383,22.969999313354492,22.6200008392334,22.75,22.01755714416504,452940
EFIH.CA,FinTech,2024-09-28 21:00:00,22.75,23.0,22.700000762939453,22.899999618530273,22.162731170654297,527269
EFIH.CA,FinTech,2024-09-29 21:00:00,22.899999618530273,23.049999237060547,22.75,22.780000686645508,22.046592712402344,362131
EFIH.CA,FinTech,2024-09-30 21:00:00,22.780000686645508,23.25,22.770000457763672,23.25,22.5014591217041,2224233
EFIH.CA,FinTech,2024-10-01 21:00:00,23.25,23.139999389648438,22.040000915527344,22.260000228881836,21.543333053588867,1310104
EFIH.CA,FinTech,2024-10-02 21:00:00,22.260000228881836,22.520000457763672,21.920000076293945,22.030000686645508,21.32073974609375,1528887
EFIH.CA,FinTech,2024-10-06 21:00:00,22.030000686645508,22.299999237060547,21.260000228881836,21.31999969482422,20.633594512939453,1712136
EFIH.CA,FinTech,2024-10-07 21:00:00,21.31999969482422,21.450000762939453,19.5,20.299999237060547,19.646434783935547,2524609
EFIH.CA,FinTech,2024-10-08 21:00:00,20.299999237060547,20.690000534057617,19.81999969482422,20.670000076293945,20.0045223236084,1869096
EFIH.CA,FinTech,2024-10-09 21:00:00,20.670000076293945,20.860000610351562,20.079999923706055,20.079999923706055,19.43351936340332,893638
EFIH.CA,FinTech,2024-10-12 21:00:00,20.079999923706055,20.68000030517578,19.350000381469727,19.350000381469727,18.727022171020508,1438368
EFIH.CA,FinTech,2024-10-13 21:00:00,19.350000381469727,19.950000762939453,18.899999618530273,19.309999465942383,18.688308715820312,964276
EFIH.CA,FinTech,2024-10-14 21:00:00,19.309999465942383,20.600000381469727,19.459999084472656,20.31999969482422,19.665794372558594,1295488
EFIH.CA,FinTech,2024-10-15 21:00:00,20.31999969482422,21.280000686645508,20.5,20.799999237060547,20.130338668823242,1370102
EFIH.CA,FinTech,2024-10-16 21:00:00,20.799999237060547,21.0,20.5,20.579999923706055,19.917423248291016,393300
EFIH.CA,FinTech,2024-10-19 21:00:00,20.579999923706055,20.989999771118164,20.110000610351562,20.299999237060547,19.646434783935547,1588830
EFIH.CA,FinTech,2024-10-20 21:00:00,20.299999237060547,20.649999618530273,19.56999969482422,20.6299991607666,19.965810775756836,490368
EFIH.CA,FinTech,2024-10-21 21:00:00,20.6299991607666,21.0,20.6200008392334,20.729999542236328,20.062591552734375,293571
EFIH.CA,FinTech,2024-10-22 21:00:00,20.729999542236328,21.0,20.6200008392334,20.899999618530273,20.22711944580078,768756
EFIH.CA,FinTech,2024-10-23 21:00:00,20.899999618530273,21.059999465942383,20.700000762939453,21.0,20.32390022277832,264272
EFIH.CA,FinTech,2024-10-26 21:00:00,21.0,21.299999237060547,20.899999618530273,21.0,20.32390022277832,152434
EFIH.CA,FinTech,2024-10-27 21:00:00,21.0,21.200000762939453,20.829999923706055,20.8700008392334,20.198083877563477,311040
EFIH.CA,FinTech,2024-10-28 21:00:00,20.8700008392334,21.1200008392334,20.610000610351562,20.979999542236328,20.30454444885254,643329
EFIH.CA,FinTech,2024-10-29 21:00:00,20.979999542236328,21.3799991607666,20.860000610351562,21.0,20.32390022277832,1234469
EFIH.CA,FinTech,2024-10-30 21:00:00,21.0,21.489999771118164,21.0,21.489999771118164,20.798124313354492,675791
EFIH.CA,FinTech,2024-11-02 22:00:00,21.489999771118164,21.850000381469727,21.530000686645508,21.739999771118164,21.040075302124023,523409
EFIH.CA,FinTech,2024-11-03 22:00:00,21.739999771118164,21.899999618530273,21.56999969482422,21.59000015258789,20.89490509033203,367592
EFIH.CA,FinTech,2024-11-04 22:00:00,21.59000015258789,21.68000030517578,21.299999237060547,21.350000381469727,20.662630081176758,146423
EFIH.CA,FinTech,2024-11-05 22:00:00,21.350000381469727,21.5,21.149999618530273,21.25,20.56584930419922,248213
EFIH.CA,FinTech,2024-11-06 22:00:00,21.25,21.299999237060547,21.049999237060547,21.059999465942383,20.38196563720703,404180
EFIH.CA,FinTech,2024-11-09 22:00:00,21.059999465942383,21.770000457763672,21.110000610351562,21.260000228881836,20.57552719116211,378876
EFIH.CA,FinTech,2024-11-10 22:00:00,21.260000228881836,22.610000610351562,21.309999465942383,22.020000457763672,21.311059951782227,3070834
EFIH.CA,FinTech,2024-11-11 22:00:00,22.020000457763672,22.5,21.709999084472656,21.850000381469727,21.146533966064453,1459569
EFIH.CA,FinTech,2024-11-12 22:00:00,21.850000381469727,22.100000381469727,21.75,21.75,21.049753189086914,391948
EFIH.CA,FinTech,2024-11-13 22:00:00,21.75,21.989999771118164,21.56999969482422,21.700000762939453,21.00136375427246,395858
EFIH.CA,FinTech,2024-11-16 22:00:00,21.700000762939453,21.8700008392334,21.440000534057617,21.440000534057617,20.74973487854004,415421
EFIH.CA,FinTech,2024-11-17 22:00:00,21.440000534057617,21.600000381469727,20.93000030517578,21.0,20.32390022277832,302430
EFIH.CA,FinTech,2024-11-18 22:00:00,21.0,21.100000381469727,20.5,20.579999923706055,19.917423248291016,516712
EFIH.CA,FinTech,2024-11-19 22:00:00,20.579999923706055,20.790000915527344,20.5,20.510000228881836,19.849674224853516,345361
EFIH.CA,FinTech,2024-11-20 22:00:00,20.510000228881836,20.850000381469727,20.510000228881836,20.540000915527344,19.87870979309082,453270
EFIH.CA,FinTech,2024-11-23 22:00:00,20.540000915527344,20.75,20.360000610351562,20.389999389648438,19.733537673950195,179399
EFIH.CA,FinTech,2024-11-24 22:00:00,20.389999389648438,20.649999618530273,20.25,20.329999923706055,19.67546844482422,864059
EFIH.CA,FinTech,2024-11-25 22:00:00,20.329999923706055,20.479999542236328,20.200000762939453,20.450000762939453,19.791608810424805,419280
EFIH.CA,FinTech,2024-11-26 22:00:00,20.450000762939453,20.600000381469727,20.0,20.290000915527344,19.63675880432129,475257
EFIH.CA,FinTech,2024-11-27 22:00:00,20.290000915527344,20.399999618530273,20.049999237060547,20.299999237060547,19.646434783935547,305712
EFIH.CA,FinTech,2024-11-30 22:00:00,20.299999237060547,20.600000381469727,20.260000228881836,20.40999984741211,19.752893447875977,362245
EFIH.CA,FinTech,2024-12-01 22:00:00,20.40999984741211,20.68000030517578,20.280000686645508,20.34000015258789,19.685148239135742,193034
EFIH.CA,FinTech,2024-12-02 22:00:00,20.34000015258789,20.610000610351562,20.100000381469727,20.610000610351562,19.946455001831055,669011
EFIH.CA,FinTech,2024-12-03 22:00:00,20.610000610351562,21.200000762939453,20.600000381469727,21.1299991607666,20.4497127532959,1459927
EFIH.CA,FinTech,2024-12-04 22:00:00,21.1299991607666,21.600000381469727,21.170000076293945,21.31999969482422,20.633594512939453,1100772
EFIH.CA,FinTech,2024-12-07 22:00:00,21.31999969482422,21.700000762939453,21.329999923706055,21.579999923706055,20.885225296020508,649174
EFIH.CA,FinTech,2024-12-08 22:00:00,21.579999923706055,21.700000762939453,20.770000457763672,20.829999923706055,20.159372329711914,300816
EFIH.CA,FinTech,2024-12-09 22:00:00,20.829999923706055,21.200000762939453,20.329999923706055,20.3700008392334,19.714183807373047,333270
EFIH.CA,FinTech,2024-12-10 22:00:00,20.3700008392334,20.709999084472656,20.100000381469727,20.1200008392334,19.472232818603516,684074
EFIH.CA,FinTech,2024-12-11 22:00:00,20.1200008392334,20.399999618530273,19.760000228881836,19.8799991607666,19.23995590209961,1234624
EFIH.CA,FinTech,2024-12-14 22:00:00,19.8799991607666,20.049999237060547,19.600000381469727,19.93000030517578,19.288345336914062,538832
EFIH.CA,FinTech,2024-12-15 22:00:00,19.93000030517578,20.100000381469727,19.610000610351562,19.700000762939453,19.065752029418945,753258
EFIH.CA,FinTech,2024-12-16 22:00:00,19.700000762939453,20.0,19.649999618530273,19.670000076293945,19.036718368530273,468705
EFIH.CA,FinTech,2024-12-17 22:00:00,19.670000076293945,20.600000381469727,19.65999984741211,20.399999618530273,19.743215560913086,3143350
EFIH.CA,FinTech,2024-12-18 22:00:00,20.399999618530273,20.5,19.700000762939453,19.979999542236328,19.33673858642578,1125562
EFIH.CA,FinTech,2024-12-21 22:00:00,19.979999542236328,20.149999618530273,19.40999984741211,19.489999771118164,18.86251449584961,1122688
EFIH.CA,FinTech,2024-12-22 22:00:00,19.489999771118164,19.579999923706055,19.010000228881836,19.010000228881836,18.397968292236328,496841
EFIH.CA,FinTech,2024-12-23 22:00:00,19.010000228881836,19.149999618530273,18.049999237060547,19.0,18.388288497924805,1210069
EFIH.CA,FinTech,2024-12-24 22:00:00,19.0,19.139999389648438,18.799999237060547,18.899999618530273,18.419063568115234,569787
EFIH.CA,FinTech,2024-12-25 22:00:00,18.899999618530273,19.479999542236328,18.6299991607666,19.309999465942383,18.81863021850586,556190
EFIH.CA,FinTech,2024-12-28 22:00:00,19.309999465942383,19.299999237060547,18.75,18.899999618530273,18.419063568115234,185557
EFIH.CA,FinTech,2024-12-29 22:00:00,18.899999618530273,19.190000534057617,18.200000762939453,19.0,18.516517639160156,609761
EFIH.CA,FinTech,2024-12-30 22:00:00,19.0,19.100000381469727,18.559999465942383,18.729999542236328,18.253389358520508,280620
EFIH.CA,FinTech,2025-01-01 22:00:00,18.729999542236328,18.979999542236328,18.75,18.90999984741211,18.428808212280273,583776
EFIH.CA,FinTech,2025-01-04 22:00:00,18.90999984741211,19.299999237060547,18.799999237060547,19.06999969482422,18.58473777770996,1523194
EFIH.CA,FinTech,2025-01-05 22:00:00,19.06999969482422,19.200000762939453,18.780000686645508,18.889999389648438,18.409317016601562,1608757
EFIH.CA,FinTech,2025-01-07 22:00:00,18.889999389648438,18.979999542236328,18.700000762939453,18.799999237060547,18.321609497070312,644087
EFIH.CA,FinTech,2025-01-08 22:00:00,18.799999237060547,18.899999618530273,18.600000381469727,18.600000381469727,18.126699447631836,873928
EFIH.CA,FinTech,2025-01-11 22:00:00,18.600000381469727,18.600000381469727,18.049999237060547,18.239999771118164,17.77585792541504,1032227
EFIH.CA,FinTech,2025-01-12 22:00:00,18.239999771118164,18.399999618530273,17.270000457763672,17.5,17.0546875,891218
EFIH.CA,FinTech,2025-01-13 22:00:00,17.5,17.829999923706055,16.799999237060547,17.479999542236328,17.03519630432129,1001859
EFIH.CA,FinTech,2025-01-14 22:00:00,17.479999542236328,17.75,17.350000381469727,17.530000686645508,17.083925247192383,473958
EFIH.CA,FinTech,2025-01-15 22:00:00,17.530000686645508,17.940000534057617,17.299999237060547,17.610000610351562,17.16189193725586,1199391
EFIH.CA,FinTech,2025-01-18 22:00:00,17.530000686645508,17.940000534057617,17.299999237060547,17.760000228881836,17.308073043823242,1591714
EFIH.CA,FinTech,2025-01-19 22:00:00,17.780000686645508,18.149999618530273,17.799999237060547,18.100000381469727,17.639421463012695,1608885
EFIH.CA,FinTech,2025-01-20 22:00:00,18.100000381469727,18.940000534057617,18.100000381469727,18.799999237060547,18.321609497070312,3013054
EFIH.CA,FinTech,2025-01-21 22:00:00,18.799999237060547,19.149999618530273,18.600000381469727,18.790000915527344,18.31186294555664,2184441
EFIH.CA,FinTech,2025-01-22 22:00:00,18.790000915527344,18.799999237060547,18.399999618530273,18.579999923706055,18.107206344604492,574032
EFIH.CA,FinTech,2025-01-25 22:00:00,18.579999923706055,18.579999923706055,18.18000030517578,18.219999313354492,17.756366729736328,506146
EFIH.CA,FinTech,2025-01-26 22:00:00,18.219999313354492,18.219999313354492,17.719999313354492,17.729999542236328,17.278833389282227,843365
EFIH.CA,FinTech,2025-01-27 22:00:00,17.729999542236328,17.90999984741211,17.540000915527344,17.6299991607666,17.181379318237305,922501
EFIH.CA,FinTech,2025-01-28 22:00:00,17.6299991607666,18.190000534057617,17.6299991607666,17.790000915527344,17.337308883666992,866716
EFIH.CA,FinTech,2025-01-29 22:00:00,17.790000915527344,18.200000762939453,17.649999618530273,18.110000610351562,17.649166107177734,1394220
EFIH.CA,FinTech,2025-02-01 22:00:00,18.110000610351562,18.200000762939453,17.969999313354492,18.0,17.54196548461914,1010171
EFIH.CA,FinTech,2025-02-02 22:00:00,18.0,18.030000686645508,17.6299991607666,17.719999313354492,17.269088745117188,1532777
EFIH.CA,FinTech,2025-02-03 22:00:00,17.719999313354492,17.899999618530273,17.700000762939453,17.770000457763672,17.31781768798828,157516
EFIH.CA,FinTech,2025-02-04 22:00:00,17.770000457763672,17.799999237060547,17.530000686645508,17.530000686645508,17.083925247192383,410715
EFIH.CA,FinTech,2025-02-05 22:00:00,17.530000686645508,17.700000762939453,17.510000228881836,17.600000381469727,17.152143478393555,477361
EFIH.CA,FinTech,2025-02-08 22:00:00,17.600000381469727,17.799999237060547,17.520000457763672,17.530000686645508,17.083925247192383,535589
EFIH.CA,FinTech,2025-02-09 22:00:00,17.530000686645508,17.6200008392334,17.299999237060547,17.350000381469727,16.908506393432617,800095
EFIH.CA,FinTech,2025-02-10 22:00:00,17.350000381469727,17.459999084472656,16.600000381469727,16.600000381469727,16.177589416503906,1829791
EFIH.CA,FinTech,2025-02-11 22:00:00,16.600000381469727,16.799999237060547,16.0,16.530000686645508,16.109371185302734,1178324
EFIH.CA,FinTech,2025-02-12 22:00:00,16.530000686645508,16.700000762939453,16.299999237060547,16.65999984741211,16.236061096191406,699071
EFIH.CA,FinTech,2025-02-15 22:00:00,16.65999984741211,17.600000381469727,16.65999984741211,17.600000381469727,17.152143478393555,1328928
EFIH.CA,FinTech,2025-02-16 22:00:00,17.600000381469727,17.75,17.399999618530273,17.399999618530273,16.957231521606445,1092775
EFIH.CA,FinTech,2025-02-17 22:00:00,17.399999618530273,17.5,17.1299991607666,17.309999465942383,16.869524002075195,1702227
EFIH.CA,FinTech,2025-02-18 22:00:00,17.309999465942383,17.649999618530273,17.299999237060547,17.3700008392334,16.927997589111328,542090
EFIH.CA,FinTech,2025-02-19 22:00:00,17.3700008392334,17.520000457763672,17.1299991607666,17.25,16.811050415039062,788078
EFIH.CA,FinTech,2025-02-22 22:00:00,17.25,17.34000015258789,16.950000762939453,17.100000381469727,16.664865493774414,865049
EFIH.CA,FinTech,2025-02-23 22:00:00,17.100000381469727,17.25,17.059999465942383,17.09000015258789,16.655120849609375,256076
EFIH.CA,FinTech,2025-02-24 22:00:00,17.09000015258789,17.149999618530273,16.65999984741211,16.899999618530273,16.469955444335938,950542
EFIH.CA,FinTech,2025-02-25 22:00:00,16.899999618530273,17.469999313354492,16.639999389648438,16.639999389648438,16.216569900512695,2718317
EFIH.CA,FinTech,2025-02-26 22:00:00,16.639999389648438,17.0,16.030000686645508,16.030000686645508,15.622095108032227,4725610
EFIH.CA,FinTech,2025-03-01 22:00:00,16.030000686645508,16.75,16.209999084472656,16.459999084472656,16.041152954101562,1231913
EFIH.CA,FinTech,2025-03-02 22:00:00,16.459999084472656,16.75,16.450000762939453,16.6299991607666,16.206825256347656,1078043
EFIH.CA,FinTech,2025-03-03 22:00:00,16.6299991607666,16.760000228881836,16.5,16.510000228881836,16.089879989624023,1107173
EFIH.CA,FinTech,2025-03-04 22:00:00,16.510000228881836,16.6200008392334,16.149999618530273,16.299999237060547,15.885224342346191,777003
EFIH.CA,FinTech,2025-03-05 22:00:00,16.299999237060547,16.3799991607666,16.030000686645508,16.100000381469727,15.690313339233398,2081562
EFIH.CA,FinTech,2025-03-08 22:00:00,16.100000381469727,16.850000381469727,16.1299991607666,16.610000610351562,16.187335968017578,1801008
EFIH.CA,FinTech,2025-03-09 22:00:00,16.610000610351562,16.899999618530273,16.549999237060547,16.799999237060547,16.372499465942383,1350828
EFIH.CA,FinTech,2025-03-10 22:00:00,16.799999237060547,16.790000915527344,16.40999984741211,16.5,16.080135345458984,862956
EFIH.CA,FinTech,2025-03-11 22:00:00,16.5,16.510000228881836,16.09000015258789,16.139999389648438,15.729293823242188,4308651
EFIH.CA,FinTech,2025-03-12 22:00:00,16.139999389648438,16.579999923706055,16.149999618530273,16.3700008392334,15.953444480895996,3194363
EFIH.CA,FinTech,2025-03-15 22:00:00,16.3700008392334,17.360000610351562,16.450000762939453,17.280000686645508,16.840288162231445,4541476
EFIH.CA,FinTech,2025-03-16 22:00:00,17.280000686645508,17.399999618530273,17.010000228881836,17.200000762939453,16.76232147216797,3597099
EFIH.CA,FinTech,2025-03-17 22:00:00,17.200000762939453,17.25,16.75,16.950000762939453,16.518686294555664,2639357
EFIH.CA,FinTech,2025-03-18 22:00:00,16.950000762939453,17.059999465942383,16.5,16.6299991607666,16.206825256347656,2144630
EFIH.CA,FinTech,2025-03-19 22:00:00,16.6299991607666,16.920000076293945,16.6200008392334,16.770000457763672,16.343263626098633,1201147
EFIH.CA,FinTech,2025-03-22 22:00:00,16.770000457763672,16.979999542236328,16.700000762939453,16.780000686645508,16.353010177612305,910270
EFIH.CA,FinTech,2025-03-23 22:00:00,16.780000686645508,17.25,16.780000686645508,17.25,16.811050415039062,3956913
EFIH.CA,FinTech,2025-03-24 22:00:00,17.25,17.479999542236328,17.1200008392334,17.1200008392334,16.684358596801758,2426753
EFIH.CA,FinTech,2025-03-25 22:00:00,17.1200008392334,17.280000686645508,16.850000381469727,16.959999084472656,16.528427124023438,1316086
EFIH.CA,FinTech,2025-03-26 22:00:00,16.959999084472656,17.149999618530273,16.860000610351562,17.049999237060547,16.616138458251953,975670
EFIH.CA,FinTech,2025-04-02 22:00:00,17.049999237060547,17.139999389648438,16.850000381469727,16.950000762939453,16.518686294555664,859924
EFIH.CA,FinTech,2025-04-05 22:00:00,16.950000762939453,16.549999237060547,16.0,16.209999084472656,15.79751205444336,2770094
EFIH.CA,FinTech,2025-04-06 22:00:00,16.209999084472656,16.850000381469727,16.030000686645508,16.360000610351562,15.943697929382324,6821749
EFIH.CA,FinTech,2025-04-07 22:00:00,16.360000610351562,16.889999389648438,16.43000030517578,16.510000228881836,16.089879989624023,1690355
EFIH.CA,FinTech,2025-04-08 22:00:00,16.510000228881836,16.639999389648438,16.059999465942383,16.100000381469727,15.690313339233398,2130519
EFIH.CA,FinTech,2025-04-09 22:00:00,16.100000381469727,16.899999618530273,16.200000762939453,16.799999237060547,16.372499465942383,5000886
EFIH.CA,FinTech,2025-04-12 22:00:00,16.799999237060547,17.079999923706055,16.75,16.8700008392334,16.440719604492188,3504719
EFIH.CA,FinTech,2025-04-13 22:00:00,16.8700008392334,17.360000610351562,16.81999969482422,17.309999465942383,16.869524002075195,5277656
EFIH.CA,FinTech,2025-04-14 22:00:00,17.309999465942383,18.100000381469727,17.31999969482422,18.049999237060547,17.59069061279297,10298392
EFIH.CA,FinTech,2025-04-15 22:00:00,18.049999237060547,18.389999389648438,17.860000610351562,17.860000610351562,17.405527114868164,3948898
EFIH.CA,FinTech,2025-04-16 22:00:00,17.860000610351562,18.0,17.700000762939453,17.8700008392334,17.415273666381836,1796865
EFIH.CA,FinTech,2025-04-21 22:00:00,17.8700008392334,17.959999084472656,17.649999618530273,17.690000534057617,17.23985481262207,1736516
EFIH.CA,FinTech,2025-04-22 22:00:00,17.690000534057617,18.34000015258789,17.719999313354492,18.290000915527344,17.8245849609375,3052865
EFIH.CA,FinTech,2025-04-26 21:00:00,18.290000915527344,18.799999237060547,18.34000015258789,18.799999237060547,18.321609497070312,4660726
EFIH.CA,FinTech,2025-04-27 21:00:00,18.799999237060547,18.8799991607666,18.559999465942383,18.709999084472656,18.233896255493164,1183399
EFIH.CA,FinTech,2025-04-28 21:00:00,18.709999084472656,18.799999237060547,18.559999465942383,18.799999237060547,18.321609497070312,2340083
EFIH.CA,FinTech,2025-04-29 21:00:00,18.799999237060547,18.899999618530273,18.709999084472656,18.799999237060547,18.321609497070312,1428986
EFIH.CA,FinTech,2025-05-03 21:00:00,18.799999237060547,19.399999618530273,18.780000686645508,19.290000915527344,18.79914093017578,3106787
EFIH.CA,FinTech,2025-05-04 21:00:00,19.290000915527344,19.25,18.920000076293945,18.950000762939453,18.467792510986328,909592
EFIH.CA,FinTech,2025-05-05 21:00:00,18.950000762939453,19.290000915527344,18.8700008392334,18.969999313354492,18.487281799316406,1319620
EFIH.CA,FinTech,2025-05-06 21:00:00,18.969999313354492,19.049999237060547,18.399999618530273,18.579999923706055,18.107206344604492,2315684
EFIH.CA,FinTech,2025-05-07 21:00:00,18.579999923706055,18.649999618530273,18.329999923706055,18.450000762939453,17.980514526367188,961729
EFIH.CA,FinTech,2025-05-10 21:00:00,18.450000762939453,18.649999618530273,18.200000762939453,18.329999923706055,17.863567352294922,775788
EFIH.CA,FinTech,2025-05-11 21:00:00,18.329999923706055,18.75,18.350000381469727,18.540000915527344,18.068225860595703,1221110
EFIH.CA,FinTech,2025-05-12 21:00:00,18.540000915527344,18.799999237060547,18.610000610351562,18.790000915527344,18.31186294555664,1090344
EFIH.CA,FinTech,2025-05-13 21:00:00,18.790000915527344,18.850000381469727,18.610000610351562,18.75,18.27288055419922,920258
EFIH.CA,FinTech,2025-05-14 21:00:00,18.75,18.90999984741211,18.670000076293945,18.860000610351562,18.380081176757812,1250539
EFIH.CA,FinTech,2025-05-17 21:00:00,18.860000610351562,19.15999984741211,18.81999969482422,18.950000762939453,18.467792510986328,1528355
EFIH.CA,FinTech,2025-05-18 21:00:00,18.950000762939453,19.0,18.3700008392334,18.450000762939453,17.980514526367188,1393537
EFIH.CA,FinTech,2025-05-19 21:00:00,18.450000762939453,18.799999237060547,18.40999984741211,18.600000381469727,18.126699447631836,963862
EFIH.CA,FinTech,2025-05-20 21:00:00,18.600000381469727,19.09000015258789,18.6299991607666,19.0,18.516517639160156,2575515
EFIH.CA,FinTech,2025-05-21 21:00:00,19.0,19.31999969482422,18.90999984741211,19.149999618530273,18.662700653076172,2725389
EFIH.CA,FinTech,2025-05-24 21:00:00,12.766666412353516,13.186665534973145,12.800000190734863,13.180000305175781,12.844616889953613,5117344
EFIH.CA,FinTech,2025-05-25 21:00:00,13.180000305175781,13.319999694824219,13.079999923706055,13.086666107177734,12.753658294677734,3005367
EFIH.CA,FinTech,2025-05-26 21:00:00,13.086666107177734,13.19333267211914,12.666666030883789,12.933333396911621,12.604227066040039,1342153
EFIH.CA,FinTech,2025-05-27 21:00:00,12.933333396911621,13.053333282470703,12.793333053588867,12.806666374206543,12.480782508850098,1328844
EFIH.CA,FinTech,2025-05-28 21:00:00,12.806666374206543,12.866665840148926,12.739999771118164,12.833333015441895,12.506771087646484,1282552
EFIH.CA,FinTech,2025-05-31 21:00:00,12.833333015441895,12.933333396911621,12.5600004196167,12.566665649414062,12.246889114379883,1033938
EFIH.CA,FinTech,2025-06-01 21:00:00,12.567000389099121,12.6899995803833,12.010000228881836,12.319999694824219,12.006500244140625,1769450
EFIH.CA,FinTech,2025-06-02 21:00:00,12.319999694824219,12.420000076293945,12.229999542236328,12.350000381469727,12.035737991333008,1044408
EFIH.CA,FinTech,2025-06-03 21:00:00,12.350000381469727,12.680000305175781,12.279999732971191,12.600000381469727,12.279376029968262,1942234
EFIH.CA,FinTech,2025-06-09 21:00:00,12.600000381469727,12.670000076293945,12.5,12.630000114440918,12.308612823486328,1030453
EFIH.CA,FinTech,2025-06-10 21:00:00,12.630000114440918,12.680000305175781,12.399999618530273,12.4399995803833,12.12344741821289,1306183
EFIH.CA,FinTech,2025-06-11 21:00:00,12.4399995803833,12.4399995803833,12.1899995803833,12.34000015258789,12.025992393493652,1083659
EFIH.CA,FinTech,2025-06-14 21:00:00,12.34000015258789,11.989999771118164,11.010000228881836,11.59000015258789,11.295077323913574,1801777
EFIH.CA,FinTech,2025-06-15 21:00:00,11.59000015258789,11.859999656677246,11.399999618530273,11.40999984741211,11.119656562805176,1485793
EFIH.CA,FinTech,2025-06-16 21:00:00,11.40999984741211,11.5600004196167,11.069999694824219,11.069999694824219,10.788309097290039,1013130
EFIH.CA,FinTech,2025-06-17 21:00:00,11.069999694824219,11.399999618530273,10.9399995803833,11.210000038146973,10.9247465133667,1182097
EFIH.CA,FinTech,2025-06-18 21:00:00,11.210000038146973,11.329999923706055,10.960000038146973,11.199999809265137,10.915000915527344,1518337
EFIH.CA,FinTech,2025-06-21 21:00:00,11.199999809265137,11.399999618530273,10.899999618530273,11.300000190734863,11.012456893920898,1067438
EFIH.CA,FinTech,2025-06-22 21:00:00,11.300000190734863,11.579999923706055,11.350000381469727,11.539999961853027,11.361472129821777,2716552
EFIH.CA,FinTech,2025-06-23 21:00:00,11.539999961853027,12.59000015258789,11.619999885559082,12.470000267028809,12.277084350585938,3218269
EFIH.CA,FinTech,2025-06-24 21:00:00,12.470000267028809,12.789999961853027,12.100000381469727,12.680000305175781,12.48383617401123,1705394
EFIH.CA,FinTech,2025-06-28 21:00:00,12.680000305175781,12.899999618530273,12.479999542236328,12.899999618530273,12.700430870056152,2197420
EFIH.CA,FinTech,2025-06-29 21:00:00,12.899999618530273,13.09000015258789,12.600000381469727,12.800000190734863,12.601978302001953,2300579
EFIH.CA,FinTech,2025-06-30 21:00:00,12.800000190734863,12.9399995803833,12.140000343322754,12.460000038146973,12.26723861694336,1729430
EFIH.CA,FinTech,2025-07-01 21:00:00,12.460000038146973,12.5,12.239999771118164,12.399999618530273,12.20816707611084,539880
EFIH.CA,FinTech,2025-07-05 21:00:00,12.399999618530273,12.880000114440918,12.40999984741211,12.609999656677246,12.414917945861816,2406463
EFIH.CA,FinTech,2025-07-06 21:00:00,12.609999656677246,12.75,12.40999984741211,12.420000076293945,12.22785758972168,805393
EFIH.CA,FinTech,2025-07-08 21:00:00,12.420000076293945,12.600000381469727,12.300000190734863,12.5,12.306620597839355,620068
EFIH.CA,FinTech,2025-07-09 21:00:00,12.5,12.59000015258789,12.430000305175781,12.539999961853027,12.346001625061035,363512
EFIH.CA,FinTech,2025-07-12 21:00:00,12.539999961853027,12.600000381469727,12.149999618530273,12.1899995803833,12.001415252685547,758491
EFIH.CA,FinTech,2025-07-13 21:00:00,12.1899995803833,12.399999618530273,12.140000343322754,12.289999961853027,12.099868774414062,609166
EFIH.CA,FinTech,2025-07-14 21:00:00,12.289999961853027,12.399999618530273,12.210000038146973,12.229999542236328,12.040796279907227,1024392
EFIH.CA,FinTech,2025-07-15 21:00:00,12.229999542236328,12.550000190734863,12.050000190734863,12.130000114440918,11.942343711853027,4149976
EFIH.CA,FinTech,2025-07-16 21:00:00,12.130000114440918,12.300000190734863,12.130000114440918,12.130000114440918,11.942343711853027,625259
EFIH.CA,FinTech,2025-07-19 21:00:00,12.130000114440918,12.279999732971191,12.050000190734863,12.109999656677246,11.922653198242188,1144389
EFIH.CA,FinTech,2025-07-20 21:00:00,12.109999656677246,12.460000038146973,12.109999656677246,12.460000038146973,12.26723861694336,2291499
EFIH.CA,FinTech,2025-07-21 21:00:00,12.460000038146973,12.550000190734863,12.260000228881836,12.270000457763672,12.080178260803223,734385
EFIH.CA,FinTech,2025-07-22 21:00:00,12.270000457763672,12.270000457763672,12.270000457763672,12.270000457763672,12.080178260803223,0
EFIH.CA,FinTech,2025-07-26 21:00:00,12.300000190734863,12.390000343322754,12.180000305175781,12.390000343322754,12.198322296142578,1346852
EFIH.CA,FinTech,2025-07-27 21:00:00,12.390000343322754,12.479999542236328,12.020000457763672,12.039999961853027,11.85373592376709,1187268
EFIH.CA,FinTech,2025-07-28 21:00:00,12.039999961853027,12.300000190734863,12.069999694824219,12.300000190734863,12.10971450805664,925985
EFIH.CA,FinTech,2025-07-29 21:00:00,12.300000190734863,12.390000343322754,11.869999885559082,11.899999618530273,11.715901374816895,899606
EFIH.CA,FinTech,2025-07-30 21:00:00,11.899999618530273,12.199999809265137,11.90999984741211,12.199999809265137,12.011260986328125,755516
EFIH.CA,FinTech,2025-08-02 21:00:00,12.199999809265137,12.199999809265137,12.199999809265137,12.199999809265137,12.011260986328125,0
EFIH.CA,FinTech,2025-08-03 21:00:00,12.199999809265137,12.199999809265137,12.199999809265137,12.199999809265137,12.011260986328125,0
EFIH.CA,FinTech,2025-08-04 21:00:00,12.199999809265137,12.199999809265137,12.199999809265137,12.199999809265137,12.011260986328125,0
EFIH.CA,FinTech,2025-08-05 21:00:00,12.199999809265137,12.199999809265137,12.199999809265137,12.199999809265137,12.011260986328125,0
EFIH.CA,FinTech,2025-08-06 21:00:00,12.199999809265137,12.199999809265137,12.199999809265137,12.199999809265137,12.011260986328125,0
EFIH.CA,FinTech,2025-08-09 21:00:00,13.819999694824219,14.300000190734863,13.880000114440918,13.949999809265137,13.734187126159668,6569186
EFIH.CA,FinTech,2025-08-10 21:00:00,13.949999809265137,14.229999542236328,13.710000038146973,14.220000267028809,14.00001049041748,4862852
EFIH.CA,FinTech,2025-08-11 21:00:00,14.220000267028809,14.25,13.949999809265137,14.109999656677246,13.891712188720703,2681969
EFIH.CA,FinTech,2025-08-12 21:00:00,14.109999656677246,14.5,13.949999809265137,14.15999984741211,13.940938949584961,4245296
EFIH.CA,FinTech,2025-08-13 21:00:00,14.15999984741211,14.350000381469727,13.760000228881836,13.949999809265137,13.734187126159668,3873808
EFIH.CA,FinTech,2025-08-16 21:00:00,13.949999809265137,14.029999732971191,13.699999809265137,13.949999809265137,13.734187126159668,1464411
EFIH.CA,FinTech,2025-08-17 21:00:00,13.949999809265137,13.989999771118164,13.579999923706055,13.600000381469727,13.389602661132812,1203290
EFIH.CA,FinTech,2025-08-18 21:00:00,13.600000381469727,13.829999923706055,13.609999656677246,13.770000457763672,13.556973457336426,1212976
EFIH.CA,FinTech,2025-08-19 21:00:00,13.770000457763672,13.960000038146973,13.600000381469727,13.630000114440918,13.41913890838623,1032025
EFIH.CA,FinTech,2025-08-20 21:00:00,13.630000114440918,13.800000190734863,13.510000228881836,13.600000381469727,13.389602661132812,1023641
EFIH.CA,FinTech,2025-08-23 21:00:00,13.600000381469727,13.970000267028809,13.600000381469727,13.949999809265137,13.734187126159668,2756498
EFIH.CA,FinTech,2025-08-24 21:00:00,13.949999809265137,14.229999542236328,13.960000038146973,14.079999923706055,13.862175941467285,4607750
EFIH.CA,FinTech,2025-08-25 21:00:00,14.079999923706055,14.199999809265137,13.850000381469727,13.850000381469727,13.635734558105469,1963315
EFIH.CA,FinTech,2025-08-26 21:00:00,13.850000381469727,13.90999984741211,13.680000305175781,13.699999809265137,13.488055229187012,1598790
EFIH.CA,FinTech,2025-08-27 21:00:00,13.699999809265137,13.899999618530273,13.680000305175781,13.890000343322754,13.675115585327148,1388833
EFIH.CA,FinTech,2025-08-30 21:00:00,13.890000343322754,14.0,13.149999618530273,13.420000076293945,13.212387084960938,1174806
EFIH.CA,FinTech,2025-08-31 21:00:00,13.420000076293945,13.649999618530273,13.220000267028809,13.4399995803833,13.232077598571777,1238579
EFIH.CA,FinTech,2025-09-01 21:00:00,13.4399995803833,13.539999961853027,13.300000190734863,13.300000190734863,13.094244003295898,576464
EFIH.CA,FinTech,2025-09-02 21:00:00,13.300000190734863,13.390000343322754,12.949999809265137,13.079999923706055,12.877646446228027,2093313
EFIH.CA,FinTech,2025-09-06 21:00:00,13.079999923706055,13.199999809265137,12.819999694824219,12.869999885559082,12.67089557647705,843243
EFIH.CA,FinTech,2025-09-07 21:00:00,12.869999885559082,13.119999885559082,12.380000114440918,12.380000114440918,12.1884765625,4282466
EFIH.CA,FinTech,2025-09-08 21:00:00,12.380000114440918,12.539999961853027,12.170000076293945,12.270000457763672,12.080178260803223,1824587
EFIH.CA,FinTech,2025-09-09 21:00:00,12.270000457763672,12.520000457763672,12.210000038146973,12.460000038146973,12.26723861694336,1326365
EFIH.CA,FinTech,2025-09-10 21:00:00,12.460000038146973,12.739999771118164,12.479999542236328,12.739999771118164,12.542905807495117,1656767
EFIH.CA,FinTech,2025-09-13 21:00:00,12.739999771118164,12.75,12.600000381469727,12.619999885559082,12.424763679504395,855650
EFIH.CA,FinTech,2025-09-14 21:00:00,12.619999885559082,12.680000305175781,12.270000457763672,12.300000190734863,12.10971450805664,2787080
EFIH.CA,FinTech,2025-09-15 21:00:00,12.300000190734863,12.380000114440918,12.0,12.0,11.81435489654541,2294099
EFIH.CA,FinTech,2025-09-16 21:00:00,12.0,12.079999923706055,11.899999618530273,11.960000038146973,11.77497386932373,1289470
EFIH.CA,FinTech,2025-09-17 21:00:00,11.960000038146973,12.25,11.899999618530273,12.0,11.81435489654541,2249214
EFIH.CA,FinTech,2025-09-20 21:00:00,12.0,12.149999618530273,11.979999542236328,12.100000381469727,11.912808418273926,1550186
EFIH.CA,FinTech,2025-09-21 21:00:00,12.100000381469727,12.140000343322754,11.899999618530273,11.930000305175781,11.745437622070312,958484
EFIH.CA,FinTech,2025-09-22 21:00:00,11.930000305175781,12.550000190734863,11.949999809265137,12.399999618530273,12.20816707611084,5616384
EFIH.CA,FinTech,2025-09-23 21:00:00,12.399999618530273,12.529999732971191,12.329999923706055,12.399999618530273,12.20816707611084,745829
EFIH.CA,FinTech,2025-09-24 21:00:00,12.399999618530273,12.699999809265137,12.399999618530273,12.460000038146973,12.26723861694336,2781757
EFIH.CA,FinTech,2025-09-27 21:00:00,12.460000038146973,12.800000190734863,12.5,12.6899995803833,12.493680953979492,4087550
EFIH.CA,FinTech,2025-09-28 21:00:00,12.6899995803833,12.8100004196167,12.539999961853027,12.569999694824219,12.375536918640137,4112007
EFIH.CA,FinTech,2025-09-29 21:00:00,12.569999694824219,12.800000190734863,12.40999984741211,12.800000190734863,12.601978302001953,3756102
EFIH.CA,FinTech,2025-09-30 21:00:00,12.800000190734863,13.199999809265137,12.800000190734863,12.850000381469727,12.651205062866211,10151997
EFIH.CA,FinTech,2025-10-01 21:00:00,12.850000381469727,13.020000457763672,12.710000038146973,12.800000190734863,12.601978302001953,2942299
EFIH.CA,FinTech,2025-10-04 21:00:00,12.800000190734863,12.949999809265137,12.739999771118164,12.800000190734863,12.601978302001953,2096649
EFIH.CA,FinTech,2025-10-05 21:00:00,12.800000190734863,12.880000114440918,12.630000114440918,12.710000038146973,12.513371467590332,4592650
EFIH.CA,FinTech,2025-10-06 21:00:00,12.710000038146973,12.850000381469727,12.699999809265137,12.850000381469727,12.651205062866211,2860565
EFIH.CA,FinTech,2025-10-07 21:00:00,12.850000381469727,12.930000305175781,12.680000305175781,12.699999809265137,12.503525733947754,3678111
EFIH.CA,FinTech,2025-10-11 21:00:00,12.699999809265137,12.699999809265137,12.550000190734863,12.600000381469727,12.405073165893555,1654133
EFIH.CA,FinTech,2025-10-12 21:00:00,12.600000381469727,12.859999656677246,12.350000381469727,12.859999656677246,12.661049842834473,8436249
EFIH.CA,FinTech,2025-10-13 21:00:00,12.859999656677246,13.130000114440918,12.869999885559082,13.010000228881836,12.808730125427246,7037064
EFIH.CA,FinTech,2025-10-14 21:00:00,13.010000228881836,13.100000381469727,13.0,13.010000228881836,12.808730125427246,4844256
EFIH.CA,FinTech,2025-10-15 21:00:00,13.010000228881836,13.100000381469727,12.90999984741211,12.970000267028809,12.769349098205566,4989903
EFIH.CA,FinTech,2025-10-18 21:00:00,12.970000267028809,13.399999618530273,12.930000305175781,13.350000381469727,13.143470764160156,4478695
EFIH.CA,FinTech,2025-10-19 21:00:00,13.350000381469727,13.460000038146973,13.25,13.399999618530273,13.192696571350098,4970704
EFIH.CA,FinTech,2025-10-20 21:00:00,13.399999618530273,13.4399995803833,13.130000114440918,13.199999809265137,12.995790481567383,1751722
EFIH.CA,FinTech,2025-10-21 21:00:00,13.199999809265137,13.260000228881836,13.069999694824219,13.149999618530273,12.946563720703125,1036947
EFIH.CA,FinTech,2025-10-22 21:00:00,13.149999618530273,13.34000015258789,13.020000457763672,13.300000190734863,13.094244003295898,1950929
EFIH.CA,FinTech,2025-10-25 21:00:00,13.300000190734863,14.149999618530273,13.300000190734863,14.140000343322754,13.921248435974121,16248606
EFIH.CA,FinTech,2025-10-26 21:00:00,14.140000343322754,14.390000343322754,13.90999984741211,14.229999542236328,14.009855270385742,3748702
EFIH.CA,FinTech,2025-10-27 21:00:00,14.229999542236328,14.40999984741211,13.859999656677246,14.100000381469727,13.881867408752441,2730772
EFIH.CA,FinTech,2025-10-28 21:00:00,14.100000381469727,14.199999809265137,13.880000114440918,13.890000343322754,13.675115585327148,2335068
EFIH.CA,FinTech,2025-10-29 21:00:00,13.890000343322754,14.539999961853027,13.829999923706055,14.34000015258789,14.118154525756836,6223893
EFIH.CA,FinTech,2025-11-01 22:00:00,14.34000015258789,14.699999809265137,14.25,14.600000381469727,14.37413215637207,3053829
EFIH.CA,FinTech,2025-11-02 22:00:00,14.600000381469727,14.890000343322754,14.539999961853027,14.760000228881836,14.531657218933105,4716801
EFIH.CA,FinTech,2025-11-03 22:00:00,14.760000228881836,15.0,14.760000228881836,14.8100004196167,14.580883979797363,3159372
EFIH.CA,FinTech,2025-11-04 22:00:00,14.8100004196167,15.0,14.399999618530273,14.5,14.275679588317871,3667965
EFIH.CA,FinTech,2025-11-05 22:00:00,14.5,14.8100004196167,14.140000343322754,14.75,14.521811485290527,6811859
EFIH.CA,FinTech,2025-11-08 22:00:00,14.75,15.399999618530273,14.75,15.399999618530273,15.161755561828613,8144227
EFIH.CA,FinTech,2025-11-09 22:00:00,15.399999618530273,15.670000076293945,15.170000076293945,15.5,15.260208129882812,4061275
EFIH.CA,FinTech,2025-11-10 22:00:00,15.5,15.569999694824219,15.319999694824219,15.420000076293945,15.181446075439453,2459513
EFIH.CA,FinTech,2025-11-11 22:00:00,15.420000076293945,16.040000915527344,15.420000076293945,15.579999923706055,15.338971138000488,7315441
EFIH.CA,FinTech,2025-11-12 22:00:00,15.579999923706055,16.389999389648438,15.649999618530273,16.110000610351562,15.860772132873535,7566268
EFIH.CA,FinTech,2025-11-15 22:00:00,16.110000610351562,16.600000381469727,16.18000030517578,16.59000015258789,16.333345413208008,2326117
EFIH.CA,FinTech,2025-11-16 22:00:00,16.59000015258789,16.690000534057617,16.0,16.260000228881836,16.008451461791992,3642220
EFIH.CA,FinTech,2025-11-17 22:00:00,16.260000228881836,16.489999771118164,15.649999618530273,16.299999237060547,16.047832489013672,5213926
EFIH.CA,FinTech,2025-11-18 22:00:00,16.299999237060547,16.700000762939453,16.020000457763672,16.68000030517578,16.421953201293945,3012904
EFIH.CA,FinTech,2025-11-19 22:00:00,16.68000030517578,16.700000762939453,16.209999084472656,16.290000915527344,16.037986755371094,804411
EFIH.CA,FinTech,2025-11-22 22:00:00,16.290000915527344,16.450000762939453,16.049999237060547,16.049999237060547,15.8016996383667,494121
EFIH.CA,FinTech,2025-11-23 22:00:00,16.049999237060547,16.25,15.510000228881836,15.800000190734863,15.555567741394043,9734315
EFIH.CA,FinTech,2025-11-24 22:00:00,15.800000190734863,15.949999809265137,15.520000457763672,15.550000190734863,15.30943489074707,2322996
EFIH.CA,FinTech,2025-11-25 22:00:00,15.550000190734863,15.600000381469727,15.0,15.100000381469727,14.8663969039917,2691448
EFIH.CA,FinTech,2025-11-26 22:00:00,15.100000381469727,15.9399995803833,14.800000190734863,15.600000381469727,15.358661651611328,2650038
EFIH.CA,FinTech,2025-11-29 22:00:00,15.600000381469727,16.25,15.600000381469727,16.200000762939453,15.949379920959473,2341382
EFIH.CA,FinTech,2025-11-30 22:00:00,16.200000762939453,16.299999237060547,16.0,16.200000762939453,15.949379920959473,1173527
EFIH.CA,FinTech,2025-12-01 22:00:00,16.200000762939453,16.25,15.770000457763672,15.84000015258789,15.594948768615723,1466961
EFIH.CA,FinTech,2025-12-02 22:00:00,15.84000015258789,16.079999923706055,15.649999618530273,16.0,15.752473831176758,13836156
EFIH.CA,FinTech,2025-12-03 22:00:00,16.0,16.799999237060547,16.010000228881836,16.520000457763672,16.26443099975586,7346184
EFIH.CA,FinTech,2025-12-06 22:00:00,16.520000457763672,17.299999237060547,16.530000686645508,17.079999923706055,16.815765380859375,5132673
EFIH.CA,FinTech,2025-12-07 22:00:00,17.079999923706055,17.600000381469727,17.09000015258789,17.350000381469727,17.081588745117188,2707244
EFIH.CA,FinTech,2025-12-08 22:00:00,17.350000381469727,17.700000762939453,17.450000762939453,17.649999618530273,17.3769474029541,3515781
EFIH.CA,FinTech,2025-12-09 22:00:00,17.649999618530273,18.219999313354492,17.600000381469727,18.0,17.721532821655273,7999478
EFIH.CA,FinTech,2025-12-10 22:00:00,18.0,18.5,18.0,18.0,17.721532821655273,4146862
EFIH.CA,FinTech,2025-12-13 22:00:00,18.0,18.6299991607666,18.059999465942383,18.600000381469727,18.312252044677734,2970647
EFIH.CA,FinTech,2025-12-14 22:00:00,18.600000381469727,19.5,18.549999237060547,18.600000381469727,18.312252044677734,3442282
EFIH.CA,FinTech,2025-12-15 22:00:00,18.600000381469727,18.969999313354492,17.709999084472656,17.860000610351562,17.583698272705078,5234166
EFIH.CA,FinTech,2025-12-16 22:00:00,17.860000610351562,18.18000030517578,17.610000610351562,17.90999984741211,17.632923126220703,1903741
EFIH.CA,FinTech,2025-12-17 22:00:00,17.90999984741211,18.899999618530273,17.600000381469727,17.700000762939453,17.42617416381836,1716397
EFIH.CA,FinTech,2025-12-20 22:00:00,17.700000762939453,18.0,17.700000762939453,17.799999237060547,17.524625778198242,857149
EFIH.CA,FinTech,2025-12-21 22:00:00,17.799999237060547,17.950000762939453,17.5,17.600000381469727,17.327720642089844,2256981
EFIH.CA,FinTech,2025-12-22 22:00:00,17.600000381469727,18.0,17.6200008392334,18.0,17.721532821655273,2316803
EFIH.CA,FinTech,2025-12-23 22:00:00,18.0,18.469999313354492,17.899999618530273,18.010000228881836,17.73137664794922,788403
EFIH.CA,FinTech,2025-12-24 22:00:00,18.010000228881836,18.200000762939453,17.6200008392334,17.700000762939453,17.42617416381836,874253
EFIH.CA,FinTech,2025-12-27 22:00:00,17.700000762939453,18.389999389648438,17.739999771118164,18.290000915527344,18.186050415039062,1262582
EFIH.CA,FinTech,2025-12-28 22:00:00,18.290000915527344,18.3799991607666,18.15999984741211,18.239999771118164,18.136333465576172,1512597
EFIH.CA,FinTech,2025-12-29 22:00:00,18.239999771118164,18.399999618530273,18.0,18.3799991607666,18.275537490844727,856345
EFIH.CA,FinTech,2025-12-30 22:00:00,18.3799991607666,19.0,17.899999618530273,18.489999771118164,18.384912490844727,1771023
EFIH.CA,FinTech,2026-01-03 22:00:00,18.489999771118164,18.739999771118164,17.600000381469727,17.649999618530273,17.549686431884766,2118591
EFIH.CA,FinTech,2026-01-04 22:00:00,17.649999618530273,18.700000762939453,16.690000534057617,18.049999237060547,17.947412490844727,9607895
EFIH.CA,FinTech,2026-01-05 22:00:00,18.049999237060547,19.100000381469727,18.190000534057617,18.899999618530273,18.79258155822754,4361764
EFIH.CA,FinTech,2026-01-07 22:00:00,18.899999618530273,20.0,18.899999618530273,19.25,19.140592575073242,2800504
EFIH.CA,FinTech,2026-01-10 22:00:00,19.25,20.190000534057617,19.200000762939453,20.0,19.886329650878906,3707473
EFIH.CA,FinTech,2026-01-11 22:00:00,20.0,20.34000015258789,19.700000762939453,20.049999237060547,19.936044692993164,1504633
EFIH.CA,FinTech,2026-01-12 22:00:00,20.049999237060547,20.68000030517578,19.0,19.049999237060547,18.941728591918945,3932161
EFIH.CA,FinTech,2026-01-13 22:00:00,19.049999237060547,19.979999542236328,18.600000381469727,19.75,19.63775062561035,2236206
EFIH.CA,FinTech,2026-01-14 22:00:00,19.75,20.06999969482422,19.299999237060547,19.56999969482422,19.45877456665039,1714073
EFIH.CA,FinTech,2026-01-17 22:00:00,19.56999969482422,20.0,19.25,19.940000534057617,19.826671600341797,1092237
EFIH.CA,FinTech,2026-01-18 22:00:00,19.940000534057617,19.969999313354492,19.510000228881836,19.790000915527344,19.67752456665039,2261415
EFIH.CA,FinTech,2026-01-19 22:00:00,19.790000915527344,22.5,19.649999618530273,21.18000030517578,21.05962371826172,9893169
EFIH.CA,FinTech,2026-01-20 22:00:00,21.18000030517578,21.899999618530273,20.6200008392334,21.56999969482422,21.447406768798828,8189177
EFIH.CA,FinTech,2026-01-21 22:00:00,21.56999969482422,23.34000015258789,21.450000762939453,22.200000762939453,22.073827743530273,14963675
EFIH.CA,FinTech,2026-01-24 22:00:00,22.200000762939453,23.0,21.510000228881836,21.989999771118164,21.865020751953125,4345331
EFIH.CA,FinTech,2026-01-25 22:00:00,21.989999771118164,22.469999313354492,21.649999618530273,22.0,21.874963760375977,6681090
EFIH.CA,FinTech,2026-01-26 22:00:00,22.0,22.459999084472656,22.0,22.200000762939453,22.073827743530273,5179838
EFIH.CA,FinTech,2026-01-27 22:00:00,22.200000762939453,22.389999389648438,21.25,21.649999618530273,21.526952743530273,5116030
EFIH.CA,FinTech,2026-01-31 22:00:00,21.649999618530273,22.049999237060547,21.100000381469727,21.93000030517578,21.805360794067383,2644458
EFIH.CA,FinTech,2026-02-01 22:00:00,21.93000030517578,22.0,21.399999618530273,21.799999237060547,21.67609977722168,3248354
EFIH.CA,FinTech,2026-02-02 22:00:00,21.799999237060547,23.700000762939453,21.649999618530273,22.25,22.12354278564453,13197712
EFIH.CA,FinTech,2026-02-03 22:00:00,22.25,22.649999618530273,22.270000457763672,22.420000076293945,22.29257583618164,6815449
EFIH.CA,FinTech,2026-02-04 22:00:00,22.420000076293945,23.0,22.06999969482422,22.899999618530273,22.769847869873047,5270773
EFIH.CA,FinTech,2026-02-07 22:00:00,22.899999618530273,23.489999771118164,22.65999984741211,22.899999618530273,22.769847869873047,2774663
EFIH.CA,FinTech,2026-02-08 22:00:00,22.899999618530273,23.149999618530273,22.549999237060547,22.799999237060547,22.6704158782959,3308912
EFIH.CA,FinTech,2026-02-09 22:00:00,22.799999237060547,23.0,22.350000381469727,22.799999237060547,22.6704158782959,2181161
EFIH.CA,FinTech,2026-02-10 22:00:00,22.799999237060547,22.899999618530273,22.299999237060547,22.450000762939453,22.322406768798828,1431396
EFIH.CA,FinTech,2026-02-11 22:00:00,22.450000762939453,22.799999237060547,22.200000762939453,22.799999237060547,22.6704158782959,2119038
EFIH.CA,FinTech,2026-02-14 22:00:00,22.799999237060547,23.100000381469727,22.610000610351562,23.100000381469727,22.968711853027344,2777913
EFIH.CA,FinTech,2026-02-15 22:00:00,23.100000381469727,23.540000915527344,22.600000381469727,22.799999237060547,22.6704158782959,7148233
EFIH.CA,FinTech,2026-02-16 22:00:00,22.799999237060547,22.899999618530273,22.479999542236328,22.600000381469727,22.471553802490234,2509073
EFIH.CA,FinTech,2026-02-17 22:00:00,22.600000381469727,23.280000686645508,22.559999465942383,23.280000686645508,23.147689819335938,4605171
EFIH.CA,FinTech,2026-02-18 22:00:00,23.280000686645508,23.280000686645508,22.15999984741211,22.5,22.372121810913086,5211331
EFIH.CA,FinTech,2026-02-21 22:00:00,22.5,22.690000534057617,20.100000381469727,21.59000015258789,21.467294692993164,4871296
EFIH.CA,FinTech,2026-02-22 22:00:00,21.59000015258789,22.6200008392334,21.030000686645508,22.229999542236328,22.103654861450195,2306909
EFIH.CA,FinTech,2026-02-23 22:00:00,22.229999542236328,22.489999771118164,21.399999618530273,21.5,21.377805709838867,4724622
EFIH.CA,FinTech,2026-02-24 22:00:00,21.5,21.700000762939453,20.5,20.799999237060547,20.68178367614746,2422082
EFIH.CA,FinTech,2026-02-25 22:00:00,20.799999237060547,21.549999237060547,20.549999237060547,20.729999542236328,20.612180709838867,3176275
EFIH.CA,FinTech,2026-02-28 22:00:00,20.729999542236328,20.5,18.65999984741211,19.6200008392334,19.50849151611328,2886922
EFIH.CA,FinTech,2026-03-01 22:00:00,19.6200008392334,20.219999313354492,19.5,20.06999969482422,19.9559326171875,3678138
EFIH.CA,FinTech,2026-03-02 22:00:00,20.06999969482422,19.899999618530273,18.950000762939453,19.329999923706055,19.220138549804688,5008856
EFIH.CA,FinTech,2026-03-03 22:00:00,19.329999923706055,19.540000915527344,18.5,19.200000762939453,19.090877532958984,3149431
EFIH.CA,FinTech,2026-03-04 22:00:00,19.200000762939453,20.190000534057617,19.350000381469727,20.0,19.886329650878906,4563617
EFIH.CA,FinTech,2026-03-07 22:00:00,20.0,20.489999771118164,19.200000762939453,19.770000457763672,19.657638549804688,2470709
EFIH.CA,FinTech,2026-03-08 22:00:00,19.770000457763672,19.799999237060547,18.600000381469727,18.600000381469727,18.494287490844727,8427257
EFIH.CA,FinTech,2026-03-09 22:00:00,18.600000381469727,19.1299991607666,18.670000076293945,19.0,18.892013549804688,4946452
EFIH.CA,FinTech,2026-03-10 22:00:00,19.0,19.350000381469727,19.100000381469727,19.219999313354492,19.110763549804688,1658822
EFIH.CA,FinTech,2026-03-11 22:00:00,19.219999313354492,19.219999313354492,18.75,18.950000762939453,18.84229850769043,1668928
EFIH.CA,FinTech,2026-03-14 22:00:00,18.950000762939453,18.989999771118164,18.56999969482422,18.649999618530273,18.544002532958984,852697
EFIH.CA,FinTech,2026-03-15 22:00:00,18.649999618530273,18.8700008392334,17.8799991607666,18.25,18.146276473999023,2245362
EFIH.CA,FinTech,2026-03-16 22:00:00,18.25,19.110000610351562,18.299999237060547,18.399999618530273,18.29542350769043,4213212
EFIH.CA,FinTech,2026-03-17 22:00:00,18.399999618530273,18.969999313354492,18.5,18.639999389648438,18.534059524536133,3550676
EFIH.CA,FinTech,2026-03-18 22:00:00,18.639999389648438,18.639999389648438,18.639999389648438,18.639999389648438,18.534059524536133,0
EFIH.CA,FinTech,2026-03-23 22:00:00,18.639999389648438,18.799999237060547,18.399999618530273,18.479999542236328,18.374969482421875,2456732
EFIH.CA,FinTech,2026-03-24 22:00:00,18.479999542236328,19.149999618530273,18.479999542236328,19.0,18.892013549804688,7065371
EFIH.CA,FinTech,2026-03-25 22:00:00,19.0,19.219999313354492,18.770000457763672,18.770000457763672,18.66332244873047,2286223
EFIH.CA,FinTech,2026-03-28 22:00:00,18.770000457763672,18.829999923706055,18.5,18.700000762939453,18.593719482421875,1082198
EFIH.CA,FinTech,2026-03-29 22:00:00,18.700000762939453,18.81999969482422,18.209999084472656,18.25,18.146276473999023,1003352
EFIH.CA,FinTech,2026-03-30 22:00:00,18.25,18.5,17.799999237060547,18.0,17.89769744873047,3423742
EFIH.CA,FinTech,2026-03-31 22:00:00,18.0,18.489999771118164,18.100000381469727,18.489999771118164,18.384912490844727,4500423
EFIH.CA,FinTech,2026-04-01 22:00:00,18.489999771118164,18.610000610351562,18.190000534057617,18.200000762939453,18.096561431884766,4152143
EFIH.CA,FinTech,2026-04-04 22:00:00,18.200000762939453,18.700000762939453,18.25,18.3799991607666,18.275537490844727,6988172
EFIH.CA,FinTech,2026-04-05 22:00:00,18.3799991607666,18.90999984741211,18.530000686645508,18.860000610351562,18.752809524536133,3729004
EFIH.CA,FinTech,2026-04-06 22:00:00,18.860000610351562,18.93000030517578,18.65999984741211,18.799999237060547,18.69314956665039,3408148
EFIH.CA,FinTech,2026-04-07 22:00:00,18.799999237060547,19.950000762939453,19.200000762939453,19.950000762939453,19.83661460876465,8773063
EFIH.CA,FinTech,2026-04-08 22:00:00,19.950000762939453,20.469999313354492,19.450000762939453,20.469999313354492,20.35365867614746,6706247
EFIH.CA,FinTech,2026-04-13 22:00:00,20.469999313354492,21.600000381469727,20.18000030517578,20.600000381469727,20.482921600341797,7158395
EFIH.CA,FinTech,2026-04-14 22:00:00,20.600000381469727,20.860000610351562,20.40999984741211,20.600000381469727,20.482921600341797,2845141
EFIH.CA,FinTech,2026-04-15 22:00:00,20.600000381469727,21.600000381469727,20.510000228881836,20.549999237060547,20.433202743530273,4867412
EFIH.CA,FinTech,2026-04-18 22:00:00,20.549999237060547,20.799999237060547,20.5,20.729999542236328,20.612180709838867,1593785
EFIH.CA,FinTech,2026-04-19 22:00:00,20.729999542236328,20.850000381469727,20.0,20.34000015258789,20.224397659301758,1430632
EFIH.CA,FinTech,2026-04-20 22:00:00,20.34000015258789,20.770000457763672,20.25,20.770000457763672,20.651954650878906,2042669
EFIH.CA,FinTech,2026-04-21 22:00:00,20.770000457763672,21.579999923706055,20.739999771118164,21.3700008392334,21.248544692993164,3213609
EFIH.CA,FinTech,2026-04-22 22:00:00,21.3700008392334,21.420000076293945,20.899999618530273,21.049999237060547,20.930362701416016,1283178
EFIH.CA,FinTech,2026-04-25 21:00:00,21.049999237060547,21.31999969482422,20.829999923706055,21.200000762939453,21.079511642456055,1096364
EFIH.CA,FinTech,2026-04-26 21:00:00,21.200000762939453,21.290000915527344,20.90999984741211,21.25,21.129226684570312,787007
EFIH.CA,FinTech,2026-04-27 21:00:00,21.25,21.299999237060547,20.799999237060547,21.149999618530273,21.029794692993164,2499430
EFIH.CA,FinTech,2026-04-28 21:00:00,21.149999618530273,21.0,20.510000228881836,20.799999237060547,20.68178367614746,2118740
EFIH.CA,FinTech,2026-04-29 21:00:00,20.799999237060547,20.899999618530273,20.450000762939453,20.600000381469727,20.482921600341797,2456850
EFIH.CA,FinTech,2026-05-02 21:00:00,20.600000381469727,21.0,20.600000381469727,20.93000030517578,20.811044692993164,1357982
EFIH.CA,FinTech,2026-05-03 21:00:00,20.93000030517578,21.229999542236328,20.100000381469727,20.979999542236328,20.860759735107422,2400380
EFIH.CA,FinTech,2026-05-04 21:00:00,20.979999542236328,21.040000915527344,20.350000381469727,21.0,20.880647659301758,1858873
EFIH.CA,FinTech,2026-05-05 21:00:00,21.0,22.200000762939453,21.0,22.200000762939453,22.073827743530273,7148135
EFIH.CA,FinTech,2026-05-09 21:00:00,22.200000762939453,22.770000457763672,22.219999313354492,22.68000030517578,22.55109977722168,3301689
EFIH.CA,FinTech,2026-05-10 21:00:00,22.68000030517578,22.829999923706055,22.149999618530273,22.31999969482422,22.193143844604492,2573995
EFIH.CA,FinTech,2026-05-11 21:00:00,22.31999969482422,22.389999389648438,21.81999969482422,21.989999771118164,21.865020751953125,2279749
EFIH.CA,FinTech,2026-05-12 21:00:00,21.989999771118164,22.399999618530273,21.389999389648438,21.559999465942383,21.437463760375977,5974417
EFIH.CA,FinTech,2026-05-13 21:00:00,21.559999465942383,21.989999771118164,21.600000381469727,21.989999771118164,21.865020751953125,2677397
EFIH.CA,FinTech,2026-05-16 21:00:00,21.989999771118164,21.989999771118164,21.479999542236328,21.610000610351562,21.487180709838867,1334301
EFIH.CA,FinTech,2026-05-17 21:00:00,21.610000610351562,21.65999984741211,21.299999237060547,21.510000228881836,21.38774871826172,2854355
EFIH.CA,FinTech,2026-05-18 21:00:00,21.510000228881836,22.1200008392334,21.549999237060547,21.75,21.626384735107422,2257555
EFIH.CA,FinTech,2026-05-19 21:00:00,21.75,22.170000076293945,21.600000381469727,21.6200008392334,21.49712371826172,2831813
EFIH.CA,FinTech,2026-05-20 21:00:00,21.6200008392334,22.030000686645508,21.5,22.0,21.874963760375977,1275666
EFIH.CA,FinTech,2026-05-23 21:00:00,22.0,22.5,21.959999084472656,22.200000762939453,22.073827743530273,2757123
EFIH.CA,FinTech,2026-05-24 21:00:00,22.200000762939453,22.559999465942383,21.799999237060547,22.5,22.372121810913086,5950252
EFIH.CA,FinTech,2026-05-25 21:00:00,22.5,22.5,22.5,22.5,22.372121810913086,0
EFIH.CA,FinTech,2026-05-26 21:00:00,22.5,22.5,22.5,22.5,22.372121810913086,0
EFIH.CA,FinTech,2026-05-27 21:00:00,22.5,22.5,22.5,22.5,22.372121810913086,0
EFIH.CA,FinTech,2026-05-31 21:00:00,22.5,22.780000686645508,21.979999542236328,22.25,22.12354278564453,3210161
EFIH.CA,FinTech,2026-06-01 21:00:00,22.25,22.489999771118164,21.989999771118164,22.489999771118164,22.362178802490234,3122756
EFIH.CA,FinTech,2026-06-02 21:00:00,22.489999771118164,22.479999542236328,21.809999465942383,22.040000915527344,21.914737701416016,1924542
EFIH.CA,FinTech,2026-06-03 21:00:00,22.040000915527344,22.34000015258789,21.8799991607666,22.25,22.12354278564453,1694903
EFIH.CA,FinTech,2026-06-06 21:00:00,22.25,22.100000381469727,21.600000381469727,21.600000381469727,21.477237701416016,1319724
EFIH.CA,FinTech,2026-06-07 21:00:00,21.600000381469727,21.799999237060547,21.0,21.06999969482422,20.95024871826172,2401173
EFIH.CA,FinTech,2026-06-08 21:00:00,21.06999969482422,21.3799991607666,21.100000381469727,21.34000015258789,21.218713760375977,1841948
EFIH.CA,FinTech,2026-06-09 21:00:00,21.34000015258789,21.270000457763672,20.540000915527344,20.889999389648438,20.771270751953125,1655019
EFIH.CA,FinTech,2026-06-10 21:00:00,20.889999389648438,20.90999984741211,20.200000762939453,20.420000076293945,20.303943634033203,1724551
EFIH.CA,FinTech,2026-06-13 21:00:00,20.420000076293945,21.329999923706055,20.75,21.100000381469727,20.980079650878906,3102473
EFIH.CA,FinTech,2026-06-14 21:00:00,21.100000381469727,21.600000381469727,21.15999984741211,21.579999923706055,21.45734977722168,3186997
EFIH.CA,FinTech,2026-06-15 21:00:00,21.579999923706055,21.579999923706055,20.959999084472656,21.0,20.880647659301758,1308796
EFIH.CA,FinTech,2026-06-16 21:00:00,21.0,21.0,21.0,21.0,20.880647659301758,0
EFIH.CA,FinTech,2026-06-17 21:00:00,21.0,21.0,21.0,21.0,20.880647659301758,0
EFIH.CA,FinTech,2026-06-20 21:00:00,21.399999618530273,21.530000686645508,21.0,21.219999313354492,21.099395751953125,1737625
EFIH.CA,FinTech,2026-06-21 21:00:00,21.219999313354492,21.219999313354492,21.219999313354492,21.219999313354492,21.099395751953125,0
EFIH.CA,FinTech,2026-06-22 21:00:00,21.100000381469727,21.270000457763672,20.90999984741211,20.989999771118164,20.870702743530273,893876
EFIH.CA,FinTech,2026-06-23 21:00:00,20.989999771118164,21.100000381469727,20.850000381469727,20.940000534057617,20.820987701416016,651751
EFIH.CA,FinTech,2026-06-24 21:00:00,20.940000534057617,21.079999923706055,20.700000762939453,20.780000686645508,20.780000686645508,613296
EFIH.CA,FinTech,2026-06-27 21:00:00,20.780000686645508,20.850000381469727,20.0,20.34000015258789,20.34000015258789,986512
EFIH.CA,FinTech,2026-06-28 21:00:00,20.34000015258789,20.549999237060547,20.100000381469727,20.190000534057617,20.190000534057617,733559
EFIH.CA,FinTech,2026-06-29 21:00:00,20.190000534057617,20.690000534057617,20.15999984741211,20.290000915527344,20.290000915527344,760364
EFIH.CA,FinTech,2026-06-30 21:00:00,20.290000915527344,20.93000030517578,20.299999237060547,20.739999771118164,20.739999771118164,1589570
EFIH.CA,FinTech,2026-07-04 21:00:00,20.739999771118164,21.5,20.75,21.5,21.5,2203478
EFIH.CA,FinTech,2026-07-05 21:00:00,21.5,23.649999618530273,21.559999465942383,23.43000030517578,23.43000030517578,7076959
EFIH.CA,FinTech,2026-07-06 21:00:00,23.43000030517578,23.5,22.899999618530273,23.229999542236328,23.229999542236328,2696678
EFIH.CA,FinTech,2026-07-07 21:00:00,23.229999542236328,23.389999389648438,21.989999771118164,22.299999237060547,22.299999237060547,3959211
EFIH.CA,FinTech,2026-07-08 21:00:00,22.299999237060547,22.389999389648438,22.020000457763672,22.200000762939453,22.200000762939453,1723164
EFIH.CA,FinTech,2026-07-11 21:00:00,22.200000762939453,22.559999465942383,22.200000762939453,22.299999237060547,22.299999237060547,2395225
EFIH.CA,FinTech,2026-07-12 21:00:00,22.299999237060547,22.479999542236328,22.200000762939453,22.450000762939453,22.450000762939453,1625634
EFIH.CA,FinTech,2026-07-13 21:00:00,22.450000762939453,22.399999618530273,21.8700008392334,21.8700008392334,21.8700008392334,1306640
EFIH.CA,FinTech,2026-07-14 21:00:00,21.8700008392334,22.299999237060547,21.90999984741211,22.0,22.0,1323293
EFIH.CA,FinTech,2026-07-15 21:00:00,22.0,22.280000686645508,21.950000762939453,22.229999542236328,22.229999542236328,940274
EFIH.CA,FinTech,2026-07-18 21:00:00,22.229999542236328,22.290000915527344,21.899999618530273,22.030000686645508,22.030000686645508,1010491
EFIH.CA,FinTech,2026-07-19 21:00:00,22.030000686645508,22.510000228881836,22.040000915527344,22.149999618530273,22.149999618530273,2951163
EFIH.CA,FinTech,2026-07-20 21:00:00,22.149999618530273,23.229999542236328,22.15999984741211,23.100000381469727,23.100000381469727,5553134
EFIH.CA,FinTech,2026-07-21 21:00:00,23.100000381469727,23.479999542236328,22.709999084472656,23.389999389648438,23.389999389648438,5565930
EFIH.CA,FinTech,2026-07-25 21:00:00,23.389999389648438,24.0,23.0,23.399999618530273,23.399999618530273,4585164
EFIH.CA,FinTech,2026-07-26 21:00:00,23.399999618530273,23.56999969482422,22.760000228881836,22.780000686645508,22.780000686645508,4344958
EFIH.CA,FinTech,2026-07-27 21:00:00,22.780000686645508,23.25,22.479999542236328,22.549999237060547,22.549999237060547,2458091
EFIH.CA,FinTech,2026-07-28 21:00:00,22.549999237060547,22.989999771118164,22.600000381469727,22.989999771118164,22.989999771118164,1529860
EFIH.CA,FinTech,2026-07-29 21:00:00,22.989999771118164,22.940000534057617,22.149999618530273,22.649999618530273,22.649999618530273,2344381
EFIH.CA,FinTech,2026-08-01 21:00:00,22.649999618530273,22.93000030517578,22.549999237060547,22.75,22.75,2901186
EFIH.CA,FinTech,2026-08-02 21:00:00,22.75,23.649999618530273,22.979999542236328,23.489999771118164,23.489999771118164,7115369
EFIH.CA,FinTech,2026-08-03 21:00:00,23.489999771118164,24.799999237060547,23.549999237060547,24.489999771118164,24.489999771118164,16179639
EFIH.CA,FinTech,2026-08-04 21:00:00,24.489999771118164,25.0,23.809999465942383,23.899999618530273,23.899999618530273,6355147
EFIH.CA,FinTech,2026-08-05 21:00:00,23.899999618530273,24.219999313354492,23.399999618530273,23.5,23.5,5070515
