symbol,sector,raw_date_utc,open,high,low,close,adj_close,volume
EGAL.CA,Industrials,2022-01-01 22:00:00,21.479999542236328,23.489999771118164,21.270000457763672,22.90999984741211,16.068714141845703,86131
EGAL.CA,Industrials,2022-01-02 22:00:00,22.90999984741211,23.59000015258789,22.5,23.100000381469727,16.201976776123047,41538
EGAL.CA,Industrials,2022-01-03 22:00:00,23.100000381469727,23.639999389648438,22.760000228881836,23.34000015258789,16.370311737060547,37766
EGAL.CA,Industrials,2022-01-04 22:00:00,23.34000015258789,24.34000015258789,22.899999618530273,24.0,16.833223342895508,231501
EGAL.CA,Industrials,2022-01-08 22:00:00,24.0,24.0,24.0,24.0,16.833223342895508,0
EGAL.CA,Industrials,2022-01-09 22:00:00,23.829999923706055,24.0,23.549999237060547,23.799999237060547,16.692947387695312,92630
EGAL.CA,Industrials,2022-01-10 22:00:00,23.799999237060547,23.899999618530273,23.299999237060547,23.3799991607666,16.398366928100586,18601
EGAL.CA,Industrials,2022-01-11 22:00:00,23.3799991607666,24.0,23.010000228881836,23.90999984741211,16.77010154724121,60261
EGAL.CA,Industrials,2022-01-12 22:00:00,23.90999984741211,24.100000381469727,23.579999923706055,23.670000076293945,16.60176658630371,56228
EGAL.CA,Industrials,2022-01-15 22:00:00,23.670000076293945,23.610000610351562,22.40999984741211,23.0,16.131839752197266,22500
EGAL.CA,Industrials,2022-01-16 22:00:00,23.0,23.600000381469727,22.75,23.0,16.131839752197266,15938
EGAL.CA,Industrials,2022-01-17 22:00:00,23.0,23.729999542236328,23.010000228881836,23.0,16.131839752197266,12670
EGAL.CA,Industrials,2022-01-18 22:00:00,23.0,23.399999618530273,22.600000381469727,23.0,16.131839752197266,12180
EGAL.CA,Industrials,2022-01-19 22:00:00,23.0,24.0,22.799999237060547,23.459999084472656,16.454477310180664,64808
EGAL.CA,Industrials,2022-01-22 22:00:00,23.459999084472656,23.600000381469727,22.780000686645508,23.459999084472656,16.454477310180664,2500
EGAL.CA,Industrials,2022-01-23 22:00:00,23.459999084472656,23.0,22.700000762939453,23.459999084472656,16.454477310180664,3072
EGAL.CA,Industrials,2022-01-24 22:00:00,23.459999084472656,23.0,22.030000686645508,23.459999084472656,16.454477310180664,12081
EGAL.CA,Industrials,2022-01-25 22:00:00,23.459999084472656,23.299999237060547,23.0,23.030000686645508,16.152881622314453,43718
EGAL.CA,Industrials,2022-01-29 22:00:00,23.030000686645508,23.25,23.0,23.030000686645508,16.152881622314453,5857
EGAL.CA,Industrials,2022-01-30 22:00:00,23.030000686645508,24.5,22.809999465942383,24.1200008392334,16.917390823364258,73490
EGAL.CA,Industrials,2022-01-31 22:00:00,24.1200008392334,25.0,24.5,24.65999984741211,17.2961368560791,68633
EGAL.CA,Industrials,2022-02-01 22:00:00,24.65999984741211,25.0,24.209999084472656,24.34000015258789,17.07169532775879,40039
EGAL.CA,Industrials,2022-02-02 22:00:00,24.34000015258789,24.100000381469727,23.530000686645508,24.34000015258789,17.07169532775879,9476
EGAL.CA,Industrials,2022-02-05 22:00:00,24.34000015258789,24.459999084472656,23.549999237060547,24.030000686645508,16.854267120361328,16599
EGAL.CA,Industrials,2022-02-06 22:00:00,24.030000686645508,24.190000534057617,23.43000030517578,23.690000534057617,16.615795135498047,27280
EGAL.CA,Industrials,2022-02-07 22:00:00,23.690000534057617,24.600000381469727,24.0,24.270000457763672,17.022598266601562,80100
EGAL.CA,Industrials,2022-02-08 22:00:00,24.270000457763672,24.5,23.799999237060547,23.81999969482422,16.70697784423828,70508
EGAL.CA,Industrials,2022-02-09 22:00:00,23.81999969482422,24.489999771118164,23.600000381469727,24.110000610351562,16.910375595092773,21793
EGAL.CA,Industrials,2022-02-12 22:00:00,24.110000610351562,24.110000610351562,22.5,24.110000610351562,16.910375595092773,10545
EGAL.CA,Industrials,2022-02-13 22:00:00,24.110000610351562,23.0,22.0,22.239999771118164,15.598787307739258,47866
EGAL.CA,Industrials,2022-02-14 22:00:00,22.239999771118164,23.889999389648438,22.350000381469727,22.8700008392334,16.040658950805664,49014
EGAL.CA,Industrials,2022-02-15 22:00:00,22.8700008392334,23.299999237060547,22.889999389648438,22.959999084472656,16.103784561157227,13971
EGAL.CA,Industrials,2022-02-16 22:00:00,22.959999084472656,23.5,23.020000457763672,22.959999084472656,16.103784561157227,7930
EGAL.CA,Industrials,2022-02-19 22:00:00,22.959999084472656,23.350000381469727,22.510000228881836,23.0,16.131839752197266,28644
EGAL.CA,Industrials,2022-02-20 22:00:00,23.0,22.899999618530273,22.06999969482422,22.290000915527344,15.633857727050781,15241
EGAL.CA,Industrials,2022-02-21 22:00:00,22.290000915527344,25.0,22.010000228881836,24.969999313354492,17.513566970825195,433385
EGAL.CA,Industrials,2022-02-22 22:00:00,24.969999313354492,25.690000534057617,24.6299991607666,25.530000686645508,17.906343460083008,145889
EGAL.CA,Industrials,2022-02-23 22:00:00,25.530000686645508,25.0,22.5,24.34000015258789,17.07169532775879,123260
EGAL.CA,Industrials,2022-02-26 22:00:00,24.34000015258789,25.959999084472656,24.899999618530273,25.440000534057617,17.843217849731445,97628
EGAL.CA,Industrials,2022-02-27 22:00:00,25.440000534057617,26.010000228881836,24.8799991607666,25.209999084472656,17.68189811706543,103747
EGAL.CA,Industrials,2022-02-28 22:00:00,25.209999084472656,26.049999237060547,25.110000610351562,25.25,17.7099552154541,147358
EGAL.CA,Industrials,2022-03-01 22:00:00,25.25,25.700000762939453,25.200000762939453,25.389999389648438,17.808149337768555,75839
EGAL.CA,Industrials,2022-03-02 22:00:00,25.389999389648438,25.739999771118164,25.149999618530273,25.56999969482422,17.934398651123047,40767
EGAL.CA,Industrials,2022-03-05 22:00:00,25.56999969482422,26.649999618530273,25.799999237060547,25.850000381469727,18.13078498840332,163200
EGAL.CA,Industrials,2022-03-06 22:00:00,25.850000381469727,27.739999771118164,26.190000534057617,27.229999542236328,19.098695755004883,777051
EGAL.CA,Industrials,2022-03-07 22:00:00,27.229999542236328,27.229999542236328,27.229999542236328,27.229999542236328,19.098695755004883,0
EGAL.CA,Industrials,2022-03-08 22:00:00,26.010000228881836,26.25,25.899999618530273,25.920000076293945,18.179882049560547,116460
EGAL.CA,Industrials,2022-03-09 22:00:00,25.920000076293945,25.889999389648438,25.0,25.290000915527344,17.73801040649414,36874
EGAL.CA,Industrials,2022-03-12 22:00:00,25.290000915527344,26.3799991607666,25.290000915527344,25.510000228881836,17.892314910888672,106852
EGAL.CA,Industrials,2022-03-13 22:00:00,25.510000228881836,26.709999084472656,25.510000228881836,26.709999084472656,18.73397445678711,266769
EGAL.CA,Industrials,2022-03-14 22:00:00,26.709999084472656,27.0,25.049999237060547,25.190000534057617,17.667871475219727,149276
EGAL.CA,Industrials,2022-03-15 22:00:00,25.190000534057617,25.850000381469727,25.100000381469727,25.469999313354492,17.8642578125,170935
EGAL.CA,Industrials,2022-03-16 22:00:00,25.469999313354492,26.0,24.1200008392334,24.209999084472656,16.980514526367188,298491
EGAL.CA,Industrials,2022-03-19 22:00:00,24.209999084472656,24.989999771118164,24.31999969482422,24.549999237060547,17.218982696533203,198014
EGAL.CA,Industrials,2022-03-20 22:00:00,24.549999237060547,26.989999771118164,25.0,25.790000915527344,18.088703155517578,852578
EGAL.CA,Industrials,2022-03-21 22:00:00,25.790000915527344,26.450000762939453,25.600000381469727,25.760000228881836,18.06766128540039,232761
EGAL.CA,Industrials,2022-03-22 22:00:00,25.760000228881836,26.459999084472656,25.309999465942383,26.31999969482422,18.46043586730957,126285
EGAL.CA,Industrials,2022-03-23 22:00:00,26.31999969482422,27.610000610351562,25.709999084472656,25.84000015258789,18.123769760131836,675169
EGAL.CA,Industrials,2022-03-26 22:00:00,25.84000015258789,26.0,24.6200008392334,25.110000610351562,17.61176109313965,310941
EGAL.CA,Industrials,2022-03-27 22:00:00,25.110000610351562,25.139999389648438,23.299999237060547,23.75,16.65787696838379,196809
EGAL.CA,Industrials,2022-03-28 22:00:00,23.75,24.0,20.549999237060547,23.270000457763672,16.32121467590332,161866
EGAL.CA,Industrials,2022-03-29 22:00:00,23.270000457763672,23.899999618530273,22.010000228881836,22.18000030517578,15.556703567504883,196377
EGAL.CA,Industrials,2022-03-30 22:00:00,22.18000030517578,22.56999969482422,21.700000762939453,22.170000076293945,15.549690246582031,194742
EGAL.CA,Industrials,2022-04-02 22:00:00,22.170000076293945,23.0,22.200000762939453,22.530000686645508,15.802190780639648,200847
EGAL.CA,Industrials,2022-04-03 22:00:00,22.530000686645508,23.25,22.399999618530273,22.450000762939453,15.746079444885254,258878
EGAL.CA,Industrials,2022-04-04 22:00:00,22.450000762939453,22.579999923706055,22.059999465942383,22.110000610351562,15.507608413696289,100823
EGAL.CA,Industrials,2022-04-05 22:00:00,22.110000610351562,22.399999618530273,21.719999313354492,21.979999542236328,15.416427612304688,109161
EGAL.CA,Industrials,2022-04-06 22:00:00,21.979999542236328,22.59000015258789,21.059999465942383,21.1299991607666,14.820249557495117,93265
EGAL.CA,Industrials,2022-04-09 22:00:00,21.1299991607666,21.15999984741211,19.399999618530273,19.920000076293945,13.971576690673828,240881
EGAL.CA,Industrials,2022-04-10 22:00:00,19.920000076293945,20.899999618530273,19.600000381469727,19.790000915527344,13.880396842956543,176079
EGAL.CA,Industrials,2022-04-11 22:00:00,19.790000915527344,20.489999771118164,19.799999237060547,20.329999923706055,14.259143829345703,100782
EGAL.CA,Industrials,2022-04-12 22:00:00,20.329999923706055,20.760000228881836,20.0,20.049999237060547,14.06275463104248,89922
EGAL.CA,Industrials,2022-04-13 22:00:00,20.049999237060547,20.0,19.299999237060547,19.450000762939453,13.641925811767578,32131
EGAL.CA,Industrials,2022-04-16 22:00:00,19.450000762939453,19.739999771118164,17.65999984741211,17.979999542236328,12.610889434814453,59051
EGAL.CA,Industrials,2022-04-17 22:00:00,17.979999542236328,18.90999984741211,16.260000228881836,18.520000457763672,12.989638328552246,229939
EGAL.CA,Industrials,2022-04-18 22:00:00,18.520000457763672,18.959999084472656,18.530000686645508,18.670000076293945,13.09484577178955,32269
EGAL.CA,Industrials,2022-04-19 22:00:00,18.670000076293945,20.299999237060547,17.84000015258789,19.559999465942383,13.719078063964844,82075
EGAL.CA,Industrials,2022-04-20 22:00:00,19.559999465942383,20.469999313354492,19.899999618530273,20.030000686645508,14.04872989654541,70569
EGAL.CA,Industrials,2022-04-25 22:00:00,20.030000686645508,20.149999618530273,19.1200008392334,20.0,14.027687072753906,25910
EGAL.CA,Industrials,2022-04-26 22:00:00,20.0,20.450000762939453,19.299999237060547,20.0,14.027687072753906,29635
EGAL.CA,Industrials,2022-04-27 22:00:00,20.0,21.850000381469727,20.0,21.610000610351562,15.156917572021484,127027
EGAL.CA,Industrials,2022-05-07 22:00:00,21.610000610351562,22.010000228881836,21.0,21.389999389648438,15.002610206604004,256304
EGAL.CA,Industrials,2022-05-08 22:00:00,21.389999389648438,21.8700008392334,20.100000381469727,20.170000076293945,14.14692211151123,270837
EGAL.CA,Industrials,2022-05-09 22:00:00,20.170000076293945,20.389999389648438,19.65999984741211,19.700000762939453,13.817272186279297,88588
EGAL.CA,Industrials,2022-05-10 22:00:00,19.700000762939453,20.399999618530273,19.65999984741211,20.200000762939453,14.167963981628418,250871
EGAL.CA,Industrials,2022-05-11 22:00:00,20.200000762939453,20.360000610351562,19.729999542236328,20.010000228881836,14.034700393676758,147035
EGAL.CA,Industrials,2022-05-14 22:00:00,20.010000228881836,20.360000610351562,19.700000762939453,19.809999465942383,13.894424438476562,131448
EGAL.CA,Industrials,2022-05-15 22:00:00,19.809999465942383,20.100000381469727,19.5,19.670000076293945,13.79623031616211,43534
EGAL.CA,Industrials,2022-05-16 22:00:00,19.670000076293945,20.079999923706055,19.600000381469727,19.649999618530273,13.782201766967773,42584
EGAL.CA,Industrials,2022-05-17 22:00:00,19.649999618530273,19.75,19.360000610351562,19.479999542236328,13.66296672821045,48299
EGAL.CA,Industrials,2022-05-18 22:00:00,19.479999542236328,19.389999389648438,18.75,19.0,13.326301574707031,88484
EGAL.CA,Industrials,2022-05-21 22:00:00,19.0,19.440000534057617,18.75,19.010000228881836,13.333316802978516,55118
EGAL.CA,Industrials,2022-05-22 22:00:00,19.010000228881836,19.229999542236328,18.399999618530273,18.56999969482422,13.024706840515137,70834
EGAL.CA,Industrials,2022-05-23 22:00:00,18.56999969482422,18.8700008392334,18.399999618530273,18.479999542236328,12.961581230163574,99768
EGAL.CA,Industrials,2022-05-24 22:00:00,18.479999542236328,18.899999618530273,17.59000015258789,17.6200008392334,12.358392715454102,168865
EGAL.CA,Industrials,2022-05-25 22:00:00,17.6200008392334,17.8700008392334,17.0,17.489999771118164,12.267210960388184,158442
EGAL.CA,Industrials,2022-05-28 22:00:00,17.489999771118164,18.68000030517578,17.020000457763672,18.209999084472656,12.772209167480469,398974
EGAL.CA,Industrials,2022-05-29 22:00:00,18.209999084472656,19.399999618530273,17.510000228881836,17.729999542236328,12.43554401397705,1186105
EGAL.CA,Industrials,2022-05-30 22:00:00,17.729999542236328,18.209999084472656,17.200000762939453,17.899999618530273,12.554780006408691,461537
EGAL.CA,Industrials,2022-05-31 22:00:00,17.899999618530273,17.979999542236328,17.260000228881836,17.309999465942383,12.140962600708008,174680
EGAL.CA,Industrials,2022-06-01 22:00:00,17.309999465942383,17.5,17.110000610351562,17.309999465942383,12.140962600708008,113723
EGAL.CA,Industrials,2022-06-04 22:00:00,17.309999465942383,17.309999465942383,17.309999465942383,17.309999465942383,12.140962600708008,0
EGAL.CA,Industrials,2022-06-05 22:00:00,17.399999618530273,17.5,17.0,17.06999969482422,11.972630500793457,76872
EGAL.CA,Industrials,2022-06-06 22:00:00,17.06999969482422,17.690000534057617,17.0,17.350000381469727,12.16901969909668,148452
EGAL.CA,Industrials,2022-06-07 22:00:00,17.350000381469727,18.0,17.510000228881836,17.75,12.449572563171387,279695
EGAL.CA,Industrials,2022-06-08 22:00:00,17.75,18.1200008392334,17.65999984741211,17.729999542236328,12.43554401397705,108098
EGAL.CA,Industrials,2022-06-11 22:00:00,17.729999542236328,17.989999771118164,17.15999984741211,17.479999542236328,12.260197639465332,205934
EGAL.CA,Industrials,2022-06-12 22:00:00,17.479999542236328,17.549999237060547,16.959999084472656,17.200000762939453,12.063812255859375,280315
EGAL.CA,Industrials,2022-06-13 22:00:00,17.200000762939453,17.34000015258789,17.049999237060547,17.139999389648438,12.021726608276367,66702
EGAL.CA,Industrials,2022-06-14 22:00:00,17.139999389648438,17.299999237060547,17.010000228881836,17.079999923706055,11.979643821716309,106637
EGAL.CA,Industrials,2022-06-15 22:00:00,17.079999923706055,17.459999084472656,17.020000457763672,17.110000610351562,12.000686645507812,142272
EGAL.CA,Industrials,2022-06-18 22:00:00,17.110000610351562,17.149999618530273,16.56999969482422,16.670000076293945,11.69207763671875,129532
EGAL.CA,Industrials,2022-06-19 22:00:00,16.670000076293945,16.709999084472656,16.3700008392334,16.389999389648438,11.495688438415527,80606
EGAL.CA,Industrials,2022-06-20 22:00:00,16.389999389648438,16.700000762939453,16.030000686645508,16.100000381469727,11.292288780212402,312512
EGAL.CA,Industrials,2022-06-21 22:00:00,16.100000381469727,16.200000762939453,15.899999618530273,15.979999542236328,11.208122253417969,202104
EGAL.CA,Industrials,2022-06-22 22:00:00,15.979999542236328,16.0,15.300000190734863,15.430000305175781,10.82236099243164,212190
EGAL.CA,Industrials,2022-06-25 22:00:00,15.430000305175781,15.75,15.039999961853027,15.109999656677246,10.597917556762695,192656
EGAL.CA,Industrials,2022-06-26 22:00:00,15.109999656677246,16.0,15.0600004196167,15.619999885559082,10.955622673034668,473715
EGAL.CA,Industrials,2022-06-27 22:00:00,15.619999885559082,16.360000610351562,15.65999984741211,15.9399995803833,11.180066108703613,401053
EGAL.CA,Industrials,2022-06-28 22:00:00,15.9399995803833,16.799999237060547,16.139999389648438,16.530000686645508,11.59388256072998,635092
EGAL.CA,Industrials,2022-07-02 22:00:00,16.530000686645508,16.690000534057617,15.199999809265137,15.699999809265137,11.011734962463379,389745
EGAL.CA,Industrials,2022-07-03 22:00:00,15.699999809265137,15.75,14.239999771118164,14.350000381469727,10.064866065979004,303090
EGAL.CA,Industrials,2022-07-04 22:00:00,14.350000381469727,14.75,14.109999656677246,14.1899995803833,9.952644348144531,186119
EGAL.CA,Industrials,2022-07-05 22:00:00,14.1899995803833,14.40999984741211,13.600000381469727,13.979999542236328,9.805353164672852,145157
EGAL.CA,Industrials,2022-07-06 22:00:00,13.979999542236328,14.399999618530273,13.949999809265137,14.020000457763672,9.833409309387207,126918
EGAL.CA,Industrials,2022-07-16 22:00:00,14.020000457763672,14.399999618530273,13.760000228881836,13.850000381469727,9.71417236328125,56230
EGAL.CA,Industrials,2022-07-17 22:00:00,13.850000381469727,14.199999809265137,13.899999618530273,14.0600004196167,9.861464500427246,84100
EGAL.CA,Industrials,2022-07-18 22:00:00,14.0600004196167,14.800000190734863,14.0600004196167,14.640000343322754,10.268267631530762,399796
EGAL.CA,Industrials,2022-07-19 22:00:00,14.640000343322754,14.979999542236328,14.619999885559082,14.75,10.345419883728027,286639
EGAL.CA,Industrials,2022-07-20 22:00:00,14.75,15.59000015258789,14.619999885559082,15.270000457763672,10.710140228271484,415793
EGAL.CA,Industrials,2022-07-23 22:00:00,15.270000457763672,16.1200008392334,15.229999542236328,16.059999465942383,11.26423168182373,511205
EGAL.CA,Industrials,2022-07-24 22:00:00,16.059999465942383,16.5,16.0,16.040000915527344,11.25020694732666,245976
EGAL.CA,Industrials,2022-07-25 22:00:00,16.040000915527344,16.3799991607666,16.0,16.059999465942383,11.26423168182373,121304
EGAL.CA,Industrials,2022-07-26 22:00:00,16.059999465942383,16.3700008392334,15.600000381469727,15.779999732971191,11.06784439086914,232798
EGAL.CA,Industrials,2022-07-27 22:00:00,15.779999732971191,16.0,15.699999809265137,15.9399995803833,11.180066108703613,93910
EGAL.CA,Industrials,2022-07-30 22:00:00,15.9399995803833,16.350000381469727,16.0,16.110000610351562,11.299302101135254,229946
EGAL.CA,Industrials,2022-07-31 22:00:00,16.110000610351562,16.360000610351562,15.619999885559082,15.760000228881836,11.053816795349121,97217
EGAL.CA,Industrials,2022-08-01 22:00:00,15.760000228881836,15.970000267028809,15.699999809265137,15.800000190734863,11.081872940063477,26724
EGAL.CA,Industrials,2022-08-02 22:00:00,15.800000190734863,16.15999984741211,15.869999885559082,15.979999542236328,11.208122253417969,36182
EGAL.CA,Industrials,2022-08-03 22:00:00,15.979999542236328,16.649999618530273,15.949999809265137,16.579999923706055,11.628952980041504,323163
EGAL.CA,Industrials,2022-08-06 22:00:00,16.579999923706055,17.239999771118164,16.75,17.010000228881836,11.930548667907715,281340
EGAL.CA,Industrials,2022-08-07 22:00:00,17.010000228881836,17.559999465942383,16.940000534057617,17.020000457763672,11.937561988830566,322578
EGAL.CA,Industrials,2022-08-08 22:00:00,17.020000457763672,17.31999969482422,16.600000381469727,16.700000762939453,11.713118553161621,236088
EGAL.CA,Industrials,2022-08-09 22:00:00,16.700000762939453,17.700000762939453,16.940000534057617,17.059999465942383,11.965617179870605,682342
EGAL.CA,Industrials,2022-08-10 22:00:00,17.059999465942383,17.450000762939453,17.040000915527344,17.1200008392334,12.00770092010498,459805
EGAL.CA,Industrials,2022-08-13 22:00:00,17.1200008392334,18.459999084472656,17.209999084472656,17.8700008392334,12.53373908996582,763116
EGAL.CA,Industrials,2022-08-14 22:00:00,17.8700008392334,18.200000762939453,17.329999923706055,17.559999465942383,12.316309928894043,276868
EGAL.CA,Industrials,2022-08-15 22:00:00,17.559999465942383,17.700000762939453,17.25,17.290000915527344,12.126935958862305,180267
EGAL.CA,Industrials,2022-08-16 22:00:00,17.290000915527344,17.600000381469727,17.200000762939453,17.40999984741211,12.211101531982422,117040
EGAL.CA,Industrials,2022-08-17 22:00:00,17.40999984741211,17.40999984741211,17.40999984741211,17.40999984741211,12.211101531982422,0
EGAL.CA,Industrials,2022-08-20 22:00:00,17.399999618530273,17.899999618530273,17.549999237060547,17.649999618530273,12.379433631896973,190920
EGAL.CA,Industrials,2022-08-21 22:00:00,17.649999618530273,17.860000610351562,17.399999618530273,17.459999084472656,12.246170043945312,223870
EGAL.CA,Industrials,2022-08-22 22:00:00,17.459999084472656,17.459999084472656,17.459999084472656,17.459999084472656,12.246170043945312,0
EGAL.CA,Industrials,2022-08-23 22:00:00,17.510000228881836,17.75,17.200000762939453,17.25,12.098880767822266,116886
EGAL.CA,Industrials,2022-08-24 22:00:00,17.25,17.65999984741211,17.200000762939453,17.389999389648438,12.197072982788086,127721
EGAL.CA,Industrials,2022-08-27 22:00:00,17.389999389648438,17.6200008392334,17.25,17.280000686645508,12.119922637939453,114991
EGAL.CA,Industrials,2022-08-28 22:00:00,17.280000686645508,17.549999237060547,17.219999313354492,17.360000610351562,12.176032066345215,126652
EGAL.CA,Industrials,2022-08-29 22:00:00,17.360000610351562,17.649999618530273,17.229999542236328,17.489999771118164,12.267210960388184,124366
EGAL.CA,Industrials,2022-08-30 22:00:00,17.489999771118164,17.979999542236328,17.309999465942383,17.31999969482422,12.147976875305176,72375
EGAL.CA,Industrials,2022-08-31 22:00:00,17.31999969482422,17.5,16.600000381469727,17.040000915527344,11.951590538024902,77338
EGAL.CA,Industrials,2022-09-03 22:00:00,17.040000915527344,17.299999237060547,16.799999237060547,17.260000228881836,12.105894088745117,54992
EGAL.CA,Industrials,2022-09-04 22:00:00,17.260000228881836,17.59000015258789,17.299999237060547,17.530000686645508,12.295269012451172,93299
EGAL.CA,Industrials,2022-09-05 22:00:00,17.530000686645508,19.350000381469727,17.809999465942383,19.020000457763672,13.340331077575684,1152568
EGAL.CA,Industrials,2022-09-06 22:00:00,19.020000457763672,21.229999542236328,19.040000915527344,20.440000534057617,14.336295127868652,1270718
EGAL.CA,Industrials,2022-09-07 22:00:00,20.440000534057617,21.0,20.100000381469727,20.219999313354492,14.181990623474121,395325
EGAL.CA,Industrials,2022-09-10 22:00:00,20.219999313354492,21.700000762939453,20.209999084472656,20.75,14.55372428894043,285066
EGAL.CA,Industrials,2022-09-11 22:00:00,20.75,21.0,20.360000610351562,20.440000534057617,14.336295127868652,154821
EGAL.CA,Industrials,2022-09-12 22:00:00,20.440000534057617,20.899999618530273,20.149999618530273,20.219999313354492,14.181990623474121,159287
EGAL.CA,Industrials,2022-09-13 22:00:00,20.219999313354492,20.139999389648438,19.299999237060547,19.600000381469727,13.747133255004883,300149
EGAL.CA,Industrials,2022-09-14 22:00:00,19.600000381469727,20.75,19.5,20.34000015258789,14.266158103942871,428230
EGAL.CA,Industrials,2022-09-17 22:00:00,20.34000015258789,20.799999237060547,19.18000030517578,19.260000228881836,13.508663177490234,182994
EGAL.CA,Industrials,2022-09-18 22:00:00,19.260000228881836,19.5,18.6299991607666,19.40999984741211,13.613870620727539,90545
EGAL.CA,Industrials,2022-09-19 22:00:00,19.40999984741211,20.209999084472656,19.360000610351562,19.559999465942383,13.719078063964844,205576
EGAL.CA,Industrials,2022-09-20 22:00:00,19.559999465942383,20.040000915527344,19.5,19.600000381469727,13.747133255004883,120573
EGAL.CA,Industrials,2022-09-21 22:00:00,19.600000381469727,19.68000030517578,18.90999984741211,19.010000228881836,13.333316802978516,130770
EGAL.CA,Industrials,2022-09-24 22:00:00,19.010000228881836,19.100000381469727,18.459999084472656,18.649999618530273,13.080818176269531,111423
EGAL.CA,Industrials,2022-09-25 22:00:00,18.649999618530273,19.729999542236328,19.010000228881836,19.3700008392334,13.585814476013184,134844
EGAL.CA,Industrials,2022-09-26 22:00:00,19.3700008392334,19.850000381469727,19.200000762939453,19.309999465942383,13.543730735778809,86347
EGAL.CA,Industrials,2022-09-27 22:00:00,19.309999465942383,19.389999389648438,18.799999237060547,18.860000610351562,13.228109359741211,61528
EGAL.CA,Industrials,2022-09-28 22:00:00,18.860000610351562,19.549999237060547,19.0,19.100000381469727,13.396442413330078,73056
EGAL.CA,Industrials,2022-10-01 22:00:00,19.100000381469727,19.299999237060547,18.670000076293945,18.700000762939453,13.115888595581055,53722
EGAL.CA,Industrials,2022-10-02 22:00:00,18.700000762939453,19.1299991607666,18.510000228881836,18.549999237060547,13.010679244995117,50411
EGAL.CA,Industrials,2022-10-03 22:00:00,18.549999237060547,19.139999389648438,18.700000762939453,18.790000915527344,13.179012298583984,43415
EGAL.CA,Industrials,2022-10-04 22:00:00,18.790000915527344,19.1200008392334,18.56999969482422,18.700000762939453,13.115888595581055,70578
EGAL.CA,Industrials,2022-10-08 22:00:00,18.700000762939453,19.0,18.459999084472656,18.510000228881836,12.982624053955078,63466
EGAL.CA,Industrials,2022-10-09 22:00:00,18.510000228881836,18.75,18.260000228881836,18.31999969482422,12.849360466003418,75180
EGAL.CA,Industrials,2022-10-10 22:00:00,18.31999969482422,18.690000534057617,17.600000381469727,17.670000076293945,12.393460273742676,102122
EGAL.CA,Industrials,2022-10-11 22:00:00,17.670000076293945,17.84000015258789,16.899999618530273,17.0,11.923534393310547,134926
EGAL.CA,Industrials,2022-10-12 22:00:00,17.0,18.0,17.0,17.829999923706055,12.505681991577148,149237
EGAL.CA,Industrials,2022-10-15 22:00:00,17.829999923706055,18.479999542236328,17.600000381469727,18.25,12.800264358520508,96250
EGAL.CA,Industrials,2022-10-16 22:00:00,18.25,20.889999389648438,18.479999542236328,20.09000015258789,14.090812683105469,547609
EGAL.CA,Industrials,2022-10-17 22:00:00,20.09000015258789,24.100000381469727,21.75,24.100000381469727,16.903364181518555,2268768
EGAL.CA,Industrials,2022-10-18 22:00:00,24.100000381469727,26.389999389648438,24.809999465942383,25.5,17.88530158996582,2276789
EGAL.CA,Industrials,2022-10-19 22:00:00,25.5,25.65999984741211,24.0,25.0,17.534608840942383,1266576
EGAL.CA,Industrials,2022-10-22 22:00:00,25.0,25.770000457763672,24.0,24.059999465942383,16.875307083129883,1417950
EGAL.CA,Industrials,2022-10-23 22:00:00,24.059999465942383,24.200000762939453,23.399999618530273,23.5,16.48253059387207,450364
EGAL.CA,Industrials,2022-10-24 22:00:00,23.5,24.780000686645508,23.139999389648438,24.399999618530273,17.11377716064453,1190752
EGAL.CA,Industrials,2022-10-25 22:00:00,24.399999618530273,24.399999618530273,24.399999618530273,24.399999618530273,17.11377716064453,0
EGAL.CA,Industrials,2022-10-26 22:00:00,24.049999237060547,25.350000381469727,24.5,25.149999618530273,17.639816284179688,1270484
EGAL.CA,Industrials,2022-10-29 22:00:00,25.149999618530273,25.5,24.899999618530273,25.040000915527344,17.562664031982422,382225
EGAL.CA,Industrials,2022-10-30 22:00:00,25.040000915527344,25.739999771118164,25.0,25.3700008392334,17.79412269592285,432825
EGAL.CA,Industrials,2022-10-31 22:00:00,25.3700008392334,25.770000457763672,25.3799991607666,25.520000457763672,17.899330139160156,408381
EGAL.CA,Industrials,2022-11-01 22:00:00,25.520000457763672,27.450000762939453,25.399999618530273,26.899999618530273,18.867238998413086,1423013
EGAL.CA,Industrials,2022-11-02 22:00:00,26.899999618530273,28.3700008392334,27.360000610351562,27.579999923706055,19.344181060791016,1162312
EGAL.CA,Industrials,2022-11-05 22:00:00,27.579999923706055,29.600000381469727,27.799999237060547,29.360000610351562,20.59264373779297,1270781
EGAL.CA,Industrials,2022-11-06 22:00:00,29.360000610351562,29.799999237060547,28.350000381469727,28.799999237060547,20.19986915588379,740128
EGAL.CA,Industrials,2022-11-07 22:00:00,28.799999237060547,29.0,27.899999618530273,28.1299991607666,19.729942321777344,283711
EGAL.CA,Industrials,2022-11-08 22:00:00,28.1299991607666,28.770000457763672,27.899999618530273,28.3700008392334,19.898273468017578,261515
EGAL.CA,Industrials,2022-11-09 22:00:00,28.3700008392334,29.299999237060547,28.200000762939453,28.850000381469727,20.234939575195312,447687
EGAL.CA,Industrials,2022-11-12 22:00:00,28.850000381469727,30.200000762939453,29.209999084472656,29.75,20.86618423461914,597467
EGAL.CA,Industrials,2022-11-13 22:00:00,29.75,30.100000381469727,29.350000381469727,29.75,20.86618423461914,421031
EGAL.CA,Industrials,2022-11-14 22:00:00,29.75,29.899999618530273,29.420000076293945,29.56999969482422,20.73993492126465,204711
EGAL.CA,Industrials,2022-11-15 22:00:00,29.56999969482422,30.75,29.559999465942383,30.510000228881836,21.399234771728516,392798
EGAL.CA,Industrials,2022-11-16 22:00:00,30.510000228881836,31.420000076293945,30.75,31.219999313354492,21.897218704223633,479949
EGAL.CA,Industrials,2022-11-19 22:00:00,31.219999313354492,31.559999465942383,30.610000610351562,31.100000381469727,21.813053131103516,833423
EGAL.CA,Industrials,2022-11-20 22:00:00,31.100000381469727,31.34000015258789,30.020000457763672,31.229999542236328,21.904233932495117,1012418
EGAL.CA,Industrials,2022-11-21 22:00:00,31.229999542236328,27.729999542236328,26.799999237060547,27.469999313354492,22.5106258392334,799369
EGAL.CA,Industrials,2022-11-22 22:00:00,27.469999313354492,27.8799991607666,26.40999984741211,26.56999969482422,21.773109436035156,416879
EGAL.CA,Industrials,2022-11-23 22:00:00,26.56999969482422,26.780000686645508,25.610000610351562,25.8700008392334,21.199485778808594,458403
EGAL.CA,Industrials,2022-11-26 22:00:00,25.8700008392334,28.399999618530273,26.010000228881836,28.149999618530273,23.067859649658203,668008
EGAL.CA,Industrials,2022-11-27 22:00:00,28.149999618530273,29.469999313354492,28.309999465942383,28.540000915527344,23.387451171875,813029
EGAL.CA,Industrials,2022-11-28 22:00:00,28.540000915527344,29.280000686645508,28.5,29.15999984741211,23.895517349243164,430242
EGAL.CA,Industrials,2022-11-29 22:00:00,29.15999984741211,29.700000762939453,28.5,28.579999923706055,23.420228958129883,371144
EGAL.CA,Industrials,2022-11-30 22:00:00,28.579999923706055,29.399999618530273,28.600000381469727,29.06999969482422,23.821765899658203,392594
EGAL.CA,Industrials,2022-12-03 22:00:00,29.06999969482422,30.56999969482422,29.260000228881836,30.100000381469727,24.665809631347656,693652
EGAL.CA,Industrials,2022-12-04 22:00:00,30.100000381469727,30.5,29.299999237060547,29.520000457763672,24.190523147583008,288106
EGAL.CA,Industrials,2022-12-05 22:00:00,29.520000457763672,29.850000381469727,28.850000381469727,28.959999084472656,23.73162269592285,389932
EGAL.CA,Industrials,2022-12-06 22:00:00,28.959999084472656,30.0,29.020000457763672,29.209999084472656,23.936491012573242,361906
EGAL.CA,Industrials,2022-12-07 22:00:00,29.209999084472656,29.75,29.100000381469727,29.329999923706055,24.03482437133789,142050
EGAL.CA,Industrials,2022-12-10 22:00:00,29.329999923706055,30.280000686645508,29.25,29.610000610351562,24.26427459716797,530330
EGAL.CA,Industrials,2022-12-11 22:00:00,29.610000610351562,29.68000030517578,28.0,28.690000534057617,23.5103702545166,325428
EGAL.CA,Industrials,2022-12-12 22:00:00,28.690000534057617,29.75,28.799999237060547,29.530000686645508,24.19871711730957,329974
EGAL.CA,Industrials,2022-12-13 22:00:00,29.530000686645508,31.479999542236328,29.549999237060547,31.299999237060547,25.6491641998291,785961
EGAL.CA,Industrials,2022-12-14 22:00:00,31.299999237060547,31.469999313354492,29.510000228881836,29.65999984741211,24.305248260498047,441485
EGAL.CA,Industrials,2022-12-17 22:00:00,29.65999984741211,30.0,29.059999465942383,29.40999984741211,24.10038185119629,183634
EGAL.CA,Industrials,2022-12-18 22:00:00,29.40999984741211,29.799999237060547,28.010000228881836,28.920000076293945,23.69884490966797,167316
EGAL.CA,Industrials,2022-12-19 22:00:00,28.920000076293945,29.5,28.5,28.690000534057617,23.5103702545166,138009
EGAL.CA,Industrials,2022-12-20 22:00:00,28.690000534057617,28.989999771118164,28.260000228881836,28.40999984741211,23.280920028686523,83609
EGAL.CA,Industrials,2022-12-21 22:00:00,28.40999984741211,29.139999389648438,28.3799991607666,28.579999923706055,23.420228958129883,117309
EGAL.CA,Industrials,2022-12-24 22:00:00,28.579999923706055,28.739999771118164,27.8799991607666,28.219999313354492,23.125221252441406,104038
EGAL.CA,Industrials,2022-12-25 22:00:00,28.219999313354492,29.25,28.299999237060547,28.93000030517578,23.707040786743164,133365
EGAL.CA,Industrials,2022-12-26 22:00:00,28.93000030517578,29.25,28.75,28.84000015258789,23.63328742980957,72286
EGAL.CA,Industrials,2022-12-27 22:00:00,28.84000015258789,29.0,28.729999542236328,28.799999237060547,23.600509643554688,77347
EGAL.CA,Industrials,2022-12-28 22:00:00,28.799999237060547,29.0,28.40999984741211,28.579999923706055,23.420228958129883,132559
EGAL.CA,Industrials,2023-01-01 22:00:00,28.579999923706055,29.290000915527344,28.799999237060547,29.030000686645508,23.788986206054688,160615
EGAL.CA,Industrials,2023-01-02 22:00:00,29.030000686645508,29.5,29.0,29.1299991607666,23.87093162536621,217484
EGAL.CA,Industrials,2023-01-03 22:00:00,29.1299991607666,29.649999618530273,27.75,29.5,24.174135208129883,513968
EGAL.CA,Industrials,2023-01-04 22:00:00,29.5,31.889999389648438,29.709999084472656,31.239999771118164,25.59999656677246,1063990
EGAL.CA,Industrials,2023-01-08 22:00:00,31.239999771118164,33.970001220703125,31.6299991607666,32.90999984741211,26.9685001373291,1271905
EGAL.CA,Industrials,2023-01-09 22:00:00,32.90999984741211,33.650001525878906,32.130001068115234,32.599998474121094,26.714466094970703,778693
EGAL.CA,Industrials,2023-01-10 22:00:00,32.599998474121094,33.900001525878906,32.25,32.720001220703125,26.812801361083984,498077
EGAL.CA,Industrials,2023-01-11 22:00:00,32.720001220703125,33.58000183105469,32.2599983215332,32.959999084472656,27.009471893310547,231840
EGAL.CA,Industrials,2023-01-14 22:00:00,32.959999084472656,35.959999084472656,33.0099983215332,35.380001068115234,28.992572784423828,1204882
EGAL.CA,Industrials,2023-01-15 22:00:00,35.380001068115234,36.900001525878906,35.349998474121094,35.459999084472656,29.05812644958496,569662
EGAL.CA,Industrials,2023-01-16 22:00:00,35.459999084472656,37.5,35.54999923706055,37.220001220703125,30.500383377075195,681109
EGAL.CA,Industrials,2023-01-17 22:00:00,37.220001220703125,37.900001525878906,35.79999923706055,35.93000030517578,29.44327735900879,449816
EGAL.CA,Industrials,2023-01-18 22:00:00,35.93000030517578,36.4900016784668,35.5,35.939998626708984,29.451467514038086,246458
EGAL.CA,Industrials,2023-01-21 22:00:00,35.939998626708984,36.79999923706055,35.619998931884766,35.84000015258789,29.369524002075195,156076
EGAL.CA,Industrials,2023-01-22 22:00:00,35.84000015258789,36.0,34.0,34.290000915527344,28.09935760498047,275550
EGAL.CA,Industrials,2023-01-23 22:00:00,34.290000915527344,35.5,34.119998931884766,34.810001373291016,28.52547836303711,142211
EGAL.CA,Industrials,2023-01-24 22:00:00,34.810001373291016,35.439998626708984,34.63999938964844,35.16999816894531,28.820480346679688,232152
EGAL.CA,Industrials,2023-01-28 22:00:00,35.16999816894531,36.0,35.0,35.34000015258789,28.959793090820312,214140
EGAL.CA,Industrials,2023-01-29 22:00:00,35.34000015258789,36.36000061035156,34.220001220703125,34.86000061035156,28.566452026367188,260425
EGAL.CA,Industrials,2023-01-30 22:00:00,34.86000061035156,36.25,33.0,33.75,27.656848907470703,637721
EGAL.CA,Industrials,2023-01-31 22:00:00,33.75,34.650001525878906,32.099998474121094,32.91999816894531,26.97669219970703,227542
EGAL.CA,Industrials,2023-02-01 22:00:00,32.91999816894531,33.650001525878906,32.25,32.34000015258789,26.501405715942383,116888
EGAL.CA,Industrials,2023-02-04 22:00:00,32.34000015258789,32.9900016784668,30.0,31.8700008392334,26.116260528564453,226365
EGAL.CA,Industrials,2023-02-05 22:00:00,31.8700008392334,32.5,31.600000381469727,31.850000381469727,26.099868774414062,102398
EGAL.CA,Industrials,2023-02-06 22:00:00,31.850000381469727,34.18000030517578,32.290000915527344,33.5099983215332,27.460176467895508,278019
EGAL.CA,Industrials,2023-02-07 22:00:00,33.5099983215332,34.0,32.91999816894531,33.65999984741211,27.583097457885742,201067
EGAL.CA,Industrials,2023-02-08 22:00:00,33.65999984741211,34.0,33.29999923706055,33.880001068115234,27.76338005065918,160602
EGAL.CA,Industrials,2023-02-11 22:00:00,33.880001068115234,34.5,33.5,33.65999984741211,27.583097457885742,145766
EGAL.CA,Industrials,2023-02-12 22:00:00,33.65999984741211,34.25,32.810001373291016,33.04999923706055,27.083223342895508,97949
EGAL.CA,Industrials,2023-02-13 22:00:00,33.04999923706055,33.5,32.77000045776367,33.13999938964844,27.15697479248047,114095
EGAL.CA,Industrials,2023-02-14 22:00:00,33.13999938964844,34.599998474121094,33.16999816894531,33.970001220703125,27.837129592895508,240259
EGAL.CA,Industrials,2023-02-15 22:00:00,33.970001220703125,35.5,34.20000076293945,35.06999969482422,28.73853874206543,555423
EGAL.CA,Industrials,2023-02-18 22:00:00,35.06999969482422,35.849998474121094,34.209999084472656,34.5,28.27144432067871,295400
EGAL.CA,Industrials,2023-02-19 22:00:00,34.5,35.27000045776367,33.0099983215332,33.33000183105469,27.31267547607422,171276
EGAL.CA,Industrials,2023-02-20 22:00:00,33.33000183105469,34.47999954223633,33.0,33.90999984741211,27.787961959838867,138166
EGAL.CA,Industrials,2023-02-21 22:00:00,33.90999984741211,34.290000915527344,32.70000076293945,33.029998779296875,27.06683349609375,178146
EGAL.CA,Industrials,2023-02-22 22:00:00,33.029998779296875,33.81999969482422,32.7599983215332,33.11000061035156,27.13239288330078,124111
EGAL.CA,Industrials,2023-02-25 22:00:00,33.11000061035156,35.900001525878906,33.709999084472656,35.04999923706055,28.72214698791504,531312
EGAL.CA,Industrials,2023-02-26 22:00:00,35.04999923706055,35.79999923706055,34.31999969482422,34.52000045776367,28.2878360748291,222468
EGAL.CA,Industrials,2023-02-27 22:00:00,34.52000045776367,35.0,34.13999938964844,34.63999938964844,28.38616943359375,197552
EGAL.CA,Industrials,2023-02-28 22:00:00,34.63999938964844,35.09000015258789,34.189998626708984,34.400001525878906,28.189498901367188,136231
EGAL.CA,Industrials,2023-03-01 22:00:00,34.400001525878906,34.84000015258789,34.18000030517578,34.33000183105469,28.13213539123535,63186
EGAL.CA,Industrials,2023-03-04 22:00:00,34.33000183105469,34.790000915527344,31.600000381469727,34.47999954223633,28.255054473876953,89064
EGAL.CA,Industrials,2023-03-05 22:00:00,34.47999954223633,35.70000076293945,34.5,34.709999084472656,28.443531036376953,243247
EGAL.CA,Industrials,2023-03-06 22:00:00,34.709999084472656,37.47999954223633,34.9900016784668,36.29999923706055,29.746475219726562,1296048
EGAL.CA,Industrials,2023-03-07 22:00:00,36.29999923706055,37.29999923706055,36.349998474121094,36.709999084472656,30.08245277404785,477070
EGAL.CA,Industrials,2023-03-08 22:00:00,36.709999084472656,37.0,36.16999816894531,36.41999816894531,29.844812393188477,160393
EGAL.CA,Industrials,2023-03-11 22:00:00,36.41999816894531,36.29999923706055,34.380001068115234,34.47999954223633,28.255054473876953,439078
EGAL.CA,Industrials,2023-03-12 22:00:00,34.47999954223633,35.20000076293945,31.5,31.8799991607666,26.124452590942383,385067
EGAL.CA,Industrials,2023-03-13 22:00:00,31.8799991607666,33.689998626708984,31.649999618530273,33.36000061035156,27.337257385253906,170271
EGAL.CA,Industrials,2023-03-14 22:00:00,33.36000061035156,34.4900016784668,28.5,31.219999313354492,25.583608627319336,285521
EGAL.CA,Industrials,2023-03-15 22:00:00,31.219999313354492,31.56999969482422,28.5,31.3799991607666,25.7147216796875,323000
EGAL.CA,Industrials,2023-03-18 22:00:00,31.3799991607666,31.600000381469727,30.0,31.010000228881836,25.411521911621094,75438
EGAL.CA,Industrials,2023-03-19 22:00:00,31.010000228881836,32.70000076293945,31.100000381469727,32.400001525878906,26.55057716369629,138124
EGAL.CA,Industrials,2023-03-20 22:00:00,32.400001525878906,33.70000076293945,32.61000061035156,33.540000915527344,27.484760284423828,157256
EGAL.CA,Industrials,2023-03-21 22:00:00,33.540000915527344,34.959999084472656,33.599998474121094,33.75,27.656848907470703,213700
EGAL.CA,Industrials,2023-03-22 22:00:00,33.75,34.45000076293945,33.099998474121094,34.130001068115234,27.968244552612305,50415
EGAL.CA,Industrials,2023-03-25 22:00:00,34.130001068115234,37.93000030517578,36.0099983215332,37.13999938964844,30.434823989868164,485852
EGAL.CA,Industrials,2023-03-26 22:00:00,37.13999938964844,37.900001525878906,36.52000045776367,36.86000061035156,30.20537757873535,374703
EGAL.CA,Industrials,2023-03-27 22:00:00,36.86000061035156,37.2400016784668,35.939998626708984,36.349998474121094,29.787450790405273,182324
EGAL.CA,Industrials,2023-03-28 22:00:00,36.349998474121094,37.599998474121094,36.38999938964844,36.84000015258789,30.18898582458496,701395
EGAL.CA,Industrials,2023-03-29 22:00:00,36.84000015258789,37.5,36.0099983215332,36.20000076293945,29.664531707763672,443348
EGAL.CA,Industrials,2023-04-01 22:00:00,36.20000076293945,38.380001068115234,36.0,37.7400016784668,30.926502227783203,376747
EGAL.CA,Industrials,2023-04-02 22:00:00,37.7400016784668,39.95000076293945,38.0099983215332,39.189998626708984,32.114723205566406,521404
EGAL.CA,Industrials,2023-04-03 22:00:00,39.189998626708984,40.31999969482422,38.939998626708984,39.22999954223633,32.147499084472656,290413
EGAL.CA,Industrials,2023-04-04 22:00:00,39.22999954223633,39.38999938964844,38.11000061035156,38.4900016784668,31.541101455688477,165298
EGAL.CA,Industrials,2023-04-05 22:00:00,38.4900016784668,39.75,38.599998474121094,38.9900016784668,31.950830459594727,328558
EGAL.CA,Industrials,2023-04-08 22:00:00,38.9900016784668,39.970001220703125,38.810001373291016,39.04999923706055,31.999996185302734,175688
EGAL.CA,Industrials,2023-04-09 22:00:00,39.04999923706055,39.689998626708984,38.75,38.939998626708984,31.90985679626465,131586
EGAL.CA,Industrials,2023-04-10 22:00:00,38.939998626708984,39.4900016784668,38.70000076293945,38.90999984741211,31.885272979736328,153081
EGAL.CA,Industrials,2023-04-11 22:00:00,38.90999984741211,39.290000915527344,38.5,38.66999816894531,31.6885986328125,162782
EGAL.CA,Industrials,2023-04-12 22:00:00,38.66999816894531,39.5,38.5,39.099998474121094,32.04096984863281,183981
EGAL.CA,Industrials,2023-04-17 22:00:00,39.099998474121094,41.880001068115234,39.29999923706055,41.5,34.0076789855957,346398
EGAL.CA,Industrials,2023-04-18 22:00:00,41.5,42.189998626708984,40.900001525878906,41.25,33.80281448364258,250692
EGAL.CA,Industrials,2023-04-25 22:00:00,41.25,41.5,40.5099983215332,40.81999969482422,33.45044708251953,80672
EGAL.CA,Industrials,2023-04-26 22:00:00,40.81999969482422,42.380001068115234,40.83000183105469,42.209999084472656,34.58949661254883,329713
EGAL.CA,Industrials,2023-04-29 21:00:00,42.209999084472656,44.5,42.5,43.95000076293945,36.01536178588867,487763
EGAL.CA,Industrials,2023-04-30 21:00:00,43.95000076293945,43.95000076293945,43.95000076293945,43.95000076293945,36.01536178588867,0
EGAL.CA,Industrials,2023-05-01 21:00:00,42.869998931884766,42.93000030517578,41.060001373291016,41.56999969482422,34.065040588378906,179285
EGAL.CA,Industrials,2023-05-02 21:00:00,41.56999969482422,43.599998474121094,41.529998779296875,43.16999816894531,35.376182556152344,295787
EGAL.CA,Industrials,2023-05-06 21:00:00,43.16999816894531,43.79999923706055,42.5,43.68000030517578,35.794105529785156,232214
EGAL.CA,Industrials,2023-05-07 21:00:00,43.68000030517578,46.0,43.33000183105469,46.0,37.69525909423828,637529
EGAL.CA,Industrials,2023-05-08 21:00:00,46.0,46.880001068115234,45.0099983215332,45.189998626708984,37.031494140625,338775
EGAL.CA,Industrials,2023-05-09 21:00:00,45.189998626708984,46.97999954223633,44.61000061035156,46.34000015258789,37.973876953125,312638
EGAL.CA,Industrials,2023-05-10 21:00:00,46.34000015258789,46.88999938964844,45.41999816894531,45.54999923706055,37.32650375366211,165607
EGAL.CA,Industrials,2023-05-13 21:00:00,45.54999923706055,47.5,45.70000076293945,47.5,38.9244499206543,290421
EGAL.CA,Industrials,2023-05-14 21:00:00,47.5,48.5,46.040000915527344,46.41999816894531,38.039432525634766,190625
EGAL.CA,Industrials,2023-05-15 21:00:00,46.41999816894531,46.47999954223633,45.22999954223633,45.72999954223633,37.474002838134766,191093
EGAL.CA,Industrials,2023-05-16 21:00:00,45.72999954223633,46.7400016784668,44.0,44.130001068115234,36.16286849975586,238691
EGAL.CA,Industrials,2023-05-17 21:00:00,44.130001068115234,44.75,43.029998779296875,43.93000030517578,35.99897003173828,160405
EGAL.CA,Industrials,2023-05-20 21:00:00,43.93000030517578,44.599998474121094,43.70000076293945,43.7599983215332,35.85966491699219,66559
EGAL.CA,Industrials,2023-05-21 21:00:00,43.7599983215332,44.689998626708984,43.400001525878906,43.439998626708984,35.597434997558594,103084
EGAL.CA,Industrials,2023-05-22 21:00:00,43.439998626708984,43.959999084472656,42.0,43.06999969482422,35.29423522949219,202420
EGAL.CA,Industrials,2023-05-23 21:00:00,43.06999969482422,43.5,42.52000045776367,43.0099983215332,35.24506759643555,96773
EGAL.CA,Industrials,2023-05-24 21:00:00,43.0099983215332,43.880001068115234,42.70000076293945,42.790000915527344,35.06478500366211,51961
EGAL.CA,Industrials,2023-05-27 21:00:00,42.790000915527344,43.79999923706055,42.81999969482422,43.15999984741211,35.367984771728516,87126
EGAL.CA,Industrials,2023-05-28 21:00:00,43.15999984741211,43.34000015258789,42.86000061035156,43.060001373291016,35.286041259765625,75776
EGAL.CA,Industrials,2023-05-29 21:00:00,43.060001373291016,43.97999954223633,43.099998474121094,43.939998626708984,36.00716781616211,162519
EGAL.CA,Industrials,2023-05-30 21:00:00,43.939998626708984,44.88999938964844,43.619998931884766,43.63999938964844,35.761329650878906,162018
EGAL.CA,Industrials,2023-05-31 21:00:00,43.63999938964844,44.189998626708984,43.459999084472656,43.5,35.6466064453125,93110
EGAL.CA,Industrials,2023-06-03 21:00:00,43.5,43.959999084472656,43.04999923706055,43.099998474121094,35.318817138671875,94869
EGAL.CA,Industrials,2023-06-04 21:00:00,43.099998474121094,43.45000076293945,42.20000076293945,42.5,34.82714080810547,106527
EGAL.CA,Industrials,2023-06-05 21:00:00,42.5,42.81999969482422,42.40999984741211,42.470001220703125,34.80255889892578,61275
EGAL.CA,Industrials,2023-06-06 21:00:00,42.470001220703125,42.54999923706055,41.40999984741211,41.470001220703125,33.983097076416016,58618
EGAL.CA,Industrials,2023-06-07 21:00:00,41.470001220703125,42.20000076293945,41.06999969482422,42.0,34.41740798950195,68801
EGAL.CA,Industrials,2023-06-10 21:00:00,42.0,43.689998626708984,42.400001525878906,43.41999816894531,35.5810432434082,59578
EGAL.CA,Industrials,2023-06-11 21:00:00,43.41999816894531,44.0,43.41999816894531,43.79999923706055,35.89244079589844,42825
EGAL.CA,Industrials,2023-06-12 21:00:00,43.79999923706055,43.9900016784668,43.099998474121094,43.29999923706055,35.48270797729492,64200
EGAL.CA,Industrials,2023-06-13 21:00:00,43.29999923706055,43.84000015258789,43.11000061035156,43.40999984741211,35.572853088378906,38933
EGAL.CA,Industrials,2023-06-14 21:00:00,43.40999984741211,43.459999084472656,42.20000076293945,43.0,35.23686981201172,105307
EGAL.CA,Industrials,2023-06-17 21:00:00,43.0,43.5,43.0,43.099998474121094,35.318817138671875,40236
EGAL.CA,Industrials,2023-06-18 21:00:00,43.099998474121094,45.0,43.0099983215332,43.599998474121094,35.72854995727539,226208
EGAL.CA,Industrials,2023-06-19 21:00:00,43.599998474121094,44.88999938964844,43.5,44.13999938964844,36.171058654785156,261407
EGAL.CA,Industrials,2023-06-20 21:00:00,44.13999938964844,44.689998626708984,42.72999954223633,42.97999954223633,35.220481872558594,79799
EGAL.CA,Industrials,2023-06-21 21:00:00,42.97999954223633,43.369998931884766,42.79999923706055,43.0,35.23686981201172,55410
EGAL.CA,Industrials,2023-06-24 21:00:00,43.0,43.38999938964844,42.099998474121094,42.56999969482422,34.88450241088867,94879
EGAL.CA,Industrials,2023-06-25 21:00:00,42.56999969482422,43.25,42.5,42.77000045776367,35.048397064208984,39429
EGAL.CA,Industrials,2023-07-03 21:00:00,42.77000045776367,42.900001525878906,42.0099983215332,42.099998474121094,34.499359130859375,41702
EGAL.CA,Industrials,2023-07-04 21:00:00,42.099998474121094,42.5,42.029998779296875,42.06999969482422,34.474769592285156,38136
EGAL.CA,Industrials,2023-07-05 21:00:00,42.06999969482422,42.75,41.5,41.70000076293945,34.17156982421875,72402
EGAL.CA,Industrials,2023-07-08 21:00:00,41.70000076293945,41.70000076293945,38.0,39.0,31.959028244018555,229227
EGAL.CA,Industrials,2023-07-09 21:00:00,39.0,42.0,37.77000045776367,41.9900016784668,34.409217834472656,156715
EGAL.CA,Industrials,2023-07-10 21:00:00,41.9900016784668,42.5,40.04999923706055,41.02000045776367,33.61433792114258,89055
EGAL.CA,Industrials,2023-07-11 21:00:00,41.02000045776367,41.47999954223633,40.75,41.310001373291016,33.851985931396484,31208
EGAL.CA,Industrials,2023-07-12 21:00:00,41.310001373291016,42.880001068115234,41.0099983215332,42.33000183105469,34.68783187866211,177003
EGAL.CA,Industrials,2023-07-15 21:00:00,42.33000183105469,43.099998474121094,42.099998474121094,42.15999984741211,34.548526763916016,82856
EGAL.CA,Industrials,2023-07-16 21:00:00,42.15999984741211,42.7400016784668,41.52000045776367,41.91999816894531,34.35185241699219,59822
EGAL.CA,Industrials,2023-07-17 21:00:00,41.91999816894531,42.95000076293945,42.0,42.52000045776367,34.843536376953125,37282
EGAL.CA,Industrials,2023-07-18 21:00:00,42.52000045776367,42.52000045776367,42.52000045776367,42.52000045776367,34.843536376953125,0
EGAL.CA,Industrials,2023-07-23 21:00:00,43.29999923706055,43.689998626708984,42.65999984741211,42.70000076293945,34.99103546142578,34023
EGAL.CA,Industrials,2023-07-24 21:00:00,42.70000076293945,43.279998779296875,41.5,42.2400016784668,34.61408615112305,24770
EGAL.CA,Industrials,2023-07-25 21:00:00,42.2400016784668,43.5,42.0,43.4900016784668,35.63840866088867,135412
EGAL.CA,Industrials,2023-07-26 21:00:00,43.4900016784668,43.7599983215332,43.0099983215332,43.11000061035156,35.3270149230957,16151
EGAL.CA,Industrials,2023-07-29 21:00:00,43.11000061035156,43.79999923706055,43.0,43.220001220703125,35.41715621948242,79994
EGAL.CA,Industrials,2023-07-30 21:00:00,43.220001220703125,43.689998626708984,43.040000915527344,43.150001525878906,35.35979461669922,17662
EGAL.CA,Industrials,2023-07-31 21:00:00,43.150001525878906,44.09000015258789,43.0099983215332,43.400001525878906,35.564659118652344,83657
EGAL.CA,Industrials,2023-08-01 21:00:00,43.400001525878906,43.9900016784668,43.0,43.150001525878906,35.35979461669922,38510
EGAL.CA,Industrials,2023-08-02 21:00:00,43.150001525878906,44.7400016784668,43.0,43.84000015258789,35.92522048950195,142037
EGAL.CA,Industrials,2023-08-05 21:00:00,43.84000015258789,44.5,43.599998474121094,44.15999984741211,36.18744659423828,67883
EGAL.CA,Industrials,2023-08-06 21:00:00,44.15999984741211,44.849998474121094,44.099998474121094,44.27000045776367,36.277591705322266,85521
EGAL.CA,Industrials,2023-08-07 21:00:00,44.27000045776367,44.70000076293945,43.900001525878906,44.06999969482422,36.11369705200195,63319
EGAL.CA,Industrials,2023-08-08 21:00:00,44.06999969482422,44.25,43.25,43.400001525878906,35.564659118652344,108559
EGAL.CA,Industrials,2023-08-09 21:00:00,43.400001525878906,44.0,43.36000061035156,43.900001525878906,35.97439193725586,33271
EGAL.CA,Industrials,2023-08-12 21:00:00,43.900001525878906,44.20000076293945,43.540000915527344,43.93000030517578,35.99897003173828,43733
EGAL.CA,Industrials,2023-08-13 21:00:00,43.93000030517578,45.439998626708984,43.9900016784668,44.540000915527344,36.498844146728516,268351
EGAL.CA,Industrials,2023-08-14 21:00:00,44.540000915527344,44.900001525878906,44.0,44.18000030517578,36.20384216308594,66828
EGAL.CA,Industrials,2023-08-15 21:00:00,44.18000030517578,45.29999923706055,44.13999938964844,44.959999084472656,36.843017578125,294219
EGAL.CA,Industrials,2023-08-16 21:00:00,44.959999084472656,45.59000015258789,44.75,45.25,37.080665588378906,166169
EGAL.CA,Industrials,2023-08-19 21:00:00,45.25,45.650001525878906,45.099998474121094,45.16999816894531,37.015106201171875,62195
EGAL.CA,Industrials,2023-08-20 21:00:00,45.16999816894531,45.5099983215332,45.0,45.0,36.875797271728516,80280
EGAL.CA,Industrials,2023-08-21 21:00:00,45.0,46.20000076293945,44.86000061035156,46.0,37.69525909423828,252753
EGAL.CA,Industrials,2023-08-22 21:00:00,46.0,46.0099983215332,45.5,45.61000061035156,37.37567138671875,91890
EGAL.CA,Industrials,2023-08-23 21:00:00,45.61000061035156,45.900001525878906,45.150001525878906,45.439998626708984,37.236358642578125,96021
EGAL.CA,Industrials,2023-08-26 21:00:00,45.439998626708984,46.0,45.29999923706055,45.810001373291016,37.5395622253418,36831
EGAL.CA,Industrials,2023-08-27 21:00:00,45.810001373291016,46.59000015258789,45.400001525878906,46.029998779296875,37.719844818115234,518997
EGAL.CA,Industrials,2023-08-28 21:00:00,46.029998779296875,47.099998474121094,46.130001068115234,46.97999954223633,38.49833297729492,233054
EGAL.CA,Industrials,2023-08-29 21:00:00,46.97999954223633,47.25,46.459999084472656,46.58000183105469,38.17054748535156,78718
EGAL.CA,Industrials,2023-08-30 21:00:00,46.58000183105469,46.58000183105469,46.58000183105469,46.58000183105469,38.17054748535156,0
EGAL.CA,Industrials,2023-09-02 21:00:00,46.0,46.59000015258789,45.5,45.599998474121094,37.36747741699219,85640
EGAL.CA,Industrials,2023-09-03 21:00:00,45.599998474121094,48.0,45.599998474121094,47.08000183105469,38.58028030395508,334649
EGAL.CA,Industrials,2023-09-04 21:00:00,47.08000183105469,48.5,47.20000076293945,48.47999954223633,39.72752380371094,232220
EGAL.CA,Industrials,2023-09-05 21:00:00,48.47999954223633,48.5,46.560001373291016,46.970001220703125,38.490142822265625,121249
EGAL.CA,Industrials,2023-09-06 21:00:00,46.970001220703125,47.970001220703125,46.79999923706055,47.63999938964844,39.03917694091797,43419
EGAL.CA,Industrials,2023-09-09 21:00:00,47.63999938964844,47.63999938964844,47.63999938964844,47.63999938964844,39.03917694091797,0
EGAL.CA,Industrials,2023-09-10 21:00:00,47.439998626708984,47.900001525878906,46.11000061035156,46.150001525878906,37.81817626953125,74766
EGAL.CA,Industrials,2023-09-11 21:00:00,46.150001525878906,46.79999923706055,46.150001525878906,46.470001220703125,38.08041000366211,50029
EGAL.CA,Industrials,2023-09-12 21:00:00,46.470001220703125,47.0,46.060001373291016,46.650001525878906,38.22791290283203,27169
EGAL.CA,Industrials,2023-09-13 21:00:00,46.650001525878906,47.470001220703125,46.5099983215332,46.75,38.30985641479492,13979
EGAL.CA,Industrials,2023-09-16 21:00:00,46.75,47.2400016784668,46.540000915527344,47.08000183105469,38.58028030395508,27164
EGAL.CA,Industrials,2023-09-17 21:00:00,47.08000183105469,47.5,46.83000183105469,47.040000915527344,38.54750442504883,52345
EGAL.CA,Industrials,2023-09-18 21:00:00,47.040000915527344,47.5,46.810001373291016,47.150001525878906,38.63764190673828,32636
EGAL.CA,Industrials,2023-09-19 21:00:00,47.150001525878906,47.150001525878906,47.150001525878906,47.150001525878906,38.63764190673828,0
EGAL.CA,Industrials,2023-09-20 21:00:00,47.150001525878906,47.150001525878906,47.150001525878906,47.150001525878906,38.63764190673828,0
EGAL.CA,Industrials,2023-09-23 21:00:00,47.150001525878906,47.150001525878906,47.150001525878906,47.150001525878906,38.63764190673828,0
EGAL.CA,Industrials,2023-09-24 21:00:00,45.880001068115234,46.959999084472656,45.79999923706055,46.630001068115234,38.21152114868164,143443
EGAL.CA,Industrials,2023-09-25 21:00:00,46.630001068115234,46.9900016784668,45.79999923706055,45.810001373291016,37.5395622253418,124471
EGAL.CA,Industrials,2023-09-26 21:00:00,45.810001373291016,45.810001373291016,45.810001373291016,45.810001373291016,37.5395622253418,0
EGAL.CA,Industrials,2023-09-30 21:00:00,45.810001373291016,45.810001373291016,45.810001373291016,45.810001373291016,37.5395622253418,0
EGAL.CA,Industrials,2023-10-01 21:00:00,46.11000061035156,46.400001525878906,44.41999816894531,45.0099983215332,36.88398742675781,96034
EGAL.CA,Industrials,2023-10-02 21:00:00,45.0099983215332,45.38999938964844,43.619998931884766,43.97999954223633,36.03994369506836,96599
EGAL.CA,Industrials,2023-10-03 21:00:00,43.97999954223633,45.0,43.900001525878906,44.02000045776367,36.072723388671875,30388
EGAL.CA,Industrials,2023-10-07 21:00:00,44.02000045776367,44.0,39.0,42.470001220703125,34.80255889892578,194485
EGAL.CA,Industrials,2023-10-08 21:00:00,42.470001220703125,42.939998626708984,41.0,41.220001220703125,33.77823257446289,78338
EGAL.CA,Industrials,2023-10-09 21:00:00,41.220001220703125,41.86000061035156,41.0,41.31999969482422,33.86017608642578,82326
EGAL.CA,Industrials,2023-10-10 21:00:00,41.31999969482422,43.0,41.349998474121094,41.689998626708984,34.16337585449219,110984
EGAL.CA,Industrials,2023-10-11 21:00:00,41.689998626708984,43.97999954223633,41.689998626708984,43.52000045776367,35.662994384765625,93288
EGAL.CA,Industrials,2023-10-14 21:00:00,43.52000045776367,45.0,43.599998474121094,44.119998931884766,36.15467071533203,74237
EGAL.CA,Industrials,2023-10-15 21:00:00,44.119998931884766,46.220001220703125,44.25,45.97999954223633,37.678871154785156,300298
EGAL.CA,Industrials,2023-10-16 21:00:00,45.97999954223633,47.599998474121094,45.06999969482422,46.0,37.69525909423828,684259
EGAL.CA,Industrials,2023-10-17 21:00:00,46.0,46.97999954223633,44.849998474121094,44.959999084472656,36.843017578125,393385
EGAL.CA,Industrials,2023-10-18 21:00:00,44.959999084472656,44.959999084472656,44.959999084472656,44.959999084472656,36.843017578125,0
EGAL.CA,Industrials,2023-10-21 21:00:00,43.2599983215332,46.2400016784668,43.599998474121094,46.029998779296875,37.719844818115234,226047
EGAL.CA,Industrials,2023-10-22 21:00:00,46.029998779296875,54.4900016784668,46.47999954223633,53.9900016784668,44.242767333984375,1763660
EGAL.CA,Industrials,2023-10-23 21:00:00,53.9900016784668,63.97999954223633,55.31999969482422,63.25,51.83098220825195,1395550
EGAL.CA,Industrials,2023-10-24 21:00:00,63.25,71.97000122070312,64.5,67.80000305175781,55.55953598022461,1234585
EGAL.CA,Industrials,2023-10-25 21:00:00,67.80000305175781,70.0,64.5,67.0999984741211,54.98590850830078,667205
EGAL.CA,Industrials,2023-10-28 22:00:00,67.0999984741211,71.48999786376953,68.04000091552734,70.44000244140625,57.72291564941406,548705
EGAL.CA,Industrials,2023-10-29 22:00:00,70.44000244140625,73.97000122070312,69.1500015258789,71.55999755859375,58.640708923339844,939000
EGAL.CA,Industrials,2023-10-30 22:00:00,71.55999755859375,74.5,67.0,67.0,54.90396499633789,554637
EGAL.CA,Industrials,2023-10-31 22:00:00,67.0,68.5999984741211,64.2699966430664,65.81999969482422,53.9370002746582,476393
EGAL.CA,Industrials,2023-11-01 22:00:00,65.81999969482422,69.30000305175781,67.01000213623047,67.45999908447266,55.28091812133789,292863
EGAL.CA,Industrials,2023-11-04 22:00:00,67.45999908447266,70.25,68.01000213623047,68.5,56.133155822753906,198913
EGAL.CA,Industrials,2023-11-05 22:00:00,68.5,72.98999786376953,68.80000305175781,69.05000305175781,56.583866119384766,573578
EGAL.CA,Industrials,2023-11-06 22:00:00,69.05000305175781,76.01000213623047,71.9000015258789,72.5999984741211,59.492950439453125,406742
EGAL.CA,Industrials,2023-11-07 22:00:00,72.5999984741211,79.0,72.63999938964844,77.69999694824219,63.67220687866211,796432
EGAL.CA,Industrials,2023-11-08 22:00:00,77.69999694824219,79.98999786376953,75.5,76.0199966430664,62.29551315307617,386648
EGAL.CA,Industrials,2023-11-11 22:00:00,76.0199966430664,77.48999786376953,74.01000213623047,74.52999877929688,61.07450866699219,424287
EGAL.CA,Industrials,2023-11-12 22:00:00,74.52999877929688,76.76000213623047,74.5999984741211,75.37000274658203,61.76286315917969,208924
EGAL.CA,Industrials,2023-11-13 22:00:00,75.37000274658203,76.69000244140625,74.69000244140625,74.80000305175781,61.2957763671875,174755
EGAL.CA,Industrials,2023-11-14 22:00:00,74.80000305175781,77.5,75.0,75.5999984741211,61.95133590698242,301267
EGAL.CA,Industrials,2023-11-15 22:00:00,75.5999984741211,76.30000305175781,74.80000305175781,75.2300033569336,61.64813995361328,253437
EGAL.CA,Industrials,2023-11-18 22:00:00,75.2300033569336,77.48999786376953,75.5,77.08000183105469,63.164146423339844,293417
EGAL.CA,Industrials,2023-11-19 22:00:00,77.08000183105469,79.48999786376953,75.80000305175781,76.80999755859375,62.94288635253906,773557
EGAL.CA,Industrials,2023-11-20 22:00:00,76.80999755859375,72.44999694824219,70.25,70.5999984741211,63.20249938964844,364869
EGAL.CA,Industrials,2023-11-21 22:00:00,70.5999984741211,71.75,70.5999984741211,70.93000030517578,63.4979248046875,258142
EGAL.CA,Industrials,2023-11-22 22:00:00,70.93000030517578,71.25,68.5,68.7300033569336,61.5284423828125,332753
EGAL.CA,Industrials,2023-11-25 22:00:00,68.7300033569336,69.4000015258789,67.66999816894531,67.91000366210938,60.79436492919922,225611
EGAL.CA,Industrials,2023-11-26 22:00:00,67.91000366210938,70.6500015258789,68.5,68.87999725341797,61.66272735595703,231297
EGAL.CA,Industrials,2023-11-27 22:00:00,68.87999725341797,69.5,67.5,67.5,60.42732238769531,193847
EGAL.CA,Industrials,2023-11-28 22:00:00,67.5,68.44000244140625,65.0,65.11000061035156,58.28774642944336,182137
EGAL.CA,Industrials,2023-11-29 22:00:00,65.11000061035156,67.9000015258789,65.0,67.2699966430664,60.22141647338867,209382
EGAL.CA,Industrials,2023-12-02 22:00:00,67.2699966430664,68.94000244140625,66.0,66.76000213623047,59.764862060546875,209158
EGAL.CA,Industrials,2023-12-03 22:00:00,66.76000213623047,67.73999786376953,66.80000305175781,66.87000274658203,59.863338470458984,168542
EGAL.CA,Industrials,2023-12-04 22:00:00,66.87000274658203,67.69999694824219,64.9000015258789,65.5,58.63688278198242,202850
EGAL.CA,Industrials,2023-12-05 22:00:00,65.5,67.3499984741211,64.0,64.94999694824219,58.144508361816406,573328
EGAL.CA,Industrials,2023-12-06 22:00:00,64.94999694824219,65.75,61.5099983215332,62.91999816894531,56.32721710205078,213316
EGAL.CA,Industrials,2023-12-09 22:00:00,62.91999816894531,65.1500015258789,62.5,62.54999923706055,55.99598693847656,218254
EGAL.CA,Industrials,2023-12-10 22:00:00,62.54999923706055,63.0,59.45000076293945,59.59000015258789,53.346134185791016,261058
EGAL.CA,Industrials,2023-12-11 22:00:00,59.59000015258789,61.5,59.400001525878906,59.91999816894531,53.64155578613281,164216
EGAL.CA,Industrials,2023-12-12 22:00:00,59.91999816894531,62.25,60.0,61.810001373291016,55.33352279663086,231976
EGAL.CA,Industrials,2023-12-13 22:00:00,61.810001373291016,64.25,62.150001525878906,62.970001220703125,56.371978759765625,137050
EGAL.CA,Industrials,2023-12-16 22:00:00,62.970001220703125,67.25,64.0,66.0,59.08449172973633,354650
EGAL.CA,Industrials,2023-12-17 22:00:00,66.0,68.75,66.05000305175781,66.38999938964844,59.43362808227539,318814
EGAL.CA,Industrials,2023-12-18 22:00:00,66.38999938964844,67.19999694824219,64.0,64.54000091552734,57.77747344970703,178750
EGAL.CA,Industrials,2023-12-19 22:00:00,64.54000091552734,65.75,63.5,63.91999816894531,57.222434997558594,139148
EGAL.CA,Industrials,2023-12-20 22:00:00,63.91999816894531,64.9000015258789,62.91999816894531,63.0,56.398834228515625,108647
EGAL.CA,Industrials,2023-12-23 22:00:00,63.0,63.0,63.0,63.0,56.398834228515625,0
EGAL.CA,Industrials,2023-12-24 22:00:00,62.0,63.20000076293945,60.599998474121094,61.68000030517578,55.21714782714844,86448
EGAL.CA,Industrials,2023-12-25 22:00:00,61.68000030517578,62.849998474121094,61.5,61.779998779296875,55.30666732788086,81415
EGAL.CA,Industrials,2023-12-26 22:00:00,61.779998779296875,64.69999694824219,62.0,62.650001525878906,56.08551025390625,238507
EGAL.CA,Industrials,2023-12-27 22:00:00,62.650001525878906,66.0,62.709999084472656,64.4000015258789,57.65214157104492,251398
EGAL.CA,Industrials,2023-12-30 22:00:00,64.4000015258789,66.08999633789062,64.4000015258789,64.86000061035156,58.06394577026367,112273
EGAL.CA,Industrials,2024-01-01 22:00:00,64.86000061035156,66.31999969482422,65.01000213623047,66.12999725341797,59.200870513916016,150057
EGAL.CA,Industrials,2024-01-02 22:00:00,66.12999725341797,66.80000305175781,65.0,65.20999908447266,58.37726974487305,271454
EGAL.CA,Industrials,2024-01-03 22:00:00,65.20999908447266,65.6500015258789,63.900001525878906,64.0999984741211,57.383575439453125,262316
EGAL.CA,Industrials,2024-01-07 22:00:00,64.0999984741211,64.98999786376953,62.900001525878906,63.209999084472656,56.586830139160156,175308
EGAL.CA,Industrials,2024-01-08 22:00:00,63.209999084472656,63.95000076293945,63.0,63.36000061035156,56.72111511230469,183594
EGAL.CA,Industrials,2024-01-09 22:00:00,63.36000061035156,63.9900016784668,63.0099983215332,63.27000045776367,56.64054489135742,190849
EGAL.CA,Industrials,2024-01-10 22:00:00,63.27000045776367,65.9000015258789,63.150001525878906,65.0,58.189273834228516,689042
EGAL.CA,Industrials,2024-01-13 22:00:00,65.0,67.7699966430664,66.0,66.97000122070312,59.952857971191406,677990
EGAL.CA,Industrials,2024-01-14 22:00:00,66.97000122070312,70.5,66.75,70.16999816894531,62.81755828857422,927015
EGAL.CA,Industrials,2024-01-15 22:00:00,70.16999816894531,84.19999694824219,72.18000030517578,84.19999694824219,75.37748718261719,3499784
EGAL.CA,Industrials,2024-01-16 22:00:00,84.19999694824219,86.9000015258789,79.11000061035156,80.5,72.06517791748047,2842054
EGAL.CA,Industrials,2024-01-17 22:00:00,80.5,94.88999938964844,80.31999969482422,92.5999984741211,82.89733123779297,4149118
EGAL.CA,Industrials,2024-01-20 22:00:00,92.5999984741211,109.94999694824219,93.01000213623047,104.30000305175781,93.37140655517578,2856128
EGAL.CA,Industrials,2024-01-21 22:00:00,104.30000305175781,107.98999786376953,98.5,98.5199966430664,88.19703674316406,1791822
EGAL.CA,Industrials,2024-01-22 22:00:00,98.5199966430664,108.1500015258789,97.0,102.0199966430664,91.3302993774414,2785520
EGAL.CA,Industrials,2024-01-23 22:00:00,102.0199966430664,107.75,99.16000366210938,100.94000244140625,90.36347198486328,1133113
EGAL.CA,Industrials,2024-01-27 22:00:00,100.94000244140625,117.9000015258789,103.48999786376953,117.0,104.74069213867188,3388038
EGAL.CA,Industrials,2024-01-28 22:00:00,117.0,119.88999938964844,112.01000213623047,114.94999694824219,102.9054946899414,1454243
EGAL.CA,Industrials,2024-01-29 22:00:00,114.94999694824219,120.86000061035156,115.0999984741211,116.6500015258789,104.4273681640625,1399720
EGAL.CA,Industrials,2024-01-30 22:00:00,116.6500015258789,118.87999725341797,95.0,102.19999694824219,91.49143981933594,1758748
EGAL.CA,Industrials,2024-01-31 22:00:00,102.19999694824219,114.97000122070312,92.0,114.5,102.50264739990234,2196610
EGAL.CA,Industrials,2024-02-03 22:00:00,114.5,134.0,108.01000213623047,129.6999969482422,116.10997772216797,3475937
EGAL.CA,Industrials,2024-02-04 22:00:00,129.6999969482422,136.0,123.52999877929688,123.98999786376953,110.99827575683594,2256567
EGAL.CA,Industrials,2024-02-05 22:00:00,123.98999786376953,130.89999389648438,118.01000213623047,122.01000213623047,109.22574615478516,1907374
EGAL.CA,Industrials,2024-02-06 22:00:00,122.01000213623047,126.5,118.05000305175781,118.05000305175781,105.68067932128906,1232331
EGAL.CA,Industrials,2024-02-07 22:00:00,118.05000305175781,121.3499984741211,114.0,115.80000305175781,103.66642761230469,1131566
EGAL.CA,Industrials,2024-02-10 22:00:00,115.80000305175781,125.80000305175781,117.0,123.69999694824219,110.73866271972656,2627693
EGAL.CA,Industrials,2024-02-11 22:00:00,123.69999694824219,126.69000244140625,120.13999938964844,121.12000274658203,108.42900085449219,1599180
EGAL.CA,Industrials,2024-02-12 22:00:00,121.12000274658203,123.0,117.80000305175781,118.41999816894531,106.01190948486328,874126
EGAL.CA,Industrials,2024-02-13 22:00:00,118.41999816894531,124.0,119.0999984741211,120.5,107.87396240234375,995690
EGAL.CA,Industrials,2024-02-14 22:00:00,120.5,125.4800033569336,120.69999694824219,122.69999694824219,109.84344482421875,1172844
EGAL.CA,Industrials,2024-02-17 22:00:00,122.69999694824219,122.69999694824219,122.69999694824219,122.69999694824219,109.84344482421875,0
EGAL.CA,Industrials,2024-02-18 22:00:00,119.91999816894531,122.4000015258789,118.5999984741211,119.05999755859375,106.5848388671875,710953
EGAL.CA,Industrials,2024-02-19 22:00:00,119.05999755859375,120.5,117.55000305175781,117.9800033569336,105.61801147460938,534924
EGAL.CA,Industrials,2024-02-20 22:00:00,117.9800033569336,125.0,117.80000305175781,118.69000244140625,106.25361633300781,597920
EGAL.CA,Industrials,2024-02-21 22:00:00,118.69000244140625,130.0,117.62000274658203,123.55000305175781,110.60437774658203,2866531
EGAL.CA,Industrials,2024-02-24 22:00:00,123.55000305175781,120.0,104.0,104.11000061035156,93.20130920410156,1498403
EGAL.CA,Industrials,2024-02-25 22:00:00,104.11000061035156,109.98999786376953,102.0,104.0,93.10284423828125,781543
EGAL.CA,Industrials,2024-02-26 22:00:00,104.0,108.80000305175781,99.5,102.98999786376953,92.19866180419922,656772
EGAL.CA,Industrials,2024-02-27 22:00:00,102.98999786376953,110.9000015258789,101.5,105.0,93.99806213378906,966267
EGAL.CA,Industrials,2024-02-28 22:00:00,105.0,111.0,104.0999984741211,107.98999786376953,96.67475891113281,1002067
EGAL.CA,Industrials,2024-03-02 22:00:00,107.98999786376953,112.80000305175781,105.5199966430664,107.30000305175781,96.05706787109375,677453
EGAL.CA,Industrials,2024-03-03 22:00:00,107.30000305175781,108.68000030517578,104.69999694824219,107.79000091552734,96.49571990966797,411284
EGAL.CA,Industrials,2024-03-04 22:00:00,107.79000091552734,111.97000122070312,105.19999694824219,106.30000305175781,95.1618423461914,1048924
EGAL.CA,Industrials,2024-03-05 22:00:00,106.30000305175781,116.98999786376953,101.9800033569336,101.9800033569336,91.29449462890625,1360847
EGAL.CA,Industrials,2024-03-06 22:00:00,101.9800033569336,107.98999786376953,101.01000213623047,104.5,93.55044555664062,483335
EGAL.CA,Industrials,2024-03-09 22:00:00,104.5,107.30000305175781,104.0,104.0,93.10284423828125,408871
EGAL.CA,Industrials,2024-03-10 22:00:00,104.0,105.69999694824219,101.5,101.70999908447266,91.05278015136719,313813
EGAL.CA,Industrials,2024-03-11 22:00:00,101.70999908447266,102.5,96.01000213623047,96.80000305175781,86.65726470947266,391860
EGAL.CA,Industrials,2024-03-12 22:00:00,96.80000305175781,99.48999786376953,88.0,92.44000244140625,82.75409698486328,432959
EGAL.CA,Industrials,2024-03-13 22:00:00,92.44000244140625,93.44000244140625,86.01000213623047,91.41999816894531,81.84097290039062,357705
EGAL.CA,Industrials,2024-03-16 22:00:00,91.41999816894531,93.0,88.11000061035156,88.1500015258789,78.91360473632812,286444
EGAL.CA,Industrials,2024-03-17 22:00:00,88.1500015258789,88.98999786376953,77.0,77.11000061035156,69.03038787841797,572790
EGAL.CA,Industrials,2024-03-18 22:00:00,77.11000061035156,78.5,72.55000305175781,78.16000366210938,69.97036743164062,363083
EGAL.CA,Industrials,2024-03-19 22:00:00,78.16000366210938,86.69999694824219,80.0,83.98999786376953,75.18949127197266,712650
EGAL.CA,Industrials,2024-03-20 22:00:00,83.98999786376953,89.9000015258789,84.1500015258789,89.0,79.67454528808594,651311
EGAL.CA,Industrials,2024-03-23 22:00:00,89.0,92.87999725341797,89.88999938964844,90.9800033569336,81.44708251953125,494406
EGAL.CA,Industrials,2024-03-24 22:00:00,90.9800033569336,92.69999694824219,90.11000061035156,92.0,82.3602066040039,313335
EGAL.CA,Industrials,2024-03-25 22:00:00,92.0,97.80000305175781,92.25,94.5,84.59825134277344,776827
EGAL.CA,Industrials,2024-03-26 22:00:00,94.5,99.0,93.55000305175781,96.0,85.94108581542969,668857
EGAL.CA,Industrials,2024-03-27 22:00:00,96.0,97.0,92.0999984741211,93.36000061035156,83.57769775390625,299022
EGAL.CA,Industrials,2024-03-30 22:00:00,93.36000061035156,95.0,90.01000213623047,91.02999877929688,81.49183654785156,345933
EGAL.CA,Industrials,2024-03-31 22:00:00,91.02999877929688,94.4800033569336,91.5999984741211,94.11000061035156,84.24911499023438,278995
EGAL.CA,Industrials,2024-04-01 22:00:00,94.11000061035156,96.9000015258789,92.0199966430664,92.26000213623047,82.59296417236328,393197
EGAL.CA,Industrials,2024-04-02 22:00:00,92.26000213623047,93.97000122070312,90.5999984741211,92.30000305175781,82.62876892089844,198172
EGAL.CA,Industrials,2024-04-03 22:00:00,92.30000305175781,94.5,92.5,93.0,83.25542449951172,217098
EGAL.CA,Industrials,2024-04-06 22:00:00,93.0,109.69999694824219,93.51000213623047,109.08999633789062,97.65950012207031,1928006
EGAL.CA,Industrials,2024-04-07 22:00:00,109.08999633789062,110.80000305175781,106.0,108.0,96.6837158203125,973014
EGAL.CA,Industrials,2024-04-14 22:00:00,108.0,117.94999694824219,113.01000213623047,114.0,102.0550308227539,1824087
EGAL.CA,Industrials,2024-04-15 22:00:00,114.0,114.98999786376953,110.0999984741211,111.08000183105469,99.44099426269531,584280
EGAL.CA,Industrials,2024-04-16 22:00:00,111.08000183105469,114.80000305175781,110.58999633789062,111.02999877929688,99.39623260498047,639519
EGAL.CA,Industrials,2024-04-17 22:00:00,111.02999877929688,114.58999633789062,98.0,104.04000091552734,93.1386489868164,1146851
EGAL.CA,Industrials,2024-04-20 22:00:00,104.04000091552734,111.0,106.0,108.02999877929688,96.7105712890625,571205
EGAL.CA,Industrials,2024-04-21 22:00:00,108.02999877929688,109.97000122070312,101.0,104.11000061035156,93.20130920410156,384478
EGAL.CA,Industrials,2024-04-22 22:00:00,104.11000061035156,104.9000015258789,98.7699966430664,99.0,88.62673950195312,458825
EGAL.CA,Industrials,2024-04-23 22:00:00,99.0,99.4000015258789,92.01000213623047,95.12000274658203,85.15328979492188,523988
EGAL.CA,Industrials,2024-04-27 21:00:00,95.12000274658203,95.12000274658203,95.12000274658203,95.12000274658203,85.15328979492188,0
EGAL.CA,Industrials,2024-04-28 21:00:00,89.9000015258789,93.88999938964844,88.83000183105469,93.0,83.25542449951172,422343
EGAL.CA,Industrials,2024-04-29 21:00:00,93.0,95.9800033569336,83.0,84.0,75.19844818115234,487919
EGAL.CA,Industrials,2024-05-01 21:00:00,88.61000061035156,90.6500015258789,87.19999694824219,90.0,80.56976318359375,415506
EGAL.CA,Industrials,2024-05-06 21:00:00,90.0,91.88999938964844,86.06999969482422,90.31999969482422,80.85623931884766,351352
EGAL.CA,Industrials,2024-05-07 21:00:00,90.31999969482422,91.97000122070312,86.0,86.05999755859375,77.04259490966797,247065
EGAL.CA,Industrials,2024-05-08 21:00:00,86.05999755859375,89.94999694824219,86.69999694824219,87.80000305175781,78.60028076171875,304448
EGAL.CA,Industrials,2024-05-11 21:00:00,87.80000305175781,90.8499984741211,84.0999984741211,84.9000015258789,76.004150390625,233254
EGAL.CA,Industrials,2024-05-12 21:00:00,84.9000015258789,86.02999877929688,80.0,84.0,75.19844818115234,366523
EGAL.CA,Industrials,2024-05-13 21:00:00,84.0,84.9000015258789,80.1500015258789,81.30999755859375,72.7903060913086,414594
EGAL.CA,Industrials,2024-05-14 21:00:00,81.30999755859375,81.9000015258789,79.0,79.0,70.72234344482422,288020
EGAL.CA,Industrials,2024-05-15 21:00:00,79.0,83.16000366210938,79.30999755859375,83.16000366210938,74.44646453857422,485042
EGAL.CA,Industrials,2024-05-18 21:00:00,83.16000366210938,89.9000015258789,84.4800033569336,89.47000122070312,80.09529876708984,659115
EGAL.CA,Industrials,2024-05-19 21:00:00,89.47000122070312,101.0,89.26000213623047,95.5,85.49346923828125,1699857
EGAL.CA,Industrials,2024-05-20 21:00:00,95.5,99.38999938964844,93.0,93.5,83.70303344726562,787798
EGAL.CA,Industrials,2024-05-21 21:00:00,93.5,97.0,92.51000213623047,93.80000305175781,83.97160339355469,603548
EGAL.CA,Industrials,2024-05-22 21:00:00,93.80000305175781,99.0,93.70999908447266,94.9000015258789,84.95633697509766,285518
EGAL.CA,Industrials,2024-05-25 21:00:00,94.9000015258789,94.9000015258789,94.9000015258789,94.9000015258789,84.95633697509766,0
EGAL.CA,Industrials,2024-05-26 21:00:00,95.23999786376953,95.94999694824219,92.5,92.83000183105469,83.10323333740234,343397
EGAL.CA,Industrials,2024-05-27 21:00:00,92.83000183105469,93.62000274658203,90.0,93.18000030517578,83.41656494140625,281868
EGAL.CA,Industrials,2024-05-28 21:00:00,93.18000030517578,94.0999984741211,91.94999694824219,91.94999694824219,82.31543731689453,204311
EGAL.CA,Industrials,2024-05-29 21:00:00,91.94999694824219,96.0,92.0,92.80999755859375,83.0853271484375,388027
EGAL.CA,Industrials,2024-06-01 21:00:00,92.80999755859375,94.9800033569336,92.26000213623047,92.98999786376953,83.24646759033203,154287
EGAL.CA,Industrials,2024-06-02 21:00:00,92.98999786376953,93.5999984741211,90.9000015258789,91.30000305175781,81.73355102539062,135164
EGAL.CA,Industrials,2024-06-03 21:00:00,91.30000305175781,92.9000015258789,91.23999786376953,91.36000061035156,81.78726196289062,146741
EGAL.CA,Industrials,2024-06-04 21:00:00,91.36000061035156,91.5,85.0999984741211,88.23999786376953,78.99417877197266,298465
EGAL.CA,Industrials,2024-06-05 21:00:00,88.23999786376953,89.69999694824219,87.51000213623047,88.04000091552734,78.81513977050781,87108
EGAL.CA,Industrials,2024-06-08 21:00:00,88.04000091552734,89.0,84.01000213623047,84.05000305175781,75.24320983886719,187239
EGAL.CA,Industrials,2024-06-09 21:00:00,84.05000305175781,93.0,82.11000061035156,89.62000274658203,80.22958374023438,238348
EGAL.CA,Industrials,2024-06-10 21:00:00,89.62000274658203,91.9000015258789,88.0,88.4800033569336,79.20903015136719,185407
EGAL.CA,Industrials,2024-06-11 21:00:00,88.4800033569336,89.80000305175781,87.19999694824219,88.25,79.00312805175781,115095
EGAL.CA,Industrials,2024-06-12 21:00:00,88.25,91.75,88.0,91.3499984741211,81.77830505371094,252312
EGAL.CA,Industrials,2024-06-22 21:00:00,91.3499984741211,93.4000015258789,91.80000305175781,92.69999694824219,82.98685455322266,309875
EGAL.CA,Industrials,2024-06-23 21:00:00,92.69999694824219,98.69000244140625,92.56999969482422,96.30999755859375,86.21859741210938,896975
EGAL.CA,Industrials,2024-06-24 21:00:00,96.30999755859375,97.87000274658203,95.11000061035156,97.05000305175781,86.88105773925781,328054
EGAL.CA,Industrials,2024-06-25 21:00:00,97.05000305175781,99.9000015258789,97.0999984741211,97.94999694824219,87.68675994873047,412290
EGAL.CA,Industrials,2024-06-26 21:00:00,97.94999694824219,98.5,97.0,97.0,86.8363037109375,181350
EGAL.CA,Industrials,2024-07-01 21:00:00,97.51000213623047,98.19999694824219,95.01000213623047,96.5,86.38868713378906,206205
EGAL.CA,Industrials,2024-07-02 21:00:00,96.5,97.48999786376953,95.4000015258789,95.83999633789062,85.79783630371094,312525
EGAL.CA,Industrials,2024-07-03 21:00:00,95.83999633789062,96.5,94.51000213623047,95.1500015258789,85.18014526367188,135003
EGAL.CA,Industrials,2024-07-06 21:00:00,95.1500015258789,104.5,94.0,104.02999877929688,93.12969207763672,1086094
EGAL.CA,Industrials,2024-07-07 21:00:00,104.02999877929688,109.0,102.5,105.0199966430664,94.01596069335938,1085274
EGAL.CA,Industrials,2024-07-08 21:00:00,105.0199966430664,105.80000305175781,102.5,102.69999694824219,91.93904876708984,253989
EGAL.CA,Industrials,2024-07-09 21:00:00,102.69999694824219,107.98999786376953,103.0999984741211,105.80000305175781,94.71424102783203,555851
EGAL.CA,Industrials,2024-07-13 21:00:00,105.80000305175781,109.0,104.0,104.0,93.10284423828125,559775
EGAL.CA,Industrials,2024-07-14 21:00:00,104.0,105.98999786376953,102.80000305175781,103.0,92.2076187133789,209817
EGAL.CA,Industrials,2024-07-15 21:00:00,103.0,103.83000183105469,100.12000274658203,100.69999694824219,90.14861297607422,282828
EGAL.CA,Industrials,2024-07-16 21:00:00,100.69999694824219,105.69999694824219,99.0999984741211,104.87000274658203,93.88168334960938,312332
EGAL.CA,Industrials,2024-07-17 21:00:00,104.87000274658203,106.98999786376953,103.5,104.01000213623047,93.1117935180664,308298
EGAL.CA,Industrials,2024-07-20 21:00:00,104.01000213623047,105.9000015258789,103.5999984741211,104.9800033569336,93.98015594482422,217680
EGAL.CA,Industrials,2024-07-21 21:00:00,104.9800033569336,106.98999786376953,103.76000213623047,103.9000015258789,93.01331329345703,270679
EGAL.CA,Industrials,2024-07-22 21:00:00,103.9000015258789,104.86000061035156,102.02999877929688,103.05000305175781,92.25238037109375,192905
EGAL.CA,Industrials,2024-07-23 21:00:00,103.05000305175781,104.44999694824219,102.0999984741211,102.9000015258789,92.11809539794922,208798
EGAL.CA,Industrials,2024-07-27 21:00:00,102.9000015258789,105.9000015258789,102.30000305175781,103.5,92.65522766113281,270014
EGAL.CA,Industrials,2024-07-28 21:00:00,103.5,106.75,103.5,104.0,93.10284423828125,486669
EGAL.CA,Industrials,2024-07-29 21:00:00,104.0,107.9000015258789,104.70999908447266,106.9000015258789,95.698974609375,761987
EGAL.CA,Industrials,2024-07-30 21:00:00,106.9000015258789,113.0,108.5999984741211,113.0,101.1598129272461,1642810
EGAL.CA,Industrials,2024-07-31 21:00:00,113.0,116.0,110.0999984741211,110.44999694824219,98.87699890136719,970241
EGAL.CA,Industrials,2024-08-03 21:00:00,110.44999694824219,109.4000015258789,105.25,106.0,94.89328002929688,452216
EGAL.CA,Industrials,2024-08-04 21:00:00,106.0,105.01000213623047,98.0,102.16000366210938,91.45563507080078,655476
EGAL.CA,Industrials,2024-08-05 21:00:00,102.16000366210938,105.19000244140625,101.0199966430664,104.19000244140625,93.2729263305664,284156
EGAL.CA,Industrials,2024-08-06 21:00:00,104.19000244140625,108.95999908447266,103.11000061035156,108.91000366210938,97.49836730957031,532358
EGAL.CA,Industrials,2024-08-07 21:00:00,108.91000366210938,111.98999786376953,106.0999984741211,110.0199966430664,98.49205780029297,965739
EGAL.CA,Industrials,2024-08-10 21:00:00,110.0199966430664,113.80000305175781,111.0,112.25,100.48839569091797,545382
EGAL.CA,Industrials,2024-08-11 21:00:00,112.25,115.5,110.5,111.80000305175781,100.0855484008789,811953
EGAL.CA,Industrials,2024-08-12 21:00:00,111.80000305175781,113.98999786376953,110.5199966430664,110.55000305175781,98.9665298461914,310435
EGAL.CA,Industrials,2024-08-13 21:00:00,110.55000305175781,113.25,111.51000213623047,111.7300033569336,100.02288818359375,343557
EGAL.CA,Industrials,2024-08-14 21:00:00,111.7300033569336,114.7300033569336,112.01000213623047,113.0,101.1598129272461,404519
EGAL.CA,Industrials,2024-08-17 21:00:00,113.0,116.88999938964844,113.6500015258789,115.11000061035156,103.0487289428711,512299
EGAL.CA,Industrials,2024-08-18 21:00:00,115.11000061035156,116.5,113.7300033569336,114.5,102.50264739990234,596921
EGAL.CA,Industrials,2024-08-19 21:00:00,114.5,114.9800033569336,113.13999938964844,113.2699966430664,101.40151977539062,350215
EGAL.CA,Industrials,2024-08-20 21:00:00,113.2699966430664,114.0,112.01000213623047,112.0199966430664,100.28250122070312,393871
EGAL.CA,Industrials,2024-08-21 21:00:00,112.0199966430664,112.55000305175781,108.0,109.0999984741211,97.66845703125,570298
EGAL.CA,Industrials,2024-08-24 21:00:00,109.0999984741211,110.01000213623047,106.05999755859375,106.12000274658203,95.00070190429688,440370
EGAL.CA,Industrials,2024-08-25 21:00:00,106.12000274658203,108.69999694824219,105.52999877929688,106.0199966430664,94.91117858886719,357060
EGAL.CA,Industrials,2024-08-26 21:00:00,106.0199966430664,112.44999694824219,106.4000015258789,110.77999877929688,99.17242431640625,828291
EGAL.CA,Industrials,2024-08-27 21:00:00,110.77999877929688,112.69999694824219,109.51000213623047,110.9000015258789,99.27985382080078,483973
EGAL.CA,Industrials,2024-08-28 21:00:00,110.9000015258789,112.66999816894531,109.8499984741211,110.41999816894531,98.85015106201172,239501
EGAL.CA,Industrials,2024-08-31 21:00:00,110.41999816894531,111.43000030517578,109.0,109.31999969482422,97.86540222167969,187818
EGAL.CA,Industrials,2024-09-01 21:00:00,109.31999969482422,110.5,108.25,110.01000213623047,98.48311614990234,177947
EGAL.CA,Industrials,2024-09-02 21:00:00,110.01000213623047,114.08999633789062,110.01000213623047,113.5,101.607421875,566962
EGAL.CA,Industrials,2024-09-03 21:00:00,113.5,115.0,112.0,114.9800033569336,102.9323501586914,554828
EGAL.CA,Industrials,2024-09-04 21:00:00,114.9800033569336,119.68000030517578,115.25,117.22000122070312,104.9376449584961,913816
EGAL.CA,Industrials,2024-09-07 21:00:00,117.22000122070312,117.98999786376953,113.5999984741211,114.2300033569336,102.26094055175781,376172
EGAL.CA,Industrials,2024-09-08 21:00:00,114.2300033569336,115.4000015258789,113.19999694824219,113.94000244140625,102.0013198852539,200909
EGAL.CA,Industrials,2024-09-09 21:00:00,113.94000244140625,114.95999908447266,111.05999755859375,112.20999908447266,100.45259094238281,187706
EGAL.CA,Industrials,2024-09-10 21:00:00,112.20999908447266,112.55000305175781,110.11000061035156,110.83000183105469,99.21719360351562,305146
EGAL.CA,Industrials,2024-09-11 21:00:00,110.83000183105469,113.75,111.0,111.98999786376953,100.2556381225586,172593
EGAL.CA,Industrials,2024-09-15 21:00:00,111.98999786376953,116.0,110.4000015258789,110.83999633789062,99.22613525390625,265096
EGAL.CA,Industrials,2024-09-16 21:00:00,110.83999633789062,111.95999908447266,109.5,111.0,99.36936950683594,151071
EGAL.CA,Industrials,2024-09-17 21:00:00,111.0,113.0,110.9000015258789,111.80000305175781,100.0855484008789,345578
EGAL.CA,Industrials,2024-09-18 21:00:00,111.80000305175781,117.4800033569336,112.0,116.0999984741211,103.93499755859375,691685
EGAL.CA,Industrials,2024-09-21 21:00:00,116.0999984741211,117.9000015258789,115.1500015258789,115.41000366210938,103.31729125976562,381150
EGAL.CA,Industrials,2024-09-22 21:00:00,115.41000366210938,116.45999908447266,114.0999984741211,116.25,104.06927490234375,209947
EGAL.CA,Industrials,2024-09-23 21:00:00,116.19999694824219,118.4800033569336,116.0199966430664,117.25,104.9645004272461,317013
EGAL.CA,Industrials,2024-09-24 21:00:00,116.05999755859375,116.94000244140625,114.51000213623047,116.19999694824219,104.0245132446289,190013
EGAL.CA,Industrials,2024-09-25 21:00:00,116.19999694824219,118.4800033569336,116.0199966430664,117.25,104.9645004272461,317013
EGAL.CA,Industrials,2024-09-28 21:00:00,117.25,124.98999786376953,117.30000305175781,124.98999786376953,111.89349365234375,1315535
EGAL.CA,Industrials,2024-09-29 21:00:00,124.98999786376953,126.4000015258789,121.5,122.0,109.21678924560547,586453
EGAL.CA,Industrials,2024-09-30 21:00:00,122.0,122.25,119.0,119.19999694824219,106.71017456054688,584033
EGAL.CA,Industrials,2024-10-01 21:00:00,119.19999694824219,121.5,117.05999755859375,118.0999984741211,105.72543334960938,420386
EGAL.CA,Industrials,2024-10-02 21:00:00,118.0999984741211,119.58999633789062,117.95999908447266,119.0199966430664,106.54903411865234,171382
EGAL.CA,Industrials,2024-10-06 21:00:00,119.0199966430664,123.4800033569336,119.5,119.62999725341797,107.09512329101562,327505
EGAL.CA,Industrials,2024-10-07 21:00:00,119.62999725341797,120.80000305175781,115.0,118.05999755859375,105.68962097167969,363710
EGAL.CA,Industrials,2024-10-08 21:00:00,118.05999755859375,119.94000244140625,117.5,118.0,105.63591003417969,177120
EGAL.CA,Industrials,2024-10-09 21:00:00,118.0,119.68000030517578,113.91000366210938,115.54000091552734,103.43367004394531,430520
EGAL.CA,Industrials,2024-10-12 21:00:00,115.54000091552734,116.69999694824219,114.0,114.52999877929688,102.52949523925781,204338
EGAL.CA,Industrials,2024-10-13 21:00:00,114.52999877929688,116.0,109.98999786376953,113.0,101.1598129272461,337389
EGAL.CA,Industrials,2024-10-14 21:00:00,113.0,115.4000015258789,112.98999786376953,113.20999908447266,101.34781646728516,223478
EGAL.CA,Industrials,2024-10-15 21:00:00,113.20999908447266,114.0,112.25,113.0999984741211,101.24933624267578,137732
EGAL.CA,Industrials,2024-10-16 21:00:00,113.0999984741211,117.0999984741211,112.11000061035156,116.69000244140625,104.46318054199219,217794
EGAL.CA,Industrials,2024-10-19 21:00:00,116.69000244140625,122.0,115.55999755859375,120.0,107.42635345458984,654624
EGAL.CA,Industrials,2024-10-20 21:00:00,120.0,122.0,119.05000305175781,120.0999984741211,107.51587677001953,333888
EGAL.CA,Industrials,2024-10-21 21:00:00,120.0999984741211,122.54000091552734,112.75,113.0,101.1598129272461,1189854
EGAL.CA,Industrials,2024-10-22 21:00:00,113.0,113.62999725341797,112.0,112.01000213623047,100.27355194091797,457037
EGAL.CA,Industrials,2024-10-23 21:00:00,112.01000213623047,113.44999694824219,110.11000061035156,110.66000366210938,99.06500244140625,308382
EGAL.CA,Industrials,2024-10-26 21:00:00,110.66000366210938,113.5999984741211,110.98999786376953,112.01000213623047,100.27355194091797,251472
EGAL.CA,Industrials,2024-10-27 21:00:00,112.01000213623047,112.77999877929688,111.0,111.31999969482422,99.65584564208984,140490
EGAL.CA,Industrials,2024-10-28 21:00:00,111.31999969482422,111.9800033569336,110.0199966430664,111.4000015258789,99.72746276855469,167312
EGAL.CA,Industrials,2024-10-29 21:00:00,111.4000015258789,111.80000305175781,110.4000015258789,110.51000213623047,98.93071746826172,71511
EGAL.CA,Industrials,2024-10-30 21:00:00,110.51000213623047,111.5999984741211,110.41000366210938,111.0999984741211,99.45889282226562,105566
EGAL.CA,Industrials,2024-11-02 22:00:00,111.0999984741211,112.16999816894531,111.5,111.83000183105469,100.11241149902344,91919
EGAL.CA,Industrials,2024-11-03 22:00:00,111.83000183105469,112.08999633789062,111.01000213623047,111.16999816894531,99.52156066894531,69681
EGAL.CA,Industrials,2024-11-04 22:00:00,111.16999816894531,113.75,111.62999725341797,112.29000091552734,100.52420806884766,137879
EGAL.CA,Industrials,2024-11-05 22:00:00,112.29000091552734,113.30000305175781,110.12999725341797,111.33000183105469,99.664794921875,319833
EGAL.CA,Industrials,2024-11-06 22:00:00,111.33000183105469,112.0,111.22000122070312,111.5,99.81698608398438,98169
EGAL.CA,Industrials,2024-11-09 22:00:00,111.5,114.9000015258789,111.80000305175781,113.55000305175781,101.65219116210938,298416
EGAL.CA,Industrials,2024-11-10 22:00:00,113.55000305175781,114.69000244140625,111.66000366210938,112.0,100.26459503173828,213266
EGAL.CA,Industrials,2024-11-11 22:00:00,112.0,112.5999984741211,110.9000015258789,111.19999694824219,99.54841613769531,173772
EGAL.CA,Industrials,2024-11-12 22:00:00,111.19999694824219,113.01000213623047,111.5199966430664,112.76000213623047,100.94496154785156,158782
EGAL.CA,Industrials,2024-11-13 22:00:00,112.76000213623047,115.69000244140625,112.75,114.94999694824219,102.9054946899414,577620
EGAL.CA,Industrials,2024-11-16 22:00:00,114.94999694824219,115.5,113.0199966430664,113.5999984741211,101.69694519042969,184641
EGAL.CA,Industrials,2024-11-17 22:00:00,113.5999984741211,114.25,112.05000305175781,113.0,101.1598129272461,309476
EGAL.CA,Industrials,2024-11-18 22:00:00,113.0,106.9800033569336,104.30999755859375,106.88999938964844,102.0091781616211,266755
EGAL.CA,Industrials,2024-11-19 22:00:00,106.88999938964844,108.75,106.4000015258789,107.0,102.11415100097656,162952
EGAL.CA,Industrials,2024-11-20 22:00:00,107.0,108.98999786376953,106.81999969482422,106.87000274658203,101.99009704589844,222161
EGAL.CA,Industrials,2024-11-23 22:00:00,106.87000274658203,107.80000305175781,106.01000213623047,106.41000366210938,101.55110168457031,104060
EGAL.CA,Industrials,2024-11-24 22:00:00,106.41000366210938,107.5999984741211,106.23999786376953,107.58999633789062,102.67720794677734,184119
EGAL.CA,Industrials,2024-11-25 22:00:00,107.58999633789062,111.69000244140625,107.58999633789062,111.66999816894531,106.57090759277344,400386
EGAL.CA,Industrials,2024-11-26 22:00:00,111.66999816894531,114.80000305175781,111.11000061035156,112.69999694824219,107.55387878417969,454591
EGAL.CA,Industrials,2024-11-27 22:00:00,112.69999694824219,113.3499984741211,111.0,111.55000305175781,106.4563980102539,193339
EGAL.CA,Industrials,2024-11-30 22:00:00,111.55000305175781,114.0,111.19999694824219,112.0,106.8858413696289,249834
EGAL.CA,Industrials,2024-12-01 22:00:00,112.0,113.80000305175781,111.5,112.0,106.8858413696289,170310
EGAL.CA,Industrials,2024-12-02 22:00:00,112.0,112.69999694824219,111.93000030517578,112.41000366210938,107.2771224975586,203566
EGAL.CA,Industrials,2024-12-03 22:00:00,112.41000366210938,118.7699966430664,112.4000015258789,116.76000213623047,111.42849731445312,914899
EGAL.CA,Industrials,2024-12-04 22:00:00,116.76000213623047,118.3499984741211,117.0199966430664,117.62000274658203,112.24922943115234,231505
EGAL.CA,Industrials,2024-12-07 22:00:00,117.62000274658203,119.4000015258789,118.0,119.18000030517578,113.73799133300781,289395
EGAL.CA,Industrials,2024-12-08 22:00:00,119.18000030517578,119.43000030517578,115.55000305175781,116.0,110.70319366455078,131756
EGAL.CA,Industrials,2024-12-09 22:00:00,116.0,117.5,114.25,117.08999633789062,111.74342346191406,137402
EGAL.CA,Industrials,2024-12-10 22:00:00,117.08999633789062,117.4800033569336,115.25,115.36000061035156,110.09242248535156,49483
EGAL.CA,Industrials,2024-12-11 22:00:00,115.36000061035156,117.0,115.25,116.37000274658203,111.05630493164062,77993
EGAL.CA,Industrials,2024-12-14 22:00:00,116.37000274658203,119.5,115.5,119.23999786376953,113.79524993896484,277708
EGAL.CA,Industrials,2024-12-15 22:00:00,119.23999786376953,119.4800033569336,117.30999755859375,118.77999877929688,113.35625457763672,179372
EGAL.CA,Industrials,2024-12-16 22:00:00,118.77999877929688,118.9000015258789,116.5,116.5999984741211,111.27579498291016,78174
EGAL.CA,Industrials,2024-12-17 22:00:00,116.5999984741211,117.0,115.0,115.08999633789062,109.83474731445312,70799
EGAL.CA,Industrials,2024-12-18 22:00:00,115.08999633789062,116.5999984741211,113.01000213623047,116.01000213623047,110.71273803710938,177452
EGAL.CA,Industrials,2024-12-21 22:00:00,116.01000213623047,117.0,115.0,116.5,111.18036651611328,40575
EGAL.CA,Industrials,2024-12-22 22:00:00,116.5,118.48999786376953,115.5,117.36000061035156,112.0010986328125,287304
EGAL.CA,Industrials,2024-12-23 22:00:00,117.36000061035156,117.73999786376953,114.5999984741211,115.0,109.74885559082031,196999
EGAL.CA,Industrials,2024-12-24 22:00:00,115.0,116.80000305175781,115.0999984741211,115.7699966430664,110.48369598388672,59645
EGAL.CA,Industrials,2024-12-25 22:00:00,115.7699966430664,117.0,115.38999938964844,116.55000305175781,111.22808837890625,80835
EGAL.CA,Industrials,2024-12-28 22:00:00,116.55000305175781,117.48999786376953,115.62000274658203,116.05999755859375,110.76045227050781,64303
EGAL.CA,Industrials,2024-12-29 22:00:00,116.05999755859375,116.6500015258789,114.0199966430664,114.22000122070312,109.00447845458984,157137
EGAL.CA,Industrials,2024-12-30 22:00:00,114.22000122070312,115.88999938964844,113.20999908447266,115.45999908447266,110.18785095214844,119670
EGAL.CA,Industrials,2025-01-01 22:00:00,115.45999908447266,117.44000244140625,115.45999908447266,117.0,111.65753173828125,90239
EGAL.CA,Industrials,2025-01-04 22:00:00,117.0,118.19999694824219,117.0199966430664,117.76000213623047,112.3828353881836,51125
EGAL.CA,Industrials,2025-01-05 22:00:00,117.76000213623047,117.88999938964844,116.25,117.0,111.65753173828125,74741
EGAL.CA,Industrials,2025-01-07 22:00:00,117.0,120.95999908447266,116.05000305175781,120.01000213623047,114.53009033203125,335432
EGAL.CA,Industrials,2025-01-08 22:00:00,120.01000213623047,124.4800033569336,120.2699966430664,122.06999969482422,116.49602508544922,472710
EGAL.CA,Industrials,2025-01-11 22:00:00,122.06999969482422,123.4800033569336,117.19999694824219,121.77999877929688,116.21926879882812,328834
EGAL.CA,Industrials,2025-01-12 22:00:00,121.77999877929688,126.8499984741211,121.30000305175781,122.0,116.4292221069336,490789
EGAL.CA,Industrials,2025-01-13 22:00:00,122.0,126.69999694824219,121.01000213623047,125.95999908447266,120.2083969116211,524487
EGAL.CA,Industrials,2025-01-14 22:00:00,125.95999908447266,147.00999450683594,126.0999984741211,144.89999389648438,138.28355407714844,1744714
EGAL.CA,Industrials,2025-01-15 22:00:00,144.89999389648438,152.89999389648438,141.05999755859375,149.3000030517578,142.48265075683594,1361172
EGAL.CA,Industrials,2025-01-18 22:00:00,144.89999389648438,158.0,141.05999755859375,156.10000610351562,148.97215270996094,2158206
EGAL.CA,Industrials,2025-01-19 22:00:00,155.0500030517578,157.99000549316406,148.00999450683594,148.99000549316406,142.1868133544922,657236
EGAL.CA,Industrials,2025-01-20 22:00:00,148.99000549316406,161.89999389648438,147.02000427246094,159.05999755859375,151.79698181152344,1155449
EGAL.CA,Industrials,2025-01-21 22:00:00,159.05999755859375,163.0,158.27000427246094,159.05999755859375,151.79698181152344,389163
EGAL.CA,Industrials,2025-01-22 22:00:00,159.05999755859375,162.0,155.39999389648438,156.52999877929688,149.38250732421875,451794
EGAL.CA,Industrials,2025-01-25 22:00:00,156.52999877929688,165.14999389648438,154.00999450683594,165.14999389648438,157.60890197753906,588282
EGAL.CA,Industrials,2025-01-26 22:00:00,165.14999389648438,168.35000610351562,159.5,160.10000610351562,152.7895050048828,488379
EGAL.CA,Industrials,2025-01-27 22:00:00,160.10000610351562,162.0,156.5,157.25,150.06964111328125,336340
EGAL.CA,Industrials,2025-01-28 22:00:00,157.25,158.49000549316406,154.0,155.25999450683594,148.17050170898438,126483
EGAL.CA,Industrials,2025-01-29 22:00:00,155.25999450683594,157.5,148.0,152.89999389648438,145.9182586669922,267304
EGAL.CA,Industrials,2025-02-01 22:00:00,152.89999389648438,159.1999969482422,150.5,157.5800018310547,150.3845672607422,202906
EGAL.CA,Industrials,2025-02-02 22:00:00,157.5800018310547,164.5,157.5,158.02000427246094,150.80447387695312,394652
EGAL.CA,Industrials,2025-02-03 22:00:00,158.02000427246094,161.0,153.1999969482422,154.0,146.96803283691406,170569
EGAL.CA,Industrials,2025-02-04 22:00:00,154.0,155.88999938964844,151.82000732421875,153.0,146.01370239257812,176258
EGAL.CA,Industrials,2025-02-05 22:00:00,153.0,155.0,152.0,152.5800018310547,145.61288452148438,74322
EGAL.CA,Industrials,2025-02-08 22:00:00,152.5800018310547,160.0,154.22000122070312,154.22000122070312,147.17799377441406,143558
EGAL.CA,Industrials,2025-02-09 22:00:00,154.22000122070312,156.49000549316406,146.64999389648438,146.64999389648438,139.95364379882812,359607
EGAL.CA,Industrials,2025-02-10 22:00:00,146.64999389648438,149.85000610351562,140.10000610351562,144.0,137.42465209960938,538628
EGAL.CA,Industrials,2025-02-11 22:00:00,144.0,145.97999572753906,141.0,144.60000610351562,137.9972686767578,152539
EGAL.CA,Industrials,2025-02-12 22:00:00,144.60000610351562,147.75,142.6999969482422,142.9499969482422,136.42259216308594,221122
EGAL.CA,Industrials,2025-02-15 22:00:00,142.9499969482422,150.7899932861328,143.0,147.35000610351562,140.62168884277344,251683
EGAL.CA,Industrials,2025-02-16 22:00:00,147.35000610351562,149.0,145.25,145.47000122070312,138.82752990722656,111507
EGAL.CA,Industrials,2025-02-17 22:00:00,145.47000122070312,147.0,142.3300018310547,142.42999267578125,135.9263458251953,295926
EGAL.CA,Industrials,2025-02-18 22:00:00,142.42999267578125,143.6999969482422,139.39999389648438,139.39999389648438,133.03469848632812,192939
EGAL.CA,Industrials,2025-02-19 22:00:00,139.39999389648438,148.89999389648438,139.39999389648438,147.0800018310547,140.364013671875,975260
EGAL.CA,Industrials,2025-02-22 22:00:00,147.0800018310547,156.0,147.5,152.0,145.05935668945312,1335944
EGAL.CA,Industrials,2025-02-23 22:00:00,152.0,156.49000549316406,150.5,150.72000122070312,143.8378143310547,557758
EGAL.CA,Industrials,2025-02-24 22:00:00,150.72000122070312,155.5,150.8000030517578,152.0,145.05935668945312,403994
EGAL.CA,Industrials,2025-02-25 22:00:00,152.0,158.44000244140625,152.02999877929688,156.39999389648438,149.25843811035156,987263
EGAL.CA,Industrials,2025-02-26 22:00:00,156.39999389648438,161.0,156.5,157.97999572753906,150.76629638671875,661519
EGAL.CA,Industrials,2025-03-01 22:00:00,157.97999572753906,160.5,157.5,158.32000732421875,151.09078979492188,217572
EGAL.CA,Industrials,2025-03-02 22:00:00,158.32000732421875,159.89999389648438,155.10000610351562,157.11000061035156,149.93601989746094,279272
EGAL.CA,Industrials,2025-03-03 22:00:00,157.11000061035156,161.0,155.1199951171875,159.0,151.73973083496094,399423
EGAL.CA,Industrials,2025-03-04 22:00:00,159.0,161.8000030517578,157.72999572753906,161.0,153.64840698242188,353987
EGAL.CA,Industrials,2025-03-05 22:00:00,161.0,164.0,160.75,161.0,153.64840698242188,466403
EGAL.CA,Industrials,2025-03-08 22:00:00,161.0,162.99000549316406,158.10000610351562,160.10000610351562,152.7895050048828,196578
EGAL.CA,Industrials,2025-03-09 22:00:00,160.10000610351562,161.10000610351562,158.63999938964844,159.33999633789062,152.06419372558594,206020
EGAL.CA,Industrials,2025-03-10 22:00:00,159.33999633789062,160.0,155.60000610351562,158.5,151.26255798339844,236193
EGAL.CA,Industrials,2025-03-11 22:00:00,158.5,165.49000549316406,157.0,163.77000427246094,156.2919158935547,814207
EGAL.CA,Industrials,2025-03-12 22:00:00,163.77000427246094,174.99000549316406,165.0,174.0,166.05479431152344,467325
EGAL.CA,Industrials,2025-03-15 22:00:00,174.0,184.0,172.25,173.08999633789062,165.18634033203125,271843
EGAL.CA,Industrials,2025-03-16 22:00:00,173.08999633789062,180.99000549316406,170.1999969482422,176.0,167.96347045898438,281334
EGAL.CA,Industrials,2025-03-17 22:00:00,176.0,189.8699951171875,174.75,189.00999450683594,180.37939453125,569600
EGAL.CA,Industrials,2025-03-18 22:00:00,189.00999450683594,195.0,185.00999450683594,186.0,177.50685119628906,218442
EGAL.CA,Industrials,2025-03-19 22:00:00,186.0,189.5,178.5,178.64999389648438,170.49246215820312,281642
EGAL.CA,Industrials,2025-03-22 22:00:00,178.64999389648438,183.4499969482422,175.0,183.4499969482422,175.0732879638672,133041
EGAL.CA,Industrials,2025-03-23 22:00:00,183.4499969482422,185.0,179.5,181.99000549316406,173.67996215820312,132978
EGAL.CA,Industrials,2025-03-24 22:00:00,181.99000549316406,185.0,174.0,174.0,166.05479431152344,404448
EGAL.CA,Industrials,2025-03-25 22:00:00,174.0,177.0,171.1199951171875,171.2100067138672,163.39219665527344,212988
EGAL.CA,Industrials,2025-03-26 22:00:00,171.2100067138672,175.6999969482422,170.0,174.5,166.53196716308594,249764
EGAL.CA,Industrials,2025-04-02 22:00:00,174.5,174.5,171.0,171.5,163.6689453125,142346
EGAL.CA,Industrials,2025-04-05 22:00:00,171.5,169.8000030517578,162.0,162.6999969482422,155.27076721191406,269108
EGAL.CA,Industrials,2025-04-06 22:00:00,162.6999969482422,162.6999969482422,156.5,160.0500030517578,152.7417755126953,355009
EGAL.CA,Industrials,2025-04-07 22:00:00,160.0500030517578,164.88999938964844,160.5,161.10000610351562,153.74383544921875,150604
EGAL.CA,Industrials,2025-04-08 22:00:00,161.10000610351562,161.9499969482422,157.9499969482422,158.5399932861328,151.30072021484375,170078
EGAL.CA,Industrials,2025-04-09 22:00:00,158.5399932861328,164.60000610351562,160.0,160.0,152.69406127929688,173795
EGAL.CA,Industrials,2025-04-12 22:00:00,160.0,161.49000549316406,159.0,160.0,152.69406127929688,71049
EGAL.CA,Industrials,2025-04-13 22:00:00,160.0,164.0,159.8000030517578,160.25,152.93264770507812,293296
EGAL.CA,Industrials,2025-04-14 22:00:00,160.25,161.92999267578125,160.25,161.0,153.64840698242188,73461
EGAL.CA,Industrials,2025-04-15 22:00:00,161.0,161.8800048828125,158.80999755859375,159.05999755859375,151.79698181152344,99837
EGAL.CA,Industrials,2025-04-16 22:00:00,159.05999755859375,159.8000030517578,157.11000061035156,159.00999450683594,151.749267578125,240026
EGAL.CA,Industrials,2025-04-21 22:00:00,159.00999450683594,161.44000244140625,158.1300048828125,160.50999450683594,153.18077087402344,119977
EGAL.CA,Industrials,2025-04-22 22:00:00,160.50999450683594,169.0,160.55999755859375,167.0,159.3744354248047,377281
EGAL.CA,Industrials,2025-04-26 21:00:00,167.0,172.0,167.5,170.6300048828125,162.83868408203125,278360
EGAL.CA,Industrials,2025-04-27 21:00:00,170.6300048828125,171.88999938964844,168.50999450683594,169.0500030517578,161.33082580566406,97002
EGAL.CA,Industrials,2025-04-28 21:00:00,169.0500030517578,175.6999969482422,170.0,174.97000122070312,166.98049926757812,413369
EGAL.CA,Industrials,2025-04-29 21:00:00,174.97000122070312,177.3300018310547,171.0500030517578,171.10000610351562,163.28721618652344,151106
EGAL.CA,Industrials,2025-05-03 21:00:00,171.10000610351562,174.60000610351562,172.0,174.2100067138672,166.25521850585938,116067
EGAL.CA,Industrials,2025-05-04 21:00:00,174.2100067138672,174.0,168.0500030517578,168.25999450683594,160.57688903808594,226493
EGAL.CA,Industrials,2025-05-05 21:00:00,168.25999450683594,170.27999877929688,167.0,167.60000610351562,159.94703674316406,313934
EGAL.CA,Industrials,2025-05-06 21:00:00,167.60000610351562,168.0,164.0,164.3699951171875,156.86451721191406,151682
EGAL.CA,Industrials,2025-05-07 21:00:00,164.3699951171875,165.89999389648438,160.8000030517578,161.0,153.64840698242188,163718
EGAL.CA,Industrials,2025-05-10 21:00:00,161.0,162.89999389648438,155.50999450683594,155.85000610351562,148.7335662841797,275714
EGAL.CA,Industrials,2025-05-11 21:00:00,155.85000610351562,160.0,156.00999450683594,157.99000549316406,150.77584838867188,216320
EGAL.CA,Industrials,2025-05-12 21:00:00,157.99000549316406,161.49000549316406,157.5,157.75999450683594,150.55633544921875,126460
EGAL.CA,Industrials,2025-05-13 21:00:00,157.75999450683594,159.4600067138672,155.85000610351562,156.36000061035156,149.22027587890625,126147
EGAL.CA,Industrials,2025-05-14 21:00:00,156.36000061035156,159.5,156.55999755859375,157.1699981689453,149.9932861328125,132622
EGAL.CA,Industrials,2025-05-17 21:00:00,157.1699981689453,158.99000549316406,154.0,154.41000366210938,147.35931396484375,219579
EGAL.CA,Industrials,2025-05-18 21:00:00,154.41000366210938,154.69000244140625,150.0500030517578,150.94000244140625,144.04776000976562,402621
EGAL.CA,Industrials,2025-05-19 21:00:00,150.94000244140625,153.0,150.0,150.0,143.1506805419922,217910
EGAL.CA,Industrials,2025-05-20 21:00:00,150.0,151.5,148.0,148.0,141.24200439453125,131920
EGAL.CA,Industrials,2025-05-21 21:00:00,148.0,150.0,143.11000061035156,150.0,143.1506805419922,595556
EGAL.CA,Industrials,2025-05-24 21:00:00,150.0,152.5,150.0,151.5,144.58218383789062,741729
EGAL.CA,Industrials,2025-05-25 21:00:00,151.5,159.69000244140625,152.25,159.0,151.73973083496094,901995
EGAL.CA,Industrials,2025-05-26 21:00:00,159.0,159.88999938964844,156.11000061035156,156.55999755859375,149.4111328125,256076
EGAL.CA,Industrials,2025-05-27 21:00:00,156.55999755859375,157.91000366210938,154.00999450683594,154.5,147.44520568847656,201718
EGAL.CA,Industrials,2025-05-28 21:00:00,154.5,156.0,153.7100067138672,156.0,148.876708984375,92246
EGAL.CA,Industrials,2025-05-31 21:00:00,156.0,161.60000610351562,156.00999450683594,157.30999755859375,150.12689208984375,271460
EGAL.CA,Industrials,2025-06-01 21:00:00,157.30999755859375,164.39999389648438,157.60000610351562,162.0,154.6027374267578,339266
EGAL.CA,Industrials,2025-06-02 21:00:00,162.0,165.75,162.50999450683594,163.2100067138672,155.7574920654297,143897
EGAL.CA,Industrials,2025-06-03 21:00:00,163.2100067138672,164.5,159.11000061035156,159.11000061035156,151.84469604492188,201572
EGAL.CA,Industrials,2025-06-09 21:00:00,159.11000061035156,163.5,160.10000610351562,162.94000244140625,155.49981689453125,86976
EGAL.CA,Industrials,2025-06-10 21:00:00,162.94000244140625,167.6999969482422,163.0,166.0,158.4200897216797,330469
EGAL.CA,Industrials,2025-06-11 21:00:00,166.0,170.0,164.0,167.5500030517578,159.89932250976562,455489
EGAL.CA,Industrials,2025-06-14 21:00:00,167.5500030517578,159.77000427246094,150.00999450683594,157.0500030517578,149.87876892089844,217685
EGAL.CA,Industrials,2025-06-15 21:00:00,157.0500030517578,161.0,156.0,159.0,151.73973083496094,218022
EGAL.CA,Industrials,2025-06-16 21:00:00,159.0,164.0,156.5500030517578,157.0,149.8310546875,345795
EGAL.CA,Industrials,2025-06-17 21:00:00,157.0,159.0,153.7100067138672,156.91000366210938,149.7451629638672,133058
EGAL.CA,Industrials,2025-06-18 21:00:00,156.91000366210938,159.99000549316406,153.5,155.50999450683594,148.40908813476562,175092
EGAL.CA,Industrials,2025-06-21 21:00:00,155.50999450683594,160.0,151.07000732421875,158.36000061035156,151.1289520263672,90394
EGAL.CA,Industrials,2025-06-22 21:00:00,158.36000061035156,160.99000549316406,158.39999389648438,159.22999572753906,151.95921325683594,126860
EGAL.CA,Industrials,2025-06-23 21:00:00,159.22999572753906,162.39999389648438,159.5,160.11000061035156,152.79904174804688,313445
EGAL.CA,Industrials,2025-06-24 21:00:00,160.11000061035156,161.8699951171875,156.0,157.0,149.8310546875,405866
EGAL.CA,Industrials,2025-06-28 21:00:00,157.0,163.89999389648438,157.5,159.0,151.73973083496094,560418
EGAL.CA,Industrials,2025-06-29 21:00:00,159.0,162.49000549316406,158.3000030517578,158.33999633789062,151.10986328125,202649
EGAL.CA,Industrials,2025-06-30 21:00:00,158.33999633789062,160.97000122070312,158.0,158.02000427246094,150.80447387695312,96249
EGAL.CA,Industrials,2025-07-01 21:00:00,158.02000427246094,159.60000610351562,157.8000030517578,158.10000610351562,150.88082885742188,88914
EGAL.CA,Industrials,2025-07-05 21:00:00,158.10000610351562,163.0,158.6999969482422,163.0,155.5570831298828,241556
EGAL.CA,Industrials,2025-07-06 21:00:00,163.0,168.75,163.5,166.97999572753906,159.35533142089844,659601
EGAL.CA,Industrials,2025-07-08 21:00:00,166.97999572753906,174.0,167.0,172.0,164.1461181640625,506853
EGAL.CA,Industrials,2025-07-09 21:00:00,172.0,174.5,170.5,171.0,163.1917724609375,334416
EGAL.CA,Industrials,2025-07-12 21:00:00,171.0,173.5,167.25,170.0,162.23744201660156,149597
EGAL.CA,Industrials,2025-07-13 21:00:00,170.0,170.39999389648438,165.07000732421875,166.6999969482422,159.08811950683594,119427
EGAL.CA,Industrials,2025-07-14 21:00:00,166.6999969482422,173.97999572753906,166.72999572753906,173.69000244140625,165.7589569091797,227315
EGAL.CA,Industrials,2025-07-15 21:00:00,173.69000244140625,176.38999938964844,172.10000610351562,175.85000610351562,167.82032775878906,214671
EGAL.CA,Industrials,2025-07-16 21:00:00,175.85000610351562,178.9499969482422,175.85000610351562,177.0,168.9178009033203,163132
EGAL.CA,Industrials,2025-07-19 21:00:00,177.0,180.99000549316406,176.00999450683594,178.0,169.8721466064453,250471
EGAL.CA,Industrials,2025-07-20 21:00:00,178.0,179.89999389648438,174.25,175.25999450683594,167.2572479248047,79680
EGAL.CA,Industrials,2025-07-21 21:00:00,175.25999450683594,175.25999450683594,172.5,175.0,167.00912475585938,78934
EGAL.CA,Industrials,2025-07-22 21:00:00,175.0,175.0,175.0,175.0,167.00912475585938,0
EGAL.CA,Industrials,2025-07-26 21:00:00,173.02000427246094,175.0,173.02000427246094,175.0,167.00912475585938,70141
EGAL.CA,Industrials,2025-07-27 21:00:00,175.0,176.0,170.0,170.0,162.23744201660156,83781
EGAL.CA,Industrials,2025-07-28 21:00:00,170.0,172.9499969482422,167.0,168.61000061035156,160.91091918945312,78704
EGAL.CA,Industrials,2025-07-29 21:00:00,168.61000061035156,169.88999938964844,166.02000427246094,166.02000427246094,158.43917846679688,87103
EGAL.CA,Industrials,2025-07-30 21:00:00,166.02000427246094,169.8000030517578,165.02000427246094,168.47999572753906,160.78684997558594,94663
EGAL.CA,Industrials,2025-08-02 21:00:00,168.47999572753906,168.47999572753906,168.47999572753906,168.47999572753906,160.78684997558594,0
EGAL.CA,Industrials,2025-08-03 21:00:00,168.47999572753906,168.47999572753906,168.47999572753906,168.47999572753906,160.78684997558594,0
EGAL.CA,Industrials,2025-08-04 21:00:00,168.47999572753906,168.47999572753906,168.47999572753906,168.47999572753906,160.78684997558594,0
EGAL.CA,Industrials,2025-08-05 21:00:00,168.47999572753906,168.47999572753906,168.47999572753906,168.47999572753906,160.78684997558594,0
EGAL.CA,Industrials,2025-08-06 21:00:00,168.47999572753906,168.47999572753906,168.47999572753906,168.47999572753906,160.78684997558594,0
EGAL.CA,Industrials,2025-08-09 21:00:00,169.0,171.99000549316406,169.10000610351562,171.33999633789062,163.51625061035156,81491
EGAL.CA,Industrials,2025-08-10 21:00:00,171.33999633789062,173.0,169.00999450683594,169.02000427246094,161.3022003173828,58087
EGAL.CA,Industrials,2025-08-11 21:00:00,169.02000427246094,170.9499969482422,168.00999450683594,168.1699981689453,160.49099731445312,41394
EGAL.CA,Industrials,2025-08-12 21:00:00,168.1699981689453,169.5,162.60000610351562,164.0,156.51141357421875,226590
EGAL.CA,Industrials,2025-08-13 21:00:00,164.0,166.25,159.52000427246094,163.38999938964844,155.9292755126953,289040
EGAL.CA,Industrials,2025-08-16 21:00:00,163.38999938964844,164.89999389648438,162.19000244140625,164.0,156.51141357421875,62515
EGAL.CA,Industrials,2025-08-17 21:00:00,164.0,165.64999389648438,162.2100067138672,162.74000549316406,155.3089599609375,60422
EGAL.CA,Industrials,2025-08-18 21:00:00,162.74000549316406,165.60000610351562,162.89999389648438,162.97000122070312,155.5284423828125,82638
EGAL.CA,Industrials,2025-08-19 21:00:00,162.97000122070312,164.47000122070312,159.0,159.0500030517578,151.78744506835938,272368
EGAL.CA,Industrials,2025-08-20 21:00:00,159.0500030517578,161.0,159.0500030517578,159.0500030517578,151.78744506835938,61430
EGAL.CA,Industrials,2025-08-23 21:00:00,159.0500030517578,161.47999572753906,158.5,159.10000610351562,151.8351593017578,144761
EGAL.CA,Industrials,2025-08-24 21:00:00,159.10000610351562,161.0,158.5500030517578,159.10000610351562,151.8351593017578,99844
EGAL.CA,Industrials,2025-08-25 21:00:00,159.10000610351562,160.74000549316406,159.10000610351562,159.24000549316406,151.96876525878906,64703
EGAL.CA,Industrials,2025-08-26 21:00:00,159.24000549316406,159.75999450683594,158.05999755859375,158.08999633789062,150.87127685546875,77161
EGAL.CA,Industrials,2025-08-27 21:00:00,158.08999633789062,159.89999389648438,158.08999633789062,159.60000610351562,152.3123321533203,45744
EGAL.CA,Industrials,2025-08-30 21:00:00,159.60000610351562,160.39999389648438,157.0,157.0,149.8310546875,77528
EGAL.CA,Industrials,2025-08-31 21:00:00,157.0,158.99000549316406,156.50999450683594,157.5,150.30821228027344,58934
EGAL.CA,Industrials,2025-09-01 21:00:00,157.5,158.5800018310547,157.0,157.25,150.06964111328125,52482
EGAL.CA,Industrials,2025-09-02 21:00:00,157.25,158.74000549316406,155.10000610351562,155.25,148.1609649658203,107479
EGAL.CA,Industrials,2025-09-06 21:00:00,155.25,162.89999389648438,155.50999450683594,158.0,150.78538513183594,273389
EGAL.CA,Industrials,2025-09-07 21:00:00,158.0,159.5800018310547,155.60000610351562,155.60000610351562,148.49497985839844,132236
EGAL.CA,Industrials,2025-09-08 21:00:00,155.60000610351562,156.89999389648438,151.25999450683594,152.22999572753906,145.2788543701172,243063
EGAL.CA,Industrials,2025-09-09 21:00:00,152.22999572753906,153.6999969482422,152.0,152.66000366210938,145.68922424316406,56417
EGAL.CA,Industrials,2025-09-10 21:00:00,152.66000366210938,157.0,153.0,156.74000549316406,149.5829315185547,150763
EGAL.CA,Industrials,2025-09-13 21:00:00,156.74000549316406,158.0,154.60000610351562,155.0,147.92237854003906,114376
EGAL.CA,Industrials,2025-09-14 21:00:00,155.0,156.9600067138672,154.1999969482422,154.1999969482422,147.15890502929688,123169
EGAL.CA,Industrials,2025-09-15 21:00:00,154.1999969482422,158.3000030517578,155.0,156.0,148.876708984375,173977
EGAL.CA,Industrials,2025-09-16 21:00:00,156.0,159.99000549316406,156.0,159.97000122070312,152.66543579101562,216734
EGAL.CA,Industrials,2025-09-17 21:00:00,159.97000122070312,162.0,159.0,159.89999389648438,152.59861755371094,236284
EGAL.CA,Industrials,2025-09-20 21:00:00,159.89999389648438,159.8000030517578,157.00999450683594,158.1199951171875,150.89990234375,126566
EGAL.CA,Industrials,2025-09-21 21:00:00,158.1199951171875,159.6699981689453,155.2100067138672,155.85000610351562,148.7335662841797,62009
EGAL.CA,Industrials,2025-09-22 21:00:00,155.85000610351562,156.10000610351562,153.10000610351562,153.5800018310547,146.5672149658203,115528
EGAL.CA,Industrials,2025-09-23 21:00:00,153.5800018310547,155.0,153.3300018310547,154.1300048828125,147.09210205078125,88414
EGAL.CA,Industrials,2025-09-24 21:00:00,154.1300048828125,155.0,152.64999389648438,153.27999877929688,146.28091430664062,158958
EGAL.CA,Industrials,2025-09-27 21:00:00,153.27999877929688,154.6999969482422,152.0,152.00999450683594,145.0688934326172,142220
EGAL.CA,Industrials,2025-09-28 21:00:00,152.00999450683594,153.25,151.0,152.19000244140625,145.24069213867188,125931
EGAL.CA,Industrials,2025-09-29 21:00:00,152.19000244140625,152.99000549316406,151.86000061035156,152.2899932861328,145.3361053466797,149346
EGAL.CA,Industrials,2025-09-30 21:00:00,152.2899932861328,155.75,151.99000549316406,153.0,146.01370239257812,352863
EGAL.CA,Industrials,2025-10-01 21:00:00,153.0,157.0,153.02000427246094,156.5,149.3538818359375,253391
EGAL.CA,Industrials,2025-10-04 21:00:00,156.5,160.83999633789062,157.5,160.0,152.69406127929688,296827
EGAL.CA,Industrials,2025-10-05 21:00:00,160.0,161.47999572753906,159.8000030517578,160.69000244140625,153.35255432128906,159518
EGAL.CA,Industrials,2025-10-06 21:00:00,160.69000244140625,168.25,161.00999450683594,165.91000366210938,158.33419799804688,593957
EGAL.CA,Industrials,2025-10-07 21:00:00,165.91000366210938,166.99000549316406,163.66000366210938,165.2899932861328,157.7425079345703,100429
EGAL.CA,Industrials,2025-10-11 21:00:00,165.2899932861328,166.5,163.82000732421875,165.19000244140625,157.64707946777344,226231
EGAL.CA,Industrials,2025-10-12 21:00:00,165.19000244140625,176.47000122070312,166.0,175.1999969482422,167.1999969482422,1085707
EGAL.CA,Industrials,2025-10-13 21:00:00,175.1999969482422,174.99000549316406,168.0,174.0,174.0,460024
EGAL.CA,Industrials,2025-10-14 21:00:00,174.0,174.99000549316406,170.25,171.0,171.0,170690
EGAL.CA,Industrials,2025-10-15 21:00:00,171.0,178.89999389648438,168.5,173.25,173.25,659279
EGAL.CA,Industrials,2025-10-18 21:00:00,173.25,183.60000610351562,173.25,182.0,182.0,459431
EGAL.CA,Industrials,2025-10-19 21:00:00,182.0,189.0,180.27000427246094,184.60000610351562,184.60000610351562,513886
EGAL.CA,Industrials,2025-10-20 21:00:00,184.60000610351562,188.5,181.0,184.10000610351562,184.10000610351562,390331
EGAL.CA,Industrials,2025-10-21 21:00:00,184.10000610351562,205.0,182.5500030517578,196.10000610351562,196.10000610351562,846906
EGAL.CA,Industrials,2025-10-22 21:00:00,196.10000610351562,212.0,192.5500030517578,205.0,205.0,1008388
EGAL.CA,Industrials,2025-10-25 21:00:00,205.0,210.0,202.0,203.5,203.5,377088
EGAL.CA,Industrials,2025-10-26 21:00:00,203.5,204.0,191.60000610351562,191.60000610351562,191.60000610351562,638716
EGAL.CA,Industrials,2025-10-27 21:00:00,191.60000610351562,195.88999938964844,187.0500030517578,194.0,194.0,533576
EGAL.CA,Industrials,2025-10-28 21:00:00,194.0,206.0,193.1300048828125,204.88999938964844,204.88999938964844,764773
EGAL.CA,Industrials,2025-10-29 21:00:00,204.88999938964844,209.0,201.8000030517578,206.0,206.0,460565
EGAL.CA,Industrials,2025-11-01 22:00:00,206.0,208.1999969482422,200.00999450683594,200.0500030517578,200.0500030517578,194067
EGAL.CA,Industrials,2025-11-02 22:00:00,200.0500030517578,208.39999389648438,198.0,205.50999450683594,205.50999450683594,301033
EGAL.CA,Industrials,2025-11-03 22:00:00,205.50999450683594,208.35000610351562,202.0,203.1999969482422,203.1999969482422,169903
EGAL.CA,Industrials,2025-11-04 22:00:00,203.1999969482422,205.0,201.0,201.02999877929688,201.02999877929688,422118
EGAL.CA,Industrials,2025-11-05 22:00:00,201.02999877929688,209.89999389648438,200.0,208.8000030517578,208.8000030517578,400557
EGAL.CA,Industrials,2025-11-08 22:00:00,208.8000030517578,219.0,211.0,217.85000610351562,217.85000610351562,598437
EGAL.CA,Industrials,2025-11-09 22:00:00,217.85000610351562,221.0,213.0500030517578,214.00999450683594,214.00999450683594,503158
EGAL.CA,Industrials,2025-11-10 22:00:00,214.00999450683594,218.0,210.3699951171875,210.39999389648438,210.39999389648438,185720
EGAL.CA,Industrials,2025-11-11 22:00:00,210.39999389648438,213.94000244140625,210.07000732421875,210.61000061035156,210.61000061035156,134763
EGAL.CA,Industrials,2025-11-12 22:00:00,210.61000061035156,212.8699951171875,208.2100067138672,212.0,212.0,385572
EGAL.CA,Industrials,2025-11-15 22:00:00,212.0,220.94000244140625,211.00999450683594,214.08999633789062,214.08999633789062,355233
EGAL.CA,Industrials,2025-11-16 22:00:00,214.08999633789062,215.89999389648438,202.0,202.5,202.5,452665
EGAL.CA,Industrials,2025-11-17 22:00:00,202.5,204.0,197.0,199.0,199.0,635898
EGAL.CA,Industrials,2025-11-18 22:00:00,199.0,200.99000549316406,196.66000366210938,196.66000366210938,196.66000366210938,126329
EGAL.CA,Industrials,2025-11-19 22:00:00,196.66000366210938,197.97999572753906,191.0,191.10000610351562,191.10000610351562,255909
EGAL.CA,Industrials,2025-11-22 22:00:00,191.10000610351562,196.44000244140625,189.0500030517578,191.3000030517578,191.3000030517578,322905
EGAL.CA,Industrials,2025-11-23 22:00:00,191.3000030517578,195.35000610351562,191.5,191.50999450683594,191.50999450683594,185536
EGAL.CA,Industrials,2025-11-24 22:00:00,191.50999450683594,192.38999938964844,186.75,187.00999450683594,187.00999450683594,216663
EGAL.CA,Industrials,2025-11-25 22:00:00,187.00999450683594,189.3000030517578,182.0500030517578,183.0,183.0,369612
EGAL.CA,Industrials,2025-11-26 22:00:00,183.0,196.0,182.9499969482422,192.0,192.0,490647
EGAL.CA,Industrials,2025-11-29 22:00:00,192.0,204.47999572753906,196.00999450683594,199.0,199.0,684447
EGAL.CA,Industrials,2025-11-30 22:00:00,199.0,204.0,198.50999450683594,200.11000061035156,200.11000061035156,338367
EGAL.CA,Industrials,2025-12-01 22:00:00,200.11000061035156,202.86000061035156,194.25,195.0,195.0,371846
EGAL.CA,Industrials,2025-12-02 22:00:00,195.0,208.9499969482422,195.00999450683594,206.9499969482422,206.9499969482422,653585
EGAL.CA,Industrials,2025-12-03 22:00:00,206.9499969482422,211.99000549316406,204.0,207.0,207.0,463929
EGAL.CA,Industrials,2025-12-06 22:00:00,207.0,209.3000030517578,204.8000030517578,205.22000122070312,205.22000122070312,382803
EGAL.CA,Industrials,2025-12-07 22:00:00,205.22000122070312,206.99000549316406,205.0,205.0,205.0,121349
EGAL.CA,Industrials,2025-12-08 22:00:00,205.0,205.5,202.1199951171875,203.10000610351562,203.10000610351562,146970
EGAL.CA,Industrials,2025-12-09 22:00:00,203.10000610351562,207.60000610351562,202.89999389648438,204.97999572753906,204.97999572753906,199885
EGAL.CA,Industrials,2025-12-10 22:00:00,204.97999572753906,209.0,205.0,208.0,208.0,274108
EGAL.CA,Industrials,2025-12-13 22:00:00,208.0,209.99000549316406,205.8000030517578,206.0,206.0,211415
EGAL.CA,Industrials,2025-12-14 22:00:00,206.0,209.89999389648438,206.0,208.14999389648438,208.14999389648438,189955
EGAL.CA,Industrials,2025-12-15 22:00:00,208.14999389648438,209.8000030517578,202.60000610351562,204.22999572753906,204.22999572753906,194610
EGAL.CA,Industrials,2025-12-16 22:00:00,204.22999572753906,209.5,203.0,206.50999450683594,206.50999450683594,244610
EGAL.CA,Industrials,2025-12-17 22:00:00,206.50999450683594,216.22999572753906,206.60000610351562,213.11000061035156,213.11000061035156,569193
EGAL.CA,Industrials,2025-12-20 22:00:00,213.11000061035156,225.0,213.9499969482422,225.0,225.0,696537
EGAL.CA,Industrials,2025-12-21 22:00:00,225.0,229.83999633789062,222.3000030517578,225.0,225.0,343042
EGAL.CA,Industrials,2025-12-22 22:00:00,225.0,228.5,223.02000427246094,227.9199981689453,227.9199981689453,193737
EGAL.CA,Industrials,2025-12-23 22:00:00,227.9199981689453,229.5,224.39999389648438,224.61000061035156,224.61000061035156,84246
EGAL.CA,Industrials,2025-12-24 22:00:00,224.61000061035156,225.99000549316406,221.0,222.4600067138672,222.4600067138672,191408
EGAL.CA,Industrials,2025-12-27 22:00:00,222.4600067138672,226.0,222.10000610351562,226.0,226.0,82910
EGAL.CA,Industrials,2025-12-28 22:00:00,226.0,227.24000549316406,226.0,226.4600067138672,226.4600067138672,39612
EGAL.CA,Industrials,2025-12-29 22:00:00,226.4600067138672,230.0,223.6699981689453,226.9499969482422,226.9499969482422,183461
EGAL.CA,Industrials,2025-12-30 22:00:00,226.9499969482422,237.97999572753906,226.9499969482422,235.5,235.5,239975
EGAL.CA,Industrials,2026-01-03 22:00:00,235.5,264.0,240.10000610351562,253.0,253.0,486022
EGAL.CA,Industrials,2026-01-04 22:00:00,253.0,261.0,245.00999450683594,261.0,261.0,375759
EGAL.CA,Industrials,2026-01-05 22:00:00,261.0,276.0,262.20001220703125,271.010009765625,271.010009765625,614490
EGAL.CA,Industrials,2026-01-07 22:00:00,271.010009765625,272.8800048828125,255.00999450683594,255.00999450683594,255.00999450683594,395118
EGAL.CA,Industrials,2026-01-10 22:00:00,255.00999450683594,272.8999938964844,260.0,268.0,268.0,473643
EGAL.CA,Industrials,2026-01-11 22:00:00,268.0,269.989990234375,257.04998779296875,258.0,258.0,351358
EGAL.CA,Industrials,2026-01-12 22:00:00,258.0,264.0,255.5,257.0,257.0,279805
EGAL.CA,Industrials,2026-01-13 22:00:00,257.0,257.0,244.0800018310547,250.30999755859375,250.30999755859375,223489
EGAL.CA,Industrials,2026-01-14 22:00:00,250.30999755859375,252.99000549316406,240.13999938964844,242.0,242.0,400525
EGAL.CA,Industrials,2026-01-17 22:00:00,242.0,258.0,242.0,258.0,258.0,278694
EGAL.CA,Industrials,2026-01-18 22:00:00,258.0,266.6000061035156,260.0,265.9100036621094,265.9100036621094,354397
EGAL.CA,Industrials,2026-01-19 22:00:00,265.9100036621094,267.8999938964844,256.0,258.989990234375,258.989990234375,424265
EGAL.CA,Industrials,2026-01-20 22:00:00,258.989990234375,261.989990234375,252.8000030517578,253.5,253.5,322993
EGAL.CA,Industrials,2026-01-21 22:00:00,253.5,256.0,246.1199951171875,252.80999755859375,252.80999755859375,424591
EGAL.CA,Industrials,2026-01-24 22:00:00,252.80999755859375,260.0,251.00999450683594,252.0,252.0,332617
EGAL.CA,Industrials,2026-01-25 22:00:00,252.0,254.97999572753906,249.0,250.99000549316406,250.99000549316406,142542
EGAL.CA,Industrials,2026-01-26 22:00:00,250.99000549316406,252.8000030517578,245.0,245.0,245.0,345053
EGAL.CA,Industrials,2026-01-27 22:00:00,245.0,246.99000549316406,233.0,236.0,236.0,416558
EGAL.CA,Industrials,2026-01-31 22:00:00,236.0,246.0,233.3300018310547,246.0,246.0,169224
EGAL.CA,Industrials,2026-02-01 22:00:00,246.0,248.0,237.10000610351562,238.10000610351562,238.10000610351562,290384
EGAL.CA,Industrials,2026-02-02 22:00:00,238.10000610351562,242.97000122070312,237.77000427246094,239.88999938964844,239.88999938964844,292709
EGAL.CA,Industrials,2026-02-03 22:00:00,239.88999938964844,246.85000610351562,239.88999938964844,245.97999572753906,245.97999572753906,392138
EGAL.CA,Industrials,2026-02-04 22:00:00,245.97999572753906,248.49000549316406,240.0,241.5,241.5,198600
EGAL.CA,Industrials,2026-02-07 22:00:00,241.5,247.1999969482422,242.0,246.0,246.0,204762
EGAL.CA,Industrials,2026-02-08 22:00:00,246.0,248.99000549316406,242.99000549316406,245.0,245.0,133010
EGAL.CA,Industrials,2026-02-09 22:00:00,245.0,248.69000244140625,241.41000366210938,242.0,242.0,463554
EGAL.CA,Industrials,2026-02-10 22:00:00,242.0,244.89999389648438,241.27999877929688,241.74000549316406,241.74000549316406,165166
EGAL.CA,Industrials,2026-02-11 22:00:00,241.74000549316406,243.6999969482422,241.27999877929688,243.6999969482422,243.6999969482422,59229
EGAL.CA,Industrials,2026-02-14 22:00:00,243.6999969482422,244.0,239.0,239.0,239.0,276710
EGAL.CA,Industrials,2026-02-15 22:00:00,239.0,243.5,219.0,224.75,224.75,1354901
EGAL.CA,Industrials,2026-02-16 22:00:00,224.75,228.7899932861328,224.75,226.38999938964844,226.38999938964844,508563
EGAL.CA,Industrials,2026-02-17 22:00:00,226.38999938964844,228.3800048828125,225.52000427246094,227.0,227.0,210865
EGAL.CA,Industrials,2026-02-18 22:00:00,227.0,229.39999389648438,225.0,225.60000610351562,225.60000610351562,133022
EGAL.CA,Industrials,2026-02-21 22:00:00,225.60000610351562,227.0,219.02000427246094,222.5399932861328,222.5399932861328,127727
EGAL.CA,Industrials,2026-02-22 22:00:00,222.5399932861328,227.86000061035156,221.5,227.8000030517578,227.8000030517578,174726
EGAL.CA,Industrials,2026-02-23 22:00:00,227.8000030517578,229.3000030517578,225.0,225.0,225.0,196816
EGAL.CA,Industrials,2026-02-24 22:00:00,225.0,226.88999938964844,219.6999969482422,219.72000122070312,219.72000122070312,136361
EGAL.CA,Industrials,2026-02-25 22:00:00,219.72000122070312,229.89999389648438,215.00999450683594,229.0,229.0,503771
EGAL.CA,Industrials,2026-02-28 22:00:00,229.0,226.89999389648438,212.0,224.07000732421875,224.07000732421875,185939
EGAL.CA,Industrials,2026-03-01 22:00:00,224.07000732421875,238.86000061035156,224.07000732421875,237.22000122070312,237.22000122070312,485827
EGAL.CA,Industrials,2026-03-02 22:00:00,237.22000122070312,253.0,237.25999450683594,252.0,252.0,783184
EGAL.CA,Industrials,2026-03-03 22:00:00,252.0,288.0,255.1999969482422,271.0299987792969,271.0299987792969,1666490
EGAL.CA,Industrials,2026-03-04 22:00:00,271.0299987792969,278.75,266.0,267.5,267.5,500581
EGAL.CA,Industrials,2026-03-07 22:00:00,267.5,321.0,267.5,302.8500061035156,302.8500061035156,1516452
EGAL.CA,Industrials,2026-03-08 22:00:00,302.8500061035156,310.4599914550781,282.1000061035156,285.0,285.0,606281
EGAL.CA,Industrials,2026-03-09 22:00:00,285.0,279.0,270.0,277.0,277.0,683408
EGAL.CA,Industrials,2026-03-10 22:00:00,277.0,298.5,279.0,295.0,295.0,442610
EGAL.CA,Industrials,2026-03-11 22:00:00,295.0,314.8800048828125,300.010009765625,309.0,309.0,717143
EGAL.CA,Industrials,2026-03-14 22:00:00,309.0,321.0,303.0,304.0,304.0,649202
EGAL.CA,Industrials,2026-03-15 22:00:00,304.0,309.8299865722656,296.0,299.5,299.5,217023
EGAL.CA,Industrials,2026-03-16 22:00:00,299.5,312.0199890136719,300.3500061035156,308.70001220703125,308.70001220703125,498708
EGAL.CA,Industrials,2026-03-17 22:00:00,308.70001220703125,311.8900146484375,304.0,305.1000061035156,305.1000061035156,290347
EGAL.CA,Industrials,2026-03-18 22:00:00,305.1000061035156,305.1000061035156,305.1000061035156,305.1000061035156,305.1000061035156,0
EGAL.CA,Industrials,2026-03-23 22:00:00,305.1000061035156,304.95001220703125,295.0,295.1000061035156,295.1000061035156,524388
EGAL.CA,Industrials,2026-03-24 22:00:00,295.1000061035156,297.5,281.1300048828125,283.5,283.5,851346
EGAL.CA,Industrials,2026-03-25 22:00:00,283.5,288.0,281.510009765625,281.6199951171875,281.6199951171875,428386
EGAL.CA,Industrials,2026-03-28 22:00:00,281.6199951171875,299.0,285.04998779296875,299.0,299.0,881048
EGAL.CA,Industrials,2026-03-29 22:00:00,299.0,311.989990234375,295.0,296.1400146484375,296.1400146484375,841062
EGAL.CA,Industrials,2026-03-30 22:00:00,296.1400146484375,303.8500061035156,294.29998779296875,302.0,302.0,417196
EGAL.CA,Industrials,2026-03-31 22:00:00,302.0,304.75,292.0,299.5,299.5,471865
EGAL.CA,Industrials,2026-04-01 22:00:00,299.5,309.95001220703125,297.04998779296875,301.5,301.5,609636
EGAL.CA,Industrials,2026-04-04 22:00:00,301.5,324.6000061035156,304.7699890136719,323.79998779296875,323.79998779296875,926408
EGAL.CA,Industrials,2026-04-05 22:00:00,323.79998779296875,327.3999938964844,315.0,316.5,316.5,321228
EGAL.CA,Industrials,2026-04-06 22:00:00,316.5,324.8999938964844,311.0,311.0,311.0,292799
EGAL.CA,Industrials,2026-04-07 22:00:00,311.0,318.19000244140625,295.0,295.5,295.5,1084307
EGAL.CA,Industrials,2026-04-08 22:00:00,295.5,302.79998779296875,295.510009765625,295.510009765625,295.510009765625,385110
EGAL.CA,Industrials,2026-04-13 22:00:00,295.510009765625,314.989990234375,308.1300048828125,314.8999938964844,314.8999938964844,748820
EGAL.CA,Industrials,2026-04-14 22:00:00,314.8999938964844,315.8999938964844,306.1199951171875,310.0,310.0,283261
EGAL.CA,Industrials,2026-04-15 22:00:00,310.0,315.0,306.8900146484375,307.0,307.0,346391
EGAL.CA,Industrials,2026-04-18 22:00:00,307.0,305.0,298.0,299.8999938964844,299.8999938964844,441667
EGAL.CA,Industrials,2026-04-19 22:00:00,299.8999938964844,303.70001220703125,295.5,299.989990234375,299.989990234375,247876
EGAL.CA,Industrials,2026-04-20 22:00:00,299.989990234375,301.0,290.010009765625,293.0,293.0,726743
EGAL.CA,Industrials,2026-04-21 22:00:00,293.0,298.79998779296875,293.0,293.0,293.0,477697
EGAL.CA,Industrials,2026-04-22 22:00:00,293.0,304.1000061035156,294.989990234375,303.0,303.0,474761
EGAL.CA,Industrials,2026-04-25 21:00:00,303.0,311.0,302.8999938964844,303.0,303.0,280933
EGAL.CA,Industrials,2026-04-26 21:00:00,303.0,304.8999938964844,297.6600036621094,302.0,302.0,272204
EGAL.CA,Industrials,2026-04-27 21:00:00,302.0,308.79998779296875,302.0,304.5,304.5,241952
EGAL.CA,Industrials,2026-04-28 21:00:00,304.5,308.3800048828125,302.0,307.989990234375,307.989990234375,412812
EGAL.CA,Industrials,2026-04-29 21:00:00,307.989990234375,313.9800109863281,306.3599853515625,306.3599853515625,306.3599853515625,492284
EGAL.CA,Industrials,2026-05-02 21:00:00,306.3599853515625,308.5,301.0,303.0,303.0,199537
EGAL.CA,Industrials,2026-05-03 21:00:00,303.0,305.0,294.5,295.0,295.0,314760
EGAL.CA,Industrials,2026-05-04 21:00:00,295.0,305.0,296.010009765625,304.80999755859375,304.80999755859375,172721
EGAL.CA,Industrials,2026-05-05 21:00:00,304.80999755859375,306.5,295.0,298.6000061035156,298.6000061035156,588740
EGAL.CA,Industrials,2026-05-09 21:00:00,298.6000061035156,310.0,303.25,305.0,305.0,389645
EGAL.CA,Industrials,2026-05-10 21:00:00,305.0,306.989990234375,303.04998779296875,303.04998779296875,303.04998779296875,189668
EGAL.CA,Industrials,2026-05-11 21:00:00,303.04998779296875,319.0,304.0,317.0,317.0,847780
EGAL.CA,Industrials,2026-05-12 21:00:00,317.0,338.0,319.5,338.0,338.0,1041427
EGAL.CA,Industrials,2026-05-13 21:00:00,338.0,344.989990234375,329.0,332.010009765625,332.010009765625,407900
EGAL.CA,Industrials,2026-05-16 21:00:00,332.010009765625,333.0,323.0,323.0,323.0,182108
EGAL.CA,Industrials,2026-05-17 21:00:00,323.0,326.5,315.2099914550781,320.0,320.0,190091
EGAL.CA,Industrials,2026-05-18 21:00:00,320.0,325.5,318.0,325.0,325.0,215032
EGAL.CA,Industrials,2026-05-19 21:00:00,325.0,335.0,323.5,323.510009765625,323.510009765625,615203
EGAL.CA,Industrials,2026-05-20 21:00:00,323.510009765625,334.0,324.0,332.1400146484375,332.1400146484375,263322
EGAL.CA,Industrials,2026-05-23 21:00:00,332.1400146484375,334.2900085449219,328.0,329.9800109863281,329.9800109863281,280232
EGAL.CA,Industrials,2026-05-24 21:00:00,329.9800109863281,332.0,320.9100036621094,322.70001220703125,322.70001220703125,346132
EGAL.CA,Industrials,2026-05-25 21:00:00,322.70001220703125,322.70001220703125,322.70001220703125,322.70001220703125,322.70001220703125,0
EGAL.CA,Industrials,2026-05-26 21:00:00,322.70001220703125,322.70001220703125,322.70001220703125,322.70001220703125,322.70001220703125,0
EGAL.CA,Industrials,2026-05-27 21:00:00,322.70001220703125,322.70001220703125,322.70001220703125,322.70001220703125,322.70001220703125,0
EGAL.CA,Industrials,2026-05-31 21:00:00,322.70001220703125,331.7900085449219,323.010009765625,328.05999755859375,328.05999755859375,211348
EGAL.CA,Industrials,2026-06-01 21:00:00,328.05999755859375,334.8999938964844,328.0,328.1099853515625,328.1099853515625,429055
EGAL.CA,Industrials,2026-06-02 21:00:00,328.1099853515625,332.5,326.0,326.6499938964844,326.6499938964844,167693
EGAL.CA,Industrials,2026-06-03 21:00:00,326.6499938964844,329.0,326.0,326.70001220703125,326.70001220703125,89224
EGAL.CA,Industrials,2026-06-06 21:00:00,326.70001220703125,327.0,323.0,325.9800109863281,325.9800109863281,77388
EGAL.CA,Industrials,2026-06-07 21:00:00,325.9800109863281,325.95001220703125,318.0,319.5,319.5,151648
EGAL.CA,Industrials,2026-06-08 21:00:00,319.5,323.0,316.5,316.54998779296875,316.54998779296875,182514
EGAL.CA,Industrials,2026-06-09 21:00:00,316.54998779296875,318.04998779296875,308.8699951171875,311.0,311.0,260917
EGAL.CA,Industrials,2026-06-10 21:00:00,311.0,312.95001220703125,305.010009765625,307.54998779296875,307.54998779296875,182139
EGAL.CA,Industrials,2026-06-13 21:00:00,307.54998779296875,314.8900146484375,311.0,313.2099914550781,313.2099914550781,124773
EGAL.CA,Industrials,2026-06-14 21:00:00,313.2099914550781,314.989990234375,297.1000061035156,299.0,299.0,463016
EGAL.CA,Industrials,2026-06-15 21:00:00,299.0,303.0,298.1000061035156,299.0,299.0,118398
EGAL.CA,Industrials,2026-06-16 21:00:00,299.0,299.0,299.0,299.0,299.0,0
EGAL.CA,Industrials,2026-06-17 21:00:00,299.0,299.0,299.0,299.0,299.0,0
EGAL.CA,Industrials,2026-06-20 21:00:00,298.4599914550781,299.989990234375,294.989990234375,297.3999938964844,297.3999938964844,203792
EGAL.CA,Industrials,2026-06-21 21:00:00,297.3999938964844,297.3999938964844,297.3999938964844,297.3999938964844,297.3999938964844,0
EGAL.CA,Industrials,2026-06-22 21:00:00,295.95001220703125,295.8900146484375,286.1099853515625,287.3299865722656,287.3299865722656,307573
EGAL.CA,Industrials,2026-06-23 21:00:00,287.3299865722656,287.45001220703125,282.5,282.8699951171875,282.8699951171875,157995
EGAL.CA,Industrials,2026-06-24 21:00:00,282.8699951171875,284.29998779296875,280.0,281.82000732421875,281.82000732421875,134337
EGAL.CA,Industrials,2026-06-27 21:00:00,281.82000732421875,283.0,273.1000061035156,277.0,277.0,108517
EGAL.CA,Industrials,2026-06-28 21:00:00,277.0,278.0,272.2799987792969,275.0,275.0,77498
EGAL.CA,Industrials,2026-06-29 21:00:00,275.0,286.8999938964844,275.0,286.8999938964844,286.8999938964844,132633
EGAL.CA,Industrials,2026-06-30 21:00:00,286.8999938964844,289.54998779296875,283.0299987792969,285.8800048828125,285.8800048828125,104529
EGAL.CA,Industrials,2026-07-04 21:00:00,285.8800048828125,294.0199890136719,286.0,294.0199890136719,294.0199890136719,96015
EGAL.CA,Industrials,2026-07-05 21:00:00,294.0199890136719,299.0,293.989990234375,297.5,297.5,158159
EGAL.CA,Industrials,2026-07-06 21:00:00,297.5,302.70001220703125,296.0400085449219,298.989990234375,298.989990234375,195801
EGAL.CA,Industrials,2026-07-07 21:00:00,298.989990234375,301.0,290.1000061035156,294.0,294.0,147968
EGAL.CA,Industrials,2026-07-08 21:00:00,294.0,295.0,291.32000732421875,293.010009765625,293.010009765625,74923
EGAL.CA,Industrials,2026-07-11 21:00:00,293.010009765625,296.95001220703125,292.739990234375,293.0,293.0,66092
EGAL.CA,Industrials,2026-07-12 21:00:00,293.0,293.989990234375,290.0,291.3999938964844,291.3999938964844,80843
EGAL.CA,Industrials,2026-07-13 21:00:00,291.3999938964844,299.1000061035156,291.55999755859375,299.0,299.0,218057
EGAL.CA,Industrials,2026-07-14 21:00:00,299.0,306.989990234375,299.0299987792969,304.0,304.0,341673
EGAL.CA,Industrials,2026-07-15 21:00:00,304.0,305.9599914550781,301.0,301.8999938964844,301.8999938964844,111973
EGAL.CA,Industrials,2026-07-18 21:00:00,301.8999938964844,312.25,302.0199890136719,309.8999938964844,309.8999938964844,283969
EGAL.CA,Industrials,2026-07-19 21:00:00,309.8999938964844,312.0,304.0199890136719,304.0400085449219,304.0400085449219,208085
EGAL.CA,Industrials,2026-07-20 21:00:00,304.0400085449219,306.0,300.010009765625,301.0400085449219,301.0400085449219,120271
EGAL.CA,Industrials,2026-07-21 21:00:00,301.0400085449219,303.989990234375,301.04998779296875,301.1199951171875,301.1199951171875,87929
EGAL.CA,Industrials,2026-07-25 21:00:00,301.1199951171875,302.0,296.5,299.989990234375,299.989990234375,126536
EGAL.CA,Industrials,2026-07-26 21:00:00,299.989990234375,303.0,297.0,298.25,298.25,138014
EGAL.CA,Industrials,2026-07-27 21:00:00,298.25,300.9800109863281,297.1000061035156,297.5299987792969,297.5299987792969,59337
EGAL.CA,Industrials,2026-07-28 21:00:00,297.5299987792969,298.0,295.2699890136719,297.9800109863281,297.9800109863281,65924
EGAL.CA,Industrials,2026-07-29 21:00:00,297.9800109863281,298.989990234375,295.010009765625,296.19000244140625,296.19000244140625,88537
EGAL.CA,Industrials,2026-08-01 21:00:00,296.19000244140625,301.95001220703125,296.0,300.2699890136719,300.2699890136719,96256
EGAL.CA,Industrials,2026-08-02 21:00:00,300.2699890136719,301.5,297.0,297.010009765625,297.010009765625,106507
EGAL.CA,Industrials,2026-08-03 21:00:00,297.010009765625,300.0,292.0,294.2799987792969,294.2799987792969,223234
EGAL.CA,Industrials,2026-08-04 21:00:00,294.2799987792969,299.5,294.0,298.0,298.0,135631
EGAL.CA,Industrials,2026-08-05 21:00:00,298.0,299.3999938964844,296.25,298.79998779296875,298.79998779296875,129602
