symbol,sector,raw_date_utc,open,high,low,close,adj_close,volume
ELSH.CA,Real Estate,2022-01-01 22:00:00,6.375999927520752,6.576000213623047,6.3520002365112305,6.5279998779296875,6.101373672485352,1815800
ELSH.CA,Real Estate,2022-01-02 22:00:00,6.5279998779296875,6.960000038146973,6.559999942779541,6.823999881744385,6.378028869628906,4926852
ELSH.CA,Real Estate,2022-01-03 22:00:00,6.823999881744385,7.007999897003174,6.74399995803833,6.791999816894531,6.348120212554932,2390757
ELSH.CA,Real Estate,2022-01-04 22:00:00,6.791999816894531,6.927999973297119,6.760000228881836,6.791999816894531,6.348120212554932,1490853
ELSH.CA,Real Estate,2022-01-08 22:00:00,6.791999816894531,6.791999816894531,6.791999816894531,6.791999816894531,6.348120212554932,0
ELSH.CA,Real Estate,2022-01-09 22:00:00,6.71999979019165,6.880000114440918,6.736000061035156,6.751999855041504,6.310734272003174,1256627
ELSH.CA,Real Estate,2022-01-10 22:00:00,6.751999855041504,6.800000190734863,6.576000213623047,6.5920000076293945,6.161190509796143,1282383
ELSH.CA,Real Estate,2022-01-11 22:00:00,6.5920000076293945,6.671999931335449,6.423999786376953,6.4720001220703125,6.049033164978027,1005608
ELSH.CA,Real Estate,2022-01-12 22:00:00,6.4720001220703125,6.552000045776367,6.296000003814697,6.320000171661377,5.9069671630859375,1220590
ELSH.CA,Real Estate,2022-01-15 22:00:00,6.320000171661377,6.328000068664551,6.159999847412109,6.216000080108643,5.8097639083862305,455578
ELSH.CA,Real Estate,2022-01-16 22:00:00,6.216000080108643,6.447999954223633,6.239999771118164,6.4079999923706055,5.989216327667236,1006083
ELSH.CA,Real Estate,2022-01-17 22:00:00,6.4079999923706055,6.631999969482422,6.415999889373779,6.576000213623047,6.146236896514893,1138226
ELSH.CA,Real Estate,2022-01-18 22:00:00,6.576000213623047,6.783999919891357,6.535999774932861,6.71999979019165,6.280826091766357,2314941
ELSH.CA,Real Estate,2022-01-19 22:00:00,6.71999979019165,6.888000011444092,6.664000034332275,6.71999979019165,6.280826091766357,2333325
ELSH.CA,Real Estate,2022-01-22 22:00:00,6.71999979019165,6.74399995803833,6.4079999923706055,6.4720001220703125,6.049033164978027,1773773
ELSH.CA,Real Estate,2022-01-23 22:00:00,6.4720001220703125,6.519999980926514,6.296000003814697,6.3520002365112305,5.936875343322754,1028606
ELSH.CA,Real Estate,2022-01-24 22:00:00,6.3520002365112305,6.51200008392334,6.328000068664551,6.392000198364258,5.97426176071167,839332
ELSH.CA,Real Estate,2022-01-25 22:00:00,6.392000198364258,6.51200008392334,6.25600004196167,6.288000106811523,5.877058029174805,950182
ELSH.CA,Real Estate,2022-01-29 22:00:00,6.288000106811523,6.432000160217285,6.184000015258789,6.25600004196167,5.84714937210083,757740
ELSH.CA,Real Estate,2022-01-30 22:00:00,6.25600004196167,6.3520002365112305,6.168000221252441,6.28000020980835,5.86958122253418,1067742
ELSH.CA,Real Estate,2022-01-31 22:00:00,6.28000020980835,6.495999813079834,6.328000068664551,6.464000225067139,6.041555881500244,1148945
ELSH.CA,Real Estate,2022-02-01 22:00:00,6.464000225067139,6.559999942779541,6.415999889373779,6.440000057220459,6.019124984741211,999077
ELSH.CA,Real Estate,2022-02-02 22:00:00,6.440000057220459,6.495999813079834,6.320000171661377,6.360000133514404,5.944353103637695,675381
ELSH.CA,Real Estate,2022-02-05 22:00:00,6.360000133514404,6.455999851226807,6.311999797821045,6.360000133514404,5.944353103637695,668331
ELSH.CA,Real Estate,2022-02-06 22:00:00,6.360000133514404,6.440000057220459,6.239999771118164,6.25600004196167,5.84714937210083,438260
ELSH.CA,Real Estate,2022-02-07 22:00:00,6.25600004196167,6.328000068664551,6.127999782562256,6.176000118255615,5.772377967834473,721093
ELSH.CA,Real Estate,2022-02-08 22:00:00,6.176000118255615,6.28000020980835,6.02400016784668,6.056000232696533,5.660220623016357,1080318
ELSH.CA,Real Estate,2022-02-09 22:00:00,6.056000232696533,6.144000053405762,5.815999984741211,5.8480000495910645,5.465813159942627,821502
ELSH.CA,Real Estate,2022-02-12 22:00:00,5.8480000495910645,5.760000228881836,5.159999847412109,5.184000015258789,4.845208644866943,1366442
ELSH.CA,Real Estate,2022-02-13 22:00:00,5.184000015258789,5.111999988555908,4.831999778747559,5.0320000648498535,4.703142166137695,1589462
ELSH.CA,Real Estate,2022-02-14 22:00:00,5.0320000648498535,5.311999797821045,5.056000232696533,5.216000080108643,4.87511682510376,1423917
ELSH.CA,Real Estate,2022-02-15 22:00:00,5.216000080108643,5.400000095367432,5.159999847412109,5.208000183105469,4.867640018463135,1237993
ELSH.CA,Real Estate,2022-02-16 22:00:00,5.208000183105469,5.25600004196167,5.0960001945495605,5.216000080108643,4.87511682510376,547828
ELSH.CA,Real Estate,2022-02-19 22:00:00,5.216000080108643,5.320000171661377,5.144000053405762,5.159999847412109,4.822776794433594,962925
ELSH.CA,Real Estate,2022-02-20 22:00:00,5.159999847412109,5.239999771118164,5.104000091552734,5.184000015258789,4.845208644866943,646641
ELSH.CA,Real Estate,2022-02-21 22:00:00,5.184000015258789,5.1519999504089355,4.960000038146973,5.127999782562256,4.792867660522461,753633
ELSH.CA,Real Estate,2022-02-22 22:00:00,5.127999782562256,5.296000003814697,5.127999782562256,5.208000183105469,4.867640018463135,813870
ELSH.CA,Real Estate,2022-02-23 22:00:00,5.208000183105469,4.943999767303467,4.360000133514404,4.48799991607666,4.1946940422058105,1168861
ELSH.CA,Real Estate,2022-02-26 22:00:00,4.48799991607666,4.9120001792907715,4.664000034332275,4.823999881744385,4.508735179901123,743916
ELSH.CA,Real Estate,2022-02-27 22:00:00,4.823999881744385,4.800000190734863,4.624000072479248,4.6479997634887695,4.344237804412842,713015
ELSH.CA,Real Estate,2022-02-28 22:00:00,4.6479997634887695,4.927999973297119,4.671999931335449,4.863999843597412,4.546121597290039,1052066
ELSH.CA,Real Estate,2022-03-01 22:00:00,4.863999843597412,4.927999973297119,4.776000022888184,4.800000190734863,4.48630428314209,634217
ELSH.CA,Real Estate,2022-03-02 22:00:00,4.800000190734863,4.97599983215332,4.831999778747559,4.960000038146973,4.635847568511963,881676
ELSH.CA,Real Estate,2022-03-05 22:00:00,4.960000038146973,5.248000144958496,4.9679999351501465,5.199999809265137,4.860162734985352,1484781
ELSH.CA,Real Estate,2022-03-06 22:00:00,5.199999809265137,5.383999824523926,5.02400016784668,5.0879998207092285,4.7554826736450195,2329937
ELSH.CA,Real Estate,2022-03-07 22:00:00,5.0879998207092285,5.0879998207092285,5.0879998207092285,5.0879998207092285,4.7554826736450195,0
ELSH.CA,Real Estate,2022-03-08 22:00:00,5.184000015258789,5.423999786376953,5.216000080108643,5.25600004196167,4.912503719329834,1928563
ELSH.CA,Real Estate,2022-03-09 22:00:00,5.25600004196167,5.343999862670898,5.184000015258789,5.216000080108643,4.87511682510376,902872
ELSH.CA,Real Estate,2022-03-12 22:00:00,5.216000080108643,5.263999938964844,5.056000232696533,5.191999912261963,4.852685451507568,804740
ELSH.CA,Real Estate,2022-03-13 22:00:00,5.191999912261963,5.191999912261963,5.176000118255615,5.176000118255615,4.837730884552002,241471
ELSH.CA,Real Estate,2022-03-14 22:00:00,5.176000118255615,5.271999835968018,5.007999897003174,5.072000026702881,4.740527629852295,693675
ELSH.CA,Real Estate,2022-03-15 22:00:00,5.072000026702881,5.296000003814697,5.072000026702881,5.239999771118164,4.897547721862793,928762
ELSH.CA,Real Estate,2022-03-16 22:00:00,5.239999771118164,5.688000202178955,5.248000144958496,5.599999904632568,5.2340216636657715,4394863
ELSH.CA,Real Estate,2022-03-19 22:00:00,5.599999904632568,5.776000022888184,5.639999866485596,5.671999931335449,5.301316261291504,2901933
ELSH.CA,Real Estate,2022-03-20 22:00:00,5.671999931335449,5.895999908447266,5.679999828338623,5.783999919891357,5.405996322631836,2586547
ELSH.CA,Real Estate,2022-03-21 22:00:00,5.783999919891357,6.056000232696533,5.703999996185303,5.76800012588501,5.391042232513428,2810707
ELSH.CA,Real Estate,2022-03-22 22:00:00,5.76800012588501,5.840000152587891,5.631999969482422,5.800000190734863,5.420950889587402,1004692
ELSH.CA,Real Estate,2022-03-23 22:00:00,5.800000190734863,5.888000011444092,5.519999980926514,5.559999942779541,5.1966352462768555,1727556
ELSH.CA,Real Estate,2022-03-26 22:00:00,5.559999942779541,5.607999801635742,5.4079999923706055,5.455999851226807,5.099432468414307,756456
ELSH.CA,Real Estate,2022-03-27 22:00:00,5.455999851226807,5.639999866485596,5.184000015258789,5.23199987411499,4.890071392059326,1090218
ELSH.CA,Real Estate,2022-03-28 22:00:00,5.23199987411499,5.455999851226807,5.1519999504089355,5.423999786376953,5.069523334503174,2957285
ELSH.CA,Real Estate,2022-03-29 22:00:00,5.423999786376953,5.519999980926514,5.303999900817871,5.335999965667725,4.987274646759033,512336
ELSH.CA,Real Estate,2022-03-30 22:00:00,5.335999965667725,5.383999824523926,5.216000080108643,5.320000171661377,4.972320556640625,518586
ELSH.CA,Real Estate,2022-04-02 22:00:00,5.320000171661377,5.415999889373779,5.296000003814697,5.3520002365112305,5.0022292137146,230967
ELSH.CA,Real Estate,2022-04-03 22:00:00,5.3520002365112305,5.480000019073486,5.360000133514404,5.455999851226807,5.099432468414307,670051
ELSH.CA,Real Estate,2022-04-04 22:00:00,5.455999851226807,5.576000213623047,5.400000095367432,5.432000160217285,5.077001094818115,805920
ELSH.CA,Real Estate,2022-04-05 22:00:00,5.432000160217285,5.504000186920166,5.296000003814697,5.328000068664551,4.97979736328125,273238
ELSH.CA,Real Estate,2022-04-06 22:00:00,5.328000068664551,5.360000133514404,5.199999809265137,5.23199987411499,4.890071392059326,517531
ELSH.CA,Real Estate,2022-04-09 22:00:00,5.23199987411499,5.25600004196167,4.943999767303467,4.9679999351501465,4.643325328826904,464670
ELSH.CA,Real Estate,2022-04-10 22:00:00,4.9679999351501465,5.02400016784668,4.464000225067139,4.535999774932861,4.239557266235352,763843
ELSH.CA,Real Estate,2022-04-11 22:00:00,4.535999774932861,4.679999828338623,4.415999889373779,4.519999980926514,4.224602699279785,660795
ELSH.CA,Real Estate,2022-04-12 22:00:00,4.519999980926514,4.696000099182129,4.4720001220703125,4.616000175476074,4.314329147338867,840972
ELSH.CA,Real Estate,2022-04-13 22:00:00,4.616000175476074,4.664000034332275,4.400000095367432,4.423999786376953,4.1348772048950195,681523
ELSH.CA,Real Estate,2022-04-16 22:00:00,4.423999786376953,4.480000019073486,3.687999963760376,3.752000093460083,3.5067942142486572,2399752
ELSH.CA,Real Estate,2022-04-17 22:00:00,3.752000093460083,4.159999847412109,3.440000057220459,4.039999961853027,3.775972604751587,2184826
ELSH.CA,Real Estate,2022-04-18 22:00:00,4.039999961853027,4.320000171661377,4.007999897003174,4.239999771118164,3.9629015922546387,1181088
ELSH.CA,Real Estate,2022-04-19 22:00:00,4.239999771118164,5.0879998207092285,4.239999771118164,5.072000026702881,4.740527629852295,4487185
ELSH.CA,Real Estate,2022-04-20 22:00:00,5.072000026702881,5.072000026702881,5.072000026702881,5.072000026702881,4.740527629852295,0
ELSH.CA,Real Estate,2022-04-25 22:00:00,5.072000026702881,6.039999961853027,5.199999809265137,5.480000019073486,5.121863842010498,6918501
ELSH.CA,Real Estate,2022-04-26 22:00:00,5.480000019073486,5.5920000076293945,5.039999961853027,5.039999961853027,4.71061897277832,2152963
ELSH.CA,Real Estate,2022-04-27 22:00:00,5.039999961853027,5.360000133514404,5.0879998207092285,5.311999797821045,4.964842796325684,2321668
ELSH.CA,Real Estate,2022-05-07 22:00:00,5.311999797821045,5.296000003814697,5.047999858856201,5.111999988555908,4.777913570404053,1605133
ELSH.CA,Real Estate,2022-05-08 22:00:00,5.111999988555908,5.423999786376953,5.119999885559082,5.223999977111816,4.882593631744385,3150120
ELSH.CA,Real Estate,2022-05-09 22:00:00,5.223999977111816,5.4079999923706055,5.159999847412109,5.191999912261963,4.852685451507568,2199002
ELSH.CA,Real Estate,2022-05-10 22:00:00,5.191999912261963,5.303999900817871,5.176000118255615,5.199999809265137,4.860162734985352,1591230
ELSH.CA,Real Estate,2022-05-11 22:00:00,5.199999809265137,5.208000183105469,4.800000190734863,4.943999767303467,4.6208930015563965,1622468
ELSH.CA,Real Estate,2022-05-14 22:00:00,4.943999767303467,5.064000129699707,4.815999984741211,4.840000152587891,4.5236897468566895,1013742
ELSH.CA,Real Estate,2022-05-15 22:00:00,4.840000152587891,4.9039998054504395,4.728000164031982,4.800000190734863,4.48630428314209,785237
ELSH.CA,Real Estate,2022-05-16 22:00:00,4.800000190734863,4.920000076293945,4.800000190734863,4.815999984741211,4.501258373260498,819621
ELSH.CA,Real Estate,2022-05-17 22:00:00,4.815999984741211,5.047999858856201,4.800000190734863,4.935999870300293,4.613415718078613,2367590
ELSH.CA,Real Estate,2022-05-18 22:00:00,4.935999870300293,4.935999870300293,4.728000164031982,4.8480000495910645,4.531167507171631,1578881
ELSH.CA,Real Estate,2022-05-21 22:00:00,4.8480000495910645,4.943999767303467,4.800000190734863,4.808000087738037,4.493781089782715,577876
ELSH.CA,Real Estate,2022-05-22 22:00:00,4.808000087738037,4.9039998054504395,4.800000190734863,4.808000087738037,4.493781089782715,527087
ELSH.CA,Real Estate,2022-05-23 22:00:00,4.808000087738037,4.863999843597412,4.74399995803833,4.76800012588501,4.456395149230957,385281
ELSH.CA,Real Estate,2022-05-24 22:00:00,4.76800012588501,4.760000228881836,4.455999851226807,4.48799991607666,4.1946940422058105,620701
ELSH.CA,Real Estate,2022-05-25 22:00:00,4.48799991607666,4.559999942779541,4.296000003814697,4.392000198364258,4.104968547821045,692985
ELSH.CA,Real Estate,2022-05-28 22:00:00,4.392000198364258,4.455999851226807,4.239999771118164,4.28000020980835,4.000288009643555,447232
ELSH.CA,Real Estate,2022-05-29 22:00:00,4.28000020980835,4.495999813079834,4.239999771118164,4.383999824523926,4.0974907875061035,733141
ELSH.CA,Real Estate,2022-05-30 22:00:00,4.383999824523926,4.480000019073486,4.375999927520752,4.400000095367432,4.11244535446167,396802
ELSH.CA,Real Estate,2022-05-31 22:00:00,4.400000095367432,4.519999980926514,4.28000020980835,4.311999797821045,4.030196189880371,365310
ELSH.CA,Real Estate,2022-06-01 22:00:00,4.311999797821045,4.400000095367432,4.239999771118164,4.335999965667725,4.0526275634765625,869462
ELSH.CA,Real Estate,2022-06-04 22:00:00,4.335999965667725,4.335999965667725,4.335999965667725,4.335999965667725,4.0526275634765625,0
ELSH.CA,Real Estate,2022-06-05 22:00:00,4.415999889373779,4.519999980926514,4.432000160217285,4.455999851226807,4.164785385131836,622295
ELSH.CA,Real Estate,2022-06-06 22:00:00,4.455999851226807,4.552000045776367,4.415999889373779,4.552000045776367,4.254511833190918,933720
ELSH.CA,Real Estate,2022-06-07 22:00:00,4.552000045776367,4.984000205993652,4.5920000076293945,4.927999973297119,4.605938911437988,2807460
ELSH.CA,Real Estate,2022-06-08 22:00:00,4.927999973297119,5.039999961853027,4.8480000495910645,4.880000114440918,4.561075687408447,1424242
ELSH.CA,Real Estate,2022-06-11 22:00:00,4.880000114440918,4.9679999351501465,4.760000228881836,4.895999908447266,4.576030254364014,2036137
ELSH.CA,Real Estate,2022-06-12 22:00:00,4.895999908447266,4.943999767303467,4.74399995803833,4.76800012588501,4.456395149230957,1252806
ELSH.CA,Real Estate,2022-06-13 22:00:00,4.76800012588501,4.9120001792907715,4.71999979019165,4.855999946594238,4.538644313812256,1877655
ELSH.CA,Real Estate,2022-06-14 22:00:00,4.855999946594238,4.992000102996826,4.8480000495910645,4.863999843597412,4.546121597290039,1886258
ELSH.CA,Real Estate,2022-06-15 22:00:00,4.863999843597412,4.9039998054504395,4.76800012588501,4.783999919891357,4.471349716186523,1411180
ELSH.CA,Real Estate,2022-06-18 22:00:00,4.783999919891357,4.855999946594238,4.607999801635742,4.656000137329102,4.351715087890625,875133
ELSH.CA,Real Estate,2022-06-19 22:00:00,4.656000137329102,4.783999919891357,4.5279998779296875,4.696000099182129,4.389101028442383,737227
ELSH.CA,Real Estate,2022-06-20 22:00:00,4.696000099182129,4.800000190734863,4.656000137329102,4.703999996185303,4.396577835083008,826157
ELSH.CA,Real Estate,2022-06-21 22:00:00,4.703999996185303,4.751999855041504,4.616000175476074,4.656000137329102,4.351715087890625,743098
ELSH.CA,Real Estate,2022-06-22 22:00:00,4.656000137329102,4.679999828338623,4.567999839782715,4.607999801635742,4.306851387023926,498525
ELSH.CA,Real Estate,2022-06-25 22:00:00,4.607999801635742,4.823999881744385,4.679999828338623,4.751999855041504,4.441441535949707,1721570
ELSH.CA,Real Estate,2022-06-26 22:00:00,4.751999855041504,4.76800012588501,4.447999954223633,4.504000186920166,4.318706512451172,657523
ELSH.CA,Real Estate,2022-06-27 22:00:00,4.504000186920166,4.535999774932861,4.263999938964844,4.383999824523926,4.203643321990967,515523
ELSH.CA,Real Estate,2022-06-28 22:00:00,4.383999824523926,4.480000019073486,4.320000171661377,4.368000030517578,4.188302040100098,722426
ELSH.CA,Real Estate,2022-07-02 22:00:00,4.368000030517578,4.432000160217285,4.168000221252441,4.184000015258789,4.011871337890625,763586
ELSH.CA,Real Estate,2022-07-03 22:00:00,4.184000015258789,4.216000080108643,3.9600000381469727,4.0320000648498535,3.8661251068115234,940541
ELSH.CA,Real Estate,2022-07-04 22:00:00,4.0320000648498535,4.28000020980835,4.064000129699707,4.0879998207092285,3.919820547103882,633483
ELSH.CA,Real Estate,2022-07-05 22:00:00,4.0879998207092285,4.159999847412109,4.047999858856201,4.119999885559082,3.9505040645599365,665822
ELSH.CA,Real Estate,2022-07-06 22:00:00,4.119999885559082,4.440000057220459,4.159999847412109,4.335999965667725,4.157618045806885,1679836
ELSH.CA,Real Estate,2022-07-16 22:00:00,4.335999965667725,4.519999980926514,4.288000106811523,4.455999851226807,4.27268123626709,939240
ELSH.CA,Real Estate,2022-07-17 22:00:00,4.455999851226807,4.607999801635742,4.48799991607666,4.552000045776367,4.364732265472412,966617
ELSH.CA,Real Estate,2022-07-18 22:00:00,4.552000045776367,4.776000022888184,4.440000057220459,4.736000061035156,4.541162967681885,2064295
ELSH.CA,Real Estate,2022-07-19 22:00:00,4.736000061035156,4.800000190734863,4.688000202178955,4.76800012588501,4.571846008300781,1762691
ELSH.CA,Real Estate,2022-07-20 22:00:00,4.76800012588501,4.940000057220459,4.789999961853027,4.849999904632568,4.650472164154053,1703030
ELSH.CA,Real Estate,2022-07-23 22:00:00,4.849999904632568,4.909999847412109,4.739999771118164,4.760000228881836,4.564175605773926,1296815
ELSH.CA,Real Estate,2022-07-24 22:00:00,4.760000228881836,4.829999923706055,4.690000057220459,4.710000038146973,4.516232013702393,1098447
ELSH.CA,Real Estate,2022-07-25 22:00:00,4.710000038146973,5.320000171661377,4.699999809265137,5.300000190734863,5.0819597244262695,6692170
ELSH.CA,Real Estate,2022-07-26 22:00:00,5.300000190734863,5.420000076293945,5.150000095367432,5.199999809265137,4.9860734939575195,3872301
ELSH.CA,Real Estate,2022-07-27 22:00:00,5.199999809265137,5.460000038146973,5.170000076293945,5.320000171661377,5.101137161254883,3794409
ELSH.CA,Real Estate,2022-07-30 22:00:00,5.320000171661377,5.5,5.329999923706055,5.380000114440918,5.1586689949035645,2401166
ELSH.CA,Real Estate,2022-07-31 22:00:00,5.380000114440918,5.489999771118164,5.150000095367432,5.210000038146973,4.995662212371826,1938562
ELSH.CA,Real Estate,2022-08-01 22:00:00,5.210000038146973,5.320000171661377,5.150000095367432,5.320000171661377,5.101137161254883,1368465
ELSH.CA,Real Estate,2022-08-02 22:00:00,5.320000171661377,5.460000038146973,5.269999980926514,5.349999904632568,5.129902362823486,2263463
ELSH.CA,Real Estate,2022-08-03 22:00:00,5.349999904632568,5.690000057220459,5.349999904632568,5.630000114440918,5.398383617401123,7538546
ELSH.CA,Real Estate,2022-08-06 22:00:00,5.630000114440918,6.75,5.75,6.71999979019165,6.443541526794434,8805278
ELSH.CA,Real Estate,2022-08-07 22:00:00,6.71999979019165,7.829999923706055,7.0,7.349999904632568,7.047623157501221,8970732
ELSH.CA,Real Estate,2022-08-08 22:00:00,7.349999904632568,7.690000057220459,7.159999847412109,7.210000038146973,6.913383483886719,7259788
ELSH.CA,Real Estate,2022-08-09 22:00:00,7.210000038146973,7.5,7.190000057220459,7.369999885559082,7.066800117492676,3666158
ELSH.CA,Real Estate,2022-08-10 22:00:00,7.369999885559082,8.069999694824219,7.369999885559082,8.039999961853027,7.7092366218566895,8801425
ELSH.CA,Real Estate,2022-08-13 22:00:00,8.039999961853027,8.520000457763672,8.050000190734863,8.119999885559082,7.785945892333984,7946984
ELSH.CA,Real Estate,2022-08-14 22:00:00,8.119999885559082,8.369999885559082,7.800000190734863,7.909999847412109,7.584585189819336,7045044
ELSH.CA,Real Estate,2022-08-15 22:00:00,7.909999847412109,8.279999732971191,7.840000152587891,7.920000076293945,7.594174385070801,4455212
ELSH.CA,Real Estate,2022-08-16 22:00:00,7.920000076293945,8.109999656677246,7.570000171661377,7.699999809265137,7.3832244873046875,5250543
ELSH.CA,Real Estate,2022-08-17 22:00:00,7.699999809265137,7.699999809265137,7.699999809265137,7.699999809265137,7.3832244873046875,0
ELSH.CA,Real Estate,2022-08-20 22:00:00,7.679999828338623,7.820000171661377,7.429999828338623,7.480000019073486,7.172275066375732,5080438
ELSH.CA,Real Estate,2022-08-21 22:00:00,7.480000019073486,7.730000019073486,7.449999809265137,7.659999847412109,7.344870090484619,4714766
ELSH.CA,Real Estate,2022-08-22 22:00:00,7.659999847412109,7.659999847412109,7.659999847412109,7.659999847412109,7.344870090484619,0
ELSH.CA,Real Estate,2022-08-23 22:00:00,7.53000020980835,7.800000190734863,7.400000095367432,7.480000019073486,7.172275066375732,5289026
ELSH.CA,Real Estate,2022-08-24 22:00:00,7.480000019073486,7.699999809265137,7.539999961853027,7.590000152587891,7.277750015258789,3063358
ELSH.CA,Real Estate,2022-08-27 22:00:00,7.590000152587891,7.78000020980835,7.519999980926514,7.590000152587891,7.277750015258789,3986753
ELSH.CA,Real Estate,2022-08-28 22:00:00,7.590000152587891,8.300000190734863,7.78000020980835,8.100000381469727,7.766768455505371,17089712
ELSH.CA,Real Estate,2022-08-29 22:00:00,8.100000381469727,8.34000015258789,7.949999809265137,8.0,7.670882701873779,9441693
ELSH.CA,Real Estate,2022-08-30 22:00:00,8.0,8.039999961853027,7.440000057220459,7.489999771118164,7.181863307952881,6465079
ELSH.CA,Real Estate,2022-08-31 22:00:00,7.489999771118164,7.579999923706055,7.0,7.039999961853027,6.7503767013549805,5868334
ELSH.CA,Real Estate,2022-09-03 22:00:00,7.039999961853027,7.460000038146973,6.829999923706055,7.380000114440918,7.076389312744141,5756092
ELSH.CA,Real Estate,2022-09-04 22:00:00,7.380000114440918,7.570000171661377,7.210000038146973,7.349999904632568,7.047623157501221,4413487
ELSH.CA,Real Estate,2022-09-05 22:00:00,7.349999904632568,7.460000038146973,7.260000228881836,7.28000020980835,6.980503559112549,3919977
ELSH.CA,Real Estate,2022-09-06 22:00:00,7.28000020980835,7.429999828338623,7.070000171661377,7.150000095367432,6.855851650238037,4652897
ELSH.CA,Real Estate,2022-09-07 22:00:00,7.150000095367432,7.320000171661377,7.070000171661377,7.150000095367432,6.855851650238037,4428005
ELSH.CA,Real Estate,2022-09-10 22:00:00,7.150000095367432,7.289999961853027,6.980000019073486,7.03000020980835,6.740787982940674,2823117
ELSH.CA,Real Estate,2022-09-11 22:00:00,7.03000020980835,7.099999904632568,6.940000057220459,6.96999979019165,6.683256149291992,3022616
ELSH.CA,Real Estate,2022-09-12 22:00:00,6.96999979019165,7.150000095367432,6.849999904632568,6.96999979019165,6.683256149291992,3320077
ELSH.CA,Real Estate,2022-09-13 22:00:00,6.96999979019165,7.090000152587891,6.829999923706055,6.849999904632568,6.568192958831787,2618742
ELSH.CA,Real Estate,2022-09-14 22:00:00,6.849999904632568,7.179999828338623,6.909999847412109,7.039999961853027,6.7503767013549805,5248230
ELSH.CA,Real Estate,2022-09-17 22:00:00,7.039999961853027,7.150000095367432,6.050000190734863,6.260000228881836,6.002466201782227,4746142
ELSH.CA,Real Estate,2022-09-18 22:00:00,6.260000228881836,6.650000095367432,6.059999942779541,6.579999923706055,6.309300899505615,4035158
ELSH.CA,Real Estate,2022-09-19 22:00:00,6.579999923706055,6.619999885559082,6.289999961853027,6.510000228881836,6.242180824279785,3236562
ELSH.CA,Real Estate,2022-09-20 22:00:00,6.510000228881836,6.639999866485596,6.329999923706055,6.380000114440918,6.117529392242432,2941555
ELSH.CA,Real Estate,2022-09-21 22:00:00,6.380000114440918,6.409999847412109,6.210000038146973,6.28000020980835,6.021642684936523,2328390
ELSH.CA,Real Estate,2022-09-24 22:00:00,6.28000020980835,6.440000057220459,6.159999847412109,6.21999979019165,5.964111328125,1706975
ELSH.CA,Real Estate,2022-09-25 22:00:00,6.21999979019165,6.46999979019165,6.269999980926514,6.380000114440918,6.117529392242432,3198878
ELSH.CA,Real Estate,2022-09-26 22:00:00,6.380000114440918,6.690000057220459,6.510000228881836,6.659999847412109,6.386009693145752,4893557
ELSH.CA,Real Estate,2022-09-27 22:00:00,6.659999847412109,6.769999980926514,6.409999847412109,6.409999847412109,6.146294116973877,4731247
ELSH.CA,Real Estate,2022-09-28 22:00:00,6.409999847412109,6.559999942779541,6.349999904632568,6.400000095367432,6.1367058753967285,3043296
ELSH.CA,Real Estate,2022-10-01 22:00:00,6.400000095367432,6.400000095367432,6.139999866485596,6.179999828338623,5.925756454467773,1423809
ELSH.CA,Real Estate,2022-10-02 22:00:00,6.179999828338623,6.269999980926514,6.019999980926514,6.150000095367432,5.896990776062012,1795002
ELSH.CA,Real Estate,2022-10-03 22:00:00,6.150000095367432,6.340000152587891,6.179999828338623,6.210000038146973,5.954522609710693,2246552
ELSH.CA,Real Estate,2022-10-04 22:00:00,6.210000038146973,6.300000190734863,6.119999885559082,6.150000095367432,5.896990776062012,1765333
ELSH.CA,Real Estate,2022-10-08 22:00:00,6.150000095367432,6.119999885559082,5.889999866485596,6.0,5.753162384033203,1928799
ELSH.CA,Real Estate,2022-10-09 22:00:00,6.0,6.159999847412109,5.929999828338623,5.949999809265137,5.705218315124512,1592304
ELSH.CA,Real Estate,2022-10-10 22:00:00,5.949999809265137,6.119999885559082,5.829999923706055,5.860000133514404,5.618921756744385,1615946
ELSH.CA,Real Estate,2022-10-11 22:00:00,5.860000133514404,5.920000076293945,5.559999942779541,5.75,5.513446807861328,1759692
ELSH.CA,Real Estate,2022-10-12 22:00:00,5.75,6.070000171661377,5.670000076293945,5.989999771118164,5.743573188781738,1951647
ELSH.CA,Real Estate,2022-10-15 22:00:00,5.989999771118164,6.25,6.079999923706055,6.190000057220459,5.93534517288208,3241130
ELSH.CA,Real Estate,2022-10-16 22:00:00,6.190000057220459,6.300000190734863,6.03000020980835,6.090000152587891,5.8394598960876465,2384363
ELSH.CA,Real Estate,2022-10-17 22:00:00,6.090000152587891,6.159999847412109,5.96999979019165,6.039999961853027,5.791516304016113,1824742
ELSH.CA,Real Estate,2022-10-18 22:00:00,6.039999961853027,6.110000133514404,5.760000228881836,5.789999961853027,5.5518012046813965,2685677
ELSH.CA,Real Estate,2022-10-19 22:00:00,5.789999961853027,5.889999866485596,5.769999980926514,5.800000190734863,5.561389923095703,1821468
ELSH.CA,Real Estate,2022-10-22 22:00:00,5.800000190734863,5.96999979019165,5.789999961853027,5.840000152587891,5.5997443199157715,1701594
ELSH.CA,Real Estate,2022-10-23 22:00:00,5.840000152587891,6.059999942779541,5.849999904632568,5.880000114440918,5.638099193572998,2536783
ELSH.CA,Real Estate,2022-10-24 22:00:00,5.880000114440918,5.96999979019165,5.730000019073486,5.769999980926514,5.5326247215271,1965103
ELSH.CA,Real Estate,2022-10-25 22:00:00,5.769999980926514,5.769999980926514,5.769999980926514,5.769999980926514,5.5326247215271,0
ELSH.CA,Real Estate,2022-10-26 22:00:00,5.809999942779541,6.059999942779541,5.840000152587891,5.840000152587891,5.5997443199157715,3022473
ELSH.CA,Real Estate,2022-10-29 22:00:00,5.840000152587891,5.960000038146973,5.699999809265137,5.71999979019165,5.484681129455566,1332448
ELSH.CA,Real Estate,2022-10-30 22:00:00,5.71999979019165,5.769999980926514,5.550000190734863,5.739999771118164,5.5038580894470215,1136532
ELSH.CA,Real Estate,2022-10-31 22:00:00,5.739999771118164,5.869999885559082,5.739999771118164,5.739999771118164,5.5038580894470215,2135289
ELSH.CA,Real Estate,2022-11-01 22:00:00,5.739999771118164,5.829999923706055,5.610000133514404,5.650000095367432,5.4175615310668945,1417324
ELSH.CA,Real Estate,2022-11-02 22:00:00,5.650000095367432,5.679999828338623,5.449999809265137,5.599999904632568,5.369617938995361,1745621
ELSH.CA,Real Estate,2022-11-05 22:00:00,5.599999904632568,5.650000095367432,5.510000228881836,5.559999942779541,5.331263065338135,742822
ELSH.CA,Real Estate,2022-11-06 22:00:00,5.559999942779541,5.840000152587891,5.579999923706055,5.71999979019165,5.484681129455566,2192730
ELSH.CA,Real Estate,2022-11-07 22:00:00,5.71999979019165,5.809999942779541,5.570000171661377,5.599999904632568,5.369617938995361,1386413
ELSH.CA,Real Estate,2022-11-08 22:00:00,5.599999904632568,5.670000076293945,5.519999980926514,5.550000190734863,5.3216753005981445,784504
ELSH.CA,Real Estate,2022-11-09 22:00:00,5.550000190734863,5.699999809265137,5.559999942779541,5.610000133514404,5.37920618057251,1045190
ELSH.CA,Real Estate,2022-11-12 22:00:00,5.610000133514404,5.820000171661377,5.699999809265137,5.769999980926514,5.5326247215271,1717835
ELSH.CA,Real Estate,2022-11-13 22:00:00,5.769999980926514,5.820000171661377,5.650000095367432,5.75,5.513446807861328,1203960
ELSH.CA,Real Estate,2022-11-14 22:00:00,5.75,5.960000038146973,5.75,5.869999885559082,5.628509998321533,3361789
ELSH.CA,Real Estate,2022-11-15 22:00:00,5.869999885559082,6.019999980926514,5.880000114440918,5.960000038146973,5.714807510375977,2677250
ELSH.CA,Real Estate,2022-11-16 22:00:00,5.960000038146973,6.099999904632568,6.0,6.050000190734863,5.80110502243042,2475872
ELSH.CA,Real Estate,2022-11-19 22:00:00,6.050000190734863,6.289999961853027,6.050000190734863,6.170000076293945,5.916168689727783,3965126
ELSH.CA,Real Estate,2022-11-20 22:00:00,6.170000076293945,6.590000152587891,6.099999904632568,6.590000152587891,6.318889617919922,9214444
ELSH.CA,Real Estate,2022-11-21 22:00:00,6.590000152587891,6.599999904632568,6.440000057220459,6.480000019073486,6.213415145874023,3795826
ELSH.CA,Real Estate,2022-11-22 22:00:00,6.480000019073486,6.570000171661377,6.369999885559082,6.400000095367432,6.1367058753967285,3520042
ELSH.CA,Real Estate,2022-11-23 22:00:00,6.400000095367432,6.449999809265137,6.329999923706055,6.349999904632568,6.088763236999512,1941236
ELSH.CA,Real Estate,2022-11-26 22:00:00,6.349999904632568,6.710000038146973,6.400000095367432,6.570000171661377,6.299712181091309,4746379
ELSH.CA,Real Estate,2022-11-27 22:00:00,6.570000171661377,6.710000038146973,6.449999809265137,6.510000228881836,6.242180824279785,2658963
ELSH.CA,Real Estate,2022-11-28 22:00:00,6.510000228881836,6.619999885559082,6.480000019073486,6.550000190734863,6.280535697937012,1573955
ELSH.CA,Real Estate,2022-11-29 22:00:00,6.550000190734863,6.800000190734863,6.550000190734863,6.699999809265137,6.42436408996582,8977634
ELSH.CA,Real Estate,2022-11-30 22:00:00,6.699999809265137,6.889999866485596,6.71999979019165,6.849999904632568,6.568192958831787,3785621
ELSH.CA,Real Estate,2022-12-03 22:00:00,6.849999904632568,6.96999979019165,6.789999961853027,6.849999904632568,6.568192958831787,4668899
ELSH.CA,Real Estate,2022-12-04 22:00:00,6.849999904632568,6.940000057220459,6.579999923706055,6.639999866485596,6.366832256317139,3817800
ELSH.CA,Real Estate,2022-12-05 22:00:00,6.639999866485596,6.699999809265137,6.460000038146973,6.650000095367432,6.376420974731445,2874089
ELSH.CA,Real Estate,2022-12-06 22:00:00,6.650000095367432,6.789999961853027,6.570000171661377,6.630000114440918,6.35724401473999,3441454
ELSH.CA,Real Estate,2022-12-07 22:00:00,6.630000114440918,6.75,6.579999923706055,6.639999866485596,6.366832256317139,2707903
ELSH.CA,Real Estate,2022-12-10 22:00:00,6.639999866485596,7.230000019073486,6.730000019073486,7.019999980926514,6.731199264526367,10855392
ELSH.CA,Real Estate,2022-12-11 22:00:00,7.019999980926514,7.21999979019165,6.940000057220459,7.110000133514404,6.8174967765808105,7658306
ELSH.CA,Real Estate,2022-12-12 22:00:00,7.110000133514404,7.46999979019165,7.159999847412109,7.329999923706055,7.028446674346924,7814701
ELSH.CA,Real Estate,2022-12-13 22:00:00,7.329999923706055,7.670000076293945,7.349999904632568,7.559999942779541,7.248984336853027,8213371
ELSH.CA,Real Estate,2022-12-14 22:00:00,7.559999942779541,7.809999942779541,7.25,7.320000171661377,7.018857479095459,6245561
ELSH.CA,Real Estate,2022-12-17 22:00:00,7.320000171661377,7.46999979019165,7.170000076293945,7.199999809265137,6.903794288635254,3827125
ELSH.CA,Real Estate,2022-12-18 22:00:00,7.199999809265137,7.289999961853027,7.010000228881836,7.170000076293945,6.875028610229492,2192141
ELSH.CA,Real Estate,2022-12-19 22:00:00,7.170000076293945,7.349999904632568,7.090000152587891,7.110000133514404,6.8174967765808105,1731486
ELSH.CA,Real Estate,2022-12-20 22:00:00,7.110000133514404,7.199999809265137,7.039999961853027,7.079999923706055,6.788731098175049,1386738
ELSH.CA,Real Estate,2022-12-21 22:00:00,7.079999923706055,7.25,6.900000095367432,7.0,6.712021827697754,2805955
ELSH.CA,Real Estate,2022-12-24 22:00:00,7.0,6.920000076293945,6.599999904632568,6.670000076293945,6.395598411560059,1164708
ELSH.CA,Real Estate,2022-12-25 22:00:00,6.670000076293945,6.889999866485596,6.619999885559082,6.849999904632568,6.568192958831787,1198369
ELSH.CA,Real Estate,2022-12-26 22:00:00,6.849999904632568,6.949999809265137,6.800000190734863,6.860000133514404,6.577782154083252,938407
ELSH.CA,Real Estate,2022-12-27 22:00:00,6.860000133514404,7.010000228881836,6.849999904632568,6.980000019073486,6.692845344543457,860327
ELSH.CA,Real Estate,2022-12-28 22:00:00,6.980000019073486,7.110000133514404,6.960000038146973,7.0,6.712021827697754,1558626
ELSH.CA,Real Estate,2023-01-01 22:00:00,7.0,7.150000095367432,6.980000019073486,7.139999866485596,6.846262454986572,1072763
ELSH.CA,Real Estate,2023-01-02 22:00:00,7.139999866485596,7.46999979019165,7.190000057220459,7.369999885559082,7.066800117492676,4102077
ELSH.CA,Real Estate,2023-01-03 22:00:00,7.369999885559082,7.449999809265137,7.0,7.25,6.951736927032471,3457865
ELSH.CA,Real Estate,2023-01-04 22:00:00,7.25,7.579999923706055,7.289999961853027,7.46999979019165,7.162686824798584,4709332
ELSH.CA,Real Estate,2023-01-08 22:00:00,7.46999979019165,7.579999923706055,7.230000019073486,7.28000020980835,6.980503559112549,3073530
ELSH.CA,Real Estate,2023-01-09 22:00:00,7.28000020980835,7.349999904632568,6.920000076293945,6.96999979019165,6.683256149291992,3325838
ELSH.CA,Real Estate,2023-01-10 22:00:00,6.96999979019165,7.239999771118164,6.840000152587891,6.880000114440918,6.596959114074707,2718737
ELSH.CA,Real Estate,2023-01-11 22:00:00,6.880000114440918,7.019999980926514,6.670000076293945,6.710000038146973,6.433952808380127,1766611
ELSH.CA,Real Estate,2023-01-14 22:00:00,6.710000038146973,6.940000057220459,6.75,6.809999942779541,6.529839038848877,2196295
ELSH.CA,Real Estate,2023-01-15 22:00:00,6.809999942779541,7.139999866485596,6.860000133514404,7.070000171661377,6.779143333435059,2484497
ELSH.CA,Real Estate,2023-01-16 22:00:00,7.070000171661377,7.349999904632568,7.150000095367432,7.349999904632568,7.047623157501221,4261000
ELSH.CA,Real Estate,2023-01-17 22:00:00,7.349999904632568,8.600000381469727,7.559999942779541,8.449999809265137,8.102370262145996,19545439
ELSH.CA,Real Estate,2023-01-18 22:00:00,8.449999809265137,8.880000114440918,8.260000228881836,8.319999694824219,7.977717399597168,12359117
ELSH.CA,Real Estate,2023-01-21 22:00:00,8.319999694824219,8.680000305175781,8.25,8.359999656677246,8.016072273254395,8454081
ELSH.CA,Real Estate,2023-01-22 22:00:00,8.359999656677246,8.460000038146973,7.849999904632568,7.860000133514404,7.536642551422119,8495903
ELSH.CA,Real Estate,2023-01-23 22:00:00,7.860000133514404,8.039999961853027,7.650000095367432,7.71999979019165,7.402401447296143,6188979
ELSH.CA,Real Estate,2023-01-24 22:00:00,7.71999979019165,8.109999656677246,7.800000190734863,7.880000114440918,7.555819511413574,5519608
ELSH.CA,Real Estate,2023-01-28 22:00:00,7.880000114440918,8.069999694824219,7.869999885559082,7.900000095367432,7.5749969482421875,4411788
ELSH.CA,Real Estate,2023-01-29 22:00:00,7.900000095367432,8.0,7.349999904632568,7.400000095367432,7.095566749572754,5407539
ELSH.CA,Real Estate,2023-01-30 22:00:00,7.400000095367432,7.559999942779541,7.110000133514404,7.130000114440918,6.836674213409424,3475982
ELSH.CA,Real Estate,2023-01-31 22:00:00,7.130000114440918,7.269999980926514,6.96999979019165,7.119999885559082,6.827085494995117,2538912
ELSH.CA,Real Estate,2023-02-01 22:00:00,7.119999885559082,7.269999980926514,6.75,6.900000095367432,6.61613655090332,2301193
ELSH.CA,Real Estate,2023-02-04 22:00:00,6.900000095367432,6.900000095367432,6.349999904632568,6.599999904632568,6.3284783363342285,2572281
ELSH.CA,Real Estate,2023-02-05 22:00:00,6.599999904632568,6.840000152587891,6.579999923706055,6.639999866485596,6.366832256317139,1861112
ELSH.CA,Real Estate,2023-02-06 22:00:00,6.639999866485596,7.130000114440918,6.730000019073486,7.130000114440918,6.836674213409424,3839675
ELSH.CA,Real Estate,2023-02-07 22:00:00,7.130000114440918,7.260000228881836,6.929999828338623,6.960000038146973,6.673668384552002,4956819
ELSH.CA,Real Estate,2023-02-08 22:00:00,6.960000038146973,7.119999885559082,6.960000038146973,7.119999885559082,6.827085494995117,2855802
ELSH.CA,Real Estate,2023-02-11 22:00:00,7.119999885559082,7.599999904632568,7.139999866485596,7.599999904632568,7.2873382568359375,8104026
ELSH.CA,Real Estate,2023-02-12 22:00:00,7.599999904632568,7.849999904632568,7.480000019073486,7.800000190734863,7.479111194610596,9675389
ELSH.CA,Real Estate,2023-02-13 22:00:00,7.800000190734863,7.960000038146973,7.679999828338623,7.760000228881836,7.440756320953369,7145705
ELSH.CA,Real Estate,2023-02-14 22:00:00,7.760000228881836,7.809999942779541,7.630000114440918,7.650000095367432,7.3352813720703125,3469722
ELSH.CA,Real Estate,2023-02-15 22:00:00,7.650000095367432,7.730000019073486,7.480000019073486,7.510000228881836,7.201041221618652,3318103
ELSH.CA,Real Estate,2023-02-18 22:00:00,7.510000228881836,7.650000095367432,7.360000133514404,7.420000076293945,7.114743709564209,3208766
ELSH.CA,Real Estate,2023-02-19 22:00:00,7.420000076293945,7.510000228881836,7.03000020980835,7.070000171661377,6.779143333435059,2949217
ELSH.CA,Real Estate,2023-02-20 22:00:00,7.070000171661377,7.300000190734863,6.980000019073486,7.300000190734863,6.999680995941162,2967542
ELSH.CA,Real Estate,2023-02-21 22:00:00,7.300000190734863,7.360000133514404,7.019999980926514,7.059999942779541,6.7695536613464355,2753806
ELSH.CA,Real Estate,2023-02-22 22:00:00,7.059999942779541,7.150000095367432,7.010000228881836,7.099999904632568,6.807908535003662,1489137
ELSH.CA,Real Estate,2023-02-25 22:00:00,7.099999904632568,7.300000190734863,7.150000095367432,7.170000076293945,6.875028610229492,1792597
ELSH.CA,Real Estate,2023-02-26 22:00:00,7.170000076293945,7.289999961853027,7.119999885559082,7.119999885559082,6.827085494995117,1827066
ELSH.CA,Real Estate,2023-02-27 22:00:00,7.119999885559082,7.179999828338623,7.050000190734863,7.090000152587891,6.7983198165893555,1877884
ELSH.CA,Real Estate,2023-02-28 22:00:00,7.090000152587891,7.449999809265137,7.139999866485596,7.349999904632568,7.047623157501221,5441887
ELSH.CA,Real Estate,2023-03-01 22:00:00,7.349999904632568,7.5,7.239999771118164,7.239999771118164,6.942148685455322,3579405
ELSH.CA,Real Estate,2023-03-04 22:00:00,7.239999771118164,7.320000171661377,7.119999885559082,7.179999828338623,6.884617328643799,1883499
ELSH.CA,Real Estate,2023-03-05 22:00:00,7.179999828338623,7.349999904632568,7.119999885559082,7.139999866485596,6.846262454986572,3079821
ELSH.CA,Real Estate,2023-03-06 22:00:00,7.139999866485596,7.199999809265137,6.909999847412109,6.960000038146973,6.673668384552002,1812254
ELSH.CA,Real Estate,2023-03-07 22:00:00,6.960000038146973,6.980000019073486,6.710000038146973,6.820000171661377,6.539427757263184,2230400
ELSH.CA,Real Estate,2023-03-08 22:00:00,6.820000171661377,7.019999980926514,6.75,6.980000019073486,6.692845344543457,1770088
ELSH.CA,Real Estate,2023-03-11 22:00:00,6.980000019073486,7.0,6.610000133514404,6.639999866485596,6.366832256317139,2084616
ELSH.CA,Real Estate,2023-03-12 22:00:00,6.639999866485596,6.75,5.730000019073486,5.809999942779541,5.570978164672852,3338321
ELSH.CA,Real Estate,2023-03-13 22:00:00,5.809999942779541,5.949999809265137,5.650000095367432,5.889999866485596,5.6476874351501465,2348214
ELSH.CA,Real Estate,2023-03-14 22:00:00,5.889999866485596,6.079999923706055,4.71999979019165,4.929999828338623,4.727181911468506,2383458
ELSH.CA,Real Estate,2023-03-15 22:00:00,4.929999828338623,5.119999885559082,4.559999942779541,5.050000190734863,4.842245101928711,3265240
ELSH.CA,Real Estate,2023-03-18 22:00:00,5.050000190734863,5.170000076293945,4.849999904632568,5.130000114440918,4.918953895568848,1404206
ELSH.CA,Real Estate,2023-03-19 22:00:00,5.130000114440918,5.550000190734863,5.079999923706055,5.389999866485596,5.168257236480713,3235246
ELSH.CA,Real Estate,2023-03-20 22:00:00,5.389999866485596,5.679999828338623,5.409999847412109,5.590000152587891,5.360029697418213,2980917
ELSH.CA,Real Estate,2023-03-21 22:00:00,5.590000152587891,5.670000076293945,5.380000114440918,5.400000095367432,5.1778459548950195,2172337
ELSH.CA,Real Estate,2023-03-22 22:00:00,5.400000095367432,5.579999923706055,5.349999904632568,5.510000228881836,5.283320903778076,1401758
ELSH.CA,Real Estate,2023-03-25 22:00:00,5.510000228881836,5.78000020980835,5.510000228881836,5.710000038146973,5.475092887878418,2964736
ELSH.CA,Real Estate,2023-03-26 22:00:00,5.710000038146973,5.900000095367432,5.570000171661377,5.599999904632568,5.369617938995361,2542510
ELSH.CA,Real Estate,2023-03-27 22:00:00,5.599999904632568,5.71999979019165,5.389999866485596,5.630000114440918,5.398383617401123,1713529
ELSH.CA,Real Estate,2023-03-28 22:00:00,5.630000114440918,5.75,5.53000020980835,5.630000114440918,5.398383617401123,1452773
ELSH.CA,Real Estate,2023-03-29 22:00:00,5.630000114440918,5.659999847412109,5.199999809265137,5.53000020980835,5.302497863769531,1141938
ELSH.CA,Real Estate,2023-04-01 22:00:00,5.53000020980835,5.690000057220459,5.489999771118164,5.639999866485596,5.40797233581543,904887
ELSH.CA,Real Estate,2023-04-02 22:00:00,5.639999866485596,5.829999923706055,5.639999866485596,5.75,5.513446807861328,2044549
ELSH.CA,Real Estate,2023-04-03 22:00:00,5.75,6.110000133514404,5.760000228881836,6.079999923706055,5.829870700836182,3986530
ELSH.CA,Real Estate,2023-04-04 22:00:00,6.079999923706055,6.230000019073486,6.019999980926514,6.039999961853027,5.791516304016113,3129491
ELSH.CA,Real Estate,2023-04-05 22:00:00,6.039999961853027,6.170000076293945,5.929999828338623,6.010000228881836,5.762750625610352,2453267
ELSH.CA,Real Estate,2023-04-08 22:00:00,6.010000228881836,6.099999904632568,5.900000095367432,6.019999980926514,5.7723388671875,1641341
ELSH.CA,Real Estate,2023-04-09 22:00:00,6.019999980926514,6.690000057220459,6.050000190734863,6.690000057220459,6.414775848388672,8133506
ELSH.CA,Real Estate,2023-04-10 22:00:00,6.690000057220459,6.920000076293945,6.679999828338623,6.710000038146973,6.433952808380127,6476398
ELSH.CA,Real Estate,2023-04-11 22:00:00,6.710000038146973,6.849999904632568,6.519999980926514,6.590000152587891,6.318889617919922,3564427
ELSH.CA,Real Estate,2023-04-12 22:00:00,6.590000152587891,6.679999828338623,6.519999980926514,6.559999942779541,6.29012393951416,1386273
ELSH.CA,Real Estate,2023-04-17 22:00:00,6.559999942779541,6.869999885559082,6.559999942779541,6.809999942779541,6.529839038848877,2476486
ELSH.CA,Real Estate,2023-04-18 22:00:00,6.809999942779541,7.150000095367432,6.900000095367432,6.96999979019165,6.683256149291992,4022982
ELSH.CA,Real Estate,2023-04-25 22:00:00,6.96999979019165,7.449999809265137,7.159999847412109,7.320000171661377,7.018857479095459,6436777
ELSH.CA,Real Estate,2023-04-26 22:00:00,7.320000171661377,7.550000190734863,7.329999923706055,7.46999979019165,7.162686824798584,4847496
ELSH.CA,Real Estate,2023-04-29 21:00:00,7.46999979019165,7.739999771118164,7.230000019073486,7.269999980926514,6.970914840698242,5304081
ELSH.CA,Real Estate,2023-04-30 21:00:00,7.269999980926514,7.269999980926514,7.269999980926514,7.269999980926514,6.970914840698242,0
ELSH.CA,Real Estate,2023-05-01 21:00:00,7.0,7.150000095367432,6.889999866485596,6.96999979019165,6.683256149291992,3036484
ELSH.CA,Real Estate,2023-05-02 21:00:00,6.96999979019165,7.070000171661377,6.849999904632568,6.880000114440918,6.596959114074707,2324669
ELSH.CA,Real Estate,2023-05-06 21:00:00,6.880000114440918,7.309999942779541,6.809999942779541,7.300000190734863,6.999680995941162,3859934
ELSH.CA,Real Estate,2023-05-07 21:00:00,7.300000190734863,7.539999961853027,7.389999866485596,7.449999809265137,7.143509387969971,5198034
ELSH.CA,Real Estate,2023-05-08 21:00:00,7.449999809265137,7.659999847412109,7.25,7.329999923706055,7.028446674346924,6028041
ELSH.CA,Real Estate,2023-05-09 21:00:00,7.329999923706055,7.510000228881836,7.199999809265137,7.5,7.191452503204346,5949138
ELSH.CA,Real Estate,2023-05-10 21:00:00,7.5,7.590000152587891,7.329999923706055,7.340000152587891,7.0380353927612305,3212362
ELSH.CA,Real Estate,2023-05-13 21:00:00,7.340000152587891,7.369999885559082,7.21999979019165,7.320000171661377,7.018857479095459,2205755
ELSH.CA,Real Estate,2023-05-14 21:00:00,7.320000171661377,7.440000057220459,6.96999979019165,7.03000020980835,6.740787982940674,2493249
ELSH.CA,Real Estate,2023-05-15 21:00:00,7.03000020980835,7.059999942779541,6.860000133514404,6.980000019073486,6.692845344543457,2345731
ELSH.CA,Real Estate,2023-05-16 21:00:00,6.980000019073486,7.090000152587891,6.610000133514404,6.690000057220459,6.414775848388672,2308677
ELSH.CA,Real Estate,2023-05-17 21:00:00,6.690000057220459,6.730000019073486,6.460000038146973,6.690000057220459,6.414775848388672,1924483
ELSH.CA,Real Estate,2023-05-20 21:00:00,6.690000057220459,6.96999979019165,6.75,6.789999961853027,6.510661602020264,2139029
ELSH.CA,Real Estate,2023-05-21 21:00:00,6.789999961853027,6.940000057220459,6.690000057220459,6.699999809265137,6.42436408996582,1865736
ELSH.CA,Real Estate,2023-05-22 21:00:00,6.699999809265137,6.900000095367432,6.699999809265137,6.849999904632568,6.568192958831787,2771943
ELSH.CA,Real Estate,2023-05-23 21:00:00,6.849999904632568,6.960000038146973,6.849999904632568,6.889999866485596,6.606547832489014,1505191
ELSH.CA,Real Estate,2023-05-24 21:00:00,6.889999866485596,7.059999942779541,6.840000152587891,7.0,6.712021827697754,3580254
ELSH.CA,Real Estate,2023-05-27 21:00:00,7.0,7.21999979019165,7.03000020980835,7.21999979019165,6.922971725463867,4621665
ELSH.CA,Real Estate,2023-05-28 21:00:00,7.21999979019165,7.389999866485596,7.170000076293945,7.230000019073486,6.932559967041016,3789418
ELSH.CA,Real Estate,2023-05-29 21:00:00,7.230000019073486,7.360000133514404,7.190000057220459,7.230000019073486,6.932559967041016,3532209
ELSH.CA,Real Estate,2023-05-30 21:00:00,7.230000019073486,7.400000095367432,7.099999904632568,7.110000133514404,6.8174967765808105,3956981
ELSH.CA,Real Estate,2023-05-31 21:00:00,7.110000133514404,7.309999942779541,7.150000095367432,7.210000038146973,6.913383483886719,2246155
ELSH.CA,Real Estate,2023-06-03 21:00:00,7.210000038146973,7.53000020980835,7.199999809265137,7.46999979019165,7.162686824798584,6868642
ELSH.CA,Real Estate,2023-06-04 21:00:00,7.46999979019165,7.579999923706055,7.309999942779541,7.320000171661377,7.018857479095459,5081154
ELSH.CA,Real Estate,2023-06-05 21:00:00,7.320000171661377,7.460000038146973,7.269999980926514,7.300000190734863,6.999680995941162,3684431
ELSH.CA,Real Estate,2023-06-06 21:00:00,7.300000190734863,7.400000095367432,7.119999885559082,7.139999866485596,6.846262454986572,3086463
ELSH.CA,Real Estate,2023-06-07 21:00:00,7.139999866485596,7.28000020980835,7.119999885559082,7.170000076293945,6.875028610229492,1836403
ELSH.CA,Real Estate,2023-06-10 21:00:00,7.170000076293945,7.320000171661377,7.150000095367432,7.150000095367432,6.855851650238037,2008457
ELSH.CA,Real Estate,2023-06-11 21:00:00,7.150000095367432,7.25,7.159999847412109,7.190000057220459,6.894205570220947,517353
ELSH.CA,Real Estate,2023-06-12 21:00:00,7.190000057220459,7.199999809265137,7.010000228881836,7.019999980926514,6.731199264526367,1817952
ELSH.CA,Real Estate,2023-06-13 21:00:00,7.019999980926514,7.150000095367432,6.960000038146973,7.0,6.712021827697754,1788023
ELSH.CA,Real Estate,2023-06-14 21:00:00,7.0,7.440000057220459,7.050000190734863,7.440000057220459,7.133921146392822,3462662
ELSH.CA,Real Estate,2023-06-17 21:00:00,7.440000057220459,7.579999923706055,7.300000190734863,7.5,7.191452503204346,7670219
ELSH.CA,Real Estate,2023-06-18 21:00:00,7.5,7.570000171661377,7.260000228881836,7.349999904632568,7.047623157501221,4292133
ELSH.CA,Real Estate,2023-06-19 21:00:00,7.349999904632568,7.5,7.329999923706055,7.449999809265137,7.143509387969971,3003436
ELSH.CA,Real Estate,2023-06-20 21:00:00,7.449999809265137,7.690000057220459,7.360000133514404,7.369999885559082,7.066800117492676,4793703
ELSH.CA,Real Estate,2023-06-21 21:00:00,7.369999885559082,7.440000057220459,7.21999979019165,7.400000095367432,7.095566749572754,1682500
ELSH.CA,Real Estate,2023-06-24 21:00:00,7.400000095367432,7.5,7.099999904632568,7.119999885559082,6.827085494995117,1291517
ELSH.CA,Real Estate,2023-06-25 21:00:00,7.119999885559082,7.239999771118164,7.110000133514404,7.199999809265137,6.903794288635254,962506
ELSH.CA,Real Estate,2023-07-03 21:00:00,7.199999809265137,7.389999866485596,7.159999847412109,7.179999828338623,6.884617328643799,1612453
ELSH.CA,Real Estate,2023-07-04 21:00:00,7.179999828338623,7.380000114440918,7.179999828338623,7.190000057220459,6.894205570220947,3397629
ELSH.CA,Real Estate,2023-07-05 21:00:00,7.190000057220459,7.28000020980835,6.96999979019165,6.980000019073486,6.692845344543457,839206
ELSH.CA,Real Estate,2023-07-08 21:00:00,6.980000019073486,7.059999942779541,6.329999923706055,6.380000114440918,6.117529392242432,1034008
ELSH.CA,Real Estate,2023-07-09 21:00:00,6.380000114440918,6.670000076293945,6.340000152587891,6.650000095367432,6.376420974731445,910696
ELSH.CA,Real Estate,2023-07-10 21:00:00,6.650000095367432,6.730000019073486,6.570000171661377,6.590000152587891,6.318889617919922,1139803
ELSH.CA,Real Estate,2023-07-11 21:00:00,6.590000152587891,6.699999809265137,6.5,6.53000020980835,6.26135778427124,787609
ELSH.CA,Real Estate,2023-07-12 21:00:00,6.53000020980835,6.690000057220459,6.5,6.599999904632568,6.3284783363342285,1205609
ELSH.CA,Real Estate,2023-07-15 21:00:00,6.599999904632568,6.809999942779541,6.599999904632568,6.690000057220459,6.414775848388672,1484767
ELSH.CA,Real Estate,2023-07-16 21:00:00,6.690000057220459,6.860000133514404,6.690000057220459,6.699999809265137,6.42436408996582,1652426
ELSH.CA,Real Estate,2023-07-17 21:00:00,6.699999809265137,6.800000190734863,6.699999809265137,6.769999980926514,6.49148416519165,818471
ELSH.CA,Real Estate,2023-07-18 21:00:00,6.769999980926514,6.769999980926514,6.769999980926514,6.769999980926514,6.49148416519165,0
ELSH.CA,Real Estate,2023-07-23 21:00:00,6.769999980926514,6.880000114440918,6.699999809265137,6.71999979019165,6.443541526794434,1837297
ELSH.CA,Real Estate,2023-07-24 21:00:00,6.71999979019165,6.789999961853027,6.519999980926514,6.559999942779541,6.29012393951416,603414
ELSH.CA,Real Estate,2023-07-25 21:00:00,6.559999942779541,6.650000095367432,6.510000228881836,6.599999904632568,6.3284783363342285,597759
ELSH.CA,Real Estate,2023-07-26 21:00:00,6.599999904632568,6.670000076293945,6.550000190734863,6.559999942779541,6.29012393951416,1151415
ELSH.CA,Real Estate,2023-07-29 21:00:00,6.559999942779541,6.730000019073486,6.550000190734863,6.590000152587891,6.318889617919922,1209950
ELSH.CA,Real Estate,2023-07-30 21:00:00,6.590000152587891,6.650000095367432,6.53000020980835,6.590000152587891,6.318889617919922,718927
ELSH.CA,Real Estate,2023-07-31 21:00:00,6.590000152587891,6.659999847412109,6.539999961853027,6.559999942779541,6.29012393951416,736672
ELSH.CA,Real Estate,2023-08-01 21:00:00,6.559999942779541,6.639999866485596,6.46999979019165,6.489999771118164,6.22300386428833,756322
ELSH.CA,Real Estate,2023-08-02 21:00:00,6.489999771118164,6.5,6.440000057220459,6.460000038146973,6.19423770904541,538157
ELSH.CA,Real Estate,2023-08-05 21:00:00,6.460000038146973,6.650000095367432,6.449999809265137,6.650000095367432,6.376420974731445,921040
ELSH.CA,Real Estate,2023-08-06 21:00:00,6.650000095367432,6.71999979019165,6.619999885559082,6.639999866485596,6.366832256317139,1060424
ELSH.CA,Real Estate,2023-08-07 21:00:00,6.639999866485596,6.679999828338623,6.550000190734863,6.570000171661377,6.299712181091309,716316
ELSH.CA,Real Estate,2023-08-08 21:00:00,6.570000171661377,6.789999961853027,6.539999961853027,6.699999809265137,6.42436408996582,1850884
ELSH.CA,Real Estate,2023-08-09 21:00:00,6.699999809265137,6.75,6.599999904632568,6.610000133514404,6.338067054748535,659533
ELSH.CA,Real Estate,2023-08-12 21:00:00,6.610000133514404,6.960000038146973,6.599999904632568,6.960000038146973,6.673668384552002,3900309
ELSH.CA,Real Estate,2023-08-13 21:00:00,6.960000038146973,7.25,7.019999980926514,7.059999942779541,6.7695536613464355,6884742
ELSH.CA,Real Estate,2023-08-14 21:00:00,7.059999942779541,7.590000152587891,7.059999942779541,7.449999809265137,7.143509387969971,10427329
ELSH.CA,Real Estate,2023-08-15 21:00:00,7.449999809265137,7.670000076293945,7.150000095367432,7.159999847412109,6.8654398918151855,7007673
ELSH.CA,Real Estate,2023-08-16 21:00:00,7.159999847412109,7.340000152587891,7.059999942779541,7.179999828338623,6.884617328643799,3082087
ELSH.CA,Real Estate,2023-08-19 21:00:00,7.179999828338623,7.480000019073486,7.230000019073486,7.400000095367432,7.095566749572754,4559533
ELSH.CA,Real Estate,2023-08-20 21:00:00,7.400000095367432,7.860000133514404,7.460000038146973,7.800000190734863,7.479111194610596,14249492
ELSH.CA,Real Estate,2023-08-21 21:00:00,7.800000190734863,7.940000057220459,7.690000057220459,7.699999809265137,7.3832244873046875,6788015
ELSH.CA,Real Estate,2023-08-22 21:00:00,7.699999809265137,7.789999961853027,7.340000152587891,7.400000095367432,7.095566749572754,5225187
ELSH.CA,Real Estate,2023-08-23 21:00:00,7.400000095367432,7.539999961853027,7.21999979019165,7.429999828338623,7.124331951141357,1967208
ELSH.CA,Real Estate,2023-08-26 21:00:00,7.429999828338623,7.699999809265137,7.409999847412109,7.519999980926514,7.210629463195801,3608140
ELSH.CA,Real Estate,2023-08-27 21:00:00,7.519999980926514,7.610000133514404,7.260000228881836,7.400000095367432,7.095566749572754,2906776
ELSH.CA,Real Estate,2023-08-28 21:00:00,7.400000095367432,7.420000076293945,7.289999961853027,7.320000171661377,7.018857479095459,1841393
ELSH.CA,Real Estate,2023-08-29 21:00:00,7.320000171661377,7.369999885559082,7.199999809265137,7.21999979019165,6.922971725463867,1910818
ELSH.CA,Real Estate,2023-08-30 21:00:00,7.21999979019165,7.21999979019165,7.21999979019165,7.21999979019165,6.922971725463867,0
ELSH.CA,Real Estate,2023-09-02 21:00:00,7.139999866485596,7.320000171661377,7.090000152587891,7.099999904632568,6.807908535003662,1711034
ELSH.CA,Real Estate,2023-09-03 21:00:00,7.099999904632568,7.340000152587891,7.090000152587891,7.329999923706055,7.028446674346924,1940636
ELSH.CA,Real Estate,2023-09-04 21:00:00,7.329999923706055,7.460000038146973,7.170000076293945,7.190000057220459,6.894205570220947,2674155
ELSH.CA,Real Estate,2023-09-05 21:00:00,7.190000057220459,7.300000190734863,7.03000020980835,7.110000133514404,6.8174967765808105,1437660
ELSH.CA,Real Estate,2023-09-06 21:00:00,7.110000133514404,7.159999847412109,6.980000019073486,7.070000171661377,6.779143333435059,1051820
ELSH.CA,Real Estate,2023-09-09 21:00:00,7.070000171661377,7.070000171661377,7.070000171661377,7.070000171661377,6.779143333435059,0
ELSH.CA,Real Estate,2023-09-10 21:00:00,7.099999904632568,7.170000076293945,7.03000020980835,7.079999923706055,6.788731098175049,851212
ELSH.CA,Real Estate,2023-09-11 21:00:00,7.079999923706055,7.130000114440918,6.960000038146973,7.010000228881836,6.721611499786377,898145
ELSH.CA,Real Estate,2023-09-12 21:00:00,7.010000228881836,7.110000133514404,6.940000057220459,7.079999923706055,6.788731098175049,642039
ELSH.CA,Real Estate,2023-09-13 21:00:00,7.079999923706055,7.349999904632568,7.090000152587891,7.21999979019165,6.922971725463867,3505527
ELSH.CA,Real Estate,2023-09-16 21:00:00,7.21999979019165,7.360000133514404,7.159999847412109,7.190000057220459,6.894205570220947,2394112
ELSH.CA,Real Estate,2023-09-17 21:00:00,7.190000057220459,7.320000171661377,7.179999828338623,7.25,6.951736927032471,2174373
ELSH.CA,Real Estate,2023-09-18 21:00:00,7.25,7.46999979019165,7.230000019073486,7.25,6.951736927032471,5725211
ELSH.CA,Real Estate,2023-09-19 21:00:00,7.25,7.25,7.25,7.25,6.951736927032471,0
ELSH.CA,Real Estate,2023-09-20 21:00:00,7.25,7.25,7.25,7.25,6.951736927032471,0
ELSH.CA,Real Estate,2023-09-23 21:00:00,7.25,7.25,7.25,7.25,6.951736927032471,0
ELSH.CA,Real Estate,2023-09-24 21:00:00,6.789999961853027,6.900000095367432,6.800000190734863,6.900000095367432,6.61613655090332,965135
ELSH.CA,Real Estate,2023-09-25 21:00:00,6.900000095367432,7.130000114440918,6.900000095367432,6.929999828338623,6.644901752471924,2547606
ELSH.CA,Real Estate,2023-09-26 21:00:00,6.929999828338623,6.929999828338623,6.929999828338623,6.929999828338623,6.644901752471924,0
ELSH.CA,Real Estate,2023-09-30 21:00:00,6.929999828338623,6.929999828338623,6.929999828338623,6.929999828338623,6.644901752471924,0
ELSH.CA,Real Estate,2023-10-01 21:00:00,6.639999866485596,6.78000020980835,6.480000019073486,6.550000190734863,6.280535697937012,984431
ELSH.CA,Real Estate,2023-10-02 21:00:00,6.550000190734863,6.670000076293945,6.420000076293945,6.489999771118164,6.22300386428833,693515
ELSH.CA,Real Estate,2023-10-03 21:00:00,6.489999771118164,6.579999923706055,6.420000076293945,6.53000020980835,6.26135778427124,489631
ELSH.CA,Real Estate,2023-10-07 21:00:00,6.53000020980835,6.550000190734863,5.820000171661377,6.210000038146973,5.954522609710693,1192320
ELSH.CA,Real Estate,2023-10-08 21:00:00,6.210000038146973,6.260000228881836,6.110000133514404,6.179999828338623,5.925756454467773,613190
ELSH.CA,Real Estate,2023-10-09 21:00:00,6.179999828338623,6.260000228881836,6.139999866485596,6.230000019073486,5.973700046539307,944750
ELSH.CA,Real Estate,2023-10-10 21:00:00,6.230000019073486,6.389999866485596,6.199999809265137,6.320000171661377,6.05999755859375,1485626
ELSH.CA,Real Estate,2023-10-11 21:00:00,6.320000171661377,6.349999904632568,6.21999979019165,6.239999771118164,5.983288288116455,967883
ELSH.CA,Real Estate,2023-10-14 21:00:00,6.239999771118164,6.300000190734863,6.230000019073486,6.289999961853027,6.03123140335083,1235605
ELSH.CA,Real Estate,2023-10-15 21:00:00,6.289999961853027,6.380000114440918,6.25,6.300000190734863,6.040820121765137,1398595
ELSH.CA,Real Estate,2023-10-16 21:00:00,6.300000190734863,6.579999923706055,6.300000190734863,6.510000228881836,6.242180824279785,3315522
ELSH.CA,Real Estate,2023-10-17 21:00:00,6.510000228881836,6.579999923706055,6.409999847412109,6.440000057220459,6.175060749053955,1713601
ELSH.CA,Real Estate,2023-10-18 21:00:00,6.440000057220459,6.440000057220459,6.440000057220459,6.440000057220459,6.175060749053955,0
ELSH.CA,Real Estate,2023-10-21 21:00:00,6.440000057220459,6.800000190734863,6.489999771118164,6.71999979019165,6.443541526794434,3172051
ELSH.CA,Real Estate,2023-10-22 21:00:00,6.71999979019165,6.900000095367432,6.670000076293945,6.690000057220459,6.414775848388672,2925006
ELSH.CA,Real Estate,2023-10-23 21:00:00,6.690000057220459,6.789999961853027,6.570000171661377,6.650000095367432,6.376420974731445,1784308
ELSH.CA,Real Estate,2023-10-24 21:00:00,6.650000095367432,6.880000114440918,6.679999828338623,6.75,6.472307205200195,2193218
ELSH.CA,Real Estate,2023-10-25 21:00:00,6.75,7.300000190734863,6.820000171661377,7.130000114440918,6.836674213409424,5881561
ELSH.CA,Real Estate,2023-10-28 22:00:00,7.130000114440918,8.550000190734863,7.329999923706055,8.350000381469727,8.006484031677246,11898777
ELSH.CA,Real Estate,2023-10-29 22:00:00,8.350000381469727,8.510000228881836,7.949999809265137,8.050000190734863,7.7188262939453125,6735014
ELSH.CA,Real Estate,2023-10-30 22:00:00,8.050000190734863,8.149999618530273,7.659999847412109,7.679999828338623,7.364047527313232,4419476
ELSH.CA,Real Estate,2023-10-31 22:00:00,7.679999828338623,7.849999904632568,7.28000020980835,7.5,7.191452503204346,3216646
ELSH.CA,Real Estate,2023-11-01 22:00:00,7.5,7.800000190734863,7.550000190734863,7.760000228881836,7.440756320953369,2730192
ELSH.CA,Real Estate,2023-11-04 22:00:00,7.760000228881836,8.300000190734863,7.78000020980835,8.220000267028809,7.881832599639893,7369420
ELSH.CA,Real Estate,2023-11-05 22:00:00,8.220000267028809,9.800000190734863,8.260000228881836,9.699999809265137,9.300944328308105,26801121
ELSH.CA,Real Estate,2023-11-06 22:00:00,9.699999809265137,9.760000228881836,9.140000343322754,9.260000228881836,8.879046440124512,13402401
ELSH.CA,Real Estate,2023-11-07 22:00:00,9.260000228881836,9.739999771118164,9.279999732971191,9.550000190734863,9.157116889953613,10446179
ELSH.CA,Real Estate,2023-11-08 22:00:00,9.550000190734863,10.199999809265137,9.449999809265137,9.5600004196167,9.166704177856445,14042777
ELSH.CA,Real Estate,2023-11-11 22:00:00,9.5600004196167,9.930000305175781,9.350000381469727,9.550000190734863,9.157116889953613,7954381
ELSH.CA,Real Estate,2023-11-12 22:00:00,9.550000190734863,9.779999732971191,9.350000381469727,9.380000114440918,8.994110107421875,4921839
ELSH.CA,Real Estate,2023-11-13 22:00:00,9.380000114440918,9.800000190734863,9.319999694824219,9.329999923706055,8.9461669921875,5860221
ELSH.CA,Real Estate,2023-11-14 22:00:00,9.329999923706055,9.489999771118164,9.010000228881836,9.449999809265137,9.061229705810547,4240439
ELSH.CA,Real Estate,2023-11-15 22:00:00,9.449999809265137,9.569999694824219,9.220000267028809,9.270000457763672,8.888635635375977,3371822
ELSH.CA,Real Estate,2023-11-18 22:00:00,9.270000457763672,9.390000343322754,9.079999923706055,9.100000381469727,8.725629806518555,2672105
ELSH.CA,Real Estate,2023-11-19 22:00:00,9.100000381469727,9.329999923706055,8.960000038146973,8.989999771118164,8.62015438079834,3534191
ELSH.CA,Real Estate,2023-11-20 22:00:00,8.989999771118164,9.069999694824219,8.84000015258789,8.930000305175781,8.562623023986816,3878317
ELSH.CA,Real Estate,2023-11-21 22:00:00,8.930000305175781,9.220000267028809,8.9399995803833,9.140000343322754,8.763983726501465,5704007
ELSH.CA,Real Estate,2023-11-22 22:00:00,9.140000343322754,9.390000343322754,9.130000114440918,9.15999984741211,8.783161163330078,7520096
ELSH.CA,Real Estate,2023-11-25 22:00:00,9.15999984741211,9.239999771118164,9.010000228881836,9.010000228881836,8.639331817626953,3067854
ELSH.CA,Real Estate,2023-11-26 22:00:00,9.010000228881836,9.100000381469727,8.970000267028809,9.069999694824219,8.696863174438477,2840063
ELSH.CA,Real Estate,2023-11-27 22:00:00,9.069999694824219,9.399999618530273,9.050000190734863,9.069999694824219,8.696863174438477,10251680
ELSH.CA,Real Estate,2023-11-28 22:00:00,9.069999694824219,9.34000015258789,9.100000381469727,9.130000114440918,8.754396438598633,9472950
ELSH.CA,Real Estate,2023-11-29 22:00:00,9.130000114440918,9.279999732971191,8.859999656677246,8.960000038146973,8.591388702392578,6118367
ELSH.CA,Real Estate,2023-12-02 22:00:00,8.960000038146973,9.079999923706055,8.850000381469727,8.869999885559082,8.505091667175293,4017868
ELSH.CA,Real Estate,2023-12-03 22:00:00,8.869999885559082,9.140000343322754,8.899999618530273,9.039999961853027,8.668096542358398,8130865
ELSH.CA,Real Estate,2023-12-04 22:00:00,9.039999961853027,9.4399995803833,9.140000343322754,9.170000076293945,8.792749404907227,17423724
ELSH.CA,Real Estate,2023-12-05 22:00:00,9.170000076293945,9.649999618530273,9.319999694824219,9.369999885559082,8.98452091217041,24973743
ELSH.CA,Real Estate,2023-12-06 22:00:00,9.369999885559082,9.399999618530273,9.0,9.210000038146973,8.831103324890137,10687882
ELSH.CA,Real Estate,2023-12-09 22:00:00,9.210000038146973,9.390000343322754,8.510000228881836,8.65999984741211,8.303730010986328,8869433
ELSH.CA,Real Estate,2023-12-10 22:00:00,8.65999984741211,8.75,8.350000381469727,8.399999618530273,8.054426193237305,5135794
ELSH.CA,Real Estate,2023-12-11 22:00:00,8.399999618530273,8.600000381469727,8.149999618530273,8.199999809265137,7.862654685974121,4530088
ELSH.CA,Real Estate,2023-12-12 22:00:00,8.199999809265137,8.430000305175781,8.15999984741211,8.399999618530273,8.054426193237305,3432842
ELSH.CA,Real Estate,2023-12-13 22:00:00,8.399999618530273,8.5600004196167,8.390000343322754,8.449999809265137,8.102370262145996,2695436
ELSH.CA,Real Estate,2023-12-16 22:00:00,8.449999809265137,8.520000457763672,8.300000190734863,8.300000190734863,7.958540439605713,2135976
ELSH.CA,Real Estate,2023-12-17 22:00:00,8.300000190734863,8.550000190734863,8.34000015258789,8.350000381469727,8.006484031677246,3014837
ELSH.CA,Real Estate,2023-12-18 22:00:00,8.350000381469727,8.5,8.170000076293945,8.180000305175781,7.843477725982666,3048264
ELSH.CA,Real Estate,2023-12-19 22:00:00,8.180000305175781,8.260000228881836,8.039999961853027,8.09000015258789,7.757180213928223,2487864
ELSH.CA,Real Estate,2023-12-20 22:00:00,8.09000015258789,8.1899995803833,7.869999885559082,7.909999847412109,7.584585189819336,2796189
ELSH.CA,Real Estate,2023-12-23 22:00:00,7.909999847412109,7.909999847412109,7.909999847412109,7.909999847412109,7.584585189819336,0
ELSH.CA,Real Estate,2023-12-24 22:00:00,7.71999979019165,7.920000076293945,7.599999904632568,7.829999923706055,7.507875919342041,2147616
ELSH.CA,Real Estate,2023-12-25 22:00:00,7.829999923706055,7.929999828338623,7.75,7.769999980926514,7.450344562530518,1586603
ELSH.CA,Real Estate,2023-12-26 22:00:00,7.769999980926514,7.949999809265137,7.800000190734863,7.920000076293945,7.594174385070801,1851028
ELSH.CA,Real Estate,2023-12-27 22:00:00,7.920000076293945,8.289999961853027,7.900000095367432,8.069999694824219,7.738002300262451,6788283
ELSH.CA,Real Estate,2023-12-30 22:00:00,8.069999694824219,8.1899995803833,7.980000019073486,8.029999732971191,7.699648380279541,3410242
ELSH.CA,Real Estate,2024-01-01 22:00:00,8.029999732971191,8.949999809265137,8.100000381469727,8.949999809265137,8.581799507141113,13149558
ELSH.CA,Real Estate,2024-01-02 22:00:00,8.949999809265137,8.930000305175781,8.670000076293945,8.770000457763672,8.409205436706543,6735711
ELSH.CA,Real Estate,2024-01-03 22:00:00,8.770000457763672,9.1899995803833,8.899999618530273,9.0,8.629742622375488,16199759
ELSH.CA,Real Estate,2024-01-07 22:00:00,9.0,9.199999809265137,8.899999618530273,8.920000076293945,8.553033828735352,7778458
ELSH.CA,Real Estate,2024-01-08 22:00:00,8.920000076293945,9.069999694824219,8.859999656677246,8.930000305175781,8.562623023986816,5905424
ELSH.CA,Real Estate,2024-01-09 22:00:00,8.930000305175781,9.050000190734863,8.819999694824219,8.859999656677246,8.495501518249512,5695138
ELSH.CA,Real Estate,2024-01-10 22:00:00,8.859999656677246,9.270000457763672,8.880000114440918,9.199999809265137,8.821514129638672,15833601
ELSH.CA,Real Estate,2024-01-13 22:00:00,9.199999809265137,9.40999984741211,9.119999885559082,9.140000343322754,8.763983726501465,7299205
ELSH.CA,Real Estate,2024-01-14 22:00:00,9.140000343322754,9.239999771118164,8.989999771118164,9.039999961853027,8.668096542358398,5939978
ELSH.CA,Real Estate,2024-01-15 22:00:00,9.039999961853027,9.149999618530273,8.970000267028809,9.0,8.629742622375488,4326023
ELSH.CA,Real Estate,2024-01-16 22:00:00,9.0,9.109999656677246,8.880000114440918,8.90999984741211,8.543445587158203,4074785
ELSH.CA,Real Estate,2024-01-17 22:00:00,8.90999984741211,8.970000267028809,8.829999923706055,8.899999618530273,8.533856391906738,2456094
ELSH.CA,Real Estate,2024-01-20 22:00:00,8.899999618530273,9.140000343322754,8.920000076293945,9.050000190734863,8.677685737609863,4893547
ELSH.CA,Real Estate,2024-01-21 22:00:00,9.050000190734863,9.380000114440918,9.050000190734863,9.350000381469727,8.965344429016113,14847748
ELSH.CA,Real Estate,2024-01-22 22:00:00,9.350000381469727,9.5,9.039999961853027,9.039999961853027,8.668096542358398,7918693
ELSH.CA,Real Estate,2024-01-23 22:00:00,9.039999961853027,9.15999984741211,8.9399995803833,8.970000267028809,8.600976943969727,3763039
ELSH.CA,Real Estate,2024-01-27 22:00:00,8.970000267028809,9.09000015258789,8.920000076293945,8.960000038146973,8.591388702392578,5361831
ELSH.CA,Real Estate,2024-01-28 22:00:00,8.960000038146973,9.170000076293945,8.899999618530273,8.920000076293945,8.553033828735352,4156803
ELSH.CA,Real Estate,2024-01-29 22:00:00,8.920000076293945,9.180000305175781,8.90999984741211,9.069999694824219,8.696863174438477,5327173
ELSH.CA,Real Estate,2024-01-30 22:00:00,9.069999694824219,9.319999694824219,7.909999847412109,8.25,7.910597324371338,8799861
ELSH.CA,Real Estate,2024-01-31 22:00:00,8.25,8.579999923706055,7.800000190734863,8.579999923706055,8.227022171020508,3062403
ELSH.CA,Real Estate,2024-02-03 22:00:00,8.579999923706055,8.699999809265137,8.220000267028809,8.65999984741211,8.303730010986328,3447631
ELSH.CA,Real Estate,2024-02-04 22:00:00,8.65999984741211,8.970000267028809,8.670000076293945,8.829999923706055,8.46673583984375,4551020
ELSH.CA,Real Estate,2024-02-05 22:00:00,8.829999923706055,8.949999809265137,8.520000457763672,8.520000457763672,8.169489860534668,5050074
ELSH.CA,Real Estate,2024-02-06 22:00:00,8.520000457763672,8.75,8.399999618530273,8.4399995803833,8.092781066894531,3491960
ELSH.CA,Real Estate,2024-02-07 22:00:00,8.4399995803833,8.670000076293945,8.449999809265137,8.489999771118164,8.14072322845459,3463258
ELSH.CA,Real Estate,2024-02-10 22:00:00,8.489999771118164,8.649999618530273,8.329999923706055,8.380000114440918,8.035249710083008,3188204
ELSH.CA,Real Estate,2024-02-11 22:00:00,8.380000114440918,8.4399995803833,8.199999809265137,8.300000190734863,7.958540439605713,2506858
ELSH.CA,Real Estate,2024-02-12 22:00:00,8.300000190734863,8.420000076293945,8.289999961853027,8.359999656677246,8.016072273254395,2350064
ELSH.CA,Real Estate,2024-02-13 22:00:00,8.359999656677246,8.619999885559082,8.380000114440918,8.600000381469727,8.246199607849121,3345963
ELSH.CA,Real Estate,2024-02-14 22:00:00,8.600000381469727,8.699999809265137,8.520000457763672,8.619999885559082,8.265376091003418,3454089
ELSH.CA,Real Estate,2024-02-17 22:00:00,8.619999885559082,8.619999885559082,8.619999885559082,8.619999885559082,8.265376091003418,0
ELSH.CA,Real Estate,2024-02-18 22:00:00,8.710000038146973,8.859999656677246,8.640000343322754,8.8100004196167,8.447559356689453,4738343
ELSH.CA,Real Estate,2024-02-19 22:00:00,8.8100004196167,9.149999618530273,8.84000015258789,8.850000381469727,8.48591423034668,10755980
ELSH.CA,Real Estate,2024-02-20 22:00:00,8.850000381469727,8.949999809265137,8.710000038146973,8.770000457763672,8.409205436706543,4500904
ELSH.CA,Real Estate,2024-02-21 22:00:00,8.770000457763672,8.880000114440918,8.720000267028809,8.729999542236328,8.370850563049316,2690779
ELSH.CA,Real Estate,2024-02-24 22:00:00,8.729999542236328,8.6899995803833,8.210000038146973,8.270000457763672,7.929774761199951,3595365
ELSH.CA,Real Estate,2024-02-25 22:00:00,8.270000457763672,8.5,8.199999809265137,8.350000381469727,8.006484031677246,2623593
ELSH.CA,Real Estate,2024-02-26 22:00:00,8.350000381469727,8.630000114440918,8.260000228881836,8.359999656677246,8.016072273254395,3814570
ELSH.CA,Real Estate,2024-02-27 22:00:00,8.359999656677246,8.4399995803833,8.010000228881836,8.039999961853027,7.7092366218566895,2254003
ELSH.CA,Real Estate,2024-02-28 22:00:00,8.039999961853027,8.079999923706055,7.880000114440918,7.960000038146973,7.632528305053711,1540515
ELSH.CA,Real Estate,2024-03-02 22:00:00,7.960000038146973,8.09000015258789,7.929999828338623,7.949999809265137,7.622939109802246,1039812
ELSH.CA,Real Estate,2024-03-03 22:00:00,7.949999809265137,8.390000343322754,7.980000019073486,8.350000381469727,8.006484031677246,4313102
ELSH.CA,Real Estate,2024-03-04 22:00:00,8.350000381469727,8.479999542236328,8.170000076293945,8.210000038146973,7.872244358062744,1861906
ELSH.CA,Real Estate,2024-03-05 22:00:00,8.210000038146973,8.1899995803833,7.829999923706055,7.869999885559082,7.546230316162109,2592699
ELSH.CA,Real Estate,2024-03-06 22:00:00,7.869999885559082,8.0,7.619999885559082,7.710000038146973,7.392812728881836,1693748
ELSH.CA,Real Estate,2024-03-09 22:00:00,7.710000038146973,7.909999847412109,7.75,7.829999923706055,7.507875919342041,1332361
ELSH.CA,Real Estate,2024-03-10 22:00:00,7.829999923706055,7.900000095367432,7.650000095367432,7.730000019073486,7.411990642547607,770620
ELSH.CA,Real Estate,2024-03-11 22:00:00,7.730000019073486,7.829999923706055,7.440000057220459,7.480000019073486,7.172275066375732,704914
ELSH.CA,Real Estate,2024-03-12 22:00:00,7.480000019073486,7.539999961853027,7.099999904632568,7.130000114440918,6.836674213409424,1180444
ELSH.CA,Real Estate,2024-03-13 22:00:00,7.130000114440918,7.289999961853027,7.070000171661377,7.139999866485596,6.846262454986572,670977
ELSH.CA,Real Estate,2024-03-16 22:00:00,7.139999866485596,7.329999923706055,6.800000190734863,6.800000190734863,6.520249843597412,867279
ELSH.CA,Real Estate,2024-03-17 22:00:00,6.800000190734863,7.099999904632568,6.360000133514404,6.360000133514404,6.098351955413818,2140009
ELSH.CA,Real Estate,2024-03-18 22:00:00,6.360000133514404,6.5,6.010000228881836,6.300000190734863,6.040820121765137,2123209
ELSH.CA,Real Estate,2024-03-19 22:00:00,6.300000190734863,6.489999771118164,6.21999979019165,6.329999923706055,6.069585800170898,909970
ELSH.CA,Real Estate,2024-03-20 22:00:00,6.329999923706055,6.599999904632568,6.28000020980835,6.599999904632568,6.3284783363342285,955644
ELSH.CA,Real Estate,2024-03-23 22:00:00,6.599999904632568,6.820000171661377,6.610000133514404,6.659999847412109,6.386009693145752,1427145
ELSH.CA,Real Estate,2024-03-24 22:00:00,6.659999847412109,6.840000152587891,6.610000133514404,6.78000020980835,6.501073360443115,784677
ELSH.CA,Real Estate,2024-03-25 22:00:00,6.78000020980835,6.840000152587891,6.619999885559082,6.650000095367432,6.376420974731445,1003477
ELSH.CA,Real Estate,2024-03-26 22:00:00,6.650000095367432,6.699999809265137,6.5,6.519999980926514,6.251769065856934,758332
ELSH.CA,Real Estate,2024-03-27 22:00:00,6.519999980926514,6.559999942779541,6.400000095367432,6.400000095367432,6.1367058753967285,666800
ELSH.CA,Real Estate,2024-03-30 22:00:00,6.400000095367432,6.510000228881836,6.039999961853027,6.079999923706055,5.829870700836182,899475
ELSH.CA,Real Estate,2024-03-31 22:00:00,6.079999923706055,6.389999866485596,6.119999885559082,6.360000133514404,6.098351955413818,634286
ELSH.CA,Real Estate,2024-04-01 22:00:00,6.360000133514404,6.460000038146973,6.340000152587891,6.389999866485596,6.127117156982422,600249
ELSH.CA,Real Estate,2024-04-02 22:00:00,6.389999866485596,6.409999847412109,6.309999942779541,6.329999923706055,6.069585800170898,410131
ELSH.CA,Real Estate,2024-04-03 22:00:00,6.329999923706055,6.53000020980835,6.369999885559082,6.480000019073486,6.213415145874023,906169
ELSH.CA,Real Estate,2024-04-06 22:00:00,6.480000019073486,6.570000171661377,6.400000095367432,6.440000057220459,6.175060749053955,855578
ELSH.CA,Real Estate,2024-04-07 22:00:00,6.440000057220459,6.5,6.400000095367432,6.460000038146973,6.19423770904541,668313
ELSH.CA,Real Estate,2024-04-14 22:00:00,6.460000038146973,6.769999980926514,6.420000076293945,6.710000038146973,6.433952808380127,1915306
ELSH.CA,Real Estate,2024-04-15 22:00:00,6.710000038146973,6.869999885559082,6.699999809265137,6.809999942779541,6.529839038848877,1341021
ELSH.CA,Real Estate,2024-04-16 22:00:00,6.809999942779541,6.980000019073486,6.849999904632568,6.909999847412109,6.6257243156433105,1545769
ELSH.CA,Real Estate,2024-04-17 22:00:00,6.909999847412109,6.980000019073486,6.300000190734863,6.5,6.232592582702637,2226405
ELSH.CA,Real Estate,2024-04-20 22:00:00,6.5,6.630000114440918,6.440000057220459,6.53000020980835,6.26135778427124,934169
ELSH.CA,Real Estate,2024-04-21 22:00:00,6.53000020980835,6.800000190734863,6.519999980926514,6.590000152587891,6.318889617919922,2140143
ELSH.CA,Real Estate,2024-04-22 22:00:00,6.590000152587891,6.650000095367432,6.260000228881836,6.269999980926514,6.012053966522217,1378249
ELSH.CA,Real Estate,2024-04-23 22:00:00,6.269999980926514,6.300000190734863,6.019999980926514,6.119999885559082,5.86822509765625,1046657
ELSH.CA,Real Estate,2024-04-27 21:00:00,6.119999885559082,6.119999885559082,6.119999885559082,6.119999885559082,5.86822509765625,0
ELSH.CA,Real Estate,2024-04-28 21:00:00,5.769999980926514,5.96999979019165,5.760000228881836,5.949999809265137,5.705218315124512,812601
ELSH.CA,Real Estate,2024-04-29 21:00:00,5.949999809265137,6.019999980926514,5.550000190734863,5.630000114440918,5.398383617401123,1182291
ELSH.CA,Real Estate,2024-05-01 21:00:00,5.829999923706055,6.0,5.760000228881836,5.869999885559082,5.628509998321533,1228509
ELSH.CA,Real Estate,2024-05-06 21:00:00,5.869999885559082,6.079999923706055,5.840000152587891,6.019999980926514,5.7723388671875,1407804
ELSH.CA,Real Estate,2024-05-07 21:00:00,6.019999980926514,6.099999904632568,5.739999771118164,5.800000190734863,5.561389923095703,1174917
ELSH.CA,Real Estate,2024-05-08 21:00:00,5.800000190734863,5.909999847412109,5.75,5.840000152587891,5.5997443199157715,750669
ELSH.CA,Real Estate,2024-05-11 21:00:00,5.840000152587891,5.940000057220459,5.599999904632568,5.610000133514404,5.37920618057251,1078861
ELSH.CA,Real Estate,2024-05-12 21:00:00,5.610000133514404,5.630000114440918,5.400000095367432,5.619999885559082,5.388794898986816,1111744
ELSH.CA,Real Estate,2024-05-13 21:00:00,5.619999885559082,5.800000190734863,5.519999980926514,5.659999847412109,5.427149772644043,1244565
ELSH.CA,Real Estate,2024-05-14 21:00:00,5.659999847412109,5.789999961853027,5.590000152587891,5.650000095367432,5.4175615310668945,1252322
ELSH.CA,Real Estate,2024-05-15 21:00:00,5.650000095367432,5.849999904632568,5.659999847412109,5.829999923706055,5.590156078338623,776847
ELSH.CA,Real Estate,2024-05-18 21:00:00,5.829999923706055,6.039999961853027,5.849999904632568,6.010000228881836,5.762750625610352,1726519
ELSH.CA,Real Estate,2024-05-19 21:00:00,6.010000228881836,6.090000152587891,5.909999847412109,5.96999979019165,5.724396228790283,1371523
ELSH.CA,Real Estate,2024-05-20 21:00:00,5.96999979019165,6.210000038146973,5.909999847412109,6.090000152587891,5.8394598960876465,3250872
ELSH.CA,Real Estate,2024-05-21 21:00:00,6.090000152587891,6.260000228881836,6.059999942779541,6.199999809265137,5.944933891296387,3131326
ELSH.CA,Real Estate,2024-05-22 21:00:00,6.199999809265137,6.25,6.130000114440918,6.130000114440918,5.877813816070557,1406139
ELSH.CA,Real Estate,2024-05-25 21:00:00,6.130000114440918,6.130000114440918,6.130000114440918,6.130000114440918,5.877813816070557,0
ELSH.CA,Real Estate,2024-05-26 21:00:00,6.210000038146973,6.289999961853027,6.050000190734863,6.099999904632568,5.849048137664795,1770723
ELSH.CA,Real Estate,2024-05-27 21:00:00,6.099999904632568,6.090000152587891,5.909999847412109,6.059999942779541,5.810693740844727,1190350
ELSH.CA,Real Estate,2024-05-28 21:00:00,6.059999942779541,6.119999885559082,6.0,6.039999961853027,5.791516304016113,1090898
ELSH.CA,Real Estate,2024-05-29 21:00:00,6.039999961853027,6.090000152587891,5.849999904632568,5.920000076293945,5.676453113555908,1287821
ELSH.CA,Real Estate,2024-06-01 21:00:00,5.920000076293945,6.0,5.760000228881836,5.800000190734863,5.561389923095703,1184022
ELSH.CA,Real Estate,2024-06-02 21:00:00,5.800000190734863,5.869999885559082,5.769999980926514,5.800000190734863,5.561389923095703,734528
ELSH.CA,Real Estate,2024-06-03 21:00:00,5.800000190734863,5.909999847412109,5.800000190734863,5.829999923706055,5.590156078338623,711131
ELSH.CA,Real Estate,2024-06-04 21:00:00,5.829999923706055,5.880000114440918,5.639999866485596,5.730000019073486,5.494269371032715,944784
ELSH.CA,Real Estate,2024-06-05 21:00:00,5.730000019073486,5.800000190734863,5.650000095367432,5.670000076293945,5.436738014221191,598730
ELSH.CA,Real Estate,2024-06-08 21:00:00,5.670000076293945,5.71999979019165,5.539999961853027,5.579999923706055,5.350440502166748,451977
ELSH.CA,Real Estate,2024-06-09 21:00:00,5.579999923706055,5.710000038146973,5.550000190734863,5.579999923706055,5.350440502166748,328644
ELSH.CA,Real Estate,2024-06-10 21:00:00,5.579999923706055,5.809999942779541,5.599999904632568,5.699999809265137,5.465503692626953,1059748
ELSH.CA,Real Estate,2024-06-11 21:00:00,5.699999809265137,6.099999904632568,5.78000020980835,6.010000228881836,5.762750625610352,2458917
ELSH.CA,Real Estate,2024-06-12 21:00:00,6.010000228881836,6.130000114440918,5.989999771118164,6.079999923706055,5.829870700836182,1164284
ELSH.CA,Real Estate,2024-06-22 21:00:00,6.079999923706055,6.210000038146973,6.059999942779541,6.179999828338623,5.925756454467773,1275406
ELSH.CA,Real Estate,2024-06-23 21:00:00,6.179999828338623,6.199999809265137,6.059999942779541,6.079999923706055,5.829870700836182,1801450
ELSH.CA,Real Estate,2024-06-24 21:00:00,6.079999923706055,6.239999771118164,5.929999828338623,6.21999979019165,6.114974498748779,1772307
ELSH.CA,Real Estate,2024-06-25 21:00:00,6.21999979019165,6.449999809265137,6.230000019073486,6.309999942779541,6.203454494476318,5201432
ELSH.CA,Real Estate,2024-06-26 21:00:00,6.309999942779541,6.360000133514404,6.230000019073486,6.25,6.144467830657959,1146197
ELSH.CA,Real Estate,2024-07-01 21:00:00,6.289999961853027,6.409999847412109,6.25,6.300000190734863,6.1936235427856445,1087352
ELSH.CA,Real Estate,2024-07-02 21:00:00,6.300000190734863,6.369999885559082,6.289999961853027,6.349999904632568,6.24277925491333,1023148
ELSH.CA,Real Estate,2024-07-03 21:00:00,6.349999904632568,6.670000076293945,6.309999942779541,6.489999771118164,6.380415439605713,5530289
ELSH.CA,Real Estate,2024-07-06 21:00:00,6.489999771118164,6.639999866485596,6.440000057220459,6.449999809265137,6.341090679168701,1609564
ELSH.CA,Real Estate,2024-07-07 21:00:00,6.449999809265137,6.559999942779541,6.329999923706055,6.349999904632568,6.24277925491333,2284750
ELSH.CA,Real Estate,2024-07-08 21:00:00,6.349999904632568,6.480000019073486,6.340000152587891,6.340000152587891,6.232948303222656,2283154
ELSH.CA,Real Estate,2024-07-09 21:00:00,6.340000152587891,6.389999866485596,6.199999809265137,6.260000228881836,6.154299259185791,1126361
ELSH.CA,Real Estate,2024-07-13 21:00:00,6.260000228881836,6.380000114440918,6.210000038146973,6.369999885559082,6.262441635131836,1057302
ELSH.CA,Real Estate,2024-07-14 21:00:00,6.369999885559082,6.510000228881836,6.369999885559082,6.5,6.390246868133545,1931524
ELSH.CA,Real Estate,2024-07-15 21:00:00,6.5,6.639999866485596,6.5,6.5,6.390246868133545,2709122
ELSH.CA,Real Estate,2024-07-16 21:00:00,6.5,6.75,6.5,6.75,6.6360249519348145,2385723
ELSH.CA,Real Estate,2024-07-17 21:00:00,6.75,6.840000152587891,6.650000095367432,6.710000038146973,6.596700668334961,2734243
ELSH.CA,Real Estate,2024-07-20 21:00:00,6.710000038146973,6.78000020980835,6.639999866485596,6.710000038146973,6.596700668334961,2004844
ELSH.CA,Real Estate,2024-07-21 21:00:00,6.710000038146973,6.78000020980835,6.639999866485596,6.650000095367432,6.537713527679443,2366257
ELSH.CA,Real Estate,2024-07-22 21:00:00,6.650000095367432,6.71999979019165,6.630000114440918,6.659999847412109,6.547544479370117,1454521
ELSH.CA,Real Estate,2024-07-23 21:00:00,6.659999847412109,6.730000019073486,6.579999923706055,6.579999923706055,6.468895435333252,1552447
ELSH.CA,Real Estate,2024-07-27 21:00:00,6.579999923706055,6.630000114440918,6.539999961853027,6.579999923706055,6.468895435333252,836766
ELSH.CA,Real Estate,2024-07-28 21:00:00,6.579999923706055,6.650000095367432,6.559999942779541,6.590000152587891,6.478726863861084,1396960
ELSH.CA,Real Estate,2024-07-29 21:00:00,6.590000152587891,6.710000038146973,6.579999923706055,6.599999904632568,6.488557815551758,906793
ELSH.CA,Real Estate,2024-07-30 21:00:00,6.599999904632568,6.670000076293945,6.579999923706055,6.590000152587891,6.478726863861084,1238747
ELSH.CA,Real Estate,2024-07-31 21:00:00,6.590000152587891,6.650000095367432,6.5,6.510000228881836,6.400077819824219,1686921
ELSH.CA,Real Estate,2024-08-03 21:00:00,6.510000228881836,6.400000095367432,6.03000020980835,6.079999923706055,5.977337837219238,1915049
ELSH.CA,Real Estate,2024-08-04 21:00:00,6.079999923706055,6.070000171661377,5.510000228881836,5.75,5.652910232543945,1231443
ELSH.CA,Real Estate,2024-08-05 21:00:00,5.75,5.929999828338623,5.809999942779541,5.860000133514404,5.761053085327148,591555
ELSH.CA,Real Estate,2024-08-06 21:00:00,5.860000133514404,5.980000019073486,5.829999923706055,5.940000057220459,5.839702129364014,688822
ELSH.CA,Real Estate,2024-08-07 21:00:00,5.940000057220459,5.960000038146973,5.829999923706055,5.860000133514404,5.761053085327148,1262560
ELSH.CA,Real Estate,2024-08-10 21:00:00,5.860000133514404,6.059999942779541,5.920000076293945,6.010000228881836,5.908520221710205,1613765
ELSH.CA,Real Estate,2024-08-11 21:00:00,6.010000228881836,6.070000171661377,5.849999904632568,5.929999828338623,5.829870700836182,1214740
ELSH.CA,Real Estate,2024-08-12 21:00:00,5.929999828338623,6.0,5.869999885559082,5.880000114440918,5.780715465545654,735059
ELSH.CA,Real Estate,2024-08-13 21:00:00,5.880000114440918,6.019999980926514,5.880000114440918,5.900000095367432,5.80037784576416,904621
ELSH.CA,Real Estate,2024-08-14 21:00:00,5.900000095367432,5.989999771118164,5.880000114440918,5.900000095367432,5.80037784576416,666555
ELSH.CA,Real Estate,2024-08-17 21:00:00,5.900000095367432,6.090000152587891,5.929999828338623,5.960000038146973,5.8593645095825195,1816516
ELSH.CA,Real Estate,2024-08-18 21:00:00,5.960000038146973,6.119999885559082,5.96999979019165,6.03000020980835,5.928182601928711,1031551
ELSH.CA,Real Estate,2024-08-19 21:00:00,6.03000020980835,6.199999809265137,6.050000190734863,6.190000057220459,6.085480690002441,1453207
ELSH.CA,Real Estate,2024-08-20 21:00:00,6.190000057220459,6.309999942779541,6.159999847412109,6.210000038146973,6.105143070220947,2717534
ELSH.CA,Real Estate,2024-08-21 21:00:00,6.210000038146973,6.380000114440918,6.21999979019165,6.239999771118164,6.134636402130127,1921420
ELSH.CA,Real Estate,2024-08-24 21:00:00,6.239999771118164,6.369999885559082,6.260000228881836,6.28000020980835,6.173961162567139,1167147
ELSH.CA,Real Estate,2024-08-25 21:00:00,6.28000020980835,6.489999771118164,6.28000020980835,6.489999771118164,6.380415439605713,3182474
ELSH.CA,Real Estate,2024-08-26 21:00:00,6.489999771118164,6.579999923706055,6.46999979019165,6.489999771118164,6.380415439605713,3094358
ELSH.CA,Real Estate,2024-08-27 21:00:00,6.489999771118164,6.570000171661377,6.400000095367432,6.409999847412109,6.301765441894531,1540817
ELSH.CA,Real Estate,2024-08-28 21:00:00,6.409999847412109,6.480000019073486,6.380000114440918,6.400000095367432,6.291934490203857,1219797
ELSH.CA,Real Estate,2024-08-31 21:00:00,6.400000095367432,6.639999866485596,6.420000076293945,6.639999866485596,6.527882099151611,2972407
ELSH.CA,Real Estate,2024-09-01 21:00:00,6.639999866485596,6.800000190734863,6.599999904632568,6.610000133514404,6.49838924407959,4218937
ELSH.CA,Real Estate,2024-09-02 21:00:00,6.610000133514404,6.690000057220459,6.53000020980835,6.550000190734863,6.4394025802612305,1155483
ELSH.CA,Real Estate,2024-09-03 21:00:00,6.550000190734863,6.539999961853027,6.409999847412109,6.46999979019165,6.360752582550049,959750
ELSH.CA,Real Estate,2024-09-04 21:00:00,6.46999979019165,6.630000114440918,6.480000019073486,6.590000152587891,6.478726863861084,1035732
ELSH.CA,Real Estate,2024-09-07 21:00:00,6.590000152587891,6.670000076293945,6.5,6.539999961853027,6.42957067489624,1222856
ELSH.CA,Real Estate,2024-09-08 21:00:00,6.539999961853027,6.579999923706055,6.449999809265137,6.460000038146973,6.350921630859375,1149378
ELSH.CA,Real Estate,2024-09-09 21:00:00,6.460000038146973,6.570000171661377,6.349999904632568,6.369999885559082,6.262441635131836,838494
ELSH.CA,Real Estate,2024-09-10 21:00:00,6.369999885559082,6.409999847412109,6.21999979019165,6.360000133514404,6.252610683441162,817646
ELSH.CA,Real Estate,2024-09-11 21:00:00,6.360000133514404,6.449999809265137,6.300000190734863,6.309999942779541,6.203454494476318,799448
ELSH.CA,Real Estate,2024-09-15 21:00:00,6.309999942779541,6.53000020980835,6.340000152587891,6.409999847412109,6.301765441894531,1425718
ELSH.CA,Real Estate,2024-09-16 21:00:00,6.409999847412109,6.480000019073486,6.340000152587891,6.349999904632568,6.24277925491333,602215
ELSH.CA,Real Estate,2024-09-17 21:00:00,6.349999904632568,6.389999866485596,6.300000190734863,6.369999885559082,6.262441635131836,372518
ELSH.CA,Real Estate,2024-09-18 21:00:00,6.369999885559082,6.449999809265137,6.340000152587891,6.349999904632568,6.24277925491333,988075
ELSH.CA,Real Estate,2024-09-21 21:00:00,6.349999904632568,6.519999980926514,6.400000095367432,6.5,6.390246868133545,1687302
ELSH.CA,Real Estate,2024-09-22 21:00:00,6.5,6.710000038146973,6.550000190734863,6.710000038146973,6.596700668334961,4776243
ELSH.CA,Real Estate,2024-09-23 21:00:00,7.150000095367432,7.210000038146973,6.929999828338623,7.019999980926514,6.901465892791748,5587392
ELSH.CA,Real Estate,2024-09-24 21:00:00,7.130000114440918,7.179999828338623,7.050000190734863,7.150000095367432,7.029271125793457,6234145
ELSH.CA,Real Estate,2024-09-25 21:00:00,7.150000095367432,7.210000038146973,6.929999828338623,7.019999980926514,6.901465892791748,5587392
ELSH.CA,Real Estate,2024-09-28 21:00:00,7.019999980926514,7.099999904632568,6.929999828338623,7.0,6.881803512573242,3335283
ELSH.CA,Real Estate,2024-09-29 21:00:00,7.0,7.079999923706055,6.880000114440918,6.920000076293945,6.803154468536377,2568589
ELSH.CA,Real Estate,2024-09-30 21:00:00,6.920000076293945,7.050000190734863,6.889999866485596,6.920000076293945,6.803154468536377,3623755
ELSH.CA,Real Estate,2024-10-01 21:00:00,6.920000076293945,6.929999828338623,6.650000095367432,6.659999847412109,6.547544479370117,2665071
ELSH.CA,Real Estate,2024-10-02 21:00:00,6.659999847412109,6.800000190734863,6.659999847412109,6.75,6.6360249519348145,2031795
ELSH.CA,Real Estate,2024-10-06 21:00:00,6.75,6.920000076293945,6.699999809265137,6.710000038146973,6.596700668334961,2031916
ELSH.CA,Real Estate,2024-10-07 21:00:00,6.710000038146973,6.769999980926514,6.340000152587891,6.389999866485596,6.282103538513184,1876809
ELSH.CA,Real Estate,2024-10-08 21:00:00,6.389999866485596,6.550000190734863,6.309999942779541,6.550000190734863,6.4394025802612305,1017212
ELSH.CA,Real Estate,2024-10-09 21:00:00,6.550000190734863,6.639999866485596,6.380000114440918,6.409999847412109,6.301765441894531,1056368
ELSH.CA,Real Estate,2024-10-12 21:00:00,6.409999847412109,6.519999980926514,6.269999980926514,6.289999961853027,6.1837921142578125,830474
ELSH.CA,Real Estate,2024-10-13 21:00:00,6.289999961853027,6.380000114440918,6.210000038146973,6.28000020980835,6.173961162567139,657835
ELSH.CA,Real Estate,2024-10-14 21:00:00,6.28000020980835,6.400000095367432,6.309999942779541,6.349999904632568,6.24277925491333,536730
ELSH.CA,Real Estate,2024-10-15 21:00:00,6.349999904632568,6.449999809265137,6.260000228881836,6.289999961853027,6.1837921142578125,837693
ELSH.CA,Real Estate,2024-10-16 21:00:00,6.289999961853027,6.369999885559082,6.21999979019165,6.239999771118164,6.134636402130127,574201
ELSH.CA,Real Estate,2024-10-19 21:00:00,6.239999771118164,6.309999942779541,6.039999961853027,6.079999923706055,5.977337837219238,955407
ELSH.CA,Real Estate,2024-10-20 21:00:00,6.079999923706055,6.25,6.0,6.159999847412109,6.055987358093262,1929984
ELSH.CA,Real Estate,2024-10-21 21:00:00,6.159999847412109,6.389999866485596,6.170000076293945,6.389999866485596,6.282103538513184,1026236
ELSH.CA,Real Estate,2024-10-22 21:00:00,6.389999866485596,6.579999923706055,6.360000133514404,6.389999866485596,6.282103538513184,1396737
ELSH.CA,Real Estate,2024-10-23 21:00:00,6.389999866485596,6.449999809265137,6.309999942779541,6.409999847412109,6.301765441894531,882775
ELSH.CA,Real Estate,2024-10-26 21:00:00,6.409999847412109,6.46999979019165,6.400000095367432,6.409999847412109,6.301765441894531,486672
ELSH.CA,Real Estate,2024-10-27 21:00:00,6.409999847412109,6.460000038146973,6.309999942779541,6.340000152587891,6.232948303222656,451625
ELSH.CA,Real Estate,2024-10-28 21:00:00,6.340000152587891,6.420000076293945,6.289999961853027,6.300000190734863,6.1936235427856445,915096
ELSH.CA,Real Estate,2024-10-29 21:00:00,6.300000190734863,6.360000133514404,6.300000190734863,6.329999923706055,6.223116874694824,430529
ELSH.CA,Real Estate,2024-10-30 21:00:00,6.329999923706055,6.429999828338623,6.340000152587891,6.420000076293945,6.3115973472595215,899139
ELSH.CA,Real Estate,2024-11-02 22:00:00,6.420000076293945,6.619999885559082,6.440000057220459,6.570000171661377,6.459064483642578,2414471
ELSH.CA,Real Estate,2024-11-03 22:00:00,6.570000171661377,6.650000095367432,6.539999961853027,6.550000190734863,6.4394025802612305,1760221
ELSH.CA,Real Estate,2024-11-04 22:00:00,6.550000190734863,6.630000114440918,6.539999961853027,6.559999942779541,6.449233531951904,1267731
ELSH.CA,Real Estate,2024-11-05 22:00:00,6.559999942779541,6.679999828338623,6.559999942779541,6.670000076293945,6.557375907897949,1330282
ELSH.CA,Real Estate,2024-11-06 22:00:00,6.670000076293945,6.71999979019165,6.610000133514404,6.619999885559082,6.508220672607422,1063206
ELSH.CA,Real Estate,2024-11-09 22:00:00,6.619999885559082,6.96999979019165,6.800000190734863,6.800000190734863,6.6851806640625,5860180
ELSH.CA,Real Estate,2024-11-10 22:00:00,6.800000190734863,6.860000133514404,6.769999980926514,6.789999961853027,6.675349712371826,2184484
ELSH.CA,Real Estate,2024-11-11 22:00:00,6.789999961853027,6.829999923706055,6.639999866485596,6.690000057220459,6.577038288116455,1306211
ELSH.CA,Real Estate,2024-11-12 22:00:00,6.690000057220459,6.75,6.630000114440918,6.650000095367432,6.537713527679443,558719
ELSH.CA,Real Estate,2024-11-13 22:00:00,6.650000095367432,6.769999980926514,6.650000095367432,6.670000076293945,6.557375907897949,965427
ELSH.CA,Real Estate,2024-11-16 22:00:00,6.670000076293945,6.880000114440918,6.610000133514404,6.760000228881836,6.6458563804626465,2196935
ELSH.CA,Real Estate,2024-11-17 22:00:00,6.760000228881836,6.800000190734863,6.619999885559082,6.619999885559082,6.508220672607422,996249
ELSH.CA,Real Estate,2024-11-18 22:00:00,6.619999885559082,6.670000076293945,6.460000038146973,6.53000020980835,6.419739723205566,762751
ELSH.CA,Real Estate,2024-11-19 22:00:00,6.53000020980835,6.619999885559082,6.369999885559082,6.409999847412109,6.301765441894531,1175732
ELSH.CA,Real Estate,2024-11-20 22:00:00,6.409999847412109,6.539999961853027,6.420000076293945,6.420000076293945,6.3115973472595215,577922
ELSH.CA,Real Estate,2024-11-23 22:00:00,6.420000076293945,6.5,6.329999923706055,6.340000152587891,6.232948303222656,1204233
ELSH.CA,Real Estate,2024-11-24 22:00:00,6.340000152587891,6.409999847412109,6.269999980926514,6.300000190734863,6.1936235427856445,585367
ELSH.CA,Real Estate,2024-11-25 22:00:00,6.300000190734863,6.389999866485596,6.289999961853027,6.360000133514404,6.252610683441162,508494
ELSH.CA,Real Estate,2024-11-26 22:00:00,6.360000133514404,6.389999866485596,6.210000038146973,6.210000038146973,6.105143070220947,497109
ELSH.CA,Real Estate,2024-11-27 22:00:00,6.210000038146973,6.269999980926514,6.090000152587891,6.199999809265137,6.095311641693115,1033727
ELSH.CA,Real Estate,2024-11-30 22:00:00,6.199999809265137,6.329999923706055,6.199999809265137,6.25,6.144467830657959,871870
ELSH.CA,Real Estate,2024-12-01 22:00:00,6.25,6.46999979019165,6.289999961853027,6.409999847412109,6.301765441894531,2072062
ELSH.CA,Real Estate,2024-12-02 22:00:00,6.409999847412109,6.489999771118164,6.349999904632568,6.369999885559082,6.262441635131836,993171
ELSH.CA,Real Estate,2024-12-03 22:00:00,6.369999885559082,6.429999828338623,6.309999942779541,6.389999866485596,6.282103538513184,608059
ELSH.CA,Real Estate,2024-12-04 22:00:00,6.389999866485596,6.440000057220459,6.309999942779541,6.320000171661377,6.21328592300415,452815
ELSH.CA,Real Estate,2024-12-07 22:00:00,6.320000171661377,6.699999809265137,6.340000152587891,6.699999809265137,6.586869239807129,3260880
ELSH.CA,Real Estate,2024-12-08 22:00:00,6.699999809265137,6.869999885559082,6.599999904632568,6.599999904632568,6.488557815551758,3395613
ELSH.CA,Real Estate,2024-12-09 22:00:00,6.599999904632568,6.679999828338623,6.449999809265137,6.489999771118164,6.380415439605713,947590
ELSH.CA,Real Estate,2024-12-10 22:00:00,6.489999771118164,6.659999847412109,6.460000038146973,6.510000228881836,6.400077819824219,1151013
ELSH.CA,Real Estate,2024-12-11 22:00:00,6.510000228881836,6.619999885559082,6.510000228881836,6.550000190734863,6.4394025802612305,643250
ELSH.CA,Real Estate,2024-12-14 22:00:00,6.550000190734863,6.619999885559082,6.449999809265137,6.510000228881836,6.400077819824219,646530
ELSH.CA,Real Estate,2024-12-15 22:00:00,6.510000228881836,6.579999923706055,6.400000095367432,6.46999979019165,6.360752582550049,790526
ELSH.CA,Real Estate,2024-12-16 22:00:00,6.46999979019165,6.5,6.400000095367432,6.420000076293945,6.3115973472595215,762707
ELSH.CA,Real Estate,2024-12-17 22:00:00,6.420000076293945,6.46999979019165,6.21999979019165,6.269999980926514,6.164129734039307,642061
ELSH.CA,Real Estate,2024-12-18 22:00:00,6.269999980926514,6.289999961853027,6.099999904632568,6.260000228881836,6.154299259185791,822942
ELSH.CA,Real Estate,2024-12-21 22:00:00,6.260000228881836,6.300000190734863,6.21999979019165,6.239999771118164,6.134636402130127,272469
ELSH.CA,Real Estate,2024-12-22 22:00:00,6.239999771118164,6.269999980926514,6.110000133514404,6.139999866485596,6.036324977874756,762915
ELSH.CA,Real Estate,2024-12-23 22:00:00,6.139999866485596,6.21999979019165,6.059999942779541,6.119999885559082,6.01666259765625,496586
ELSH.CA,Real Estate,2024-12-24 22:00:00,6.119999885559082,6.190000057220459,6.119999885559082,6.159999847412109,6.055987358093262,332771
ELSH.CA,Real Estate,2024-12-25 22:00:00,6.159999847412109,6.159999847412109,6.099999904632568,6.130000114440918,6.026494026184082,317624
ELSH.CA,Real Estate,2024-12-28 22:00:00,6.130000114440918,6.179999828338623,6.019999980926514,6.039999961853027,5.938013553619385,514712
ELSH.CA,Real Estate,2024-12-29 22:00:00,6.039999961853027,6.099999904632568,5.889999866485596,5.900000095367432,5.80037784576416,390544
ELSH.CA,Real Estate,2024-12-30 22:00:00,5.900000095367432,6.03000020980835,5.940000057220459,5.980000019073486,5.879026889801025,394200
ELSH.CA,Real Estate,2025-01-01 22:00:00,5.980000019073486,6.150000095367432,6.019999980926514,6.110000133514404,6.006832122802734,288251
ELSH.CA,Real Estate,2025-01-04 22:00:00,6.110000133514404,6.179999828338623,6.099999904632568,6.139999866485596,6.036324977874756,318869
ELSH.CA,Real Estate,2025-01-05 22:00:00,6.139999866485596,6.170000076293945,6.079999923706055,6.099999904632568,5.997000694274902,404697
ELSH.CA,Real Estate,2025-01-07 22:00:00,6.099999904632568,6.119999885559082,5.989999771118164,6.039999961853027,5.938013553619385,895277
ELSH.CA,Real Estate,2025-01-08 22:00:00,6.039999961853027,6.079999923706055,6.010000228881836,6.050000190734863,5.947844982147217,499161
ELSH.CA,Real Estate,2025-01-11 22:00:00,6.050000190734863,6.050000190734863,5.929999828338623,6.019999980926514,5.918351173400879,647102
ELSH.CA,Real Estate,2025-01-12 22:00:00,6.019999980926514,6.079999923706055,5.829999923706055,5.849999904632568,5.751221656799316,769126
ELSH.CA,Real Estate,2025-01-13 22:00:00,5.849999904632568,5.900000095367432,5.730000019073486,5.840000152587891,5.741390705108643,666961
ELSH.CA,Real Estate,2025-01-14 22:00:00,5.840000152587891,6.059999942779541,5.909999847412109,6.0,5.898689270019531,781394
ELSH.CA,Real Estate,2025-01-15 22:00:00,6.0,6.079999923706055,5.980000019073486,6.03000020980835,5.928182601928711,1082287
ELSH.CA,Real Estate,2025-01-18 22:00:00,6.0,6.110000133514404,5.980000019073486,6.070000171661377,5.9675068855285645,2181737
ELSH.CA,Real Estate,2025-01-19 22:00:00,6.050000190734863,6.110000133514404,6.019999980926514,6.03000020980835,5.928182601928711,771197
ELSH.CA,Real Estate,2025-01-20 22:00:00,6.03000020980835,6.230000019073486,6.03000020980835,6.110000133514404,6.006832122802734,2158258
ELSH.CA,Real Estate,2025-01-21 22:00:00,6.110000133514404,6.199999809265137,6.079999923706055,6.099999904632568,5.997000694274902,719855
ELSH.CA,Real Estate,2025-01-22 22:00:00,6.099999904632568,6.210000038146973,6.090000152587891,6.099999904632568,5.997000694274902,1006721
ELSH.CA,Real Estate,2025-01-25 22:00:00,6.099999904632568,6.159999847412109,6.050000190734863,6.059999942779541,5.957675933837891,550495
ELSH.CA,Real Estate,2025-01-26 22:00:00,6.059999942779541,6.099999904632568,5.96999979019165,5.96999979019165,5.869195461273193,611024
ELSH.CA,Real Estate,2025-01-27 22:00:00,5.96999979019165,6.039999961853027,5.960000038146973,6.0,5.898689270019531,552933
ELSH.CA,Real Estate,2025-01-28 22:00:00,6.0,6.179999828338623,6.0,6.119999885559082,6.01666259765625,1159244
ELSH.CA,Real Estate,2025-01-29 22:00:00,6.119999885559082,6.269999980926514,6.130000114440918,6.139999866485596,6.036324977874756,2016023
ELSH.CA,Real Estate,2025-02-01 22:00:00,6.139999866485596,6.199999809265137,6.059999942779541,6.070000171661377,5.9675068855285645,516298
ELSH.CA,Real Estate,2025-02-02 22:00:00,6.070000171661377,6.099999904632568,6.0,6.019999980926514,5.918351173400879,1039875
ELSH.CA,Real Estate,2025-02-03 22:00:00,6.019999980926514,6.090000152587891,6.010000228881836,6.019999980926514,5.918351173400879,491125
ELSH.CA,Real Estate,2025-02-04 22:00:00,6.019999980926514,6.179999828338623,6.019999980926514,6.119999885559082,6.01666259765625,1102850
ELSH.CA,Real Estate,2025-02-05 22:00:00,6.119999885559082,6.159999847412109,6.079999923706055,6.090000152587891,5.9871697425842285,483719
ELSH.CA,Real Estate,2025-02-08 22:00:00,6.090000152587891,6.429999828338623,6.099999904632568,6.349999904632568,6.24277925491333,5207513
ELSH.CA,Real Estate,2025-02-09 22:00:00,6.349999904632568,6.389999866485596,6.190000057220459,6.199999809265137,6.095311641693115,1807410
ELSH.CA,Real Estate,2025-02-10 22:00:00,6.199999809265137,6.210000038146973,6.0,6.0,5.898689270019531,1316514
ELSH.CA,Real Estate,2025-02-11 22:00:00,6.0,6.019999980926514,5.889999866485596,5.929999828338623,5.829870700836182,686945
ELSH.CA,Real Estate,2025-02-12 22:00:00,5.929999828338623,6.050000190734863,5.920000076293945,5.940000057220459,5.839702129364014,955875
ELSH.CA,Real Estate,2025-02-15 22:00:00,5.940000057220459,6.090000152587891,5.960000038146973,6.050000190734863,5.947844982147217,843029
ELSH.CA,Real Estate,2025-02-16 22:00:00,6.050000190734863,6.21999979019165,6.050000190734863,6.090000152587891,5.9871697425842285,1870466
ELSH.CA,Real Estate,2025-02-17 22:00:00,6.090000152587891,6.150000095367432,6.050000190734863,6.079999923706055,5.977337837219238,1124028
ELSH.CA,Real Estate,2025-02-18 22:00:00,6.079999923706055,6.179999828338623,6.059999942779541,6.090000152587891,5.9871697425842285,1372025
ELSH.CA,Real Estate,2025-02-19 22:00:00,6.090000152587891,6.139999866485596,6.050000190734863,6.090000152587891,5.9871697425842285,560173
ELSH.CA,Real Estate,2025-02-22 22:00:00,6.090000152587891,6.159999847412109,6.050000190734863,6.119999885559082,6.01666259765625,620261
ELSH.CA,Real Estate,2025-02-23 22:00:00,6.119999885559082,6.210000038146973,6.110000133514404,6.119999885559082,6.01666259765625,1562413
ELSH.CA,Real Estate,2025-02-24 22:00:00,6.119999885559082,6.199999809265137,6.059999942779541,6.090000152587891,5.9871697425842285,1200226
ELSH.CA,Real Estate,2025-02-25 22:00:00,6.090000152587891,6.150000095367432,6.050000190734863,6.050000190734863,5.947844982147217,737121
ELSH.CA,Real Estate,2025-02-26 22:00:00,6.050000190734863,6.090000152587891,6.010000228881836,6.03000020980835,5.928182601928711,534098
ELSH.CA,Real Estate,2025-03-01 22:00:00,6.03000020980835,6.099999904632568,6.019999980926514,6.03000020980835,5.928182601928711,499875
ELSH.CA,Real Estate,2025-03-02 22:00:00,6.03000020980835,6.139999866485596,6.039999961853027,6.059999942779541,5.957675933837891,496126
ELSH.CA,Real Estate,2025-03-03 22:00:00,6.059999942779541,6.099999904632568,6.03000020980835,6.039999961853027,5.938013553619385,550315
ELSH.CA,Real Estate,2025-03-04 22:00:00,6.039999961853027,6.050000190734863,5.960000038146973,5.960000038146973,5.8593645095825195,371148
ELSH.CA,Real Estate,2025-03-05 22:00:00,5.960000038146973,6.019999980926514,5.949999809265137,5.989999771118164,5.888857841491699,345744
ELSH.CA,Real Estate,2025-03-08 22:00:00,5.989999771118164,6.059999942779541,6.0,6.010000228881836,5.908520221710205,394239
ELSH.CA,Real Estate,2025-03-09 22:00:00,6.010000228881836,6.150000095367432,6.039999961853027,6.110000133514404,6.006832122802734,934069
ELSH.CA,Real Estate,2025-03-10 22:00:00,6.110000133514404,6.099999904632568,6.039999961853027,6.090000152587891,5.9871697425842285,670403
ELSH.CA,Real Estate,2025-03-11 22:00:00,6.090000152587891,6.099999904632568,6.050000190734863,6.059999942779541,5.957675933837891,296420
ELSH.CA,Real Estate,2025-03-12 22:00:00,6.059999942779541,6.139999866485596,6.050000190734863,6.059999942779541,5.957675933837891,465201
ELSH.CA,Real Estate,2025-03-15 22:00:00,6.059999942779541,6.110000133514404,6.03000020980835,6.079999923706055,5.977337837219238,630771
ELSH.CA,Real Estate,2025-03-16 22:00:00,6.079999923706055,6.429999828338623,6.110000133514404,6.230000019073486,6.124805450439453,4605120
ELSH.CA,Real Estate,2025-03-17 22:00:00,6.230000019073486,6.360000133514404,6.21999979019165,6.260000228881836,6.154299259185791,2814873
ELSH.CA,Real Estate,2025-03-18 22:00:00,6.260000228881836,6.690000057220459,6.340000152587891,6.480000019073486,6.370584487915039,7893071
ELSH.CA,Real Estate,2025-03-19 22:00:00,6.480000019073486,6.599999904632568,6.369999885559082,6.400000095367432,6.291934490203857,2832506
ELSH.CA,Real Estate,2025-03-22 22:00:00,6.400000095367432,6.53000020980835,6.409999847412109,6.5,6.390246868133545,1842702
ELSH.CA,Real Estate,2025-03-23 22:00:00,6.5,6.739999771118164,6.510000228881836,6.53000020980835,6.419739723205566,4035355
ELSH.CA,Real Estate,2025-03-24 22:00:00,6.53000020980835,6.599999904632568,6.369999885559082,6.400000095367432,6.291934490203857,1893053
ELSH.CA,Real Estate,2025-03-25 22:00:00,6.400000095367432,6.46999979019165,6.320000171661377,6.369999885559082,6.262441635131836,1035853
ELSH.CA,Real Estate,2025-03-26 22:00:00,6.369999885559082,6.429999828338623,6.360000133514404,6.380000114440918,6.272273063659668,689543
ELSH.CA,Real Estate,2025-04-02 22:00:00,6.380000114440918,6.449999809265137,6.320000171661377,6.369999885559082,6.262441635131836,1054393
ELSH.CA,Real Estate,2025-04-05 22:00:00,6.369999885559082,6.21999979019165,6.059999942779541,6.110000133514404,6.006832122802734,1878830
ELSH.CA,Real Estate,2025-04-06 22:00:00,6.110000133514404,6.130000114440918,5.989999771118164,6.130000114440918,6.026494026184082,925600
ELSH.CA,Real Estate,2025-04-07 22:00:00,6.130000114440918,6.960000038146973,6.150000095367432,6.840000152587891,6.72450590133667,20219457
ELSH.CA,Real Estate,2025-04-08 22:00:00,6.840000152587891,6.800000190734863,6.25,6.25,6.144467830657959,6339272
ELSH.CA,Real Estate,2025-04-09 22:00:00,6.25,6.679999828338623,6.400000095367432,6.400000095367432,6.291934490203857,2990251
ELSH.CA,Real Estate,2025-04-12 22:00:00,6.400000095367432,6.590000152587891,6.409999847412109,6.579999923706055,6.468895435333252,1649317
ELSH.CA,Real Estate,2025-04-13 22:00:00,6.579999923706055,6.71999979019165,6.489999771118164,6.489999771118164,6.380415439605713,3962826
ELSH.CA,Real Estate,2025-04-14 22:00:00,6.489999771118164,6.619999885559082,6.449999809265137,6.46999979019165,6.360752582550049,1869332
ELSH.CA,Real Estate,2025-04-15 22:00:00,6.46999979019165,6.559999942779541,6.420000076293945,6.440000057220459,6.331259727478027,982733
ELSH.CA,Real Estate,2025-04-16 22:00:00,6.440000057220459,6.599999904632568,6.449999809265137,6.539999961853027,6.42957067489624,1820468
ELSH.CA,Real Estate,2025-04-21 22:00:00,6.539999961853027,6.789999961853027,6.559999942779541,6.739999771118164,6.626194000244141,5248694
ELSH.CA,Real Estate,2025-04-22 22:00:00,6.739999771118164,6.860000133514404,6.699999809265137,6.78000020980835,6.665518760681152,2562814
ELSH.CA,Real Estate,2025-04-26 21:00:00,6.78000020980835,6.849999904632568,6.699999809265137,6.730000019073486,6.616363048553467,2548222
ELSH.CA,Real Estate,2025-04-27 21:00:00,6.730000019073486,6.760000228881836,6.659999847412109,6.679999828338623,6.567207336425781,1005478
ELSH.CA,Real Estate,2025-04-28 21:00:00,6.679999828338623,6.75,6.619999885559082,6.619999885559082,6.508220672607422,746307
ELSH.CA,Real Estate,2025-04-29 21:00:00,6.619999885559082,6.699999809265137,6.599999904632568,6.619999885559082,6.508220672607422,774037
ELSH.CA,Real Estate,2025-05-03 21:00:00,6.619999885559082,7.190000057220459,6.659999847412109,7.119999885559082,6.999777317047119,10366183
ELSH.CA,Real Estate,2025-05-04 21:00:00,7.119999885559082,7.150000095367432,6.949999809265137,7.039999961853027,6.921128273010254,4020933
ELSH.CA,Real Estate,2025-05-05 21:00:00,7.039999961853027,7.210000038146973,7.0,7.039999961853027,6.921128273010254,4405665
ELSH.CA,Real Estate,2025-05-06 21:00:00,7.039999961853027,7.389999866485596,7.070000171661377,7.119999885559082,6.999777317047119,9101966
ELSH.CA,Real Estate,2025-05-07 21:00:00,7.119999885559082,7.260000228881836,7.010000228881836,7.099999904632568,6.9801154136657715,2698751
ELSH.CA,Real Estate,2025-05-10 21:00:00,7.099999904632568,7.239999771118164,7.059999942779541,7.090000152587891,6.970284461975098,2022067
ELSH.CA,Real Estate,2025-05-11 21:00:00,7.090000152587891,7.25,6.96999979019165,7.099999904632568,6.9801154136657715,1862899
ELSH.CA,Real Estate,2025-05-12 21:00:00,7.099999904632568,7.139999866485596,6.920000076293945,6.960000038146973,6.842479705810547,1871938
ELSH.CA,Real Estate,2025-05-13 21:00:00,6.960000038146973,7.059999942779541,6.880000114440918,6.909999847412109,6.793323040008545,1006606
ELSH.CA,Real Estate,2025-05-14 21:00:00,6.909999847412109,7.150000095367432,6.900000095367432,7.110000133514404,6.989946365356445,4167900
ELSH.CA,Real Estate,2025-05-17 21:00:00,7.110000133514404,7.349999904632568,7.119999885559082,7.349999904632568,7.225893974304199,5577187
ELSH.CA,Real Estate,2025-05-18 21:00:00,7.349999904632568,7.400000095367432,7.25,7.380000114440918,7.255387306213379,4963228
ELSH.CA,Real Estate,2025-05-19 21:00:00,7.380000114440918,7.449999809265137,7.260000228881836,7.260000228881836,7.137413501739502,4140441
ELSH.CA,Real Estate,2025-05-20 21:00:00,7.260000228881836,7.329999923706055,7.210000038146973,7.21999979019165,7.098089218139648,1652241
ELSH.CA,Real Estate,2025-05-21 21:00:00,7.21999979019165,7.269999980926514,7.170000076293945,7.210000038146973,7.088258266448975,1042974
ELSH.CA,Real Estate,2025-05-24 21:00:00,7.210000038146973,7.559999942779541,7.199999809265137,7.519999980926514,7.393023490905762,6833990
ELSH.CA,Real Estate,2025-05-25 21:00:00,7.519999980926514,7.650000095367432,7.46999979019165,7.46999979019165,7.343867778778076,5409015
ELSH.CA,Real Estate,2025-05-26 21:00:00,7.46999979019165,7.650000095367432,7.449999809265137,7.650000095367432,7.5208282470703125,3316906
ELSH.CA,Real Estate,2025-05-27 21:00:00,7.650000095367432,7.739999771118164,7.579999923706055,7.659999847412109,7.5306596755981445,3953675
ELSH.CA,Real Estate,2025-05-28 21:00:00,7.659999847412109,7.71999979019165,7.489999771118164,7.599999904632568,7.471672534942627,2319601
ELSH.CA,Real Estate,2025-05-31 21:00:00,7.599999904632568,7.829999923706055,7.579999923706055,7.75,7.619140148162842,4692732
ELSH.CA,Real Estate,2025-06-01 21:00:00,7.75,7.800000190734863,7.670000076293945,7.699999809265137,7.569983959197998,2712241
ELSH.CA,Real Estate,2025-06-02 21:00:00,7.699999809265137,8.300000190734863,7.71999979019165,8.25,8.110696792602539,6936693
ELSH.CA,Real Estate,2025-06-03 21:00:00,8.25,8.359999656677246,7.980000019073486,8.149999618530273,8.012385368347168,5229270
ELSH.CA,Real Estate,2025-06-09 21:00:00,8.149999618530273,8.289999961853027,8.119999885559082,8.15999984741211,8.022217750549316,3491347
ELSH.CA,Real Estate,2025-06-10 21:00:00,8.15999984741211,8.239999771118164,7.860000133514404,7.920000076293945,7.7862701416015625,2972723
ELSH.CA,Real Estate,2025-06-11 21:00:00,7.920000076293945,7.909999847412109,7.570000171661377,7.599999904632568,7.471672534942627,2785700
ELSH.CA,Real Estate,2025-06-14 21:00:00,7.599999904632568,7.090000152587891,6.559999942779541,7.039999961853027,6.921128273010254,1209431
ELSH.CA,Real Estate,2025-06-15 21:00:00,7.039999961853027,7.320000171661377,6.960000038146973,7.039999961853027,6.921128273010254,2462254
ELSH.CA,Real Estate,2025-06-16 21:00:00,7.039999961853027,7.130000114440918,6.75,6.75,6.6360249519348145,1491289
ELSH.CA,Real Estate,2025-06-17 21:00:00,6.75,6.940000057220459,6.659999847412109,6.840000152587891,6.72450590133667,1588853
ELSH.CA,Real Estate,2025-06-18 21:00:00,6.840000152587891,6.920000076293945,6.590000152587891,6.679999828338623,6.567207336425781,1141605
ELSH.CA,Real Estate,2025-06-21 21:00:00,6.679999828338623,6.820000171661377,6.550000190734863,6.800000190734863,6.6851806640625,1194465
ELSH.CA,Real Estate,2025-06-22 21:00:00,6.800000190734863,7.090000152587891,6.869999885559082,7.079999923706055,6.960453033447266,1744256
ELSH.CA,Real Estate,2025-06-23 21:00:00,4.71999979019165,4.900000095367432,4.733333110809326,4.853332996368408,4.771383762359619,8052061
ELSH.CA,Real Estate,2025-06-24 21:00:00,4.853332996368408,4.940000057220459,4.813333034515381,4.920000076293945,4.836925506591797,4733503
ELSH.CA,Real Estate,2025-06-28 21:00:00,7.380000114440918,7.630000114440918,7.420000076293945,7.510000228881836,7.383192539215088,4196304
ELSH.CA,Real Estate,2025-06-29 21:00:00,7.510000228881836,7.699999809265137,7.420000076293945,7.46999979019165,7.343867778778076,5819832
ELSH.CA,Real Estate,2025-06-30 21:00:00,7.46999979019165,7.570000171661377,7.349999904632568,7.380000114440918,7.255387306213379,2471626
ELSH.CA,Real Estate,2025-07-01 21:00:00,7.380000114440918,7.480000019073486,7.309999942779541,7.400000095367432,7.3246750831604,2264940
ELSH.CA,Real Estate,2025-07-05 21:00:00,7.400000095367432,8.0,7.670000076293945,7.710000038146973,7.631519794464111,10600681
ELSH.CA,Real Estate,2025-07-06 21:00:00,7.710000038146973,7.800000190734863,7.539999961853027,7.599999904632568,7.52263879776001,2173579
ELSH.CA,Real Estate,2025-07-08 21:00:00,7.599999904632568,7.75,7.590000152587891,7.610000133514404,7.532537460327148,1743274
ELSH.CA,Real Estate,2025-07-09 21:00:00,7.610000133514404,7.690000057220459,7.559999942779541,7.610000133514404,7.532537460327148,1572322
ELSH.CA,Real Estate,2025-07-12 21:00:00,7.610000133514404,7.710000038146973,7.519999980926514,7.650000095367432,7.57213020324707,1497993
ELSH.CA,Real Estate,2025-07-13 21:00:00,7.650000095367432,7.710000038146973,7.579999923706055,7.699999809265137,7.621621131896973,2332114
ELSH.CA,Real Estate,2025-07-14 21:00:00,7.699999809265137,7.769999980926514,7.659999847412109,7.670000076293945,7.591926574707031,3723290
ELSH.CA,Real Estate,2025-07-15 21:00:00,7.670000076293945,7.71999979019165,7.559999942779541,7.559999942779541,7.483046054840088,2284085
ELSH.CA,Real Estate,2025-07-16 21:00:00,7.559999942779541,7.900000095367432,7.610000133514404,7.820000171661377,7.740400314331055,9282433
ELSH.CA,Real Estate,2025-07-19 21:00:00,7.820000171661377,7.980000019073486,7.849999904632568,7.849999904632568,7.770094394683838,7378127
ELSH.CA,Real Estate,2025-07-20 21:00:00,7.849999904632568,7.900000095367432,7.690000057220459,7.710000038146973,7.631519794464111,3662546
ELSH.CA,Real Estate,2025-07-21 21:00:00,7.710000038146973,7.730000019073486,7.510000228881836,7.550000190734863,7.473148345947266,1600828
ELSH.CA,Real Estate,2025-07-22 21:00:00,7.550000190734863,7.550000190734863,7.550000190734863,7.550000190734863,7.473148345947266,0
ELSH.CA,Real Estate,2025-07-26 21:00:00,7.440000057220459,7.550000190734863,7.420000076293945,7.420000076293945,7.344471454620361,1275370
ELSH.CA,Real Estate,2025-07-27 21:00:00,7.420000076293945,7.489999771118164,7.0,7.199999809265137,7.126710891723633,2163379
ELSH.CA,Real Estate,2025-07-28 21:00:00,7.199999809265137,7.25,7.050000190734863,7.199999809265137,7.126710891723633,1529680
ELSH.CA,Real Estate,2025-07-29 21:00:00,7.199999809265137,7.340000152587891,7.0,7.0,6.928746700286865,1500455
ELSH.CA,Real Estate,2025-07-30 21:00:00,7.0,7.21999979019165,7.010000228881836,7.130000114440918,7.0574235916137695,1645613
ELSH.CA,Real Estate,2025-08-02 21:00:00,7.130000114440918,7.130000114440918,7.130000114440918,7.130000114440918,7.0574235916137695,0
ELSH.CA,Real Estate,2025-08-03 21:00:00,7.130000114440918,7.130000114440918,7.130000114440918,7.130000114440918,7.0574235916137695,0
ELSH.CA,Real Estate,2025-08-04 21:00:00,7.130000114440918,7.130000114440918,7.130000114440918,7.130000114440918,7.0574235916137695,0
ELSH.CA,Real Estate,2025-08-05 21:00:00,7.130000114440918,7.130000114440918,7.130000114440918,7.130000114440918,7.0574235916137695,0
ELSH.CA,Real Estate,2025-08-06 21:00:00,7.130000114440918,7.130000114440918,7.130000114440918,7.130000114440918,7.0574235916137695,0
ELSH.CA,Real Estate,2025-08-09 21:00:00,7.710000038146973,7.789999961853027,7.599999904632568,7.639999866485596,7.56223201751709,2057153
ELSH.CA,Real Estate,2025-08-10 21:00:00,7.639999866485596,7.690000057220459,7.429999828338623,7.449999809265137,7.374166011810303,3721459
ELSH.CA,Real Estate,2025-08-11 21:00:00,7.449999809265137,7.5,7.369999885559082,7.46999979019165,7.393962383270264,3136707
ELSH.CA,Real Estate,2025-08-12 21:00:00,7.46999979019165,7.550000190734863,7.300000190734863,7.360000133514404,7.2850823402404785,1811065
ELSH.CA,Real Estate,2025-08-13 21:00:00,7.360000133514404,7.420000076293945,7.260000228881836,7.320000171661377,7.245489597320557,1123902
ELSH.CA,Real Estate,2025-08-16 21:00:00,7.320000171661377,7.400000095367432,7.269999980926514,7.329999923706055,7.255387306213379,1195863
ELSH.CA,Real Estate,2025-08-17 21:00:00,7.329999923706055,7.420000076293945,7.300000190734863,7.320000171661377,7.245489597320557,1593891
ELSH.CA,Real Estate,2025-08-18 21:00:00,7.320000171661377,7.360000133514404,7.28000020980835,7.329999923706055,7.255387306213379,1658988
ELSH.CA,Real Estate,2025-08-19 21:00:00,7.329999923706055,7.400000095367432,7.269999980926514,7.300000190734863,7.225693225860596,1269840
ELSH.CA,Real Estate,2025-08-20 21:00:00,7.300000190734863,7.360000133514404,7.25,7.269999980926514,7.195998191833496,1065527
ELSH.CA,Real Estate,2025-08-23 21:00:00,7.269999980926514,7.360000133514404,7.300000190734863,7.309999942779541,7.235590934753418,981132
ELSH.CA,Real Estate,2025-08-24 21:00:00,7.309999942779541,7.670000076293945,7.360000133514404,7.519999980926514,7.443453788757324,5384812
ELSH.CA,Real Estate,2025-08-25 21:00:00,7.519999980926514,7.579999923706055,7.420000076293945,7.46999979019165,7.393962383270264,1667896
ELSH.CA,Real Estate,2025-08-26 21:00:00,7.46999979019165,7.800000190734863,7.460000038146973,7.710000038146973,7.631519794464111,7736045
ELSH.CA,Real Estate,2025-08-27 21:00:00,7.710000038146973,7.829999923706055,7.599999904632568,7.670000076293945,7.591926574707031,2739035
ELSH.CA,Real Estate,2025-08-30 21:00:00,7.670000076293945,7.760000228881836,7.409999847412109,7.429999828338623,7.354369640350342,2137525
ELSH.CA,Real Estate,2025-08-31 21:00:00,7.429999828338623,7.75,7.400000095367432,7.75,7.671112537384033,3535107
ELSH.CA,Real Estate,2025-09-01 21:00:00,7.75,7.96999979019165,7.78000020980835,7.949999809265137,7.869076251983643,5554830
ELSH.CA,Real Estate,2025-09-02 21:00:00,7.949999809265137,8.220000267028809,7.96999979019165,8.0,7.918567657470703,8472669
ELSH.CA,Real Estate,2025-09-06 21:00:00,8.0,8.170000076293945,7.800000190734863,7.829999923706055,7.750298023223877,4065416
ELSH.CA,Real Estate,2025-09-07 21:00:00,7.829999923706055,7.980000019073486,7.800000190734863,7.840000152587891,7.760196208953857,2122472
ELSH.CA,Real Estate,2025-09-08 21:00:00,7.840000152587891,8.079999923706055,7.829999923706055,7.900000095367432,7.81958532333374,3392790
ELSH.CA,Real Estate,2025-09-09 21:00:00,7.900000095367432,7.960000038146973,7.829999923706055,7.860000133514404,7.779992580413818,899689
ELSH.CA,Real Estate,2025-09-10 21:00:00,7.860000133514404,7.920000076293945,7.699999809265137,7.809999942779541,7.730501651763916,1626956
ELSH.CA,Real Estate,2025-09-13 21:00:00,7.809999942779541,8.069999694824219,7.739999771118164,7.880000114440918,7.799788951873779,3947784
ELSH.CA,Real Estate,2025-09-14 21:00:00,7.880000114440918,7.949999809265137,7.769999980926514,7.789999961853027,7.710705280303955,1362913
ELSH.CA,Real Estate,2025-09-15 21:00:00,7.789999961853027,7.840000152587891,7.550000190734863,7.599999904632568,7.52263879776001,2407645
ELSH.CA,Real Estate,2025-09-16 21:00:00,7.599999904632568,7.659999847412109,7.559999942779541,7.610000133514404,7.532537460327148,685479
ELSH.CA,Real Estate,2025-09-17 21:00:00,7.610000133514404,7.699999809265137,7.559999942779541,7.579999923706055,7.502842426300049,1585787
ELSH.CA,Real Estate,2025-09-20 21:00:00,7.579999923706055,7.659999847412109,7.400000095367432,7.400000095367432,7.3246750831604,1942933
ELSH.CA,Real Estate,2025-09-21 21:00:00,7.400000095367432,7.449999809265137,7.300000190734863,7.360000133514404,7.2850823402404785,1696400
ELSH.CA,Real Estate,2025-09-22 21:00:00,7.360000133514404,7.480000019073486,7.349999904632568,7.360000133514404,7.2850823402404785,824892
ELSH.CA,Real Estate,2025-09-23 21:00:00,7.360000133514404,7.440000057220459,7.360000133514404,7.400000095367432,7.3246750831604,331364
ELSH.CA,Real Estate,2025-09-24 21:00:00,7.400000095367432,7.510000228881836,7.400000095367432,7.409999847412109,7.334573268890381,1646032
ELSH.CA,Real Estate,2025-09-27 21:00:00,7.409999847412109,7.670000076293945,7.429999828338623,7.599999904632568,7.52263879776001,2631443
ELSH.CA,Real Estate,2025-09-28 21:00:00,7.599999904632568,7.650000095367432,7.5,7.53000020980835,7.453351974487305,860206
ELSH.CA,Real Estate,2025-09-29 21:00:00,7.53000020980835,7.699999809265137,7.539999961853027,7.579999923706055,7.502842426300049,1443054
ELSH.CA,Real Estate,2025-09-30 21:00:00,7.579999923706055,7.659999847412109,7.510000228881836,7.559999942779541,7.483046054840088,1154430
ELSH.CA,Real Estate,2025-10-01 21:00:00,7.559999942779541,7.599999904632568,7.420000076293945,7.46999979019165,7.393962383270264,1575791
ELSH.CA,Real Estate,2025-10-04 21:00:00,7.46999979019165,7.570000171661377,7.46999979019165,7.519999980926514,7.443453788757324,1399119
ELSH.CA,Real Estate,2025-10-05 21:00:00,7.519999980926514,7.650000095367432,7.489999771118164,7.650000095367432,7.57213020324707,1641959
ELSH.CA,Real Estate,2025-10-06 21:00:00,7.650000095367432,7.849999904632568,7.679999828338623,7.699999809265137,7.621621131896973,3291662
ELSH.CA,Real Estate,2025-10-07 21:00:00,7.699999809265137,7.800000190734863,7.650000095367432,7.699999809265137,7.621621131896973,1450459
ELSH.CA,Real Estate,2025-10-11 21:00:00,7.699999809265137,7.75,7.630000114440918,7.630000114440918,7.552333831787109,970068
ELSH.CA,Real Estate,2025-10-12 21:00:00,7.630000114440918,7.699999809265137,7.550000190734863,7.639999866485596,7.56223201751709,1758739
ELSH.CA,Real Estate,2025-10-13 21:00:00,7.639999866485596,7.679999828338623,7.590000152587891,7.599999904632568,7.52263879776001,938763
ELSH.CA,Real Estate,2025-10-14 21:00:00,7.599999904632568,7.650000095367432,7.5,7.570000171661377,7.492944717407227,1358787
ELSH.CA,Real Estate,2025-10-15 21:00:00,7.570000171661377,7.800000190734863,7.570000171661377,7.71999979019165,7.641417503356934,3315913
ELSH.CA,Real Estate,2025-10-18 21:00:00,7.71999979019165,8.100000381469727,7.800000190734863,8.0,7.918567657470703,11209536
ELSH.CA,Real Estate,2025-10-19 21:00:00,8.0,8.140000343322754,7.909999847412109,7.949999809265137,7.869076251983643,7536675
ELSH.CA,Real Estate,2025-10-20 21:00:00,7.949999809265137,8.029999732971191,7.760000228881836,7.840000152587891,7.760196208953857,2767688
ELSH.CA,Real Estate,2025-10-21 21:00:00,7.840000152587891,7.929999828338623,7.800000190734863,7.860000133514404,7.779992580413818,1183501
ELSH.CA,Real Estate,2025-10-22 21:00:00,7.860000133514404,8.039999961853027,7.860000133514404,7.900000095367432,7.81958532333374,2297990
ELSH.CA,Real Estate,2025-10-25 21:00:00,7.900000095367432,8.0600004196167,7.949999809265137,7.960000038146973,7.878974914550781,1779817
ELSH.CA,Real Estate,2025-10-26 21:00:00,7.960000038146973,8.039999961853027,7.920000076293945,7.929999828338623,7.849279880523682,1361211
ELSH.CA,Real Estate,2025-10-27 21:00:00,7.929999828338623,8.449999809265137,7.849999904632568,8.449999809265137,8.36398696899414,16435718
ELSH.CA,Real Estate,2025-10-28 21:00:00,8.449999809265137,8.5600004196167,8.289999961853027,8.289999961853027,8.205615997314453,11629579
ELSH.CA,Real Estate,2025-10-29 21:00:00,8.289999961853027,8.399999618530273,8.180000305175781,8.199999809265137,8.116531372070312,3398240
ELSH.CA,Real Estate,2025-11-01 22:00:00,8.199999809265137,8.350000381469727,8.149999618530273,8.260000228881836,8.175921440124512,4109329
ELSH.CA,Real Estate,2025-11-02 22:00:00,8.260000228881836,8.609999656677246,8.279999732971191,8.489999771118164,8.403579711914062,11943134
ELSH.CA,Real Estate,2025-11-03 22:00:00,8.489999771118164,8.579999923706055,8.40999984741211,8.510000228881836,8.42337703704834,6786199
ELSH.CA,Real Estate,2025-11-04 22:00:00,8.510000228881836,8.6899995803833,8.329999923706055,8.390000343322754,8.304597854614258,6221265
ELSH.CA,Real Estate,2025-11-05 22:00:00,8.390000343322754,8.449999809265137,8.199999809265137,8.25,8.166022300720215,3196785
ELSH.CA,Real Estate,2025-11-08 22:00:00,8.25,8.300000190734863,8.140000343322754,8.149999618530273,8.06704044342041,3213820
ELSH.CA,Real Estate,2025-11-09 22:00:00,8.149999618530273,8.329999923706055,8.140000343322754,8.180000305175781,8.096735954284668,2091709
ELSH.CA,Real Estate,2025-11-10 22:00:00,8.180000305175781,8.3100004196167,8.170000076293945,8.180000305175781,8.096735954284668,2474786
ELSH.CA,Real Estate,2025-11-11 22:00:00,8.180000305175781,8.25,8.119999885559082,8.149999618530273,8.06704044342041,2199140
ELSH.CA,Real Estate,2025-11-12 22:00:00,8.149999618530273,8.390000343322754,8.15999984741211,8.350000381469727,8.265005111694336,4707474
ELSH.CA,Real Estate,2025-11-15 22:00:00,8.350000381469727,9.039999961853027,8.4399995803833,8.979999542236328,8.888591766357422,21452532
ELSH.CA,Real Estate,2025-11-16 22:00:00,8.979999542236328,9.199999809265137,8.699999809265137,8.850000381469727,8.759915351867676,8247434
ELSH.CA,Real Estate,2025-11-17 22:00:00,8.850000381469727,9.0,8.729999542236328,8.800000190734863,8.710424423217773,2141565
ELSH.CA,Real Estate,2025-11-18 22:00:00,8.800000190734863,9.369999885559082,8.739999771118164,9.199999809265137,9.106352806091309,10788044
ELSH.CA,Real Estate,2025-11-19 22:00:00,9.199999809265137,9.539999961853027,8.800000190734863,8.8100004196167,8.720322608947754,11502991
ELSH.CA,Real Estate,2025-11-22 22:00:00,8.8100004196167,8.920000076293945,8.760000228881836,8.800000190734863,8.710424423217773,2213274
ELSH.CA,Real Estate,2025-11-23 22:00:00,8.800000190734863,8.859999656677246,8.649999618530273,8.720000267028809,8.63123893737793,1721290
ELSH.CA,Real Estate,2025-11-24 22:00:00,8.720000267028809,8.800000190734863,8.25,8.350000381469727,8.265005111694336,4552446
ELSH.CA,Real Estate,2025-11-25 22:00:00,8.350000381469727,8.529999732971191,8.270000457763672,8.329999923706055,8.245208740234375,2419786
ELSH.CA,Real Estate,2025-11-26 22:00:00,8.329999923706055,8.380000114440918,8.149999618530273,8.270000457763672,8.185819625854492,2256483
ELSH.CA,Real Estate,2025-11-29 22:00:00,8.270000457763672,8.350000381469727,8.140000343322754,8.1899995803833,8.106633186340332,2144081
ELSH.CA,Real Estate,2025-11-30 22:00:00,8.1899995803833,8.3100004196167,8.140000343322754,8.180000305175781,8.096735954284668,2998983
ELSH.CA,Real Estate,2025-12-01 22:00:00,8.180000305175781,8.270000457763672,8.149999618530273,8.170000076293945,8.086836814880371,1284865
ELSH.CA,Real Estate,2025-12-02 22:00:00,8.170000076293945,8.300000190734863,8.149999618530273,8.15999984741211,8.07693862915039,3349095
ELSH.CA,Real Estate,2025-12-03 22:00:00,8.15999984741211,8.239999771118164,8.100000381469727,8.210000038146973,8.126429557800293,2771179
ELSH.CA,Real Estate,2025-12-06 22:00:00,8.210000038146973,8.350000381469727,8.220000267028809,8.300000190734863,8.215514183044434,2298043
ELSH.CA,Real Estate,2025-12-07 22:00:00,8.300000190734863,8.369999885559082,8.260000228881836,8.270000457763672,8.185819625854492,1338951
ELSH.CA,Real Estate,2025-12-08 22:00:00,8.270000457763672,8.319999694824219,8.260000228881836,8.300000190734863,8.215514183044434,905488
ELSH.CA,Real Estate,2025-12-09 22:00:00,8.300000190734863,8.470000267028809,8.300000190734863,8.300000190734863,8.215514183044434,2175840
ELSH.CA,Real Estate,2025-12-10 22:00:00,8.300000190734863,8.350000381469727,8.210000038146973,8.220000267028809,8.13632869720459,1926854
ELSH.CA,Real Estate,2025-12-13 22:00:00,8.220000267028809,8.470000267028809,8.210000038146973,8.449999809265137,8.36398696899414,3224855
ELSH.CA,Real Estate,2025-12-14 22:00:00,8.449999809265137,8.5600004196167,8.350000381469727,8.369999885559082,8.284801483154297,2132604
ELSH.CA,Real Estate,2025-12-15 22:00:00,8.369999885559082,8.470000267028809,8.34000015258789,8.369999885559082,8.284801483154297,1668016
ELSH.CA,Real Estate,2025-12-16 22:00:00,8.369999885559082,8.40999984741211,8.25,8.25,8.166022300720215,1052605
ELSH.CA,Real Estate,2025-12-17 22:00:00,8.25,8.300000190734863,8.210000038146973,8.229999542236328,8.146225929260254,1496527
ELSH.CA,Real Estate,2025-12-20 22:00:00,8.229999542236328,8.3100004196167,8.180000305175781,8.210000038146973,8.126429557800293,1195057
ELSH.CA,Real Estate,2025-12-21 22:00:00,8.210000038146973,8.3100004196167,8.170000076293945,8.210000038146973,8.126429557800293,1131143
ELSH.CA,Real Estate,2025-12-22 22:00:00,8.210000038146973,8.319999694824219,8.149999618530273,8.319999694824219,8.235309600830078,2463934
ELSH.CA,Real Estate,2025-12-23 22:00:00,8.319999694824219,8.449999809265137,8.25,8.34000015258789,8.305017471313477,1787130
ELSH.CA,Real Estate,2025-12-24 22:00:00,8.34000015258789,8.430000305175781,8.300000190734863,8.359999656677246,8.324933052062988,881354
ELSH.CA,Real Estate,2025-12-27 22:00:00,8.359999656677246,8.600000381469727,8.399999618530273,8.460000038146973,8.424513816833496,2611531
ELSH.CA,Real Estate,2025-12-28 22:00:00,8.460000038146973,8.529999732971191,8.40999984741211,8.4399995803833,8.404597282409668,1215734
ELSH.CA,Real Estate,2025-12-29 22:00:00,8.4399995803833,8.4399995803833,8.34000015258789,8.369999885559082,8.334891319274902,1285203
ELSH.CA,Real Estate,2025-12-30 22:00:00,8.369999885559082,8.510000228881836,8.359999656677246,8.369999885559082,8.334891319274902,1540775
ELSH.CA,Real Estate,2026-01-03 22:00:00,8.369999885559082,8.399999618530273,8.149999618530273,8.170000076293945,8.135729789733887,2207258
ELSH.CA,Real Estate,2026-01-04 22:00:00,8.170000076293945,8.239999771118164,8.109999656677246,8.119999885559082,8.085939407348633,1654683
ELSH.CA,Real Estate,2026-01-05 22:00:00,8.119999885559082,8.199999809265137,8.119999885559082,8.15999984741211,8.125771522521973,880790
ELSH.CA,Real Estate,2026-01-07 22:00:00,8.15999984741211,8.199999809265137,8.100000381469727,8.100000381469727,8.066023826599121,884862
ELSH.CA,Real Estate,2026-01-10 22:00:00,8.100000381469727,8.1899995803833,8.100000381469727,8.180000305175781,8.1456880569458,993845
ELSH.CA,Real Estate,2026-01-11 22:00:00,8.180000305175781,8.239999771118164,7.949999809265137,8.0,7.966443061828613,2089963
ELSH.CA,Real Estate,2026-01-12 22:00:00,8.0,8.029999732971191,7.769999980926514,7.800000190734863,7.767282009124756,1148707
ELSH.CA,Real Estate,2026-01-13 22:00:00,7.800000190734863,7.800000190734863,7.53000020980835,7.599999904632568,7.568120956420898,867268
ELSH.CA,Real Estate,2026-01-14 22:00:00,7.599999904632568,7.679999828338623,7.349999904632568,7.389999866485596,7.359001636505127,1010943
ELSH.CA,Real Estate,2026-01-17 22:00:00,7.389999866485596,7.599999904632568,7.170000076293945,7.289999961853027,7.259421348571777,2732354
ELSH.CA,Real Estate,2026-01-18 22:00:00,7.289999961853027,7.489999771118164,7.300000190734863,7.46999979019165,7.438665866851807,2562062
ELSH.CA,Real Estate,2026-01-19 22:00:00,7.46999979019165,7.53000020980835,7.380000114440918,7.449999809265137,7.418749809265137,5114719
ELSH.CA,Real Estate,2026-01-20 22:00:00,7.449999809265137,7.449999809265137,7.349999904632568,7.420000076293945,7.388875961303711,1153264
ELSH.CA,Real Estate,2026-01-21 22:00:00,7.420000076293945,7.539999961853027,7.400000095367432,7.5,7.468540191650391,1232314
ELSH.CA,Real Estate,2026-01-24 22:00:00,7.5,7.550000190734863,7.329999923706055,7.340000152587891,7.309211730957031,1944807
ELSH.CA,Real Estate,2026-01-25 22:00:00,7.340000152587891,7.409999847412109,7.230000019073486,7.230000019073486,7.199672698974609,3384724
ELSH.CA,Real Estate,2026-01-26 22:00:00,7.230000019073486,7.260000228881836,7.0,7.050000190734863,7.02042818069458,2516178
ELSH.CA,Real Estate,2026-01-27 22:00:00,7.050000190734863,7.130000114440918,6.760000228881836,6.789999961853027,6.761518478393555,4029368
ELSH.CA,Real Estate,2026-01-31 22:00:00,6.789999961853027,7.050000190734863,6.800000190734863,7.050000190734863,7.02042818069458,2200769
ELSH.CA,Real Estate,2026-02-01 22:00:00,7.050000190734863,7.130000114440918,7.039999961853027,7.119999885559082,7.090134143829346,1604327
ELSH.CA,Real Estate,2026-02-02 22:00:00,7.119999885559082,7.260000228881836,7.010000228881836,7.150000095367432,7.12000846862793,9523837
ELSH.CA,Real Estate,2026-02-03 22:00:00,7.150000095367432,7.28000020980835,7.159999847412109,7.199999809265137,7.169798374176025,2517977
ELSH.CA,Real Estate,2026-02-04 22:00:00,7.199999809265137,7.21999979019165,7.010000228881836,7.110000133514404,7.08017635345459,1472854
ELSH.CA,Real Estate,2026-02-07 22:00:00,7.110000133514404,7.28000020980835,7.130000114440918,7.260000228881836,7.229547500610352,1476357
ELSH.CA,Real Estate,2026-02-08 22:00:00,7.260000228881836,7.269999980926514,7.150000095367432,7.190000057220459,7.1598405838012695,1141172
ELSH.CA,Real Estate,2026-02-09 22:00:00,7.190000057220459,7.480000019073486,7.210000038146973,7.449999809265137,7.418749809265137,3508637
ELSH.CA,Real Estate,2026-02-10 22:00:00,7.449999809265137,7.480000019073486,7.320000171661377,7.400000095367432,7.368959903717041,1960903
ELSH.CA,Real Estate,2026-02-11 22:00:00,7.400000095367432,7.429999828338623,7.349999904632568,7.360000133514404,7.329127788543701,981332
ELSH.CA,Real Estate,2026-02-14 22:00:00,7.360000133514404,7.480000019073486,7.369999885559082,7.449999809265137,7.418749809265137,1465478
ELSH.CA,Real Estate,2026-02-15 22:00:00,7.449999809265137,7.559999942779541,7.309999942779541,7.329999923706055,7.299253463745117,2448467
ELSH.CA,Real Estate,2026-02-16 22:00:00,7.329999923706055,7.440000057220459,7.300000190734863,7.349999904632568,7.319169521331787,1805392
ELSH.CA,Real Estate,2026-02-17 22:00:00,7.349999904632568,7.46999979019165,7.360000133514404,7.420000076293945,7.388875961303711,1280280
ELSH.CA,Real Estate,2026-02-18 22:00:00,7.420000076293945,7.420000076293945,7.179999828338623,7.199999809265137,7.169798374176025,917340
ELSH.CA,Real Estate,2026-02-21 22:00:00,7.199999809265137,7.199999809265137,6.880000114440918,7.0,6.970637798309326,1239025
ELSH.CA,Real Estate,2026-02-22 22:00:00,7.0,7.070000171661377,6.929999828338623,7.010000228881836,6.98059606552124,1165712
ELSH.CA,Real Estate,2026-02-23 22:00:00,7.010000228881836,7.099999904632568,6.980000019073486,7.0,6.970637798309326,897060
ELSH.CA,Real Estate,2026-02-24 22:00:00,7.0,7.03000020980835,6.820000171661377,6.849999904632568,6.8212666511535645,834459
ELSH.CA,Real Estate,2026-02-25 22:00:00,6.849999904632568,6.96999979019165,6.800000190734863,6.900000095367432,6.871057033538818,537533
ELSH.CA,Real Estate,2026-02-28 22:00:00,6.900000095367432,6.739999771118164,6.320000171661377,6.659999847412109,6.632063865661621,928757
ELSH.CA,Real Estate,2026-03-01 22:00:00,6.659999847412109,6.78000020980835,6.659999847412109,6.670000076293945,6.642022132873535,460050
ELSH.CA,Real Estate,2026-03-02 22:00:00,6.670000076293945,6.730000019073486,6.550000190734863,6.659999847412109,6.632063865661621,1222731
ELSH.CA,Real Estate,2026-03-03 22:00:00,6.659999847412109,6.909999847412109,6.659999847412109,6.849999904632568,6.8212666511535645,735929
ELSH.CA,Real Estate,2026-03-04 22:00:00,6.849999904632568,6.949999809265137,6.840000152587891,6.880000114440918,6.851140975952148,647085
ELSH.CA,Real Estate,2026-03-07 22:00:00,6.880000114440918,7.050000190734863,6.860000133514404,6.920000076293945,6.890973091125488,736158
ELSH.CA,Real Estate,2026-03-08 22:00:00,6.920000076293945,6.989999771118164,6.900000095367432,6.96999979019165,6.940763473510742,299446
ELSH.CA,Real Estate,2026-03-09 22:00:00,6.96999979019165,7.130000114440918,6.96999979019165,7.110000133514404,7.08017635345459,552506
ELSH.CA,Real Estate,2026-03-10 22:00:00,7.110000133514404,7.190000057220459,7.059999942779541,7.179999828338623,7.1498823165893555,392714
ELSH.CA,Real Estate,2026-03-11 22:00:00,7.179999828338623,7.179999828338623,6.96999979019165,7.03000020980835,7.00051212310791,585115
ELSH.CA,Real Estate,2026-03-14 22:00:00,7.03000020980835,7.150000095367432,6.929999828338623,6.949999809265137,6.920847415924072,496947
ELSH.CA,Real Estate,2026-03-15 22:00:00,6.949999809265137,7.039999961853027,6.869999885559082,6.909999847412109,6.881014823913574,485865
ELSH.CA,Real Estate,2026-03-16 22:00:00,6.909999847412109,7.010000228881836,6.900000095367432,7.010000228881836,6.98059606552124,311679
ELSH.CA,Real Estate,2026-03-17 22:00:00,7.010000228881836,7.119999885559082,7.010000228881836,7.059999942779541,7.030385971069336,1183531
ELSH.CA,Real Estate,2026-03-18 22:00:00,7.059999942779541,7.059999942779541,7.059999942779541,7.059999942779541,7.030385971069336,0
ELSH.CA,Real Estate,2026-03-23 22:00:00,7.059999942779541,7.260000228881836,7.099999904632568,7.159999847412109,7.1299662590026855,915170
ELSH.CA,Real Estate,2026-03-24 22:00:00,7.159999847412109,7.21999979019165,7.110000133514404,7.119999885559082,7.090134143829346,972703
ELSH.CA,Real Estate,2026-03-25 22:00:00,7.119999885559082,7.199999809265137,7.099999904632568,7.130000114440918,7.10009241104126,710079
ELSH.CA,Real Estate,2026-03-28 22:00:00,7.130000114440918,7.150000095367432,7.039999961853027,7.050000190734863,7.02042818069458,341103
ELSH.CA,Real Estate,2026-03-29 22:00:00,7.050000190734863,7.090000152587891,6.929999828338623,6.96999979019165,6.940763473510742,490340
ELSH.CA,Real Estate,2026-03-30 22:00:00,6.96999979019165,7.039999961853027,6.920000076293945,6.929999828338623,6.900931358337402,684876
ELSH.CA,Real Estate,2026-03-31 22:00:00,6.929999828338623,7.070000171661377,6.949999809265137,7.0,6.970637798309326,768670
ELSH.CA,Real Estate,2026-04-01 22:00:00,7.0,7.070000171661377,6.940000057220459,7.0,6.970637798309326,456841
ELSH.CA,Real Estate,2026-04-04 22:00:00,7.0,7.119999885559082,6.980000019073486,7.070000171661377,7.04034423828125,504811
ELSH.CA,Real Estate,2026-04-05 22:00:00,7.070000171661377,7.199999809265137,7.079999923706055,7.099999904632568,7.070218086242676,615386
ELSH.CA,Real Estate,2026-04-06 22:00:00,7.099999904632568,7.150000095367432,7.0,7.010000228881836,6.98059606552124,325619
ELSH.CA,Real Estate,2026-04-07 22:00:00,7.010000228881836,7.170000076293945,7.070000171661377,7.119999885559082,7.090134143829346,504923
ELSH.CA,Real Estate,2026-04-08 22:00:00,7.119999885559082,7.130000114440918,7.079999923706055,7.099999904632568,7.070218086242676,386608
ELSH.CA,Real Estate,2026-04-13 22:00:00,7.099999904632568,7.170000076293945,7.099999904632568,7.139999866485596,7.110050201416016,432778
ELSH.CA,Real Estate,2026-04-14 22:00:00,7.139999866485596,7.28000020980835,7.150000095367432,7.25,7.2195892333984375,1024334
ELSH.CA,Real Estate,2026-04-15 22:00:00,7.25,7.420000076293945,7.289999961853027,7.320000171661377,7.289295673370361,1775531
ELSH.CA,Real Estate,2026-04-18 22:00:00,7.320000171661377,7.590000152587891,7.320000171661377,7.449999809265137,7.418749809265137,3903469
ELSH.CA,Real Estate,2026-04-19 22:00:00,7.449999809265137,7.5,7.349999904632568,7.420000076293945,7.388875961303711,993401
ELSH.CA,Real Estate,2026-04-20 22:00:00,7.420000076293945,7.769999980926514,7.380000114440918,7.730000019073486,7.697575569152832,4195760
ELSH.CA,Real Estate,2026-04-21 22:00:00,7.730000019073486,7.869999885559082,7.679999828338623,7.699999809265137,7.667701244354248,2922357
ELSH.CA,Real Estate,2026-04-22 22:00:00,7.699999809265137,7.800000190734863,7.659999847412109,7.690000057220459,7.657743453979492,1857697
ELSH.CA,Real Estate,2026-04-25 21:00:00,7.690000057220459,7.769999980926514,7.639999866485596,7.670000076293945,7.637827396392822,1184535
ELSH.CA,Real Estate,2026-04-26 21:00:00,7.670000076293945,7.75,7.639999866485596,7.690000057220459,7.657743453979492,937302
ELSH.CA,Real Estate,2026-04-27 21:00:00,7.690000057220459,7.739999771118164,7.599999904632568,7.610000133514404,7.5780792236328125,569414
ELSH.CA,Real Estate,2026-04-28 21:00:00,7.610000133514404,7.710000038146973,7.519999980926514,7.570000171661377,7.538247108459473,1280471
ELSH.CA,Real Estate,2026-04-29 21:00:00,7.570000171661377,7.650000095367432,7.539999961853027,7.559999942779541,7.528288841247559,1048560
ELSH.CA,Real Estate,2026-05-02 21:00:00,7.559999942779541,7.869999885559082,7.579999923706055,7.869999885559082,7.83698844909668,3408380
ELSH.CA,Real Estate,2026-05-03 21:00:00,7.869999885559082,8.050000190734863,7.760000228881836,7.900000095367432,7.866862773895264,5602671
ELSH.CA,Real Estate,2026-05-04 21:00:00,7.900000095367432,8.010000228881836,7.769999980926514,7.840000152587891,7.807114124298096,3202525
ELSH.CA,Real Estate,2026-05-05 21:00:00,7.840000152587891,8.0,7.800000190734863,7.840000152587891,7.807114124298096,3104991
ELSH.CA,Real Estate,2026-05-09 21:00:00,7.840000152587891,8.0,7.880000114440918,7.920000076293945,7.886778831481934,1930276
ELSH.CA,Real Estate,2026-05-10 21:00:00,7.920000076293945,8.25,7.920000076293945,8.15999984741211,8.125771522521973,6843744
ELSH.CA,Real Estate,2026-05-11 21:00:00,8.15999984741211,8.359999656677246,8.15999984741211,8.25,8.215394020080566,4527271
ELSH.CA,Real Estate,2026-05-12 21:00:00,8.25,8.430000305175781,8.210000038146973,8.430000305175781,8.39463996887207,4095348
ELSH.CA,Real Estate,2026-05-13 21:00:00,8.430000305175781,8.539999961853027,8.270000457763672,8.369999885559082,8.334891319274902,3841518
ELSH.CA,Real Estate,2026-05-16 21:00:00,8.369999885559082,8.460000038146973,8.229999542236328,8.239999771118164,8.205435752868652,2704211
ELSH.CA,Real Estate,2026-05-17 21:00:00,8.239999771118164,8.319999694824219,8.100000381469727,8.180000305175781,8.1456880569458,2903144
ELSH.CA,Real Estate,2026-05-18 21:00:00,8.180000305175781,8.430000305175781,8.109999656677246,8.420000076293945,8.384681701660156,4723536
ELSH.CA,Real Estate,2026-05-19 21:00:00,8.420000076293945,8.670000076293945,8.149999618530273,8.199999809265137,8.165603637695312,4176859
ELSH.CA,Real Estate,2026-05-20 21:00:00,8.199999809265137,8.489999771118164,8.229999542236328,8.270000457763672,8.235310554504395,2845116
ELSH.CA,Real Estate,2026-05-23 21:00:00,8.270000457763672,8.550000190734863,8.350000381469727,8.350000381469727,8.31497573852539,1905332
ELSH.CA,Real Estate,2026-05-24 21:00:00,8.350000381469727,8.40999984741211,8.239999771118164,8.3100004196167,8.27514362335205,1659491
ELSH.CA,Real Estate,2026-05-25 21:00:00,8.3100004196167,8.3100004196167,8.3100004196167,8.3100004196167,8.27514362335205,0
ELSH.CA,Real Estate,2026-05-26 21:00:00,8.3100004196167,8.3100004196167,8.3100004196167,8.3100004196167,8.27514362335205,0
ELSH.CA,Real Estate,2026-05-27 21:00:00,8.3100004196167,8.3100004196167,8.3100004196167,8.3100004196167,8.27514362335205,0
ELSH.CA,Real Estate,2026-05-31 21:00:00,8.3100004196167,9.279999732971191,8.319999694824219,9.279999732971191,9.241073608398438,11255864
ELSH.CA,Real Estate,2026-06-01 21:00:00,9.279999732971191,11.130000114440918,9.369999885559082,11.130000114440918,11.083313941955566,37900564
ELSH.CA,Real Estate,2026-06-02 21:00:00,11.130000114440918,13.100000381469727,11.270000457763672,11.890000343322754,11.840126037597656,38709501
ELSH.CA,Real Estate,2026-06-03 21:00:00,11.890000343322754,12.6899995803833,11.619999885559082,12.010000228881836,11.959623336791992,22181439
ELSH.CA,Real Estate,2026-06-06 21:00:00,12.010000228881836,12.239999771118164,11.25,11.319999694824219,11.272516250610352,10098317
ELSH.CA,Real Estate,2026-06-07 21:00:00,11.319999694824219,13.520000457763672,11.149999618530273,13.5,13.44337272644043,42247385
ELSH.CA,Real Estate,2026-06-08 21:00:00,13.5,14.15999984741211,12.930000305175781,12.9399995803833,12.885721206665039,24856052
ELSH.CA,Real Estate,2026-06-09 21:00:00,12.9399995803833,14.720000267028809,13.029999732971191,14.069999694824219,14.010981559753418,36494301
ELSH.CA,Real Estate,2026-06-10 21:00:00,14.069999694824219,14.34000015258789,13.100000381469727,13.399999618530273,13.343791961669922,15021102
ELSH.CA,Real Estate,2026-06-13 21:00:00,13.399999618530273,14.270000457763672,13.170000076293945,13.25,13.194421768188477,12514640
ELSH.CA,Real Estate,2026-06-14 21:00:00,13.25,13.670000076293945,12.600000381469727,12.960000038146973,12.905637741088867,8520315
ELSH.CA,Real Estate,2026-06-15 21:00:00,12.960000038146973,13.989999771118164,12.850000381469727,13.65999984741211,13.602701187133789,18277477
ELSH.CA,Real Estate,2026-06-16 21:00:00,13.65999984741211,13.65999984741211,13.65999984741211,13.65999984741211,13.602701187133789,0
ELSH.CA,Real Estate,2026-06-17 21:00:00,13.65999984741211,13.65999984741211,13.65999984741211,13.65999984741211,13.602701187133789,0
ELSH.CA,Real Estate,2026-06-20 21:00:00,13.0600004196167,13.489999771118164,12.710000038146973,12.859999656677246,12.80605697631836,6185715
ELSH.CA,Real Estate,2026-06-21 21:00:00,12.859999656677246,12.859999656677246,12.859999656677246,12.859999656677246,12.80605697631836,0
ELSH.CA,Real Estate,2026-06-22 21:00:00,12.270000457763672,12.6899995803833,11.989999771118164,12.09000015258789,12.039287567138672,4093052
ELSH.CA,Real Estate,2026-06-23 21:00:00,12.09000015258789,12.270000457763672,11.880000114440918,11.920000076293945,11.869999885559082,3962028
ELSH.CA,Real Estate,2026-06-24 21:00:00,11.920000076293945,12.100000381469727,11.680000305175781,11.680000305175781,11.680000305175781,3670090
ELSH.CA,Real Estate,2026-06-27 21:00:00,11.680000305175781,11.739999771118164,11.100000381469727,11.199999809265137,11.199999809265137,2782899
ELSH.CA,Real Estate,2026-06-28 21:00:00,11.199999809265137,11.800000190734863,11.149999618530273,11.609999656677246,11.609999656677246,3779694
ELSH.CA,Real Estate,2026-06-29 21:00:00,11.609999656677246,11.949999809265137,11.65999984741211,11.720000267028809,11.720000267028809,5268178
ELSH.CA,Real Estate,2026-06-30 21:00:00,11.720000267028809,11.949999809265137,11.529999732971191,11.680000305175781,11.680000305175781,2901189
ELSH.CA,Real Estate,2026-07-04 21:00:00,11.680000305175781,13.829999923706055,11.670000076293945,13.829999923706055,13.829999923706055,22554612
ELSH.CA,Real Estate,2026-07-05 21:00:00,13.829999923706055,14.25,13.40999984741211,13.40999984741211,13.40999984741211,19383103
ELSH.CA,Real Estate,2026-07-06 21:00:00,13.40999984741211,14.600000381469727,13.539999961853027,13.720000267028809,13.720000267028809,19599661
ELSH.CA,Real Estate,2026-07-07 21:00:00,13.720000267028809,13.850000381469727,13.130000114440918,13.300000190734863,13.300000190734863,7858598
ELSH.CA,Real Estate,2026-07-08 21:00:00,13.300000190734863,14.100000381469727,13.380000114440918,14.100000381469727,14.100000381469727,15058035
ELSH.CA,Real Estate,2026-07-11 21:00:00,14.100000381469727,15.109999656677246,14.350000381469727,14.800000190734863,14.800000190734863,25848257
ELSH.CA,Real Estate,2026-07-12 21:00:00,14.800000190734863,14.930000305175781,14.539999961853027,14.600000381469727,14.600000381469727,6280979
ELSH.CA,Real Estate,2026-07-13 21:00:00,14.600000381469727,14.859999656677246,14.279999732971191,14.619999885559082,14.619999885559082,7617263
ELSH.CA,Real Estate,2026-07-14 21:00:00,14.619999885559082,14.829999923706055,14.420000076293945,14.420000076293945,14.420000076293945,6548809
ELSH.CA,Real Estate,2026-07-15 21:00:00,14.420000076293945,14.649999618530273,14.350000381469727,14.510000228881836,14.510000228881836,5179221
ELSH.CA,Real Estate,2026-07-18 21:00:00,14.510000228881836,14.510000228881836,14.119999885559082,14.119999885559082,14.119999885559082,3040621
ELSH.CA,Real Estate,2026-07-19 21:00:00,14.119999885559082,14.680000305175781,14.170000076293945,14.300000190734863,14.300000190734863,4432835
ELSH.CA,Real Estate,2026-07-20 21:00:00,14.300000190734863,14.4399995803833,13.829999923706055,14.09000015258789,14.09000015258789,5355414
ELSH.CA,Real Estate,2026-07-21 21:00:00,14.09000015258789,15.100000381469727,14.09000015258789,15.100000381469727,15.100000381469727,16773489
ELSH.CA,Real Estate,2026-07-25 21:00:00,15.100000381469727,15.59000015258789,15.109999656677246,15.149999618530273,15.149999618530273,11951188
ELSH.CA,Real Estate,2026-07-26 21:00:00,15.149999618530273,15.380000114440918,14.90999984741211,14.930000305175781,14.930000305175781,5581855
ELSH.CA,Real Estate,2026-07-27 21:00:00,14.930000305175781,15.289999961853027,14.75,14.75,14.75,5464594
ELSH.CA,Real Estate,2026-07-28 21:00:00,14.75,14.829999923706055,14.300000190734863,14.300000190734863,14.300000190734863,5460242
ELSH.CA,Real Estate,2026-07-29 21:00:00,14.300000190734863,14.4399995803833,13.3100004196167,13.40999984741211,13.40999984741211,10043234
ELSH.CA,Real Estate,2026-08-01 21:00:00,13.40999984741211,14.25,13.520000457763672,14.25,14.25,6530414
ELSH.CA,Real Estate,2026-08-02 21:00:00,14.25,14.489999771118164,13.729999542236328,13.800000190734863,13.800000190734863,5145801
ELSH.CA,Real Estate,2026-08-03 21:00:00,13.800000190734863,14.149999618530273,13.710000038146973,14.149999618530273,14.149999618530273,2938156
ELSH.CA,Real Estate,2026-08-04 21:00:00,14.149999618530273,14.210000038146973,13.859999656677246,14.149999618530273,14.149999618530273,3323951
ELSH.CA,Real Estate,2026-08-05 21:00:00,14.149999618530273,14.149999618530273,13.899999618530273,14.0,14.0,5769277
