symbol,sector,raw_date_utc,open,high,low,close,adj_close,volume
FAIT.CA,Banking,2022-01-01 22:00:00,12.25,12.441665649414062,12.108332633972168,12.383333206176758,9.515449523925781,89660
FAIT.CA,Banking,2022-01-02 22:00:00,12.383333206176758,12.449999809265137,12.266666412353516,12.383333206176758,9.515449523925781,138651
FAIT.CA,Banking,2022-01-03 22:00:00,12.383333206176758,12.466666221618652,12.300000190734863,12.449999809265137,9.566678047180176,264789
FAIT.CA,Banking,2022-01-04 22:00:00,12.449999809265137,12.541666030883789,12.416666030883789,12.524999618530273,9.624308586120605,495771
FAIT.CA,Banking,2022-01-08 22:00:00,12.524999618530273,12.524999618530273,12.524999618530273,12.524999618530273,9.624308586120605,0
FAIT.CA,Banking,2022-01-09 22:00:00,12.3100004196167,12.550000190734863,12.260000228881836,12.5,9.605096817016602,124173
FAIT.CA,Banking,2022-01-10 22:00:00,12.5,12.630000114440918,12.489999771118164,12.539999961853027,9.635834693908691,270795
FAIT.CA,Banking,2022-01-11 22:00:00,12.539999961853027,12.699999809265137,12.550000190734863,12.649999618530273,9.720359802246094,62294
FAIT.CA,Banking,2022-01-12 22:00:00,12.649999618530273,12.699999809265137,12.579999923706055,12.680000305175781,9.743412017822266,87034
FAIT.CA,Banking,2022-01-15 22:00:00,12.680000305175781,12.720000267028809,12.600000381469727,12.619999885559082,9.697306632995605,82106
FAIT.CA,Banking,2022-01-16 22:00:00,12.619999885559082,12.670000076293945,12.59000015258789,12.649999618530273,9.720359802246094,54505
FAIT.CA,Banking,2022-01-17 22:00:00,12.649999618530273,12.680000305175781,12.609999656677246,12.609999656677246,9.689621925354004,32855
FAIT.CA,Banking,2022-01-18 22:00:00,12.609999656677246,12.649999618530273,12.579999923706055,12.59000015258789,9.674254417419434,75674
FAIT.CA,Banking,2022-01-19 22:00:00,12.59000015258789,12.65999984741211,12.600000381469727,12.609999656677246,9.689621925354004,55110
FAIT.CA,Banking,2022-01-22 22:00:00,12.609999656677246,12.670000076293945,12.579999923706055,12.59000015258789,9.674254417419434,70228
FAIT.CA,Banking,2022-01-23 22:00:00,12.59000015258789,12.600000381469727,12.5,12.59000015258789,9.674254417419434,20048
FAIT.CA,Banking,2022-01-24 22:00:00,12.59000015258789,12.649999618530273,12.5,12.630000114440918,9.704991340637207,53234
FAIT.CA,Banking,2022-01-25 22:00:00,12.630000114440918,12.699999809265137,12.600000381469727,12.65999984741211,9.728043556213379,31847
FAIT.CA,Banking,2022-01-29 22:00:00,12.65999984741211,12.699999809265137,12.470000267028809,12.5,9.605096817016602,304235
FAIT.CA,Banking,2022-01-30 22:00:00,12.5,12.699999809265137,12.510000228881836,12.670000076293945,9.73572826385498,63504
FAIT.CA,Banking,2022-01-31 22:00:00,12.670000076293945,12.829999923706055,12.550000190734863,12.670000076293945,9.73572826385498,38270
FAIT.CA,Banking,2022-02-01 22:00:00,12.670000076293945,12.859999656677246,12.649999618530273,12.84000015258789,9.86635684967041,24162
FAIT.CA,Banking,2022-02-02 22:00:00,12.84000015258789,12.899999618530273,12.800000190734863,12.800000190734863,9.835620880126953,47216
FAIT.CA,Banking,2022-02-05 22:00:00,12.800000190734863,12.930000305175781,12.550000190734863,12.800000190734863,9.835620880126953,15985
FAIT.CA,Banking,2022-02-06 22:00:00,12.800000190734863,12.819999694824219,12.600000381469727,12.800000190734863,9.835620880126953,19344
FAIT.CA,Banking,2022-02-07 22:00:00,12.800000190734863,12.899999618530273,12.739999771118164,12.800000190734863,9.835620880126953,31670
FAIT.CA,Banking,2022-02-08 22:00:00,12.800000190734863,12.960000038146973,12.899999618530273,12.899999618530273,9.912461280822754,29070
FAIT.CA,Banking,2022-02-09 22:00:00,12.899999618530273,12.960000038146973,12.829999923706055,12.920000076293945,9.92782974243164,59705
FAIT.CA,Banking,2022-02-12 22:00:00,12.920000076293945,12.960000038146973,12.729999542236328,12.779999732971191,9.820252418518066,57468
FAIT.CA,Banking,2022-02-13 22:00:00,12.779999732971191,12.760000228881836,12.600000381469727,12.600000381469727,9.681939125061035,75465
FAIT.CA,Banking,2022-02-14 22:00:00,12.600000381469727,12.779999732971191,12.520000457763672,12.710000038146973,9.766464233398438,26440
FAIT.CA,Banking,2022-02-15 22:00:00,12.710000038146973,12.800000190734863,12.65999984741211,12.710000038146973,9.766464233398438,20676
FAIT.CA,Banking,2022-02-16 22:00:00,12.710000038146973,12.819999694824219,12.720000267028809,12.789999961853027,9.827936172485352,75796
FAIT.CA,Banking,2022-02-19 22:00:00,12.789999961853027,12.850000381469727,12.710000038146973,12.739999771118164,9.78951644897461,58594
FAIT.CA,Banking,2022-02-20 22:00:00,12.739999771118164,12.850000381469727,12.75,12.739999771118164,9.78951644897461,15246
FAIT.CA,Banking,2022-02-21 22:00:00,12.739999771118164,12.789999961853027,12.65999984741211,12.699999809265137,9.758779525756836,86871
FAIT.CA,Banking,2022-02-22 22:00:00,12.699999809265137,12.800000190734863,12.699999809265137,12.789999961853027,9.827936172485352,26807
FAIT.CA,Banking,2022-02-23 22:00:00,12.789999961853027,12.699999809265137,12.5,12.640000343322754,9.712675094604492,131205
FAIT.CA,Banking,2022-02-26 22:00:00,12.640000343322754,12.630000114440918,12.010000228881836,12.619999885559082,9.697306632995605,25343
FAIT.CA,Banking,2022-02-27 22:00:00,12.619999885559082,12.760000228881836,12.5600004196167,12.760000228881836,9.804884910583496,67209
FAIT.CA,Banking,2022-02-28 22:00:00,12.760000228881836,12.819999694824219,12.699999809265137,12.699999809265137,9.758779525756836,93496
FAIT.CA,Banking,2022-03-01 22:00:00,12.699999809265137,12.819999694824219,12.699999809265137,12.699999809265137,9.758779525756836,22877
FAIT.CA,Banking,2022-03-02 22:00:00,12.699999809265137,12.890000343322754,12.770000457763672,12.880000114440918,9.897092819213867,89308
FAIT.CA,Banking,2022-03-05 22:00:00,12.880000114440918,13.09000015258789,12.710000038146973,13.010000228881836,9.996986389160156,43776
FAIT.CA,Banking,2022-03-06 22:00:00,13.010000228881836,13.0,12.90999984741211,12.989999771118164,9.98161792755127,46620
FAIT.CA,Banking,2022-03-07 22:00:00,12.989999771118164,12.989999771118164,12.989999771118164,12.989999771118164,9.98161792755127,0
FAIT.CA,Banking,2022-03-08 22:00:00,13.0,13.050000190734863,12.829999923706055,12.899999618530273,9.912461280822754,292951
FAIT.CA,Banking,2022-03-09 22:00:00,12.899999618530273,12.930000305175781,12.720000267028809,12.90999984741211,9.920145988464355,96613
FAIT.CA,Banking,2022-03-12 22:00:00,12.90999984741211,13.390000343322754,12.65999984741211,13.329999923706055,10.242876052856445,80171
FAIT.CA,Banking,2022-03-13 22:00:00,13.329999923706055,13.329999923706055,13.25,13.25,10.181403160095215,78736
FAIT.CA,Banking,2022-03-14 22:00:00,13.25,13.329999923706055,13.010000228881836,13.25,10.181403160095215,13923
FAIT.CA,Banking,2022-03-15 22:00:00,13.25,13.300000190734863,13.029999732971191,13.279999732971191,10.204456329345703,78273
FAIT.CA,Banking,2022-03-16 22:00:00,13.279999732971191,13.359999656677246,13.199999809265137,13.279999732971191,10.204456329345703,18646
FAIT.CA,Banking,2022-03-19 22:00:00,13.279999732971191,13.399999618530273,13.199999809265137,13.270000457763672,10.196773529052734,48062
FAIT.CA,Banking,2022-03-20 22:00:00,13.270000457763672,14.020000457763672,13.270000457763672,13.989999771118164,10.750024795532227,127976
FAIT.CA,Banking,2022-03-21 22:00:00,13.989999771118164,14.699999809265137,13.779999732971191,14.359999656677246,11.034337043762207,55563
FAIT.CA,Banking,2022-03-22 22:00:00,14.359999656677246,14.680000305175781,14.149999618530273,14.279999732971191,10.972864151000977,59281
FAIT.CA,Banking,2022-03-23 22:00:00,14.279999732971191,14.399999618530273,14.029999732971191,14.170000076293945,10.888339042663574,74954
FAIT.CA,Banking,2022-03-26 22:00:00,14.170000076293945,14.380000114440918,13.899999618530273,14.029999732971191,10.78076171875,104493
FAIT.CA,Banking,2022-03-27 22:00:00,14.029999732971191,14.300000190734863,13.949999809265137,14.020000457763672,10.773077964782715,76777
FAIT.CA,Banking,2022-03-28 22:00:00,14.020000457763672,13.239999771118164,12.649999618530273,12.899999618530273,9.966623306274414,98906
FAIT.CA,Banking,2022-03-29 22:00:00,12.899999618530273,12.989999771118164,12.699999809265137,12.739999771118164,9.843006134033203,28231
FAIT.CA,Banking,2022-03-30 22:00:00,12.739999771118164,12.779999732971191,11.859999656677246,12.489999771118164,9.649855613708496,76717
FAIT.CA,Banking,2022-04-02 22:00:00,12.489999771118164,12.75,12.649999618530273,12.489999771118164,9.649855613708496,16849
FAIT.CA,Banking,2022-04-03 22:00:00,12.489999771118164,12.75,12.65999984741211,12.6899995803833,9.804376602172852,26705
FAIT.CA,Banking,2022-04-04 22:00:00,12.6899995803833,13.0600004196167,12.670000076293945,12.989999771118164,10.036158561706543,67039
FAIT.CA,Banking,2022-04-05 22:00:00,12.989999771118164,13.079999923706055,12.829999923706055,12.859999656677246,9.93571949005127,177193
FAIT.CA,Banking,2022-04-06 22:00:00,12.859999656677246,12.979999542236328,12.8100004196167,12.9399995803833,9.997528076171875,30082
FAIT.CA,Banking,2022-04-09 22:00:00,12.9399995803833,13.180000305175781,12.880000114440918,12.9399995803833,9.997528076171875,48459
FAIT.CA,Banking,2022-04-10 22:00:00,12.9399995803833,13.100000381469727,12.5,12.539999961853027,9.688486099243164,136052
FAIT.CA,Banking,2022-04-11 22:00:00,12.539999961853027,12.880000114440918,12.270000457763672,12.430000305175781,9.603499412536621,117110
FAIT.CA,Banking,2022-04-12 22:00:00,12.430000305175781,12.899999618530273,12.109999656677246,12.180000305175781,9.410346984863281,168649
FAIT.CA,Banking,2022-04-13 22:00:00,12.180000305175781,12.699999809265137,12.100000381469727,12.3100004196167,9.510786056518555,91552
FAIT.CA,Banking,2022-04-16 22:00:00,12.3100004196167,12.5,12.100000381469727,12.25,9.46442985534668,30943
FAIT.CA,Banking,2022-04-17 22:00:00,12.25,12.350000381469727,12.149999618530273,12.220000267028809,9.441250801086426,47966
FAIT.CA,Banking,2022-04-18 22:00:00,12.220000267028809,12.4399995803833,12.220000267028809,12.3100004196167,9.510786056518555,54869
FAIT.CA,Banking,2022-04-19 22:00:00,12.3100004196167,12.350000381469727,12.25,12.300000190734863,9.503060340881348,59209
FAIT.CA,Banking,2022-04-20 22:00:00,12.300000190734863,12.420000076293945,12.220000267028809,12.300000190734863,9.503060340881348,22367
FAIT.CA,Banking,2022-04-25 22:00:00,12.300000190734863,12.6899995803833,12.300000190734863,12.34000015258789,9.533964157104492,102835
FAIT.CA,Banking,2022-04-26 22:00:00,12.34000015258789,12.890000343322754,12.350000381469727,12.819999694824219,9.904815673828125,73952
FAIT.CA,Banking,2022-04-27 22:00:00,12.819999694824219,12.970000267028809,12.720000267028809,12.90999984741211,9.974349021911621,152559
FAIT.CA,Banking,2022-05-07 22:00:00,12.90999984741211,14.699999809265137,13.0,14.010000228881836,10.824217796325684,390641
FAIT.CA,Banking,2022-05-08 22:00:00,14.010000228881836,14.699999809265137,14.0,14.029999732971191,10.839669227600098,222019
FAIT.CA,Banking,2022-05-09 22:00:00,14.029999732971191,14.149999618530273,13.649999618530273,13.739999771118164,10.61561393737793,75519
FAIT.CA,Banking,2022-05-10 22:00:00,13.739999771118164,13.960000038146973,13.609999656677246,13.819999694824219,10.677421569824219,33074
FAIT.CA,Banking,2022-05-11 22:00:00,13.819999694824219,13.869999885559082,13.539999961853027,13.779999732971191,10.646517753601074,52572
FAIT.CA,Banking,2022-05-14 22:00:00,13.779999732971191,13.710000038146973,13.59000015258789,13.779999732971191,10.646517753601074,21219
FAIT.CA,Banking,2022-05-15 22:00:00,13.779999732971191,13.710000038146973,13.510000228881836,13.65999984741211,10.553804397583008,60963
FAIT.CA,Banking,2022-05-16 22:00:00,13.65999984741211,13.75,13.529999732971191,13.5600004196167,10.476545333862305,51770
FAIT.CA,Banking,2022-05-17 22:00:00,13.5600004196167,13.729999542236328,13.520000457763672,13.579999923706055,10.491996765136719,39740
FAIT.CA,Banking,2022-05-18 22:00:00,13.579999923706055,13.720000267028809,13.489999771118164,13.600000381469727,10.50744915008545,71506
FAIT.CA,Banking,2022-05-21 22:00:00,13.600000381469727,13.75,13.050000190734863,13.460000038146973,10.399284362792969,66686
FAIT.CA,Banking,2022-05-22 22:00:00,13.460000038146973,13.600000381469727,13.100000381469727,13.119999885559082,10.1365966796875,30578
FAIT.CA,Banking,2022-05-23 22:00:00,13.119999885559082,13.390000343322754,13.100000381469727,13.109999656677246,10.12887191772461,63026
FAIT.CA,Banking,2022-05-24 22:00:00,13.109999656677246,13.260000228881836,12.800000190734863,12.84000015258789,9.920267105102539,54909
FAIT.CA,Banking,2022-05-25 22:00:00,12.84000015258789,13.140000343322754,12.760000228881836,12.819999694824219,9.904815673828125,36290
FAIT.CA,Banking,2022-05-28 22:00:00,12.819999694824219,13.390000343322754,12.550000190734863,12.59000015258789,9.727115631103516,46159
FAIT.CA,Banking,2022-05-29 22:00:00,12.59000015258789,12.84000015258789,12.579999923706055,12.649999618530273,9.77347183227539,33999
FAIT.CA,Banking,2022-05-30 22:00:00,12.649999618530273,12.800000190734863,12.59000015258789,12.630000114440918,9.758020401000977,29873
FAIT.CA,Banking,2022-05-31 22:00:00,12.630000114440918,12.9399995803833,12.59000015258789,12.640000343322754,9.765746116638184,60919
FAIT.CA,Banking,2022-06-01 22:00:00,12.640000343322754,12.640000343322754,12.600000381469727,12.600000381469727,9.734841346740723,50855
FAIT.CA,Banking,2022-06-04 22:00:00,12.600000381469727,12.600000381469727,12.600000381469727,12.600000381469727,9.734841346740723,0
FAIT.CA,Banking,2022-06-05 22:00:00,12.649999618530273,12.699999809265137,12.59000015258789,12.649999618530273,9.77347183227539,11950
FAIT.CA,Banking,2022-06-06 22:00:00,12.649999618530273,12.75,12.600000381469727,12.670000076293945,9.788924217224121,28449
FAIT.CA,Banking,2022-06-07 22:00:00,12.670000076293945,13.149999618530273,12.699999809265137,12.949999809265137,10.005253791809082,121375
FAIT.CA,Banking,2022-06-08 22:00:00,12.949999809265137,13.130000114440918,12.789999961853027,12.949999809265137,10.005253791809082,19600
FAIT.CA,Banking,2022-06-11 22:00:00,12.949999809265137,13.170000076293945,12.869999885559082,13.140000343322754,10.152050018310547,42689
FAIT.CA,Banking,2022-06-12 22:00:00,13.140000343322754,13.100000381469727,12.84000015258789,13.140000343322754,10.152050018310547,16335
FAIT.CA,Banking,2022-06-13 22:00:00,13.140000343322754,13.079999923706055,12.850000381469727,12.899999618530273,9.966623306274414,47357
FAIT.CA,Banking,2022-06-14 22:00:00,12.899999618530273,12.90999984741211,12.850000381469727,12.899999618530273,9.966623306274414,22209
FAIT.CA,Banking,2022-06-15 22:00:00,12.899999618530273,13.09000015258789,12.859999656677246,12.9399995803833,9.997528076171875,27910
FAIT.CA,Banking,2022-06-18 22:00:00,12.9399995803833,12.979999542236328,12.600000381469727,12.619999885559082,9.750293731689453,121136
FAIT.CA,Banking,2022-06-19 22:00:00,12.619999885559082,12.699999809265137,12.550000190734863,12.59000015258789,9.727115631103516,35059
FAIT.CA,Banking,2022-06-20 22:00:00,12.59000015258789,12.649999618530273,12.5600004196167,12.579999923706055,9.719389915466309,43243
FAIT.CA,Banking,2022-06-21 22:00:00,12.579999923706055,12.640000343322754,12.5600004196167,12.579999923706055,9.719389915466309,22867
FAIT.CA,Banking,2022-06-22 22:00:00,12.579999923706055,12.899999618530273,12.550000190734863,12.59000015258789,9.727115631103516,36203
FAIT.CA,Banking,2022-06-25 22:00:00,12.59000015258789,12.59000015258789,12.460000038146973,12.479999542236328,9.642127990722656,171095
FAIT.CA,Banking,2022-06-26 22:00:00,12.479999542236328,12.5,12.40999984741211,12.40999984741211,9.58804702758789,30719
FAIT.CA,Banking,2022-06-27 22:00:00,12.40999984741211,12.619999885559082,12.399999618530273,12.430000305175781,9.603499412536621,67772
FAIT.CA,Banking,2022-06-28 22:00:00,12.430000305175781,12.569999694824219,12.399999618530273,12.449999809265137,9.618950843811035,34642
FAIT.CA,Banking,2022-07-02 22:00:00,12.449999809265137,12.59000015258789,12.369999885559082,12.390000343322754,9.57259464263916,54402
FAIT.CA,Banking,2022-07-03 22:00:00,12.390000343322754,12.489999771118164,12.270000457763672,12.3100004196167,9.510786056518555,43852
FAIT.CA,Banking,2022-07-04 22:00:00,12.3100004196167,12.479999542236328,12.279999732971191,12.3100004196167,9.510786056518555,20702
FAIT.CA,Banking,2022-07-05 22:00:00,12.3100004196167,12.300000190734863,12.0600004196167,12.239999771118164,9.456703186035156,50137
FAIT.CA,Banking,2022-07-06 22:00:00,12.239999771118164,12.239999771118164,12.0600004196167,12.119999885559082,9.363990783691406,38210
FAIT.CA,Banking,2022-07-16 22:00:00,12.119999885559082,12.350000381469727,12.0600004196167,12.25,9.46442985534668,28333
FAIT.CA,Banking,2022-07-17 22:00:00,12.25,12.350000381469727,12.180000305175781,12.25,9.46442985534668,33964
FAIT.CA,Banking,2022-07-18 22:00:00,12.25,12.34000015258789,12.199999809265137,12.25,9.46442985534668,11318
FAIT.CA,Banking,2022-07-19 22:00:00,12.25,12.4399995803833,12.25,12.300000190734863,9.503060340881348,29983
FAIT.CA,Banking,2022-07-20 22:00:00,12.300000190734863,12.399999618530273,12.300000190734863,12.329999923706055,9.526238441467285,62417
FAIT.CA,Banking,2022-07-23 22:00:00,12.329999923706055,12.420000076293945,12.359999656677246,12.329999923706055,9.526238441467285,10250
FAIT.CA,Banking,2022-07-24 22:00:00,12.329999923706055,12.489999771118164,12.34000015258789,12.350000381469727,9.541690826416016,41821
FAIT.CA,Banking,2022-07-25 22:00:00,12.350000381469727,12.510000228881836,12.369999885559082,12.470000267028809,9.634403228759766,70205
FAIT.CA,Banking,2022-07-26 22:00:00,12.470000267028809,12.5,12.369999885559082,12.470000267028809,9.634403228759766,18713
FAIT.CA,Banking,2022-07-27 22:00:00,12.470000267028809,12.5,12.399999618530273,12.470000267028809,9.634403228759766,16761
FAIT.CA,Banking,2022-07-30 22:00:00,12.470000267028809,12.489999771118164,12.420000076293945,12.470000267028809,9.634403228759766,10730
FAIT.CA,Banking,2022-07-31 22:00:00,12.470000267028809,12.5,12.40999984741211,12.430000305175781,9.603499412536621,40631
FAIT.CA,Banking,2022-08-01 22:00:00,12.430000305175781,12.699999809265137,12.40999984741211,12.619999885559082,9.750293731689453,79154
FAIT.CA,Banking,2022-08-02 22:00:00,12.619999885559082,12.699999809265137,12.529999732971191,12.670000076293945,9.788924217224121,36483
FAIT.CA,Banking,2022-08-03 22:00:00,12.670000076293945,13.119999885559082,12.649999618530273,12.970000267028809,10.020707130432129,82558
FAIT.CA,Banking,2022-08-06 22:00:00,12.970000267028809,13.0,12.890000343322754,12.970000267028809,10.020707130432129,46999
FAIT.CA,Banking,2022-08-07 22:00:00,12.970000267028809,13.100000381469727,12.90999984741211,12.960000038146973,10.012980461120605,115430
FAIT.CA,Banking,2022-08-08 22:00:00,12.960000038146973,13.0600004196167,12.899999618530273,12.920000076293945,9.982075691223145,69541
FAIT.CA,Banking,2022-08-09 22:00:00,12.920000076293945,13.050000190734863,12.890000343322754,12.9399995803833,9.997528076171875,35188
FAIT.CA,Banking,2022-08-10 22:00:00,12.9399995803833,13.050000190734863,12.930000305175781,12.9399995803833,9.997528076171875,79348
FAIT.CA,Banking,2022-08-13 22:00:00,12.9399995803833,13.140000343322754,12.9399995803833,13.109999656677246,10.12887191772461,96439
FAIT.CA,Banking,2022-08-14 22:00:00,13.109999656677246,13.149999618530273,13.039999961853027,13.100000381469727,10.121145248413086,31546
FAIT.CA,Banking,2022-08-15 22:00:00,13.100000381469727,13.449999809265137,13.039999961853027,13.399999618530273,10.352926254272461,118384
FAIT.CA,Banking,2022-08-16 22:00:00,13.399999618530273,13.520000457763672,13.229999542236328,13.510000228881836,10.43791389465332,51727
FAIT.CA,Banking,2022-08-17 22:00:00,13.510000228881836,13.510000228881836,13.510000228881836,13.510000228881836,10.43791389465332,0
FAIT.CA,Banking,2022-08-20 22:00:00,13.729999542236328,14.100000381469727,13.649999618530273,14.039999961853027,10.847394943237305,54717
FAIT.CA,Banking,2022-08-21 22:00:00,14.039999961853027,14.130000114440918,13.869999885559082,13.880000114440918,10.72377872467041,71809
FAIT.CA,Banking,2022-08-22 22:00:00,13.880000114440918,13.880000114440918,13.880000114440918,13.880000114440918,10.72377872467041,0
FAIT.CA,Banking,2022-08-23 22:00:00,13.84000015258789,13.930000305175781,13.729999542236328,13.84000015258789,10.69287395477295,19034
FAIT.CA,Banking,2022-08-24 22:00:00,13.84000015258789,13.949999809265137,13.800000190734863,13.930000305175781,10.762409210205078,27080
FAIT.CA,Banking,2022-08-27 22:00:00,13.930000305175781,14.050000190734863,13.800000190734863,13.979999542236328,10.80103874206543,95740
FAIT.CA,Banking,2022-08-28 22:00:00,13.979999542236328,14.100000381469727,13.899999618530273,14.0,10.81649112701416,89682
FAIT.CA,Banking,2022-08-29 22:00:00,14.0,13.970000267028809,13.770000457763672,13.859999656677246,10.708327293395996,24088
FAIT.CA,Banking,2022-08-30 22:00:00,13.859999656677246,13.880000114440918,13.800000190734863,13.819999694824219,10.677421569824219,34777
FAIT.CA,Banking,2022-08-31 22:00:00,13.819999694824219,13.899999618530273,13.739999771118164,13.819999694824219,10.677421569824219,30001
FAIT.CA,Banking,2022-09-03 22:00:00,13.819999694824219,14.0,13.75,13.899999618530273,10.739230155944824,69808
FAIT.CA,Banking,2022-09-04 22:00:00,13.899999618530273,13.979999542236328,13.779999732971191,13.880000114440918,10.72377872467041,32220
FAIT.CA,Banking,2022-09-05 22:00:00,13.880000114440918,14.34000015258789,13.899999618530273,14.09000015258789,10.886025428771973,145922
FAIT.CA,Banking,2022-09-06 22:00:00,14.09000015258789,14.399999618530273,14.1899995803833,14.220000267028809,10.986465454101562,51535
FAIT.CA,Banking,2022-09-07 22:00:00,14.220000267028809,14.300000190734863,13.800000190734863,14.0600004196167,10.862848281860352,56540
FAIT.CA,Banking,2022-09-10 22:00:00,14.0600004196167,14.199999809265137,14.0,14.010000228881836,10.824217796325684,50081
FAIT.CA,Banking,2022-09-11 22:00:00,14.010000228881836,14.199999809265137,14.0600004196167,14.170000076293945,10.947834014892578,31788
FAIT.CA,Banking,2022-09-12 22:00:00,14.170000076293945,14.300000190734863,14.100000381469727,14.220000267028809,10.986465454101562,55980
FAIT.CA,Banking,2022-09-13 22:00:00,14.220000267028809,14.199999809265137,14.039999961853027,14.079999923706055,10.878299713134766,33997
FAIT.CA,Banking,2022-09-14 22:00:00,14.079999923706055,14.1899995803833,14.010000228881836,14.069999694824219,10.870573997497559,44993
FAIT.CA,Banking,2022-09-17 22:00:00,14.069999694824219,14.069999694824219,13.819999694824219,13.880000114440918,10.72377872467041,50080
FAIT.CA,Banking,2022-09-18 22:00:00,13.880000114440918,13.920000076293945,13.600000381469727,13.899999618530273,10.739230155944824,66364
FAIT.CA,Banking,2022-09-19 22:00:00,13.899999618530273,13.989999771118164,13.819999694824219,13.899999618530273,10.739230155944824,15900
FAIT.CA,Banking,2022-09-20 22:00:00,13.899999618530273,13.899999618530273,13.819999694824219,13.869999885559082,10.716052055358887,33456
FAIT.CA,Banking,2022-09-21 22:00:00,13.869999885559082,13.850000381469727,13.760000228881836,13.819999694824219,10.677421569824219,57438
FAIT.CA,Banking,2022-09-24 22:00:00,13.819999694824219,13.949999809265137,13.760000228881836,13.800000190734863,10.661969184875488,22361
FAIT.CA,Banking,2022-09-25 22:00:00,13.800000190734863,13.819999694824219,13.770000457763672,13.800000190734863,10.661969184875488,53493
FAIT.CA,Banking,2022-09-26 22:00:00,13.800000190734863,13.859999656677246,13.729999542236328,13.739999771118164,10.61561393737793,86849
FAIT.CA,Banking,2022-09-27 22:00:00,13.739999771118164,13.8100004196167,13.729999542236328,13.75,10.623339653015137,42261
FAIT.CA,Banking,2022-09-28 22:00:00,13.75,13.800000190734863,13.729999542236328,13.800000190734863,10.661969184875488,49911
FAIT.CA,Banking,2022-10-01 22:00:00,13.800000190734863,14.0,13.720000267028809,13.739999771118164,10.61561393737793,27121
FAIT.CA,Banking,2022-10-02 22:00:00,13.739999771118164,13.850000381469727,13.729999542236328,13.739999771118164,10.61561393737793,16890
FAIT.CA,Banking,2022-10-03 22:00:00,13.739999771118164,13.899999618530273,13.760000228881836,13.880000114440918,10.72377872467041,27944
FAIT.CA,Banking,2022-10-04 22:00:00,13.880000114440918,13.989999771118164,13.789999961853027,13.899999618530273,10.739230155944824,44604
FAIT.CA,Banking,2022-10-08 22:00:00,13.899999618530273,14.109999656677246,13.949999809265137,14.09000015258789,10.886025428771973,98787
FAIT.CA,Banking,2022-10-09 22:00:00,14.09000015258789,14.399999618530273,14.09000015258789,14.380000114440918,11.110082626342773,147102
FAIT.CA,Banking,2022-10-10 22:00:00,14.380000114440918,14.399999618530273,14.170000076293945,14.380000114440918,11.110082626342773,18271
FAIT.CA,Banking,2022-10-11 22:00:00,14.380000114440918,14.260000228881836,14.100000381469727,14.15999984741211,10.940108299255371,53500
FAIT.CA,Banking,2022-10-12 22:00:00,14.15999984741211,14.4399995803833,14.100000381469727,14.279999732971191,11.032820701599121,57110
FAIT.CA,Banking,2022-10-15 22:00:00,14.279999732971191,14.399999618530273,14.199999809265137,14.319999694824219,11.063724517822266,32209
FAIT.CA,Banking,2022-10-16 22:00:00,14.319999694824219,14.319999694824219,14.220000267028809,14.25,11.009641647338867,39633
FAIT.CA,Banking,2022-10-17 22:00:00,14.25,14.550000190734863,14.180000305175781,14.449999809265137,11.164164543151855,55521
FAIT.CA,Banking,2022-10-18 22:00:00,14.449999809265137,14.489999771118164,14.329999923706055,14.449999809265137,11.164164543151855,19319
FAIT.CA,Banking,2022-10-19 22:00:00,14.449999809265137,14.489999771118164,14.40999984741211,14.489999771118164,11.195067405700684,24691
FAIT.CA,Banking,2022-10-22 22:00:00,14.489999771118164,14.75,14.470000267028809,14.489999771118164,11.195067405700684,26726
FAIT.CA,Banking,2022-10-23 22:00:00,14.489999771118164,14.899999618530273,14.5,14.5,11.202794075012207,32335
FAIT.CA,Banking,2022-10-24 22:00:00,14.5,14.649999618530273,14.520000457763672,14.5,11.202794075012207,13485
FAIT.CA,Banking,2022-10-25 22:00:00,14.5,14.5,14.5,14.5,11.202794075012207,0
FAIT.CA,Banking,2022-10-26 22:00:00,14.5,15.5,14.699999809265137,15.100000381469727,11.66635799407959,206778
FAIT.CA,Banking,2022-10-29 22:00:00,15.100000381469727,15.9399995803833,15.100000381469727,15.420000076293945,11.913592338562012,159737
FAIT.CA,Banking,2022-10-30 22:00:00,15.420000076293945,15.699999809265137,15.0,15.149999618530273,11.704987525939941,130131
FAIT.CA,Banking,2022-10-31 22:00:00,15.149999618530273,15.449999809265137,15.029999732971191,15.270000457763672,11.797701835632324,99483
FAIT.CA,Banking,2022-11-01 22:00:00,15.270000457763672,15.329999923706055,15.119999885559082,15.170000076293945,11.720439910888672,32357
FAIT.CA,Banking,2022-11-02 22:00:00,15.170000076293945,15.260000228881836,15.109999656677246,15.229999542236328,11.766797065734863,52760
FAIT.CA,Banking,2022-11-05 22:00:00,15.229999542236328,15.449999809265137,15.149999618530273,15.289999961853027,11.813153266906738,34736
FAIT.CA,Banking,2022-11-06 22:00:00,15.289999961853027,15.380000114440918,15.180000305175781,15.239999771118164,11.77452278137207,37620
FAIT.CA,Banking,2022-11-07 22:00:00,15.239999771118164,15.380000114440918,15.229999542236328,15.3100004196167,11.828605651855469,28543
FAIT.CA,Banking,2022-11-08 22:00:00,15.3100004196167,15.319999694824219,15.109999656677246,15.239999771118164,11.77452278137207,66013
FAIT.CA,Banking,2022-11-09 22:00:00,15.239999771118164,15.479999542236328,15.130000114440918,15.399999618530273,11.898139953613281,50382
FAIT.CA,Banking,2022-11-12 22:00:00,15.399999618530273,16.06999969482422,15.40999984741211,16.020000457763672,12.377156257629395,85979
FAIT.CA,Banking,2022-11-13 22:00:00,16.020000457763672,16.09000015258789,15.75,16.0,12.361703872680664,25293
FAIT.CA,Banking,2022-11-14 22:00:00,16.0,16.3700008392334,15.869999885559082,16.229999542236328,12.539402961730957,65413
FAIT.CA,Banking,2022-11-15 22:00:00,16.229999542236328,16.979999542236328,16.200000762939453,16.729999542236328,12.925705909729004,138738
FAIT.CA,Banking,2022-11-16 22:00:00,16.729999542236328,17.040000915527344,16.770000457763672,16.969999313354492,13.11113166809082,150119
FAIT.CA,Banking,2022-11-19 22:00:00,16.969999313354492,17.479999542236328,17.200000762939453,17.3700008392334,13.42017650604248,64182
FAIT.CA,Banking,2022-11-20 22:00:00,17.3700008392334,17.459999084472656,17.209999084472656,17.399999618530273,13.443352699279785,33233
FAIT.CA,Banking,2022-11-21 22:00:00,17.399999618530273,17.450000762939453,17.270000457763672,17.290000915527344,13.358366966247559,80314
FAIT.CA,Banking,2022-11-22 22:00:00,17.290000915527344,17.579999923706055,17.200000762939453,17.469999313354492,13.497435569763184,107865
FAIT.CA,Banking,2022-11-23 22:00:00,17.469999313354492,17.540000915527344,17.350000381469727,17.420000076293945,13.458806037902832,36985
FAIT.CA,Banking,2022-11-26 22:00:00,17.420000076293945,17.549999237060547,17.420000076293945,17.469999313354492,13.497435569763184,63044
FAIT.CA,Banking,2022-11-27 22:00:00,17.469999313354492,17.799999237060547,17.420000076293945,17.709999084472656,13.682860374450684,78047
FAIT.CA,Banking,2022-11-28 22:00:00,17.709999084472656,18.389999389648438,17.850000381469727,18.200000762939453,14.06143856048584,221283
FAIT.CA,Banking,2022-11-29 22:00:00,18.200000762939453,18.649999618530273,18.149999618530273,18.360000610351562,14.18505573272705,141800
FAIT.CA,Banking,2022-11-30 22:00:00,18.360000610351562,19.600000381469727,18.40999984741211,19.520000457763672,15.081279754638672,139605
FAIT.CA,Banking,2022-12-03 22:00:00,19.520000457763672,21.940000534057617,19.799999237060547,21.760000228881836,16.81191635131836,352734
FAIT.CA,Banking,2022-12-04 22:00:00,21.760000228881836,22.5,22.0,22.40999984741211,17.314111709594727,241622
FAIT.CA,Banking,2022-12-05 22:00:00,22.40999984741211,22.600000381469727,21.610000610351562,22.06999969482422,17.051424026489258,121569
FAIT.CA,Banking,2022-12-06 22:00:00,22.06999969482422,23.229999542236328,22.100000381469727,22.799999237060547,17.615427017211914,146812
FAIT.CA,Banking,2022-12-07 22:00:00,22.799999237060547,23.25,22.6200008392334,22.8799991607666,17.677236557006836,176988
FAIT.CA,Banking,2022-12-10 22:00:00,22.8799991607666,23.25,22.899999618530273,23.200000762939453,17.92447280883789,191768
FAIT.CA,Banking,2022-12-11 22:00:00,23.200000762939453,23.6299991607666,23.010000228881836,23.459999084472656,18.125347137451172,106396
FAIT.CA,Banking,2022-12-12 22:00:00,23.459999084472656,26.860000610351562,23.510000228881836,26.200000762939453,20.242290496826172,236784
FAIT.CA,Banking,2022-12-13 22:00:00,26.200000762939453,27.889999389648438,26.579999923706055,27.350000381469727,21.130788803100586,168052
FAIT.CA,Banking,2022-12-14 22:00:00,27.350000381469727,27.829999923706055,26.709999084472656,27.239999771118164,21.04580307006836,240470
FAIT.CA,Banking,2022-12-17 22:00:00,27.239999771118164,27.25,21.950000762939453,25.920000076293945,20.02596092224121,376472
FAIT.CA,Banking,2022-12-18 22:00:00,25.920000076293945,26.18000030517578,24.299999237060547,24.90999984741211,19.245628356933594,156473
FAIT.CA,Banking,2022-12-19 22:00:00,24.90999984741211,24.979999542236328,24.0,24.059999465942383,18.588911056518555,236760
FAIT.CA,Banking,2022-12-20 22:00:00,24.059999465942383,24.049999237060547,22.270000457763672,23.0,17.76995086669922,219566
FAIT.CA,Banking,2022-12-21 22:00:00,23.0,24.84000015258789,23.0,23.68000030517578,18.29532241821289,141254
FAIT.CA,Banking,2022-12-24 22:00:00,23.68000030517578,23.8799991607666,23.15999984741211,23.440000534057617,18.10989761352539,52376
FAIT.CA,Banking,2022-12-25 22:00:00,23.440000534057617,23.700000762939453,23.329999923706055,23.43000030517578,18.102170944213867,66314
FAIT.CA,Banking,2022-12-26 22:00:00,23.43000030517578,24.399999618530273,23.399999618530273,24.1200008392334,18.635269165039062,140130
FAIT.CA,Banking,2022-12-27 22:00:00,24.1200008392334,25.5,24.0,25.110000610351562,19.400150299072266,152032
FAIT.CA,Banking,2022-12-28 22:00:00,25.110000610351562,25.520000457763672,25.100000381469727,25.5,19.701465606689453,125799
FAIT.CA,Banking,2023-01-01 22:00:00,25.5,26.100000381469727,25.5,25.979999542236328,20.072317123413086,67306
FAIT.CA,Banking,2023-01-02 22:00:00,25.979999542236328,26.600000381469727,25.809999465942383,26.530000686645508,20.497251510620117,64584
FAIT.CA,Banking,2023-01-03 22:00:00,26.530000686645508,27.399999618530273,22.100000381469727,26.8799991607666,20.767662048339844,324437
FAIT.CA,Banking,2023-01-04 22:00:00,26.8799991607666,27.43000030517578,26.399999618530273,27.020000457763672,20.87582778930664,167066
FAIT.CA,Banking,2023-01-08 22:00:00,27.020000457763672,27.299999237060547,26.510000228881836,26.75,20.667224884033203,102606
FAIT.CA,Banking,2023-01-09 22:00:00,26.75,26.940000534057617,25.899999618530273,26.15999984741211,20.21138572692871,133728
FAIT.CA,Banking,2023-01-10 22:00:00,26.15999984741211,27.239999771118164,25.799999237060547,26.959999084472656,20.829471588134766,283935
FAIT.CA,Banking,2023-01-11 22:00:00,26.959999084472656,27.299999237060547,26.700000762939453,26.93000030517578,20.806291580200195,120597
FAIT.CA,Banking,2023-01-14 22:00:00,26.93000030517578,27.09000015258789,26.700000762939453,26.969999313354492,20.837196350097656,48041
FAIT.CA,Banking,2023-01-15 22:00:00,26.969999313354492,27.0,26.709999084472656,26.90999984741211,20.79084014892578,66946
FAIT.CA,Banking,2023-01-16 22:00:00,26.90999984741211,26.969999313354492,26.700000762939453,26.760000228881836,20.674949645996094,40201
FAIT.CA,Banking,2023-01-17 22:00:00,26.760000228881836,26.8799991607666,26.700000762939453,26.709999084472656,20.636320114135742,44470
FAIT.CA,Banking,2023-01-18 22:00:00,26.709999084472656,26.860000610351562,26.530000686645508,26.700000762939453,20.62859344482422,62425
FAIT.CA,Banking,2023-01-21 22:00:00,26.700000762939453,26.81999969482422,25.020000457763672,26.100000381469727,20.165029525756836,121536
FAIT.CA,Banking,2023-01-22 22:00:00,26.100000381469727,26.770000457763672,25.90999984741211,26.3700008392334,20.373634338378906,43118
FAIT.CA,Banking,2023-01-23 22:00:00,26.3700008392334,26.600000381469727,26.25,26.3700008392334,20.373634338378906,35408
FAIT.CA,Banking,2023-01-24 22:00:00,26.3700008392334,26.700000762939453,26.31999969482422,26.600000381469727,20.551334381103516,100428
FAIT.CA,Banking,2023-01-28 22:00:00,26.600000381469727,27.950000762939453,26.600000381469727,27.760000228881836,21.44755744934082,171386
FAIT.CA,Banking,2023-01-29 22:00:00,27.760000228881836,27.950000762939453,27.299999237060547,27.34000015258789,21.123062133789062,66026
FAIT.CA,Banking,2023-01-30 22:00:00,27.34000015258789,27.700000762939453,27.209999084472656,27.329999923706055,21.11533546447754,78394
FAIT.CA,Banking,2023-01-31 22:00:00,27.329999923706055,27.5,26.610000610351562,27.239999771118164,21.04580307006836,30070
FAIT.CA,Banking,2023-02-01 22:00:00,27.239999771118164,27.350000381469727,26.549999237060547,26.770000457763672,20.682674407958984,38494
FAIT.CA,Banking,2023-02-04 22:00:00,26.770000457763672,26.809999465942383,25.0,25.469999313354492,19.678287506103516,63664
FAIT.CA,Banking,2023-02-05 22:00:00,25.469999313354492,26.489999771118164,25.709999084472656,26.020000457763672,20.10322380065918,32129
FAIT.CA,Banking,2023-02-06 22:00:00,26.020000457763672,26.600000381469727,26.059999465942383,26.239999771118164,20.273193359375,21010
FAIT.CA,Banking,2023-02-07 22:00:00,26.239999771118164,26.690000534057617,26.040000915527344,26.260000228881836,20.288646697998047,49000
FAIT.CA,Banking,2023-02-08 22:00:00,26.260000228881836,26.690000534057617,26.260000228881836,26.520000457763672,20.489524841308594,36458
FAIT.CA,Banking,2023-02-11 22:00:00,26.520000457763672,26.700000762939453,26.260000228881836,26.360000610351562,20.365909576416016,20062
FAIT.CA,Banking,2023-02-12 22:00:00,26.360000610351562,26.600000381469727,26.299999237060547,26.540000915527344,20.50497817993164,67474
FAIT.CA,Banking,2023-02-13 22:00:00,26.540000915527344,27.270000457763672,26.25,27.049999237060547,20.899005889892578,61786
FAIT.CA,Banking,2023-02-14 22:00:00,27.049999237060547,32.0,27.020000457763672,29.670000076293945,22.923234939575195,239541
FAIT.CA,Banking,2023-02-15 22:00:00,29.670000076293945,29.899999618530273,28.709999084472656,28.90999984741211,22.3360538482666,57936
FAIT.CA,Banking,2023-02-18 22:00:00,28.90999984741211,29.020000457763672,28.399999618530273,28.540000915527344,22.050189971923828,51160
FAIT.CA,Banking,2023-02-19 22:00:00,28.540000915527344,28.700000762939453,28.0,28.040000915527344,21.66388702392578,43843
FAIT.CA,Banking,2023-02-20 22:00:00,28.040000915527344,28.549999237060547,27.950000762939453,28.3700008392334,21.918848037719727,14674
FAIT.CA,Banking,2023-02-21 22:00:00,28.3700008392334,28.719999313354492,28.149999618530273,28.209999084472656,21.795228958129883,14783
FAIT.CA,Banking,2023-02-22 22:00:00,28.209999084472656,28.5,27.799999237060547,28.450000762939453,21.980655670166016,40910
FAIT.CA,Banking,2023-02-25 22:00:00,28.450000762939453,28.5,27.899999618530273,28.020000457763672,21.648435592651367,71893
FAIT.CA,Banking,2023-02-26 22:00:00,28.020000457763672,28.09000015258789,27.84000015258789,28.049999237060547,21.671611785888672,76403
FAIT.CA,Banking,2023-02-27 22:00:00,28.049999237060547,28.100000381469727,27.530000686645508,28.010000228881836,21.640708923339844,32823
FAIT.CA,Banking,2023-02-28 22:00:00,28.010000228881836,28.5,27.75,27.979999542236328,21.617528915405273,33723
FAIT.CA,Banking,2023-03-01 22:00:00,27.979999542236328,28.229999542236328,27.90999984741211,28.0,21.63298225402832,21225
FAIT.CA,Banking,2023-03-04 22:00:00,28.0,28.190000534057617,27.950000762939453,28.020000457763672,21.648435592651367,41959
FAIT.CA,Banking,2023-03-05 22:00:00,28.020000457763672,28.649999618530273,28.020000457763672,28.600000381469727,22.096548080444336,42193
FAIT.CA,Banking,2023-03-06 22:00:00,28.600000381469727,29.450000762939453,28.229999542236328,28.459999084472656,21.988380432128906,49707
FAIT.CA,Banking,2023-03-07 22:00:00,28.459999084472656,28.479999542236328,27.809999465942383,27.940000534057617,21.586624145507812,70966
FAIT.CA,Banking,2023-03-08 22:00:00,27.940000534057617,28.299999237060547,27.40999984741211,27.5,21.246679306030273,137739
FAIT.CA,Banking,2023-03-11 22:00:00,27.5,27.799999237060547,25.899999618530273,26.0,20.0877685546875,322833
FAIT.CA,Banking,2023-03-12 22:00:00,26.0,26.81999969482422,24.950000762939453,25.010000228881836,19.32288932800293,78983
FAIT.CA,Banking,2023-03-13 22:00:00,25.010000228881836,25.0,24.06999969482422,24.5,18.92885971069336,180441
FAIT.CA,Banking,2023-03-14 22:00:00,24.5,25.700000762939453,21.0,23.739999771118164,18.341676712036133,175601
FAIT.CA,Banking,2023-03-15 22:00:00,23.739999771118164,24.290000915527344,22.5,24.0,18.542556762695312,60586
FAIT.CA,Banking,2023-03-18 22:00:00,24.0,24.889999389648438,23.5,24.399999618530273,18.851598739624023,170713
FAIT.CA,Banking,2023-03-19 22:00:00,24.399999618530273,25.209999084472656,24.559999465942383,25.049999237060547,19.35379409790039,136517
FAIT.CA,Banking,2023-03-20 22:00:00,25.049999237060547,25.860000610351562,25.15999984741211,25.510000228881836,19.709192276000977,49614
FAIT.CA,Banking,2023-03-21 22:00:00,25.510000228881836,25.790000915527344,25.260000228881836,25.34000015258789,19.577848434448242,62019
FAIT.CA,Banking,2023-03-22 22:00:00,25.34000015258789,25.989999771118164,25.309999465942383,25.729999542236328,19.87916374206543,54842
FAIT.CA,Banking,2023-03-25 22:00:00,25.729999542236328,27.299999237060547,25.989999771118164,26.969999313354492,20.837196350097656,56816
FAIT.CA,Banking,2023-03-26 22:00:00,26.969999313354492,27.489999771118164,26.799999237060547,27.43000030517578,21.192598342895508,46620
FAIT.CA,Banking,2023-03-27 22:00:00,27.43000030517578,27.450000762939453,26.799999237060547,26.899999618530273,20.783113479614258,96224
FAIT.CA,Banking,2023-03-28 22:00:00,26.899999618530273,28.0,26.549999237060547,27.790000915527344,21.47073745727539,106017
FAIT.CA,Banking,2023-03-29 22:00:00,27.790000915527344,28.5,27.25,27.950000762939453,21.59435272216797,47108
FAIT.CA,Banking,2023-04-01 22:00:00,27.950000762939453,28.969999313354492,27.950000762939453,28.520000457763672,22.034738540649414,89643
FAIT.CA,Banking,2023-04-02 22:00:00,28.520000457763672,28.950000762939453,28.190000534057617,28.389999389648438,21.934297561645508,188464
FAIT.CA,Banking,2023-04-03 22:00:00,28.389999389648438,26.899999618530273,26.389999389648438,26.84000015258789,22.211708068847656,108081
FAIT.CA,Banking,2023-04-04 22:00:00,26.84000015258789,26.959999084472656,26.5,26.579999923706055,21.99654197692871,76543
FAIT.CA,Banking,2023-04-05 22:00:00,26.579999923706055,26.84000015258789,25.799999237060547,25.90999984741211,21.442073822021484,124075
FAIT.CA,Banking,2023-04-08 22:00:00,25.90999984741211,26.299999237060547,25.049999237060547,25.059999465942383,20.738649368286133,463712
FAIT.CA,Banking,2023-04-09 22:00:00,25.059999465942383,25.389999389648438,25.079999923706055,25.260000228881836,20.90416145324707,63321
FAIT.CA,Banking,2023-04-10 22:00:00,25.260000228881836,26.110000610351562,25.25,25.770000457763672,21.326215744018555,63204
FAIT.CA,Banking,2023-04-11 22:00:00,25.770000457763672,26.219999313354492,25.719999313354492,26.1299991607666,21.62413787841797,63164
FAIT.CA,Banking,2023-04-12 22:00:00,26.1299991607666,27.489999771118164,26.100000381469727,27.0,22.344114303588867,143993
FAIT.CA,Banking,2023-04-17 22:00:00,27.0,28.0,27.020000457763672,28.0,23.171674728393555,254875
FAIT.CA,Banking,2023-04-18 22:00:00,28.0,28.450000762939453,27.75,28.139999389648438,23.287532806396484,103045
FAIT.CA,Banking,2023-04-25 22:00:00,28.139999389648438,28.549999237060547,28.139999389648438,28.450000762939453,23.544076919555664,63782
FAIT.CA,Banking,2023-04-26 22:00:00,28.450000762939453,30.0,28.5,29.84000015258789,24.694385528564453,213325
FAIT.CA,Banking,2023-04-29 21:00:00,29.84000015258789,29.950000762939453,28.25,28.6299991607666,23.693038940429688,141291
FAIT.CA,Banking,2023-04-30 21:00:00,28.6299991607666,28.6299991607666,28.6299991607666,28.6299991607666,23.693038940429688,0
FAIT.CA,Banking,2023-05-01 21:00:00,27.719999313354492,27.700000762939453,27.020000457763672,27.170000076293945,22.484800338745117,107684
FAIT.CA,Banking,2023-05-02 21:00:00,27.170000076293945,27.5,27.34000015258789,27.479999542236328,22.741344451904297,72602
FAIT.CA,Banking,2023-05-06 21:00:00,27.479999542236328,27.600000381469727,27.25,27.5,22.75789451599121,132350
FAIT.CA,Banking,2023-05-07 21:00:00,27.5,28.459999084472656,27.6299991607666,27.920000076293945,23.105470657348633,50173
FAIT.CA,Banking,2023-05-08 21:00:00,27.920000076293945,28.489999771118164,27.850000381469727,28.170000076293945,23.312360763549805,78543
FAIT.CA,Banking,2023-05-09 21:00:00,28.170000076293945,28.3700008392334,27.700000762939453,27.780000686645508,22.989612579345703,47972
FAIT.CA,Banking,2023-05-10 21:00:00,27.780000686645508,28.3799991607666,27.729999542236328,28.0,23.171674728393555,48119
FAIT.CA,Banking,2023-05-13 21:00:00,28.0,28.239999771118164,27.399999618530273,27.799999237060547,23.006162643432617,49224
FAIT.CA,Banking,2023-05-14 21:00:00,27.799999237060547,28.09000015258789,27.40999984741211,27.489999771118164,22.74962043762207,64443
FAIT.CA,Banking,2023-05-15 21:00:00,27.489999771118164,27.700000762939453,26.799999237060547,27.139999389648438,22.45997428894043,59033
FAIT.CA,Banking,2023-05-16 21:00:00,27.139999389648438,27.270000457763672,26.8799991607666,26.93000030517578,22.28618621826172,35262
FAIT.CA,Banking,2023-05-17 21:00:00,26.93000030517578,27.0,26.700000762939453,26.799999237060547,22.17860221862793,21089
FAIT.CA,Banking,2023-05-20 21:00:00,26.799999237060547,27.299999237060547,26.700000762939453,27.1299991607666,22.451698303222656,23131
FAIT.CA,Banking,2023-05-21 21:00:00,27.1299991607666,27.450000762939453,26.899999618530273,27.040000915527344,22.377216339111328,55966
FAIT.CA,Banking,2023-05-22 21:00:00,27.040000915527344,27.200000762939453,26.790000915527344,26.8700008392334,22.236534118652344,32822
FAIT.CA,Banking,2023-05-23 21:00:00,26.8700008392334,27.0,26.799999237060547,26.8700008392334,22.236534118652344,29720
FAIT.CA,Banking,2023-05-24 21:00:00,26.8700008392334,27.06999969482422,26.899999618530273,26.920000076293945,22.277910232543945,33179
FAIT.CA,Banking,2023-05-27 21:00:00,26.920000076293945,27.25,26.81999969482422,26.90999984741211,22.269634246826172,26658
FAIT.CA,Banking,2023-05-28 21:00:00,26.90999984741211,27.350000381469727,26.809999465942383,26.979999542236328,22.32756233215332,31404
FAIT.CA,Banking,2023-05-29 21:00:00,26.979999542236328,27.350000381469727,27.0,27.31999969482422,22.608932495117188,38000
FAIT.CA,Banking,2023-05-30 21:00:00,27.31999969482422,27.31999969482422,27.100000381469727,27.1200008392334,22.443424224853516,61995
FAIT.CA,Banking,2023-05-31 21:00:00,27.1200008392334,27.270000457763672,26.969999313354492,27.010000228881836,22.35239028930664,104478
FAIT.CA,Banking,2023-06-03 21:00:00,27.010000228881836,27.239999771118164,26.93000030517578,27.06999969482422,22.40204429626465,17751
FAIT.CA,Banking,2023-06-04 21:00:00,27.06999969482422,27.190000534057617,26.989999771118164,27.0,22.344114303588867,79576
FAIT.CA,Banking,2023-06-05 21:00:00,27.0,27.200000762939453,26.920000076293945,26.979999542236328,22.32756233215332,16385
FAIT.CA,Banking,2023-06-06 21:00:00,26.979999542236328,27.149999618530273,26.93000030517578,27.0,22.344114303588867,70940
FAIT.CA,Banking,2023-06-07 21:00:00,27.0,27.09000015258789,26.93000030517578,27.0,22.344114303588867,112927
FAIT.CA,Banking,2023-06-10 21:00:00,27.0,27.049999237060547,26.899999618530273,27.0,22.344114303588867,92326
FAIT.CA,Banking,2023-06-11 21:00:00,27.0,27.149999618530273,26.950000762939453,27.0,22.344114303588867,33817
FAIT.CA,Banking,2023-06-12 21:00:00,27.0,27.1299991607666,26.950000762939453,27.010000228881836,22.35239028930664,144056
FAIT.CA,Banking,2023-06-13 21:00:00,27.010000228881836,27.190000534057617,26.969999313354492,27.0,22.344114303588867,88930
FAIT.CA,Banking,2023-06-14 21:00:00,27.0,27.010000228881836,26.899999618530273,26.920000076293945,22.277910232543945,24133
FAIT.CA,Banking,2023-06-17 21:00:00,26.920000076293945,26.989999771118164,26.799999237060547,26.81999969482422,22.19515609741211,41373
FAIT.CA,Banking,2023-06-18 21:00:00,26.81999969482422,27.0,26.799999237060547,26.81999969482422,22.19515609741211,33349
FAIT.CA,Banking,2023-06-19 21:00:00,26.81999969482422,26.950000762939453,26.700000762939453,26.709999084472656,22.104122161865234,31180
FAIT.CA,Banking,2023-06-20 21:00:00,26.709999084472656,26.8700008392334,26.65999984741211,26.729999542236328,22.12067413330078,36795
FAIT.CA,Banking,2023-06-21 21:00:00,26.729999542236328,26.8799991607666,26.399999618530273,26.43000030517578,21.872406005859375,950841
FAIT.CA,Banking,2023-06-24 21:00:00,26.43000030517578,26.700000762939453,26.270000457763672,26.3799991607666,21.83102798461914,13658
FAIT.CA,Banking,2023-06-25 21:00:00,26.3799991607666,26.5,26.0,26.190000534057617,21.673791885375977,50127
FAIT.CA,Banking,2023-07-03 21:00:00,26.190000534057617,26.8700008392334,26.399999618530273,26.190000534057617,21.673791885375977,7350
FAIT.CA,Banking,2023-07-04 21:00:00,26.190000534057617,26.5,26.260000228881836,26.309999465942383,21.77309799194336,15753
FAIT.CA,Banking,2023-07-05 21:00:00,26.309999465942383,26.350000381469727,26.010000228881836,26.110000610351562,21.607587814331055,22578
FAIT.CA,Banking,2023-07-08 21:00:00,26.110000610351562,26.450000762939453,25.56999969482422,25.860000610351562,21.400697708129883,17568
FAIT.CA,Banking,2023-07-09 21:00:00,25.860000610351562,25.8799991607666,25.06999969482422,25.729999542236328,21.293113708496094,16450
FAIT.CA,Banking,2023-07-10 21:00:00,25.729999542236328,26.0,25.600000381469727,25.729999542236328,21.293113708496094,11482
FAIT.CA,Banking,2023-07-11 21:00:00,25.729999542236328,25.899999618530273,25.639999389648438,25.729999542236328,21.293113708496094,8782
FAIT.CA,Banking,2023-07-12 21:00:00,25.729999542236328,25.829999923706055,25.610000610351562,25.729999542236328,21.293113708496094,11499
FAIT.CA,Banking,2023-07-15 21:00:00,25.729999542236328,25.93000030517578,25.649999618530273,25.729999542236328,21.293113708496094,9393
FAIT.CA,Banking,2023-07-16 21:00:00,25.729999542236328,25.809999465942383,25.549999237060547,25.6299991607666,21.210359573364258,37464
FAIT.CA,Banking,2023-07-17 21:00:00,25.6299991607666,25.790000915527344,25.549999237060547,25.59000015258789,21.177255630493164,16702
FAIT.CA,Banking,2023-07-18 21:00:00,25.59000015258789,25.59000015258789,25.59000015258789,25.59000015258789,21.177255630493164,0
FAIT.CA,Banking,2023-07-23 21:00:00,25.690000534057617,25.899999618530273,25.549999237060547,25.690000534057617,21.260013580322266,11318
FAIT.CA,Banking,2023-07-24 21:00:00,25.690000534057617,25.829999923706055,25.440000534057617,25.520000457763672,21.119327545166016,51558
FAIT.CA,Banking,2023-07-25 21:00:00,25.520000457763672,25.6299991607666,25.40999984741211,25.469999313354492,21.07794761657715,13489
FAIT.CA,Banking,2023-07-26 21:00:00,25.469999313354492,25.600000381469727,25.399999618530273,25.469999313354492,21.07794761657715,4488
FAIT.CA,Banking,2023-07-29 21:00:00,25.469999313354492,25.6299991607666,25.459999084472656,25.5,21.10277557373047,67362
FAIT.CA,Banking,2023-07-30 21:00:00,25.5,25.700000762939453,25.510000228881836,25.649999618530273,21.226909637451172,18951
FAIT.CA,Banking,2023-07-31 21:00:00,25.649999618530273,25.729999542236328,25.5,25.610000610351562,21.19380760192871,40493
FAIT.CA,Banking,2023-08-01 21:00:00,25.610000610351562,25.780000686645508,25.459999084472656,25.520000457763672,21.119327545166016,20154
FAIT.CA,Banking,2023-08-02 21:00:00,25.520000457763672,25.559999465942383,25.260000228881836,25.479999542236328,21.086223602294922,32261
FAIT.CA,Banking,2023-08-05 21:00:00,25.479999542236328,25.850000381469727,25.260000228881836,25.34000015258789,20.970365524291992,75642
FAIT.CA,Banking,2023-08-06 21:00:00,25.34000015258789,25.8799991607666,25.5,25.579999923706055,21.16897964477539,134234
FAIT.CA,Banking,2023-08-07 21:00:00,25.579999923706055,25.799999237060547,25.100000381469727,25.290000915527344,20.92898941040039,73402
FAIT.CA,Banking,2023-08-08 21:00:00,25.290000915527344,25.549999237060547,25.299999237060547,25.510000228881836,21.11104965209961,40136
FAIT.CA,Banking,2023-08-09 21:00:00,25.510000228881836,25.649999618530273,25.350000381469727,25.56999969482422,21.16070556640625,20404
FAIT.CA,Banking,2023-08-12 21:00:00,25.56999969482422,25.649999618530273,25.5,25.59000015258789,21.177255630493164,52375
FAIT.CA,Banking,2023-08-13 21:00:00,25.59000015258789,25.75,25.549999237060547,25.68000030517578,21.25173568725586,40424
FAIT.CA,Banking,2023-08-14 21:00:00,25.68000030517578,25.700000762939453,25.59000015258789,25.690000534057617,21.260013580322266,25245
FAIT.CA,Banking,2023-08-15 21:00:00,25.690000534057617,25.770000457763672,25.549999237060547,25.6200008392334,21.20208168029785,54173
FAIT.CA,Banking,2023-08-16 21:00:00,25.6200008392334,25.770000457763672,25.479999542236328,25.520000457763672,21.119327545166016,25426
FAIT.CA,Banking,2023-08-19 21:00:00,25.520000457763672,25.979999542236328,25.40999984741211,25.75,21.30966567993164,40098
FAIT.CA,Banking,2023-08-20 21:00:00,25.75,25.969999313354492,25.6200008392334,25.75,21.30966567993164,9067
FAIT.CA,Banking,2023-08-21 21:00:00,25.75,25.899999618530273,25.670000076293945,25.799999237060547,21.351041793823242,12062
FAIT.CA,Banking,2023-08-22 21:00:00,25.799999237060547,25.850000381469727,25.600000381469727,25.739999771118164,21.301389694213867,19151
FAIT.CA,Banking,2023-08-23 21:00:00,25.739999771118164,26.149999618530273,25.420000076293945,25.889999389648438,21.42552375793457,69638
FAIT.CA,Banking,2023-08-26 21:00:00,25.889999389648438,26.25,25.950000762939453,26.15999984741211,21.648963928222656,13727
FAIT.CA,Banking,2023-08-27 21:00:00,26.15999984741211,26.260000228881836,26.079999923706055,26.229999542236328,21.706893920898438,30188
FAIT.CA,Banking,2023-08-28 21:00:00,26.229999542236328,26.920000076293945,26.170000076293945,26.399999618530273,21.847578048706055,45247
FAIT.CA,Banking,2023-08-29 21:00:00,26.399999618530273,26.600000381469727,26.1200008392334,26.270000457763672,21.73999786376953,20926
FAIT.CA,Banking,2023-08-30 21:00:00,26.270000457763672,26.270000457763672,26.270000457763672,26.270000457763672,21.73999786376953,0
FAIT.CA,Banking,2023-09-02 21:00:00,26.399999618530273,26.600000381469727,26.209999084472656,26.389999389648438,21.839303970336914,12566
FAIT.CA,Banking,2023-09-03 21:00:00,26.389999389648438,26.549999237060547,26.200000762939453,26.389999389648438,21.839303970336914,10040
FAIT.CA,Banking,2023-09-04 21:00:00,26.389999389648438,26.5,26.25,26.290000915527344,21.756547927856445,23975
FAIT.CA,Banking,2023-09-05 21:00:00,26.290000915527344,26.34000015258789,26.200000762939453,26.229999542236328,21.706893920898438,19284
FAIT.CA,Banking,2023-09-06 21:00:00,26.229999542236328,26.600000381469727,26.25,26.520000457763672,21.94688606262207,60410
FAIT.CA,Banking,2023-09-09 21:00:00,26.520000457763672,26.520000457763672,26.520000457763672,26.520000457763672,21.94688606262207,0
FAIT.CA,Banking,2023-09-10 21:00:00,27.209999084472656,27.5,26.850000381469727,27.280000686645508,22.57583236694336,41380
FAIT.CA,Banking,2023-09-11 21:00:00,27.280000686645508,27.389999389648438,27.100000381469727,27.219999313354492,22.52617835998535,17857
FAIT.CA,Banking,2023-09-12 21:00:00,27.219999313354492,27.34000015258789,27.020000457763672,27.219999313354492,22.52617835998535,9451
FAIT.CA,Banking,2023-09-13 21:00:00,27.219999313354492,27.25,27.040000915527344,27.059999465942383,22.393768310546875,50391
FAIT.CA,Banking,2023-09-16 21:00:00,27.059999465942383,27.5,27.059999465942383,27.5,22.75789451599121,51262
FAIT.CA,Banking,2023-09-17 21:00:00,27.5,27.5,27.260000228881836,27.3700008392334,22.650312423706055,15447
FAIT.CA,Banking,2023-09-18 21:00:00,27.3700008392334,27.5,27.299999237060547,27.350000381469727,22.633760452270508,26152
FAIT.CA,Banking,2023-09-19 21:00:00,27.350000381469727,27.350000381469727,27.350000381469727,27.350000381469727,22.633760452270508,0
FAIT.CA,Banking,2023-09-20 21:00:00,27.350000381469727,27.350000381469727,27.350000381469727,27.350000381469727,22.633760452270508,0
FAIT.CA,Banking,2023-09-23 21:00:00,27.350000381469727,27.350000381469727,27.350000381469727,27.350000381469727,22.633760452270508,0
FAIT.CA,Banking,2023-09-24 21:00:00,27.309999465942383,27.719999313354492,27.280000686645508,27.329999923706055,22.617210388183594,20455
FAIT.CA,Banking,2023-09-25 21:00:00,27.329999923706055,27.479999542236328,27.309999465942383,27.309999465942383,22.600658416748047,43014
FAIT.CA,Banking,2023-09-26 21:00:00,27.309999465942383,27.309999465942383,27.309999465942383,27.309999465942383,22.600658416748047,0
FAIT.CA,Banking,2023-09-30 21:00:00,27.309999465942383,27.309999465942383,27.309999465942383,27.309999465942383,22.600658416748047,0
FAIT.CA,Banking,2023-10-01 21:00:00,27.649999618530273,27.989999771118164,27.600000381469727,27.739999771118164,22.956510543823242,54469
FAIT.CA,Banking,2023-10-02 21:00:00,27.739999771118164,27.969999313354492,27.6200008392334,27.729999542236328,22.948232650756836,21577
FAIT.CA,Banking,2023-10-03 21:00:00,27.729999542236328,28.260000228881836,27.5,28.049999237060547,23.213054656982422,80929
FAIT.CA,Banking,2023-10-07 21:00:00,28.049999237060547,28.0,27.0,27.15999984741211,22.476526260375977,37499
FAIT.CA,Banking,2023-10-08 21:00:00,27.15999984741211,27.75,27.170000076293945,27.40999984741211,22.683414459228516,37897
FAIT.CA,Banking,2023-10-09 21:00:00,27.40999984741211,27.850000381469727,27.34000015258789,27.559999465942383,22.80754852294922,13206
FAIT.CA,Banking,2023-10-10 21:00:00,27.559999465942383,27.780000686645508,27.34000015258789,27.43000030517578,22.699966430664062,17388
FAIT.CA,Banking,2023-10-11 21:00:00,27.43000030517578,27.65999984741211,27.299999237060547,27.399999618530273,22.675138473510742,45451
FAIT.CA,Banking,2023-10-14 21:00:00,27.399999618530273,28.18000030517578,27.399999618530273,27.700000762939453,22.92340660095215,41392
FAIT.CA,Banking,2023-10-15 21:00:00,27.700000762939453,28.0,27.510000228881836,27.979999542236328,23.155122756958008,72997
FAIT.CA,Banking,2023-10-16 21:00:00,27.979999542236328,29.399999618530273,27.809999465942383,28.5,23.5854549407959,182038
FAIT.CA,Banking,2023-10-17 21:00:00,28.5,28.850000381469727,28.0,28.219999313354492,23.353736877441406,96279
FAIT.CA,Banking,2023-10-18 21:00:00,28.219999313354492,28.219999313354492,28.219999313354492,28.219999313354492,23.353736877441406,0
FAIT.CA,Banking,2023-10-21 21:00:00,28.06999969482422,28.299999237060547,28.0,28.190000534057617,23.32891082763672,50850
FAIT.CA,Banking,2023-10-22 21:00:00,28.190000534057617,28.600000381469727,28.020000457763672,28.3799991607666,23.486146926879883,65813
FAIT.CA,Banking,2023-10-23 21:00:00,28.3799991607666,28.799999237060547,28.299999237060547,28.389999389648438,23.494422912597656,200643
FAIT.CA,Banking,2023-10-24 21:00:00,28.389999389648438,29.469999313354492,28.399999618530273,29.059999465942383,24.04888916015625,290653
FAIT.CA,Banking,2023-10-25 21:00:00,29.059999465942383,29.5,28.309999465942383,28.399999618530273,23.50269889831543,497298
FAIT.CA,Banking,2023-10-28 22:00:00,28.399999618530273,28.75,28.40999984741211,28.469999313354492,23.560626983642578,149149
FAIT.CA,Banking,2023-10-29 22:00:00,28.469999313354492,28.65999984741211,28.399999618530273,28.489999771118164,23.577178955078125,98411
FAIT.CA,Banking,2023-10-30 22:00:00,28.489999771118164,28.510000228881836,28.329999923706055,28.459999084472656,23.552352905273438,115500
FAIT.CA,Banking,2023-10-31 22:00:00,28.459999084472656,28.700000762939453,28.149999618530273,28.229999542236328,23.36201286315918,99303
FAIT.CA,Banking,2023-11-01 22:00:00,28.229999542236328,28.399999618530273,28.15999984741211,28.219999313354492,23.353736877441406,48035
FAIT.CA,Banking,2023-11-04 22:00:00,28.219999313354492,28.469999313354492,28.200000762939453,28.389999389648438,23.494422912597656,87095
FAIT.CA,Banking,2023-11-05 22:00:00,28.389999389648438,28.84000015258789,28.0,28.020000457763672,23.1882266998291,189456
FAIT.CA,Banking,2023-11-06 22:00:00,28.020000457763672,28.5,28.0,28.0,23.171674728393555,776665
FAIT.CA,Banking,2023-11-07 22:00:00,28.0,28.43000030517578,27.950000762939453,28.0,23.171674728393555,736479
FAIT.CA,Banking,2023-11-08 22:00:00,28.0,28.270000457763672,27.8700008392334,27.899999618530273,23.088918685913086,1614665
FAIT.CA,Banking,2023-11-11 22:00:00,27.899999618530273,28.219999313354492,27.690000534057617,27.739999771118164,22.956510543823242,221947
FAIT.CA,Banking,2023-11-12 22:00:00,27.739999771118164,27.989999771118164,27.5,27.649999618530273,22.882028579711914,159112
FAIT.CA,Banking,2023-11-13 22:00:00,27.649999618530273,28.290000915527344,27.700000762939453,28.110000610351562,23.26270866394043,99077
FAIT.CA,Banking,2023-11-14 22:00:00,28.110000610351562,28.75,28.0,28.6299991607666,23.693038940429688,183655
FAIT.CA,Banking,2023-11-15 22:00:00,28.6299991607666,29.979999542236328,29.0,29.06999969482422,24.05716323852539,235848
FAIT.CA,Banking,2023-11-18 22:00:00,29.06999969482422,31.299999237060547,29.399999618530273,30.729999542236328,25.4309139251709,341492
FAIT.CA,Banking,2023-11-19 22:00:00,30.729999542236328,31.489999771118164,30.5,30.649999618530273,25.364707946777344,176669
FAIT.CA,Banking,2023-11-20 22:00:00,30.649999618530273,30.940000534057617,30.520000457763672,30.700000762939453,25.40608787536621,65390
FAIT.CA,Banking,2023-11-21 22:00:00,30.700000762939453,31.329999923706055,30.520000457763672,30.93000030517578,25.596426010131836,87348
FAIT.CA,Banking,2023-11-22 22:00:00,30.93000030517578,31.93000030517578,30.81999969482422,31.889999389648438,26.39088249206543,155807
FAIT.CA,Banking,2023-11-25 22:00:00,31.889999389648438,32.5,31.6200008392334,32.27000045776367,26.70535659790039,141658
FAIT.CA,Banking,2023-11-26 22:00:00,32.27000045776367,33.0,32.060001373291016,32.959999084472656,27.276371002197266,118961
FAIT.CA,Banking,2023-11-27 22:00:00,32.959999084472656,33.77000045776367,32.900001525878906,33.029998779296875,27.334300994873047,101264
FAIT.CA,Banking,2023-11-28 22:00:00,33.029998779296875,33.56999969482422,32.70000076293945,33.47999954223633,27.706703186035156,114075
FAIT.CA,Banking,2023-11-29 22:00:00,33.47999954223633,33.5,33.0,33.119998931884766,27.408781051635742,83338
FAIT.CA,Banking,2023-12-02 22:00:00,33.119998931884766,33.33000183105469,32.7599983215332,32.9900016784668,27.301198959350586,67464
FAIT.CA,Banking,2023-12-03 22:00:00,32.9900016784668,33.29999923706055,32.79999923706055,33.0099983215332,27.317747116088867,124777
FAIT.CA,Banking,2023-12-04 22:00:00,33.0099983215332,33.400001525878906,32.86000061035156,32.970001220703125,27.28464698791504,51888
FAIT.CA,Banking,2023-12-05 22:00:00,32.970001220703125,33.0,32.02000045776367,32.439998626708984,26.846040725708008,88294
FAIT.CA,Banking,2023-12-06 22:00:00,32.439998626708984,32.70000076293945,31.0,31.600000381469727,26.15089225769043,141390
FAIT.CA,Banking,2023-12-09 22:00:00,31.600000381469727,32.369998931884766,31.5,31.809999465942383,26.324676513671875,108419
FAIT.CA,Banking,2023-12-10 22:00:00,31.809999465942383,31.81999969482422,31.139999389648438,31.200000762939453,25.819866180419922,77850
FAIT.CA,Banking,2023-12-11 22:00:00,31.200000762939453,31.940000534057617,31.139999389648438,31.450000762939453,26.026758193969727,48624
FAIT.CA,Banking,2023-12-12 22:00:00,31.450000762939453,31.8799991607666,31.280000686645508,31.760000228881836,26.28329849243164,35052
FAIT.CA,Banking,2023-12-13 22:00:00,31.760000228881836,32.2400016784668,31.649999618530273,31.989999771118164,26.4736385345459,31892
FAIT.CA,Banking,2023-12-16 22:00:00,31.989999771118164,32.13999938964844,31.799999237060547,32.04999923706055,26.523290634155273,64120
FAIT.CA,Banking,2023-12-17 22:00:00,32.04999923706055,32.79999923706055,32.0099983215332,32.18000030517578,26.630876541137695,84974
FAIT.CA,Banking,2023-12-18 22:00:00,32.18000030517578,32.790000915527344,32.0099983215332,32.43000030517578,26.837764739990234,66196
FAIT.CA,Banking,2023-12-19 22:00:00,32.43000030517578,32.689998626708984,32.0,32.279998779296875,26.7136287689209,79595
FAIT.CA,Banking,2023-12-20 22:00:00,32.279998779296875,32.599998474121094,32.0,32.2400016784668,26.680530548095703,67404
FAIT.CA,Banking,2023-12-23 22:00:00,32.2400016784668,32.2400016784668,32.2400016784668,32.2400016784668,26.680530548095703,0
FAIT.CA,Banking,2023-12-24 22:00:00,31.979999542236328,31.989999771118164,31.299999237060547,31.75,26.2750244140625,108883
FAIT.CA,Banking,2023-12-25 22:00:00,31.75,31.950000762939453,31.510000228881836,31.6200008392334,26.167442321777344,73479
FAIT.CA,Banking,2023-12-26 22:00:00,31.6200008392334,32.099998474121094,31.450000762939453,32.0,26.481914520263672,77407
FAIT.CA,Banking,2023-12-27 22:00:00,32.0,32.20000076293945,31.899999618530273,32.02000045776367,26.498464584350586,27781
FAIT.CA,Banking,2023-12-30 22:00:00,32.02000045776367,32.529998779296875,31.940000534057617,32.4900016784668,26.887420654296875,63406
FAIT.CA,Banking,2024-01-01 22:00:00,32.4900016784668,33.91999816894531,32.540000915527344,33.540000915527344,27.756357192993164,108960
FAIT.CA,Banking,2024-01-02 22:00:00,33.540000915527344,34.0,33.20000076293945,33.5099983215332,27.73152732849121,112205
FAIT.CA,Banking,2024-01-03 22:00:00,33.5099983215332,33.720001220703125,33.0,33.25,27.5163631439209,46265
FAIT.CA,Banking,2024-01-07 22:00:00,33.25,33.88999938964844,33.20000076293945,33.61000061035156,27.814287185668945,40783
FAIT.CA,Banking,2024-01-08 22:00:00,33.61000061035156,33.97999954223633,33.54999923706055,33.720001220703125,27.905317306518555,63634
FAIT.CA,Banking,2024-01-09 22:00:00,33.720001220703125,34.439998626708984,33.88999938964844,34.33000183105469,28.410127639770508,84508
FAIT.CA,Banking,2024-01-10 22:00:00,34.33000183105469,34.4900016784668,34.08000183105469,34.31999969482422,28.401853561401367,33230
FAIT.CA,Banking,2024-01-13 22:00:00,34.31999969482422,34.83000183105469,34.20000076293945,34.61000061035156,28.641845703125,68779
FAIT.CA,Banking,2024-01-14 22:00:00,34.61000061035156,35.040000915527344,34.540000915527344,35.0,28.9645938873291,53603
FAIT.CA,Banking,2024-01-15 22:00:00,35.0,35.84000015258789,35.040000915527344,35.7599983215332,29.593536376953125,60572
FAIT.CA,Banking,2024-01-16 22:00:00,35.7599983215332,36.900001525878906,35.79999923706055,36.70000076293945,30.37144660949707,102796
FAIT.CA,Banking,2024-01-17 22:00:00,36.70000076293945,36.900001525878906,35.02000045776367,36.34000015258789,30.073522567749023,133800
FAIT.CA,Banking,2024-01-20 22:00:00,36.34000015258789,36.86000061035156,35.75,36.70000076293945,30.37144660949707,99457
FAIT.CA,Banking,2024-01-21 22:00:00,36.70000076293945,36.83000183105469,36.25,36.54999923706055,30.247310638427734,75565
FAIT.CA,Banking,2024-01-22 22:00:00,36.54999923706055,36.70000076293945,36.33000183105469,36.43000030517578,30.14800453186035,86887
FAIT.CA,Banking,2024-01-23 22:00:00,36.43000030517578,36.68000030517578,36.0099983215332,36.65999984741211,30.338342666625977,70198
FAIT.CA,Banking,2024-01-27 22:00:00,36.65999984741211,37.9900016784668,36.11000061035156,37.33000183105469,30.892807006835938,120930
FAIT.CA,Banking,2024-01-28 22:00:00,37.33000183105469,37.95000076293945,37.18000030517578,37.95000076293945,31.40589714050293,101030
FAIT.CA,Banking,2024-01-29 22:00:00,37.95000076293945,39.20000076293945,37.79999923706055,39.119998931884766,32.37413787841797,111199
FAIT.CA,Banking,2024-01-30 22:00:00,39.119998931884766,40.900001525878906,35.5,38.099998474121094,31.530025482177734,180227
FAIT.CA,Banking,2024-01-31 22:00:00,38.099998474121094,38.81999969482422,35.0,38.099998474121094,31.530025482177734,117470
FAIT.CA,Banking,2024-02-03 22:00:00,38.099998474121094,38.5,36.0,37.150001525878906,30.743846893310547,89935
FAIT.CA,Banking,2024-02-04 22:00:00,37.150001525878906,37.88999938964844,36.70000076293945,37.08000183105469,30.68592071533203,22033
FAIT.CA,Banking,2024-02-05 22:00:00,37.08000183105469,37.70000076293945,37.150001525878906,37.220001220703125,30.80177879333496,87987
FAIT.CA,Banking,2024-02-06 22:00:00,37.220001220703125,37.5,37.099998474121094,37.36000061035156,30.917634963989258,27429
FAIT.CA,Banking,2024-02-07 22:00:00,37.36000061035156,37.77000045776367,37.16999816894531,37.25,30.826602935791016,44672
FAIT.CA,Banking,2024-02-10 22:00:00,37.25,37.79999923706055,37.0,37.0,30.61971092224121,43188
FAIT.CA,Banking,2024-02-11 22:00:00,37.0,37.20000076293945,36.20000076293945,36.869998931884766,30.512128829956055,67460
FAIT.CA,Banking,2024-02-12 22:00:00,36.869998931884766,37.4900016784668,36.869998931884766,36.939998626708984,30.570056915283203,59432
FAIT.CA,Banking,2024-02-13 22:00:00,36.939998626708984,37.400001525878906,36.880001068115234,37.0,30.61971092224121,35510
FAIT.CA,Banking,2024-02-14 22:00:00,37.0,37.400001525878906,36.5099983215332,36.939998626708984,30.570056915283203,42091
FAIT.CA,Banking,2024-02-17 22:00:00,36.939998626708984,36.939998626708984,36.939998626708984,36.939998626708984,30.570056915283203,0
FAIT.CA,Banking,2024-02-18 22:00:00,37.04999923706055,37.27000045776367,37.04999923706055,37.13999938964844,30.73557472229004,50449
FAIT.CA,Banking,2024-02-19 22:00:00,37.13999938964844,37.2599983215332,37.08000183105469,37.220001220703125,30.80177879333496,41717
FAIT.CA,Banking,2024-02-20 22:00:00,37.220001220703125,37.369998931884766,37.099998474121094,37.29999923706055,30.867979049682617,58335
FAIT.CA,Banking,2024-02-21 22:00:00,37.29999923706055,37.400001525878906,37.16999816894531,37.189998626708984,30.776948928833008,32070
FAIT.CA,Banking,2024-02-24 22:00:00,37.189998626708984,36.79999923706055,33.5,35.9900016784668,29.783878326416016,116007
FAIT.CA,Banking,2024-02-25 22:00:00,35.9900016784668,36.650001525878906,35.56999969482422,36.33000183105469,30.065250396728516,35433
FAIT.CA,Banking,2024-02-26 22:00:00,36.33000183105469,36.689998626708984,35.5,35.599998474121094,29.46112823486328,44474
FAIT.CA,Banking,2024-02-27 22:00:00,35.599998474121094,36.25,35.5,35.63999938964844,29.494230270385742,26375
FAIT.CA,Banking,2024-02-28 22:00:00,35.63999938964844,35.900001525878906,35.02000045776367,35.310001373291016,29.22113800048828,65584
FAIT.CA,Banking,2024-03-02 22:00:00,35.310001373291016,35.25,34.5,34.709999084472656,28.72460174560547,35754
FAIT.CA,Banking,2024-03-03 22:00:00,34.709999084472656,35.349998474121094,34.0099983215332,34.939998626708984,28.914939880371094,63640
FAIT.CA,Banking,2024-03-04 22:00:00,34.939998626708984,35.31999969482422,34.5,34.52000045776367,28.567363739013672,53949
FAIT.CA,Banking,2024-03-05 22:00:00,34.52000045776367,39.5,34.54999923706055,37.34000015258789,30.901084899902344,302761
FAIT.CA,Banking,2024-03-06 22:00:00,37.34000015258789,39.0,37.70000076293945,38.59000015258789,31.93553352355957,139372
FAIT.CA,Banking,2024-03-09 22:00:00,38.59000015258789,38.93000030517578,37.02000045776367,37.52000045776367,31.0500431060791,270130
FAIT.CA,Banking,2024-03-10 22:00:00,37.52000045776367,38.4900016784668,37.040000915527344,37.2400016784668,30.818328857421875,95116
FAIT.CA,Banking,2024-03-11 22:00:00,37.2400016784668,38.150001525878906,36.33000183105469,36.5099983215332,30.21420669555664,219872
FAIT.CA,Banking,2024-03-12 22:00:00,36.5099983215332,36.900001525878906,34.5,34.52000045776367,28.567363739013672,127515
FAIT.CA,Banking,2024-03-13 22:00:00,34.52000045776367,35.9900016784668,34.5,34.66999816894531,28.691495895385742,59745
FAIT.CA,Banking,2024-03-16 22:00:00,34.66999816894531,35.88999938964844,34.7599983215332,35.02000045776367,28.981143951416016,58533
FAIT.CA,Banking,2024-03-17 22:00:00,35.02000045776367,35.25,33.5,33.5099983215332,27.73152732849121,157021
FAIT.CA,Banking,2024-03-18 22:00:00,33.5099983215332,33.5,31.200000762939453,32.29999923706055,26.730180740356445,137881
FAIT.CA,Banking,2024-03-19 22:00:00,32.29999923706055,33.0,31.899999618530273,32.0,26.481914520263672,137352
FAIT.CA,Banking,2024-03-20 22:00:00,32.0,32.959999084472656,32.0,32.72999954223633,27.086030960083008,39455
FAIT.CA,Banking,2024-03-23 22:00:00,32.72999954223633,34.5,33.0,33.91999816894531,28.070825576782227,127144
FAIT.CA,Banking,2024-03-24 22:00:00,33.91999816894531,34.45000076293945,33.70000076293945,34.400001525878906,28.468059539794922,162065
FAIT.CA,Banking,2024-03-25 22:00:00,34.400001525878906,32.9900016784668,30.510000228881836,31.75,27.69585609436035,167434
FAIT.CA,Banking,2024-03-26 22:00:00,31.75,31.760000228881836,30.520000457763672,30.75,26.82354736328125,67537
FAIT.CA,Banking,2024-03-27 22:00:00,30.75,30.8799991607666,29.56999969482422,30.290000915527344,26.422283172607422,47527
FAIT.CA,Banking,2024-03-30 22:00:00,30.290000915527344,30.239999771118164,29.100000381469727,29.15999984741211,25.43657112121582,87537
FAIT.CA,Banking,2024-03-31 22:00:00,29.15999984741211,29.59000015258789,28.65999984741211,29.239999771118164,25.50635528564453,50640
FAIT.CA,Banking,2024-04-01 22:00:00,29.239999771118164,30.0,29.299999237060547,29.860000610351562,26.047189712524414,45442
FAIT.CA,Banking,2024-04-02 22:00:00,29.860000610351562,30.0,29.510000228881836,29.729999542236328,25.933788299560547,25259
FAIT.CA,Banking,2024-04-03 22:00:00,29.729999542236328,29.969999313354492,29.610000610351562,29.84000015258789,26.029743194580078,26536
FAIT.CA,Banking,2024-04-06 22:00:00,29.84000015258789,30.200000762939453,29.670000076293945,29.940000534057617,26.116975784301758,75111
FAIT.CA,Banking,2024-04-07 22:00:00,29.940000534057617,30.0,29.709999084472656,29.809999465942383,26.00357437133789,35447
FAIT.CA,Banking,2024-04-14 22:00:00,29.809999465942383,30.200000762939453,29.600000381469727,30.110000610351562,26.265268325805664,89958
FAIT.CA,Banking,2024-04-15 22:00:00,30.110000610351562,33.11000061035156,31.149999618530273,33.06999969482422,28.847307205200195,331681
FAIT.CA,Banking,2024-04-16 22:00:00,33.06999969482422,34.099998474121094,32.54999923706055,33.45000076293945,29.17878532409668,143792
FAIT.CA,Banking,2024-04-17 22:00:00,33.45000076293945,33.86000061035156,31.0,31.799999237060547,27.739471435546875,118745
FAIT.CA,Banking,2024-04-20 22:00:00,31.799999237060547,33.0,32.13999938964844,32.630001068115234,28.463489532470703,49585
FAIT.CA,Banking,2024-04-21 22:00:00,32.630001068115234,33.5,32.18000030517578,32.290000915527344,28.16690444946289,29086
FAIT.CA,Banking,2024-04-22 22:00:00,32.290000915527344,32.869998931884766,30.549999237060547,31.030000686645508,27.067792892456055,78514
FAIT.CA,Banking,2024-04-23 22:00:00,31.030000686645508,31.389999389648438,29.299999237060547,29.559999465942383,25.78549575805664,101099
FAIT.CA,Banking,2024-04-27 21:00:00,29.559999465942383,29.559999465942383,29.559999465942383,29.559999465942383,25.78549575805664,0
FAIT.CA,Banking,2024-04-28 21:00:00,29.049999237060547,29.690000534057617,28.25,29.510000228881836,25.741880416870117,72589
FAIT.CA,Banking,2024-04-29 21:00:00,29.510000228881836,30.25,29.049999237060547,29.1200008392334,25.40167999267578,69221
FAIT.CA,Banking,2024-05-01 21:00:00,29.59000015258789,29.75,29.25,29.610000610351562,25.829113006591797,17941
FAIT.CA,Banking,2024-05-06 21:00:00,29.610000610351562,29.889999389648438,28.149999618530273,28.760000228881836,25.087648391723633,48878
FAIT.CA,Banking,2024-05-07 21:00:00,28.760000228881836,29.600000381469727,28.770000457763672,28.889999389648438,25.201047897338867,42062
FAIT.CA,Banking,2024-05-08 21:00:00,28.889999389648438,31.850000381469727,29.299999237060547,30.170000076293945,26.31760597229004,136097
FAIT.CA,Banking,2024-05-11 21:00:00,30.170000076293945,31.299999237060547,30.100000381469727,30.3799991607666,26.500789642333984,67703
FAIT.CA,Banking,2024-05-12 21:00:00,30.3799991607666,30.5,29.700000762939453,29.950000762939453,26.12569808959961,28035
FAIT.CA,Banking,2024-05-13 21:00:00,29.950000762939453,30.709999084472656,29.809999465942383,29.979999542236328,26.151866912841797,43459
FAIT.CA,Banking,2024-05-14 21:00:00,29.979999542236328,30.459999084472656,29.809999465942383,30.06999969482422,26.230375289916992,21671
FAIT.CA,Banking,2024-05-15 21:00:00,30.06999969482422,30.5,30.0,30.290000915527344,26.422283172607422,1073916
FAIT.CA,Banking,2024-05-18 21:00:00,30.290000915527344,32.5,30.059999465942383,32.0,27.9139347076416,13365898
FAIT.CA,Banking,2024-05-19 21:00:00,32.0,32.099998474121094,31.31999969482422,31.579999923706055,27.547563552856445,88827
FAIT.CA,Banking,2024-05-20 21:00:00,31.579999923706055,31.510000228881836,30.899999618530273,30.969999313354492,27.015453338623047,38555
FAIT.CA,Banking,2024-05-21 21:00:00,30.969999313354492,31.479999542236328,30.020000457763672,30.790000915527344,26.858440399169922,18552
FAIT.CA,Banking,2024-05-22 21:00:00,30.790000915527344,31.31999969482422,30.559999465942383,30.850000381469727,26.910776138305664,23011
FAIT.CA,Banking,2024-05-25 21:00:00,30.850000381469727,30.850000381469727,30.850000381469727,30.850000381469727,26.910776138305664,0
FAIT.CA,Banking,2024-05-26 21:00:00,30.84000015258789,31.479999542236328,30.799999237060547,30.90999984741211,26.963115692138672,44558
FAIT.CA,Banking,2024-05-27 21:00:00,30.90999984741211,31.420000076293945,30.5,31.399999618530273,27.390546798706055,30337
FAIT.CA,Banking,2024-05-28 21:00:00,31.399999618530273,31.40999984741211,30.709999084472656,30.8700008392334,26.928224563598633,14638
FAIT.CA,Banking,2024-05-29 21:00:00,30.8700008392334,31.3799991607666,30.5,30.809999465942383,26.875883102416992,16400
FAIT.CA,Banking,2024-06-01 21:00:00,30.809999465942383,32.0,31.260000228881836,31.299999237060547,27.303316116333008,53950
FAIT.CA,Banking,2024-06-02 21:00:00,31.299999237060547,31.780000686645508,31.219999313354492,31.309999465942383,27.31203842163086,26160
FAIT.CA,Banking,2024-06-03 21:00:00,31.309999465942383,31.649999618530273,30.920000076293945,31.0,27.041624069213867,53972
FAIT.CA,Banking,2024-06-04 21:00:00,31.0,31.010000228881836,29.770000457763672,30.020000457763672,26.18675994873047,74073
FAIT.CA,Banking,2024-06-05 21:00:00,30.020000457763672,31.209999084472656,29.5,29.690000534057617,25.898897171020508,51489
FAIT.CA,Banking,2024-06-08 21:00:00,29.690000534057617,30.09000015258789,23.899999618530273,29.1200008392334,25.40167999267578,166135
FAIT.CA,Banking,2024-06-09 21:00:00,29.1200008392334,29.290000915527344,28.8799991607666,29.18000030517578,25.45401954650879,99488
FAIT.CA,Banking,2024-06-10 21:00:00,29.18000030517578,29.489999771118164,28.809999465942383,29.200000762939453,25.471464157104492,128087
FAIT.CA,Banking,2024-06-11 21:00:00,29.200000762939453,29.959999084472656,29.0,29.530000686645508,25.759326934814453,32294
FAIT.CA,Banking,2024-06-12 21:00:00,29.530000686645508,29.93000030517578,29.5,29.530000686645508,25.759326934814453,5902
FAIT.CA,Banking,2024-06-22 21:00:00,29.530000686645508,30.389999389648438,29.600000381469727,30.15999984741211,26.308883666992188,22826
FAIT.CA,Banking,2024-06-23 21:00:00,30.15999984741211,30.469999313354492,30.0,30.190000534057617,26.335052490234375,72140
FAIT.CA,Banking,2024-06-24 21:00:00,30.190000534057617,30.5,29.700000762939453,30.5,26.60546875,171435
FAIT.CA,Banking,2024-06-25 21:00:00,30.5,30.899999618530273,30.06999969482422,30.6299991607666,26.7188663482666,23868
FAIT.CA,Banking,2024-06-26 21:00:00,30.6299991607666,31.799999237060547,30.600000381469727,31.34000015258789,27.33820915222168,167985
FAIT.CA,Banking,2024-07-01 21:00:00,31.93000030517578,32.099998474121094,31.360000610351562,31.540000915527344,27.512672424316406,44953
FAIT.CA,Banking,2024-07-02 21:00:00,31.540000915527344,31.799999237060547,31.350000381469727,31.530000686645508,27.503948211669922,23163
FAIT.CA,Banking,2024-07-03 21:00:00,31.530000686645508,31.5,31.06999969482422,31.219999313354492,27.233531951904297,27003
FAIT.CA,Banking,2024-07-06 21:00:00,31.219999313354492,31.899999618530273,31.0,31.200000762939453,27.21608543395996,99759
FAIT.CA,Banking,2024-07-07 21:00:00,31.200000762939453,31.889999389648438,30.770000457763672,30.969999313354492,27.015453338623047,122004
FAIT.CA,Banking,2024-07-08 21:00:00,30.969999313354492,31.299999237060547,30.520000457763672,31.0,27.041624069213867,78128
FAIT.CA,Banking,2024-07-09 21:00:00,31.0,31.0,30.799999237060547,30.809999465942383,26.875883102416992,58804
FAIT.CA,Banking,2024-07-13 21:00:00,30.809999465942383,31.0,30.5,30.969999313354492,27.015453338623047,55039
FAIT.CA,Banking,2024-07-14 21:00:00,30.969999313354492,30.969999313354492,30.5,30.780000686645508,26.849716186523438,82712
FAIT.CA,Banking,2024-07-15 21:00:00,30.780000686645508,30.989999771118164,30.520000457763672,30.809999465942383,26.875883102416992,38999
FAIT.CA,Banking,2024-07-16 21:00:00,30.809999465942383,30.979999542236328,30.600000381469727,30.860000610351562,26.91950035095215,108478
FAIT.CA,Banking,2024-07-17 21:00:00,30.860000610351562,31.450000762939453,30.959999084472656,31.1200008392334,27.14630126953125,22710
FAIT.CA,Banking,2024-07-20 21:00:00,31.1200008392334,31.450000762939453,30.850000381469727,30.940000534057617,26.98928451538086,78675
FAIT.CA,Banking,2024-07-21 21:00:00,30.940000534057617,31.34000015258789,30.600000381469727,30.729999542236328,26.80609893798828,59191
FAIT.CA,Banking,2024-07-22 21:00:00,30.729999542236328,31.200000762939453,30.6299991607666,30.719999313354492,26.797374725341797,48064
FAIT.CA,Banking,2024-07-23 21:00:00,30.719999313354492,31.5,30.950000762939453,31.1299991607666,27.1550235748291,91661
FAIT.CA,Banking,2024-07-27 21:00:00,31.1299991607666,31.350000381469727,30.799999237060547,31.149999618530273,27.172470092773438,40672
FAIT.CA,Banking,2024-07-28 21:00:00,31.149999618530273,31.59000015258789,30.899999618530273,31.020000457763672,27.05906867980957,94448
FAIT.CA,Banking,2024-07-29 21:00:00,31.020000457763672,31.34000015258789,30.93000030517578,31.15999984741211,27.18119239807129,64820
FAIT.CA,Banking,2024-07-30 21:00:00,31.15999984741211,31.309999465942383,30.940000534057617,31.270000457763672,27.27714729309082,47145
FAIT.CA,Banking,2024-07-31 21:00:00,31.270000457763672,31.5,31.25,31.290000915527344,27.294593811035156,60604
FAIT.CA,Banking,2024-08-03 21:00:00,31.290000915527344,30.989999771118164,29.799999237060547,30.969999313354492,27.015453338623047,81832
FAIT.CA,Banking,2024-08-04 21:00:00,30.969999313354492,30.889999389648438,29.700000762939453,30.010000228881836,26.178035736083984,73330
FAIT.CA,Banking,2024-08-05 21:00:00,30.010000228881836,30.450000762939453,30.0,30.1200008392334,26.273990631103516,42049
FAIT.CA,Banking,2024-08-06 21:00:00,30.1200008392334,30.399999618530273,30.030000686645508,30.299999237060547,26.431005477905273,44990
FAIT.CA,Banking,2024-08-07 21:00:00,30.299999237060547,30.5,30.059999465942383,30.209999084472656,26.352497100830078,28463
FAIT.CA,Banking,2024-08-10 21:00:00,30.209999084472656,31.100000381469727,30.350000381469727,30.540000915527344,26.640361785888672,51146
FAIT.CA,Banking,2024-08-11 21:00:00,30.540000915527344,30.760000228881836,30.40999984741211,30.530000686645508,26.631637573242188,19800
FAIT.CA,Banking,2024-08-12 21:00:00,30.530000686645508,30.649999618530273,29.899999618530273,30.010000228881836,26.178035736083984,43946
FAIT.CA,Banking,2024-08-13 21:00:00,30.010000228881836,30.309999465942383,29.829999923706055,29.93000030517578,26.108251571655273,61545
FAIT.CA,Banking,2024-08-14 21:00:00,29.93000030517578,30.469999313354492,30.0,30.31999969482422,26.44845199584961,46123
FAIT.CA,Banking,2024-08-17 21:00:00,30.31999969482422,30.360000610351562,30.110000610351562,30.209999084472656,26.352497100830078,18634
FAIT.CA,Banking,2024-08-18 21:00:00,30.209999084472656,30.5,30.030000686645508,30.06999969482422,26.230375289916992,51711
FAIT.CA,Banking,2024-08-19 21:00:00,30.06999969482422,31.0,30.09000015258789,30.260000228881836,26.396114349365234,87879
FAIT.CA,Banking,2024-08-20 21:00:00,30.260000228881836,30.399999618530273,30.100000381469727,30.1299991607666,26.282711029052734,29687
FAIT.CA,Banking,2024-08-21 21:00:00,30.1299991607666,31.239999771118164,30.149999618530273,30.920000076293945,26.971839904785156,169061
FAIT.CA,Banking,2024-08-24 21:00:00,30.920000076293945,31.510000228881836,30.899999618530273,31.040000915527344,27.07651710510254,80358
FAIT.CA,Banking,2024-08-25 21:00:00,31.040000915527344,31.200000762939453,30.65999984741211,30.709999084472656,26.788652420043945,28943
FAIT.CA,Banking,2024-08-26 21:00:00,30.709999084472656,31.239999771118164,30.510000228881836,31.0,27.041624069213867,45622
FAIT.CA,Banking,2024-08-27 21:00:00,31.0,31.200000762939453,30.65999984741211,30.950000762939453,26.998008728027344,31880
FAIT.CA,Banking,2024-08-28 21:00:00,30.950000762939453,31.0,30.6200008392334,30.920000076293945,26.971839904785156,38738
FAIT.CA,Banking,2024-08-31 21:00:00,30.920000076293945,31.239999771118164,30.799999237060547,30.920000076293945,26.971839904785156,73451
FAIT.CA,Banking,2024-09-01 21:00:00,30.920000076293945,31.25,30.860000610351562,31.020000457763672,27.05906867980957,43391
FAIT.CA,Banking,2024-09-02 21:00:00,31.020000457763672,31.200000762939453,30.899999618530273,30.93000030517578,26.980562210083008,34060
FAIT.CA,Banking,2024-09-03 21:00:00,30.93000030517578,31.100000381469727,30.809999465942383,30.979999542236328,27.0241756439209,42412
FAIT.CA,Banking,2024-09-04 21:00:00,30.979999542236328,31.200000762939453,30.899999618530273,31.09000015258789,27.120132446289062,43505
FAIT.CA,Banking,2024-09-07 21:00:00,31.09000015258789,31.299999237060547,30.950000762939453,30.989999771118164,27.032899856567383,60587
FAIT.CA,Banking,2024-09-08 21:00:00,30.989999771118164,31.239999771118164,30.959999084472656,31.1299991607666,27.1550235748291,26203
FAIT.CA,Banking,2024-09-09 21:00:00,31.1299991607666,31.200000762939453,30.889999389648438,30.899999618530273,26.954391479492188,68032
FAIT.CA,Banking,2024-09-10 21:00:00,30.899999618530273,31.149999618530273,30.700000762939453,30.93000030517578,26.980562210083008,62125
FAIT.CA,Banking,2024-09-11 21:00:00,30.93000030517578,31.440000534057617,31.0,31.299999237060547,27.303316116333008,65404
FAIT.CA,Banking,2024-09-15 21:00:00,31.299999237060547,31.579999923706055,30.899999618530273,30.969999313354492,27.015453338623047,113713
FAIT.CA,Banking,2024-09-16 21:00:00,30.969999313354492,31.229999542236328,30.920000076293945,31.139999389648438,27.163745880126953,27589
FAIT.CA,Banking,2024-09-17 21:00:00,31.139999389648438,31.350000381469727,30.950000762939453,31.209999084472656,27.224807739257812,27901
FAIT.CA,Banking,2024-09-18 21:00:00,31.209999084472656,31.290000915527344,31.010000228881836,31.229999542236328,27.24225425720215,23406
FAIT.CA,Banking,2024-09-21 21:00:00,31.229999542236328,31.700000762939453,31.170000076293945,31.360000610351562,27.355655670166016,43528
FAIT.CA,Banking,2024-09-22 21:00:00,31.360000610351562,31.75,31.229999542236328,31.350000381469727,27.34693145751953,58014
FAIT.CA,Banking,2024-09-23 21:00:00,31.600000381469727,32.38999938964844,31.43000030517578,31.700000762939453,27.652240753173828,91225
FAIT.CA,Banking,2024-09-24 21:00:00,31.469999313354492,31.75,31.350000381469727,31.600000381469727,27.56501007080078,47191
FAIT.CA,Banking,2024-09-25 21:00:00,31.600000381469727,32.38999938964844,31.43000030517578,31.639999389648438,27.599903106689453,91225
FAIT.CA,Banking,2024-09-28 21:00:00,31.639999389648438,32.150001525878906,31.600000381469727,32.0,27.9139347076416,60365
FAIT.CA,Banking,2024-09-29 21:00:00,32.0,32.25,31.93000030517578,32.11000061035156,28.0098876953125,26420
FAIT.CA,Banking,2024-09-30 21:00:00,32.11000061035156,33.2599983215332,31.940000534057617,32.77000045776367,28.585613250732422,71030
FAIT.CA,Banking,2024-10-01 21:00:00,32.77000045776367,32.88999938964844,32.0,32.40999984741211,28.27157974243164,46029
FAIT.CA,Banking,2024-10-02 21:00:00,32.40999984741211,32.849998474121094,32.15999984741211,32.810001373291016,28.620506286621094,45717
FAIT.CA,Banking,2024-10-06 21:00:00,32.810001373291016,33.290000915527344,32.40999984741211,33.029998779296875,28.81241226196289,53358
FAIT.CA,Banking,2024-10-07 21:00:00,33.029998779296875,33.099998474121094,32.119998931884766,32.310001373291016,28.18435287475586,74448
FAIT.CA,Banking,2024-10-08 21:00:00,32.310001373291016,32.79999923706055,32.0,32.5,28.350088119506836,31409
FAIT.CA,Banking,2024-10-09 21:00:00,32.5,33.400001525878906,32.209999084472656,33.0099983215332,28.794965744018555,50823
FAIT.CA,Banking,2024-10-12 21:00:00,33.0099983215332,33.15999984741211,31.010000228881836,31.510000228881836,27.486501693725586,144213
FAIT.CA,Banking,2024-10-13 21:00:00,31.510000228881836,32.900001525878906,31.68000030517578,32.41999816894531,28.280302047729492,23163
FAIT.CA,Banking,2024-10-14 21:00:00,32.41999816894531,32.75,32.33000183105469,32.4900016784668,28.341367721557617,21019
FAIT.CA,Banking,2024-10-15 21:00:00,32.4900016784668,33.0,32.4900016784668,32.59000015258789,28.42859649658203,22163
FAIT.CA,Banking,2024-10-16 21:00:00,32.59000015258789,32.77000045776367,32.5,32.58000183105469,28.41987419128418,23137
FAIT.CA,Banking,2024-10-19 21:00:00,32.58000183105469,32.650001525878906,32.20000076293945,32.34000015258789,28.210519790649414,16969
FAIT.CA,Banking,2024-10-20 21:00:00,32.34000015258789,32.599998474121094,31.649999618530273,32.4900016784668,28.341367721557617,57534
FAIT.CA,Banking,2024-10-21 21:00:00,32.4900016784668,33.5,32.130001068115234,33.06999969482422,28.847307205200195,154550
FAIT.CA,Banking,2024-10-22 21:00:00,33.06999969482422,33.5,32.86000061035156,32.970001220703125,28.76007652282715,75791
FAIT.CA,Banking,2024-10-23 21:00:00,32.970001220703125,33.290000915527344,32.70000076293945,33.08000183105469,28.856029510498047,24843
FAIT.CA,Banking,2024-10-26 21:00:00,33.08000183105469,33.47999954223633,32.900001525878906,33.099998474121094,28.87347412109375,38052
FAIT.CA,Banking,2024-10-27 21:00:00,33.099998474121094,33.349998474121094,33.0,33.06999969482422,28.847307205200195,36040
FAIT.CA,Banking,2024-10-28 21:00:00,33.06999969482422,33.22999954223633,32.79999923706055,32.88999938964844,28.690290451049805,24602
FAIT.CA,Banking,2024-10-29 21:00:00,32.88999938964844,33.36000061035156,32.68000030517578,32.709999084472656,28.533273696899414,42833
FAIT.CA,Banking,2024-10-30 21:00:00,32.709999084472656,32.9900016784668,32.54999923706055,32.709999084472656,28.533273696899414,6387
FAIT.CA,Banking,2024-11-02 22:00:00,32.709999084472656,33.349998474121094,32.79999923706055,33.02000045776367,28.803691864013672,91873
FAIT.CA,Banking,2024-11-03 22:00:00,33.02000045776367,33.36000061035156,32.90999984741211,33.0,28.786243438720703,52616
FAIT.CA,Banking,2024-11-04 22:00:00,33.0,33.25,32.810001373291016,32.900001525878906,28.69901466369629,47888
FAIT.CA,Banking,2024-11-05 22:00:00,32.900001525878906,33.22999954223633,32.900001525878906,33.0099983215332,28.794965744018555,98962
FAIT.CA,Banking,2024-11-06 22:00:00,33.0099983215332,33.16999816894531,32.91999816894531,33.11000061035156,28.882200241088867,35559
FAIT.CA,Banking,2024-11-09 22:00:00,33.11000061035156,36.5,33.09000015258789,36.4900016784668,31.830608367919922,377976
FAIT.CA,Banking,2024-11-10 22:00:00,36.4900016784668,37.970001220703125,35.40999984741211,37.75,32.929718017578125,411308
FAIT.CA,Banking,2024-11-11 22:00:00,37.75,42.0,37.5099983215332,40.38999938964844,35.23261642456055,614514
FAIT.CA,Banking,2024-11-12 22:00:00,40.38999938964844,40.380001068115234,38.040000915527344,40.0,34.892417907714844,415432
FAIT.CA,Banking,2024-11-13 22:00:00,40.0,39.900001525878906,38.900001525878906,38.97999954223633,34.00265884399414,152528
FAIT.CA,Banking,2024-11-16 22:00:00,38.97999954223633,39.880001068115234,38.02000045776367,39.7400016784668,34.66561508178711,179682
FAIT.CA,Banking,2024-11-17 22:00:00,39.7400016784668,43.77000045776367,39.5,42.22999954223633,36.837669372558594,400756
FAIT.CA,Banking,2024-11-18 22:00:00,42.22999954223633,50.439998626708984,42.20000076293945,42.93000030517578,37.44828796386719,614221
FAIT.CA,Banking,2024-11-19 22:00:00,42.93000030517578,44.900001525878906,40.04999923706055,40.06999969482422,34.9534797668457,480957
FAIT.CA,Banking,2024-11-20 22:00:00,40.06999969482422,41.689998626708984,40.220001220703125,41.38999938964844,36.10492706298828,297471
FAIT.CA,Banking,2024-11-23 22:00:00,41.38999938964844,43.849998474121094,40.849998474121094,40.9900016784668,35.756004333496094,559836
FAIT.CA,Banking,2024-11-24 22:00:00,40.9900016784668,41.34000015258789,38.650001525878906,38.650001525878906,33.71480178833008,263021
FAIT.CA,Banking,2024-11-25 22:00:00,38.650001525878906,39.599998474121094,38.7599983215332,38.939998626708984,33.96776580810547,94949
FAIT.CA,Banking,2024-11-26 22:00:00,38.939998626708984,39.849998474121094,38.5,38.81999969482422,33.86309051513672,57323
FAIT.CA,Banking,2024-11-27 22:00:00,38.81999969482422,39.31999969482422,38.560001373291016,39.06999969482422,34.08116912841797,88166
FAIT.CA,Banking,2024-11-30 22:00:00,39.06999969482422,39.79999923706055,38.849998474121094,39.220001220703125,34.212013244628906,55372
FAIT.CA,Banking,2024-12-01 22:00:00,39.220001220703125,39.7400016784668,39.06999969482422,39.150001525878906,34.15095520019531,66048
FAIT.CA,Banking,2024-12-02 22:00:00,39.150001525878906,39.5,39.0099983215332,39.08000183105469,34.08989334106445,61370
FAIT.CA,Banking,2024-12-03 22:00:00,39.08000183105469,39.619998931884766,38.95000076293945,39.459999084472656,34.42137145996094,168465
FAIT.CA,Banking,2024-12-04 22:00:00,39.459999084472656,41.70000076293945,39.38999938964844,39.79999923706055,34.71795654296875,178826
FAIT.CA,Banking,2024-12-07 22:00:00,39.79999923706055,41.2599983215332,39.79999923706055,40.439998626708984,35.2762336730957,142856
FAIT.CA,Banking,2024-12-08 22:00:00,40.439998626708984,41.4900016784668,40.0,40.7599983215332,35.55537033081055,228285
FAIT.CA,Banking,2024-12-09 22:00:00,40.7599983215332,41.2400016784668,39.08000183105469,39.13999938964844,34.14222717285156,144834
FAIT.CA,Banking,2024-12-10 22:00:00,39.13999938964844,39.79999923706055,38.900001525878906,39.0,34.02010726928711,159222
FAIT.CA,Banking,2024-12-11 22:00:00,39.0,39.869998931884766,39.0,39.09000015258789,34.09861755371094,92423
FAIT.CA,Banking,2024-12-14 22:00:00,39.09000015258789,39.36000061035156,38.810001373291016,39.0,34.02010726928711,52776
FAIT.CA,Banking,2024-12-15 22:00:00,39.0,39.7599983215332,38.81999969482422,39.380001068115234,34.351585388183594,79592
FAIT.CA,Banking,2024-12-16 22:00:00,39.380001068115234,39.97999954223633,38.88999938964844,39.22999954223633,34.22073745727539,107207
FAIT.CA,Banking,2024-12-17 22:00:00,39.22999954223633,39.38999938964844,38.70000076293945,39.029998779296875,34.04627227783203,94460
FAIT.CA,Banking,2024-12-18 22:00:00,39.029998779296875,39.4900016784668,38.41999816894531,39.22999954223633,34.22073745727539,183335
FAIT.CA,Banking,2024-12-21 22:00:00,39.22999954223633,39.45000076293945,38.40999984741211,38.9900016784668,34.01138687133789,100600
FAIT.CA,Banking,2024-12-22 22:00:00,38.9900016784668,39.369998931884766,38.0,38.0099983215332,33.156517028808594,126738
FAIT.CA,Banking,2024-12-23 22:00:00,38.0099983215332,38.33000183105469,37.7599983215332,38.119998931884766,33.25247573852539,67801
FAIT.CA,Banking,2024-12-24 22:00:00,38.119998931884766,38.189998626708984,37.79999923706055,38.029998779296875,33.17396545410156,20324
FAIT.CA,Banking,2024-12-25 22:00:00,38.029998779296875,38.20000076293945,37.54999923706055,37.93000030517578,33.086734771728516,38255
FAIT.CA,Banking,2024-12-28 22:00:00,37.93000030517578,38.400001525878906,37.65999984741211,37.939998626708984,33.095458984375,53723
FAIT.CA,Banking,2024-12-29 22:00:00,37.939998626708984,38.790000915527344,37.619998931884766,37.95000076293945,33.104183197021484,258650
FAIT.CA,Banking,2024-12-30 22:00:00,37.95000076293945,37.95000076293945,37.0,37.939998626708984,33.095458984375,115931
FAIT.CA,Banking,2025-01-01 22:00:00,37.939998626708984,38.9900016784668,37.5099983215332,38.119998931884766,33.25247573852539,118679
FAIT.CA,Banking,2025-01-04 22:00:00,38.119998931884766,38.47999954223633,37.79999923706055,37.9900016784668,33.139076232910156,164736
FAIT.CA,Banking,2025-01-05 22:00:00,37.9900016784668,38.0,37.65999984741211,38.0,33.147796630859375,78664
FAIT.CA,Banking,2025-01-07 22:00:00,38.0,38.400001525878906,37.90999984741211,38.22999954223633,33.348426818847656,329478
FAIT.CA,Banking,2025-01-08 22:00:00,38.22999954223633,38.689998626708984,38.040000915527344,38.09000015258789,33.22630310058594,77285
FAIT.CA,Banking,2025-01-11 22:00:00,38.09000015258789,38.20000076293945,37.709999084472656,38.02000045776367,33.165245056152344,59385
FAIT.CA,Banking,2025-01-12 22:00:00,38.02000045776367,39.439998626708984,38.0099983215332,38.06999969482422,33.208858489990234,174627
FAIT.CA,Banking,2025-01-13 22:00:00,38.06999969482422,38.689998626708984,37.41999816894531,38.27000045776367,33.38331985473633,50255
FAIT.CA,Banking,2025-01-14 22:00:00,38.27000045776367,38.4900016784668,37.20000076293945,37.91999816894531,33.07801055908203,81774
FAIT.CA,Banking,2025-01-15 22:00:00,37.91999816894531,38.47999954223633,37.79999923706055,38.0,33.147796630859375,71887
FAIT.CA,Banking,2025-01-18 22:00:00,37.91999816894531,38.47999954223633,37.79999923706055,38.040000915527344,33.18268966674805,144534
FAIT.CA,Banking,2025-01-19 22:00:00,37.970001220703125,38.560001373291016,37.79999923706055,38.0099983215332,33.156517028808594,171384
FAIT.CA,Banking,2025-01-20 22:00:00,38.0099983215332,38.25,37.939998626708984,37.9900016784668,33.139076232910156,34883
FAIT.CA,Banking,2025-01-21 22:00:00,37.9900016784668,38.16999816894531,37.90999984741211,38.040000915527344,33.18268966674805,62446
FAIT.CA,Banking,2025-01-22 22:00:00,38.040000915527344,38.20000076293945,37.900001525878906,37.900001525878906,33.06056594848633,67626
FAIT.CA,Banking,2025-01-25 22:00:00,37.900001525878906,38.150001525878906,37.5,37.5,32.71164321899414,221023
FAIT.CA,Banking,2025-01-26 22:00:00,37.5,40.0,37.20000076293945,37.63999938964844,32.833763122558594,193075
FAIT.CA,Banking,2025-01-27 22:00:00,37.63999938964844,37.93000030517578,37.47999954223633,37.61000061035156,32.807594299316406,83318
FAIT.CA,Banking,2025-01-28 22:00:00,37.61000061035156,37.7400016784668,37.0,37.599998474121094,32.79887008666992,222122
FAIT.CA,Banking,2025-01-29 22:00:00,37.599998474121094,37.650001525878906,37.349998474121094,37.56999969482422,32.772705078125,77811
FAIT.CA,Banking,2025-02-01 22:00:00,37.56999969482422,37.599998474121094,37.400001525878906,37.4900016784668,32.702919006347656,84103
FAIT.CA,Banking,2025-02-02 22:00:00,37.4900016784668,37.5,37.0,37.029998779296875,32.30165481567383,88222
FAIT.CA,Banking,2025-02-03 22:00:00,37.029998779296875,37.45000076293945,36.810001373291016,37.029998779296875,32.30165481567383,83140
FAIT.CA,Banking,2025-02-04 22:00:00,37.029998779296875,37.20000076293945,36.79999923706055,37.0,32.27548599243164,46674
FAIT.CA,Banking,2025-02-05 22:00:00,37.0,37.189998626708984,36.900001525878906,37.16999816894531,32.42377471923828,82615
FAIT.CA,Banking,2025-02-08 22:00:00,37.16999816894531,37.20000076293945,37.0099983215332,37.18000030517578,32.43250274658203,83425
FAIT.CA,Banking,2025-02-09 22:00:00,37.18000030517578,37.20000076293945,36.95000076293945,36.9900016784668,32.266761779785156,76286
FAIT.CA,Banking,2025-02-10 22:00:00,36.9900016784668,37.189998626708984,36.59000015258789,36.790000915527344,32.09230422973633,53376
FAIT.CA,Banking,2025-02-11 22:00:00,36.790000915527344,36.7599983215332,35.06999969482422,36.63999938964844,31.961454391479492,36929
FAIT.CA,Banking,2025-02-12 22:00:00,36.63999938964844,37.0,36.5099983215332,36.83000183105469,32.127193450927734,32764
FAIT.CA,Banking,2025-02-15 22:00:00,36.83000183105469,37.20000076293945,36.81999969482422,37.06999969482422,32.336544036865234,51347
FAIT.CA,Banking,2025-02-16 22:00:00,37.06999969482422,37.400001525878906,36.79999923706055,36.84000015258789,32.13591766357422,140777
FAIT.CA,Banking,2025-02-17 22:00:00,36.84000015258789,37.279998779296875,36.709999084472656,37.0,32.27548599243164,399217
FAIT.CA,Banking,2025-02-18 22:00:00,37.0,37.04999923706055,36.95000076293945,37.0,32.27548599243164,56055
FAIT.CA,Banking,2025-02-19 22:00:00,37.0,37.099998474121094,36.79999923706055,37.04999923706055,32.3191032409668,58739
FAIT.CA,Banking,2025-02-22 22:00:00,37.04999923706055,37.189998626708984,36.91999816894531,37.130001068115234,32.38888931274414,377979
FAIT.CA,Banking,2025-02-23 22:00:00,37.130001068115234,37.45000076293945,37.119998931884766,37.439998626708984,32.6593017578125,97141
FAIT.CA,Banking,2025-02-24 22:00:00,37.439998626708984,37.72999954223633,37.349998474121094,37.65999984741211,32.85121154785156,51697
FAIT.CA,Banking,2025-02-25 22:00:00,37.65999984741211,38.470001220703125,37.47999954223633,38.27000045776367,33.38331985473633,95390
FAIT.CA,Banking,2025-02-26 22:00:00,38.27000045776367,39.29999923706055,38.27000045776367,39.2599983215332,34.24690628051758,90698
FAIT.CA,Banking,2025-03-01 22:00:00,39.2599983215332,39.29999923706055,37.5,38.15999984741211,33.2873649597168,142218
FAIT.CA,Banking,2025-03-02 22:00:00,38.15999984741211,38.4900016784668,37.75,37.900001525878906,33.06056594848633,56553
FAIT.CA,Banking,2025-03-03 22:00:00,37.900001525878906,38.25,37.75,37.93000030517578,33.086734771728516,41446
FAIT.CA,Banking,2025-03-04 22:00:00,37.93000030517578,38.099998474121094,37.61000061035156,37.65999984741211,32.85121154785156,27781
FAIT.CA,Banking,2025-03-05 22:00:00,37.65999984741211,38.150001525878906,37.810001373291016,38.029998779296875,33.17396545410156,63914
FAIT.CA,Banking,2025-03-08 22:00:00,38.029998779296875,38.20000076293945,37.93000030517578,38.099998474121094,33.23502731323242,139299
FAIT.CA,Banking,2025-03-09 22:00:00,38.099998474121094,38.439998626708984,37.970001220703125,38.06999969482422,33.208858489990234,70024
FAIT.CA,Banking,2025-03-10 22:00:00,38.06999969482422,38.29999923706055,37.900001525878906,37.93000030517578,33.086734771728516,110087
FAIT.CA,Banking,2025-03-11 22:00:00,37.93000030517578,38.09000015258789,37.900001525878906,37.959999084472656,33.11289978027344,70438
FAIT.CA,Banking,2025-03-12 22:00:00,37.959999084472656,38.0,37.70000076293945,37.959999084472656,33.11289978027344,169295
FAIT.CA,Banking,2025-03-15 22:00:00,37.959999084472656,35.779998779296875,34.54999923706055,35.22999954223633,33.27827835083008,219641
FAIT.CA,Banking,2025-03-16 22:00:00,35.22999954223633,35.7400016784668,34.880001068115234,34.95000076293945,33.013790130615234,32062
FAIT.CA,Banking,2025-03-17 22:00:00,34.95000076293945,35.439998626708984,34.0099983215332,34.9900016784668,33.05157470703125,35405
FAIT.CA,Banking,2025-03-18 22:00:00,34.9900016784668,35.290000915527344,34.52000045776367,34.720001220703125,32.796531677246094,16143
FAIT.CA,Banking,2025-03-19 22:00:00,34.720001220703125,35.650001525878906,34.91999816894531,35.029998779296875,33.08935546875,38246
FAIT.CA,Banking,2025-03-22 22:00:00,35.029998779296875,35.97999954223633,34.77000045776367,34.90999984741211,32.97600555419922,63905
FAIT.CA,Banking,2025-03-23 22:00:00,34.90999984741211,35.189998626708984,34.79999923706055,34.880001068115234,32.947669982910156,20501
FAIT.CA,Banking,2025-03-24 22:00:00,34.880001068115234,35.13999938964844,34.810001373291016,34.869998931884766,32.9382209777832,44829
FAIT.CA,Banking,2025-03-25 22:00:00,34.869998931884766,34.97999954223633,34.15999984741211,34.16999816894531,32.277000427246094,76301
FAIT.CA,Banking,2025-03-26 22:00:00,34.16999816894531,35.0,34.25,34.63999938964844,32.72096252441406,68201
FAIT.CA,Banking,2025-04-02 22:00:00,34.63999938964844,34.95000076293945,34.5,34.810001373291016,32.88154602050781,24245
FAIT.CA,Banking,2025-04-05 22:00:00,34.810001373291016,34.4900016784668,33.810001373291016,33.90999984741211,32.03140640258789,64842
FAIT.CA,Banking,2025-04-06 22:00:00,33.90999984741211,34.0,33.099998474121094,33.220001220703125,31.3796329498291,70888
FAIT.CA,Banking,2025-04-07 22:00:00,33.220001220703125,33.869998931884766,33.540000915527344,33.65999984741211,31.795255661010742,48374
FAIT.CA,Banking,2025-04-08 22:00:00,33.65999984741211,33.90999984741211,33.5,33.5,31.644119262695312,35352
FAIT.CA,Banking,2025-04-09 22:00:00,33.5,33.93000030517578,33.66999816894531,33.77000045776367,31.89916229248047,26264
FAIT.CA,Banking,2025-04-12 22:00:00,33.77000045776367,33.93000030517578,33.25,33.40999984741211,31.559104919433594,88347
FAIT.CA,Banking,2025-04-13 22:00:00,33.40999984741211,33.7400016784668,33.25,33.279998779296875,31.43630599975586,55920
FAIT.CA,Banking,2025-04-14 22:00:00,33.279998779296875,33.47999954223633,33.220001220703125,33.36000061035156,31.51187515258789,59285
FAIT.CA,Banking,2025-04-15 22:00:00,33.36000061035156,33.5,33.029998779296875,33.279998779296875,31.43630599975586,47905
FAIT.CA,Banking,2025-04-16 22:00:00,33.279998779296875,33.29999923706055,33.04999923706055,33.119998931884766,31.28516960144043,30272
FAIT.CA,Banking,2025-04-21 22:00:00,33.119998931884766,33.45000076293945,33.029998779296875,33.04999923706055,31.21904945373535,38764
FAIT.CA,Banking,2025-04-22 22:00:00,33.04999923706055,33.290000915527344,33.0,33.029998779296875,31.20015525817871,39835
FAIT.CA,Banking,2025-04-26 21:00:00,33.029998779296875,33.43000030517578,33.040000915527344,33.310001373291016,31.46464729309082,520648
FAIT.CA,Banking,2025-04-27 21:00:00,33.310001373291016,33.68000030517578,33.400001525878906,33.5,31.644119262695312,35767
FAIT.CA,Banking,2025-04-28 21:00:00,33.5,33.599998474121094,33.400001525878906,33.41999816894531,31.56855010986328,33315
FAIT.CA,Banking,2025-04-29 21:00:00,33.41999816894531,33.63999938964844,33.40999984741211,33.5099983215332,31.653564453125,72539
FAIT.CA,Banking,2025-05-03 21:00:00,33.5099983215332,33.70000076293945,33.400001525878906,33.52000045776367,31.66301155090332,34163
FAIT.CA,Banking,2025-05-04 21:00:00,33.52000045776367,33.70000076293945,33.5,33.52000045776367,31.66301155090332,43830
FAIT.CA,Banking,2025-05-05 21:00:00,33.52000045776367,33.70000076293945,33.5,33.529998779296875,31.672456741333008,40297
FAIT.CA,Banking,2025-05-06 21:00:00,33.529998779296875,33.869998931884766,33.40999984741211,33.4900016784668,31.634675979614258,22092
FAIT.CA,Banking,2025-05-07 21:00:00,33.4900016784668,33.65999984741211,33.38999938964844,33.4900016784668,31.634675979614258,29063
FAIT.CA,Banking,2025-05-10 21:00:00,33.4900016784668,33.689998626708984,33.150001525878906,33.47999954223633,31.625226974487305,45349
FAIT.CA,Banking,2025-05-11 21:00:00,33.47999954223633,33.5,33.11000061035156,33.20000076293945,31.360740661621094,21348
FAIT.CA,Banking,2025-05-12 21:00:00,33.20000076293945,33.38999938964844,33.099998474121094,33.18000030517578,31.341848373413086,16027
FAIT.CA,Banking,2025-05-13 21:00:00,33.18000030517578,33.34000015258789,33.099998474121094,33.220001220703125,31.3796329498291,18990
FAIT.CA,Banking,2025-05-14 21:00:00,33.220001220703125,33.29999923706055,33.0,33.150001525878906,31.31351089477539,37825
FAIT.CA,Banking,2025-05-17 21:00:00,33.150001525878906,33.2400016784668,32.20000076293945,32.36000061035156,30.567276000976562,51531
FAIT.CA,Banking,2025-05-18 21:00:00,32.36000061035156,32.95000076293945,31.75,32.060001373291016,30.28389549255371,29806
FAIT.CA,Banking,2025-05-19 21:00:00,32.060001373291016,32.70000076293945,32.0,32.15999984741211,30.378355026245117,16293
FAIT.CA,Banking,2025-05-20 21:00:00,32.15999984741211,32.4900016784668,31.170000076293945,31.270000457763672,29.537660598754883,63085
FAIT.CA,Banking,2025-05-21 21:00:00,31.270000457763672,31.959999084472656,31.299999237060547,31.420000076293945,29.679349899291992,28823
FAIT.CA,Banking,2025-05-24 21:00:00,31.420000076293945,31.850000381469727,31.209999084472656,31.239999771118164,29.509321212768555,42241
FAIT.CA,Banking,2025-05-25 21:00:00,31.239999771118164,31.719999313354492,31.200000762939453,31.420000076293945,29.679349899291992,40551
FAIT.CA,Banking,2025-05-26 21:00:00,31.420000076293945,31.399999618530273,31.229999542236328,31.280000686645508,29.547107696533203,28962
FAIT.CA,Banking,2025-05-27 21:00:00,31.280000686645508,31.389999389648438,31.229999542236328,31.309999465942383,29.575443267822266,34024
FAIT.CA,Banking,2025-05-28 21:00:00,31.309999465942383,31.31999969482422,31.229999542236328,31.260000228881836,29.528213500976562,44969
FAIT.CA,Banking,2025-05-31 21:00:00,31.260000228881836,31.700000762939453,31.209999084472656,31.25,29.518768310546875,28068
FAIT.CA,Banking,2025-06-01 21:00:00,31.25,31.700000762939453,30.899999618530273,31.479999542236328,29.736026763916016,113877
FAIT.CA,Banking,2025-06-02 21:00:00,31.479999542236328,32.5,31.479999542236328,32.33000183105469,30.538938522338867,67658
FAIT.CA,Banking,2025-06-03 21:00:00,32.33000183105469,32.5,31.93000030517578,32.36000061035156,30.567276000976562,25572
FAIT.CA,Banking,2025-06-09 21:00:00,32.36000061035156,32.5,31.940000534057617,32.130001068115234,30.350017547607422,122711
FAIT.CA,Banking,2025-06-10 21:00:00,32.130001068115234,32.349998474121094,29.010000228881836,31.65999984741211,29.90605354309082,71797
FAIT.CA,Banking,2025-06-11 21:00:00,31.65999984741211,31.649999618530273,31.200000762939453,31.290000915527344,29.55655288696289,49119
FAIT.CA,Banking,2025-06-14 21:00:00,31.290000915527344,30.399999618530273,29.899999618530273,30.190000534057617,28.517492294311523,71351
FAIT.CA,Banking,2025-06-15 21:00:00,30.190000534057617,31.979999542236328,30.06999969482422,31.290000915527344,29.55655288696289,45977
FAIT.CA,Banking,2025-06-16 21:00:00,31.290000915527344,31.0,30.149999618530273,30.299999237060547,28.621397018432617,52476
FAIT.CA,Banking,2025-06-17 21:00:00,30.299999237060547,30.670000076293945,30.149999618530273,30.31999969482422,28.640289306640625,14095
FAIT.CA,Banking,2025-06-18 21:00:00,30.31999969482422,30.940000534057617,30.06999969482422,30.940000534057617,29.225942611694336,53942
FAIT.CA,Banking,2025-06-21 21:00:00,30.940000534057617,30.90999984741211,29.899999618530273,30.65999984741211,28.961454391479492,56796
FAIT.CA,Banking,2025-06-22 21:00:00,30.65999984741211,31.100000381469727,30.399999618530273,30.899999618530273,29.18815803527832,26923
FAIT.CA,Banking,2025-06-23 21:00:00,30.899999618530273,31.670000076293945,31.0,31.510000228881836,29.76436424255371,21056
FAIT.CA,Banking,2025-06-24 21:00:00,31.510000228881836,31.729999542236328,31.420000076293945,31.450000762939453,29.70768928527832,44298
FAIT.CA,Banking,2025-06-28 21:00:00,31.450000762939453,31.959999084472656,31.610000610351562,31.610000610351562,29.85882568359375,63139
FAIT.CA,Banking,2025-06-29 21:00:00,31.610000610351562,32.099998474121094,31.520000457763672,31.56999969482422,29.8210391998291,71044
FAIT.CA,Banking,2025-06-30 21:00:00,31.56999969482422,31.709999084472656,31.479999542236328,31.510000228881836,29.76436424255371,36519
FAIT.CA,Banking,2025-07-01 21:00:00,31.510000228881836,31.709999084472656,31.469999313354492,31.530000686645508,29.78325653076172,27790
FAIT.CA,Banking,2025-07-05 21:00:00,31.530000686645508,31.790000915527344,31.479999542236328,31.729999542236328,29.97217559814453,21347
FAIT.CA,Banking,2025-07-06 21:00:00,31.729999542236328,31.889999389648438,31.5,31.860000610351562,30.094974517822266,26259
FAIT.CA,Banking,2025-07-08 21:00:00,31.860000610351562,31.860000610351562,31.5,31.639999389648438,29.887161254882812,35617
FAIT.CA,Banking,2025-07-09 21:00:00,31.639999389648438,31.899999618530273,31.639999389648438,31.829999923706055,30.06663703918457,25378
FAIT.CA,Banking,2025-07-12 21:00:00,31.829999923706055,32.0,31.65999984741211,31.790000915527344,30.028852462768555,45662
FAIT.CA,Banking,2025-07-13 21:00:00,31.790000915527344,32.5,31.670000076293945,31.729999542236328,29.97217559814453,151205
FAIT.CA,Banking,2025-07-14 21:00:00,31.729999542236328,32.43000030517578,31.75,32.0099983215332,30.236663818359375,80702
FAIT.CA,Banking,2025-07-15 21:00:00,32.0099983215332,32.25,31.81999969482422,31.940000534057617,30.170543670654297,65715
FAIT.CA,Banking,2025-07-16 21:00:00,31.940000534057617,32.0,31.639999389648438,31.670000076293945,29.91550064086914,62217
FAIT.CA,Banking,2025-07-19 21:00:00,31.670000076293945,31.989999771118164,31.309999465942383,31.459999084472656,29.717132568359375,53130
FAIT.CA,Banking,2025-07-20 21:00:00,31.459999084472656,31.600000381469727,30.670000076293945,30.8700008392334,29.159820556640625,131560
FAIT.CA,Banking,2025-07-21 21:00:00,30.8700008392334,31.18000030517578,30.420000076293945,30.530000686645508,28.838655471801758,82714
FAIT.CA,Banking,2025-07-22 21:00:00,30.530000686645508,30.530000686645508,30.530000686645508,30.530000686645508,28.838655471801758,0
FAIT.CA,Banking,2025-07-26 21:00:00,30.290000915527344,30.59000015258789,30.309999465942383,30.540000915527344,28.848102569580078,36081
FAIT.CA,Banking,2025-07-27 21:00:00,30.540000915527344,30.8700008392334,30.149999618530273,30.299999237060547,28.621397018432617,48562
FAIT.CA,Banking,2025-07-28 21:00:00,30.299999237060547,30.5,30.100000381469727,30.200000762939453,28.52693748474121,51309
FAIT.CA,Banking,2025-07-29 21:00:00,30.200000762939453,30.290000915527344,29.8700008392334,30.079999923706055,28.413585662841797,130191
FAIT.CA,Banking,2025-07-30 21:00:00,30.079999923706055,30.450000762939453,29.809999465942383,29.940000534057617,28.281341552734375,40205
FAIT.CA,Banking,2025-08-02 21:00:00,29.940000534057617,29.940000534057617,29.940000534057617,29.940000534057617,28.281341552734375,0
FAIT.CA,Banking,2025-08-03 21:00:00,29.940000534057617,29.940000534057617,29.940000534057617,29.940000534057617,28.281341552734375,0
FAIT.CA,Banking,2025-08-04 21:00:00,29.940000534057617,29.940000534057617,29.940000534057617,29.940000534057617,28.281341552734375,0
FAIT.CA,Banking,2025-08-05 21:00:00,29.940000534057617,29.940000534057617,29.940000534057617,29.940000534057617,28.281341552734375,0
FAIT.CA,Banking,2025-08-06 21:00:00,29.940000534057617,29.940000534057617,29.940000534057617,29.940000534057617,28.281341552734375,0
FAIT.CA,Banking,2025-08-09 21:00:00,29.979999542236328,30.110000610351562,29.850000381469727,29.979999542236328,28.319124221801758,61749
FAIT.CA,Banking,2025-08-10 21:00:00,29.979999542236328,30.290000915527344,29.979999542236328,30.1200008392334,28.451370239257812,144236
FAIT.CA,Banking,2025-08-11 21:00:00,30.1200008392334,30.489999771118164,30.0,30.260000228881836,28.583614349365234,144549
FAIT.CA,Banking,2025-08-12 21:00:00,30.260000228881836,30.399999618530273,29.889999389648438,29.989999771118164,28.328571319580078,238344
FAIT.CA,Banking,2025-08-13 21:00:00,29.989999771118164,30.959999084472656,29.8700008392334,29.989999771118164,28.328571319580078,105282
FAIT.CA,Banking,2025-08-16 21:00:00,29.989999771118164,30.139999389648438,29.81999969482422,29.8700008392334,28.215219497680664,43089
FAIT.CA,Banking,2025-08-17 21:00:00,29.8700008392334,30.0,29.75,29.969999313354492,28.30967903137207,478298
FAIT.CA,Banking,2025-08-18 21:00:00,29.969999313354492,30.0,29.81999969482422,29.8799991607666,28.22466468811035,54151
FAIT.CA,Banking,2025-08-19 21:00:00,29.8799991607666,30.190000534057617,29.770000457763672,29.940000534057617,28.281341552734375,128180
FAIT.CA,Banking,2025-08-20 21:00:00,29.940000534057617,29.889999389648438,29.809999465942383,29.850000381469727,28.196327209472656,20254
FAIT.CA,Banking,2025-08-23 21:00:00,29.850000381469727,29.959999084472656,29.700000762939453,29.719999313354492,28.073528289794922,80846
FAIT.CA,Banking,2025-08-24 21:00:00,29.719999313354492,29.829999923706055,29.639999389648438,29.690000534057617,28.04519271850586,89751
FAIT.CA,Banking,2025-08-25 21:00:00,29.690000534057617,29.75,29.5,29.5,27.8657169342041,67415
FAIT.CA,Banking,2025-08-26 21:00:00,29.5,29.799999237060547,29.350000381469727,29.40999984741211,27.780702590942383,36157
FAIT.CA,Banking,2025-08-27 21:00:00,29.40999984741211,29.690000534057617,29.260000228881836,29.309999465942383,27.686243057250977,50096
FAIT.CA,Banking,2025-08-30 21:00:00,29.309999465942383,29.690000534057617,29.100000381469727,29.350000381469727,27.724027633666992,56937
FAIT.CA,Banking,2025-08-31 21:00:00,29.350000381469727,29.350000381469727,29.0,29.239999771118164,27.620121002197266,99405
FAIT.CA,Banking,2025-09-01 21:00:00,29.239999771118164,29.31999969482422,29.1299991607666,29.219999313354492,27.601228713989258,39887
FAIT.CA,Banking,2025-09-02 21:00:00,29.219999313354492,29.469999313354492,29.200000762939453,29.3700008392334,27.742919921875,90607
FAIT.CA,Banking,2025-09-06 21:00:00,29.3700008392334,30.200000762939453,29.200000762939453,29.760000228881836,28.111312866210938,90502
FAIT.CA,Banking,2025-09-07 21:00:00,29.760000228881836,30.110000610351562,29.469999313354492,29.530000686645508,27.89405632019043,60476
FAIT.CA,Banking,2025-09-08 21:00:00,28.123809814453125,28.542856216430664,27.857141494750977,27.866666793823242,26.3228702545166,83859
FAIT.CA,Banking,2025-09-09 21:00:00,27.866666793823242,28.5047607421875,27.72380828857422,27.904760360717773,26.35885238647461,39756
FAIT.CA,Banking,2025-09-10 21:00:00,27.904760360717773,28.209522247314453,27.799999237060547,27.847618103027344,26.30487632751465,61597
FAIT.CA,Banking,2025-09-13 21:00:00,27.847618103027344,28.180952072143555,27.819047927856445,27.933332443237305,26.385841369628906,62475
FAIT.CA,Banking,2025-09-14 21:00:00,27.933332443237305,28.05714225769043,27.69523811340332,27.75238037109375,26.214914321899414,63530
FAIT.CA,Banking,2025-09-15 21:00:00,27.75238037109375,27.961904525756836,27.542856216430664,27.676189422607422,26.1429443359375,94732
FAIT.CA,Banking,2025-09-16 21:00:00,27.676189422607422,27.895238876342773,27.14285659790039,27.63809585571289,26.106962203979492,83492
FAIT.CA,Banking,2025-09-17 21:00:00,27.63800048828125,28.649999618530273,27.510000228881836,27.989999771118164,26.439369201660156,97498
FAIT.CA,Banking,2025-09-20 21:00:00,27.989999771118164,28.059999465942383,27.75,27.950000762939453,26.401586532592773,49469
FAIT.CA,Banking,2025-09-21 21:00:00,27.950000762939453,28.020000457763672,27.559999465942383,27.719999313354492,26.184328079223633,29842
FAIT.CA,Banking,2025-09-22 21:00:00,27.719999313354492,27.989999771118164,27.610000610351562,27.719999313354492,26.184328079223633,10733
FAIT.CA,Banking,2025-09-23 21:00:00,27.719999313354492,27.8700008392334,27.610000610351562,27.670000076293945,26.13709831237793,24525
FAIT.CA,Banking,2025-09-24 21:00:00,27.670000076293945,27.8700008392334,27.610000610351562,27.690000534057617,26.155990600585938,13657
FAIT.CA,Banking,2025-09-27 21:00:00,27.690000534057617,27.979999542236328,27.68000030517578,27.959999084472656,26.41103172302246,52825
FAIT.CA,Banking,2025-09-28 21:00:00,27.959999084472656,27.989999771118164,27.739999771118164,27.889999389648438,26.34490966796875,37894
FAIT.CA,Banking,2025-09-29 21:00:00,27.889999389648438,27.979999542236328,27.709999084472656,27.860000610351562,26.316572189331055,78549
FAIT.CA,Banking,2025-09-30 21:00:00,27.860000610351562,28.270000457763672,27.75,27.84000015258789,26.297679901123047,131321
FAIT.CA,Banking,2025-10-01 21:00:00,27.84000015258789,28.18000030517578,27.75,27.979999542236328,26.42992401123047,62394
FAIT.CA,Banking,2025-10-04 21:00:00,27.979999542236328,28.06999969482422,27.760000228881836,27.950000762939453,26.401586532592773,63545
FAIT.CA,Banking,2025-10-05 21:00:00,27.950000762939453,28.100000381469727,27.8799991607666,27.989999771118164,26.439369201660156,83091
FAIT.CA,Banking,2025-10-06 21:00:00,27.989999771118164,28.690000534057617,28.0,28.209999084472656,26.64718246459961,99550
FAIT.CA,Banking,2025-10-07 21:00:00,28.209999084472656,29.100000381469727,28.030000686645508,28.780000686645508,27.185606002807617,126176
FAIT.CA,Banking,2025-10-11 21:00:00,28.780000686645508,29.079999923706055,28.3700008392334,28.450000762939453,26.87388801574707,90782
FAIT.CA,Banking,2025-10-12 21:00:00,28.450000762939453,28.899999618530273,28.399999618530273,28.59000015258789,27.00613021850586,89291
FAIT.CA,Banking,2025-10-13 21:00:00,28.59000015258789,28.860000610351562,28.399999618530273,28.489999771118164,26.911670684814453,44945
FAIT.CA,Banking,2025-10-14 21:00:00,28.489999771118164,28.549999237060547,28.010000228881836,28.5,26.92111587524414,58931
FAIT.CA,Banking,2025-10-15 21:00:00,28.5,28.700000762939453,28.3700008392334,28.540000915527344,26.95890235900879,51758
FAIT.CA,Banking,2025-10-18 21:00:00,28.540000915527344,28.6299991607666,28.299999237060547,28.5,26.92111587524414,118379
FAIT.CA,Banking,2025-10-19 21:00:00,28.5,28.899999618530273,28.440000534057617,28.760000228881836,27.16671371459961,225634
FAIT.CA,Banking,2025-10-20 21:00:00,28.760000228881836,28.899999618530273,28.559999465942383,28.68000030517578,27.091144561767578,76259
FAIT.CA,Banking,2025-10-21 21:00:00,28.68000030517578,28.899999618530273,28.5,28.84000015258789,27.242280960083008,103437
FAIT.CA,Banking,2025-10-22 21:00:00,28.84000015258789,28.950000762939453,28.600000381469727,28.889999389648438,27.28951072692871,224917
FAIT.CA,Banking,2025-10-25 21:00:00,28.889999389648438,32.20000076293945,28.799999237060547,30.399999618530273,28.715856552124023,582680
FAIT.CA,Banking,2025-10-26 21:00:00,30.399999618530273,30.729999542236328,30.219999313354492,30.329999923706055,28.649736404418945,135811
FAIT.CA,Banking,2025-10-27 21:00:00,30.329999923706055,30.5,29.540000915527344,30.260000228881836,28.583614349365234,142224
FAIT.CA,Banking,2025-10-28 21:00:00,30.260000228881836,31.690000534057617,30.299999237060547,31.0,29.282617568969727,292618
FAIT.CA,Banking,2025-10-29 21:00:00,31.0,31.65999984741211,30.610000610351562,31.15999984741211,29.433753967285156,168090
FAIT.CA,Banking,2025-11-01 22:00:00,31.15999984741211,34.45000076293945,31.200000762939453,32.5,30.69951820373535,1621732
FAIT.CA,Banking,2025-11-02 22:00:00,32.5,32.900001525878906,31.860000610351562,32.040000915527344,30.265003204345703,365363
FAIT.CA,Banking,2025-11-03 22:00:00,32.040000915527344,32.36000061035156,31.770000457763672,31.969999313354492,30.19887924194336,170499
FAIT.CA,Banking,2025-11-04 22:00:00,31.969999313354492,32.29999923706055,31.399999618530273,31.90999984741211,30.14220428466797,166992
FAIT.CA,Banking,2025-11-05 22:00:00,31.90999984741211,31.899999618530273,31.100000381469727,31.3700008392334,29.63212013244629,152496
FAIT.CA,Banking,2025-11-08 22:00:00,31.3700008392334,32.5,31.90999984741211,31.959999084472656,30.189434051513672,247400
FAIT.CA,Banking,2025-11-09 22:00:00,31.959999084472656,32.279998779296875,31.649999618530273,31.84000015258789,30.076082229614258,180552
FAIT.CA,Banking,2025-11-10 22:00:00,31.84000015258789,34.4900016784668,31.299999237060547,33.0099983215332,31.181262969970703,1178393
FAIT.CA,Banking,2025-11-11 22:00:00,33.0099983215332,33.900001525878906,32.61000061035156,32.650001525878906,30.841211318969727,298335
FAIT.CA,Banking,2025-11-12 22:00:00,32.650001525878906,33.29999923706055,32.5,33.130001068115234,31.294618606567383,250602
FAIT.CA,Banking,2025-11-15 22:00:00,33.130001068115234,33.970001220703125,32.68000030517578,33.65999984741211,31.795255661010742,373425
FAIT.CA,Banking,2025-11-16 22:00:00,33.65999984741211,33.9900016784668,33.13999938964844,33.36000061035156,31.51187515258789,159384
FAIT.CA,Banking,2025-11-17 22:00:00,33.36000061035156,33.5,32.56999969482422,32.65999984741211,30.85065460205078,163908
FAIT.CA,Banking,2025-11-18 22:00:00,32.65999984741211,32.9900016784668,32.099998474121094,32.2599983215332,30.47281265258789,84040
FAIT.CA,Banking,2025-11-19 22:00:00,32.2599983215332,32.47999954223633,31.799999237060547,31.969999313354492,30.19887924194336,108215
FAIT.CA,Banking,2025-11-22 22:00:00,31.969999313354492,32.2400016784668,31.700000762939453,31.760000228881836,30.00051498413086,97578
FAIT.CA,Banking,2025-11-23 22:00:00,31.760000228881836,32.18000030517578,31.510000228881836,31.549999237060547,29.802146911621094,146249
FAIT.CA,Banking,2025-11-24 22:00:00,31.549999237060547,31.889999389648438,31.350000381469727,31.510000228881836,29.76436424255371,83417
FAIT.CA,Banking,2025-11-25 22:00:00,31.510000228881836,31.579999923706055,31.049999237060547,31.209999084472656,29.48098373413086,57153
FAIT.CA,Banking,2025-11-26 22:00:00,31.209999084472656,31.520000457763672,30.600000381469727,31.489999771118164,29.745471954345703,101988
FAIT.CA,Banking,2025-11-29 22:00:00,31.489999771118164,31.709999084472656,31.18000030517578,31.59000015258789,29.839933395385742,32480
FAIT.CA,Banking,2025-11-30 22:00:00,31.59000015258789,31.8700008392334,31.0,31.239999771118164,29.509321212768555,107254
FAIT.CA,Banking,2025-12-01 22:00:00,31.239999771118164,31.540000915527344,30.8700008392334,30.969999313354492,29.25428009033203,64397
FAIT.CA,Banking,2025-12-02 22:00:00,30.969999313354492,31.510000228881836,30.950000762939453,31.389999389648438,29.651012420654297,59924
FAIT.CA,Banking,2025-12-03 22:00:00,31.389999389648438,33.68000030517578,32.52000045776367,32.689998626708984,30.878992080688477,1181105
FAIT.CA,Banking,2025-12-06 22:00:00,32.689998626708984,33.29999923706055,32.75,33.11000061035156,31.275726318359375,212802
FAIT.CA,Banking,2025-12-07 22:00:00,33.11000061035156,33.25,32.880001068115234,32.93000030517578,31.105697631835938,140367
FAIT.CA,Banking,2025-12-08 22:00:00,32.93000030517578,32.90999984741211,32.0099983215332,32.470001220703125,30.67118263244629,184008
FAIT.CA,Banking,2025-12-09 22:00:00,32.470001220703125,33.70000076293945,32.29999923706055,33.400001525878906,31.54966163635254,273885
FAIT.CA,Banking,2025-12-10 22:00:00,33.400001525878906,33.68000030517578,32.900001525878906,33.0099983215332,31.181262969970703,157018
FAIT.CA,Banking,2025-12-13 22:00:00,33.0099983215332,33.25,32.5,32.630001068115234,30.822317123413086,166554
FAIT.CA,Banking,2025-12-14 22:00:00,32.630001068115234,33.599998474121094,32.599998474121094,33.0099983215332,31.181262969970703,234357
FAIT.CA,Banking,2025-12-15 22:00:00,33.0099983215332,33.279998779296875,32.7400016784668,32.880001068115234,31.058467864990234,107438
FAIT.CA,Banking,2025-12-16 22:00:00,32.880001068115234,32.880001068115234,32.5,32.5099983215332,30.70896339416504,62097
FAIT.CA,Banking,2025-12-17 22:00:00,32.5099983215332,32.720001220703125,31.670000076293945,31.670000076293945,29.91550064086914,161523
FAIT.CA,Banking,2025-12-20 22:00:00,31.670000076293945,32.189998626708984,31.799999237060547,31.899999618530273,30.13275909423828,41967
FAIT.CA,Banking,2025-12-21 22:00:00,31.899999618530273,32.189998626708984,31.670000076293945,31.729999542236328,29.97217559814453,62543
FAIT.CA,Banking,2025-12-22 22:00:00,31.729999542236328,32.0,31.549999237060547,31.690000534057617,29.93439292907715,57606
FAIT.CA,Banking,2025-12-23 22:00:00,31.690000534057617,32.0,31.479999542236328,31.6299991607666,29.877716064453125,75746
FAIT.CA,Banking,2025-12-24 22:00:00,31.6299991607666,31.899999618530273,31.350000381469727,31.510000228881836,29.76436424255371,75196
FAIT.CA,Banking,2025-12-27 22:00:00,31.510000228881836,31.75,31.440000534057617,31.690000534057617,29.93439292907715,50384
FAIT.CA,Banking,2025-12-28 22:00:00,31.690000534057617,31.989999771118164,31.559999465942383,31.899999618530273,30.13275909423828,81198
FAIT.CA,Banking,2025-12-29 22:00:00,31.899999618530273,32.119998931884766,31.700000762939453,32.029998779296875,30.255556106567383,40711
FAIT.CA,Banking,2025-12-30 22:00:00,32.029998779296875,32.400001525878906,31.799999237060547,32.06999969482422,30.2933406829834,77136
FAIT.CA,Banking,2026-01-03 22:00:00,32.06999969482422,32.31999969482422,31.899999618530273,32.20000076293945,30.416139602661133,63513
FAIT.CA,Banking,2026-01-04 22:00:00,32.20000076293945,32.0,31.260000228881836,31.329999923706055,29.594335556030273,112386
FAIT.CA,Banking,2026-01-05 22:00:00,31.329999923706055,31.889999389648438,31.200000762939453,31.709999084472656,29.953283309936523,96638
FAIT.CA,Banking,2026-01-07 22:00:00,31.709999084472656,31.959999084472656,31.5,31.84000015258789,30.076082229614258,50852
FAIT.CA,Banking,2026-01-10 22:00:00,31.84000015258789,32.599998474121094,31.290000915527344,32.31999969482422,30.529491424560547,204399
FAIT.CA,Banking,2026-01-11 22:00:00,32.31999969482422,32.68000030517578,32.0,32.22999954223633,30.444477081298828,124308
FAIT.CA,Banking,2026-01-12 22:00:00,32.22999954223633,32.36000061035156,31.799999237060547,32.08000183105469,30.30278778076172,89411
FAIT.CA,Banking,2026-01-13 22:00:00,32.08000183105469,32.0,31.270000457763672,31.5,29.754919052124023,86588
FAIT.CA,Banking,2026-01-14 22:00:00,31.5,31.829999923706055,31.309999465942383,31.610000610351562,29.85882568359375,62849
FAIT.CA,Banking,2026-01-17 22:00:00,31.610000610351562,32.97999954223633,31.5,31.920000076293945,30.15165138244629,33873
FAIT.CA,Banking,2026-01-18 22:00:00,31.920000076293945,32.189998626708984,31.670000076293945,31.93000030517578,30.161096572875977,92449
FAIT.CA,Banking,2026-01-19 22:00:00,31.93000030517578,32.2400016784668,31.760000228881836,31.93000030517578,30.161096572875977,128599
FAIT.CA,Banking,2026-01-20 22:00:00,31.93000030517578,32.0,31.639999389648438,31.700000762939453,29.94384002685547,70938
FAIT.CA,Banking,2026-01-21 22:00:00,31.700000762939453,32.880001068115234,31.649999618530273,32.11000061035156,30.331125259399414,332076
FAIT.CA,Banking,2026-01-24 22:00:00,32.11000061035156,32.56999969482422,26.010000228881836,31.450000762939453,29.70768928527832,351083
FAIT.CA,Banking,2026-01-25 22:00:00,31.450000762939453,31.93000030517578,31.299999237060547,31.780000686645508,30.019407272338867,189317
FAIT.CA,Banking,2026-01-26 22:00:00,31.780000686645508,31.950000762939453,31.6200008392334,31.84000015258789,30.076082229614258,86020
FAIT.CA,Banking,2026-01-27 22:00:00,31.84000015258789,32.25,31.5,31.860000610351562,30.094974517822266,207826
FAIT.CA,Banking,2026-01-31 22:00:00,31.860000610351562,32.189998626708984,31.510000228881836,32.0099983215332,30.236663818359375,189829
FAIT.CA,Banking,2026-02-01 22:00:00,32.0099983215332,32.09000015258789,31.709999084472656,32.02000045776367,30.246110916137695,179129
FAIT.CA,Banking,2026-02-02 22:00:00,32.02000045776367,32.650001525878906,31.8799991607666,32.34000015258789,30.548383712768555,204948
FAIT.CA,Banking,2026-02-03 22:00:00,32.34000015258789,32.619998931884766,32.130001068115234,32.34000015258789,30.548383712768555,87889
FAIT.CA,Banking,2026-02-04 22:00:00,32.34000015258789,32.56999969482422,32.20000076293945,32.380001068115234,30.58616828918457,55114
FAIT.CA,Banking,2026-02-07 22:00:00,32.380001068115234,32.54999923706055,32.18000030517578,32.54999923706055,30.746747970581055,91733
FAIT.CA,Banking,2026-02-08 22:00:00,32.54999923706055,32.70000076293945,32.29999923706055,32.41999816894531,30.62394905090332,130164
FAIT.CA,Banking,2026-02-09 22:00:00,32.41999816894531,32.68000030517578,32.099998474121094,32.5,30.69951820373535,55793
FAIT.CA,Banking,2026-02-10 22:00:00,32.5,32.59000015258789,32.20000076293945,32.47999954223633,30.680625915527344,172531
FAIT.CA,Banking,2026-02-11 22:00:00,32.47999954223633,32.58000183105469,32.0,32.5,30.69951820373535,321756
FAIT.CA,Banking,2026-02-14 22:00:00,32.5,35.0,32.5,34.41999816894531,32.51314926147461,872694
FAIT.CA,Banking,2026-02-15 22:00:00,34.41999816894531,34.900001525878906,33.900001525878906,34.400001525878906,32.4942626953125,432664
FAIT.CA,Banking,2026-02-16 22:00:00,34.400001525878906,35.0,34.400001525878906,34.849998474121094,32.91933059692383,212205
FAIT.CA,Banking,2026-02-17 22:00:00,34.849998474121094,36.5,34.849998474121094,35.20000076293945,33.249942779541016,534139
FAIT.CA,Banking,2026-02-18 22:00:00,35.20000076293945,35.470001220703125,33.79999923706055,34.16999816894531,32.277000427246094,222001
FAIT.CA,Banking,2026-02-21 22:00:00,34.16999816894531,35.25,32.79999923706055,34.66999816894531,32.74930191040039,177624
FAIT.CA,Banking,2026-02-22 22:00:00,34.66999816894531,35.0,34.0,34.939998626708984,33.00434494018555,199055
FAIT.CA,Banking,2026-02-23 22:00:00,34.939998626708984,34.95000076293945,34.36000061035156,34.939998626708984,33.00434494018555,134780
FAIT.CA,Banking,2026-02-24 22:00:00,34.939998626708984,34.939998626708984,33.5,33.56999969482422,31.710241317749023,52509
FAIT.CA,Banking,2026-02-25 22:00:00,33.56999969482422,34.2400016784668,33.0099983215332,34.0,32.11642074584961,99122
FAIT.CA,Banking,2026-02-28 22:00:00,34.0,33.25,32.25,32.43000030517578,30.633398056030273,167638
FAIT.CA,Banking,2026-03-01 22:00:00,32.43000030517578,33.2400016784668,32.43000030517578,33.09000015258789,31.256834030151367,56541
FAIT.CA,Banking,2026-03-02 22:00:00,33.09000015258789,35.0,32.5099983215332,34.83000183105469,32.90044021606445,95418
FAIT.CA,Banking,2026-03-03 22:00:00,34.83000183105469,34.79999923706055,33.5,34.189998626708984,32.29589080810547,41726
FAIT.CA,Banking,2026-03-04 22:00:00,34.189998626708984,34.880001068115234,34.02000045776367,34.65999984741211,32.7398567199707,47242
FAIT.CA,Banking,2026-03-07 22:00:00,34.65999984741211,34.88999938964844,33.72999954223633,34.189998626708984,32.29589080810547,199024
FAIT.CA,Banking,2026-03-08 22:00:00,34.189998626708984,34.29999923706055,33.54999923706055,33.959999084472656,32.078636169433594,36165
FAIT.CA,Banking,2026-03-09 22:00:00,33.959999084472656,34.4900016784668,33.72999954223633,34.16999816894531,32.277000427246094,111150
FAIT.CA,Banking,2026-03-10 22:00:00,34.16999816894531,34.34000015258789,33.81999969482422,33.900001525878906,32.0219612121582,88051
FAIT.CA,Banking,2026-03-11 22:00:00,33.900001525878906,34.16999816894531,33.72999954223633,33.84000015258789,31.96528434753418,42537
FAIT.CA,Banking,2026-03-14 22:00:00,33.84000015258789,34.20000076293945,33.0099983215332,33.09000015258789,31.256834030151367,63191
FAIT.CA,Banking,2026-03-15 22:00:00,33.09000015258789,33.970001220703125,33.189998626708984,33.630001068115234,31.766918182373047,46792
FAIT.CA,Banking,2026-03-16 22:00:00,33.630001068115234,33.970001220703125,33.54999923706055,33.86000061035156,31.984176635742188,25128
FAIT.CA,Banking,2026-03-17 22:00:00,33.86000061035156,34.34000015258789,33.529998779296875,34.13999938964844,32.24866485595703,54254
FAIT.CA,Banking,2026-03-18 22:00:00,34.13999938964844,34.13999938964844,34.13999938964844,34.13999938964844,32.24866485595703,0
FAIT.CA,Banking,2026-03-23 22:00:00,34.13999938964844,34.47999954223633,33.70000076293945,34.0,32.11642074584961,264373
FAIT.CA,Banking,2026-03-24 22:00:00,34.0,34.150001525878906,33.75,33.77000045776367,31.89916229248047,57970
FAIT.CA,Banking,2026-03-25 22:00:00,33.77000045776367,34.13999938964844,33.70000076293945,33.84000015258789,31.96528434753418,113734
FAIT.CA,Banking,2026-03-28 22:00:00,33.84000015258789,33.790000915527344,32.599998474121094,33.18000030517578,31.341848373413086,284291
FAIT.CA,Banking,2026-03-29 22:00:00,33.18000030517578,33.5,33.04999923706055,33.150001525878906,31.31351089477539,40241
FAIT.CA,Banking,2026-03-30 22:00:00,33.150001525878906,33.380001068115234,32.75,33.16999816894531,31.332399368286133,87813
FAIT.CA,Banking,2026-03-31 22:00:00,33.16999816894531,33.79999923706055,33.0099983215332,33.400001525878906,31.54966163635254,61814
FAIT.CA,Banking,2026-04-01 22:00:00,33.400001525878906,33.79999923706055,33.0,33.36000061035156,31.51187515258789,36503
FAIT.CA,Banking,2026-04-04 22:00:00,33.36000061035156,33.83000183105469,33.31999969482422,33.79999923706055,31.927499771118164,47156
FAIT.CA,Banking,2026-04-05 22:00:00,33.79999923706055,34.0,33.40999984741211,33.939998626708984,32.05974197387695,107143
FAIT.CA,Banking,2026-04-06 22:00:00,33.939998626708984,33.97999954223633,33.5,33.619998931884766,31.757471084594727,123035
FAIT.CA,Banking,2026-04-07 22:00:00,33.619998931884766,34.599998474121094,33.900001525878906,34.5099983215332,32.59816360473633,311091
FAIT.CA,Banking,2026-04-08 22:00:00,34.5099983215332,34.810001373291016,34.08000183105469,34.41999816894531,32.51314926147461,387463
FAIT.CA,Banking,2026-04-13 22:00:00,34.41999816894531,33.20000076293945,32.099998474121094,33.08000183105469,33.08000183105469,353742
FAIT.CA,Banking,2026-04-14 22:00:00,33.08000183105469,33.150001525878906,32.95000076293945,33.0099983215332,33.0099983215332,166732
FAIT.CA,Banking,2026-04-15 22:00:00,33.0099983215332,33.099998474121094,32.880001068115234,33.08000183105469,33.08000183105469,255371
FAIT.CA,Banking,2026-04-18 22:00:00,33.08000183105469,33.279998779296875,32.869998931884766,33.060001373291016,33.060001373291016,152201
FAIT.CA,Banking,2026-04-19 22:00:00,33.060001373291016,33.15999984741211,32.86000061035156,33.15999984741211,33.15999984741211,108568
FAIT.CA,Banking,2026-04-20 22:00:00,33.15999984741211,33.150001525878906,32.849998474121094,33.04999923706055,33.04999923706055,137670
FAIT.CA,Banking,2026-04-21 22:00:00,33.04999923706055,33.099998474121094,32.849998474121094,32.939998626708984,32.939998626708984,98769
FAIT.CA,Banking,2026-04-22 22:00:00,32.939998626708984,33.150001525878906,30.0,33.150001525878906,33.150001525878906,133384
FAIT.CA,Banking,2026-04-25 21:00:00,33.150001525878906,33.279998779296875,32.849998474121094,33.06999969482422,33.06999969482422,123849
FAIT.CA,Banking,2026-04-26 21:00:00,33.06999969482422,33.20000076293945,32.849998474121094,33.16999816894531,33.16999816894531,60398
FAIT.CA,Banking,2026-04-27 21:00:00,33.16999816894531,33.20000076293945,32.970001220703125,33.040000915527344,33.040000915527344,73821
FAIT.CA,Banking,2026-04-28 21:00:00,33.040000915527344,33.20000076293945,32.97999954223633,33.18000030517578,33.18000030517578,124696
FAIT.CA,Banking,2026-04-29 21:00:00,33.18000030517578,33.400001525878906,33.0,33.33000183105469,33.33000183105469,154653
FAIT.CA,Banking,2026-05-02 21:00:00,33.33000183105469,33.400001525878906,33.0,33.08000183105469,33.08000183105469,188294
FAIT.CA,Banking,2026-05-03 21:00:00,33.08000183105469,34.5,33.09000015258789,33.90999984741211,33.90999984741211,492544
FAIT.CA,Banking,2026-05-04 21:00:00,33.90999984741211,33.95000076293945,33.459999084472656,33.72999954223633,33.72999954223633,105447
FAIT.CA,Banking,2026-05-05 21:00:00,33.72999954223633,34.459999084472656,33.5,33.54999923706055,33.54999923706055,268131
FAIT.CA,Banking,2026-05-09 21:00:00,33.54999923706055,34.18000030517578,33.56999969482422,34.0,34.0,102065
FAIT.CA,Banking,2026-05-10 21:00:00,34.0,34.41999816894531,33.939998626708984,34.11000061035156,34.11000061035156,150565
FAIT.CA,Banking,2026-05-11 21:00:00,34.11000061035156,34.70000076293945,34.11000061035156,34.70000076293945,34.70000076293945,228455
FAIT.CA,Banking,2026-05-12 21:00:00,34.70000076293945,36.25,34.72999954223633,36.25,36.25,562825
FAIT.CA,Banking,2026-05-13 21:00:00,36.25,36.4900016784668,35.0,36.47999954223633,36.47999954223633,144593
FAIT.CA,Banking,2026-05-16 21:00:00,36.47999954223633,38.47999954223633,36.0,37.88999938964844,37.88999938964844,476531
FAIT.CA,Banking,2026-05-17 21:00:00,37.88999938964844,38.130001068115234,37.099998474121094,37.099998474121094,37.099998474121094,254576
FAIT.CA,Banking,2026-05-18 21:00:00,37.099998474121094,38.400001525878906,37.040000915527344,38.29999923706055,38.29999923706055,168226
FAIT.CA,Banking,2026-05-19 21:00:00,38.29999923706055,38.400001525878906,37.0,37.400001525878906,37.400001525878906,114591
FAIT.CA,Banking,2026-05-20 21:00:00,37.400001525878906,38.11000061035156,37.04999923706055,37.83000183105469,37.83000183105469,148924
FAIT.CA,Banking,2026-05-23 21:00:00,37.83000183105469,38.29999923706055,37.11000061035156,37.220001220703125,37.220001220703125,170781
FAIT.CA,Banking,2026-05-24 21:00:00,37.220001220703125,37.849998474121094,36.59000015258789,37.31999969482422,37.31999969482422,134524
FAIT.CA,Banking,2026-05-25 21:00:00,37.31999969482422,37.31999969482422,37.31999969482422,37.31999969482422,37.31999969482422,0
FAIT.CA,Banking,2026-05-26 21:00:00,37.31999969482422,37.31999969482422,37.31999969482422,37.31999969482422,37.31999969482422,0
FAIT.CA,Banking,2026-05-27 21:00:00,37.31999969482422,37.31999969482422,37.31999969482422,37.31999969482422,37.31999969482422,0
FAIT.CA,Banking,2026-05-31 21:00:00,37.31999969482422,38.16999816894531,37.31999969482422,38.04999923706055,38.04999923706055,188108
FAIT.CA,Banking,2026-06-01 21:00:00,38.04999923706055,38.25,37.599998474121094,37.9900016784668,37.9900016784668,144607
FAIT.CA,Banking,2026-06-02 21:00:00,37.9900016784668,38.290000915527344,37.709999084472656,38.189998626708984,38.189998626708984,88932
FAIT.CA,Banking,2026-06-03 21:00:00,38.189998626708984,38.20000076293945,37.5099983215332,37.959999084472656,37.959999084472656,41459
FAIT.CA,Banking,2026-06-06 21:00:00,37.959999084472656,37.790000915527344,37.310001373291016,37.47999954223633,37.47999954223633,38206
FAIT.CA,Banking,2026-06-07 21:00:00,37.47999954223633,37.63999938964844,37.040000915527344,37.29999923706055,37.29999923706055,46839
FAIT.CA,Banking,2026-06-08 21:00:00,37.29999923706055,37.66999816894531,36.61000061035156,36.779998779296875,36.779998779296875,73552
FAIT.CA,Banking,2026-06-09 21:00:00,36.779998779296875,37.0,35.79999923706055,35.95000076293945,35.95000076293945,47121
FAIT.CA,Banking,2026-06-10 21:00:00,35.95000076293945,36.25,35.0099983215332,35.209999084472656,35.209999084472656,107987
FAIT.CA,Banking,2026-06-13 21:00:00,35.209999084472656,36.900001525878906,35.310001373291016,36.459999084472656,36.459999084472656,70849
FAIT.CA,Banking,2026-06-14 21:00:00,36.459999084472656,37.70000076293945,36.02000045776367,37.41999816894531,37.41999816894531,86703
FAIT.CA,Banking,2026-06-15 21:00:00,37.41999816894531,37.41999816894531,36.04999923706055,37.209999084472656,37.209999084472656,37158
FAIT.CA,Banking,2026-06-16 21:00:00,37.209999084472656,37.209999084472656,37.209999084472656,37.209999084472656,37.209999084472656,0
FAIT.CA,Banking,2026-06-17 21:00:00,37.209999084472656,37.209999084472656,37.209999084472656,37.209999084472656,37.209999084472656,0
FAIT.CA,Banking,2026-06-20 21:00:00,37.5099983215332,37.599998474121094,36.70000076293945,37.11000061035156,37.11000061035156,53966
FAIT.CA,Banking,2026-06-21 21:00:00,37.11000061035156,37.11000061035156,37.11000061035156,37.11000061035156,37.11000061035156,0
FAIT.CA,Banking,2026-06-22 21:00:00,37.349998474121094,37.45000076293945,36.11000061035156,36.5,36.5,38446
FAIT.CA,Banking,2026-06-23 21:00:00,36.5,36.97999954223633,36.119998931884766,36.2400016784668,36.2400016784668,47317
FAIT.CA,Banking,2026-06-24 21:00:00,36.2400016784668,36.7400016784668,36.0,36.150001525878906,36.150001525878906,21626
FAIT.CA,Banking,2026-06-27 21:00:00,36.150001525878906,36.790000915527344,35.06999969482422,35.099998474121094,35.099998474121094,59576
FAIT.CA,Banking,2026-06-28 21:00:00,35.099998474121094,35.93000030517578,35.060001373291016,35.90999984741211,35.90999984741211,46901
FAIT.CA,Banking,2026-06-29 21:00:00,35.90999984741211,37.439998626708984,35.599998474121094,36.95000076293945,36.95000076293945,222105
FAIT.CA,Banking,2026-06-30 21:00:00,36.95000076293945,37.08000183105469,36.119998931884766,36.97999954223633,36.97999954223633,105576
FAIT.CA,Banking,2026-07-04 21:00:00,36.97999954223633,37.0,36.18000030517578,36.630001068115234,36.630001068115234,48420
FAIT.CA,Banking,2026-07-05 21:00:00,36.630001068115234,36.93000030517578,36.33000183105469,36.599998474121094,36.599998474121094,34098
FAIT.CA,Banking,2026-07-06 21:00:00,36.599998474121094,36.650001525878906,36.11000061035156,36.16999816894531,36.16999816894531,43657
FAIT.CA,Banking,2026-07-07 21:00:00,36.16999816894531,36.650001525878906,36.099998474121094,36.380001068115234,36.380001068115234,59071
FAIT.CA,Banking,2026-07-08 21:00:00,36.380001068115234,37.06999969482422,36.11000061035156,37.0099983215332,37.0099983215332,143909
FAIT.CA,Banking,2026-07-11 21:00:00,37.0099983215332,37.20000076293945,36.7599983215332,37.15999984741211,37.15999984741211,64792
FAIT.CA,Banking,2026-07-12 21:00:00,37.15999984741211,37.20000076293945,36.95000076293945,37.040000915527344,37.040000915527344,32497
FAIT.CA,Banking,2026-07-13 21:00:00,37.040000915527344,37.599998474121094,36.95000076293945,36.959999084472656,36.959999084472656,143758
FAIT.CA,Banking,2026-07-14 21:00:00,36.959999084472656,37.31999969482422,36.75,36.9900016784668,36.9900016784668,63159
FAIT.CA,Banking,2026-07-15 21:00:00,36.9900016784668,37.58000183105469,36.90999984741211,37.459999084472656,37.459999084472656,124272
FAIT.CA,Banking,2026-07-18 21:00:00,37.459999084472656,37.56999969482422,36.970001220703125,37.25,37.25,92424
FAIT.CA,Banking,2026-07-19 21:00:00,37.25,37.540000915527344,37.029998779296875,37.279998779296875,37.279998779296875,25767
FAIT.CA,Banking,2026-07-20 21:00:00,37.279998779296875,37.88999938964844,37.119998931884766,37.650001525878906,37.650001525878906,81252
FAIT.CA,Banking,2026-07-21 21:00:00,37.650001525878906,38.0,37.40999984741211,38.0,38.0,97765
FAIT.CA,Banking,2026-07-25 21:00:00,38.0,37.97999954223633,37.20000076293945,37.33000183105469,37.33000183105469,54040
FAIT.CA,Banking,2026-07-26 21:00:00,37.33000183105469,37.70000076293945,37.0,37.04999923706055,37.04999923706055,55298
FAIT.CA,Banking,2026-07-27 21:00:00,37.04999923706055,37.619998931884766,36.95000076293945,37.02000045776367,37.02000045776367,29362
FAIT.CA,Banking,2026-07-28 21:00:00,37.02000045776367,37.40999984741211,36.61000061035156,36.650001525878906,36.650001525878906,26008
FAIT.CA,Banking,2026-07-29 21:00:00,36.650001525878906,37.290000915527344,36.099998474121094,36.54999923706055,36.54999923706055,32197
FAIT.CA,Banking,2026-08-01 21:00:00,36.54999923706055,37.400001525878906,36.20000076293945,37.2400016784668,37.2400016784668,77581
FAIT.CA,Banking,2026-08-02 21:00:00,37.2400016784668,38.0,36.900001525878906,37.06999969482422,37.06999969482422,86034
FAIT.CA,Banking,2026-08-03 21:00:00,37.06999969482422,37.459999084472656,36.900001525878906,37.099998474121094,37.099998474121094,54460
FAIT.CA,Banking,2026-08-04 21:00:00,37.099998474121094,37.959999084472656,36.900001525878906,37.959999084472656,37.959999084472656,129247
FAIT.CA,Banking,2026-08-05 21:00:00,37.959999084472656,38.369998931884766,37.52000045776367,38.36000061035156,38.36000061035156,170348
