symbol,sector,raw_date_utc,open,high,low,close,adj_close,volume
FWRY.CA,FinTech,2022-01-01 22:00:00,6.925361156463623,7.0875468254089355,6.768580913543701,6.849674224853516,6.849674224853516,2901122
FWRY.CA,FinTech,2022-01-02 22:00:00,6.849674224853516,6.892922878265381,6.730737209320068,6.77398681640625,6.77398681640625,2631833
FWRY.CA,FinTech,2022-01-03 22:00:00,6.77398681640625,7.006453990936279,6.811830043792725,6.892922878265381,6.892922878265381,3930690
FWRY.CA,FinTech,2022-01-04 22:00:00,6.892922878265381,7.098360061645508,6.974017143249512,7.0010480880737305,7.0010480880737305,3889638
FWRY.CA,FinTech,2022-01-08 22:00:00,7.0010480880737305,7.0010480880737305,7.0010480880737305,7.0010480880737305,7.0010480880737305,0
FWRY.CA,FinTech,2022-01-09 22:00:00,6.9632039070129395,7.19026517868042,6.952392101287842,7.038890838623047,7.038890838623047,11666191
FWRY.CA,FinTech,2022-01-10 22:00:00,7.038890838623047,7.136202812194824,7.011859893798828,7.076735019683838,7.076735019683838,12275675
FWRY.CA,FinTech,2022-01-11 22:00:00,7.076735019683838,7.119984149932861,6.8550801277160645,6.898330211639404,6.898330211639404,5766461
FWRY.CA,FinTech,2022-01-12 22:00:00,6.898330211639404,6.968609809875488,6.77398681640625,6.919954776763916,6.919954776763916,3510846
FWRY.CA,FinTech,2022-01-15 22:00:00,6.919954776763916,6.919954776763916,6.498270034790039,6.590175151824951,6.590175151824951,5889601
FWRY.CA,FinTech,2022-01-16 22:00:00,6.590175151824951,6.633425235748291,6.395552158355713,6.579362869262695,6.579362869262695,5324544
FWRY.CA,FinTech,2022-01-17 22:00:00,6.579362869262695,6.617207050323486,6.417177200317383,6.460425853729248,6.460425853729248,5767373
FWRY.CA,FinTech,2022-01-18 22:00:00,6.460425853729248,6.487456798553467,6.2928338050842285,6.314457893371582,6.314457893371582,10646700
FWRY.CA,FinTech,2022-01-19 22:00:00,6.314457893371582,6.309051990509033,5.838712215423584,6.10902214050293,6.10902214050293,23398220
FWRY.CA,FinTech,2022-01-22 22:00:00,6.10902214050293,6.10902214050293,5.952241897583008,5.990086078643799,5.990086078643799,6631909
FWRY.CA,FinTech,2022-01-23 22:00:00,5.990086078643799,6.054959774017334,5.8549299240112305,5.871149063110352,5.871149063110352,6602009
FWRY.CA,FinTech,2022-01-24 22:00:00,5.871149063110352,5.990086078643799,5.730587005615234,5.730587005615234,5.730587005615234,9198620
FWRY.CA,FinTech,2022-01-25 22:00:00,5.730587005615234,5.784648895263672,5.503526210784912,5.552182197570801,5.552182197570801,15156868
FWRY.CA,FinTech,2022-01-29 22:00:00,5.552182197570801,5.644087791442871,5.362965106964111,5.438652038574219,5.438652038574219,2970172
FWRY.CA,FinTech,2022-01-30 22:00:00,5.438652038574219,5.444057941436768,5.081840991973877,5.341340065002441,5.341340065002441,12913587
FWRY.CA,FinTech,2022-01-31 22:00:00,5.341340065002441,5.508932113647461,5.335934162139893,5.36837100982666,5.36837100982666,5362894
FWRY.CA,FinTech,2022-02-01 22:00:00,5.36837100982666,5.676525115966797,5.314309120178223,5.676525115966797,5.676525115966797,9892681
FWRY.CA,FinTech,2022-02-02 22:00:00,5.676525115966797,5.795462131500244,5.6008381843566895,5.622463226318359,5.622463226318359,5952758
FWRY.CA,FinTech,2022-02-05 22:00:00,5.622463226318359,5.676525115966797,5.487308025360107,5.535964012145996,5.535964012145996,3484632
FWRY.CA,FinTech,2022-02-06 22:00:00,5.535964012145996,5.5738067626953125,5.222403049468994,5.222403049468994,5.222403049468994,10870241
FWRY.CA,FinTech,2022-02-07 22:00:00,5.222403049468994,5.314309120178223,5.108872890472412,5.108872890472412,5.108872890472412,8337476
FWRY.CA,FinTech,2022-02-08 22:00:00,5.108872890472412,5.206183910369873,4.887217998504639,4.908843040466309,4.908843040466309,9963704
FWRY.CA,FinTech,2022-02-09 22:00:00,4.908843040466309,4.995341777801514,4.757469177246094,4.919654846191406,4.919654846191406,12497083
FWRY.CA,FinTech,2022-02-12 22:00:00,4.919654846191406,4.946685791015625,4.643938064575195,4.725030899047852,4.725030899047852,4821543
FWRY.CA,FinTech,2022-02-13 22:00:00,4.725030899047852,4.854780197143555,4.579063892364502,4.854780197143555,4.854780197143555,5795348
FWRY.CA,FinTech,2022-02-14 22:00:00,4.854780197143555,5.011560916900635,4.81693696975708,4.952092170715332,4.952092170715332,10986359
FWRY.CA,FinTech,2022-02-15 22:00:00,4.952092170715332,5.049404144287109,4.930467128753662,4.973717212677002,4.973717212677002,5536235
FWRY.CA,FinTech,2022-02-16 22:00:00,4.973717212677002,5.011560916900635,4.898029804229736,4.979123115539551,4.979123115539551,6872207
FWRY.CA,FinTech,2022-02-19 22:00:00,4.979123115539551,4.973717212677002,4.865592956542969,4.876404762268066,4.876404762268066,7257687
FWRY.CA,FinTech,2022-02-20 22:00:00,4.876404762268066,5.081840991973877,4.83856201171875,5.054810047149658,5.054810047149658,7472986
FWRY.CA,FinTech,2022-02-21 22:00:00,5.054810047149658,5.0277791023254395,4.941279888153076,4.984529972076416,4.984529972076416,3234579
FWRY.CA,FinTech,2022-02-22 22:00:00,4.984529972076416,5.130496978759766,4.984529972076416,5.076435089111328,5.076435089111328,5017939
FWRY.CA,FinTech,2022-02-23 22:00:00,5.076435089111328,4.946685791015625,4.6331257820129395,4.83856201171875,4.83856201171875,8929870
FWRY.CA,FinTech,2022-02-26 22:00:00,4.83856201171875,5.022373199462891,4.908843040466309,4.962904930114746,4.962904930114746,2554937
FWRY.CA,FinTech,2022-02-27 22:00:00,4.962904930114746,5.227808952331543,4.919654846191406,5.227808952331543,5.227808952331543,11273384
FWRY.CA,FinTech,2022-02-28 22:00:00,5.227808952331543,5.406214237213135,5.216997146606445,5.341340065002441,5.341340065002441,8784025
FWRY.CA,FinTech,2022-03-01 22:00:00,5.341340065002441,5.38999605178833,5.189966201782227,5.216997146606445,5.216997146606445,2773790
FWRY.CA,FinTech,2022-03-02 22:00:00,5.216997146606445,5.314309120178223,5.135903835296631,5.16293478012085,5.16293478012085,3082827
FWRY.CA,FinTech,2022-03-05 22:00:00,5.16293478012085,5.206183910369873,5.0061540603637695,5.076435089111328,5.076435089111328,3621045
FWRY.CA,FinTech,2022-03-06 22:00:00,5.076435089111328,5.054810047149658,4.849373817443848,4.8926239013671875,4.8926239013671875,5069049
FWRY.CA,FinTech,2022-03-07 22:00:00,4.8926239013671875,4.8926239013671875,4.8926239013671875,4.8926239013671875,4.8926239013671875,0
FWRY.CA,FinTech,2022-03-08 22:00:00,4.811531066894531,4.941279888153076,4.822342872619629,4.833156108856201,4.833156108856201,6298650
FWRY.CA,FinTech,2022-03-09 22:00:00,4.833156108856201,5.054810047149658,4.83856201171875,4.968310832977295,4.968310832977295,5284277
FWRY.CA,FinTech,2022-03-12 22:00:00,4.968310832977295,5.022373199462891,4.849373817443848,4.865592956542969,4.865592956542969,1909613
FWRY.CA,FinTech,2022-03-13 22:00:00,4.865592956542969,4.876404762268066,4.865592956542969,4.876404762268066,4.876404762268066,1914034
FWRY.CA,FinTech,2022-03-14 22:00:00,4.876404762268066,5.076435089111328,4.735844135284424,5.0385918617248535,5.0385918617248535,9397695
FWRY.CA,FinTech,2022-03-15 22:00:00,5.0385918617248535,5.34674596786499,5.0385918617248535,5.30349588394165,5.30349588394165,11335394
FWRY.CA,FinTech,2022-03-16 22:00:00,5.30349588394165,5.362965106964111,5.081840991973877,5.135903835296631,5.135903835296631,11021256
FWRY.CA,FinTech,2022-03-19 22:00:00,5.135903835296631,5.308903217315674,5.114278793334961,5.276464939117432,5.276464939117432,2186422
FWRY.CA,FinTech,2022-03-20 22:00:00,5.276464939117432,5.406214237213135,5.054810047149658,5.146716117858887,5.146716117858887,15627540
FWRY.CA,FinTech,2022-03-21 22:00:00,5.146716117858887,5.865743160247803,5.406214237213135,5.422432899475098,5.422432899475098,61486716
FWRY.CA,FinTech,2022-03-22 22:00:00,5.422432899475098,5.487308025360107,5.271059036254883,5.373776912689209,5.373776912689209,18902659
FWRY.CA,FinTech,2022-03-23 22:00:00,5.373776912689209,5.487308025360107,5.352151870727539,5.352151870727539,5.352151870727539,24669209
FWRY.CA,FinTech,2022-03-26 22:00:00,5.352151870727539,5.38999605178833,5.227808952331543,5.271059036254883,5.271059036254883,7524342
FWRY.CA,FinTech,2022-03-27 22:00:00,5.271059036254883,5.3197150230407715,5.054810047149658,5.146716117858887,5.146716117858887,6532261
FWRY.CA,FinTech,2022-03-28 22:00:00,5.146716117858887,5.460277080535889,5.081840991973877,5.422432899475098,5.422432899475098,14835623
FWRY.CA,FinTech,2022-03-29 22:00:00,5.422432899475098,5.584619045257568,5.298089981079102,5.314309120178223,5.314309120178223,9017793
FWRY.CA,FinTech,2022-03-30 22:00:00,5.314309120178223,5.454870223999023,5.298089981079102,5.357557773590088,5.357557773590088,5252449
FWRY.CA,FinTech,2022-04-02 22:00:00,5.357557773590088,5.460277080535889,5.298089981079102,5.32512092590332,5.32512092590332,6203871
FWRY.CA,FinTech,2022-04-03 22:00:00,5.32512092590332,5.352151870727539,5.1737470626831055,5.206183910369873,5.206183910369873,6676658
FWRY.CA,FinTech,2022-04-04 22:00:00,5.2129998207092285,5.590000152587891,5.099999904632568,5.440000057220459,5.440000057220459,4410929
FWRY.CA,FinTech,2022-04-05 22:00:00,5.440000057220459,5.590000152587891,5.329999923706055,5.380000114440918,5.380000114440918,2210215
FWRY.CA,FinTech,2022-04-06 22:00:00,5.380000114440918,5.400000095367432,5.0,5.059999942779541,5.059999942779541,10629687
FWRY.CA,FinTech,2022-04-09 22:00:00,5.059999942779541,5.090000152587891,4.400000095367432,4.699999809265137,4.699999809265137,8648999
FWRY.CA,FinTech,2022-04-10 22:00:00,4.699999809265137,4.78000020980835,4.550000190734863,4.710000038146973,4.710000038146973,5466046
FWRY.CA,FinTech,2022-04-11 22:00:00,4.710000038146973,5.070000171661377,4.599999904632568,4.940000057220459,4.940000057220459,8745725
FWRY.CA,FinTech,2022-04-12 22:00:00,4.940000057220459,5.039999961853027,4.710000038146973,4.75,4.75,3578052
FWRY.CA,FinTech,2022-04-13 22:00:00,4.75,4.909999847412109,4.599999904632568,4.880000114440918,4.880000114440918,4188050
FWRY.CA,FinTech,2022-04-16 22:00:00,4.880000114440918,5.0,4.739999771118164,4.78000020980835,4.78000020980835,4366468
FWRY.CA,FinTech,2022-04-17 22:00:00,4.78000020980835,4.860000133514404,4.730000019073486,4.840000152587891,4.840000152587891,2696955
FWRY.CA,FinTech,2022-04-18 22:00:00,4.840000152587891,4.949999809265137,4.820000171661377,4.929999828338623,4.929999828338623,2090268
FWRY.CA,FinTech,2022-04-19 22:00:00,4.929999828338623,5.0,4.829999923706055,4.829999923706055,4.829999923706055,2654612
FWRY.CA,FinTech,2022-04-20 22:00:00,4.829999923706055,4.960000038146973,4.829999923706055,4.880000114440918,4.880000114440918,16256843
FWRY.CA,FinTech,2022-04-25 22:00:00,4.880000114440918,4.920000076293945,4.5,4.550000190734863,4.550000190734863,12647495
FWRY.CA,FinTech,2022-04-26 22:00:00,4.550000190734863,4.639999866485596,4.449999809265137,4.570000171661377,4.570000171661377,6500236
FWRY.CA,FinTech,2022-04-27 22:00:00,4.570000171661377,4.659999847412109,4.559999942779541,4.619999885559082,4.619999885559082,10700505
FWRY.CA,FinTech,2022-05-07 22:00:00,4.619999885559082,4.940000057220459,4.550000190734863,4.920000076293945,4.920000076293945,13979883
FWRY.CA,FinTech,2022-05-08 22:00:00,4.920000076293945,4.960000038146973,4.78000020980835,4.840000152587891,4.840000152587891,8408472
FWRY.CA,FinTech,2022-05-09 22:00:00,4.840000152587891,4.840000152587891,4.679999828338623,4.710000038146973,4.710000038146973,3112008
FWRY.CA,FinTech,2022-05-10 22:00:00,4.710000038146973,4.949999809265137,4.71999979019165,4.820000171661377,4.820000171661377,6227970
FWRY.CA,FinTech,2022-05-11 22:00:00,4.820000171661377,4.920000076293945,4.739999771118164,4.849999904632568,4.849999904632568,7129564
FWRY.CA,FinTech,2022-05-14 22:00:00,4.849999904632568,4.820000171661377,4.670000076293945,4.710000038146973,4.710000038146973,2297204
FWRY.CA,FinTech,2022-05-15 22:00:00,4.710000038146973,4.730000019073486,4.619999885559082,4.630000114440918,4.630000114440918,1987006
FWRY.CA,FinTech,2022-05-16 22:00:00,4.630000114440918,4.71999979019165,4.519999980926514,4.550000190734863,4.550000190734863,5658063
FWRY.CA,FinTech,2022-05-17 22:00:00,4.550000190734863,4.590000152587891,4.440000057220459,4.46999979019165,4.46999979019165,4148537
FWRY.CA,FinTech,2022-05-18 22:00:00,4.46999979019165,4.46999979019165,4.300000190734863,4.400000095367432,4.400000095367432,7568756
FWRY.CA,FinTech,2022-05-21 22:00:00,4.400000095367432,4.480000019073486,4.329999923706055,4.349999904632568,4.349999904632568,1587182
FWRY.CA,FinTech,2022-05-22 22:00:00,4.349999904632568,4.400000095367432,4.179999828338623,4.25,4.25,5102418
FWRY.CA,FinTech,2022-05-23 22:00:00,4.25,4.300000190734863,4.099999904632568,4.099999904632568,4.099999904632568,6647011
FWRY.CA,FinTech,2022-05-24 22:00:00,4.099999904632568,4.230000019073486,4.0,4.0,4.0,12396104
FWRY.CA,FinTech,2022-05-25 22:00:00,4.0,4.079999923706055,3.9100000858306885,4.0,4.0,4126201
FWRY.CA,FinTech,2022-05-28 22:00:00,4.0,4.059999942779541,3.940000057220459,4.03000020980835,4.03000020980835,1241335
FWRY.CA,FinTech,2022-05-29 22:00:00,4.03000020980835,4.159999847412109,4.0,4.050000190734863,4.050000190734863,2854085
FWRY.CA,FinTech,2022-05-30 22:00:00,4.050000190734863,4.110000133514404,3.9800000190734863,4.099999904632568,4.099999904632568,34656125
FWRY.CA,FinTech,2022-05-31 22:00:00,4.099999904632568,4.21999979019165,4.050000190734863,4.050000190734863,4.050000190734863,4441145
FWRY.CA,FinTech,2022-06-01 22:00:00,4.050000190734863,4.130000114440918,4.019999980926514,4.059999942779541,4.059999942779541,1503464
FWRY.CA,FinTech,2022-06-04 22:00:00,4.059999942779541,4.059999942779541,4.059999942779541,4.059999942779541,4.059999942779541,0
FWRY.CA,FinTech,2022-06-05 22:00:00,4.090000152587891,4.159999847412109,4.050000190734863,4.059999942779541,4.059999942779541,2579730
FWRY.CA,FinTech,2022-06-06 22:00:00,4.059999942779541,4.110000133514404,4.059999942779541,4.090000152587891,4.090000152587891,2431512
FWRY.CA,FinTech,2022-06-07 22:00:00,4.090000152587891,4.309999942779541,4.090000152587891,4.300000190734863,4.300000190734863,12430406
FWRY.CA,FinTech,2022-06-08 22:00:00,4.300000190734863,4.340000152587891,4.210000038146973,4.239999771118164,4.239999771118164,1975202
FWRY.CA,FinTech,2022-06-11 22:00:00,4.239999771118164,4.269999980926514,4.150000095367432,4.25,4.25,1561139
FWRY.CA,FinTech,2022-06-12 22:00:00,4.25,4.269999980926514,4.199999809265137,4.210000038146973,4.210000038146973,3768438
FWRY.CA,FinTech,2022-06-13 22:00:00,4.210000038146973,4.230000019073486,4.130000114440918,4.139999866485596,4.139999866485596,6132639
FWRY.CA,FinTech,2022-06-14 22:00:00,4.139999866485596,4.21999979019165,4.139999866485596,4.190000057220459,4.190000057220459,2410858
FWRY.CA,FinTech,2022-06-15 22:00:00,4.190000057220459,4.260000228881836,4.150000095367432,4.25,4.25,46096521
FWRY.CA,FinTech,2022-06-18 22:00:00,4.25,4.25,4.139999866485596,4.150000095367432,4.150000095367432,570829
FWRY.CA,FinTech,2022-06-19 22:00:00,4.150000095367432,4.199999809265137,4.010000228881836,4.03000020980835,4.03000020980835,2503586
FWRY.CA,FinTech,2022-06-20 22:00:00,4.03000020980835,4.099999904632568,4.0,4.010000228881836,4.010000228881836,5295858
FWRY.CA,FinTech,2022-06-21 22:00:00,4.010000228881836,4.059999942779541,3.9800000190734863,4.0,4.0,4123252
FWRY.CA,FinTech,2022-06-22 22:00:00,4.0,4.019999980926514,3.9200000762939453,3.930000066757202,3.930000066757202,3357641
FWRY.CA,FinTech,2022-06-25 22:00:00,3.930000066757202,4.03000020980835,3.809999942779541,3.8399999141693115,3.8399999141693115,4056447
FWRY.CA,FinTech,2022-06-26 22:00:00,3.8399999141693115,3.8399999141693115,3.4700000286102295,3.4700000286102295,3.4700000286102295,24829887
FWRY.CA,FinTech,2022-06-27 22:00:00,3.4700000286102295,3.549999952316284,3.4100000858306885,3.5,3.5,5947777
FWRY.CA,FinTech,2022-06-28 22:00:00,3.5,3.609999895095825,3.5,3.549999952316284,3.549999952316284,8199526
FWRY.CA,FinTech,2022-07-02 22:00:00,3.549999952316284,3.569999933242798,3.3499999046325684,3.390000104904175,3.390000104904175,6672343
FWRY.CA,FinTech,2022-07-03 22:00:00,3.390000104904175,3.4000000953674316,3.1700000762939453,3.200000047683716,3.200000047683716,7185580
FWRY.CA,FinTech,2022-07-04 22:00:00,3.200000047683716,3.2300000190734863,2.950000047683716,2.950000047683716,2.950000047683716,10357844
FWRY.CA,FinTech,2022-07-05 22:00:00,2.950000047683716,3.0199999809265137,2.7699999809265137,2.859999895095825,2.859999895095825,13984926
FWRY.CA,FinTech,2022-07-06 22:00:00,2.859999895095825,3.0,2.880000114440918,2.9000000953674316,2.9000000953674316,7278343
FWRY.CA,FinTech,2022-07-16 22:00:00,2.9000000953674316,2.9200000762939453,2.819999933242798,2.8399999141693115,2.8399999141693115,3408262
FWRY.CA,FinTech,2022-07-17 22:00:00,2.8399999141693115,2.930000066757202,2.8499999046325684,2.880000114440918,2.880000114440918,15412616
FWRY.CA,FinTech,2022-07-18 22:00:00,2.880000114440918,2.9100000858306885,2.8499999046325684,2.880000114440918,2.880000114440918,8756246
FWRY.CA,FinTech,2022-07-19 22:00:00,2.880000114440918,3.0899999141693115,2.9000000953674316,3.059999942779541,3.059999942779541,28073650
FWRY.CA,FinTech,2022-07-20 22:00:00,3.059999942779541,3.180000066757202,3.0799999237060547,3.140000104904175,3.140000104904175,15476857
FWRY.CA,FinTech,2022-07-23 22:00:00,3.140000104904175,3.2799999713897705,3.0999999046325684,3.259999990463257,3.259999990463257,16671115
FWRY.CA,FinTech,2022-07-24 22:00:00,3.259999990463257,3.309999942779541,3.2100000381469727,3.2300000190734863,3.2300000190734863,8561932
FWRY.CA,FinTech,2022-07-25 22:00:00,3.2300000190734863,3.369999885559082,3.200000047683716,3.240000009536743,3.240000009536743,22286052
FWRY.CA,FinTech,2022-07-26 22:00:00,3.240000009536743,3.2699999809265137,3.0899999141693115,3.109999895095825,3.109999895095825,17381275
FWRY.CA,FinTech,2022-07-27 22:00:00,3.109999895095825,3.1500000953674316,3.0999999046325684,3.130000114440918,3.130000114440918,6903579
FWRY.CA,FinTech,2022-07-30 22:00:00,3.130000114440918,3.2200000286102295,3.140000104904175,3.180000066757202,3.180000066757202,16760476
FWRY.CA,FinTech,2022-07-31 22:00:00,3.180000066757202,3.240000009536743,3.0999999046325684,3.0999999046325684,3.0999999046325684,13412234
FWRY.CA,FinTech,2022-08-01 22:00:00,3.0999999046325684,3.1500000953674316,3.069999933242798,3.1500000953674316,3.1500000953674316,12239388
FWRY.CA,FinTech,2022-08-02 22:00:00,3.1500000953674316,3.2899999618530273,3.1700000762939453,3.2799999713897705,3.2799999713897705,24146285
FWRY.CA,FinTech,2022-08-03 22:00:00,3.2799999713897705,3.930000066757202,3.2699999809265137,3.890000104904175,3.890000104904175,54453518
FWRY.CA,FinTech,2022-08-06 22:00:00,3.890000104904175,4.179999828338623,3.9200000762939453,4.0,4.0,27446244
FWRY.CA,FinTech,2022-08-07 22:00:00,4.0,4.019999980926514,3.819999933242798,3.8299999237060547,3.8299999237060547,21526284
FWRY.CA,FinTech,2022-08-08 22:00:00,3.8299999237060547,4.039999961853027,3.859999895095825,3.9000000953674316,3.9000000953674316,15864610
FWRY.CA,FinTech,2022-08-09 22:00:00,3.9000000953674316,4.010000228881836,3.799999952316284,3.8399999141693115,3.8399999141693115,16131875
FWRY.CA,FinTech,2022-08-10 22:00:00,3.8399999141693115,3.9700000286102295,3.7799999713897705,3.9000000953674316,3.9000000953674316,13981691
FWRY.CA,FinTech,2022-08-13 22:00:00,3.9000000953674316,4.059999942779541,3.9000000953674316,3.9100000858306885,3.9100000858306885,13250757
FWRY.CA,FinTech,2022-08-14 22:00:00,3.9100000858306885,3.950000047683716,3.8399999141693115,3.9000000953674316,3.9000000953674316,7409882
FWRY.CA,FinTech,2022-08-15 22:00:00,3.9000000953674316,3.940000057220459,3.680000066757202,3.7200000286102295,3.7200000286102295,15601661
FWRY.CA,FinTech,2022-08-16 22:00:00,3.7200000286102295,3.880000114440918,3.680000066757202,3.8299999237060547,3.8299999237060547,10938951
FWRY.CA,FinTech,2022-08-17 22:00:00,3.8299999237060547,3.8299999237060547,3.8299999237060547,3.8299999237060547,3.8299999237060547,0
FWRY.CA,FinTech,2022-08-20 22:00:00,3.799999952316284,3.990000009536743,3.8299999237060547,3.9100000858306885,3.9100000858306885,17133984
FWRY.CA,FinTech,2022-08-21 22:00:00,3.9100000858306885,3.9700000286102295,3.809999942779541,3.819999933242798,3.819999933242798,19191147
FWRY.CA,FinTech,2022-08-22 22:00:00,3.819999933242798,3.819999933242798,3.819999933242798,3.819999933242798,3.819999933242798,0
FWRY.CA,FinTech,2022-08-23 22:00:00,3.690000057220459,3.759999990463257,3.569999933242798,3.630000114440918,3.630000114440918,13347553
FWRY.CA,FinTech,2022-08-24 22:00:00,3.630000114440918,3.8299999237060547,3.6500000953674316,3.7899999618530273,3.7899999618530273,16904353
FWRY.CA,FinTech,2022-08-27 22:00:00,3.7899999618530273,3.819999933242798,3.7200000286102295,3.7300000190734863,3.7300000190734863,8902125
FWRY.CA,FinTech,2022-08-28 22:00:00,3.7300000190734863,3.7799999713897705,3.6500000953674316,3.6700000762939453,3.6700000762939453,6791362
FWRY.CA,FinTech,2022-08-29 22:00:00,3.6700000762939453,3.7899999618530273,3.6600000858306885,3.7300000190734863,3.7300000190734863,6456569
FWRY.CA,FinTech,2022-08-30 22:00:00,3.7300000190734863,3.809999942779541,3.6600000858306885,3.6600000858306885,3.6600000858306885,12122115
FWRY.CA,FinTech,2022-08-31 22:00:00,3.6600000858306885,3.700000047683716,3.5799999237060547,3.630000114440918,3.630000114440918,8480966
FWRY.CA,FinTech,2022-09-03 22:00:00,3.630000114440918,3.700000047683716,3.549999952316284,3.690000057220459,3.690000057220459,5218183
FWRY.CA,FinTech,2022-09-04 22:00:00,3.690000057220459,3.809999942779541,3.6600000858306885,3.809999942779541,3.809999942779541,10340518
FWRY.CA,FinTech,2022-09-05 22:00:00,3.809999942779541,4.099999904632568,3.880000114440918,4.099999904632568,4.099999904632568,46597513
FWRY.CA,FinTech,2022-09-06 22:00:00,4.099999904632568,4.159999847412109,3.9800000190734863,4.0,4.0,21476909
FWRY.CA,FinTech,2022-09-07 22:00:00,4.0,4.150000095367432,3.9700000286102295,4.070000171661377,4.070000171661377,20566413
FWRY.CA,FinTech,2022-09-10 22:00:00,4.070000171661377,4.139999866485596,4.03000020980835,4.039999961853027,4.039999961853027,6369405
FWRY.CA,FinTech,2022-09-11 22:00:00,4.039999961853027,4.260000228881836,4.059999942779541,4.179999828338623,4.179999828338623,29828547
FWRY.CA,FinTech,2022-09-12 22:00:00,4.179999828338623,4.289999961853027,4.179999828338623,4.239999771118164,4.239999771118164,25167744
FWRY.CA,FinTech,2022-09-13 22:00:00,4.239999771118164,4.159999847412109,4.010000228881836,4.010000228881836,4.010000228881836,19326852
FWRY.CA,FinTech,2022-09-14 22:00:00,4.010000228881836,4.079999923706055,3.940000057220459,3.9600000381469727,3.9600000381469727,21005969
FWRY.CA,FinTech,2022-09-17 22:00:00,3.9600000381469727,3.990000009536743,3.490000009536743,3.5999999046325684,3.5999999046325684,19148621
FWRY.CA,FinTech,2022-09-18 22:00:00,3.5999999046325684,3.759999990463257,3.509999990463257,3.700000047683716,3.700000047683716,7849422
FWRY.CA,FinTech,2022-09-19 22:00:00,3.700000047683716,3.930000066757202,3.6500000953674316,3.930000066757202,3.930000066757202,15347742
FWRY.CA,FinTech,2022-09-20 22:00:00,3.930000066757202,3.940000057220459,3.690000057220459,3.690000057220459,3.690000057220459,18917408
FWRY.CA,FinTech,2022-09-21 22:00:00,3.690000057220459,3.7799999713897705,3.6600000858306885,3.700000047683716,3.700000047683716,4689310
FWRY.CA,FinTech,2022-09-24 22:00:00,3.700000047683716,3.700000047683716,3.5999999046325684,3.640000104904175,3.640000104904175,5258992
FWRY.CA,FinTech,2022-09-25 22:00:00,3.640000104904175,3.740000009536743,3.630000114440918,3.6500000953674316,3.6500000953674316,6637790
FWRY.CA,FinTech,2022-09-26 22:00:00,3.6500000953674316,3.740000009536743,3.640000104904175,3.6500000953674316,3.6500000953674316,9483162
FWRY.CA,FinTech,2022-09-27 22:00:00,3.6500000953674316,3.680000066757202,3.559999942779541,3.569999933242798,3.569999933242798,5348979
FWRY.CA,FinTech,2022-09-28 22:00:00,3.569999933242798,3.6600000858306885,3.5799999237060547,3.5999999046325684,3.5999999046325684,4090497
FWRY.CA,FinTech,2022-10-01 22:00:00,3.5999999046325684,3.619999885559082,3.440000057220459,3.490000009536743,3.490000009536743,4494792
FWRY.CA,FinTech,2022-10-02 22:00:00,3.490000009536743,3.549999952316284,3.4200000762939453,3.5,3.5,2341372
FWRY.CA,FinTech,2022-10-03 22:00:00,3.5,3.7100000381469727,3.5799999237060547,3.6700000762939453,3.6700000762939453,11208305
FWRY.CA,FinTech,2022-10-04 22:00:00,3.6700000762939453,3.740000009536743,3.630000114440918,3.640000104904175,3.640000104904175,4187310
FWRY.CA,FinTech,2022-10-08 22:00:00,3.640000104904175,3.6500000953674316,3.5299999713897705,3.549999952316284,3.549999952316284,3273775
FWRY.CA,FinTech,2022-10-09 22:00:00,3.549999952316284,3.5899999141693115,3.5199999809265137,3.5399999618530273,3.5399999618530273,2379345
FWRY.CA,FinTech,2022-10-10 22:00:00,3.5399999618530273,3.569999933242798,3.4100000858306885,3.440000057220459,3.440000057220459,5841326
FWRY.CA,FinTech,2022-10-11 22:00:00,3.440000057220459,3.4700000286102295,3.25,3.2899999618530273,3.2899999618530273,12156368
FWRY.CA,FinTech,2022-10-12 22:00:00,3.2899999618530273,3.3399999141693115,3.2100000381469727,3.2899999618530273,3.2899999618530273,7912928
FWRY.CA,FinTech,2022-10-15 22:00:00,3.2899999618530273,3.4200000762939453,3.309999942779541,3.4000000953674316,3.4000000953674316,8765029
FWRY.CA,FinTech,2022-10-16 22:00:00,3.4000000953674316,3.490000009536743,3.4000000953674316,3.440000057220459,3.440000057220459,11741097
FWRY.CA,FinTech,2022-10-17 22:00:00,3.440000057220459,3.5,3.4100000858306885,3.430000066757202,3.430000066757202,8139684
FWRY.CA,FinTech,2022-10-18 22:00:00,3.430000066757202,3.4700000286102295,3.390000104904175,3.4100000858306885,3.4100000858306885,4602147
FWRY.CA,FinTech,2022-10-19 22:00:00,3.4100000858306885,3.619999885559082,3.4000000953674316,3.5999999046325684,3.5999999046325684,17591685
FWRY.CA,FinTech,2022-10-22 22:00:00,3.5999999046325684,3.7100000381469727,3.640000104904175,3.6600000858306885,3.6600000858306885,15103689
FWRY.CA,FinTech,2022-10-23 22:00:00,3.6600000858306885,3.700000047683716,3.5999999046325684,3.619999885559082,3.619999885559082,11918799
FWRY.CA,FinTech,2022-10-24 22:00:00,3.619999885559082,3.6500000953674316,3.5399999618530273,3.5999999046325684,3.5999999046325684,3899990
FWRY.CA,FinTech,2022-10-25 22:00:00,3.5999999046325684,3.5999999046325684,3.5999999046325684,3.5999999046325684,3.5999999046325684,0
FWRY.CA,FinTech,2022-10-26 22:00:00,3.6700000762939453,3.930000066757202,3.7200000286102295,3.809999942779541,3.809999942779541,28371625
FWRY.CA,FinTech,2022-10-29 22:00:00,3.809999942779541,4.0,3.819999933242798,3.8499999046325684,3.8499999046325684,13772307
FWRY.CA,FinTech,2022-10-30 22:00:00,3.8499999046325684,3.990000009536743,3.7899999618530273,3.930000066757202,3.930000066757202,9547493
FWRY.CA,FinTech,2022-10-31 22:00:00,3.930000066757202,4.070000171661377,3.950000047683716,3.9800000190734863,3.9800000190734863,12693607
FWRY.CA,FinTech,2022-11-01 22:00:00,3.9800000190734863,4.010000228881836,3.799999952316284,3.799999952316284,3.799999952316284,9475869
FWRY.CA,FinTech,2022-11-02 22:00:00,3.799999952316284,3.8399999141693115,3.740000009536743,3.75,3.75,4951969
FWRY.CA,FinTech,2022-11-05 22:00:00,3.75,3.799999952316284,3.6600000858306885,3.690000057220459,3.690000057220459,3374252
FWRY.CA,FinTech,2022-11-06 22:00:00,3.690000057220459,3.759999990463257,3.690000057220459,3.7100000381469727,3.7100000381469727,4096463
FWRY.CA,FinTech,2022-11-07 22:00:00,3.7100000381469727,3.7899999618530273,3.619999885559082,3.630000114440918,3.630000114440918,5422771
FWRY.CA,FinTech,2022-11-08 22:00:00,3.630000114440918,3.680000066757202,3.5799999237060547,3.609999895095825,3.609999895095825,5271370
FWRY.CA,FinTech,2022-11-09 22:00:00,3.609999895095825,3.8299999237060547,3.6500000953674316,3.7699999809265137,3.7699999809265137,11744899
FWRY.CA,FinTech,2022-11-12 22:00:00,3.7699999809265137,4.03000020980835,3.8299999237060547,3.9600000381469727,3.9600000381469727,26567979
FWRY.CA,FinTech,2022-11-13 22:00:00,3.9600000381469727,4.25,3.9700000286102295,4.21999979019165,4.21999979019165,38615821
FWRY.CA,FinTech,2022-11-14 22:00:00,4.21999979019165,4.260000228881836,4.070000171661377,4.110000133514404,4.110000133514404,18187825
FWRY.CA,FinTech,2022-11-15 22:00:00,4.110000133514404,4.46999979019165,4.110000133514404,4.429999828338623,4.429999828338623,27275538
FWRY.CA,FinTech,2022-11-16 22:00:00,4.429999828338623,4.519999980926514,4.369999885559082,4.369999885559082,4.369999885559082,9696879
FWRY.CA,FinTech,2022-11-19 22:00:00,4.369999885559082,4.489999771118164,4.340000152587891,4.380000114440918,4.380000114440918,7717305
FWRY.CA,FinTech,2022-11-20 22:00:00,4.380000114440918,4.440000057220459,4.239999771118164,4.260000228881836,4.260000228881836,11935366
FWRY.CA,FinTech,2022-11-21 22:00:00,4.260000228881836,4.46999979019165,4.239999771118164,4.449999809265137,4.449999809265137,8584763
FWRY.CA,FinTech,2022-11-22 22:00:00,4.449999809265137,4.860000133514404,4.460000038146973,4.739999771118164,4.739999771118164,25514748
FWRY.CA,FinTech,2022-11-23 22:00:00,4.739999771118164,4.860000133514404,4.71999979019165,4.860000133514404,4.860000133514404,11629698
FWRY.CA,FinTech,2022-11-26 22:00:00,4.860000133514404,4.960000038146973,4.820000171661377,4.820000171661377,4.820000171661377,7691165
FWRY.CA,FinTech,2022-11-27 22:00:00,4.820000171661377,4.900000095367432,4.699999809265137,4.739999771118164,4.739999771118164,5185884
FWRY.CA,FinTech,2022-11-28 22:00:00,4.739999771118164,4.889999866485596,4.71999979019165,4.800000190734863,4.800000190734863,7583998
FWRY.CA,FinTech,2022-11-29 22:00:00,4.800000190734863,4.860000133514404,4.679999828338623,4.849999904632568,4.849999904632568,7137983
FWRY.CA,FinTech,2022-11-30 22:00:00,4.849999904632568,4.980000019073486,4.789999961853027,4.860000133514404,4.860000133514404,14163644
FWRY.CA,FinTech,2022-12-03 22:00:00,4.860000133514404,5.28000020980835,4.889999866485596,5.28000020980835,5.28000020980835,25967520
FWRY.CA,FinTech,2022-12-04 22:00:00,5.28000020980835,5.400000095367432,5.139999866485596,5.199999809265137,5.199999809265137,22124374
FWRY.CA,FinTech,2022-12-05 22:00:00,5.199999809265137,5.440000057220459,5.050000190734863,5.320000171661377,5.320000171661377,30314456
FWRY.CA,FinTech,2022-12-06 22:00:00,5.320000171661377,5.480000019073486,5.21999979019165,5.230000019073486,5.230000019073486,29937929
FWRY.CA,FinTech,2022-12-07 22:00:00,5.230000019073486,5.300000190734863,5.099999904632568,5.110000133514404,5.110000133514404,29742469
FWRY.CA,FinTech,2022-12-10 22:00:00,5.110000133514404,5.300000190734863,5.070000171661377,5.099999904632568,5.099999904632568,18363503
FWRY.CA,FinTech,2022-12-11 22:00:00,5.099999904632568,5.139999866485596,4.829999923706055,5.139999866485596,5.139999866485596,30121757
FWRY.CA,FinTech,2022-12-12 22:00:00,5.139999866485596,5.570000171661377,5.25,5.460000038146973,5.460000038146973,53610732
FWRY.CA,FinTech,2022-12-13 22:00:00,5.460000038146973,5.679999828338623,5.349999904632568,5.46999979019165,5.46999979019165,42513923
FWRY.CA,FinTech,2022-12-14 22:00:00,5.46999979019165,5.650000095367432,5.360000133514404,5.380000114440918,5.380000114440918,27349124
FWRY.CA,FinTech,2022-12-17 22:00:00,5.380000114440918,5.420000076293945,5.179999828338623,5.179999828338623,5.179999828338623,19349237
FWRY.CA,FinTech,2022-12-18 22:00:00,5.179999828338623,5.28000020980835,5.099999904632568,5.25,5.25,21001199
FWRY.CA,FinTech,2022-12-19 22:00:00,5.25,5.420000076293945,5.179999828338623,5.179999828338623,5.179999828338623,15783394
FWRY.CA,FinTech,2022-12-20 22:00:00,5.179999828338623,5.230000019073486,5.090000152587891,5.139999866485596,5.139999866485596,14890734
FWRY.CA,FinTech,2022-12-21 22:00:00,5.139999866485596,5.260000228881836,5.050000190734863,5.079999923706055,5.079999923706055,13285183
FWRY.CA,FinTech,2022-12-24 22:00:00,5.079999923706055,5.130000114440918,4.909999847412109,4.949999809265137,4.949999809265137,11681848
FWRY.CA,FinTech,2022-12-25 22:00:00,4.949999809265137,5.159999847412109,4.96999979019165,5.159999847412109,5.159999847412109,11952744
FWRY.CA,FinTech,2022-12-26 22:00:00,5.159999847412109,5.239999771118164,5.110000133514404,5.139999866485596,5.139999866485596,17153919
FWRY.CA,FinTech,2022-12-27 22:00:00,5.139999866485596,5.25,5.119999885559082,5.21999979019165,5.21999979019165,15411814
FWRY.CA,FinTech,2022-12-28 22:00:00,5.21999979019165,5.329999923706055,5.230000019073486,5.239999771118164,5.239999771118164,16050651
FWRY.CA,FinTech,2023-01-01 22:00:00,5.239999771118164,5.360000133514404,5.21999979019165,5.360000133514404,5.360000133514404,13089663
FWRY.CA,FinTech,2023-01-02 22:00:00,5.360000133514404,5.550000190734863,5.420000076293945,5.440000057220459,5.440000057220459,31362145
FWRY.CA,FinTech,2023-01-03 22:00:00,5.440000057220459,5.590000152587891,5.159999847412109,5.46999979019165,5.46999979019165,34382044
FWRY.CA,FinTech,2023-01-04 22:00:00,5.46999979019165,5.960000038146973,5.559999942779541,5.909999847412109,5.909999847412109,65966998
FWRY.CA,FinTech,2023-01-08 22:00:00,5.909999847412109,6.139999866485596,5.880000114440918,5.900000095367432,5.900000095367432,38015610
FWRY.CA,FinTech,2023-01-09 22:00:00,5.900000095367432,5.96999979019165,5.670000076293945,5.670000076293945,5.670000076293945,35135329
FWRY.CA,FinTech,2023-01-10 22:00:00,5.670000076293945,6.090000152587891,5.639999866485596,5.639999866485596,5.639999866485596,41108639
FWRY.CA,FinTech,2023-01-11 22:00:00,5.639999866485596,5.929999828338623,5.570000171661377,5.760000228881836,5.760000228881836,23986024
FWRY.CA,FinTech,2023-01-14 22:00:00,5.760000228881836,5.940000057220459,5.760000228881836,5.789999961853027,5.789999961853027,13934369
FWRY.CA,FinTech,2023-01-15 22:00:00,5.789999961853027,6.300000190734863,5.820000171661377,6.300000190734863,6.300000190734863,41314156
FWRY.CA,FinTech,2023-01-16 22:00:00,6.300000190734863,6.369999885559082,6.25,6.289999961853027,6.289999961853027,26971901
FWRY.CA,FinTech,2023-01-17 22:00:00,6.289999961853027,6.599999904632568,6.210000038146973,6.440000057220459,6.440000057220459,41318071
FWRY.CA,FinTech,2023-01-18 22:00:00,6.440000057220459,6.559999942779541,6.349999904632568,6.369999885559082,6.369999885559082,16267633
FWRY.CA,FinTech,2023-01-21 22:00:00,6.369999885559082,6.650000095367432,6.400000095367432,6.650000095367432,6.650000095367432,18283915
FWRY.CA,FinTech,2023-01-22 22:00:00,6.650000095367432,6.71999979019165,6.550000190734863,6.599999904632568,6.599999904632568,22950344
FWRY.CA,FinTech,2023-01-23 22:00:00,6.599999904632568,6.659999847412109,6.480000019073486,6.550000190734863,6.550000190734863,16636466
FWRY.CA,FinTech,2023-01-24 22:00:00,6.550000190734863,6.78000020980835,6.570000171661377,6.650000095367432,6.650000095367432,14428854
FWRY.CA,FinTech,2023-01-28 22:00:00,6.650000095367432,6.78000020980835,6.679999828338623,6.710000038146973,6.710000038146973,9659074
FWRY.CA,FinTech,2023-01-29 22:00:00,6.710000038146973,6.920000076293945,6.429999828338623,6.619999885559082,6.619999885559082,22349075
FWRY.CA,FinTech,2023-01-30 22:00:00,6.619999885559082,6.690000057220459,6.260000228881836,6.260000228881836,6.260000228881836,14299654
FWRY.CA,FinTech,2023-01-31 22:00:00,6.260000228881836,6.440000057220459,6.21999979019165,6.329999923706055,6.329999923706055,8118184
FWRY.CA,FinTech,2023-02-01 22:00:00,6.329999923706055,6.460000038146973,6.099999904632568,6.099999904632568,6.099999904632568,9948484
FWRY.CA,FinTech,2023-02-04 22:00:00,6.099999904632568,6.190000057220459,5.75,6.070000171661377,6.070000171661377,13163316
FWRY.CA,FinTech,2023-02-05 22:00:00,6.070000171661377,6.309999942779541,6.079999923706055,6.210000038146973,6.210000038146973,11492194
FWRY.CA,FinTech,2023-02-06 22:00:00,6.210000038146973,6.349999904632568,6.230000019073486,6.239999771118164,6.239999771118164,12210388
FWRY.CA,FinTech,2023-02-07 22:00:00,6.239999771118164,6.320000171661377,6.139999866485596,6.170000076293945,6.170000076293945,11257387
FWRY.CA,FinTech,2023-02-08 22:00:00,6.170000076293945,6.329999923706055,6.170000076293945,6.300000190734863,6.300000190734863,12466437
FWRY.CA,FinTech,2023-02-11 22:00:00,6.300000190734863,6.46999979019165,6.21999979019165,6.340000152587891,6.340000152587891,10846435
FWRY.CA,FinTech,2023-02-12 22:00:00,6.340000152587891,6.409999847412109,6.170000076293945,6.190000057220459,6.190000057220459,10710696
FWRY.CA,FinTech,2023-02-13 22:00:00,6.190000057220459,6.369999885559082,6.210000038146973,6.349999904632568,6.349999904632568,12380088
FWRY.CA,FinTech,2023-02-14 22:00:00,6.349999904632568,6.639999866485596,6.349999904632568,6.550000190734863,6.550000190734863,26515863
FWRY.CA,FinTech,2023-02-15 22:00:00,6.550000190734863,6.659999847412109,6.449999809265137,6.480000019073486,6.480000019073486,16218687
FWRY.CA,FinTech,2023-02-18 22:00:00,6.480000019073486,6.550000190734863,6.28000020980835,6.28000020980835,6.28000020980835,8717812
FWRY.CA,FinTech,2023-02-19 22:00:00,6.28000020980835,6.340000152587891,5.949999809265137,5.980000019073486,5.980000019073486,10893146
FWRY.CA,FinTech,2023-02-20 22:00:00,5.980000019073486,6.139999866485596,5.900000095367432,6.099999904632568,6.099999904632568,10078117
FWRY.CA,FinTech,2023-02-21 22:00:00,6.099999904632568,6.150000095367432,5.800000190734863,5.949999809265137,5.949999809265137,15728773
FWRY.CA,FinTech,2023-02-22 22:00:00,5.949999809265137,5.960000038146973,5.71999979019165,5.889999866485596,5.889999866485596,18741910
FWRY.CA,FinTech,2023-02-25 22:00:00,5.889999866485596,5.949999809265137,5.840000152587891,5.860000133514404,5.860000133514404,8803082
FWRY.CA,FinTech,2023-02-26 22:00:00,5.860000133514404,6.0,5.829999923706055,5.829999923706055,5.829999923706055,10332745
FWRY.CA,FinTech,2023-02-27 22:00:00,5.829999923706055,5.880000114440918,5.619999885559082,5.78000020980835,5.78000020980835,22378510
FWRY.CA,FinTech,2023-02-28 22:00:00,5.78000020980835,5.809999942779541,5.639999866485596,5.650000095367432,5.650000095367432,9507005
FWRY.CA,FinTech,2023-03-01 22:00:00,5.650000095367432,5.679999828338623,5.420000076293945,5.420000076293945,5.420000076293945,15798969
FWRY.CA,FinTech,2023-03-04 22:00:00,5.420000076293945,5.550000190734863,5.360000133514404,5.449999809265137,5.449999809265137,10940987
FWRY.CA,FinTech,2023-03-05 22:00:00,5.449999809265137,5.579999923706055,5.460000038146973,5.480000019073486,5.480000019073486,7477493
FWRY.CA,FinTech,2023-03-06 22:00:00,5.480000019073486,5.570000171661377,5.360000133514404,5.429999828338623,5.429999828338623,8453641
FWRY.CA,FinTech,2023-03-07 22:00:00,5.429999828338623,5.460000038146973,5.239999771118164,5.269999980926514,5.269999980926514,13761488
FWRY.CA,FinTech,2023-03-08 22:00:00,5.269999980926514,5.420000076293945,5.21999979019165,5.369999885559082,5.369999885559082,18667474
FWRY.CA,FinTech,2023-03-11 22:00:00,5.369999885559082,5.349999904632568,5.010000228881836,5.010000228881836,5.010000228881836,15283649
FWRY.CA,FinTech,2023-03-12 22:00:00,5.010000228881836,5.099999904632568,4.690000057220459,4.920000076293945,4.920000076293945,15721226
FWRY.CA,FinTech,2023-03-13 22:00:00,4.920000076293945,5.010000228881836,4.769999980926514,5.0,5.0,6668190
FWRY.CA,FinTech,2023-03-14 22:00:00,5.0,5.070000171661377,4.300000190734863,4.599999904632568,4.599999904632568,14026767
FWRY.CA,FinTech,2023-03-15 22:00:00,4.599999904632568,4.730000019073486,4.329999923706055,4.71999979019165,4.71999979019165,8151990
FWRY.CA,FinTech,2023-03-18 22:00:00,4.71999979019165,4.71999979019165,4.400000095367432,4.570000171661377,4.570000171661377,4666743
FWRY.CA,FinTech,2023-03-19 22:00:00,4.570000171661377,4.900000095367432,4.53000020980835,4.820000171661377,4.820000171661377,14392904
FWRY.CA,FinTech,2023-03-20 22:00:00,4.820000171661377,5.079999923706055,4.849999904632568,5.070000171661377,5.070000171661377,13536758
FWRY.CA,FinTech,2023-03-21 22:00:00,5.070000171661377,5.139999866485596,4.909999847412109,4.929999828338623,4.929999828338623,8169844
FWRY.CA,FinTech,2023-03-22 22:00:00,4.929999828338623,5.059999942779541,4.860000133514404,5.03000020980835,5.03000020980835,2957342
FWRY.CA,FinTech,2023-03-25 22:00:00,5.03000020980835,5.440000057220459,5.059999942779541,5.380000114440918,5.380000114440918,15231919
FWRY.CA,FinTech,2023-03-26 22:00:00,5.380000114440918,5.46999979019165,5.239999771118164,5.269999980926514,5.269999980926514,12385992
FWRY.CA,FinTech,2023-03-27 22:00:00,5.269999980926514,5.329999923706055,5.150000095367432,5.300000190734863,5.300000190734863,9028633
FWRY.CA,FinTech,2023-03-28 22:00:00,5.300000190734863,5.480000019073486,5.289999961853027,5.440000057220459,5.440000057220459,11437539
FWRY.CA,FinTech,2023-03-29 22:00:00,5.440000057220459,5.610000133514404,5.28000020980835,5.300000190734863,5.300000190734863,13909023
FWRY.CA,FinTech,2023-04-01 22:00:00,5.300000190734863,5.699999809265137,5.300000190734863,5.679999828338623,5.679999828338623,20026762
FWRY.CA,FinTech,2023-04-02 22:00:00,5.679999828338623,5.849999904632568,5.659999847412109,5.800000190734863,5.800000190734863,22729082
FWRY.CA,FinTech,2023-04-03 22:00:00,5.800000190734863,5.840000152587891,5.639999866485596,5.730000019073486,5.730000019073486,14943396
FWRY.CA,FinTech,2023-04-04 22:00:00,5.730000019073486,5.849999904632568,5.670000076293945,5.730000019073486,5.730000019073486,17757187
FWRY.CA,FinTech,2023-04-05 22:00:00,5.730000019073486,5.75,5.570000171661377,5.610000133514404,5.610000133514404,9244927
FWRY.CA,FinTech,2023-04-08 22:00:00,5.610000133514404,5.639999866485596,5.46999979019165,5.46999979019165,5.46999979019165,7266213
FWRY.CA,FinTech,2023-04-09 22:00:00,5.46999979019165,5.599999904632568,5.460000038146973,5.570000171661377,5.570000171661377,9017766
FWRY.CA,FinTech,2023-04-10 22:00:00,5.570000171661377,5.699999809265137,5.570000171661377,5.699999809265137,5.699999809265137,9429877
FWRY.CA,FinTech,2023-04-11 22:00:00,5.699999809265137,5.710000038146973,5.510000228881836,5.510000228881836,5.510000228881836,11093108
FWRY.CA,FinTech,2023-04-12 22:00:00,5.510000228881836,5.650000095367432,5.539999961853027,5.579999923706055,5.579999923706055,8731318
FWRY.CA,FinTech,2023-04-17 22:00:00,5.579999923706055,5.690000057220459,5.579999923706055,5.599999904632568,5.599999904632568,12520160
FWRY.CA,FinTech,2023-04-18 22:00:00,5.599999904632568,5.769999980926514,5.619999885559082,5.659999847412109,5.659999847412109,21845395
FWRY.CA,FinTech,2023-04-25 22:00:00,5.659999847412109,5.920000076293945,5.610000133514404,5.840000152587891,5.840000152587891,27463876
FWRY.CA,FinTech,2023-04-26 22:00:00,5.840000152587891,6.059999942779541,5.880000114440918,5.960000038146973,5.960000038146973,47097157
FWRY.CA,FinTech,2023-04-29 21:00:00,5.960000038146973,6.059999942779541,5.769999980926514,5.849999904632568,5.849999904632568,36514234
FWRY.CA,FinTech,2023-04-30 21:00:00,5.849999904632568,5.849999904632568,5.849999904632568,5.849999904632568,5.849999904632568,0
FWRY.CA,FinTech,2023-05-01 21:00:00,5.730000019073486,5.880000114440918,5.699999809265137,5.829999923706055,5.829999923706055,15313790
FWRY.CA,FinTech,2023-05-02 21:00:00,5.829999923706055,5.909999847412109,5.75,5.800000190734863,5.800000190734863,13289324
FWRY.CA,FinTech,2023-05-06 21:00:00,5.800000190734863,5.820000171661377,5.699999809265137,5.739999771118164,5.739999771118164,8134435
FWRY.CA,FinTech,2023-05-07 21:00:00,5.739999771118164,5.989999771118164,5.78000020980835,5.949999809265137,5.949999809265137,16216504
FWRY.CA,FinTech,2023-05-08 21:00:00,5.949999809265137,6.019999980926514,5.800000190734863,5.800000190734863,5.800000190734863,27605388
FWRY.CA,FinTech,2023-05-09 21:00:00,5.800000190734863,5.880000114440918,5.71999979019165,5.880000114440918,5.880000114440918,14651225
FWRY.CA,FinTech,2023-05-10 21:00:00,5.880000114440918,5.929999828338623,5.739999771118164,5.760000228881836,5.760000228881836,12524806
FWRY.CA,FinTech,2023-05-13 21:00:00,5.760000228881836,5.800000190734863,5.71999979019165,5.78000020980835,5.78000020980835,10086558
FWRY.CA,FinTech,2023-05-14 21:00:00,5.78000020980835,5.820000171661377,5.53000020980835,5.559999942779541,5.559999942779541,15556011
FWRY.CA,FinTech,2023-05-15 21:00:00,5.559999942779541,5.590000152587891,5.440000057220459,5.590000152587891,5.590000152587891,15486348
FWRY.CA,FinTech,2023-05-16 21:00:00,5.590000152587891,5.650000095367432,5.449999809265137,5.5,5.5,8004979
FWRY.CA,FinTech,2023-05-17 21:00:00,5.5,5.550000190734863,5.329999923706055,5.480000019073486,5.480000019073486,12682145
FWRY.CA,FinTech,2023-05-20 21:00:00,5.480000019073486,5.590000152587891,5.480000019073486,5.5,5.5,4535360
FWRY.CA,FinTech,2023-05-21 21:00:00,5.5,5.599999904632568,5.380000114440918,5.46999979019165,5.46999979019165,9535926
FWRY.CA,FinTech,2023-05-22 21:00:00,5.46999979019165,5.559999942779541,5.400000095367432,5.550000190734863,5.550000190734863,5965869
FWRY.CA,FinTech,2023-05-23 21:00:00,5.550000190734863,5.639999866485596,5.550000190734863,5.630000114440918,5.630000114440918,6015878
FWRY.CA,FinTech,2023-05-24 21:00:00,5.630000114440918,5.71999979019165,5.619999885559082,5.699999809265137,5.699999809265137,10968052
FWRY.CA,FinTech,2023-05-27 21:00:00,5.699999809265137,5.840000152587891,5.659999847412109,5.809999942779541,5.809999942779541,10503971
FWRY.CA,FinTech,2023-05-28 21:00:00,5.809999942779541,5.849999904632568,5.71999979019165,5.769999980926514,5.769999980926514,5184437
FWRY.CA,FinTech,2023-05-29 21:00:00,5.769999980926514,5.869999885559082,5.78000020980835,5.809999942779541,5.809999942779541,32653694
FWRY.CA,FinTech,2023-05-30 21:00:00,5.640999794006348,5.880000114440918,5.699999809265137,5.699999809265137,5.699999809265137,18709174
FWRY.CA,FinTech,2023-05-31 21:00:00,5.699999809265137,5.769999980926514,5.690000057220459,5.710000038146973,5.710000038146973,7393422
FWRY.CA,FinTech,2023-06-03 21:00:00,5.710000038146973,5.900000095367432,5.75,5.900000095367432,5.900000095367432,20864398
FWRY.CA,FinTech,2023-06-04 21:00:00,5.900000095367432,6.059999942779541,5.809999942779541,5.809999942779541,5.809999942779541,54532490
FWRY.CA,FinTech,2023-06-05 21:00:00,5.809999942779541,5.960000038146973,5.829999923706055,5.849999904632568,5.849999904632568,19032069
FWRY.CA,FinTech,2023-06-06 21:00:00,5.849999904632568,5.960000038146973,5.769999980926514,5.769999980926514,5.769999980926514,14958944
FWRY.CA,FinTech,2023-06-07 21:00:00,5.769999980926514,5.829999923706055,5.75,5.789999961853027,5.789999961853027,7870777
FWRY.CA,FinTech,2023-06-10 21:00:00,5.789999961853027,6.170000076293945,5.829999923706055,6.150000095367432,6.150000095367432,62341509
FWRY.CA,FinTech,2023-06-11 21:00:00,6.150000095367432,6.199999809265137,6.070000171661377,6.090000152587891,6.090000152587891,20317928
FWRY.CA,FinTech,2023-06-12 21:00:00,6.090000152587891,6.230000019073486,6.050000190734863,6.130000114440918,6.130000114440918,41587851
FWRY.CA,FinTech,2023-06-13 21:00:00,6.130000114440918,6.289999961853027,5.949999809265137,6.059999942779541,6.059999942779541,35353567
FWRY.CA,FinTech,2023-06-14 21:00:00,6.059999942779541,6.099999904632568,5.869999885559082,5.929999828338623,5.929999828338623,20130334
FWRY.CA,FinTech,2023-06-17 21:00:00,5.929999828338623,6.010000228881836,5.929999828338623,5.949999809265137,5.949999809265137,9477751
FWRY.CA,FinTech,2023-06-18 21:00:00,5.949999809265137,6.070000171661377,5.829999923706055,5.869999885559082,5.869999885559082,14737626
FWRY.CA,FinTech,2023-06-19 21:00:00,5.869999885559082,5.989999771118164,5.820000171661377,5.820000171661377,5.820000171661377,9538099
FWRY.CA,FinTech,2023-06-20 21:00:00,5.820000171661377,5.869999885559082,5.659999847412109,5.679999828338623,5.679999828338623,12784653
FWRY.CA,FinTech,2023-06-21 21:00:00,5.679999828338623,5.739999771118164,5.570000171661377,5.659999847412109,5.659999847412109,13458341
FWRY.CA,FinTech,2023-06-24 21:00:00,5.659999847412109,5.710000038146973,5.440000057220459,5.460000038146973,5.460000038146973,10784376
FWRY.CA,FinTech,2023-06-25 21:00:00,5.460000038146973,5.659999847412109,5.489999771118164,5.619999885559082,5.619999885559082,10925213
FWRY.CA,FinTech,2023-07-03 21:00:00,5.619999885559082,5.690000057220459,5.489999771118164,5.519999980926514,5.519999980926514,7189886
FWRY.CA,FinTech,2023-07-04 21:00:00,5.519999980926514,5.639999866485596,5.53000020980835,5.559999942779541,5.559999942779541,7256320
FWRY.CA,FinTech,2023-07-05 21:00:00,5.559999942779541,5.599999904632568,5.510000228881836,5.550000190734863,5.550000190734863,8469186
FWRY.CA,FinTech,2023-07-08 21:00:00,5.550000190734863,5.579999923706055,5.300000190734863,5.300000190734863,5.300000190734863,7635318
FWRY.CA,FinTech,2023-07-09 21:00:00,5.300000190734863,5.429999828338623,5.289999961853027,5.429999828338623,5.429999828338623,5840544
FWRY.CA,FinTech,2023-07-10 21:00:00,5.429999828338623,5.539999961853027,5.380000114440918,5.539999961853027,5.539999961853027,10633072
FWRY.CA,FinTech,2023-07-11 21:00:00,5.539999961853027,5.570000171661377,5.440000057220459,5.449999809265137,5.449999809265137,5604979
FWRY.CA,FinTech,2023-07-12 21:00:00,5.449999809265137,5.730000019073486,5.460000038146973,5.650000095367432,5.650000095367432,12453579
FWRY.CA,FinTech,2023-07-15 21:00:00,5.650000095367432,5.670000076293945,5.570000171661377,5.590000152587891,5.590000152587891,4381510
FWRY.CA,FinTech,2023-07-16 21:00:00,5.590000152587891,5.670000076293945,5.570000171661377,5.630000114440918,5.630000114440918,10113973
FWRY.CA,FinTech,2023-07-17 21:00:00,5.630000114440918,5.75,5.650000095367432,5.71999979019165,5.71999979019165,8345749
FWRY.CA,FinTech,2023-07-18 21:00:00,5.71999979019165,5.71999979019165,5.71999979019165,5.71999979019165,5.71999979019165,0
FWRY.CA,FinTech,2023-07-23 21:00:00,5.710000038146973,5.760000228881836,5.650000095367432,5.659999847412109,5.659999847412109,6207210
FWRY.CA,FinTech,2023-07-24 21:00:00,5.659999847412109,5.679999828338623,5.519999980926514,5.559999942779541,5.559999942779541,10050183
FWRY.CA,FinTech,2023-07-25 21:00:00,5.559999942779541,5.570000171661377,5.480000019073486,5.519999980926514,5.519999980926514,6862603
FWRY.CA,FinTech,2023-07-26 21:00:00,5.519999980926514,5.550000190734863,5.489999771118164,5.539999961853027,5.539999961853027,3696790
FWRY.CA,FinTech,2023-07-29 21:00:00,5.539999961853027,5.639999866485596,5.519999980926514,5.630000114440918,5.630000114440918,7399700
FWRY.CA,FinTech,2023-07-30 21:00:00,5.630000114440918,5.71999979019165,5.590000152587891,5.630000114440918,5.630000114440918,12731898
FWRY.CA,FinTech,2023-07-31 21:00:00,5.630000114440918,5.670000076293945,5.5,5.550000190734863,5.550000190734863,6692575
FWRY.CA,FinTech,2023-08-01 21:00:00,5.550000190734863,5.550000190734863,5.420000076293945,5.429999828338623,5.429999828338623,6676284
FWRY.CA,FinTech,2023-08-02 21:00:00,5.429999828338623,5.489999771118164,5.389999866485596,5.440000057220459,5.440000057220459,6372706
FWRY.CA,FinTech,2023-08-05 21:00:00,5.440000057220459,5.550000190734863,5.409999847412109,5.539999961853027,5.539999961853027,7298421
FWRY.CA,FinTech,2023-08-06 21:00:00,5.539999961853027,5.71999979019165,5.539999961853027,5.650000095367432,5.650000095367432,18484504
FWRY.CA,FinTech,2023-08-07 21:00:00,5.650000095367432,5.809999942779541,5.650000095367432,5.650000095367432,5.650000095367432,26251790
FWRY.CA,FinTech,2023-08-08 21:00:00,5.650000095367432,5.71999979019165,5.590000152587891,5.599999904632568,5.599999904632568,15178692
FWRY.CA,FinTech,2023-08-09 21:00:00,5.599999904632568,5.630000114440918,5.5,5.579999923706055,5.579999923706055,9326632
FWRY.CA,FinTech,2023-08-12 21:00:00,5.579999923706055,5.670000076293945,5.579999923706055,5.579999923706055,5.579999923706055,4974108
FWRY.CA,FinTech,2023-08-13 21:00:00,5.579999923706055,5.75,5.599999904632568,5.639999866485596,5.639999866485596,14548815
FWRY.CA,FinTech,2023-08-14 21:00:00,5.639999866485596,5.690000057220459,5.610000133514404,5.639999866485596,5.639999866485596,3680681
FWRY.CA,FinTech,2023-08-15 21:00:00,5.639999866485596,5.71999979019165,5.579999923706055,5.579999923706055,5.579999923706055,6946705
FWRY.CA,FinTech,2023-08-16 21:00:00,5.579999923706055,5.619999885559082,5.53000020980835,5.590000152587891,5.590000152587891,3187314
FWRY.CA,FinTech,2023-08-19 21:00:00,5.590000152587891,5.630000114440918,5.559999942779541,5.630000114440918,5.630000114440918,3794120
FWRY.CA,FinTech,2023-08-20 21:00:00,5.630000114440918,5.710000038146973,5.630000114440918,5.670000076293945,5.670000076293945,12720416
FWRY.CA,FinTech,2023-08-21 21:00:00,5.670000076293945,5.760000228881836,5.690000057220459,5.699999809265137,5.699999809265137,7891639
FWRY.CA,FinTech,2023-08-22 21:00:00,5.699999809265137,5.75,5.610000133514404,5.610000133514404,5.610000133514404,6320627
FWRY.CA,FinTech,2023-08-23 21:00:00,5.610000133514404,5.670000076293945,5.590000152587891,5.659999847412109,5.659999847412109,2783443
FWRY.CA,FinTech,2023-08-26 21:00:00,5.659999847412109,5.800000190734863,5.670000076293945,5.679999828338623,5.679999828338623,12454196
FWRY.CA,FinTech,2023-08-27 21:00:00,5.679999828338623,5.840000152587891,5.699999809265137,5.710000038146973,5.710000038146973,14599002
FWRY.CA,FinTech,2023-08-28 21:00:00,5.710000038146973,5.78000020980835,5.699999809265137,5.71999979019165,5.71999979019165,6912220
FWRY.CA,FinTech,2023-08-29 21:00:00,5.71999979019165,5.800000190734863,5.690000057220459,5.690000057220459,5.690000057220459,10699196
FWRY.CA,FinTech,2023-08-30 21:00:00,5.690000057220459,5.690000057220459,5.690000057220459,5.690000057220459,5.690000057220459,0
FWRY.CA,FinTech,2023-09-02 21:00:00,5.650000095367432,5.699999809265137,5.550000190734863,5.550000190734863,5.550000190734863,9189887
FWRY.CA,FinTech,2023-09-03 21:00:00,5.550000190734863,5.599999904632568,5.53000020980835,5.570000171661377,5.570000171661377,2632433
FWRY.CA,FinTech,2023-09-04 21:00:00,5.570000171661377,5.610000133514404,5.510000228881836,5.510000228881836,5.510000228881836,6544207
FWRY.CA,FinTech,2023-09-05 21:00:00,5.510000228881836,5.579999923706055,5.460000038146973,5.510000228881836,5.510000228881836,13527592
FWRY.CA,FinTech,2023-09-06 21:00:00,5.510000228881836,5.730000019073486,5.46999979019165,5.659999847412109,5.659999847412109,17814402
FWRY.CA,FinTech,2023-09-09 21:00:00,5.659999847412109,5.659999847412109,5.659999847412109,5.659999847412109,5.659999847412109,0
FWRY.CA,FinTech,2023-09-10 21:00:00,5.699999809265137,5.730000019073486,5.570000171661377,5.570000171661377,5.570000171661377,10100644
FWRY.CA,FinTech,2023-09-11 21:00:00,5.570000171661377,5.599999904632568,5.519999980926514,5.539999961853027,5.539999961853027,4848360
FWRY.CA,FinTech,2023-09-12 21:00:00,5.539999961853027,5.630000114440918,5.510000228881836,5.630000114440918,5.630000114440918,6686519
FWRY.CA,FinTech,2023-09-13 21:00:00,5.630000114440918,5.650000095367432,5.550000190734863,5.559999942779541,5.559999942779541,4366028
FWRY.CA,FinTech,2023-09-16 21:00:00,5.559999942779541,5.599999904632568,5.550000190734863,5.550000190734863,5.550000190734863,2486261
FWRY.CA,FinTech,2023-09-17 21:00:00,5.550000190734863,5.639999866485596,5.559999942779541,5.599999904632568,5.599999904632568,7553567
FWRY.CA,FinTech,2023-09-18 21:00:00,5.599999904632568,5.639999866485596,5.53000020980835,5.539999961853027,5.539999961853027,4711976
FWRY.CA,FinTech,2023-09-19 21:00:00,5.539999961853027,5.539999961853027,5.539999961853027,5.539999961853027,5.539999961853027,0
FWRY.CA,FinTech,2023-09-20 21:00:00,5.539999961853027,5.539999961853027,5.539999961853027,5.539999961853027,5.539999961853027,0
FWRY.CA,FinTech,2023-09-23 21:00:00,5.539999961853027,5.539999961853027,5.539999961853027,5.539999961853027,5.539999961853027,0
FWRY.CA,FinTech,2023-09-24 21:00:00,5.460000038146973,5.480000019073486,5.340000152587891,5.360000133514404,5.360000133514404,8815577
FWRY.CA,FinTech,2023-09-25 21:00:00,5.360000133514404,5.429999828338623,5.340000152587891,5.389999866485596,5.389999866485596,10359723
FWRY.CA,FinTech,2023-09-26 21:00:00,5.389999866485596,5.389999866485596,5.389999866485596,5.389999866485596,5.389999866485596,0
FWRY.CA,FinTech,2023-09-30 21:00:00,5.389999866485596,5.389999866485596,5.389999866485596,5.389999866485596,5.389999866485596,0
FWRY.CA,FinTech,2023-10-01 21:00:00,4.800000190734863,4.869999885559082,4.579999923706055,4.630000114440918,4.630000114440918,16984606
FWRY.CA,FinTech,2023-10-02 21:00:00,4.630000114440918,4.829999923706055,4.639999866485596,4.679999828338623,4.679999828338623,17604954
FWRY.CA,FinTech,2023-10-03 21:00:00,4.679999828338623,4.71999979019165,4.570000171661377,4.670000076293945,4.670000076293945,8258480
FWRY.CA,FinTech,2023-10-07 21:00:00,4.670000076293945,4.659999847412109,4.150000095367432,4.449999809265137,4.449999809265137,17330393
FWRY.CA,FinTech,2023-10-08 21:00:00,4.449999809265137,4.53000020980835,4.380000114440918,4.420000076293945,4.420000076293945,4455274
FWRY.CA,FinTech,2023-10-09 21:00:00,4.420000076293945,4.550000190734863,4.409999847412109,4.519999980926514,4.519999980926514,9803558
FWRY.CA,FinTech,2023-10-10 21:00:00,4.519999980926514,4.619999885559082,4.489999771118164,4.519999980926514,4.519999980926514,7728664
FWRY.CA,FinTech,2023-10-11 21:00:00,4.519999980926514,4.53000020980835,4.389999866485596,4.5,4.5,13802181
FWRY.CA,FinTech,2023-10-14 21:00:00,4.5,4.539999961853027,4.440000057220459,4.460000038146973,4.460000038146973,7114080
FWRY.CA,FinTech,2023-10-15 21:00:00,4.460000038146973,4.619999885559082,4.420000076293945,4.550000190734863,4.550000190734863,15395128
FWRY.CA,FinTech,2023-10-16 21:00:00,4.550000190734863,5.03000020980835,4.570000171661377,4.960000038146973,4.960000038146973,31501580
FWRY.CA,FinTech,2023-10-17 21:00:00,4.960000038146973,5.110000133514404,4.949999809265137,5.0,5.0,17168161
FWRY.CA,FinTech,2023-10-18 21:00:00,5.0,5.0,5.0,5.0,5.0,0
FWRY.CA,FinTech,2023-10-21 21:00:00,5.0,5.170000076293945,5.010000228881836,5.150000095367432,5.150000095367432,7976925
FWRY.CA,FinTech,2023-10-22 21:00:00,5.150000095367432,5.239999771118164,5.139999866485596,5.179999828338623,5.179999828338623,10906570
FWRY.CA,FinTech,2023-10-23 21:00:00,5.179999828338623,5.239999771118164,4.940000057220459,5.059999942779541,5.059999942779541,13719831
FWRY.CA,FinTech,2023-10-24 21:00:00,5.059999942779541,5.440000057220459,5.090000152587891,5.260000228881836,5.260000228881836,18204718
FWRY.CA,FinTech,2023-10-25 21:00:00,5.260000228881836,5.46999979019165,5.289999961853027,5.460000038146973,5.460000038146973,15974820
FWRY.CA,FinTech,2023-10-28 22:00:00,5.460000038146973,5.5,5.389999866485596,5.440000057220459,5.440000057220459,6668349
FWRY.CA,FinTech,2023-10-29 22:00:00,5.440000057220459,5.480000019073486,5.349999904632568,5.409999847412109,5.409999847412109,6018383
FWRY.CA,FinTech,2023-10-30 22:00:00,5.409999847412109,5.429999828338623,5.159999847412109,5.159999847412109,5.159999847412109,6119276
FWRY.CA,FinTech,2023-10-31 22:00:00,5.159999847412109,5.260000228881836,5.110000133514404,5.139999866485596,5.139999866485596,2944469
FWRY.CA,FinTech,2023-11-01 22:00:00,5.139999866485596,5.360000133514404,5.159999847412109,5.309999942779541,5.309999942779541,3444731
FWRY.CA,FinTech,2023-11-04 22:00:00,5.309999942779541,5.389999866485596,5.28000020980835,5.349999904632568,5.349999904632568,4412876
FWRY.CA,FinTech,2023-11-05 22:00:00,5.349999904632568,5.599999904632568,5.369999885559082,5.599999904632568,5.599999904632568,23027470
FWRY.CA,FinTech,2023-11-06 22:00:00,5.599999904632568,5.650000095367432,5.53000020980835,5.599999904632568,5.599999904632568,10661356
FWRY.CA,FinTech,2023-11-07 22:00:00,5.599999904632568,5.610000133514404,5.420000076293945,5.449999809265137,5.449999809265137,8957515
FWRY.CA,FinTech,2023-11-08 22:00:00,5.449999809265137,5.489999771118164,4.989999771118164,5.199999809265137,5.199999809265137,27248720
FWRY.CA,FinTech,2023-11-11 22:00:00,5.199999809265137,5.239999771118164,4.849999904632568,4.940000057220459,4.940000057220459,32525894
FWRY.CA,FinTech,2023-11-12 22:00:00,4.940000057220459,5.050000190734863,4.849999904632568,4.900000095367432,4.900000095367432,18482481
FWRY.CA,FinTech,2023-11-13 22:00:00,4.900000095367432,4.960000038146973,4.760000228881836,4.820000171661377,4.820000171661377,17465301
FWRY.CA,FinTech,2023-11-14 22:00:00,4.820000171661377,5.0,4.840000152587891,4.920000076293945,4.920000076293945,14005100
FWRY.CA,FinTech,2023-11-15 22:00:00,4.920000076293945,5.119999885559082,4.940000057220459,5.050000190734863,5.050000190734863,13040284
FWRY.CA,FinTech,2023-11-18 22:00:00,5.050000190734863,5.230000019073486,5.099999904632568,5.119999885559082,5.119999885559082,19200229
FWRY.CA,FinTech,2023-11-19 22:00:00,5.119999885559082,5.170000076293945,4.989999771118164,5.050000190734863,5.050000190734863,12892664
FWRY.CA,FinTech,2023-11-20 22:00:00,5.050000190734863,5.050000190734863,4.920000076293945,4.960000038146973,4.960000038146973,22710387
FWRY.CA,FinTech,2023-11-21 22:00:00,4.960000038146973,5.25,4.96999979019165,5.239999771118164,5.239999771118164,24816033
FWRY.CA,FinTech,2023-11-22 22:00:00,5.239999771118164,5.349999904632568,5.210000038146973,5.320000171661377,5.320000171661377,22605291
FWRY.CA,FinTech,2023-11-25 22:00:00,5.320000171661377,5.380000114440918,5.150000095367432,5.159999847412109,5.159999847412109,16263530
FWRY.CA,FinTech,2023-11-26 22:00:00,5.159999847412109,5.28000020980835,5.159999847412109,5.199999809265137,5.199999809265137,11590939
FWRY.CA,FinTech,2023-11-27 22:00:00,5.199999809265137,5.269999980926514,5.190000057220459,5.199999809265137,5.199999809265137,16627891
FWRY.CA,FinTech,2023-11-28 22:00:00,5.199999809265137,5.309999942779541,5.190000057220459,5.25,5.25,14056379
FWRY.CA,FinTech,2023-11-29 22:00:00,5.25,5.420000076293945,5.260000228881836,5.320000171661377,5.320000171661377,15779776
FWRY.CA,FinTech,2023-12-02 22:00:00,5.320000171661377,5.380000114440918,5.28000020980835,5.300000190734863,5.300000190734863,8608877
FWRY.CA,FinTech,2023-12-03 22:00:00,5.300000190734863,5.639999866485596,5.309999942779541,5.610000133514404,5.610000133514404,42092797
FWRY.CA,FinTech,2023-12-04 22:00:00,5.610000133514404,5.75,5.599999904632568,5.610000133514404,5.610000133514404,14424228
FWRY.CA,FinTech,2023-12-05 22:00:00,5.610000133514404,5.820000171661377,5.53000020980835,5.659999847412109,5.659999847412109,18731315
FWRY.CA,FinTech,2023-12-06 22:00:00,5.659999847412109,5.789999961853027,5.449999809265137,5.789999961853027,5.789999961853027,19571138
FWRY.CA,FinTech,2023-12-09 22:00:00,5.789999961853027,6.010000228881836,5.789999961853027,5.849999904632568,5.849999904632568,45286067
FWRY.CA,FinTech,2023-12-10 22:00:00,5.849999904632568,6.059999942779541,5.769999980926514,6.03000020980835,6.03000020980835,38750926
FWRY.CA,FinTech,2023-12-11 22:00:00,6.03000020980835,6.159999847412109,5.940000057220459,6.0,6.0,34345899
FWRY.CA,FinTech,2023-12-12 22:00:00,6.0,6.070000171661377,5.900000095367432,5.909999847412109,5.909999847412109,12224991
FWRY.CA,FinTech,2023-12-13 22:00:00,5.909999847412109,6.099999904632568,5.920000076293945,5.929999828338623,5.929999828338623,13427164
FWRY.CA,FinTech,2023-12-16 22:00:00,5.929999828338623,6.03000020980835,5.889999866485596,5.909999847412109,5.909999847412109,7751153
FWRY.CA,FinTech,2023-12-17 22:00:00,5.909999847412109,6.159999847412109,5.909999847412109,6.090000152587891,6.090000152587891,18425000
FWRY.CA,FinTech,2023-12-18 22:00:00,6.090000152587891,6.170000076293945,5.900000095367432,5.909999847412109,5.909999847412109,10850736
FWRY.CA,FinTech,2023-12-19 22:00:00,5.909999847412109,5.960000038146973,5.820000171661377,5.860000133514404,5.860000133514404,4626908
FWRY.CA,FinTech,2023-12-20 22:00:00,5.860000133514404,5.909999847412109,5.670000076293945,5.800000190734863,5.800000190734863,9362010
FWRY.CA,FinTech,2023-12-23 22:00:00,5.800000190734863,5.800000190734863,5.800000190734863,5.800000190734863,5.800000190734863,0
FWRY.CA,FinTech,2023-12-24 22:00:00,5.519999980926514,5.71999979019165,5.519999980926514,5.550000190734863,5.550000190734863,8981377
FWRY.CA,FinTech,2023-12-25 22:00:00,5.550000190734863,5.639999866485596,5.380000114440918,5.429999828338623,5.429999828338623,8685335
FWRY.CA,FinTech,2023-12-26 22:00:00,5.429999828338623,5.53000020980835,5.409999847412109,5.460000038146973,5.460000038146973,5155231
FWRY.CA,FinTech,2023-12-27 22:00:00,5.460000038146973,5.570000171661377,5.440000057220459,5.5,5.5,7296730
FWRY.CA,FinTech,2023-12-30 22:00:00,5.5,5.559999942779541,5.5,5.510000228881836,5.510000228881836,2622813
FWRY.CA,FinTech,2024-01-01 22:00:00,5.510000228881836,5.679999828338623,5.539999961853027,5.670000076293945,5.670000076293945,3721929
FWRY.CA,FinTech,2024-01-02 22:00:00,5.670000076293945,5.760000228881836,5.670000076293945,5.71999979019165,5.71999979019165,5001582
FWRY.CA,FinTech,2024-01-03 22:00:00,5.71999979019165,5.760000228881836,5.590000152587891,5.610000133514404,5.610000133514404,9920282
FWRY.CA,FinTech,2024-01-07 22:00:00,5.610000133514404,5.650000095367432,5.539999961853027,5.550000190734863,5.550000190734863,6752323
FWRY.CA,FinTech,2024-01-08 22:00:00,5.550000190734863,5.75,5.570000171661377,5.699999809265137,5.699999809265137,12428392
FWRY.CA,FinTech,2024-01-09 22:00:00,5.699999809265137,5.800000190734863,5.639999866485596,5.639999866485596,5.639999866485596,7971946
FWRY.CA,FinTech,2024-01-10 22:00:00,5.639999866485596,5.730000019073486,5.639999866485596,5.699999809265137,5.699999809265137,8269088
FWRY.CA,FinTech,2024-01-13 22:00:00,5.699999809265137,5.789999961853027,5.679999828338623,5.739999771118164,5.739999771118164,7396405
FWRY.CA,FinTech,2024-01-14 22:00:00,5.739999771118164,5.800000190734863,5.730000019073486,5.75,5.75,7947622
FWRY.CA,FinTech,2024-01-15 22:00:00,5.75,5.849999904632568,5.730000019073486,5.78000020980835,5.78000020980835,16449111
FWRY.CA,FinTech,2024-01-16 22:00:00,5.78000020980835,5.849999904632568,5.570000171661377,5.639999866485596,5.639999866485596,16660320
FWRY.CA,FinTech,2024-01-17 22:00:00,5.639999866485596,5.679999828338623,5.579999923706055,5.610000133514404,5.610000133514404,7297230
FWRY.CA,FinTech,2024-01-20 22:00:00,5.610000133514404,5.789999961853027,5.599999904632568,5.789999961853027,5.789999961853027,16332543
FWRY.CA,FinTech,2024-01-21 22:00:00,5.789999961853027,5.869999885559082,5.699999809265137,5.699999809265137,5.699999809265137,27231488
FWRY.CA,FinTech,2024-01-22 22:00:00,5.699999809265137,5.769999980926514,5.510000228881836,5.510000228881836,5.510000228881836,19947348
FWRY.CA,FinTech,2024-01-23 22:00:00,5.510000228881836,5.579999923706055,5.389999866485596,5.440000057220459,5.440000057220459,20273419
FWRY.CA,FinTech,2024-01-27 22:00:00,5.440000057220459,5.559999942779541,5.429999828338623,5.460000038146973,5.460000038146973,12914523
FWRY.CA,FinTech,2024-01-28 22:00:00,5.460000038146973,5.539999961853027,5.389999866485596,5.5,5.5,12236985
FWRY.CA,FinTech,2024-01-29 22:00:00,5.5,5.539999961853027,5.429999828338623,5.5,5.5,9301049
FWRY.CA,FinTech,2024-01-30 22:00:00,5.5,5.539999961853027,4.699999809265137,5.190000057220459,5.190000057220459,17347278
FWRY.CA,FinTech,2024-01-31 22:00:00,5.190000057220459,5.28000020980835,4.849999904632568,5.28000020980835,5.28000020980835,8915100
FWRY.CA,FinTech,2024-02-03 22:00:00,5.28000020980835,5.289999961853027,5.079999923706055,5.190000057220459,5.190000057220459,3972895
FWRY.CA,FinTech,2024-02-04 22:00:00,5.190000057220459,5.400000095367432,5.170000076293945,5.349999904632568,5.349999904632568,5409244
FWRY.CA,FinTech,2024-02-05 22:00:00,5.349999904632568,5.579999923706055,5.329999923706055,5.5,5.5,15979870
FWRY.CA,FinTech,2024-02-06 22:00:00,5.5,5.539999961853027,5.400000095367432,5.420000076293945,5.420000076293945,8462997
FWRY.CA,FinTech,2024-02-07 22:00:00,5.420000076293945,5.489999771118164,5.389999866485596,5.480000019073486,5.480000019073486,2393646
FWRY.CA,FinTech,2024-02-10 22:00:00,5.480000019073486,5.5,5.360000133514404,5.360000133514404,5.360000133514404,4163962
FWRY.CA,FinTech,2024-02-11 22:00:00,5.360000133514404,5.409999847412109,5.210000038146973,5.300000190734863,5.300000190734863,4253627
FWRY.CA,FinTech,2024-02-12 22:00:00,5.300000190734863,5.739999771118164,5.28000020980835,5.679999828338623,5.679999828338623,25096169
FWRY.CA,FinTech,2024-02-13 22:00:00,5.679999828338623,5.800000190734863,5.590000152587891,5.710000038146973,5.710000038146973,16462384
FWRY.CA,FinTech,2024-02-14 22:00:00,5.710000038146973,5.869999885559082,5.659999847412109,5.849999904632568,5.849999904632568,19224089
FWRY.CA,FinTech,2024-02-17 22:00:00,5.849999904632568,5.849999904632568,5.849999904632568,5.849999904632568,5.849999904632568,0
FWRY.CA,FinTech,2024-02-18 22:00:00,5.820000171661377,5.860000133514404,5.670000076293945,5.800000190734863,5.800000190734863,14217514
FWRY.CA,FinTech,2024-02-19 22:00:00,5.800000190734863,5.920000076293945,5.809999942779541,5.829999923706055,5.829999923706055,11844674
FWRY.CA,FinTech,2024-02-20 22:00:00,5.829999923706055,5.849999904632568,5.670000076293945,5.75,5.75,10404604
FWRY.CA,FinTech,2024-02-21 22:00:00,5.75,5.800000190734863,5.690000057220459,5.710000038146973,5.710000038146973,6618690
FWRY.CA,FinTech,2024-02-24 22:00:00,5.710000038146973,5.75,5.420000076293945,5.690000057220459,5.690000057220459,11036087
FWRY.CA,FinTech,2024-02-25 22:00:00,5.690000057220459,6.809999942779541,5.599999904632568,6.670000076293945,6.670000076293945,88577353
FWRY.CA,FinTech,2024-02-26 22:00:00,6.670000076293945,7.440000057220459,6.71999979019165,7.210000038146973,7.210000038146973,59664701
FWRY.CA,FinTech,2024-02-27 22:00:00,7.210000038146973,7.989999771118164,7.070000171661377,7.550000190734863,7.550000190734863,41499646
FWRY.CA,FinTech,2024-02-28 22:00:00,7.550000190734863,7.75,7.179999828338623,7.400000095367432,7.400000095367432,24337109
FWRY.CA,FinTech,2024-03-02 22:00:00,7.400000095367432,7.800000190734863,7.349999904632568,7.550000190734863,7.550000190734863,20263846
FWRY.CA,FinTech,2024-03-03 22:00:00,7.550000190734863,7.869999885559082,7.53000020980835,7.550000190734863,7.550000190734863,19020065
FWRY.CA,FinTech,2024-03-04 22:00:00,7.550000190734863,7.730000019073486,7.110000133514404,7.510000228881836,7.510000228881836,18922731
FWRY.CA,FinTech,2024-03-05 22:00:00,7.510000228881836,7.590000152587891,6.800000190734863,6.800000190734863,6.800000190734863,13099219
FWRY.CA,FinTech,2024-03-06 22:00:00,6.800000190734863,7.199999809265137,6.449999809265137,7.0,7.0,19098670
FWRY.CA,FinTech,2024-03-09 22:00:00,7.0,8.399999618530273,7.099999904632568,8.399999618530273,8.399999618530273,65016072
FWRY.CA,FinTech,2024-03-10 22:00:00,8.399999618530273,9.380000114440918,8.329999923706055,8.600000381469727,8.600000381469727,42366081
FWRY.CA,FinTech,2024-03-11 22:00:00,8.600000381469727,8.930000305175781,8.15999984741211,8.350000381469727,8.350000381469727,26865238
FWRY.CA,FinTech,2024-03-12 22:00:00,8.350000381469727,8.829999923706055,7.760000228881836,7.800000190734863,7.800000190734863,36909719
FWRY.CA,FinTech,2024-03-13 22:00:00,7.800000190734863,8.3100004196167,7.619999885559082,8.0600004196167,8.0600004196167,23065630
FWRY.CA,FinTech,2024-03-16 22:00:00,8.0600004196167,9.100000381469727,8.199999809265137,8.550000190734863,8.550000190734863,35313896
FWRY.CA,FinTech,2024-03-17 22:00:00,8.550000190734863,8.8100004196167,7.920000076293945,8.0,8.0,22300833
FWRY.CA,FinTech,2024-03-18 22:00:00,8.0,8.100000381469727,7.539999961853027,7.78000020980835,7.78000020980835,13323422
FWRY.CA,FinTech,2024-03-19 22:00:00,7.78000020980835,8.0,7.599999904632568,7.639999866485596,7.639999866485596,8784488
FWRY.CA,FinTech,2024-03-20 22:00:00,7.639999866485596,8.25,7.170000076293945,8.239999771118164,8.239999771118164,34302769
FWRY.CA,FinTech,2024-03-23 22:00:00,8.239999771118164,9.050000190734863,8.170000076293945,8.829999923706055,8.829999923706055,50654390
FWRY.CA,FinTech,2024-03-24 22:00:00,8.829999923706055,9.010000228881836,8.449999809265137,8.449999809265137,8.449999809265137,22585072
FWRY.CA,FinTech,2024-03-25 22:00:00,8.449999809265137,8.5600004196167,8.260000228881836,8.390000343322754,8.390000343322754,15136310
FWRY.CA,FinTech,2024-03-26 22:00:00,8.390000343322754,8.4399995803833,7.949999809265137,8.050000190734863,8.050000190734863,8995339
FWRY.CA,FinTech,2024-03-27 22:00:00,8.050000190734863,8.140000343322754,7.53000020980835,7.53000020980835,7.53000020980835,14800323
FWRY.CA,FinTech,2024-03-30 22:00:00,7.53000020980835,7.590000152587891,6.929999828338623,7.059999942779541,7.059999942779541,13052803
FWRY.CA,FinTech,2024-03-31 22:00:00,7.059999942779541,7.449999809265137,7.119999885559082,7.420000076293945,7.420000076293945,9391549
FWRY.CA,FinTech,2024-04-01 22:00:00,7.420000076293945,7.650000095367432,7.230000019073486,7.420000076293945,7.420000076293945,13337247
FWRY.CA,FinTech,2024-04-02 22:00:00,7.420000076293945,7.559999942779541,7.289999961853027,7.460000038146973,7.460000038146973,8523028
FWRY.CA,FinTech,2024-04-03 22:00:00,7.460000038146973,7.809999942779541,7.46999979019165,7.679999828338623,7.679999828338623,10771624
FWRY.CA,FinTech,2024-04-06 22:00:00,7.679999828338623,7.760000228881836,7.349999904632568,7.5,7.5,11634636
FWRY.CA,FinTech,2024-04-07 22:00:00,7.5,7.639999866485596,7.420000076293945,7.489999771118164,7.489999771118164,12356610
FWRY.CA,FinTech,2024-04-14 22:00:00,7.489999771118164,7.929999828338623,7.449999809265137,7.769999980926514,7.769999980926514,19545797
FWRY.CA,FinTech,2024-04-15 22:00:00,7.769999980926514,7.949999809265137,7.690000057220459,7.710000038146973,7.710000038146973,10853756
FWRY.CA,FinTech,2024-04-16 22:00:00,7.710000038146973,7.920000076293945,7.739999771118164,7.75,7.75,10700588
FWRY.CA,FinTech,2024-04-17 22:00:00,7.75,7.829999923706055,6.800000190734863,7.099999904632568,7.099999904632568,16970530
FWRY.CA,FinTech,2024-04-20 22:00:00,7.099999904632568,7.429999828338623,7.230000019073486,7.349999904632568,7.349999904632568,5838645
FWRY.CA,FinTech,2024-04-21 22:00:00,7.349999904632568,7.429999828338623,6.96999979019165,7.079999923706055,7.079999923706055,8306231
FWRY.CA,FinTech,2024-04-22 22:00:00,7.079999923706055,7.199999809265137,6.449999809265137,6.46999979019165,6.46999979019165,14131076
FWRY.CA,FinTech,2024-04-23 22:00:00,6.46999979019165,6.639999866485596,5.929999828338623,6.099999904632568,6.099999904632568,19865206
FWRY.CA,FinTech,2024-04-27 21:00:00,6.099999904632568,6.099999904632568,6.099999904632568,6.099999904632568,6.099999904632568,0
FWRY.CA,FinTech,2024-04-28 21:00:00,5.949999809265137,6.199999809265137,5.860000133514404,6.139999866485596,6.139999866485596,19379921
FWRY.CA,FinTech,2024-04-29 21:00:00,6.139999866485596,6.199999809265137,5.510000228881836,5.519999980926514,5.519999980926514,45622873
FWRY.CA,FinTech,2024-05-01 21:00:00,5.889999866485596,6.099999904632568,5.829999923706055,5.929999828338623,5.929999828338623,27248291
FWRY.CA,FinTech,2024-05-06 21:00:00,5.929999828338623,6.159999847412109,5.800000190734863,6.070000171661377,6.070000171661377,16000122
FWRY.CA,FinTech,2024-05-07 21:00:00,6.070000171661377,6.199999809265137,5.949999809265137,6.070000171661377,6.070000171661377,19817723
FWRY.CA,FinTech,2024-05-08 21:00:00,6.070000171661377,6.28000020980835,6.010000228881836,6.070000171661377,6.070000171661377,26725791
FWRY.CA,FinTech,2024-05-11 21:00:00,6.070000171661377,6.130000114440918,5.710000038146973,5.800000190734863,5.800000190734863,12413174
FWRY.CA,FinTech,2024-05-12 21:00:00,5.800000190734863,5.840000152587891,5.550000190734863,5.769999980926514,5.769999980926514,4058481
FWRY.CA,FinTech,2024-05-13 21:00:00,5.769999980926514,6.110000133514404,5.78000020980835,6.0,6.0,14976210
FWRY.CA,FinTech,2024-05-14 21:00:00,6.0,6.119999885559082,5.96999979019165,6.0,6.0,7286254
FWRY.CA,FinTech,2024-05-15 21:00:00,6.0,6.269999980926514,6.0,6.199999809265137,6.199999809265137,33169381
FWRY.CA,FinTech,2024-05-18 21:00:00,6.199999809265137,6.449999809265137,6.21999979019165,6.309999942779541,6.309999942779541,42130019
FWRY.CA,FinTech,2024-05-19 21:00:00,6.309999942779541,6.400000095367432,6.170000076293945,6.170000076293945,6.170000076293945,19688962
FWRY.CA,FinTech,2024-05-20 21:00:00,6.170000076293945,6.239999771118164,6.070000171661377,6.070000171661377,6.070000171661377,10056641
FWRY.CA,FinTech,2024-05-21 21:00:00,6.070000171661377,6.170000076293945,5.96999979019165,6.090000152587891,6.090000152587891,14312734
FWRY.CA,FinTech,2024-05-22 21:00:00,6.090000152587891,6.239999771118164,6.070000171661377,6.150000095367432,6.150000095367432,29858206
FWRY.CA,FinTech,2024-05-25 21:00:00,6.150000095367432,6.150000095367432,6.150000095367432,6.150000095367432,6.150000095367432,0
FWRY.CA,FinTech,2024-05-26 21:00:00,6.210000038146973,6.25,6.019999980926514,6.059999942779541,6.059999942779541,16168119
FWRY.CA,FinTech,2024-05-27 21:00:00,6.059999942779541,6.130000114440918,5.960000038146973,6.099999904632568,6.099999904632568,11393641
FWRY.CA,FinTech,2024-05-28 21:00:00,6.099999904632568,6.199999809265137,6.019999980926514,6.050000190734863,6.050000190734863,8647438
FWRY.CA,FinTech,2024-05-29 21:00:00,6.050000190734863,6.079999923706055,5.769999980926514,5.769999980926514,5.769999980926514,10767645
FWRY.CA,FinTech,2024-06-01 21:00:00,5.769999980926514,5.949999809265137,5.820000171661377,5.860000133514404,5.860000133514404,8817937
FWRY.CA,FinTech,2024-06-02 21:00:00,5.860000133514404,5.920000076293945,5.760000228881836,5.800000190734863,5.800000190734863,8328208
FWRY.CA,FinTech,2024-06-03 21:00:00,5.800000190734863,6.039999961853027,5.820000171661377,5.909999847412109,5.909999847412109,17235925
FWRY.CA,FinTech,2024-06-04 21:00:00,5.909999847412109,5.929999828338623,5.599999904632568,5.739999771118164,5.739999771118164,13586430
FWRY.CA,FinTech,2024-06-05 21:00:00,5.739999771118164,5.860000133514404,5.739999771118164,5.75,5.75,3679831
FWRY.CA,FinTech,2024-06-08 21:00:00,5.75,5.800000190734863,5.510000228881836,5.559999942779541,5.559999942779541,7598106
FWRY.CA,FinTech,2024-06-09 21:00:00,5.559999942779541,5.610000133514404,5.519999980926514,5.570000171661377,5.570000171661377,2527801
FWRY.CA,FinTech,2024-06-10 21:00:00,5.570000171661377,5.769999980926514,5.590000152587891,5.599999904632568,5.599999904632568,9127467
FWRY.CA,FinTech,2024-06-11 21:00:00,5.599999904632568,5.690000057220459,5.570000171661377,5.590000152587891,5.590000152587891,4707850
FWRY.CA,FinTech,2024-06-12 21:00:00,5.590000152587891,5.659999847412109,5.599999904632568,5.650000095367432,5.650000095367432,6986994
FWRY.CA,FinTech,2024-06-22 21:00:00,5.650000095367432,5.900000095367432,5.659999847412109,5.849999904632568,5.849999904632568,14857192
FWRY.CA,FinTech,2024-06-23 21:00:00,5.849999904632568,5.980000019073486,5.840000152587891,5.849999904632568,5.849999904632568,16794942
FWRY.CA,FinTech,2024-06-24 21:00:00,5.849999904632568,5.989999771118164,5.809999942779541,5.989999771118164,5.989999771118164,20130836
FWRY.CA,FinTech,2024-06-25 21:00:00,5.989999771118164,6.150000095367432,6.010000228881836,6.139999866485596,6.139999866485596,54593425
FWRY.CA,FinTech,2024-06-26 21:00:00,6.139999866485596,6.590000152587891,6.150000095367432,6.5,6.5,47125722
FWRY.CA,FinTech,2024-07-01 21:00:00,6.519999980926514,6.639999866485596,6.46999979019165,6.579999923706055,6.579999923706055,39648186
FWRY.CA,FinTech,2024-07-02 21:00:00,6.579999923706055,6.699999809265137,6.480000019073486,6.5,6.5,27912708
FWRY.CA,FinTech,2024-07-03 21:00:00,6.5,6.590000152587891,6.449999809265137,6.449999809265137,6.449999809265137,14521784
FWRY.CA,FinTech,2024-07-06 21:00:00,6.449999809265137,6.630000114440918,6.460000038146973,6.559999942779541,6.559999942779541,21499496
FWRY.CA,FinTech,2024-07-07 21:00:00,6.559999942779541,6.869999885559082,6.579999923706055,6.670000076293945,6.670000076293945,38247857
FWRY.CA,FinTech,2024-07-08 21:00:00,6.670000076293945,6.769999980926514,6.599999904632568,6.710000038146973,6.710000038146973,19460120
FWRY.CA,FinTech,2024-07-09 21:00:00,6.710000038146973,6.800000190734863,6.650000095367432,6.760000228881836,6.760000228881836,11235927
FWRY.CA,FinTech,2024-07-13 21:00:00,6.760000228881836,6.800000190734863,6.440000057220459,6.5,6.5,16589896
FWRY.CA,FinTech,2024-07-14 21:00:00,6.5,6.610000133514404,6.460000038146973,6.510000228881836,6.510000228881836,9377141
FWRY.CA,FinTech,2024-07-15 21:00:00,6.510000228881836,6.639999866485596,6.5,6.639999866485596,6.639999866485596,22423773
FWRY.CA,FinTech,2024-07-16 21:00:00,6.639999866485596,6.769999980926514,6.610000133514404,6.769999980926514,6.769999980926514,20958065
FWRY.CA,FinTech,2024-07-17 21:00:00,6.769999980926514,7.0,6.789999961853027,6.940000057220459,6.940000057220459,28842309
FWRY.CA,FinTech,2024-07-20 21:00:00,6.940000057220459,7.0,6.820000171661377,6.820000171661377,6.820000171661377,8666130
FWRY.CA,FinTech,2024-07-21 21:00:00,6.820000171661377,6.920000076293945,6.730000019073486,6.75,6.75,11587430
FWRY.CA,FinTech,2024-07-22 21:00:00,6.75,6.920000076293945,6.650000095367432,6.820000171661377,6.820000171661377,17405508
FWRY.CA,FinTech,2024-07-23 21:00:00,6.820000171661377,6.909999847412109,6.71999979019165,6.75,6.75,8035291
FWRY.CA,FinTech,2024-07-27 21:00:00,6.75,6.789999961853027,6.679999828338623,6.710000038146973,6.710000038146973,2953274
FWRY.CA,FinTech,2024-07-28 21:00:00,6.710000038146973,6.820000171661377,6.690000057220459,6.730000019073486,6.730000019073486,3960765
FWRY.CA,FinTech,2024-07-29 21:00:00,6.730000019073486,6.78000020980835,6.659999847412109,6.769999980926514,6.769999980926514,3521843
FWRY.CA,FinTech,2024-07-30 21:00:00,6.769999980926514,7.010000228881836,6.739999771118164,6.889999866485596,6.889999866485596,22462413
FWRY.CA,FinTech,2024-07-31 21:00:00,6.889999866485596,7.03000020980835,6.710000038146973,6.849999904632568,6.849999904632568,13848340
FWRY.CA,FinTech,2024-08-03 21:00:00,6.849999904632568,6.75,6.539999961853027,6.550000190734863,6.550000190734863,7560518
FWRY.CA,FinTech,2024-08-04 21:00:00,6.550000190734863,6.489999771118164,5.949999809265137,6.260000228881836,6.260000228881836,14694528
FWRY.CA,FinTech,2024-08-05 21:00:00,6.260000228881836,6.400000095367432,6.199999809265137,6.199999809265137,6.199999809265137,5644764
FWRY.CA,FinTech,2024-08-06 21:00:00,6.199999809265137,6.400000095367432,6.239999771118164,6.349999904632568,6.349999904632568,13418747
FWRY.CA,FinTech,2024-08-07 21:00:00,6.349999904632568,6.460000038146973,6.25,6.349999904632568,6.349999904632568,8504930
FWRY.CA,FinTech,2024-08-10 21:00:00,6.349999904632568,6.539999961853027,6.349999904632568,6.5,6.5,8204722
FWRY.CA,FinTech,2024-08-11 21:00:00,6.5,6.630000114440918,6.489999771118164,6.519999980926514,6.519999980926514,5910587
FWRY.CA,FinTech,2024-08-12 21:00:00,6.519999980926514,6.579999923706055,6.400000095367432,6.429999828338623,6.429999828338623,4667782
FWRY.CA,FinTech,2024-08-13 21:00:00,6.429999828338623,6.539999961853027,6.449999809265137,6.489999771118164,6.489999771118164,3721413
FWRY.CA,FinTech,2024-08-14 21:00:00,6.489999771118164,6.960000038146973,6.510000228881836,6.800000190734863,6.800000190734863,24816574
FWRY.CA,FinTech,2024-08-17 21:00:00,6.800000190734863,6.929999828338623,6.710000038146973,6.730000019073486,6.730000019073486,3824329
FWRY.CA,FinTech,2024-08-18 21:00:00,6.730000019073486,6.809999942779541,6.679999828338623,6.78000020980835,6.78000020980835,1757474
FWRY.CA,FinTech,2024-08-19 21:00:00,6.78000020980835,7.110000133514404,6.78000020980835,7.050000190734863,7.050000190734863,24890116
FWRY.CA,FinTech,2024-08-20 21:00:00,7.050000190734863,7.179999828338623,7.0,7.010000228881836,7.010000228881836,12885081
FWRY.CA,FinTech,2024-08-21 21:00:00,7.010000228881836,7.159999847412109,7.010000228881836,7.039999961853027,7.039999961853027,13808053
FWRY.CA,FinTech,2024-08-24 21:00:00,7.039999961853027,7.159999847412109,7.019999980926514,7.099999904632568,7.099999904632568,3813318
FWRY.CA,FinTech,2024-08-25 21:00:00,7.099999904632568,7.650000095367432,7.150000095367432,7.619999885559082,7.619999885559082,48351857
FWRY.CA,FinTech,2024-08-26 21:00:00,7.619999885559082,8.020000457763672,7.510000228881836,7.75,7.75,43670528
FWRY.CA,FinTech,2024-08-27 21:00:00,7.75,7.909999847412109,7.570000171661377,7.590000152587891,7.590000152587891,15369999
FWRY.CA,FinTech,2024-08-28 21:00:00,7.590000152587891,7.800000190734863,7.510000228881836,7.599999904632568,7.599999904632568,20576727
FWRY.CA,FinTech,2024-08-31 21:00:00,7.599999904632568,7.75,7.5,7.579999923706055,7.579999923706055,4823574
FWRY.CA,FinTech,2024-09-01 21:00:00,7.579999923706055,7.670000076293945,7.5,7.539999961853027,7.539999961853027,8407405
FWRY.CA,FinTech,2024-09-02 21:00:00,7.539999961853027,7.849999904632568,7.480000019073486,7.699999809265137,7.699999809265137,9233759
FWRY.CA,FinTech,2024-09-03 21:00:00,7.699999809265137,7.730000019073486,7.550000190734863,7.699999809265137,7.699999809265137,4565117
FWRY.CA,FinTech,2024-09-04 21:00:00,7.699999809265137,7.789999961853027,7.690000057220459,7.760000228881836,7.760000228881836,8645704
FWRY.CA,FinTech,2024-09-07 21:00:00,7.760000228881836,7.869999885559082,7.400000095367432,7.429999828338623,7.429999828338623,9870073
FWRY.CA,FinTech,2024-09-08 21:00:00,7.429999828338623,7.489999771118164,7.300000190734863,7.369999885559082,7.369999885559082,10550517
FWRY.CA,FinTech,2024-09-09 21:00:00,7.369999885559082,7.460000038146973,7.199999809265137,7.210000038146973,7.210000038146973,6865039
FWRY.CA,FinTech,2024-09-10 21:00:00,7.210000038146973,7.710000038146973,7.110000133514404,7.599999904632568,7.599999904632568,12633581
FWRY.CA,FinTech,2024-09-11 21:00:00,7.599999904632568,7.900000095367432,7.539999961853027,7.639999866485596,7.639999866485596,14276602
FWRY.CA,FinTech,2024-09-15 21:00:00,7.639999866485596,7.900000095367432,7.630000114440918,7.699999809265137,7.699999809265137,3989655
FWRY.CA,FinTech,2024-09-16 21:00:00,7.699999809265137,7.949999809265137,7.650000095367432,7.800000190734863,7.800000190734863,6836297
FWRY.CA,FinTech,2024-09-17 21:00:00,7.800000190734863,7.949999809265137,7.71999979019165,7.949999809265137,7.949999809265137,7775584
FWRY.CA,FinTech,2024-09-18 21:00:00,7.949999809265137,8.40999984741211,7.960000038146973,8.399999618530273,8.399999618530273,25890169
FWRY.CA,FinTech,2024-09-21 21:00:00,8.399999618530273,8.5,8.289999961853027,8.34000015258789,8.34000015258789,5297048
FWRY.CA,FinTech,2024-09-22 21:00:00,8.34000015258789,8.770000457763672,8.329999923706055,8.399999618530273,8.399999618530273,23884938
FWRY.CA,FinTech,2024-09-23 21:00:00,8.600000381469727,8.699999809265137,8.350000381469727,8.369999885559082,8.369999885559082,5446952
FWRY.CA,FinTech,2024-09-24 21:00:00,8.329999923706055,8.680000305175781,8.319999694824219,8.600000381469727,8.600000381469727,16198438
FWRY.CA,FinTech,2024-09-25 21:00:00,8.600000381469727,8.699999809265137,8.350000381469727,8.369999885559082,8.369999885559082,5446952
FWRY.CA,FinTech,2024-09-28 21:00:00,8.369999885559082,8.5,8.350000381469727,8.359999656677246,8.359999656677246,4027363
FWRY.CA,FinTech,2024-09-29 21:00:00,8.359999656677246,8.5,8.210000038146973,8.390000343322754,8.390000343322754,6779734
FWRY.CA,FinTech,2024-09-30 21:00:00,8.390000343322754,8.539999961853027,8.359999656677246,8.5,8.5,5748037
FWRY.CA,FinTech,2024-10-01 21:00:00,8.5,8.600000381469727,8.220000267028809,8.260000228881836,8.260000228881836,6569017
FWRY.CA,FinTech,2024-10-02 21:00:00,8.260000228881836,8.5,8.289999961853027,8.5,8.5,8530662
FWRY.CA,FinTech,2024-10-06 21:00:00,8.5,8.90999984741211,8.600000381469727,8.609999656677246,8.609999656677246,20942621
FWRY.CA,FinTech,2024-10-07 21:00:00,8.609999656677246,8.8100004196167,8.0600004196167,8.359999656677246,8.359999656677246,14646490
FWRY.CA,FinTech,2024-10-08 21:00:00,8.359999656677246,8.59000015258789,8.220000267028809,8.59000015258789,8.59000015258789,8991299
FWRY.CA,FinTech,2024-10-09 21:00:00,8.59000015258789,8.729999542236328,8.199999809265137,8.25,8.25,15564859
FWRY.CA,FinTech,2024-10-12 21:00:00,8.25,8.329999923706055,7.699999809265137,7.699999809265137,7.699999809265137,10238580
FWRY.CA,FinTech,2024-10-13 21:00:00,7.699999809265137,8.010000228881836,7.489999771118164,7.900000095367432,7.900000095367432,18543865
FWRY.CA,FinTech,2024-10-14 21:00:00,7.900000095367432,8.149999618530273,7.920000076293945,8.149999618530273,8.149999618530273,8192665
FWRY.CA,FinTech,2024-10-15 21:00:00,8.149999618530273,8.399999618530273,7.940000057220459,8.0,8.0,10188231
FWRY.CA,FinTech,2024-10-16 21:00:00,8.0,8.180000305175781,7.929999828338623,8.039999961853027,8.039999961853027,5550937
FWRY.CA,FinTech,2024-10-19 21:00:00,8.039999961853027,8.100000381469727,7.590000152587891,7.800000190734863,7.800000190734863,15252754
FWRY.CA,FinTech,2024-10-20 21:00:00,7.800000190734863,7.96999979019165,7.670000076293945,7.96999979019165,7.96999979019165,5060939
FWRY.CA,FinTech,2024-10-21 21:00:00,7.96999979019165,8.109999656677246,7.980000019073486,8.0,8.0,5448367
FWRY.CA,FinTech,2024-10-22 21:00:00,8.0,8.109999656677246,7.800000190734863,7.889999866485596,7.889999866485596,10741533
FWRY.CA,FinTech,2024-10-23 21:00:00,7.889999866485596,7.949999809265137,7.739999771118164,7.800000190734863,7.800000190734863,6654700
FWRY.CA,FinTech,2024-10-26 21:00:00,7.800000190734863,7.929999828338623,7.75,7.889999866485596,7.889999866485596,6017665
FWRY.CA,FinTech,2024-10-27 21:00:00,7.889999866485596,7.940000057220459,7.699999809265137,7.75,7.75,13493478
FWRY.CA,FinTech,2024-10-28 21:00:00,7.75,7.829999923706055,7.650000095367432,7.690000057220459,7.690000057220459,7037602
FWRY.CA,FinTech,2024-10-29 21:00:00,7.690000057220459,7.789999961853027,7.639999866485596,7.659999847412109,7.659999847412109,2560702
FWRY.CA,FinTech,2024-10-30 21:00:00,7.659999847412109,7.949999809265137,7.670000076293945,7.900000095367432,7.900000095367432,9739195
FWRY.CA,FinTech,2024-11-02 22:00:00,7.900000095367432,8.100000381469727,7.949999809265137,8.0,8.0,5314510
FWRY.CA,FinTech,2024-11-03 22:00:00,8.0,8.170000076293945,7.929999828338623,7.929999828338623,7.929999828338623,20499549
FWRY.CA,FinTech,2024-11-04 22:00:00,7.929999828338623,8.020000457763672,7.900000095367432,7.909999847412109,7.909999847412109,5565686
FWRY.CA,FinTech,2024-11-05 22:00:00,7.909999847412109,8.220000267028809,7.940000057220459,8.15999984741211,8.15999984741211,12533914
FWRY.CA,FinTech,2024-11-06 22:00:00,8.15999984741211,8.260000228881836,8.140000343322754,8.180000305175781,8.180000305175781,6747056
FWRY.CA,FinTech,2024-11-09 22:00:00,8.180000305175781,8.359999656677246,8.199999809265137,8.270000457763672,8.270000457763672,7090476
FWRY.CA,FinTech,2024-11-10 22:00:00,8.270000457763672,8.460000038146973,8.270000457763672,8.40999984741211,8.40999984741211,20457062
FWRY.CA,FinTech,2024-11-11 22:00:00,8.40999984741211,8.5,8.319999694824219,8.4399995803833,8.4399995803833,10756305
FWRY.CA,FinTech,2024-11-12 22:00:00,8.4399995803833,8.5,8.369999885559082,8.4399995803833,8.4399995803833,14333475
FWRY.CA,FinTech,2024-11-13 22:00:00,8.4399995803833,8.5,8.350000381469727,8.399999618530273,8.399999618530273,2794689
FWRY.CA,FinTech,2024-11-16 22:00:00,8.399999618530273,8.5600004196167,8.300000190734863,8.460000038146973,8.460000038146973,6275799
FWRY.CA,FinTech,2024-11-17 22:00:00,8.460000038146973,8.529999732971191,8.260000228881836,8.350000381469727,8.350000381469727,8341936
FWRY.CA,FinTech,2024-11-18 22:00:00,8.350000381469727,8.510000228881836,8.279999732971191,8.319999694824219,8.319999694824219,9545475
FWRY.CA,FinTech,2024-11-19 22:00:00,8.319999694824219,8.399999618530273,8.149999618530273,8.239999771118164,8.239999771118164,3383588
FWRY.CA,FinTech,2024-11-20 22:00:00,8.239999771118164,8.420000076293945,8.239999771118164,8.380000114440918,8.380000114440918,8480879
FWRY.CA,FinTech,2024-11-23 22:00:00,8.380000114440918,8.420000076293945,8.239999771118164,8.239999771118164,8.239999771118164,1002387
FWRY.CA,FinTech,2024-11-24 22:00:00,8.239999771118164,8.300000190734863,8.130000114440918,8.229999542236328,8.229999542236328,4648360
FWRY.CA,FinTech,2024-11-25 22:00:00,8.229999542236328,8.279999732971191,8.15999984741211,8.15999984741211,8.15999984741211,2041325
FWRY.CA,FinTech,2024-11-26 22:00:00,8.15999984741211,8.199999809265137,8.0600004196167,8.09000015258789,8.09000015258789,5926832
FWRY.CA,FinTech,2024-11-27 22:00:00,8.09000015258789,8.390000343322754,8.100000381469727,8.3100004196167,8.3100004196167,3634287
FWRY.CA,FinTech,2024-11-30 22:00:00,8.3100004196167,8.510000228881836,8.350000381469727,8.5,8.5,5985557
FWRY.CA,FinTech,2024-12-01 22:00:00,8.5,8.65999984741211,8.380000114440918,8.399999618530273,8.399999618530273,9144138
FWRY.CA,FinTech,2024-12-02 22:00:00,8.399999618530273,8.569999694824219,8.380000114440918,8.40999984741211,8.40999984741211,4804378
FWRY.CA,FinTech,2024-12-03 22:00:00,8.40999984741211,8.869999885559082,8.420000076293945,8.869999885559082,8.869999885559082,18157967
FWRY.CA,FinTech,2024-12-04 22:00:00,8.869999885559082,8.869999885559082,8.699999809265137,8.75,8.75,4709199
FWRY.CA,FinTech,2024-12-07 22:00:00,8.75,9.0,8.75,8.850000381469727,8.850000381469727,7896790
FWRY.CA,FinTech,2024-12-08 22:00:00,8.850000381469727,9.0,8.8100004196167,8.890000343322754,8.890000343322754,3798391
FWRY.CA,FinTech,2024-12-09 22:00:00,8.890000343322754,9.0600004196167,8.850000381469727,8.949999809265137,8.949999809265137,7333613
FWRY.CA,FinTech,2024-12-10 22:00:00,8.949999809265137,9.0600004196167,8.75,8.760000228881836,8.760000228881836,2451820
FWRY.CA,FinTech,2024-12-11 22:00:00,8.760000228881836,8.970000267028809,8.770000457763672,8.800000190734863,8.800000190734863,4201441
FWRY.CA,FinTech,2024-12-14 22:00:00,8.800000190734863,8.899999618530273,8.770000457763672,8.789999961853027,8.789999961853027,1248602
FWRY.CA,FinTech,2024-12-15 22:00:00,8.789999961853027,8.949999809265137,8.600000381469727,8.6899995803833,8.6899995803833,5792651
FWRY.CA,FinTech,2024-12-16 22:00:00,8.6899995803833,8.869999885559082,8.609999656677246,8.65999984741211,8.65999984741211,5826694
FWRY.CA,FinTech,2024-12-17 22:00:00,8.65999984741211,8.779999732971191,8.539999961853027,8.649999618530273,8.649999618530273,6147922
FWRY.CA,FinTech,2024-12-18 22:00:00,8.649999618530273,8.630000114440918,8.25,8.5,8.5,12481148
FWRY.CA,FinTech,2024-12-21 22:00:00,8.5,8.600000381469727,8.300000190734863,8.329999923706055,8.329999923706055,4407373
FWRY.CA,FinTech,2024-12-22 22:00:00,8.329999923706055,8.390000343322754,8.0600004196167,8.229999542236328,8.229999542236328,2762862
FWRY.CA,FinTech,2024-12-23 22:00:00,8.229999542236328,8.270000457763672,8.050000190734863,8.239999771118164,8.239999771118164,3040998
FWRY.CA,FinTech,2024-12-24 22:00:00,8.239999771118164,8.40999984741211,8.25,8.300000190734863,8.300000190734863,3570772
FWRY.CA,FinTech,2024-12-25 22:00:00,8.300000190734863,8.40999984741211,8.260000228881836,8.390000343322754,8.390000343322754,840813
FWRY.CA,FinTech,2024-12-28 22:00:00,8.390000343322754,8.649999618530273,8.369999885559082,8.520000457763672,8.520000457763672,4115929
FWRY.CA,FinTech,2024-12-29 22:00:00,8.520000457763672,8.600000381469727,8.40999984741211,8.430000305175781,8.430000305175781,2023634
FWRY.CA,FinTech,2024-12-30 22:00:00,8.430000305175781,8.59000015258789,8.399999618530273,8.550000190734863,8.550000190734863,1422000
FWRY.CA,FinTech,2025-01-01 22:00:00,8.550000190734863,8.6899995803833,8.550000190734863,8.640000343322754,8.640000343322754,1036615
FWRY.CA,FinTech,2025-01-04 22:00:00,8.640000343322754,8.899999618530273,8.65999984741211,8.8100004196167,8.8100004196167,3205244
FWRY.CA,FinTech,2025-01-05 22:00:00,8.8100004196167,9.329999923706055,8.84000015258789,9.050000190734863,9.050000190734863,17691049
FWRY.CA,FinTech,2025-01-07 22:00:00,9.050000190734863,9.180000305175781,8.829999923706055,8.930000305175781,8.930000305175781,6911120
FWRY.CA,FinTech,2025-01-08 22:00:00,8.930000305175781,9.010000228881836,8.760000228881836,8.760000228881836,8.760000228881836,2681305
FWRY.CA,FinTech,2025-01-11 22:00:00,8.760000228881836,8.970000267028809,8.600000381469727,8.680000305175781,8.680000305175781,3505746
FWRY.CA,FinTech,2025-01-12 22:00:00,8.680000305175781,8.829999923706055,8.350000381469727,8.350000381469727,8.350000381469727,2360174
FWRY.CA,FinTech,2025-01-13 22:00:00,8.350000381469727,8.600000381469727,8.020000457763672,8.199999809265137,8.199999809265137,9160103
FWRY.CA,FinTech,2025-01-14 22:00:00,8.199999809265137,8.430000305175781,8.119999885559082,8.380000114440918,8.380000114440918,12503699
FWRY.CA,FinTech,2025-01-15 22:00:00,8.380000114440918,8.5,8.300000190734863,8.430000305175781,8.430000305175781,5400393
FWRY.CA,FinTech,2025-01-18 22:00:00,8.380000114440918,8.539999961853027,8.300000190734863,8.350000381469727,8.350000381469727,8285998
FWRY.CA,FinTech,2025-01-19 22:00:00,8.40999984741211,8.539999961853027,8.329999923706055,8.40999984741211,8.40999984741211,3598585
FWRY.CA,FinTech,2025-01-20 22:00:00,8.40999984741211,8.6899995803833,8.399999618530273,8.4399995803833,8.4399995803833,6894279
FWRY.CA,FinTech,2025-01-21 22:00:00,8.4399995803833,8.760000228881836,8.470000267028809,8.520000457763672,8.520000457763672,10295855
FWRY.CA,FinTech,2025-01-22 22:00:00,8.520000457763672,8.800000190734863,8.550000190734863,8.619999885559082,8.619999885559082,8865019
FWRY.CA,FinTech,2025-01-25 22:00:00,8.619999885559082,8.75,8.5,8.5,8.5,3204583
FWRY.CA,FinTech,2025-01-26 22:00:00,8.5,8.619999885559082,8.399999618530273,8.430000305175781,8.430000305175781,3662602
FWRY.CA,FinTech,2025-01-27 22:00:00,8.430000305175781,8.5,8.289999961853027,8.380000114440918,8.380000114440918,3071494
FWRY.CA,FinTech,2025-01-28 22:00:00,8.380000114440918,8.630000114440918,8.359999656677246,8.5,8.5,4313692
FWRY.CA,FinTech,2025-01-29 22:00:00,8.5,8.6899995803833,8.529999732971191,8.600000381469727,8.600000381469727,4131038
FWRY.CA,FinTech,2025-02-01 22:00:00,8.600000381469727,8.649999618530273,8.460000038146973,8.470000267028809,8.470000267028809,2281494
FWRY.CA,FinTech,2025-02-02 22:00:00,8.470000267028809,8.539999961853027,8.329999923706055,8.329999923706055,8.329999923706055,4269581
FWRY.CA,FinTech,2025-02-03 22:00:00,8.329999923706055,8.460000038146973,8.359999656677246,8.399999618530273,8.399999618530273,4595407
FWRY.CA,FinTech,2025-02-04 22:00:00,8.399999618530273,8.510000228881836,8.3100004196167,8.34000015258789,8.34000015258789,8399963
FWRY.CA,FinTech,2025-02-05 22:00:00,8.34000015258789,8.399999618530273,8.260000228881836,8.3100004196167,8.3100004196167,4102937
FWRY.CA,FinTech,2025-02-08 22:00:00,8.3100004196167,8.529999732971191,8.300000190734863,8.380000114440918,8.380000114440918,2392647
FWRY.CA,FinTech,2025-02-09 22:00:00,8.380000114440918,8.470000267028809,8.350000381469727,8.399999618530273,8.399999618530273,1484576
FWRY.CA,FinTech,2025-02-10 22:00:00,8.399999618530273,8.449999809265137,8.109999656677246,8.15999984741211,8.15999984741211,4683692
FWRY.CA,FinTech,2025-02-11 22:00:00,8.15999984741211,8.15999984741211,7.920000076293945,7.980000019073486,7.980000019073486,7097686
FWRY.CA,FinTech,2025-02-12 22:00:00,7.980000019073486,8.260000228881836,7.880000114440918,8.199999809265137,8.199999809265137,11120228
FWRY.CA,FinTech,2025-02-15 22:00:00,8.199999809265137,8.34000015258789,8.220000267028809,8.300000190734863,8.300000190734863,4131942
FWRY.CA,FinTech,2025-02-16 22:00:00,8.300000190734863,8.350000381469727,8.0600004196167,8.079999923706055,8.079999923706055,5472160
FWRY.CA,FinTech,2025-02-17 22:00:00,8.079999923706055,8.220000267028809,7.920000076293945,8.050000190734863,8.050000190734863,6760826
FWRY.CA,FinTech,2025-02-18 22:00:00,8.050000190734863,8.270000457763672,8.020000457763672,8.270000457763672,8.270000457763672,10152759
FWRY.CA,FinTech,2025-02-19 22:00:00,8.270000457763672,8.460000038146973,8.239999771118164,8.3100004196167,8.3100004196167,9118858
FWRY.CA,FinTech,2025-02-22 22:00:00,8.3100004196167,8.350000381469727,8.170000076293945,8.300000190734863,8.300000190734863,3941183
FWRY.CA,FinTech,2025-02-23 22:00:00,8.300000190734863,8.380000114440918,8.109999656677246,8.25,8.25,1672344
FWRY.CA,FinTech,2025-02-24 22:00:00,8.25,8.279999732971191,8.130000114440918,8.149999618530273,8.149999618530273,4213596
FWRY.CA,FinTech,2025-02-25 22:00:00,8.149999618530273,8.199999809265137,7.960000038146973,8.010000228881836,8.010000228881836,18443556
FWRY.CA,FinTech,2025-02-26 22:00:00,8.010000228881836,8.199999809265137,8.0,8.0,8.0,6986462
FWRY.CA,FinTech,2025-03-01 22:00:00,8.0,8.359999656677246,8.029999732971191,8.350000381469727,8.350000381469727,7871557
FWRY.CA,FinTech,2025-03-02 22:00:00,8.350000381469727,8.569999694824219,8.350000381469727,8.5,8.5,19311951
FWRY.CA,FinTech,2025-03-03 22:00:00,8.5,8.5,8.25,8.420000076293945,8.420000076293945,12234879
FWRY.CA,FinTech,2025-03-04 22:00:00,8.420000076293945,8.399999618530273,8.180000305175781,8.239999771118164,8.239999771118164,12681184
FWRY.CA,FinTech,2025-03-05 22:00:00,8.239999771118164,8.300000190734863,8.15999984741211,8.260000228881836,8.260000228881836,7844718
FWRY.CA,FinTech,2025-03-08 22:00:00,8.260000228881836,8.390000343322754,8.260000228881836,8.390000343322754,8.390000343322754,2161634
FWRY.CA,FinTech,2025-03-09 22:00:00,8.390000343322754,8.5,8.350000381469727,8.420000076293945,8.420000076293945,4621314
FWRY.CA,FinTech,2025-03-10 22:00:00,8.420000076293945,8.479999542236328,8.350000381469727,8.460000038146973,8.460000038146973,3567384
FWRY.CA,FinTech,2025-03-11 22:00:00,8.460000038146973,8.65999984741211,8.460000038146973,8.619999885559082,8.619999885559082,12539465
FWRY.CA,FinTech,2025-03-12 22:00:00,8.619999885559082,8.989999771118164,8.640000343322754,8.899999618530273,8.899999618530273,14915600
FWRY.CA,FinTech,2025-03-15 22:00:00,8.899999618530273,9.289999961853027,8.850000381469727,9.140000343322754,9.140000343322754,10900267
FWRY.CA,FinTech,2025-03-16 22:00:00,9.140000343322754,9.369999885559082,9.0,9.260000228881836,9.260000228881836,6792636
FWRY.CA,FinTech,2025-03-17 22:00:00,9.260000228881836,9.399999618530273,9.25,9.380000114440918,9.380000114440918,3005939
FWRY.CA,FinTech,2025-03-18 22:00:00,9.380000114440918,9.470000267028809,9.09000015258789,9.25,9.25,3734966
FWRY.CA,FinTech,2025-03-19 22:00:00,9.25,9.319999694824219,9.09000015258789,9.09000015258789,9.09000015258789,18527388
FWRY.CA,FinTech,2025-03-22 22:00:00,9.09000015258789,9.350000381469727,9.109999656677246,9.300000190734863,9.300000190734863,1976524
FWRY.CA,FinTech,2025-03-23 22:00:00,9.300000190734863,9.350000381469727,9.15999984741211,9.25,9.25,1157210
FWRY.CA,FinTech,2025-03-24 22:00:00,9.25,9.329999923706055,9.199999809265137,9.199999809265137,9.199999809265137,1478925
FWRY.CA,FinTech,2025-03-25 22:00:00,9.199999809265137,9.350000381469727,9.170000076293945,9.350000381469727,9.350000381469727,1407257
FWRY.CA,FinTech,2025-03-26 22:00:00,9.350000381469727,9.65999984741211,9.359999656677246,9.600000381469727,9.600000381469727,4524433
FWRY.CA,FinTech,2025-04-02 22:00:00,9.600000381469727,9.800000190734863,9.550000190734863,9.800000190734863,9.800000190734863,3734985
FWRY.CA,FinTech,2025-04-05 22:00:00,9.800000190734863,9.579999923706055,9.010000228881836,9.069999694824219,9.069999694824219,7216966
FWRY.CA,FinTech,2025-04-06 22:00:00,9.069999694824219,9.069999694824219,8.649999618530273,8.8100004196167,8.8100004196167,10478972
FWRY.CA,FinTech,2025-04-07 22:00:00,8.8100004196167,9.130000114440918,8.920000076293945,9.079999923706055,9.079999923706055,5753960
FWRY.CA,FinTech,2025-04-08 22:00:00,9.079999923706055,9.270000457763672,8.850000381469727,8.899999618530273,8.899999618530273,5591648
FWRY.CA,FinTech,2025-04-09 22:00:00,8.899999618530273,9.34000015258789,9.020000457763672,9.1899995803833,9.1899995803833,7187464
FWRY.CA,FinTech,2025-04-12 22:00:00,9.1899995803833,9.34000015258789,9.1899995803833,9.319999694824219,9.319999694824219,1731572
FWRY.CA,FinTech,2025-04-13 22:00:00,9.319999694824219,9.630000114440918,9.329999923706055,9.600000381469727,9.600000381469727,5762841
FWRY.CA,FinTech,2025-04-14 22:00:00,9.600000381469727,9.770000457763672,9.470000267028809,9.770000457763672,9.770000457763672,3750577
FWRY.CA,FinTech,2025-04-15 22:00:00,9.770000457763672,9.760000228881836,9.640000343322754,9.699999809265137,9.699999809265137,3422831
FWRY.CA,FinTech,2025-04-16 22:00:00,9.699999809265137,9.6899995803833,9.430000305175781,9.5,9.5,1878017
FWRY.CA,FinTech,2025-04-21 22:00:00,9.5,9.649999618530273,9.430000305175781,9.579999923706055,9.579999923706055,2280653
FWRY.CA,FinTech,2025-04-22 22:00:00,9.579999923706055,10.25,9.600000381469727,10.199999809265137,10.199999809265137,9813429
FWRY.CA,FinTech,2025-04-26 21:00:00,10.199999809265137,10.390000343322754,10.100000381469727,10.199999809265137,10.199999809265137,4766511
FWRY.CA,FinTech,2025-04-27 21:00:00,10.199999809265137,10.479999542236328,10.0600004196167,10.350000381469727,10.350000381469727,4995370
FWRY.CA,FinTech,2025-04-28 21:00:00,10.350000381469727,10.890000343322754,10.359999656677246,10.65999984741211,10.65999984741211,12958073
FWRY.CA,FinTech,2025-04-29 21:00:00,10.65999984741211,10.800000190734863,10.5,10.65999984741211,10.65999984741211,5507526
FWRY.CA,FinTech,2025-05-03 21:00:00,10.65999984741211,10.90999984741211,10.609999656677246,10.65999984741211,10.65999984741211,1479313
FWRY.CA,FinTech,2025-05-04 21:00:00,10.65999984741211,10.75,10.470000267028809,10.600000381469727,10.600000381469727,1493344
FWRY.CA,FinTech,2025-05-05 21:00:00,10.600000381469727,10.800000190734863,10.5,10.710000038146973,10.710000038146973,5317104
FWRY.CA,FinTech,2025-05-06 21:00:00,10.710000038146973,11.069999694824219,9.819999694824219,10.229999542236328,10.229999542236328,7430154
FWRY.CA,FinTech,2025-05-07 21:00:00,10.229999542236328,10.4399995803833,10.069999694824219,10.220000267028809,10.220000267028809,3148848
FWRY.CA,FinTech,2025-05-10 21:00:00,10.220000267028809,10.4399995803833,9.800000190734863,9.800000190734863,9.800000190734863,4465427
FWRY.CA,FinTech,2025-05-11 21:00:00,9.800000190734863,10.100000381469727,9.819999694824219,9.899999618530273,9.899999618530273,3282149
FWRY.CA,FinTech,2025-05-12 21:00:00,9.899999618530273,10.050000190734863,9.680000305175781,9.699999809265137,9.699999809265137,6982353
FWRY.CA,FinTech,2025-05-13 21:00:00,9.699999809265137,10.0,9.699999809265137,9.920000076293945,9.920000076293945,2073739
FWRY.CA,FinTech,2025-05-14 21:00:00,9.920000076293945,10.149999618530273,9.930000305175781,10.140000343322754,10.140000343322754,5272702
FWRY.CA,FinTech,2025-05-17 21:00:00,10.140000343322754,10.229999542236328,9.899999618530273,9.949999809265137,9.949999809265137,2312159
FWRY.CA,FinTech,2025-05-18 21:00:00,9.949999809265137,10.0,9.899999618530273,9.899999618530273,9.899999618530273,6012553
FWRY.CA,FinTech,2025-05-19 21:00:00,9.899999618530273,10.6899995803833,9.899999618530273,10.670000076293945,10.670000076293945,19235980
FWRY.CA,FinTech,2025-05-20 21:00:00,10.670000076293945,11.199999809265137,10.510000228881836,11.199999809265137,11.199999809265137,10992870
FWRY.CA,FinTech,2025-05-21 21:00:00,11.199999809265137,11.65999984741211,10.920000076293945,11.5,11.5,5984402
FWRY.CA,FinTech,2025-05-24 21:00:00,11.5,11.760000228881836,11.369999885559082,11.649999618530273,11.649999618530273,9277130
FWRY.CA,FinTech,2025-05-25 21:00:00,11.649999618530273,11.65999984741211,11.0,11.210000038146973,11.210000038146973,5606719
FWRY.CA,FinTech,2025-05-26 21:00:00,11.210000038146973,11.699999809265137,11.119999885559082,11.3100004196167,11.3100004196167,6537777
FWRY.CA,FinTech,2025-05-27 21:00:00,11.3100004196167,11.949999809265137,11.5,11.539999961853027,11.539999961853027,16677000
FWRY.CA,FinTech,2025-05-28 21:00:00,11.539999961853027,11.630000114440918,11.199999809265137,11.40999984741211,11.40999984741211,7721710
FWRY.CA,FinTech,2025-05-31 21:00:00,11.40999984741211,11.5600004196167,11.260000228881836,11.399999618530273,11.399999618530273,5296936
FWRY.CA,FinTech,2025-06-01 21:00:00,11.399999618530273,11.4399995803833,11.079999923706055,11.1899995803833,11.1899995803833,10796138
FWRY.CA,FinTech,2025-06-02 21:00:00,11.1899995803833,11.279999732971191,10.850000381469727,10.930000305175781,10.930000305175781,10364916
FWRY.CA,FinTech,2025-06-03 21:00:00,10.930000305175781,11.1899995803833,10.899999618530273,11.0600004196167,11.0600004196167,3349775
FWRY.CA,FinTech,2025-06-09 21:00:00,11.0600004196167,11.579999923706055,11.029999732971191,11.449999809265137,11.449999809265137,7888239
FWRY.CA,FinTech,2025-06-10 21:00:00,11.449999809265137,11.600000381469727,11.15999984741211,11.199999809265137,11.199999809265137,2974185
FWRY.CA,FinTech,2025-06-11 21:00:00,11.199999809265137,11.390000343322754,11.0,11.100000381469727,11.100000381469727,7909616
FWRY.CA,FinTech,2025-06-14 21:00:00,11.100000381469727,11.199999809265137,10.020000457763672,11.0,11.0,12981026
FWRY.CA,FinTech,2025-06-15 21:00:00,11.0,11.199999809265137,10.699999809265137,10.899999618530273,10.899999618530273,5433196
FWRY.CA,FinTech,2025-06-16 21:00:00,10.899999618530273,10.949999809265137,10.550000190734863,10.619999885559082,10.619999885559082,8786148
FWRY.CA,FinTech,2025-06-17 21:00:00,10.619999885559082,11.199999809265137,10.25,11.0600004196167,11.0600004196167,6714396
FWRY.CA,FinTech,2025-06-18 21:00:00,11.0600004196167,11.399999618530273,10.699999809265137,11.0600004196167,11.0600004196167,30894460
FWRY.CA,FinTech,2025-06-21 21:00:00,11.0600004196167,11.789999961853027,10.930000305175781,11.710000038146973,11.710000038146973,9377232
FWRY.CA,FinTech,2025-06-22 21:00:00,11.710000038146973,12.010000228881836,11.359999656677246,12.010000228881836,12.010000228881836,13186253
FWRY.CA,FinTech,2025-06-23 21:00:00,12.010000228881836,12.529999732971191,11.899999618530273,12.350000381469727,12.350000381469727,16146041
FWRY.CA,FinTech,2025-06-24 21:00:00,12.350000381469727,12.649999618530273,12.149999618530273,12.649999618530273,12.649999618530273,6593882
FWRY.CA,FinTech,2025-06-28 21:00:00,12.649999618530273,12.770000457763672,12.210000038146973,12.470000267028809,12.470000267028809,6325307
FWRY.CA,FinTech,2025-06-29 21:00:00,12.470000267028809,12.5,12.050000190734863,12.050000190734863,12.050000190734863,13062241
FWRY.CA,FinTech,2025-06-30 21:00:00,12.050000190734863,12.170000076293945,11.869999885559082,12.050000190734863,12.050000190734863,4496811
FWRY.CA,FinTech,2025-07-01 21:00:00,12.050000190734863,12.319999694824219,12.0600004196167,12.199999809265137,12.199999809265137,3011559
FWRY.CA,FinTech,2025-07-05 21:00:00,12.199999809265137,12.600000381469727,12.199999809265137,12.5600004196167,12.5600004196167,8310697
FWRY.CA,FinTech,2025-07-06 21:00:00,12.5600004196167,12.970000267028809,12.399999618530273,12.859999656677246,12.859999656677246,10606162
FWRY.CA,FinTech,2025-07-08 21:00:00,12.859999656677246,13.699999809265137,12.550000190734863,13.010000228881836,13.010000228881836,8671550
FWRY.CA,FinTech,2025-07-09 21:00:00,13.010000228881836,13.270000457763672,12.859999656677246,13.020000457763672,13.020000457763672,6344969
FWRY.CA,FinTech,2025-07-12 21:00:00,13.020000457763672,13.600000381469727,12.960000038146973,13.25,13.25,7968348
FWRY.CA,FinTech,2025-07-13 21:00:00,13.25,13.640000343322754,12.930000305175781,13.130000114440918,13.130000114440918,10766314
FWRY.CA,FinTech,2025-07-14 21:00:00,13.130000114440918,13.260000228881836,12.649999618530273,12.649999618530273,12.649999618530273,7280383
FWRY.CA,FinTech,2025-07-15 21:00:00,12.649999618530273,12.84000015258789,12.210000038146973,12.289999961853027,12.289999961853027,6107260
FWRY.CA,FinTech,2025-07-16 21:00:00,12.289999961853027,13.0600004196167,12.300000190734863,12.449999809265137,12.449999809265137,7322972
FWRY.CA,FinTech,2025-07-19 21:00:00,12.449999809265137,12.789999961853027,12.5600004196167,12.6899995803833,12.6899995803833,4405707
FWRY.CA,FinTech,2025-07-20 21:00:00,12.6899995803833,13.0,12.529999732971191,12.529999732971191,12.529999732971191,4784446
FWRY.CA,FinTech,2025-07-21 21:00:00,12.529999732971191,12.680000305175781,12.40999984741211,12.5,12.5,2517182
FWRY.CA,FinTech,2025-07-22 21:00:00,12.5,12.5,12.5,12.5,12.5,0
FWRY.CA,FinTech,2025-07-26 21:00:00,12.390000343322754,13.100000381469727,12.390000343322754,13.010000228881836,13.010000228881836,8777250
FWRY.CA,FinTech,2025-07-27 21:00:00,13.010000228881836,13.289999961853027,12.699999809265137,13.050000190734863,13.050000190734863,5293741
FWRY.CA,FinTech,2025-07-28 21:00:00,13.050000190734863,13.050000190734863,12.729999542236328,13.039999961853027,13.039999961853027,3501102
FWRY.CA,FinTech,2025-07-29 21:00:00,13.039999961853027,13.289999961853027,12.300000190734863,12.5,12.5,7769343
FWRY.CA,FinTech,2025-07-30 21:00:00,12.5,12.850000381469727,12.600000381469727,12.850000381469727,12.850000381469727,1540267
FWRY.CA,FinTech,2025-08-02 21:00:00,12.850000381469727,12.850000381469727,12.850000381469727,12.850000381469727,12.850000381469727,0
FWRY.CA,FinTech,2025-08-03 21:00:00,12.850000381469727,12.850000381469727,12.850000381469727,12.850000381469727,12.850000381469727,0
FWRY.CA,FinTech,2025-08-04 21:00:00,12.850000381469727,12.850000381469727,12.850000381469727,12.850000381469727,12.850000381469727,0
FWRY.CA,FinTech,2025-08-05 21:00:00,12.850000381469727,12.850000381469727,12.850000381469727,12.850000381469727,12.850000381469727,0
FWRY.CA,FinTech,2025-08-06 21:00:00,12.850000381469727,12.850000381469727,12.850000381469727,12.850000381469727,12.850000381469727,0
FWRY.CA,FinTech,2025-08-09 21:00:00,13.020000457763672,13.5,13.020000457763672,13.34000015258789,13.34000015258789,5450015
FWRY.CA,FinTech,2025-08-10 21:00:00,13.34000015258789,13.550000190734863,13.350000381469727,13.380000114440918,13.380000114440918,3832341
FWRY.CA,FinTech,2025-08-11 21:00:00,13.380000114440918,13.470000267028809,13.170000076293945,13.399999618530273,13.399999618530273,6706361
FWRY.CA,FinTech,2025-08-12 21:00:00,13.399999618530273,13.449999809265137,13.029999732971191,13.130000114440918,13.130000114440918,4382502
FWRY.CA,FinTech,2025-08-13 21:00:00,13.130000114440918,13.300000190734863,12.970000267028809,13.199999809265137,13.199999809265137,4667983
FWRY.CA,FinTech,2025-08-16 21:00:00,13.199999809265137,13.329999923706055,13.010000228881836,13.289999961853027,13.289999961853027,1564151
FWRY.CA,FinTech,2025-08-17 21:00:00,13.289999961853027,13.5,13.140000343322754,13.489999771118164,13.489999771118164,2539987
FWRY.CA,FinTech,2025-08-18 21:00:00,13.489999771118164,13.850000381469727,13.100000381469727,13.779999732971191,13.779999732971191,6536057
FWRY.CA,FinTech,2025-08-19 21:00:00,13.779999732971191,13.850000381469727,13.5,13.65999984741211,13.65999984741211,5924204
FWRY.CA,FinTech,2025-08-20 21:00:00,13.65999984741211,13.729999542236328,13.350000381469727,13.59000015258789,13.59000015258789,2309707
FWRY.CA,FinTech,2025-08-23 21:00:00,13.59000015258789,13.789999961853027,13.5,13.720000267028809,13.720000267028809,2106503
FWRY.CA,FinTech,2025-08-24 21:00:00,13.720000267028809,13.819999694824219,13.649999618530273,13.720000267028809,13.720000267028809,1046602
FWRY.CA,FinTech,2025-08-25 21:00:00,13.720000267028809,13.800000190734863,13.25,13.399999618530273,13.399999618530273,2644599
FWRY.CA,FinTech,2025-08-26 21:00:00,13.399999618530273,13.489999771118164,13.149999618530273,13.489999771118164,13.489999771118164,1292240
FWRY.CA,FinTech,2025-08-27 21:00:00,13.489999771118164,13.800000190734863,13.319999694824219,13.800000190734863,13.800000190734863,2073736
FWRY.CA,FinTech,2025-08-30 21:00:00,13.800000190734863,13.850000381469727,13.300000190734863,13.319999694824219,13.319999694824219,3132249
FWRY.CA,FinTech,2025-08-31 21:00:00,13.319999694824219,13.5,13.229999542236328,13.300000190734863,13.300000190734863,2620846
FWRY.CA,FinTech,2025-09-01 21:00:00,13.300000190734863,13.489999771118164,13.300000190734863,13.319999694824219,13.319999694824219,1438439
FWRY.CA,FinTech,2025-09-02 21:00:00,13.319999694824219,13.399999618530273,13.0,13.050000190734863,13.050000190734863,4493316
FWRY.CA,FinTech,2025-09-06 21:00:00,13.050000190734863,13.369999885559082,12.800000190734863,13.050000190734863,13.050000190734863,2276076
FWRY.CA,FinTech,2025-09-07 21:00:00,13.050000190734863,13.399999618530273,13.0,13.140000343322754,13.140000343322754,4702021
FWRY.CA,FinTech,2025-09-08 21:00:00,13.140000343322754,13.420000076293945,13.130000114440918,13.149999618530273,13.149999618530273,3054796
FWRY.CA,FinTech,2025-09-09 21:00:00,13.149999618530273,13.399999618530273,13.050000190734863,13.300000190734863,13.300000190734863,3229839
FWRY.CA,FinTech,2025-09-10 21:00:00,13.300000190734863,13.989999771118164,13.210000038146973,13.649999618530273,13.649999618530273,6017122
FWRY.CA,FinTech,2025-09-13 21:00:00,13.649999618530273,13.800000190734863,13.550000190734863,13.699999809265137,13.699999809265137,2557773
FWRY.CA,FinTech,2025-09-14 21:00:00,13.699999809265137,13.800000190734863,13.199999809265137,13.40999984741211,13.40999984741211,4517568
FWRY.CA,FinTech,2025-09-15 21:00:00,13.40999984741211,13.5,13.09000015258789,13.460000038146973,13.460000038146973,2167427
FWRY.CA,FinTech,2025-09-16 21:00:00,13.460000038146973,13.470000267028809,13.100000381469727,13.300000190734863,13.300000190734863,5359326
FWRY.CA,FinTech,2025-09-17 21:00:00,13.300000190734863,13.420000076293945,13.100000381469727,13.109999656677246,13.109999656677246,7646783
FWRY.CA,FinTech,2025-09-20 21:00:00,13.109999656677246,13.699999809265137,13.149999618530273,13.5,13.5,6215479
FWRY.CA,FinTech,2025-09-21 21:00:00,13.5,13.800000190734863,13.399999618530273,13.470000267028809,13.470000267028809,6481066
FWRY.CA,FinTech,2025-09-22 21:00:00,13.470000267028809,13.979999542236328,13.520000457763672,13.829999923706055,13.829999923706055,5875299
FWRY.CA,FinTech,2025-09-23 21:00:00,13.829999923706055,13.979999542236328,13.6899995803833,13.75,13.75,2295177
FWRY.CA,FinTech,2025-09-24 21:00:00,13.75,13.899999618530273,13.75,13.800000190734863,13.800000190734863,2107204
FWRY.CA,FinTech,2025-09-27 21:00:00,13.800000190734863,13.960000038146973,13.710000038146973,13.899999618530273,13.899999618530273,1361368
FWRY.CA,FinTech,2025-09-28 21:00:00,13.899999618530273,14.300000190734863,13.819999694824219,14.270000457763672,14.270000457763672,9732538
FWRY.CA,FinTech,2025-09-29 21:00:00,14.270000457763672,14.550000190734863,14.079999923706055,14.199999809265137,14.199999809265137,4564815
FWRY.CA,FinTech,2025-09-30 21:00:00,14.199999809265137,14.430000305175781,14.100000381469727,14.199999809265137,14.199999809265137,6575596
FWRY.CA,FinTech,2025-10-01 21:00:00,14.199999809265137,14.699999809265137,14.180000305175781,14.510000228881836,14.510000228881836,11478355
FWRY.CA,FinTech,2025-10-04 21:00:00,14.510000228881836,14.729999542236328,14.520000457763672,14.609999656677246,14.609999656677246,1813321
FWRY.CA,FinTech,2025-10-05 21:00:00,14.609999656677246,14.970000267028809,14.40999984741211,14.779999732971191,14.779999732971191,2717065
FWRY.CA,FinTech,2025-10-06 21:00:00,14.779999732971191,14.819999694824219,14.510000228881836,14.600000381469727,14.600000381469727,2028431
FWRY.CA,FinTech,2025-10-07 21:00:00,14.600000381469727,14.739999771118164,14.390000343322754,14.720000267028809,14.720000267028809,2620425
FWRY.CA,FinTech,2025-10-11 21:00:00,14.720000267028809,14.699999809265137,14.399999618530273,14.6899995803833,14.6899995803833,3423281
FWRY.CA,FinTech,2025-10-12 21:00:00,14.6899995803833,14.699999809265137,14.359999656677246,14.600000381469727,14.600000381469727,4251368
FWRY.CA,FinTech,2025-10-13 21:00:00,14.600000381469727,14.729999542236328,14.399999618530273,14.399999618530273,14.399999618530273,8012069
FWRY.CA,FinTech,2025-10-14 21:00:00,14.399999618530273,14.489999771118164,13.899999618530273,14.25,14.25,21440355
FWRY.CA,FinTech,2025-10-15 21:00:00,14.25,14.40999984741211,14.229999542236328,14.329999923706055,14.329999923706055,15922782
FWRY.CA,FinTech,2025-10-18 21:00:00,14.329999923706055,14.430000305175781,14.279999732971191,14.359999656677246,14.359999656677246,4893613
FWRY.CA,FinTech,2025-10-19 21:00:00,14.359999656677246,14.399999618530273,14.25,14.25,14.25,3458966
FWRY.CA,FinTech,2025-10-20 21:00:00,14.25,14.399999618530273,14.260000228881836,14.3100004196167,14.3100004196167,15069846
FWRY.CA,FinTech,2025-10-21 21:00:00,14.3100004196167,14.399999618530273,14.229999542236328,14.300000190734863,14.300000190734863,5058291
FWRY.CA,FinTech,2025-10-22 21:00:00,14.300000190734863,14.470000267028809,14.220000267028809,14.399999618530273,14.399999618530273,5832327
FWRY.CA,FinTech,2025-10-25 21:00:00,14.399999618530273,14.470000267028809,14.319999694824219,14.369999885559082,14.369999885559082,2944965
FWRY.CA,FinTech,2025-10-26 21:00:00,14.369999885559082,14.699999809265137,14.350000381469727,14.65999984741211,14.65999984741211,16621793
FWRY.CA,FinTech,2025-10-27 21:00:00,14.65999984741211,14.699999809265137,14.479999542236328,14.600000381469727,14.600000381469727,2527028
FWRY.CA,FinTech,2025-10-28 21:00:00,14.600000381469727,14.670000076293945,14.5,14.569999694824219,14.569999694824219,1445931
FWRY.CA,FinTech,2025-10-29 21:00:00,14.569999694824219,14.899999618530273,14.5,14.600000381469727,14.600000381469727,68469604
FWRY.CA,FinTech,2025-11-01 22:00:00,14.600000381469727,14.789999961853027,14.380000114440918,14.449999809265137,14.449999809265137,2443886
FWRY.CA,FinTech,2025-11-02 22:00:00,14.449999809265137,14.630000114440918,14.199999809265137,14.300000190734863,14.300000190734863,7201315
FWRY.CA,FinTech,2025-11-03 22:00:00,14.300000190734863,14.569999694824219,14.329999923706055,14.569999694824219,14.569999694824219,8778345
FWRY.CA,FinTech,2025-11-04 22:00:00,14.569999694824219,14.649999618530273,14.300000190734863,14.300000190734863,14.300000190734863,4995814
FWRY.CA,FinTech,2025-11-05 22:00:00,14.300000190734863,15.5,14.3100004196167,15.380000114440918,15.380000114440918,20306930
FWRY.CA,FinTech,2025-11-08 22:00:00,15.380000114440918,16.100000381469727,15.5,16.0,16.0,10834345
FWRY.CA,FinTech,2025-11-09 22:00:00,16.0,16.100000381469727,15.289999961853027,15.5,15.5,16943290
FWRY.CA,FinTech,2025-11-10 22:00:00,15.5,15.640000343322754,15.149999618530273,15.149999618530273,15.149999618530273,7613409
FWRY.CA,FinTech,2025-11-11 22:00:00,15.149999618530273,15.350000381469727,14.979999542236328,15.170000076293945,15.170000076293945,18904645
FWRY.CA,FinTech,2025-11-12 22:00:00,15.170000076293945,15.420000076293945,15.0,15.220000267028809,15.220000267028809,25142437
FWRY.CA,FinTech,2025-11-15 22:00:00,15.220000267028809,15.729999542236328,15.149999618530273,15.699999809265137,15.699999809265137,16757954
FWRY.CA,FinTech,2025-11-16 22:00:00,15.699999809265137,16.100000381469727,15.739999771118164,15.960000038146973,15.960000038146973,16504756
FWRY.CA,FinTech,2025-11-17 22:00:00,15.960000038146973,15.989999771118164,15.489999771118164,15.510000228881836,15.510000228881836,8894931
FWRY.CA,FinTech,2025-11-18 22:00:00,15.510000228881836,15.75,15.3100004196167,15.550000190734863,15.550000190734863,9155721
FWRY.CA,FinTech,2025-11-19 22:00:00,15.550000190734863,15.789999961853027,15.300000190734863,15.300000190734863,15.300000190734863,7404001
FWRY.CA,FinTech,2025-11-22 22:00:00,15.300000190734863,15.600000381469727,15.3100004196167,15.369999885559082,15.369999885559082,2418895
FWRY.CA,FinTech,2025-11-23 22:00:00,15.369999885559082,15.489999771118164,15.0,15.0,15.0,12531716
FWRY.CA,FinTech,2025-11-24 22:00:00,15.0,15.260000228881836,14.770000457763672,14.779999732971191,14.779999732971191,4231202
FWRY.CA,FinTech,2025-11-25 22:00:00,14.779999732971191,15.149999618530273,14.600000381469727,14.640000343322754,14.640000343322754,3213327
FWRY.CA,FinTech,2025-11-26 22:00:00,14.640000343322754,14.970000267028809,14.640000343322754,14.949999809265137,14.949999809265137,11174779
FWRY.CA,FinTech,2025-11-29 22:00:00,14.949999809265137,15.510000228881836,15.0,15.5,15.5,4845202
FWRY.CA,FinTech,2025-11-30 22:00:00,15.5,15.75,15.359999656677246,15.449999809265137,15.449999809265137,4042565
FWRY.CA,FinTech,2025-12-01 22:00:00,15.449999809265137,15.550000190734863,15.119999885559082,15.25,15.25,2155592
FWRY.CA,FinTech,2025-12-02 22:00:00,15.25,15.479999542236328,15.119999885559082,15.210000038146973,15.210000038146973,3690439
FWRY.CA,FinTech,2025-12-03 22:00:00,15.210000038146973,15.399999618530273,15.199999809265137,15.210000038146973,15.210000038146973,2748487
FWRY.CA,FinTech,2025-12-06 22:00:00,15.210000038146973,15.720000267028809,15.210000038146973,15.710000038146973,15.710000038146973,6581013
FWRY.CA,FinTech,2025-12-07 22:00:00,15.710000038146973,16.200000762939453,15.739999771118164,16.049999237060547,16.049999237060547,14834936
FWRY.CA,FinTech,2025-12-08 22:00:00,16.049999237060547,16.239999771118164,15.729999542236328,15.890000343322754,15.890000343322754,3711792
FWRY.CA,FinTech,2025-12-09 22:00:00,15.890000343322754,16.270000457763672,15.800000190734863,16.200000762939453,16.200000762939453,7559843
FWRY.CA,FinTech,2025-12-10 22:00:00,16.200000762939453,16.639999389648438,16.200000762939453,16.200000762939453,16.200000762939453,8548483
FWRY.CA,FinTech,2025-12-13 22:00:00,16.200000762939453,16.479999542236328,15.90999984741211,16.25,16.25,16973944
FWRY.CA,FinTech,2025-12-14 22:00:00,16.25,16.389999389648438,15.920000076293945,15.9399995803833,15.9399995803833,17532970
FWRY.CA,FinTech,2025-12-15 22:00:00,15.9399995803833,16.299999237060547,15.949999809265137,16.1299991607666,16.1299991607666,4852554
FWRY.CA,FinTech,2025-12-16 22:00:00,16.1299991607666,16.25,16.010000228881836,16.200000762939453,16.200000762939453,2497167
FWRY.CA,FinTech,2025-12-17 22:00:00,16.200000762939453,16.290000915527344,16.1200008392334,16.18000030517578,16.18000030517578,17129244
FWRY.CA,FinTech,2025-12-20 22:00:00,16.18000030517578,16.299999237060547,16.18000030517578,16.229999542236328,16.229999542236328,2820508
FWRY.CA,FinTech,2025-12-21 22:00:00,16.229999542236328,16.329999923706055,16.149999618530273,16.270000457763672,16.270000457763672,1314634
FWRY.CA,FinTech,2025-12-22 22:00:00,16.270000457763672,16.299999237060547,16.100000381469727,16.209999084472656,16.209999084472656,9820390
FWRY.CA,FinTech,2025-12-23 22:00:00,16.209999084472656,16.299999237060547,16.1299991607666,16.299999237060547,16.299999237060547,3345812
FWRY.CA,FinTech,2025-12-24 22:00:00,16.299999237060547,16.34000015258789,16.0,16.100000381469727,16.100000381469727,2290685
FWRY.CA,FinTech,2025-12-27 22:00:00,16.100000381469727,16.219999313354492,16.059999465942383,16.170000076293945,16.170000076293945,585503
FWRY.CA,FinTech,2025-12-28 22:00:00,16.170000076293945,16.299999237060547,16.100000381469727,16.25,16.25,2096490
FWRY.CA,FinTech,2025-12-29 22:00:00,16.25,16.3700008392334,16.200000762939453,16.239999771118164,16.239999771118164,1325737
FWRY.CA,FinTech,2025-12-30 22:00:00,16.239999771118164,16.299999237060547,16.09000015258789,16.1200008392334,16.1200008392334,2852062
FWRY.CA,FinTech,2026-01-03 22:00:00,16.1200008392334,16.239999771118164,15.510000228881836,15.510000228881836,15.510000228881836,3540029
FWRY.CA,FinTech,2026-01-04 22:00:00,15.510000228881836,15.779999732971191,14.920000076293945,15.25,15.25,15966089
FWRY.CA,FinTech,2026-01-05 22:00:00,15.25,15.699999809265137,15.25,15.699999809265137,15.699999809265137,3777070
FWRY.CA,FinTech,2026-01-07 22:00:00,15.699999809265137,15.989999771118164,15.680000305175781,15.699999809265137,15.699999809265137,4750445
FWRY.CA,FinTech,2026-01-10 22:00:00,15.699999809265137,16.049999237060547,15.699999809265137,15.930000305175781,15.930000305175781,6307847
FWRY.CA,FinTech,2026-01-11 22:00:00,15.930000305175781,15.979999542236328,15.699999809265137,15.850000381469727,15.850000381469727,2438559
FWRY.CA,FinTech,2026-01-12 22:00:00,15.850000381469727,16.469999313354492,15.829999923706055,15.829999923706055,15.829999923706055,18940832
FWRY.CA,FinTech,2026-01-13 22:00:00,15.829999923706055,15.970000267028809,15.5,15.619999885559082,15.619999885559082,3817044
FWRY.CA,FinTech,2026-01-14 22:00:00,15.619999885559082,15.880000114440918,15.229999542236328,15.420000076293945,15.420000076293945,5887397
FWRY.CA,FinTech,2026-01-17 22:00:00,15.420000076293945,15.789999961853027,15.359999656677246,15.5,15.5,3093730
FWRY.CA,FinTech,2026-01-18 22:00:00,15.5,16.200000762939453,15.5,16.139999389648438,16.139999389648438,18325882
FWRY.CA,FinTech,2026-01-19 22:00:00,16.139999389648438,16.479999542236328,16.059999465942383,16.239999771118164,16.239999771118164,42818693
FWRY.CA,FinTech,2026-01-20 22:00:00,16.239999771118164,16.969999313354492,16.260000228881836,16.579999923706055,16.579999923706055,117534814
FWRY.CA,FinTech,2026-01-21 22:00:00,16.579999923706055,16.860000610351562,16.6200008392334,16.75,16.75,11110452
FWRY.CA,FinTech,2026-01-24 22:00:00,16.75,16.850000381469727,16.350000381469727,16.43000030517578,16.43000030517578,5117661
FWRY.CA,FinTech,2026-01-25 22:00:00,16.43000030517578,17.649999618530273,16.450000762939453,17.600000381469727,17.600000381469727,26855528
FWRY.CA,FinTech,2026-01-26 22:00:00,17.600000381469727,17.690000534057617,17.110000610351562,17.31999969482422,17.31999969482422,9603181
FWRY.CA,FinTech,2026-01-27 22:00:00,17.31999969482422,17.520000457763672,16.729999542236328,17.139999389648438,17.139999389648438,6708941
FWRY.CA,FinTech,2026-01-31 22:00:00,17.139999389648438,17.350000381469727,16.899999618530273,17.100000381469727,17.100000381469727,8104372
FWRY.CA,FinTech,2026-02-01 22:00:00,17.100000381469727,17.360000610351562,16.969999313354492,17.360000610351562,17.360000610351562,5070395
FWRY.CA,FinTech,2026-02-02 22:00:00,17.360000610351562,20.75,17.360000610351562,18.75,18.75,23318835
FWRY.CA,FinTech,2026-02-03 22:00:00,18.75,19.0,18.350000381469727,18.600000381469727,18.600000381469727,12932524
FWRY.CA,FinTech,2026-02-04 22:00:00,18.600000381469727,19.260000228881836,18.299999237060547,19.0,19.0,11337602
FWRY.CA,FinTech,2026-02-07 22:00:00,19.0,19.850000381469727,19.15999984741211,19.530000686645508,19.530000686645508,10749242
FWRY.CA,FinTech,2026-02-08 22:00:00,19.530000686645508,20.049999237060547,19.290000915527344,19.75,19.75,18524463
FWRY.CA,FinTech,2026-02-09 22:00:00,19.75,19.989999771118164,19.5,19.989999771118164,19.989999771118164,5512327
FWRY.CA,FinTech,2026-02-10 22:00:00,19.989999771118164,20.079999923706055,19.600000381469727,19.600000381469727,19.600000381469727,3525572
FWRY.CA,FinTech,2026-02-11 22:00:00,19.600000381469727,19.950000762939453,19.56999969482422,19.889999389648438,19.889999389648438,3343237
FWRY.CA,FinTech,2026-02-14 22:00:00,19.889999389648438,20.399999618530273,19.719999313354492,20.200000762939453,20.200000762939453,8646924
FWRY.CA,FinTech,2026-02-15 22:00:00,20.200000762939453,21.56999969482422,20.110000610351562,20.209999084472656,20.209999084472656,23241431
FWRY.CA,FinTech,2026-02-16 22:00:00,20.209999084472656,20.5,20.06999969482422,20.25,20.25,5985585
FWRY.CA,FinTech,2026-02-17 22:00:00,20.25,20.600000381469727,20.170000076293945,20.59000015258789,20.59000015258789,9950072
FWRY.CA,FinTech,2026-02-18 22:00:00,20.59000015258789,20.889999389648438,19.200000762939453,19.59000015258789,19.59000015258789,13018428
FWRY.CA,FinTech,2026-02-21 22:00:00,19.59000015258789,19.920000076293945,18.360000610351562,18.549999237060547,18.549999237060547,11054721
FWRY.CA,FinTech,2026-02-22 22:00:00,18.549999237060547,19.020000457763672,18.43000030517578,18.989999771118164,18.989999771118164,9967741
FWRY.CA,FinTech,2026-02-23 22:00:00,18.989999771118164,19.09000015258789,18.559999465942383,18.600000381469727,18.600000381469727,8395053
FWRY.CA,FinTech,2026-02-24 22:00:00,18.600000381469727,18.68000030517578,17.65999984741211,18.200000762939453,18.200000762939453,12350178
FWRY.CA,FinTech,2026-02-25 22:00:00,18.200000762939453,18.450000762939453,17.770000457763672,18.450000762939453,18.450000762939453,10344817
FWRY.CA,FinTech,2026-02-28 22:00:00,18.450000762939453,18.079999923706055,17.059999465942383,17.780000686645508,17.780000686645508,11763167
FWRY.CA,FinTech,2026-03-01 22:00:00,17.780000686645508,18.049999237060547,17.610000610351562,17.700000762939453,17.700000762939453,6377265
FWRY.CA,FinTech,2026-03-02 22:00:00,17.700000762939453,17.969999313354492,17.200000762939453,17.34000015258789,17.34000015258789,9197866
FWRY.CA,FinTech,2026-03-03 22:00:00,17.34000015258789,17.700000762939453,16.809999465942383,17.690000534057617,17.690000534057617,10805828
FWRY.CA,FinTech,2026-03-04 22:00:00,17.690000534057617,18.309999465942383,17.780000686645508,18.200000762939453,18.200000762939453,12868075
FWRY.CA,FinTech,2026-03-07 22:00:00,18.200000762939453,18.239999771118164,17.34000015258789,17.479999542236328,17.479999542236328,7885118
FWRY.CA,FinTech,2026-03-08 22:00:00,17.479999542236328,17.59000015258789,17.010000228881836,17.56999969482422,17.56999969482422,15451477
FWRY.CA,FinTech,2026-03-09 22:00:00,17.56999969482422,18.18000030517578,17.6299991607666,17.899999618530273,17.899999618530273,15343461
FWRY.CA,FinTech,2026-03-10 22:00:00,17.899999618530273,17.969999313354492,17.3799991607666,17.399999618530273,17.399999618530273,14305546
FWRY.CA,FinTech,2026-03-11 22:00:00,17.399999618530273,17.559999465942383,17.020000457763672,17.3700008392334,17.3700008392334,10339018
FWRY.CA,FinTech,2026-03-14 22:00:00,17.3700008392334,17.399999618530273,17.0,17.0,17.0,4992174
FWRY.CA,FinTech,2026-03-15 22:00:00,17.0,17.06999969482422,16.450000762939453,16.700000762939453,16.700000762939453,13123305
FWRY.CA,FinTech,2026-03-16 22:00:00,16.700000762939453,17.770000457763672,16.700000762939453,17.5,17.5,28216026
FWRY.CA,FinTech,2026-03-17 22:00:00,17.5,17.709999084472656,17.3799991607666,17.600000381469727,17.600000381469727,11297155
FWRY.CA,FinTech,2026-03-18 22:00:00,17.600000381469727,17.600000381469727,17.600000381469727,17.600000381469727,17.600000381469727,0
FWRY.CA,FinTech,2026-03-23 22:00:00,17.600000381469727,17.700000762939453,17.15999984741211,17.18000030517578,17.18000030517578,11149107
FWRY.CA,FinTech,2026-03-24 22:00:00,17.18000030517578,17.950000762939453,17.219999313354492,17.899999618530273,17.899999618530273,21914849
FWRY.CA,FinTech,2026-03-25 22:00:00,17.899999618530273,18.06999969482422,17.540000915527344,17.670000076293945,17.670000076293945,11332151
FWRY.CA,FinTech,2026-03-28 22:00:00,17.670000076293945,17.59000015258789,17.170000076293945,17.299999237060547,17.299999237060547,6093738
FWRY.CA,FinTech,2026-03-29 22:00:00,17.299999237060547,17.440000534057617,16.799999237060547,16.809999465942383,16.809999465942383,12789136
FWRY.CA,FinTech,2026-03-30 22:00:00,16.809999465942383,17.25,16.829999923706055,17.100000381469727,17.100000381469727,7908434
FWRY.CA,FinTech,2026-03-31 22:00:00,17.100000381469727,17.8799991607666,17.200000762939453,17.8799991607666,17.8799991607666,18064222
FWRY.CA,FinTech,2026-04-01 22:00:00,17.8799991607666,17.790000915527344,17.43000030517578,17.579999923706055,17.579999923706055,9745303
FWRY.CA,FinTech,2026-04-04 22:00:00,17.579999923706055,17.889999389648438,17.559999465942383,17.700000762939453,17.700000762939453,7329089
FWRY.CA,FinTech,2026-04-05 22:00:00,17.700000762939453,18.239999771118164,17.75,18.0,18.0,51930033
FWRY.CA,FinTech,2026-04-06 22:00:00,18.0,18.100000381469727,17.639999389648438,17.829999923706055,17.829999923706055,9806323
FWRY.CA,FinTech,2026-04-07 22:00:00,17.829999923706055,18.729999542236328,18.280000686645508,18.700000762939453,18.700000762939453,37521910
FWRY.CA,FinTech,2026-04-08 22:00:00,18.700000762939453,18.75,18.3799991607666,18.5,18.5,13214400
FWRY.CA,FinTech,2026-04-13 22:00:00,18.5,19.100000381469727,18.600000381469727,19.100000381469727,19.100000381469727,13399599
FWRY.CA,FinTech,2026-04-14 22:00:00,19.100000381469727,19.5,19.100000381469727,19.440000534057617,19.440000534057617,13726034
FWRY.CA,FinTech,2026-04-15 22:00:00,19.440000534057617,20.25,19.450000762939453,19.8799991607666,19.8799991607666,13992775
FWRY.CA,FinTech,2026-04-18 22:00:00,19.8799991607666,20.489999771118164,19.889999389648438,20.299999237060547,20.299999237060547,15455357
FWRY.CA,FinTech,2026-04-19 22:00:00,20.299999237060547,20.399999618530273,19.700000762939453,20.190000534057617,20.190000534057617,12479991
FWRY.CA,FinTech,2026-04-20 22:00:00,20.190000534057617,20.469999313354492,19.889999389648438,19.959999084472656,19.959999084472656,12070530
FWRY.CA,FinTech,2026-04-21 22:00:00,19.959999084472656,20.790000915527344,19.90999984741211,20.219999313354492,20.219999313354492,21462272
FWRY.CA,FinTech,2026-04-22 22:00:00,20.219999313354492,20.649999618530273,20.200000762939453,20.25,20.25,18216546
FWRY.CA,FinTech,2026-04-25 21:00:00,20.25,20.399999618530273,19.799999237060547,19.899999618530273,19.899999618530273,5142493
FWRY.CA,FinTech,2026-04-26 21:00:00,19.899999618530273,20.270000457763672,19.729999542236328,20.229999542236328,20.229999542236328,8518610
FWRY.CA,FinTech,2026-04-27 21:00:00,20.229999542236328,20.299999237060547,19.959999084472656,19.989999771118164,19.989999771118164,8195535
FWRY.CA,FinTech,2026-04-28 21:00:00,19.989999771118164,20.049999237060547,19.75,19.799999237060547,19.799999237060547,6112267
FWRY.CA,FinTech,2026-04-29 21:00:00,19.799999237060547,19.899999618530273,19.0,19.06999969482422,19.06999969482422,17279931
FWRY.CA,FinTech,2026-05-02 21:00:00,19.06999969482422,19.59000015258789,19.100000381469727,19.510000228881836,19.510000228881836,5040140
FWRY.CA,FinTech,2026-05-03 21:00:00,19.510000228881836,19.899999618530273,19.25,19.40999984741211,19.40999984741211,12389916
FWRY.CA,FinTech,2026-05-04 21:00:00,19.40999984741211,19.739999771118164,19.110000610351562,19.559999465942383,19.559999465942383,6071225
FWRY.CA,FinTech,2026-05-05 21:00:00,19.559999465942383,20.979999542236328,19.6200008392334,20.43000030517578,20.43000030517578,32855089
FWRY.CA,FinTech,2026-05-09 21:00:00,20.43000030517578,21.65999984741211,20.75,21.25,21.25,23554697
FWRY.CA,FinTech,2026-05-10 21:00:00,21.25,21.639999389648438,20.920000076293945,21.079999923706055,21.079999923706055,8206220
FWRY.CA,FinTech,2026-05-11 21:00:00,21.079999923706055,21.15999984741211,20.670000076293945,20.8799991607666,20.8799991607666,7249758
FWRY.CA,FinTech,2026-05-12 21:00:00,20.8799991607666,21.0,20.459999084472656,20.530000686645508,20.530000686645508,9821214
FWRY.CA,FinTech,2026-05-13 21:00:00,20.530000686645508,20.739999771118164,20.100000381469727,20.260000228881836,20.260000228881836,8248200
FWRY.CA,FinTech,2026-05-16 21:00:00,20.260000228881836,20.440000534057617,19.649999618530273,19.670000076293945,19.670000076293945,13253048
FWRY.CA,FinTech,2026-05-17 21:00:00,19.670000076293945,19.770000457763672,19.030000686645508,19.270000457763672,19.270000457763672,23529939
FWRY.CA,FinTech,2026-05-18 21:00:00,19.270000457763672,19.469999313354492,19.200000762939453,19.43000030517578,19.43000030517578,9680836
FWRY.CA,FinTech,2026-05-19 21:00:00,19.43000030517578,19.760000228881836,19.200000762939453,19.25,19.25,18468996
FWRY.CA,FinTech,2026-05-20 21:00:00,19.25,19.579999923706055,19.100000381469727,19.540000915527344,19.540000915527344,5682722
FWRY.CA,FinTech,2026-05-23 21:00:00,19.540000915527344,19.950000762939453,19.649999618530273,19.899999618530273,19.899999618530273,13287858
FWRY.CA,FinTech,2026-05-24 21:00:00,19.899999618530273,20.450000762939453,19.770000457763672,20.450000762939453,20.450000762939453,15648164
FWRY.CA,FinTech,2026-05-25 21:00:00,20.450000762939453,20.450000762939453,20.450000762939453,20.450000762939453,20.450000762939453,0
FWRY.CA,FinTech,2026-05-26 21:00:00,20.450000762939453,20.450000762939453,20.450000762939453,20.450000762939453,20.450000762939453,0
FWRY.CA,FinTech,2026-05-27 21:00:00,20.450000762939453,20.450000762939453,20.450000762939453,20.450000762939453,20.450000762939453,0
FWRY.CA,FinTech,2026-05-31 21:00:00,20.450000762939453,20.510000228881836,19.90999984741211,20.489999771118164,20.489999771118164,12499203
FWRY.CA,FinTech,2026-06-01 21:00:00,20.489999771118164,20.610000610351562,20.200000762939453,20.469999313354492,20.469999313354492,8341521
FWRY.CA,FinTech,2026-06-02 21:00:00,20.469999313354492,20.440000534057617,19.860000610351562,20.139999389648438,20.139999389648438,10050254
FWRY.CA,FinTech,2026-06-03 21:00:00,20.139999389648438,20.100000381469727,19.34000015258789,19.479999542236328,19.479999542236328,29638475
FWRY.CA,FinTech,2026-06-06 21:00:00,19.479999542236328,19.389999389648438,18.600000381469727,18.700000762939453,18.700000762939453,19889309
FWRY.CA,FinTech,2026-06-07 21:00:00,18.700000762939453,18.889999389648438,18.31999969482422,18.40999984741211,18.40999984741211,20066785
FWRY.CA,FinTech,2026-06-08 21:00:00,18.40999984741211,18.790000915527344,18.530000686645508,18.709999084472656,18.709999084472656,11059800
FWRY.CA,FinTech,2026-06-09 21:00:00,18.709999084472656,18.760000228881836,18.010000228881836,18.100000381469727,18.100000381469727,19922361
FWRY.CA,FinTech,2026-06-10 21:00:00,18.100000381469727,18.200000762939453,17.709999084472656,17.799999237060547,17.799999237060547,16020355
FWRY.CA,FinTech,2026-06-13 21:00:00,17.799999237060547,18.510000228881836,18.200000762939453,18.399999618530273,18.399999618530273,11113401
FWRY.CA,FinTech,2026-06-14 21:00:00,18.399999618530273,18.899999618530273,18.510000228881836,18.739999771118164,18.739999771118164,29811157
FWRY.CA,FinTech,2026-06-15 21:00:00,18.739999771118164,19.06999969482422,18.6200008392334,18.889999389648438,18.889999389648438,11674583
FWRY.CA,FinTech,2026-06-16 21:00:00,18.889999389648438,18.889999389648438,18.889999389648438,18.889999389648438,18.889999389648438,0
FWRY.CA,FinTech,2026-06-17 21:00:00,18.889999389648438,18.889999389648438,18.889999389648438,18.889999389648438,18.889999389648438,0
FWRY.CA,FinTech,2026-06-20 21:00:00,18.90999984741211,18.920000076293945,18.760000228881836,18.899999618530273,18.899999618530273,3615361
FWRY.CA,FinTech,2026-06-21 21:00:00,18.899999618530273,18.899999618530273,18.899999618530273,18.899999618530273,18.899999618530273,0
FWRY.CA,FinTech,2026-06-22 21:00:00,19.299999237060547,19.389999389648438,18.809999465942383,18.850000381469727,18.850000381469727,7581159
FWRY.CA,FinTech,2026-06-23 21:00:00,18.850000381469727,19.059999465942383,18.719999313354492,19.0,19.0,2511351
FWRY.CA,FinTech,2026-06-24 21:00:00,19.0,19.040000915527344,18.510000228881836,18.700000762939453,18.700000762939453,5620318
FWRY.CA,FinTech,2026-06-27 21:00:00,18.700000762939453,18.770000457763672,18.1299991607666,18.350000381469727,18.350000381469727,5107686
FWRY.CA,FinTech,2026-06-28 21:00:00,18.350000381469727,18.459999084472656,18.149999618530273,18.299999237060547,18.299999237060547,3829618
FWRY.CA,FinTech,2026-06-29 21:00:00,18.299999237060547,18.739999771118164,18.31999969482422,18.399999618530273,18.399999618530273,7268763
FWRY.CA,FinTech,2026-06-30 21:00:00,18.399999618530273,18.600000381469727,18.280000686645508,18.399999618530273,18.399999618530273,5627677
FWRY.CA,FinTech,2026-07-04 21:00:00,18.399999618530273,18.719999313354492,18.3700008392334,18.40999984741211,18.40999984741211,9816805
FWRY.CA,FinTech,2026-07-05 21:00:00,18.40999984741211,19.440000534057617,18.420000076293945,19.389999389648438,19.389999389648438,26326462
FWRY.CA,FinTech,2026-07-06 21:00:00,19.389999389648438,19.549999237060547,19.200000762939453,19.440000534057617,19.440000534057617,8354013
FWRY.CA,FinTech,2026-07-07 21:00:00,19.440000534057617,19.399999618530273,18.889999389648438,19.389999389648438,19.389999389648438,6045726
FWRY.CA,FinTech,2026-07-08 21:00:00,19.389999389648438,19.389999389648438,19.049999237060547,19.360000610351562,19.360000610351562,4360834
FWRY.CA,FinTech,2026-07-11 21:00:00,19.360000610351562,19.389999389648438,19.200000762939453,19.34000015258789,19.34000015258789,2742266
FWRY.CA,FinTech,2026-07-12 21:00:00,19.34000015258789,19.350000381469727,19.09000015258789,19.299999237060547,19.299999237060547,3077086
FWRY.CA,FinTech,2026-07-13 21:00:00,19.299999237060547,19.200000762939453,18.860000610351562,18.860000610351562,18.860000610351562,4982291
FWRY.CA,FinTech,2026-07-14 21:00:00,18.860000610351562,18.950000762939453,18.43000030517578,18.6299991607666,18.6299991607666,14337938
FWRY.CA,FinTech,2026-07-15 21:00:00,18.6299991607666,19.0,18.649999618530273,18.989999771118164,18.989999771118164,7290319
FWRY.CA,FinTech,2026-07-18 21:00:00,18.989999771118164,18.959999084472656,18.809999465942383,18.850000381469727,18.850000381469727,3089704
FWRY.CA,FinTech,2026-07-19 21:00:00,18.850000381469727,19.299999237060547,18.809999465942383,19.190000534057617,19.190000534057617,6864400
FWRY.CA,FinTech,2026-07-20 21:00:00,19.190000534057617,19.68000030517578,19.200000762939453,19.31999969482422,19.31999969482422,9444772
FWRY.CA,FinTech,2026-07-21 21:00:00,19.31999969482422,19.5,19.09000015258789,19.299999237060547,19.299999237060547,5555754
FWRY.CA,FinTech,2026-07-25 21:00:00,19.299999237060547,19.31999969482422,18.8799991607666,18.920000076293945,18.920000076293945,3846472
FWRY.CA,FinTech,2026-07-26 21:00:00,18.920000076293945,19.209999084472656,18.940000534057617,19.059999465942383,19.059999465942383,2894726
FWRY.CA,FinTech,2026-07-27 21:00:00,19.059999465942383,19.299999237060547,18.959999084472656,18.989999771118164,18.989999771118164,2143885
FWRY.CA,FinTech,2026-07-28 21:00:00,18.989999771118164,19.100000381469727,18.829999923706055,19.0,19.0,2321784
FWRY.CA,FinTech,2026-07-29 21:00:00,19.0,19.100000381469727,18.709999084472656,18.770000457763672,18.770000457763672,3657747
FWRY.CA,FinTech,2026-08-01 21:00:00,18.770000457763672,19.200000762939453,18.93000030517578,19.149999618530273,19.149999618530273,2263676
FWRY.CA,FinTech,2026-08-02 21:00:00,19.149999618530273,19.280000686645508,18.899999618530273,18.93000030517578,18.93000030517578,8268796
FWRY.CA,FinTech,2026-08-03 21:00:00,18.93000030517578,19.190000534057617,18.850000381469727,19.09000015258789,19.09000015258789,9537259
FWRY.CA,FinTech,2026-08-04 21:00:00,19.09000015258789,19.670000076293945,19.200000762939453,19.540000915527344,19.540000915527344,14851782
FWRY.CA,FinTech,2026-08-05 21:00:00,19.540000915527344,19.809999465942383,19.239999771118164,19.239999771118164,19.239999771118164,9797716
