symbol,sector,raw_date_utc,open,high,low,close,adj_close,volume
HELI.CA,Real Estate,2022-01-01 22:00:00,6.710000038146973,6.900000095367432,6.690000057220459,6.739999771118164,5.761205196380615,10059408
HELI.CA,Real Estate,2022-01-02 22:00:00,6.739999771118164,6.78000020980835,6.590000152587891,6.619999885559082,5.658631324768066,7255661
HELI.CA,Real Estate,2022-01-03 22:00:00,6.619999885559082,6.809999942779541,6.639999866485596,6.800000190734863,5.8124918937683105,7792769
HELI.CA,Real Estate,2022-01-04 22:00:00,6.800000190734863,6.949999809265137,6.769999980926514,6.800000190734863,5.8124918937683105,7906723
HELI.CA,Real Estate,2022-01-08 22:00:00,6.800000190734863,6.800000190734863,6.800000190734863,6.800000190734863,5.8124918937683105,0
HELI.CA,Real Estate,2022-01-09 22:00:00,6.78000020980835,6.78000020980835,6.610000133514404,6.630000114440918,5.667180061340332,5302393
HELI.CA,Real Estate,2022-01-10 22:00:00,6.630000114440918,6.710000038146973,6.480000019073486,6.590000152587891,5.632988452911377,9621571
HELI.CA,Real Estate,2022-01-11 22:00:00,6.590000152587891,6.630000114440918,6.340000152587891,6.409999847412109,5.479128360748291,5094904
HELI.CA,Real Estate,2022-01-12 22:00:00,6.409999847412109,6.449999809265137,6.21999979019165,6.300000190734863,5.385103225708008,4226426
HELI.CA,Real Estate,2022-01-15 22:00:00,6.300000190734863,6.289999961853027,6.070000171661377,6.179999828338623,5.282529354095459,3221057
HELI.CA,Real Estate,2022-01-16 22:00:00,6.179999828338623,6.400000095367432,6.159999847412109,6.360000133514404,5.436389923095703,3582470
HELI.CA,Real Estate,2022-01-17 22:00:00,6.360000133514404,6.579999923706055,6.269999980926514,6.519999980926514,5.573153495788574,5253366
HELI.CA,Real Estate,2022-01-18 22:00:00,6.519999980926514,6.619999885559082,6.420000076293945,6.449999809265137,5.513319492340088,4471613
HELI.CA,Real Estate,2022-01-19 22:00:00,6.449999809265137,6.489999771118164,6.349999904632568,6.400000095367432,5.470580577850342,4518115
HELI.CA,Real Estate,2022-01-22 22:00:00,6.400000095367432,6.360000133514404,6.070000171661377,6.119999885559082,5.231242656707764,5028410
HELI.CA,Real Estate,2022-01-23 22:00:00,6.119999885559082,6.21999979019165,5.980000019073486,6.150000095367432,5.256886005401611,2971963
HELI.CA,Real Estate,2022-01-24 22:00:00,6.150000095367432,6.300000190734863,6.150000095367432,6.25,5.342363357543945,3212294
HELI.CA,Real Estate,2022-01-25 22:00:00,6.25,6.409999847412109,6.199999809265137,6.230000019073486,5.325268268585205,3589772
HELI.CA,Real Estate,2022-01-29 22:00:00,6.230000019073486,6.309999942779541,6.159999847412109,6.179999828338623,5.282529354095459,1489535
HELI.CA,Real Estate,2022-01-30 22:00:00,6.179999828338623,6.329999923706055,6.099999904632568,6.28000020980835,5.368007659912109,4581269
HELI.CA,Real Estate,2022-01-31 22:00:00,6.28000020980835,6.440000057220459,6.300000190734863,6.409999847412109,5.479128360748291,2367598
HELI.CA,Real Estate,2022-02-01 22:00:00,6.409999847412109,6.639999866485596,6.449999809265137,6.559999942779541,5.607345104217529,7855982
HELI.CA,Real Estate,2022-02-02 22:00:00,6.559999942779541,6.630000114440918,6.449999809265137,6.46999979019165,5.530415058135986,3980027
HELI.CA,Real Estate,2022-02-05 22:00:00,6.46999979019165,6.699999809265137,6.429999828338623,6.690000057220459,5.718466281890869,8148381
HELI.CA,Real Estate,2022-02-06 22:00:00,6.690000057220459,6.760000228881836,6.400000095367432,6.480000019073486,5.5389628410339355,7828484
HELI.CA,Real Estate,2022-02-07 22:00:00,6.480000019073486,6.5,6.360000133514404,6.380000114440918,5.453485488891602,2193461
HELI.CA,Real Estate,2022-02-08 22:00:00,6.380000114440918,6.570000171661377,6.380000114440918,6.510000228881836,5.564606666564941,7496098
HELI.CA,Real Estate,2022-02-09 22:00:00,6.510000228881836,6.539999961853027,6.210000038146973,6.28000020980835,5.368007659912109,5762754
HELI.CA,Real Estate,2022-02-12 22:00:00,6.28000020980835,6.260000228881836,5.980000019073486,6.0,5.128668785095215,3624183
HELI.CA,Real Estate,2022-02-13 22:00:00,6.0,6.099999904632568,5.849999904632568,5.909999847412109,5.05173921585083,3624029
HELI.CA,Real Estate,2022-02-14 22:00:00,5.909999847412109,6.070000171661377,5.849999904632568,5.929999828338623,5.0688347816467285,3871384
HELI.CA,Real Estate,2022-02-15 22:00:00,5.929999828338623,6.190000057220459,5.960000038146973,6.019999980926514,5.1457648277282715,5583621
HELI.CA,Real Estate,2022-02-16 22:00:00,6.019999980926514,6.079999923706055,5.909999847412109,5.929999828338623,5.0688347816467285,2030129
HELI.CA,Real Estate,2022-02-19 22:00:00,5.929999828338623,5.940000057220459,5.579999923706055,5.619999885559082,4.803853988647461,5339417
HELI.CA,Real Estate,2022-02-20 22:00:00,5.619999885559082,5.730000019073486,5.480000019073486,5.639999866485596,4.820949077606201,5126417
HELI.CA,Real Estate,2022-02-21 22:00:00,5.639999866485596,5.699999809265137,5.369999885559082,5.550000190734863,4.744019508361816,5572397
HELI.CA,Real Estate,2022-02-22 22:00:00,5.550000190734863,5.630000114440918,5.440000057220459,5.460000038146973,4.667088508605957,3040472
HELI.CA,Real Estate,2022-02-23 22:00:00,5.460000038146973,5.210000038146973,4.760000228881836,4.949999809265137,4.231152534484863,7127694
HELI.CA,Real Estate,2022-02-26 22:00:00,4.949999809265137,5.269999980926514,5.019999980926514,5.190000057220459,4.436298847198486,3741386
HELI.CA,Real Estate,2022-02-27 22:00:00,5.190000057220459,5.150000095367432,4.960000038146973,4.960000038146973,4.2397003173828125,4428150
HELI.CA,Real Estate,2022-02-28 22:00:00,4.960000038146973,5.25,5.010000228881836,5.25,4.487585544586182,4591113
HELI.CA,Real Estate,2022-03-01 22:00:00,5.25,5.349999904632568,5.179999828338623,5.190000057220459,4.436298847198486,6205982
HELI.CA,Real Estate,2022-03-02 22:00:00,5.190000057220459,5.340000152587891,5.170000076293945,5.199999809265137,4.444846153259277,5564611
HELI.CA,Real Estate,2022-03-05 22:00:00,5.199999809265137,5.21999979019165,5.099999904632568,5.130000114440918,4.385012149810791,2211298
HELI.CA,Real Estate,2022-03-06 22:00:00,5.130000114440918,5.099999904632568,4.849999904632568,4.900000095367432,4.188413143157959,2797481
HELI.CA,Real Estate,2022-03-07 22:00:00,4.900000095367432,4.900000095367432,4.900000095367432,4.900000095367432,4.188413143157959,0
HELI.CA,Real Estate,2022-03-08 22:00:00,4.630000114440918,4.71999979019165,4.539999961853027,4.579999923706055,3.914884328842163,3329587
HELI.CA,Real Estate,2022-03-09 22:00:00,4.579999923706055,4.809999942779541,4.579999923706055,4.769999980926514,4.077291965484619,5052322
HELI.CA,Real Estate,2022-03-12 22:00:00,4.769999980926514,4.849999904632568,4.570000171661377,4.590000152587891,3.9234323501586914,5010378
HELI.CA,Real Estate,2022-03-13 22:00:00,4.590000152587891,4.639999866485596,4.590000152587891,4.639999866485596,3.9661705493927,3781133
HELI.CA,Real Estate,2022-03-14 22:00:00,4.639999866485596,4.699999809265137,4.440000057220459,4.559999942779541,3.8977887630462646,4058526
HELI.CA,Real Estate,2022-03-15 22:00:00,4.559999942779541,5.0,4.610000133514404,4.980000019073486,4.256795406341553,9066679
HELI.CA,Real Estate,2022-03-16 22:00:00,4.980000019073486,5.170000076293945,4.920000076293945,4.980000019073486,4.256795406341553,8826285
HELI.CA,Real Estate,2022-03-19 22:00:00,4.980000019073486,5.099999904632568,4.980000019073486,5.079999923706055,4.342273235321045,5842225
HELI.CA,Real Estate,2022-03-20 22:00:00,5.079999923706055,5.599999904632568,5.079999923706055,5.570000171661377,4.761115074157715,16834516
HELI.CA,Real Estate,2022-03-21 22:00:00,5.570000171661377,6.050000190734863,5.579999923706055,5.579999923706055,4.769662380218506,16061856
HELI.CA,Real Estate,2022-03-22 22:00:00,5.579999923706055,6.110000133514404,5.5,5.980000019073486,5.111573696136475,11502732
HELI.CA,Real Estate,2022-03-23 22:00:00,5.980000019073486,6.300000190734863,5.960000038146973,5.960000038146973,5.094478130340576,11508091
HELI.CA,Real Estate,2022-03-26 22:00:00,5.960000038146973,6.199999809265137,5.820000171661377,6.070000171661377,5.188503742218018,8595200
HELI.CA,Real Estate,2022-03-27 22:00:00,6.070000171661377,6.179999828338623,5.650000095367432,5.75,4.914975166320801,7544536
HELI.CA,Real Estate,2022-03-28 22:00:00,5.75,5.940000057220459,5.650000095367432,5.880000114440918,5.026095867156982,6075381
HELI.CA,Real Estate,2022-03-29 22:00:00,5.880000114440918,6.070000171661377,5.760000228881836,5.800000190734863,4.957713603973389,6909961
HELI.CA,Real Estate,2022-03-30 22:00:00,5.800000190734863,5.880000114440918,5.690000057220459,5.829999923706055,4.983356952667236,4598520
HELI.CA,Real Estate,2022-04-02 22:00:00,5.829999923706055,5.980000019073486,5.820000171661377,5.940000057220459,5.077382564544678,3456803
HELI.CA,Real Estate,2022-04-03 22:00:00,5.940000057220459,6.21999979019165,6.0,6.150000095367432,5.256886005401611,8705143
HELI.CA,Real Estate,2022-04-04 22:00:00,6.150000095367432,6.289999961853027,6.130000114440918,6.159999847412109,5.2654337882995605,8290257
HELI.CA,Real Estate,2022-04-05 22:00:00,6.159999847412109,6.28000020980835,6.039999961853027,6.079999923706055,5.197051525115967,6339919
HELI.CA,Real Estate,2022-04-06 22:00:00,6.079999923706055,6.150000095367432,5.900000095367432,5.96999979019165,5.103025913238525,5674314
HELI.CA,Real Estate,2022-04-09 22:00:00,5.96999979019165,5.929999828338623,5.659999847412109,5.800000190734863,4.957713603973389,4746548
HELI.CA,Real Estate,2022-04-10 22:00:00,5.800000190734863,5.829999923706055,5.400000095367432,5.489999771118164,4.692732810974121,3959853
HELI.CA,Real Estate,2022-04-11 22:00:00,5.489999771118164,5.630000114440918,5.449999809265137,5.519999980926514,4.7183756828308105,4035304
HELI.CA,Real Estate,2022-04-12 22:00:00,5.519999980926514,5.570000171661377,5.260000228881836,5.320000171661377,4.547420501708984,3723654
HELI.CA,Real Estate,2022-04-13 22:00:00,5.320000171661377,5.300000190734863,4.909999847412109,5.039999961853027,4.308082103729248,4511570
HELI.CA,Real Estate,2022-04-16 22:00:00,5.039999961853027,5.190000057220459,4.75,4.809999942779541,4.111483097076416,4690770
HELI.CA,Real Estate,2022-04-17 22:00:00,4.809999942779541,5.019999980926514,4.75,4.940000057220459,4.222604274749756,3699293
HELI.CA,Real Estate,2022-04-18 22:00:00,4.940000057220459,5.179999828338623,4.949999809265137,5.130000114440918,4.385012149810791,4601338
HELI.CA,Real Estate,2022-04-19 22:00:00,5.130000114440918,5.269999980926514,5.050000190734863,5.210000038146973,4.453394412994385,4937783
HELI.CA,Real Estate,2022-04-20 22:00:00,5.210000038146973,5.460000038146973,5.150000095367432,5.409999847412109,4.624350070953369,7246299
HELI.CA,Real Estate,2022-04-25 22:00:00,5.409999847412109,5.480000019073486,5.25,5.289999961853027,4.5217766761779785,2395782
HELI.CA,Real Estate,2022-04-26 22:00:00,5.289999961853027,5.420000076293945,5.25,5.260000228881836,4.496133327484131,2257863
HELI.CA,Real Estate,2022-04-27 22:00:00,5.260000228881836,5.880000114440918,5.289999961853027,5.75,4.914975166320801,6288855
HELI.CA,Real Estate,2022-05-07 22:00:00,5.75,5.889999866485596,5.570000171661377,5.800000190734863,4.957713603973389,4751904
HELI.CA,Real Estate,2022-05-08 22:00:00,5.800000190734863,5.909999847412109,5.599999904632568,5.699999809265137,4.8722357749938965,4679625
HELI.CA,Real Estate,2022-05-09 22:00:00,5.699999809265137,5.71999979019165,5.590000152587891,5.650000095367432,4.829497337341309,2148655
HELI.CA,Real Estate,2022-05-10 22:00:00,5.650000095367432,5.800000190734863,5.650000095367432,5.730000019073486,4.897878646850586,2719061
HELI.CA,Real Estate,2022-05-11 22:00:00,5.730000019073486,5.699999809265137,5.460000038146973,5.519999980926514,4.7183756828308105,3088229
HELI.CA,Real Estate,2022-05-14 22:00:00,5.519999980926514,5.630000114440918,5.360000133514404,5.429999828338623,4.641445636749268,1535538
HELI.CA,Real Estate,2022-05-15 22:00:00,5.429999828338623,5.429999828338623,5.28000020980835,5.369999885559082,4.590158939361572,1061091
HELI.CA,Real Estate,2022-05-16 22:00:00,5.369999885559082,5.550000190734863,5.389999866485596,5.400000095367432,4.61580228805542,1242145
HELI.CA,Real Estate,2022-05-17 22:00:00,5.400000095367432,5.480000019073486,5.320000171661377,5.349999904632568,4.573063850402832,966843
HELI.CA,Real Estate,2022-05-18 22:00:00,5.349999904632568,5.300000190734863,5.170000076293945,5.300000190734863,4.530324935913086,1841018
HELI.CA,Real Estate,2022-05-21 22:00:00,5.300000190734863,5.349999904632568,5.25,5.260000228881836,4.496133327484131,511259
HELI.CA,Real Estate,2022-05-22 22:00:00,5.260000228881836,5.349999904632568,5.260000228881836,5.28000020980835,4.5132293701171875,1776871
HELI.CA,Real Estate,2022-05-23 22:00:00,5.28000020980835,5.349999904632568,5.0,5.090000152587891,4.350821495056152,1809655
HELI.CA,Real Estate,2022-05-24 22:00:00,5.090000152587891,5.099999904632568,4.889999866485596,4.929999828338623,4.214056491851807,2440069
HELI.CA,Real Estate,2022-05-25 22:00:00,4.929999828338623,4.989999771118164,4.699999809265137,4.78000020980835,4.085840225219727,3592271
HELI.CA,Real Estate,2022-05-28 22:00:00,4.78000020980835,4.800000190734863,4.550000190734863,4.559999942779541,3.8977887630462646,4591292
HELI.CA,Real Estate,2022-05-29 22:00:00,4.559999942779541,4.739999771118164,4.539999961853027,4.650000095367432,3.9747185707092285,11060477
HELI.CA,Real Estate,2022-05-30 22:00:00,4.650000095367432,4.769999980926514,4.449999809265137,4.449999809265137,3.803762674331665,9892794
HELI.CA,Real Estate,2022-05-31 22:00:00,4.449999809265137,4.650000095367432,4.320000171661377,4.360000133514404,3.7268333435058594,6824748
HELI.CA,Real Estate,2022-06-01 22:00:00,4.360000133514404,4.400000095367432,4.239999771118164,4.389999866485596,3.752476215362549,9768053
HELI.CA,Real Estate,2022-06-04 22:00:00,4.389999866485596,4.389999866485596,4.389999866485596,4.389999866485596,3.752476215362549,0
HELI.CA,Real Estate,2022-06-05 22:00:00,4.46999979019165,4.519999980926514,4.429999828338623,4.519999980926514,3.8635976314544678,3231371
HELI.CA,Real Estate,2022-06-06 22:00:00,4.519999980926514,4.570000171661377,4.480000019073486,4.489999771118164,3.837954044342041,6452717
HELI.CA,Real Estate,2022-06-07 22:00:00,4.489999771118164,4.800000190734863,4.519999980926514,4.730000019073486,4.043100833892822,14228750
HELI.CA,Real Estate,2022-06-08 22:00:00,4.730000019073486,4.829999923706055,4.690000057220459,4.71999979019165,4.034553050994873,4330230
HELI.CA,Real Estate,2022-06-11 22:00:00,4.71999979019165,4.989999771118164,4.619999885559082,4.980000019073486,4.256795406341553,8898040
HELI.CA,Real Estate,2022-06-12 22:00:00,4.980000019073486,5.070000171661377,4.829999923706055,4.849999904632568,4.145674228668213,5829019
HELI.CA,Real Estate,2022-06-13 22:00:00,4.849999904632568,4.96999979019165,4.789999961853027,4.889999866485596,4.179865837097168,4831890
HELI.CA,Real Estate,2022-06-14 22:00:00,4.889999866485596,5.119999885559082,4.980000019073486,5.059999942779541,4.3251776695251465,6653925
HELI.CA,Real Estate,2022-06-15 22:00:00,5.059999942779541,5.110000133514404,5.039999961853027,5.050000190734863,4.3166303634643555,2875550
HELI.CA,Real Estate,2022-06-18 22:00:00,5.050000190734863,5.019999980926514,4.849999904632568,4.860000133514404,4.15422248840332,1657190
HELI.CA,Real Estate,2022-06-19 22:00:00,4.860000133514404,4.909999847412109,4.699999809265137,4.860000133514404,4.15422248840332,1694166
HELI.CA,Real Estate,2022-06-20 22:00:00,4.860000133514404,5.179999828338623,4.940000057220459,5.090000152587891,4.350821495056152,4373485
HELI.CA,Real Estate,2022-06-21 22:00:00,5.090000152587891,5.190000057220459,4.949999809265137,4.96999979019165,4.2482476234436035,3479635
HELI.CA,Real Estate,2022-06-22 22:00:00,4.96999979019165,4.980000019073486,4.880000114440918,4.909999847412109,4.196960926055908,1049472
HELI.CA,Real Estate,2022-06-25 22:00:00,4.909999847412109,5.159999847412109,4.96999979019165,5.039999961853027,4.308082103729248,3973442
HELI.CA,Real Estate,2022-06-26 22:00:00,5.039999961853027,5.070000171661377,4.820000171661377,4.869999885559082,4.162769794464111,1405284
HELI.CA,Real Estate,2022-06-27 22:00:00,4.869999885559082,4.980000019073486,4.710000038146973,4.980000019073486,4.256795406341553,2602331
HELI.CA,Real Estate,2022-06-28 22:00:00,4.980000019073486,5.019999980926514,4.860000133514404,4.920000076293945,4.205508708953857,2585829
HELI.CA,Real Estate,2022-07-02 22:00:00,4.920000076293945,4.96999979019165,4.840000152587891,4.889999866485596,4.179865837097168,1611615
HELI.CA,Real Estate,2022-07-03 22:00:00,4.889999866485596,4.940000057220459,4.619999885559082,4.730000019073486,4.043100833892822,3104932
HELI.CA,Real Estate,2022-07-04 22:00:00,4.730000019073486,5.099999904632568,4.800000190734863,4.829999923706055,4.1285786628723145,5141104
HELI.CA,Real Estate,2022-07-05 22:00:00,4.829999923706055,4.949999809265137,4.769999980926514,4.940000057220459,4.222604274749756,1173736
HELI.CA,Real Estate,2022-07-06 22:00:00,4.940000057220459,5.070000171661377,4.829999923706055,4.889999866485596,4.179865837097168,2291941
HELI.CA,Real Estate,2022-07-16 22:00:00,4.889999866485596,4.940000057220459,4.760000228881836,4.909999847412109,4.196960926055908,997426
HELI.CA,Real Estate,2022-07-17 22:00:00,4.909999847412109,5.150000095367432,4.940000057220459,5.090000152587891,4.350821495056152,3609152
HELI.CA,Real Estate,2022-07-18 22:00:00,5.090000152587891,5.349999904632568,5.0,5.25,4.487585544586182,10548177
HELI.CA,Real Estate,2022-07-19 22:00:00,5.25,5.369999885559082,5.25,5.369999885559082,4.590158939361572,5871335
HELI.CA,Real Estate,2022-07-20 22:00:00,5.369999885559082,5.460000038146973,5.369999885559082,5.389999866485596,4.607254981994629,2761976
HELI.CA,Real Estate,2022-07-23 22:00:00,5.389999866485596,5.550000190734863,5.389999866485596,5.420000076293945,4.632898330688477,2314458
HELI.CA,Real Estate,2022-07-24 22:00:00,5.420000076293945,5.46999979019165,5.300000190734863,5.329999923706055,4.555967807769775,1445300
HELI.CA,Real Estate,2022-07-25 22:00:00,5.329999923706055,5.489999771118164,5.300000190734863,5.389999866485596,4.607254981994629,827294
HELI.CA,Real Estate,2022-07-26 22:00:00,5.389999866485596,5.480000019073486,5.300000190734863,5.300000190734863,4.530324935913086,801721
HELI.CA,Real Estate,2022-07-27 22:00:00,5.300000190734863,5.440000057220459,5.300000190734863,5.380000114440918,4.5987067222595215,1157833
HELI.CA,Real Estate,2022-07-30 22:00:00,5.380000114440918,5.579999923706055,5.389999866485596,5.559999942779541,4.752566814422607,4313597
HELI.CA,Real Estate,2022-07-31 22:00:00,5.559999942779541,5.670000076293945,5.329999923706055,5.349999904632568,4.573063850402832,4576553
HELI.CA,Real Estate,2022-08-01 22:00:00,5.349999904632568,5.429999828338623,5.329999923706055,5.360000133514404,4.581611156463623,1231455
HELI.CA,Real Estate,2022-08-02 22:00:00,5.360000133514404,5.440000057220459,5.369999885559082,5.369999885559082,4.590158939361572,832829
HELI.CA,Real Estate,2022-08-03 22:00:00,5.369999885559082,5.789999961853027,5.389999866485596,5.699999809265137,4.8722357749938965,6317828
HELI.CA,Real Estate,2022-08-06 22:00:00,5.699999809265137,6.0,5.71999979019165,5.980000019073486,5.111573696136475,6614622
HELI.CA,Real Estate,2022-08-07 22:00:00,5.980000019073486,6.099999904632568,5.880000114440918,5.920000076293945,5.060286998748779,2594950
HELI.CA,Real Estate,2022-08-08 22:00:00,5.920000076293945,5.989999771118164,5.710000038146973,5.760000228881836,4.92352294921875,3611700
HELI.CA,Real Estate,2022-08-09 22:00:00,5.760000228881836,5.860000133514404,5.71999979019165,5.75,4.914975166320801,1864993
HELI.CA,Real Estate,2022-08-10 22:00:00,5.75,5.789999961853027,5.670000076293945,5.699999809265137,4.8722357749938965,929585
HELI.CA,Real Estate,2022-08-13 22:00:00,5.699999809265137,5.840000152587891,5.699999809265137,5.75,4.914975166320801,2075166
HELI.CA,Real Estate,2022-08-14 22:00:00,5.75,5.800000190734863,5.619999885559082,5.679999828338623,4.855140686035156,2471734
HELI.CA,Real Estate,2022-08-15 22:00:00,5.679999828338623,5.75,5.519999980926514,5.579999923706055,4.769662380218506,2534663
HELI.CA,Real Estate,2022-08-16 22:00:00,5.579999923706055,5.980000019073486,5.579999923706055,5.869999885559082,5.017548084259033,5128709
HELI.CA,Real Estate,2022-08-17 22:00:00,5.869999885559082,5.869999885559082,5.869999885559082,5.869999885559082,5.017548084259033,0
HELI.CA,Real Estate,2022-08-20 22:00:00,5.829999923706055,6.070000171661377,5.820000171661377,6.039999961853027,5.16286039352417,3746323
HELI.CA,Real Estate,2022-08-21 22:00:00,6.039999961853027,6.260000228881836,5.849999904632568,6.199999809265137,5.299624919891357,6880950
HELI.CA,Real Estate,2022-08-22 22:00:00,6.199999809265137,6.199999809265137,6.199999809265137,6.199999809265137,5.299624919891357,0
HELI.CA,Real Estate,2022-08-23 22:00:00,6.059999942779541,6.170000076293945,5.880000114440918,5.940000057220459,5.077382564544678,3162219
HELI.CA,Real Estate,2022-08-24 22:00:00,5.940000057220459,6.389999866485596,5.929999828338623,6.269999980926514,5.359459400177002,8673862
HELI.CA,Real Estate,2022-08-27 22:00:00,6.269999980926514,6.289999961853027,6.139999866485596,6.210000038146973,5.308172702789307,3432586
HELI.CA,Real Estate,2022-08-28 22:00:00,6.210000038146973,6.28000020980835,6.070000171661377,6.110000133514404,5.222695350646973,2320600
HELI.CA,Real Estate,2022-08-29 22:00:00,6.110000133514404,6.170000076293945,6.0,6.03000020980835,5.154313087463379,2863472
HELI.CA,Real Estate,2022-08-30 22:00:00,6.03000020980835,6.110000133514404,5.920000076293945,5.940000057220459,5.077382564544678,1074140
HELI.CA,Real Estate,2022-08-31 22:00:00,5.940000057220459,6.050000190734863,5.900000095367432,5.909999847412109,5.05173921585083,1495983
HELI.CA,Real Estate,2022-09-03 22:00:00,5.909999847412109,6.070000171661377,5.900000095367432,6.039999961853027,5.16286039352417,600206
HELI.CA,Real Estate,2022-09-04 22:00:00,6.039999961853027,6.21999979019165,6.0,6.199999809265137,5.299624919891357,2327662
HELI.CA,Real Estate,2022-09-05 22:00:00,6.199999809265137,6.550000190734863,6.190000057220459,6.449999809265137,5.513319492340088,5094672
HELI.CA,Real Estate,2022-09-06 22:00:00,6.449999809265137,6.5,6.25,6.309999942779541,5.393650531768799,1706377
HELI.CA,Real Estate,2022-09-07 22:00:00,6.309999942779541,6.46999979019165,6.260000228881836,6.380000114440918,5.453485488891602,746254
HELI.CA,Real Estate,2022-09-10 22:00:00,6.380000114440918,6.630000114440918,6.440000057220459,6.539999961853027,5.590249538421631,3678843
HELI.CA,Real Estate,2022-09-11 22:00:00,6.539999961853027,6.630000114440918,6.46999979019165,6.53000020980835,5.581701755523682,2706928
HELI.CA,Real Estate,2022-09-12 22:00:00,6.53000020980835,6.599999904632568,6.429999828338623,6.449999809265137,5.513319492340088,1399006
HELI.CA,Real Estate,2022-09-13 22:00:00,6.449999809265137,6.389999866485596,6.139999866485596,6.179999828338623,5.282529354095459,1179985
HELI.CA,Real Estate,2022-09-14 22:00:00,6.179999828338623,6.25,5.929999828338623,6.159999847412109,5.2654337882995605,1266036
HELI.CA,Real Estate,2022-09-17 22:00:00,6.159999847412109,6.059999942779541,5.550000190734863,5.639999866485596,4.820949077606201,1169257
HELI.CA,Real Estate,2022-09-18 22:00:00,5.639999866485596,5.75,5.5,5.730000019073486,4.897878646850586,947107
HELI.CA,Real Estate,2022-09-19 22:00:00,5.730000019073486,5.900000095367432,5.639999866485596,5.820000171661377,4.974809169769287,1488856
HELI.CA,Real Estate,2022-09-20 22:00:00,5.820000171661377,5.989999771118164,5.619999885559082,5.75,4.914975166320801,3137181
HELI.CA,Real Estate,2022-09-21 22:00:00,5.75,5.829999923706055,5.639999866485596,5.730000019073486,4.897878646850586,755302
HELI.CA,Real Estate,2022-09-24 22:00:00,5.730000019073486,5.800000190734863,5.590000152587891,5.610000133514404,4.7953057289123535,1054618
HELI.CA,Real Estate,2022-09-25 22:00:00,5.610000133514404,5.760000228881836,5.650000095367432,5.699999809265137,4.8722357749938965,754907
HELI.CA,Real Estate,2022-09-26 22:00:00,5.699999809265137,5.849999904632568,5.730000019073486,5.809999942779541,4.96626091003418,1597399
HELI.CA,Real Estate,2022-09-27 22:00:00,5.809999942779541,5.860000133514404,5.730000019073486,5.75,4.914975166320801,939643
HELI.CA,Real Estate,2022-09-28 22:00:00,5.75,5.840000152587891,5.710000038146973,5.75,4.914975166320801,917981
HELI.CA,Real Estate,2022-10-01 22:00:00,5.75,5.789999961853027,5.579999923706055,5.610000133514404,4.7953057289123535,589573
HELI.CA,Real Estate,2022-10-02 22:00:00,5.610000133514404,5.679999828338623,5.53000020980835,5.639999866485596,4.820949077606201,507655
HELI.CA,Real Estate,2022-10-03 22:00:00,5.639999866485596,5.920000076293945,5.710000038146973,5.860000133514404,5.009000301361084,2655092
HELI.CA,Real Estate,2022-10-04 22:00:00,5.860000133514404,5.980000019073486,5.820000171661377,5.840000152587891,4.991905212402344,1975754
HELI.CA,Real Estate,2022-10-08 22:00:00,5.840000152587891,5.849999904632568,5.670000076293945,5.699999809265137,4.8722357749938965,856518
HELI.CA,Real Estate,2022-10-09 22:00:00,5.699999809265137,5.769999980926514,5.610000133514404,5.639999866485596,4.820949077606201,1387643
HELI.CA,Real Estate,2022-10-10 22:00:00,5.639999866485596,5.659999847412109,5.449999809265137,5.519999980926514,4.7183756828308105,1470636
HELI.CA,Real Estate,2022-10-11 22:00:00,5.519999980926514,5.599999904632568,5.380000114440918,5.400000095367432,4.61580228805542,927221
HELI.CA,Real Estate,2022-10-12 22:00:00,5.400000095367432,5.53000020980835,5.420000076293945,5.46999979019165,4.6756367683410645,615749
HELI.CA,Real Estate,2022-10-15 22:00:00,5.46999979019165,5.739999771118164,5.5,5.650000095367432,4.829497337341309,1654815
HELI.CA,Real Estate,2022-10-16 22:00:00,5.650000095367432,5.849999904632568,5.659999847412109,5.75,4.914975166320801,2847937
HELI.CA,Real Estate,2022-10-17 22:00:00,5.75,5.849999904632568,5.690000057220459,5.710000038146973,4.880783557891846,1833137
HELI.CA,Real Estate,2022-10-18 22:00:00,5.710000038146973,5.710000038146973,5.53000020980835,5.599999904632568,4.786757946014404,1961349
HELI.CA,Real Estate,2022-10-19 22:00:00,5.599999904632568,5.75,5.610000133514404,5.690000057220459,4.863687992095947,2180981
HELI.CA,Real Estate,2022-10-22 22:00:00,5.690000057220459,5.800000190734863,5.690000057220459,5.699999809265137,4.8722357749938965,1479508
HELI.CA,Real Estate,2022-10-23 22:00:00,5.699999809265137,5.789999961853027,5.659999847412109,5.690000057220459,4.863687992095947,1416952
HELI.CA,Real Estate,2022-10-24 22:00:00,5.690000057220459,5.789999961853027,5.599999904632568,5.769999980926514,4.932070255279541,2024359
HELI.CA,Real Estate,2022-10-25 22:00:00,5.769999980926514,5.769999980926514,5.769999980926514,5.769999980926514,4.932070255279541,0
HELI.CA,Real Estate,2022-10-26 22:00:00,6.0,6.230000019073486,5.900000095367432,5.920000076293945,5.060286998748779,10339764
HELI.CA,Real Estate,2022-10-29 22:00:00,5.920000076293945,6.0,5.730000019073486,5.800000190734863,4.957713603973389,5268916
HELI.CA,Real Estate,2022-10-30 22:00:00,5.800000190734863,5.860000133514404,5.690000057220459,5.860000133514404,5.009000301361084,3545282
HELI.CA,Real Estate,2022-10-31 22:00:00,5.860000133514404,6.0,5.840000152587891,5.880000114440918,5.026095867156982,4852888
HELI.CA,Real Estate,2022-11-01 22:00:00,5.880000114440918,5.920000076293945,5.690000057220459,5.710000038146973,4.880783557891846,2208649
HELI.CA,Real Estate,2022-11-02 22:00:00,5.710000038146973,5.78000020980835,5.630000114440918,5.710000038146973,4.880783557891846,1558445
HELI.CA,Real Estate,2022-11-05 22:00:00,5.710000038146973,5.820000171661377,5.670000076293945,5.699999809265137,4.8722357749938965,823885
HELI.CA,Real Estate,2022-11-06 22:00:00,5.699999809265137,5.820000171661377,5.679999828338623,5.699999809265137,4.8722357749938965,2463431
HELI.CA,Real Estate,2022-11-07 22:00:00,5.699999809265137,5.789999961853027,5.519999980926514,5.559999942779541,4.752566814422607,3305360
HELI.CA,Real Estate,2022-11-08 22:00:00,5.559999942779541,5.639999866485596,5.489999771118164,5.550000190734863,4.744019508361816,3215592
HELI.CA,Real Estate,2022-11-09 22:00:00,5.550000190734863,5.760000228881836,5.559999942779541,5.730000019073486,4.897878646850586,7354004
HELI.CA,Real Estate,2022-11-12 22:00:00,5.730000019073486,5.989999771118164,5.78000020980835,5.880000114440918,5.026095867156982,11238560
HELI.CA,Real Estate,2022-11-13 22:00:00,5.880000114440918,5.909999847412109,5.769999980926514,5.869999885559082,5.017548084259033,5636868
HELI.CA,Real Estate,2022-11-14 22:00:00,5.869999885559082,5.949999809265137,5.800000190734863,5.809999942779541,4.96626091003418,4451894
HELI.CA,Real Estate,2022-11-15 22:00:00,5.809999942779541,5.929999828338623,5.800000190734863,5.860000133514404,5.009000301361084,8286964
HELI.CA,Real Estate,2022-11-16 22:00:00,5.860000133514404,5.949999809265137,5.860000133514404,5.880000114440918,5.026095867156982,5174172
HELI.CA,Real Estate,2022-11-19 22:00:00,5.880000114440918,5.940000057220459,5.829999923706055,5.840000152587891,4.991905212402344,3752161
HELI.CA,Real Estate,2022-11-20 22:00:00,5.840000152587891,5.900000095367432,5.769999980926514,5.809999942779541,4.96626091003418,2328226
HELI.CA,Real Estate,2022-11-21 22:00:00,5.809999942779541,6.179999828338623,5.809999942779541,6.139999866485596,5.248338222503662,16544490
HELI.CA,Real Estate,2022-11-22 22:00:00,6.139999866485596,6.199999809265137,6.019999980926514,6.050000190734863,5.171408653259277,7578812
HELI.CA,Real Estate,2022-11-23 22:00:00,6.050000190734863,6.239999771118164,6.039999961853027,6.190000057220459,5.291077136993408,6922789
HELI.CA,Real Estate,2022-11-26 22:00:00,6.190000057220459,6.269999980926514,6.159999847412109,6.190000057220459,5.291077136993408,4725367
HELI.CA,Real Estate,2022-11-27 22:00:00,6.190000057220459,6.230000019073486,6.0,6.03000020980835,5.154313087463379,3126197
HELI.CA,Real Estate,2022-11-28 22:00:00,6.03000020980835,6.199999809265137,6.0,6.090000152587891,5.205599308013916,3741502
HELI.CA,Real Estate,2022-11-29 22:00:00,6.090000152587891,6.28000020980835,6.090000152587891,6.239999771118164,5.333816051483154,8646701
HELI.CA,Real Estate,2022-11-30 22:00:00,6.239999771118164,6.519999980926514,6.25,6.519999980926514,5.573153495788574,10976393
HELI.CA,Real Estate,2022-12-03 22:00:00,6.519999980926514,7.090000152587891,6.519999980926514,7.050000190734863,6.026186466217041,18541437
HELI.CA,Real Estate,2022-12-04 22:00:00,7.050000190734863,7.329999923706055,6.960000038146973,7.099999904632568,6.068925857543945,29948358
HELI.CA,Real Estate,2022-12-05 22:00:00,7.099999904632568,7.559999942779541,7.019999980926514,7.400000095367432,6.325358867645264,22035118
HELI.CA,Real Estate,2022-12-06 22:00:00,7.400000095367432,7.760000228881836,7.449999809265137,7.519999980926514,6.427932262420654,13035920
HELI.CA,Real Estate,2022-12-07 22:00:00,7.519999980926514,7.599999904632568,7.380000114440918,7.400000095367432,6.325358867645264,5824629
HELI.CA,Real Estate,2022-12-10 22:00:00,7.400000095367432,7.510000228881836,7.090000152587891,7.110000133514404,6.077473163604736,7231709
HELI.CA,Real Estate,2022-12-11 22:00:00,7.110000133514404,7.300000190734863,6.909999847412109,7.239999771118164,6.188593864440918,4617695
HELI.CA,Real Estate,2022-12-12 22:00:00,7.239999771118164,8.0,7.300000190734863,7.96999979019165,6.812582492828369,12286944
HELI.CA,Real Estate,2022-12-13 22:00:00,7.96999979019165,8.449999809265137,7.800000190734863,8.1899995803833,7.000633239746094,12603029
HELI.CA,Real Estate,2022-12-14 22:00:00,8.1899995803833,8.5,7.849999904632568,7.889999866485596,6.744200229644775,5499818
HELI.CA,Real Estate,2022-12-17 22:00:00,7.889999866485596,8.100000381469727,7.789999961853027,7.96999979019165,6.812582492828369,5135323
HELI.CA,Real Estate,2022-12-18 22:00:00,7.96999979019165,8.229999542236328,7.940000057220459,8.149999618530273,6.966442108154297,4807757
HELI.CA,Real Estate,2022-12-19 22:00:00,8.149999618530273,8.59000015258789,8.069999694824219,8.149999618530273,6.966442108154297,7237943
HELI.CA,Real Estate,2022-12-20 22:00:00,8.149999618530273,8.399999618530273,8.0,8.199999809265137,7.009181022644043,4689572
HELI.CA,Real Estate,2022-12-21 22:00:00,8.199999809265137,8.279999732971191,7.800000190734863,7.829999923706055,6.69291353225708,3660717
HELI.CA,Real Estate,2022-12-24 22:00:00,7.829999923706055,7.900000095367432,7.539999961853027,7.619999885559082,6.5134100914001465,2205645
HELI.CA,Real Estate,2022-12-25 22:00:00,7.619999885559082,7.980000019073486,7.670000076293945,7.940000057220459,6.786938667297363,2492156
HELI.CA,Real Estate,2022-12-26 22:00:00,7.940000057220459,8.09000015258789,7.849999904632568,7.940000057220459,6.786938667297363,2978993
HELI.CA,Real Estate,2022-12-27 22:00:00,7.940000057220459,8.069999694824219,7.940000057220459,8.039999961853027,6.872416973114014,1243516
HELI.CA,Real Estate,2022-12-28 22:00:00,8.039999961853027,8.119999885559082,7.920000076293945,7.960000038146973,6.80403470993042,2792759
HELI.CA,Real Estate,2023-01-01 22:00:00,7.960000038146973,8.800000190734863,7.929999828338623,8.699999809265137,7.436570644378662,8668591
HELI.CA,Real Estate,2023-01-02 22:00:00,8.699999809265137,9.289999961853027,8.699999809265137,9.100000381469727,7.778482437133789,9359739
HELI.CA,Real Estate,2023-01-03 22:00:00,9.100000381469727,9.329999923706055,8.5,9.1899995803833,7.855411052703857,15468398
HELI.CA,Real Estate,2023-01-04 22:00:00,9.1899995803833,9.300000190734863,8.880000114440918,8.930000305175781,7.633169174194336,8981489
HELI.CA,Real Estate,2023-01-08 22:00:00,8.930000305175781,9.270000457763672,8.8100004196167,8.869999885559082,7.581882953643799,11403573
HELI.CA,Real Estate,2023-01-09 22:00:00,8.869999885559082,9.09000015258789,8.680000305175781,9.079999923706055,7.761386394500732,12457773
HELI.CA,Real Estate,2023-01-10 22:00:00,9.079999923706055,10.100000381469727,9.079999923706055,9.3100004196167,7.957984924316406,30560544
HELI.CA,Real Estate,2023-01-11 22:00:00,9.3100004196167,10.350000381469727,9.199999809265137,10.300000190734863,8.874829292297363,20198402
HELI.CA,Real Estate,2023-01-14 22:00:00,10.300000190734863,11.140000343322754,10.460000038146973,10.609999656677246,9.141934394836426,24418995
HELI.CA,Real Estate,2023-01-15 22:00:00,10.609999656677246,10.739999771118164,10.390000343322754,10.449999809265137,9.004073143005371,9589584
HELI.CA,Real Estate,2023-01-16 22:00:00,10.449999809265137,11.479999542236328,10.5,10.90999984741211,9.40042495727539,22731763
HELI.CA,Real Estate,2023-01-17 22:00:00,10.90999984741211,11.300000190734863,10.529999732971191,10.680000305175781,9.202248573303223,9529279
HELI.CA,Real Estate,2023-01-18 22:00:00,10.680000305175781,11.390000343322754,10.619999885559082,11.390000343322754,9.814009666442871,8663914
HELI.CA,Real Estate,2023-01-21 22:00:00,11.390000343322754,11.739999771118164,11.199999809265137,11.199999809265137,9.650298118591309,7972946
HELI.CA,Real Estate,2023-01-22 22:00:00,11.199999809265137,11.970000267028809,11.199999809265137,11.5,9.90878963470459,14124720
HELI.CA,Real Estate,2023-01-23 22:00:00,11.5,11.65999984741211,11.1899995803833,11.300000190734863,9.736462593078613,10069153
HELI.CA,Real Estate,2023-01-24 22:00:00,11.300000190734863,11.479999542236328,10.949999809265137,11.369999885559082,9.79677677154541,10228668
HELI.CA,Real Estate,2023-01-28 22:00:00,11.369999885559082,11.550000190734863,11.100000381469727,11.180000305175781,9.633066177368164,8437026
HELI.CA,Real Estate,2023-01-29 22:00:00,11.180000305175781,11.329999923706055,10.319999694824219,10.399999618530273,8.960990905761719,11739972
HELI.CA,Real Estate,2023-01-30 22:00:00,10.399999618530273,10.920000076293945,10.079999923706055,10.100000381469727,8.702502250671387,12604373
HELI.CA,Real Estate,2023-01-31 22:00:00,10.100000381469727,10.300000190734863,9.859999656677246,9.899999618530273,8.53017520904541,10976149
HELI.CA,Real Estate,2023-02-01 22:00:00,9.899999618530273,10.199999809265137,9.260000228881836,9.359999656677246,8.064892768859863,9870478
HELI.CA,Real Estate,2023-02-04 22:00:00,9.359999656677246,9.470000267028809,8.260000228881836,9.34000015258789,8.047658920288086,26672901
HELI.CA,Real Estate,2023-02-05 22:00:00,9.34000015258789,9.789999961853027,9.210000038146973,9.449999809265137,8.142438888549805,9865730
HELI.CA,Real Estate,2023-02-06 22:00:00,9.449999809265137,9.670000076293945,9.390000343322754,9.449999809265137,8.142438888549805,7325430
HELI.CA,Real Estate,2023-02-07 22:00:00,9.449999809265137,9.569999694824219,9.199999809265137,9.229999542236328,7.952880382537842,3993461
HELI.CA,Real Estate,2023-02-08 22:00:00,9.229999542236328,9.890000343322754,9.229999542236328,9.760000228881836,8.409546852111816,8698154
HELI.CA,Real Estate,2023-02-11 22:00:00,9.760000228881836,10.3100004196167,9.829999923706055,9.949999809265137,8.573256492614746,15442661
HELI.CA,Real Estate,2023-02-12 22:00:00,9.949999809265137,10.100000381469727,9.649999618530273,9.739999771118164,8.392312049865723,7745611
HELI.CA,Real Estate,2023-02-13 22:00:00,9.739999771118164,10.520000457763672,9.770000457763672,10.520000457763672,9.064387321472168,16673487
HELI.CA,Real Estate,2023-02-14 22:00:00,10.520000457763672,10.800000190734863,10.350000381469727,10.600000381469727,9.133318901062012,16105725
HELI.CA,Real Estate,2023-02-15 22:00:00,10.600000381469727,10.819999694824219,10.5,10.529999732971191,9.073003768920898,7960762
HELI.CA,Real Estate,2023-02-18 22:00:00,10.529999732971191,10.649999618530273,10.100000381469727,10.229999542236328,8.814513206481934,4824404
HELI.CA,Real Estate,2023-02-19 22:00:00,10.229999542236328,10.359999656677246,9.609999656677246,9.710000038146973,8.366463661193848,7333287
HELI.CA,Real Estate,2023-02-20 22:00:00,9.710000038146973,10.140000343322754,9.609999656677246,10.130000114440918,8.728350639343262,5979287
HELI.CA,Real Estate,2023-02-21 22:00:00,10.130000114440918,10.1899995803833,9.569999694824219,9.649999618530273,8.314765930175781,5286437
HELI.CA,Real Estate,2023-02-22 22:00:00,9.649999618530273,9.800000190734863,9.449999809265137,9.75,8.400930404663086,3687844
HELI.CA,Real Estate,2023-02-25 22:00:00,9.75,9.880000114440918,9.680000305175781,9.8100004196167,8.452628135681152,3039609
HELI.CA,Real Estate,2023-02-26 22:00:00,9.8100004196167,10.100000381469727,9.819999694824219,9.899999618530273,8.53017520904541,8021570
HELI.CA,Real Estate,2023-02-27 22:00:00,9.899999618530273,10.050000190734863,9.710000038146973,9.75,8.400930404663086,10820471
HELI.CA,Real Estate,2023-02-28 22:00:00,9.75,9.869999885559082,9.520000457763672,9.600000381469727,8.271684646606445,5123465
HELI.CA,Real Estate,2023-03-01 22:00:00,9.600000381469727,9.75,9.359999656677246,9.359999656677246,8.064892768859863,6006990
HELI.CA,Real Estate,2023-03-04 22:00:00,9.359999656677246,9.4399995803833,9.050000190734863,9.199999809265137,7.92703104019165,7986002
HELI.CA,Real Estate,2023-03-05 22:00:00,9.199999809265137,9.550000190734863,9.199999809265137,9.3100004196167,8.021810531616211,7720584
HELI.CA,Real Estate,2023-03-06 22:00:00,9.3100004196167,9.4399995803833,8.9399995803833,8.949999809265137,7.711623191833496,5199262
HELI.CA,Real Estate,2023-03-07 22:00:00,8.949999809265137,9.0600004196167,8.75,8.819999694824219,7.599610328674316,3907792
HELI.CA,Real Estate,2023-03-08 22:00:00,8.819999694824219,9.09000015258789,8.819999694824219,9.050000190734863,7.797785758972168,3080186
HELI.CA,Real Estate,2023-03-11 22:00:00,9.050000190734863,9.010000228881836,8.449999809265137,8.449999809265137,7.280805587768555,3387101
HELI.CA,Real Estate,2023-03-12 22:00:00,8.449999809265137,8.649999618530273,7.71999979019165,7.869999885559082,6.781057834625244,4304165
HELI.CA,Real Estate,2023-03-13 22:00:00,7.869999885559082,8.210000038146973,7.739999771118164,8.149999618530273,7.02231502532959,2712622
HELI.CA,Real Estate,2023-03-14 22:00:00,8.149999618530273,8.25,6.519999980926514,7.079999923706055,6.100367069244385,5103391
HELI.CA,Real Estate,2023-03-15 22:00:00,7.079999923706055,7.610000133514404,6.559999942779541,7.489999771118164,6.45363712310791,4923862
HELI.CA,Real Estate,2023-03-18 22:00:00,7.489999771118164,7.599999904632568,7.130000114440918,7.460000038146973,6.427788257598877,3158119
HELI.CA,Real Estate,2023-03-19 22:00:00,7.460000038146973,7.949999809265137,7.460000038146973,7.710000038146973,6.6431965827941895,6137287
HELI.CA,Real Estate,2023-03-20 22:00:00,7.710000038146973,8.0600004196167,7.800000190734863,7.949999809265137,6.8499884605407715,4427002
HELI.CA,Real Estate,2023-03-21 22:00:00,7.949999809265137,8.100000381469727,7.679999828338623,7.710000038146973,6.6431965827941895,3410901
HELI.CA,Real Estate,2023-03-22 22:00:00,7.710000038146973,7.920000076293945,7.610000133514404,7.900000095367432,6.806906700134277,1818971
HELI.CA,Real Estate,2023-03-25 22:00:00,7.900000095367432,9.0,7.949999809265137,8.9399995803833,7.703005790710449,8514787
HELI.CA,Real Estate,2023-03-26 22:00:00,8.9399995803833,9.1899995803833,8.569999694824219,8.800000190734863,7.5823774337768555,6252376
HELI.CA,Real Estate,2023-03-27 22:00:00,8.800000190734863,8.880000114440918,8.460000038146973,8.739999771118164,7.530679225921631,2389363
HELI.CA,Real Estate,2023-03-28 22:00:00,8.739999771118164,9.149999618530273,8.720000267028809,9.149999618530273,7.883949279785156,6346502
HELI.CA,Real Estate,2023-03-29 22:00:00,9.149999618530273,9.390000343322754,8.800000190734863,8.90999984741211,7.677156448364258,8230168
HELI.CA,Real Estate,2023-04-01 22:00:00,8.90999984741211,9.460000038146973,8.819999694824219,9.449999809265137,8.142438888549805,10844890
HELI.CA,Real Estate,2023-04-02 22:00:00,9.449999809265137,9.699999809265137,9.329999923706055,9.699999809265137,8.357848167419434,7868652
HELI.CA,Real Estate,2023-04-03 22:00:00,9.699999809265137,9.75,9.479999542236328,9.579999923706055,8.254451751708984,5635229
HELI.CA,Real Estate,2023-04-04 22:00:00,9.579999923706055,9.630000114440918,9.329999923706055,9.380000114440918,8.082125663757324,2669562
HELI.CA,Real Estate,2023-04-05 22:00:00,9.380000114440918,9.510000228881836,9.0,9.140000343322754,7.875332832336426,2671480
HELI.CA,Real Estate,2023-04-08 22:00:00,9.140000343322754,9.289999961853027,8.949999809265137,9.0600004196167,7.806402683258057,2315862
HELI.CA,Real Estate,2023-04-09 22:00:00,9.0600004196167,9.289999961853027,9.0,9.220000267028809,7.9442644119262695,2458198
HELI.CA,Real Estate,2023-04-10 22:00:00,9.220000267028809,9.699999809265137,9.34000015258789,9.699999809265137,8.357848167419434,6235456
HELI.CA,Real Estate,2023-04-11 22:00:00,9.699999809265137,9.760000228881836,9.460000038146973,9.569999694824219,8.245834350585938,7624137
HELI.CA,Real Estate,2023-04-12 22:00:00,9.569999694824219,10.029999732971191,9.539999961853027,9.859999656677246,8.495709419250488,8712674
HELI.CA,Real Estate,2023-04-17 22:00:00,9.859999656677246,10.3100004196167,9.819999694824219,10.279999732971191,8.85759449005127,5903811
HELI.CA,Real Estate,2023-04-18 22:00:00,10.279999732971191,10.34000015258789,9.899999618530273,9.949999809265137,8.573256492614746,4580450
HELI.CA,Real Estate,2023-04-25 22:00:00,9.949999809265137,10.1899995803833,9.8100004196167,10.100000381469727,8.702502250671387,4113825
HELI.CA,Real Estate,2023-04-26 22:00:00,10.100000381469727,10.420000076293945,10.15999984741211,10.239999771118164,8.823129653930664,5122408
HELI.CA,Real Estate,2023-04-29 21:00:00,10.239999771118164,10.5,9.899999618530273,9.970000267028809,8.590489387512207,4044806
HELI.CA,Real Estate,2023-04-30 21:00:00,9.970000267028809,9.970000267028809,9.970000267028809,9.970000267028809,8.590489387512207,0
HELI.CA,Real Estate,2023-05-01 21:00:00,9.600000381469727,9.739999771118164,9.4399995803833,9.529999732971191,8.211370468139648,1770087
HELI.CA,Real Estate,2023-05-02 21:00:00,9.529999732971191,9.6899995803833,9.300000190734863,9.5,8.185521125793457,3124026
HELI.CA,Real Estate,2023-05-06 21:00:00,9.5,9.5,9.25,9.390000343322754,8.090742111206055,1682847
HELI.CA,Real Estate,2023-05-07 21:00:00,9.390000343322754,9.6899995803833,9.399999618530273,9.630000114440918,8.297533988952637,4112978
HELI.CA,Real Estate,2023-05-08 21:00:00,9.630000114440918,9.979999542236328,9.619999885559082,9.649999618530273,8.314765930175781,8599898
HELI.CA,Real Estate,2023-05-09 21:00:00,9.649999618530273,9.65999984741211,9.449999809265137,9.649999618530273,8.314765930175781,4202316
HELI.CA,Real Estate,2023-05-10 21:00:00,9.649999618530273,9.729999542236328,9.399999618530273,9.420000076293945,8.11659049987793,2986487
HELI.CA,Real Estate,2023-05-13 21:00:00,9.420000076293945,9.5,9.289999961853027,9.40999984741211,8.1079740524292,2084004
HELI.CA,Real Estate,2023-05-14 21:00:00,9.40999984741211,9.550000190734863,9.069999694824219,9.199999809265137,7.92703104019165,2148297
HELI.CA,Real Estate,2023-05-15 21:00:00,9.199999809265137,9.149999618530273,8.710000038146973,8.84000015258789,7.616843223571777,4497004
HELI.CA,Real Estate,2023-05-16 21:00:00,8.84000015258789,8.949999809265137,8.600000381469727,8.670000076293945,7.470364570617676,2309047
HELI.CA,Real Estate,2023-05-17 21:00:00,8.670000076293945,8.699999809265137,8.300000190734863,8.630000114440918,7.43589973449707,2745549
HELI.CA,Real Estate,2023-05-20 21:00:00,8.630000114440918,8.720000267028809,8.579999923706055,8.600000381469727,7.410050868988037,1323916
HELI.CA,Real Estate,2023-05-21 21:00:00,8.600000381469727,8.84000015258789,8.449999809265137,8.479999542236328,7.306654453277588,2720274
HELI.CA,Real Estate,2023-05-22 21:00:00,8.479999542236328,8.550000190734863,8.199999809265137,8.430000305175781,7.263573169708252,2012778
HELI.CA,Real Estate,2023-05-23 21:00:00,8.430000305175781,8.770000457763672,8.510000228881836,8.699999809265137,7.496214389801025,2471148
HELI.CA,Real Estate,2023-05-24 21:00:00,8.699999809265137,8.819999694824219,8.569999694824219,8.600000381469727,7.410050868988037,1936904
HELI.CA,Real Estate,2023-05-27 21:00:00,8.600000381469727,8.729999542236328,8.5600004196167,8.680000305175781,7.478982448577881,1602589
HELI.CA,Real Estate,2023-05-28 21:00:00,8.680000305175781,9.75,8.619999885559082,9.699999809265137,8.357848167419434,9989211
HELI.CA,Real Estate,2023-05-29 21:00:00,9.699999809265137,10.140000343322754,9.65999984741211,10.0,8.616337776184082,9882996
HELI.CA,Real Estate,2023-05-30 21:00:00,10.0,10.529999732971191,9.970000267028809,10.100000381469727,8.702502250671387,14489121
HELI.CA,Real Estate,2023-05-31 21:00:00,10.100000381469727,10.65999984741211,10.0,10.59000015258789,9.124702453613281,9567859
HELI.CA,Real Estate,2023-06-03 21:00:00,10.59000015258789,10.800000190734863,10.420000076293945,10.5,9.047155380249023,6136489
HELI.CA,Real Estate,2023-06-04 21:00:00,10.5,10.760000228881836,10.380000114440918,10.460000038146973,9.012689590454102,4043682
HELI.CA,Real Estate,2023-06-05 21:00:00,10.460000038146973,11.5,10.989999771118164,11.170000076293945,9.624449729919434,19638650
HELI.CA,Real Estate,2023-06-06 21:00:00,11.170000076293945,11.4399995803833,10.850000381469727,10.859999656677246,9.357342720031738,9462136
HELI.CA,Real Estate,2023-06-07 21:00:00,10.859999656677246,11.489999771118164,10.859999656677246,11.180000305175781,9.633066177368164,8397442
HELI.CA,Real Estate,2023-06-10 21:00:00,11.180000305175781,11.489999771118164,11.15999984741211,11.220000267028809,9.66753101348877,5140524
HELI.CA,Real Estate,2023-06-11 21:00:00,11.220000267028809,11.329999923706055,11.0,11.09000015258789,9.55551815032959,1307987
HELI.CA,Real Estate,2023-06-12 21:00:00,11.09000015258789,11.239999771118164,10.819999694824219,10.960000038146973,9.443507194519043,4208685
HELI.CA,Real Estate,2023-06-13 21:00:00,10.960000038146973,11.239999771118164,10.899999618530273,10.920000076293945,9.409040451049805,3602492
HELI.CA,Real Estate,2023-06-14 21:00:00,10.920000076293945,11.279999732971191,10.850000381469727,11.279999732971191,9.719229698181152,4907849
HELI.CA,Real Estate,2023-06-17 21:00:00,11.279999732971191,11.75,11.25,11.449999809265137,9.865707397460938,6838672
HELI.CA,Real Estate,2023-06-18 21:00:00,11.449999809265137,11.539999961853027,11.199999809265137,11.399999618530273,9.822625160217285,4263211
HELI.CA,Real Estate,2023-06-19 21:00:00,11.399999618530273,11.649999618530273,11.279999732971191,11.4399995803833,9.857090950012207,3764476
HELI.CA,Real Estate,2023-06-20 21:00:00,11.4399995803833,11.550000190734863,11.100000381469727,11.149999618530273,9.607215881347656,2134761
HELI.CA,Real Estate,2023-06-21 21:00:00,11.149999618530273,11.5,11.029999732971191,11.430000305175781,9.848474502563477,3251835
HELI.CA,Real Estate,2023-06-24 21:00:00,11.430000305175781,11.5600004196167,11.199999809265137,11.199999809265137,9.650298118591309,2297617
HELI.CA,Real Estate,2023-06-25 21:00:00,11.199999809265137,11.5,11.100000381469727,11.449999809265137,9.865707397460938,2513350
HELI.CA,Real Estate,2023-07-03 21:00:00,11.449999809265137,11.510000228881836,11.109999656677246,11.149999618530273,9.607215881347656,1547713
HELI.CA,Real Estate,2023-07-04 21:00:00,11.149999618530273,11.300000190734863,11.069999694824219,11.119999885559082,9.581367492675781,1397850
HELI.CA,Real Estate,2023-07-05 21:00:00,11.119999885559082,11.300000190734863,10.819999694824219,10.84000015258789,9.34011173248291,1460002
HELI.CA,Real Estate,2023-07-08 21:00:00,10.84000015258789,10.920000076293945,9.75,9.800000190734863,8.444011688232422,1445473
HELI.CA,Real Estate,2023-07-09 21:00:00,9.800000190734863,10.199999809265137,9.829999923706055,10.149999618530273,8.745583534240723,1832328
HELI.CA,Real Estate,2023-07-10 21:00:00,10.149999618530273,10.569999694824219,9.920000076293945,10.569999694824219,9.10746955871582,2454704
HELI.CA,Real Estate,2023-07-11 21:00:00,10.569999694824219,10.729999542236328,10.199999809265137,10.239999771118164,8.823129653930664,1845927
HELI.CA,Real Estate,2023-07-12 21:00:00,10.239999771118164,10.5,10.279999732971191,10.279999732971191,8.85759449005127,1595805
HELI.CA,Real Estate,2023-07-15 21:00:00,10.279999732971191,10.75,10.270000457763672,10.75,9.26256275177002,2207238
HELI.CA,Real Estate,2023-07-16 21:00:00,10.75,10.920000076293945,10.65999984741211,10.65999984741211,9.185015678405762,2191769
HELI.CA,Real Estate,2023-07-17 21:00:00,10.65999984741211,11.399999618530273,10.829999923706055,11.25,9.693380355834961,4185126
HELI.CA,Real Estate,2023-07-18 21:00:00,11.25,11.25,11.25,11.25,9.693380355834961,0
HELI.CA,Real Estate,2023-07-23 21:00:00,11.039999961853027,11.180000305175781,10.75,10.770000457763672,9.279796600341797,2817421
HELI.CA,Real Estate,2023-07-24 21:00:00,10.770000457763672,10.970000267028809,10.449999809265137,10.5,9.047155380249023,3775673
HELI.CA,Real Estate,2023-07-25 21:00:00,10.5,10.619999885559082,10.359999656677246,10.529999732971191,9.073003768920898,2914851
HELI.CA,Real Estate,2023-07-26 21:00:00,10.529999732971191,10.600000381469727,10.4399995803833,10.460000038146973,9.012689590454102,1897397
HELI.CA,Real Estate,2023-07-29 21:00:00,10.460000038146973,10.770000457763672,10.399999618530273,10.619999885559082,9.150550842285156,2981966
HELI.CA,Real Estate,2023-07-30 21:00:00,10.619999885559082,11.100000381469727,10.619999885559082,11.09000015258789,9.55551815032959,4461802
HELI.CA,Real Estate,2023-07-31 21:00:00,11.09000015258789,11.130000114440918,10.65999984741211,10.800000190734863,9.305644989013672,4172350
HELI.CA,Real Estate,2023-08-01 21:00:00,10.800000190734863,11.0,10.699999809265137,10.720000267028809,9.236714363098145,3748887
HELI.CA,Real Estate,2023-08-02 21:00:00,10.720000267028809,10.949999809265137,10.699999809265137,10.890000343322754,9.38319206237793,3162310
HELI.CA,Real Estate,2023-08-05 21:00:00,10.890000343322754,12.149999618530273,10.8100004196167,12.119999885559082,10.443001747131348,23830609
HELI.CA,Real Estate,2023-08-06 21:00:00,12.119999885559082,12.460000038146973,11.670000076293945,12.199999809265137,10.511932373046875,21103333
HELI.CA,Real Estate,2023-08-07 21:00:00,12.199999809265137,12.329999923706055,11.710000038146973,11.800000190734863,10.167279243469238,13013643
HELI.CA,Real Estate,2023-08-08 21:00:00,11.800000190734863,12.680000305175781,11.800000190734863,12.260000228881836,10.563630104064941,18569339
HELI.CA,Real Estate,2023-08-09 21:00:00,12.260000228881836,12.5,12.050000190734863,12.0600004196167,10.391304016113281,9298269
HELI.CA,Real Estate,2023-08-12 21:00:00,12.0600004196167,12.40999984741211,12.079999923706055,12.300000190734863,10.598095893859863,8933109
HELI.CA,Real Estate,2023-08-13 21:00:00,12.300000190734863,12.779999732971191,12.329999923706055,12.329999923706055,10.623945236206055,16943619
HELI.CA,Real Estate,2023-08-14 21:00:00,12.329999923706055,12.489999771118164,12.0,12.069999694824219,10.399919509887695,7632403
HELI.CA,Real Estate,2023-08-15 21:00:00,12.069999694824219,12.4399995803833,11.979999542236328,12.1899995803833,10.503315925598145,9154002
HELI.CA,Real Estate,2023-08-16 21:00:00,12.1899995803833,12.369999885559082,12.09000015258789,12.350000381469727,10.641178131103516,6628433
HELI.CA,Real Estate,2023-08-19 21:00:00,12.350000381469727,12.729999542236328,12.430000305175781,12.5,10.770421981811523,14813631
HELI.CA,Real Estate,2023-08-20 21:00:00,12.5,13.09000015258789,12.300000190734863,12.84000015258789,11.063377380371094,17035869
HELI.CA,Real Estate,2023-08-21 21:00:00,12.84000015258789,13.220000267028809,12.859999656677246,12.890000343322754,11.106460571289062,13143557
HELI.CA,Real Estate,2023-08-22 21:00:00,12.890000343322754,13.079999923706055,12.350000381469727,12.529999732971191,10.796271324157715,13872070
HELI.CA,Real Estate,2023-08-23 21:00:00,12.529999732971191,12.59000015258789,12.25,12.300000190734863,10.598095893859863,9640820
HELI.CA,Real Estate,2023-08-26 21:00:00,12.300000190734863,12.649999618530273,12.149999618530273,12.210000038146973,10.520548820495605,10078258
HELI.CA,Real Estate,2023-08-27 21:00:00,12.210000038146973,12.760000228881836,11.850000381469727,11.960000038146973,10.305140495300293,17269529
HELI.CA,Real Estate,2023-08-28 21:00:00,11.960000038146973,12.260000228881836,11.899999618530273,12.0,10.339605331420898,9614805
HELI.CA,Real Estate,2023-08-29 21:00:00,12.0,12.350000381469727,11.920000076293945,12.300000190734863,10.598095893859863,9804595
HELI.CA,Real Estate,2023-08-30 21:00:00,12.300000190734863,12.300000190734863,12.300000190734863,12.300000190734863,10.598095893859863,0
HELI.CA,Real Estate,2023-09-02 21:00:00,12.079999923706055,12.100000381469727,11.720000267028809,11.800000190734863,10.167279243469238,4155375
HELI.CA,Real Estate,2023-09-03 21:00:00,11.800000190734863,12.199999809265137,11.720000267028809,12.069999694824219,10.399919509887695,4515571
HELI.CA,Real Estate,2023-09-04 21:00:00,12.069999694824219,12.239999771118164,11.899999618530273,11.960000038146973,10.305140495300293,3942947
HELI.CA,Real Estate,2023-09-05 21:00:00,11.960000038146973,12.149999618530273,11.819999694824219,11.850000381469727,10.21036148071289,3435238
HELI.CA,Real Estate,2023-09-06 21:00:00,11.850000381469727,11.979999542236328,11.779999732971191,11.90999984741211,10.262059211730957,2024165
HELI.CA,Real Estate,2023-09-09 21:00:00,11.90999984741211,11.90999984741211,11.90999984741211,11.90999984741211,10.262059211730957,0
HELI.CA,Real Estate,2023-09-10 21:00:00,12.25,12.789999961853027,12.289999961853027,12.380000114440918,10.66702651977539,20995132
HELI.CA,Real Estate,2023-09-11 21:00:00,12.380000114440918,12.529999732971191,12.079999923706055,12.130000114440918,10.451618194580078,9775702
HELI.CA,Real Estate,2023-09-12 21:00:00,12.130000114440918,12.319999694824219,11.960000038146973,12.239999771118164,10.54639720916748,8279820
HELI.CA,Real Estate,2023-09-13 21:00:00,12.239999771118164,12.5,12.170000076293945,12.319999694824219,10.615328788757324,7702567
HELI.CA,Real Estate,2023-09-16 21:00:00,12.319999694824219,12.479999542236328,12.119999885559082,12.149999618530273,10.468850135803223,5530341
HELI.CA,Real Estate,2023-09-17 21:00:00,12.149999618530273,12.260000228881836,12.029999732971191,12.069999694824219,10.399919509887695,3657657
HELI.CA,Real Estate,2023-09-18 21:00:00,12.069999694824219,12.380000114440918,12.100000381469727,12.180000305175781,10.49470043182373,6714792
HELI.CA,Real Estate,2023-09-19 21:00:00,12.180000305175781,12.180000305175781,12.180000305175781,12.180000305175781,10.49470043182373,0
HELI.CA,Real Estate,2023-09-20 21:00:00,12.180000305175781,12.180000305175781,12.180000305175781,12.180000305175781,10.49470043182373,0
HELI.CA,Real Estate,2023-09-23 21:00:00,12.180000305175781,12.180000305175781,12.180000305175781,12.180000305175781,10.49470043182373,0
HELI.CA,Real Estate,2023-09-24 21:00:00,11.75,11.9399995803833,11.739999771118164,11.760000228881836,10.132813453674316,4577382
HELI.CA,Real Estate,2023-09-25 21:00:00,11.760000228881836,11.880000114440918,11.420000076293945,11.420000076293945,9.839858055114746,6036259
HELI.CA,Real Estate,2023-09-26 21:00:00,11.420000076293945,11.420000076293945,11.420000076293945,11.420000076293945,9.839858055114746,0
HELI.CA,Real Estate,2023-09-30 21:00:00,11.420000076293945,11.420000076293945,11.420000076293945,11.420000076293945,9.839858055114746,0
HELI.CA,Real Estate,2023-10-01 21:00:00,10.949999809265137,11.300000190734863,10.829999923706055,11.260000228881836,9.701996803283691,4754965
HELI.CA,Real Estate,2023-10-02 21:00:00,11.260000228881836,11.470000267028809,11.039999961853027,11.130000114440918,9.589984893798828,6324859
HELI.CA,Real Estate,2023-10-03 21:00:00,11.130000114440918,11.25,10.8100004196167,11.210000038146973,9.658915519714355,7506032
HELI.CA,Real Estate,2023-10-07 21:00:00,11.210000038146973,11.600000381469727,10.399999618530273,11.109999656677246,9.572751998901367,11589656
HELI.CA,Real Estate,2023-10-08 21:00:00,11.109999656677246,11.239999771118164,10.899999618530273,11.020000457763672,9.49520492553711,2382510
HELI.CA,Real Estate,2023-10-09 21:00:00,11.020000457763672,11.149999618530273,10.949999809265137,11.020000457763672,9.49520492553711,3171181
HELI.CA,Real Estate,2023-10-10 21:00:00,11.020000457763672,11.3100004196167,11.0,11.0,9.477972030639648,5668230
HELI.CA,Real Estate,2023-10-11 21:00:00,11.0,11.180000305175781,10.8100004196167,10.8100004196167,9.314262390136719,6867697
HELI.CA,Real Estate,2023-10-14 21:00:00,10.8100004196167,10.9399995803833,10.670000076293945,10.670000076293945,9.193633079528809,8219760
HELI.CA,Real Estate,2023-10-15 21:00:00,10.670000076293945,10.9399995803833,10.59000015258789,10.6899995803833,9.210865020751953,6628304
HELI.CA,Real Estate,2023-10-16 21:00:00,10.6899995803833,11.09000015258789,10.680000305175781,10.880000114440918,9.3745756149292,12302054
HELI.CA,Real Estate,2023-10-17 21:00:00,10.880000114440918,11.079999923706055,10.609999656677246,10.6899995803833,9.210865020751953,9407134
HELI.CA,Real Estate,2023-10-18 21:00:00,10.6899995803833,10.6899995803833,10.6899995803833,10.6899995803833,9.210865020751953,0
HELI.CA,Real Estate,2023-10-21 21:00:00,10.5600004196167,10.979999542236328,10.399999618530273,10.859999656677246,9.357342720031738,15214653
HELI.CA,Real Estate,2023-10-22 21:00:00,10.859999656677246,11.0600004196167,10.6899995803833,10.710000038146973,9.22809886932373,13838528
HELI.CA,Real Estate,2023-10-23 21:00:00,10.710000038146973,10.869999885559082,10.550000190734863,10.630000114440918,9.159167289733887,6701244
HELI.CA,Real Estate,2023-10-24 21:00:00,10.630000114440918,11.300000190734863,10.680000305175781,11.199999809265137,9.650298118591309,18402776
HELI.CA,Real Estate,2023-10-25 21:00:00,11.199999809265137,12.079999923706055,11.300000190734863,11.880000114440918,10.236209869384766,34687090
HELI.CA,Real Estate,2023-10-28 22:00:00,11.880000114440918,12.680000305175781,11.90999984741211,12.649999618530273,10.899667739868164,24153441
HELI.CA,Real Estate,2023-10-29 22:00:00,12.649999618530273,12.729999542236328,12.130000114440918,12.130000114440918,10.451618194580078,21241819
HELI.CA,Real Estate,2023-10-30 22:00:00,12.130000114440918,12.279999732971191,11.75,11.75,10.124197006225586,14559308
HELI.CA,Real Estate,2023-10-31 22:00:00,11.75,12.0600004196167,11.25,11.640000343322754,10.029417991638184,11910735
HELI.CA,Real Estate,2023-11-01 22:00:00,11.640000343322754,11.90999984741211,11.609999656677246,11.800000190734863,10.167279243469238,5987999
HELI.CA,Real Estate,2023-11-04 22:00:00,11.800000190734863,12.050000190734863,11.65999984741211,11.75,10.124197006225586,8156467
HELI.CA,Real Estate,2023-11-05 22:00:00,11.75,11.90999984741211,11.649999618530273,11.670000076293945,10.055267333984375,10473404
HELI.CA,Real Estate,2023-11-06 22:00:00,11.670000076293945,12.039999961853027,11.670000076293945,11.850000381469727,10.21036148071289,13606515
HELI.CA,Real Estate,2023-11-07 22:00:00,11.850000381469727,12.3100004196167,11.6899995803833,11.739999771118164,10.115580558776855,20148676
HELI.CA,Real Estate,2023-11-08 22:00:00,11.739999771118164,11.890000343322754,11.449999809265137,11.550000190734863,9.951870918273926,12033707
HELI.CA,Real Estate,2023-11-11 22:00:00,11.550000190734863,11.6899995803833,9.25,11.100000381469727,9.564136505126953,14780933
HELI.CA,Real Estate,2023-11-12 22:00:00,11.100000381469727,11.170000076293945,10.75,10.779999732971191,9.288412094116211,7069037
HELI.CA,Real Estate,2023-11-13 22:00:00,10.779999732971191,10.850000381469727,10.5600004196167,10.619999885559082,9.150550842285156,8939001
HELI.CA,Real Estate,2023-11-14 22:00:00,10.619999885559082,10.800000190734863,10.5,10.640000343322754,9.167784690856934,6349069
HELI.CA,Real Estate,2023-11-15 22:00:00,10.640000343322754,11.100000381469727,10.680000305175781,10.899999618530273,9.39180850982666,8051526
HELI.CA,Real Estate,2023-11-18 22:00:00,10.899999618530273,11.109999656677246,10.859999656677246,10.90999984741211,9.40042495727539,4065926
HELI.CA,Real Estate,2023-11-19 22:00:00,10.90999984741211,11.010000228881836,10.710000038146973,10.710000038146973,9.22809886932373,5928471
HELI.CA,Real Estate,2023-11-20 22:00:00,10.710000038146973,10.800000190734863,10.649999618530273,10.699999809265137,9.219482421875,4649862
HELI.CA,Real Estate,2023-11-21 22:00:00,10.699999809265137,11.100000381469727,10.800000190734863,11.100000381469727,9.564136505126953,9392580
HELI.CA,Real Estate,2023-11-22 22:00:00,11.100000381469727,11.300000190734863,11.069999694824219,11.100000381469727,9.564136505126953,9630815
HELI.CA,Real Estate,2023-11-25 22:00:00,11.100000381469727,11.210000038146973,10.8100004196167,10.880000114440918,9.3745756149292,5689754
HELI.CA,Real Estate,2023-11-26 22:00:00,10.880000114440918,11.09000015258789,10.869999885559082,11.079999923706055,9.546902656555176,5353498
HELI.CA,Real Estate,2023-11-27 22:00:00,11.079999923706055,11.210000038146973,10.8100004196167,10.8100004196167,9.314262390136719,6732343
HELI.CA,Real Estate,2023-11-28 22:00:00,10.8100004196167,10.960000038146973,10.5,10.5600004196167,9.098854064941406,7873060
HELI.CA,Real Estate,2023-11-29 22:00:00,10.5600004196167,10.789999961853027,10.529999732971191,10.600000381469727,9.133318901062012,3871139
HELI.CA,Real Estate,2023-12-02 22:00:00,10.600000381469727,10.789999961853027,10.510000228881836,10.579999923706055,9.11608600616455,5704667
HELI.CA,Real Estate,2023-12-03 22:00:00,10.579999923706055,11.069999694824219,10.649999618530273,11.020000457763672,9.49520492553711,10952877
HELI.CA,Real Estate,2023-12-04 22:00:00,11.020000457763672,11.460000038146973,11.149999618530273,11.359999656677246,9.78816032409668,18877650
HELI.CA,Real Estate,2023-12-05 22:00:00,11.359999656677246,11.550000190734863,11.039999961853027,11.050000190734863,9.521053314208984,11289541
HELI.CA,Real Estate,2023-12-06 22:00:00,11.050000190734863,11.100000381469727,10.729999542236328,10.899999618530273,9.39180850982666,5659456
HELI.CA,Real Estate,2023-12-09 22:00:00,10.899999618530273,11.3100004196167,10.880000114440918,10.920000076293945,9.409040451049805,8146973
HELI.CA,Real Estate,2023-12-10 22:00:00,10.920000076293945,11.40999984741211,10.850000381469727,11.25,9.693380355834961,20389746
HELI.CA,Real Estate,2023-12-11 22:00:00,11.25,11.479999542236328,11.130000114440918,11.180000305175781,9.633066177368164,5843672
HELI.CA,Real Estate,2023-12-12 22:00:00,11.180000305175781,11.399999618530273,11.1899995803833,11.350000381469727,9.77954387664795,4614621
HELI.CA,Real Estate,2023-12-13 22:00:00,11.350000381469727,11.569999694824219,11.3100004196167,11.329999923706055,9.762310981750488,7565220
HELI.CA,Real Estate,2023-12-16 22:00:00,11.329999923706055,11.40999984741211,11.3100004196167,11.399999618530273,9.822625160217285,4007377
HELI.CA,Real Estate,2023-12-17 22:00:00,11.399999618530273,12.300000190734863,11.449999809265137,11.699999809265137,10.08111572265625,15153986
HELI.CA,Real Estate,2023-12-18 22:00:00,11.699999809265137,11.819999694824219,11.460000038146973,11.489999771118164,9.900171279907227,6940129
HELI.CA,Real Estate,2023-12-19 22:00:00,11.489999771118164,11.579999923706055,11.229999542236328,11.300000190734863,9.736462593078613,2993226
HELI.CA,Real Estate,2023-12-20 22:00:00,11.300000190734863,11.399999618530273,10.819999694824219,10.869999885559082,9.365960121154785,6709465
HELI.CA,Real Estate,2023-12-23 22:00:00,10.869999885559082,10.869999885559082,10.869999885559082,10.869999885559082,9.365960121154785,0
HELI.CA,Real Estate,2023-12-24 22:00:00,10.279999732971191,10.729999542236328,10.130000114440918,10.350000381469727,8.9179105758667,6411124
HELI.CA,Real Estate,2023-12-25 22:00:00,10.350000381469727,10.470000267028809,10.100000381469727,10.149999618530273,8.745583534240723,4356213
HELI.CA,Real Estate,2023-12-26 22:00:00,10.149999618530273,10.399999618530273,10.149999618530273,10.390000343322754,8.952375411987305,3311756
HELI.CA,Real Estate,2023-12-27 22:00:00,10.390000343322754,10.470000267028809,10.300000190734863,10.329999923706055,8.900677680969238,2517312
HELI.CA,Real Estate,2023-12-30 22:00:00,10.329999923706055,10.489999771118164,10.34000015258789,10.399999618530273,8.960990905761719,1895199
HELI.CA,Real Estate,2024-01-01 22:00:00,10.399999618530273,10.720000267028809,10.449999809265137,10.720000267028809,9.236714363098145,2229079
HELI.CA,Real Estate,2024-01-02 22:00:00,10.720000267028809,10.8100004196167,10.630000114440918,10.800000190734863,9.305644989013672,3676029
HELI.CA,Real Estate,2024-01-03 22:00:00,10.800000190734863,11.199999809265137,10.800000190734863,10.930000305175781,9.417657852172852,9355287
HELI.CA,Real Estate,2024-01-07 22:00:00,10.930000305175781,11.079999923706055,10.880000114440918,10.9399995803833,9.426273345947266,2525696
HELI.CA,Real Estate,2024-01-08 22:00:00,10.9399995803833,11.279999732971191,10.979999542236328,11.210000038146973,9.658915519714355,6600970
HELI.CA,Real Estate,2024-01-09 22:00:00,11.210000038146973,11.300000190734863,11.09000015258789,11.09000015258789,9.55551815032959,3330209
HELI.CA,Real Estate,2024-01-10 22:00:00,11.09000015258789,11.149999618530273,10.949999809265137,11.0,9.477972030639648,3100070
HELI.CA,Real Estate,2024-01-13 22:00:00,11.0,11.40999984741211,11.0,11.399999618530273,9.822625160217285,8850530
HELI.CA,Real Estate,2024-01-14 22:00:00,11.399999618530273,11.5,11.079999923706055,11.119999885559082,9.581367492675781,6762243
HELI.CA,Real Estate,2024-01-15 22:00:00,11.119999885559082,11.279999732971191,11.050000190734863,11.229999542236328,9.6761474609375,4086072
HELI.CA,Real Estate,2024-01-16 22:00:00,11.229999542236328,11.399999618530273,11.09000015258789,11.149999618530273,9.607215881347656,7455764
HELI.CA,Real Estate,2024-01-17 22:00:00,11.149999618530273,11.210000038146973,11.020000457763672,11.09000015258789,9.55551815032959,3453276
HELI.CA,Real Estate,2024-01-20 22:00:00,11.09000015258789,11.5,11.149999618530273,11.489999771118164,9.900171279907227,8112531
HELI.CA,Real Estate,2024-01-21 22:00:00,11.489999771118164,11.6899995803833,11.300000190734863,11.319999694824219,9.753693580627441,12858801
HELI.CA,Real Estate,2024-01-22 22:00:00,11.319999694824219,11.4399995803833,11.0,11.010000228881836,9.486589431762695,9930652
HELI.CA,Real Estate,2024-01-23 22:00:00,11.010000228881836,11.069999694824219,10.819999694824219,10.850000381469727,9.348727226257324,6164502
HELI.CA,Real Estate,2024-01-27 22:00:00,10.850000381469727,11.039999961853027,10.800000190734863,10.850000381469727,9.348727226257324,5755762
HELI.CA,Real Estate,2024-01-28 22:00:00,10.850000381469727,11.069999694824219,10.6899995803833,10.699999809265137,9.219482421875,6368911
HELI.CA,Real Estate,2024-01-29 22:00:00,10.699999809265137,10.90999984741211,10.699999809265137,10.869999885559082,9.365960121154785,4317869
HELI.CA,Real Estate,2024-01-30 22:00:00,10.869999885559082,11.170000076293945,10.020000457763672,10.199999809265137,8.788664817810059,12713405
HELI.CA,Real Estate,2024-01-31 22:00:00,10.199999809265137,10.369999885559082,9.760000228881836,10.279999732971191,8.85759449005127,6528602
HELI.CA,Real Estate,2024-02-03 22:00:00,10.279999732971191,10.75,10.100000381469727,10.600000381469727,9.133318901062012,6954695
HELI.CA,Real Estate,2024-02-04 22:00:00,10.600000381469727,11.270000457763672,10.75,11.15999984741211,9.615833282470703,9145615
HELI.CA,Real Estate,2024-02-05 22:00:00,11.15999984741211,11.329999923706055,10.75,10.949999809265137,9.43488883972168,8586897
HELI.CA,Real Estate,2024-02-06 22:00:00,10.949999809265137,11.369999885559082,10.869999885559082,11.069999694824219,9.538286209106445,13889462
HELI.CA,Real Estate,2024-02-07 22:00:00,11.069999694824219,11.300000190734863,11.050000190734863,11.300000190734863,9.736462593078613,5769180
HELI.CA,Real Estate,2024-02-10 22:00:00,11.300000190734863,11.720000267028809,11.180000305175781,11.270000457763672,9.710614204406738,17729887
HELI.CA,Real Estate,2024-02-11 22:00:00,11.270000457763672,11.350000381469727,11.09000015258789,11.140000343322754,9.598601341247559,4828394
HELI.CA,Real Estate,2024-02-12 22:00:00,11.140000343322754,11.369999885559082,11.170000076293945,11.25,9.693380355834961,3621908
HELI.CA,Real Estate,2024-02-13 22:00:00,11.25,11.520000457763672,11.210000038146973,11.449999809265137,9.865707397460938,7149939
HELI.CA,Real Estate,2024-02-14 22:00:00,11.449999809265137,11.9399995803833,11.470000267028809,11.930000305175781,10.279292106628418,28249644
HELI.CA,Real Estate,2024-02-17 22:00:00,11.930000305175781,11.930000305175781,11.930000305175781,11.930000305175781,10.279292106628418,0
HELI.CA,Real Estate,2024-02-18 22:00:00,12.25,12.5600004196167,11.869999885559082,12.539999961853027,10.804887771606445,23431134
HELI.CA,Real Estate,2024-02-19 22:00:00,12.539999961853027,12.75,12.460000038146973,12.579999923706055,10.839353561401367,18142220
HELI.CA,Real Estate,2024-02-20 22:00:00,12.579999923706055,12.890000343322754,12.260000228881836,12.699999809265137,10.942748069763184,16092037
HELI.CA,Real Estate,2024-02-21 22:00:00,12.699999809265137,12.800000190734863,12.289999961853027,12.319999694824219,10.615328788757324,11455789
HELI.CA,Real Estate,2024-02-24 22:00:00,12.319999694824219,12.579999923706055,11.699999809265137,11.850000381469727,10.21036148071289,30829126
HELI.CA,Real Estate,2024-02-25 22:00:00,11.850000381469727,12.210000038146973,11.829999923706055,11.850000381469727,10.21036148071289,13070893
HELI.CA,Real Estate,2024-02-26 22:00:00,11.850000381469727,12.670000076293945,11.9399995803833,12.260000228881836,10.563630104064941,20678574
HELI.CA,Real Estate,2024-02-27 22:00:00,12.260000228881836,12.59000015258789,11.90999984741211,12.100000381469727,10.425769805908203,15910939
HELI.CA,Real Estate,2024-02-28 22:00:00,12.100000381469727,12.479999542236328,11.949999809265137,12.069999694824219,10.399919509887695,7629152
HELI.CA,Real Estate,2024-03-02 22:00:00,12.069999694824219,12.239999771118164,12.0,12.210000038146973,10.520548820495605,6033734
HELI.CA,Real Estate,2024-03-03 22:00:00,12.210000038146973,13.949999809265137,12.420000076293945,13.380000114440918,11.528660774230957,48206107
HELI.CA,Real Estate,2024-03-04 22:00:00,13.380000114440918,13.899999618530273,13.199999809265137,13.34000015258789,11.494194984436035,19197956
HELI.CA,Real Estate,2024-03-05 22:00:00,13.34000015258789,13.300000190734863,12.289999961853027,12.289999961853027,10.589479446411133,15691406
HELI.CA,Real Estate,2024-03-06 22:00:00,12.289999961853027,12.489999771118164,11.949999809265137,12.09000015258789,10.417152404785156,6961634
HELI.CA,Real Estate,2024-03-09 22:00:00,12.09000015258789,13.050000190734863,12.229999542236328,12.609999656677246,10.865201950073242,12202917
HELI.CA,Real Estate,2024-03-10 22:00:00,12.609999656677246,12.739999771118164,11.90999984741211,11.979999542236328,10.322372436523438,9684665
HELI.CA,Real Estate,2024-03-11 22:00:00,11.979999542236328,12.100000381469727,11.029999732971191,11.40999984741211,9.831241607666016,8559463
HELI.CA,Real Estate,2024-03-12 22:00:00,11.40999984741211,11.5,10.4399995803833,10.5600004196167,9.098854064941406,7946847
HELI.CA,Real Estate,2024-03-13 22:00:00,10.5600004196167,10.729999542236328,10.239999771118164,10.649999618530273,9.176399230957031,4173912
HELI.CA,Real Estate,2024-03-16 22:00:00,10.649999618530273,10.970000267028809,10.539999961853027,10.579999923706055,9.11608600616455,3147536
HELI.CA,Real Estate,2024-03-17 22:00:00,10.579999923706055,10.609999656677246,9.609999656677246,9.609999656677246,8.28030014038086,5676212
HELI.CA,Real Estate,2024-03-18 22:00:00,9.609999656677246,9.930000305175781,9.529999732971191,9.850000381469727,8.487092971801758,4077466
HELI.CA,Real Estate,2024-03-19 22:00:00,9.850000381469727,10.100000381469727,9.75,9.8100004196167,8.452628135681152,2710161
HELI.CA,Real Estate,2024-03-20 22:00:00,9.8100004196167,10.100000381469727,9.770000457763672,10.079999923706055,8.68526840209961,3375667
HELI.CA,Real Estate,2024-03-23 22:00:00,10.079999923706055,10.329999923706055,10.039999961853027,10.130000114440918,8.728350639343262,3679678
HELI.CA,Real Estate,2024-03-24 22:00:00,10.130000114440918,10.300000190734863,9.970000267028809,10.300000190734863,8.874829292297363,8774747
HELI.CA,Real Estate,2024-03-25 22:00:00,10.300000190734863,10.460000038146973,10.029999732971191,10.050000190734863,8.659420013427734,5837929
HELI.CA,Real Estate,2024-03-26 22:00:00,10.050000190734863,10.149999618530273,9.800000190734863,9.800000190734863,8.444011688232422,5346564
HELI.CA,Real Estate,2024-03-27 22:00:00,9.800000190734863,9.899999618530273,9.640000343322754,9.640000343322754,8.306150436401367,2885523
HELI.CA,Real Estate,2024-03-30 22:00:00,9.640000343322754,9.800000190734863,8.90999984741211,9.09000015258789,7.832252025604248,3241909
HELI.CA,Real Estate,2024-03-31 22:00:00,9.09000015258789,10.199999809265137,9.319999694824219,10.149999618530273,8.745583534240723,7754969
HELI.CA,Real Estate,2024-04-01 22:00:00,10.149999618530273,10.399999618530273,10.039999961853027,10.180000305175781,8.771432876586914,7659007
HELI.CA,Real Estate,2024-04-02 22:00:00,10.180000305175781,10.4399995803833,10.050000190734863,10.359999656677246,8.926526069641113,5314573
HELI.CA,Real Estate,2024-04-03 22:00:00,10.359999656677246,10.710000038146973,10.390000343322754,10.699999809265137,9.219482421875,5596847
HELI.CA,Real Estate,2024-04-06 22:00:00,10.699999809265137,10.779999732971191,10.329999923706055,10.5,9.047155380249023,3416589
HELI.CA,Real Estate,2024-04-07 22:00:00,10.5,10.640000343322754,10.430000305175781,10.569999694824219,9.10746955871582,2861850
HELI.CA,Real Estate,2024-04-14 22:00:00,10.569999694824219,10.9399995803833,10.529999732971191,10.880000114440918,9.3745756149292,4181147
HELI.CA,Real Estate,2024-04-15 22:00:00,10.880000114440918,11.15999984741211,10.859999656677246,10.960000038146973,9.443507194519043,6034050
HELI.CA,Real Estate,2024-04-16 22:00:00,10.960000038146973,11.239999771118164,10.930000305175781,11.1899995803833,9.641681671142578,6260762
HELI.CA,Real Estate,2024-04-17 22:00:00,11.1899995803833,11.270000457763672,10.149999618530273,10.4399995803833,8.995457649230957,8292303
HELI.CA,Real Estate,2024-04-20 22:00:00,10.4399995803833,10.75,10.479999542236328,10.5,9.047155380249023,4286511
HELI.CA,Real Estate,2024-04-21 22:00:00,10.5,10.710000038146973,10.199999809265137,10.25,8.831746101379395,5311203
HELI.CA,Real Estate,2024-04-22 22:00:00,10.25,10.34000015258789,9.430000305175781,9.489999771118164,8.176905632019043,7336445
HELI.CA,Real Estate,2024-04-23 22:00:00,9.489999771118164,9.619999885559082,9.09000015258789,9.300000190734863,8.01319408416748,5116611
HELI.CA,Real Estate,2024-04-27 21:00:00,9.300000190734863,9.300000190734863,9.300000190734863,9.300000190734863,8.01319408416748,0
HELI.CA,Real Estate,2024-04-28 21:00:00,8.779999732971191,9.3100004196167,8.770000457763672,9.3100004196167,8.021810531616211,4078668
HELI.CA,Real Estate,2024-04-29 21:00:00,9.3100004196167,9.640000343322754,8.609999656677246,8.710000038146973,7.504830837249756,8924402
HELI.CA,Real Estate,2024-05-01 21:00:00,9.399999618530273,9.75,9.300000190734863,9.710000038146973,8.366463661193848,7873778
HELI.CA,Real Estate,2024-05-06 21:00:00,9.710000038146973,10.050000190734863,9.619999885559082,10.0,8.616337776184082,8818700
HELI.CA,Real Estate,2024-05-07 21:00:00,10.0,10.1899995803833,9.760000228881836,9.850000381469727,8.487092971801758,5950683
HELI.CA,Real Estate,2024-05-08 21:00:00,9.850000381469727,10.09000015258789,9.699999809265137,10.039999961853027,8.650803565979004,3609031
HELI.CA,Real Estate,2024-05-11 21:00:00,10.039999961853027,10.329999923706055,9.300000190734863,9.34000015258789,8.047658920288086,15253793
HELI.CA,Real Estate,2024-05-12 21:00:00,9.34000015258789,9.460000038146973,9.079999923706055,9.399999618530273,8.099357604980469,6149235
HELI.CA,Real Estate,2024-05-13 21:00:00,9.399999618530273,9.529999732971191,9.220000267028809,9.270000457763672,7.987346172332764,5566734
HELI.CA,Real Estate,2024-05-14 21:00:00,9.270000457763672,9.4399995803833,9.170000076293945,9.329999923706055,8.039043426513672,6155541
HELI.CA,Real Estate,2024-05-15 21:00:00,9.329999923706055,9.699999809265137,9.319999694824219,9.699999809265137,8.357848167419434,8290076
HELI.CA,Real Estate,2024-05-18 21:00:00,9.699999809265137,9.970000267028809,9.65999984741211,9.960000038146973,8.581872940063477,8246472
HELI.CA,Real Estate,2024-05-19 21:00:00,9.960000038146973,10.029999732971191,9.800000190734863,9.850000381469727,8.487092971801758,7706832
HELI.CA,Real Estate,2024-05-20 21:00:00,9.850000381469727,9.930000305175781,9.789999961853027,9.800000190734863,8.444011688232422,4176594
HELI.CA,Real Estate,2024-05-21 21:00:00,9.800000190734863,10.25,9.739999771118164,10.210000038146973,8.797281265258789,10310803
HELI.CA,Real Estate,2024-05-22 21:00:00,10.210000038146973,10.479999542236328,10.229999542236328,10.239999771118164,8.823129653930664,10042042
HELI.CA,Real Estate,2024-05-25 21:00:00,10.239999771118164,10.239999771118164,10.239999771118164,10.239999771118164,8.823129653930664,0
HELI.CA,Real Estate,2024-05-26 21:00:00,10.430000305175781,10.600000381469727,10.130000114440918,10.25,8.831746101379395,6479092
HELI.CA,Real Estate,2024-05-27 21:00:00,10.25,10.380000114440918,10.069999694824219,10.359999656677246,8.926526069641113,4683193
HELI.CA,Real Estate,2024-05-28 21:00:00,10.359999656677246,10.680000305175781,10.350000381469727,10.630000114440918,9.159167289733887,7564780
HELI.CA,Real Estate,2024-05-29 21:00:00,10.630000114440918,10.789999961853027,10.489999771118164,10.550000190734863,9.09023666381836,10350596
HELI.CA,Real Estate,2024-06-01 21:00:00,10.550000190734863,11.130000114440918,10.600000381469727,11.079999923706055,9.546902656555176,13707535
HELI.CA,Real Estate,2024-06-02 21:00:00,11.079999923706055,11.359999656677246,10.920000076293945,11.149999618530273,9.607215881347656,12997693
HELI.CA,Real Estate,2024-06-03 21:00:00,11.149999618530273,11.630000114440918,11.149999618530273,11.40999984741211,9.831241607666016,10881501
HELI.CA,Real Estate,2024-06-04 21:00:00,11.40999984741211,11.649999618530273,11.180000305175781,11.399999618530273,9.822625160217285,11081526
HELI.CA,Real Estate,2024-06-05 21:00:00,11.399999618530273,11.529999732971191,11.289999961853027,11.300000190734863,9.736462593078613,5399339
HELI.CA,Real Estate,2024-06-08 21:00:00,11.300000190734863,11.350000381469727,10.949999809265137,10.949999809265137,9.43488883972168,6807155
HELI.CA,Real Estate,2024-06-09 21:00:00,10.949999809265137,11.039999961853027,10.819999694824219,10.960000038146973,9.443507194519043,6132456
HELI.CA,Real Estate,2024-06-10 21:00:00,10.960000038146973,9.90999984741211,9.699999809265137,9.75,8.758262634277344,8299031
HELI.CA,Real Estate,2024-06-11 21:00:00,9.75,9.880000114440918,9.640000343322754,9.699999809265137,8.713347434997559,3434042
HELI.CA,Real Estate,2024-06-12 21:00:00,9.699999809265137,9.779999732971191,9.600000381469727,9.699999809265137,8.713347434997559,5412831
HELI.CA,Real Estate,2024-06-22 21:00:00,9.699999809265137,10.09000015258789,9.760000228881836,9.960000038146973,8.946901321411133,7352973
HELI.CA,Real Estate,2024-06-23 21:00:00,9.960000038146973,10.069999694824219,9.859999656677246,9.880000114440918,8.875038146972656,5156819
HELI.CA,Real Estate,2024-06-24 21:00:00,9.880000114440918,9.930000305175781,9.8100004196167,9.930000305175781,8.919953346252441,3303043
HELI.CA,Real Estate,2024-06-25 21:00:00,9.930000305175781,10.1899995803833,9.899999618530273,10.079999923706055,9.054695129394531,11118024
HELI.CA,Real Estate,2024-06-26 21:00:00,10.079999923706055,10.1899995803833,9.930000305175781,9.930000305175781,8.919953346252441,8465062
HELI.CA,Real Estate,2024-07-01 21:00:00,9.899999618530273,10.020000457763672,9.800000190734863,9.829999923706055,8.830123901367188,6289394
HELI.CA,Real Estate,2024-07-02 21:00:00,9.829999923706055,9.90999984741211,9.6899995803833,9.729999542236328,8.74029541015625,6809294
HELI.CA,Real Estate,2024-07-03 21:00:00,9.729999542236328,9.859999656677246,9.710000038146973,9.729999542236328,8.74029541015625,4408807
HELI.CA,Real Estate,2024-07-06 21:00:00,9.729999542236328,9.880000114440918,9.729999542236328,9.760000228881836,8.767245292663574,5179937
HELI.CA,Real Estate,2024-07-07 21:00:00,9.760000228881836,9.84000015258789,9.579999923706055,9.630000114440918,8.650467872619629,4062735
HELI.CA,Real Estate,2024-07-08 21:00:00,9.630000114440918,9.6899995803833,9.550000190734863,9.5600004196167,8.5875883102417,3093250
HELI.CA,Real Estate,2024-07-09 21:00:00,9.5600004196167,9.699999809265137,9.479999542236328,9.539999961853027,8.569622039794922,5120064
HELI.CA,Real Estate,2024-07-13 21:00:00,9.539999961853027,9.819999694824219,9.619999885559082,9.75,8.758262634277344,4327086
HELI.CA,Real Estate,2024-07-14 21:00:00,9.75,9.789999961853027,9.619999885559082,9.640000343322754,8.659451484680176,1477198
HELI.CA,Real Estate,2024-07-15 21:00:00,9.640000343322754,9.720000267028809,9.569999694824219,9.640000343322754,8.659451484680176,2193229
HELI.CA,Real Estate,2024-07-16 21:00:00,9.640000343322754,10.010000228881836,9.649999618530273,9.880000114440918,8.875038146972656,8589805
HELI.CA,Real Estate,2024-07-17 21:00:00,9.880000114440918,10.010000228881836,9.819999694824219,9.859999656677246,8.857072830200195,4949587
HELI.CA,Real Estate,2024-07-20 21:00:00,9.859999656677246,10.050000190734863,9.850000381469727,10.039999961853027,9.01876449584961,5137591
HELI.CA,Real Estate,2024-07-21 21:00:00,10.039999961853027,10.180000305175781,9.970000267028809,10.020000457763672,9.000798225402832,8630608
HELI.CA,Real Estate,2024-07-22 21:00:00,10.020000457763672,10.399999618530273,10.010000228881836,10.300000190734863,9.252318382263184,15350121
HELI.CA,Real Estate,2024-07-23 21:00:00,10.300000190734863,10.489999771118164,10.260000228881836,10.260000228881836,9.216385841369629,8365557
HELI.CA,Real Estate,2024-07-27 21:00:00,10.260000228881836,10.319999694824219,10.149999618530273,10.199999809265137,9.16248893737793,4109483
HELI.CA,Real Estate,2024-07-28 21:00:00,10.199999809265137,10.3100004196167,10.069999694824219,10.079999923706055,9.054695129394531,4540541
HELI.CA,Real Estate,2024-07-29 21:00:00,10.079999923706055,10.149999618530273,10.029999732971191,10.039999961853027,9.01876449584961,2546270
HELI.CA,Real Estate,2024-07-30 21:00:00,10.039999961853027,10.149999618530273,10.029999732971191,10.039999961853027,9.01876449584961,3261106
HELI.CA,Real Estate,2024-07-31 21:00:00,10.039999961853027,10.140000343322754,9.859999656677246,9.859999656677246,8.857072830200195,3880220
HELI.CA,Real Estate,2024-08-03 21:00:00,9.859999656677246,9.640000343322754,9.350000381469727,9.369999885559082,8.416913986206055,5270677
HELI.CA,Real Estate,2024-08-04 21:00:00,9.369999885559082,9.300000190734863,8.6899995803833,9.170000076293945,8.23725700378418,6053445
HELI.CA,Real Estate,2024-08-05 21:00:00,9.170000076293945,9.329999923706055,9.130000114440918,9.279999732971191,8.336068153381348,2179571
HELI.CA,Real Estate,2024-08-06 21:00:00,9.279999732971191,9.350000381469727,9.199999809265137,9.3100004196167,8.363017082214355,3270986
HELI.CA,Real Estate,2024-08-07 21:00:00,9.3100004196167,9.300000190734863,9.09000015258789,9.109999656677246,8.18336009979248,3639750
HELI.CA,Real Estate,2024-08-10 21:00:00,9.109999656677246,9.34000015258789,9.109999656677246,9.279999732971191,8.336068153381348,3157251
HELI.CA,Real Estate,2024-08-11 21:00:00,9.279999732971191,9.430000305175781,9.199999809265137,9.229999542236328,8.291154861450195,3974814
HELI.CA,Real Estate,2024-08-12 21:00:00,9.229999542236328,9.350000381469727,9.130000114440918,9.149999618530273,8.219291687011719,2182475
HELI.CA,Real Estate,2024-08-13 21:00:00,9.149999618530273,9.399999618530273,9.15999984741211,9.239999771118164,8.300137519836426,3114600
HELI.CA,Real Estate,2024-08-14 21:00:00,9.239999771118164,9.34000015258789,9.199999809265137,9.289999961853027,8.345051765441895,5566976
HELI.CA,Real Estate,2024-08-17 21:00:00,9.289999961853027,9.550000190734863,9.350000381469727,9.420000076293945,8.461828231811523,6199239
HELI.CA,Real Estate,2024-08-18 21:00:00,9.420000076293945,9.529999732971191,9.279999732971191,9.329999923706055,8.380982398986816,7168295
HELI.CA,Real Estate,2024-08-19 21:00:00,9.329999923706055,9.479999542236328,9.350000381469727,9.420000076293945,8.461828231811523,4999855
HELI.CA,Real Estate,2024-08-20 21:00:00,9.420000076293945,9.5,9.329999923706055,9.34000015258789,8.389965057373047,5509786
HELI.CA,Real Estate,2024-08-21 21:00:00,9.34000015258789,9.670000076293945,9.449999809265137,9.5,8.53369140625,13516288
HELI.CA,Real Estate,2024-08-24 21:00:00,9.5,10.0,9.640000343322754,9.859999656677246,8.857072830200195,16178992
HELI.CA,Real Estate,2024-08-25 21:00:00,9.859999656677246,10.100000381469727,9.819999694824219,9.90999984741211,8.901987075805664,8654198
HELI.CA,Real Estate,2024-08-26 21:00:00,9.90999984741211,10.210000038146973,9.850000381469727,10.199999809265137,9.16248893737793,12948215
HELI.CA,Real Estate,2024-08-27 21:00:00,10.199999809265137,10.239999771118164,9.979999542236328,10.020000457763672,9.000798225402832,5645979
HELI.CA,Real Estate,2024-08-28 21:00:00,10.020000457763672,10.180000305175781,9.960000038146973,9.979999542236328,8.964866638183594,6169219
HELI.CA,Real Estate,2024-08-31 21:00:00,9.979999542236328,10.149999618530273,10.0,10.119999885559082,9.09062671661377,7309869
HELI.CA,Real Estate,2024-09-01 21:00:00,10.119999885559082,10.350000381469727,10.0,10.0,8.982831954956055,16708497
HELI.CA,Real Estate,2024-09-02 21:00:00,10.0,10.180000305175781,9.979999542236328,10.0,8.982831954956055,7926538
HELI.CA,Real Estate,2024-09-03 21:00:00,10.0,10.0600004196167,9.899999618530273,9.960000038146973,8.946901321411133,4818994
HELI.CA,Real Estate,2024-09-04 21:00:00,9.960000038146973,10.100000381469727,9.9399995803833,9.9399995803833,8.928935050964355,4943034
HELI.CA,Real Estate,2024-09-07 21:00:00,9.9399995803833,10.0,9.779999732971191,9.789999961853027,8.794193267822266,3615007
HELI.CA,Real Estate,2024-09-08 21:00:00,9.789999961853027,9.949999809265137,9.779999732971191,9.84000015258789,8.839107513427734,2151454
HELI.CA,Real Estate,2024-09-09 21:00:00,9.84000015258789,9.930000305175781,9.699999809265137,9.710000038146973,8.722330093383789,2903330
HELI.CA,Real Estate,2024-09-10 21:00:00,9.710000038146973,9.779999732971191,9.640000343322754,9.75,8.758262634277344,4204913
HELI.CA,Real Estate,2024-09-11 21:00:00,9.75,9.850000381469727,9.670000076293945,9.670000076293945,8.686399459838867,3795139
HELI.CA,Real Estate,2024-09-15 21:00:00,9.670000076293945,10.100000381469727,9.720000267028809,9.90999984741211,8.901987075805664,12032952
HELI.CA,Real Estate,2024-09-16 21:00:00,9.90999984741211,10.100000381469727,9.899999618530273,9.899999618530273,8.893004417419434,8984008
HELI.CA,Real Estate,2024-09-17 21:00:00,9.899999618530273,10.09000015258789,9.899999618530273,9.970000267028809,8.955883979797363,9133284
HELI.CA,Real Estate,2024-09-18 21:00:00,9.970000267028809,10.199999809265137,9.869999885559082,9.920000076293945,8.910970687866211,20059569
HELI.CA,Real Estate,2024-09-21 21:00:00,9.920000076293945,10.25,9.989999771118164,10.140000343322754,9.10859203338623,18867271
HELI.CA,Real Estate,2024-09-22 21:00:00,10.140000343322754,10.529999732971191,10.180000305175781,10.5,9.431974411010742,40403774
HELI.CA,Real Estate,2024-09-23 21:00:00,10.710000038146973,10.770000457763672,10.539999961853027,10.600000381469727,9.52180290222168,8475030
HELI.CA,Real Estate,2024-09-24 21:00:00,10.369999885559082,10.770000457763672,10.329999923706055,10.710000038146973,9.620614051818848,22714138
HELI.CA,Real Estate,2024-09-25 21:00:00,10.710000038146973,10.770000457763672,10.539999961853027,10.600000381469727,9.52180290222168,8475030
HELI.CA,Real Estate,2024-09-28 21:00:00,10.600000381469727,10.890000343322754,10.529999732971191,10.710000038146973,9.620614051818848,12167877
HELI.CA,Real Estate,2024-09-29 21:00:00,10.710000038146973,10.779999732971191,10.520000457763672,10.5600004196167,9.485872268676758,7969246
HELI.CA,Real Estate,2024-09-30 21:00:00,10.5600004196167,10.699999809265137,10.5,10.550000190734863,9.476888656616211,4925847
HELI.CA,Real Estate,2024-10-01 21:00:00,10.550000190734863,10.65999984741211,10.399999618530273,10.4399995803833,9.378077507019043,7101750
HELI.CA,Real Estate,2024-10-02 21:00:00,10.4399995803833,10.670000076293945,10.470000267028809,10.520000457763672,9.449939727783203,5810470
HELI.CA,Real Estate,2024-10-06 21:00:00,10.520000457763672,10.640000343322754,10.329999923706055,10.329999923706055,9.279266357421875,4754179
HELI.CA,Real Estate,2024-10-07 21:00:00,10.329999923706055,10.420000076293945,9.649999618530273,9.850000381469727,8.848090171813965,7752814
HELI.CA,Real Estate,2024-10-08 21:00:00,9.850000381469727,10.029999732971191,9.770000457763672,9.829999923706055,8.830123901367188,4860450
HELI.CA,Real Estate,2024-10-09 21:00:00,9.829999923706055,9.949999809265137,9.65999984741211,9.65999984741211,8.677416801452637,5833789
HELI.CA,Real Estate,2024-10-12 21:00:00,9.65999984741211,9.760000228881836,9.470000267028809,9.470000267028809,8.506742477416992,3379602
HELI.CA,Real Estate,2024-10-13 21:00:00,9.470000267028809,9.600000381469727,9.319999694824219,9.399999618530273,8.443861961364746,3261323
HELI.CA,Real Estate,2024-10-14 21:00:00,9.399999618530273,9.59000015258789,9.420000076293945,9.510000228881836,8.54267406463623,3075316
HELI.CA,Real Estate,2024-10-15 21:00:00,9.510000228881836,9.630000114440918,9.470000267028809,9.470000267028809,8.506742477416992,3629972
HELI.CA,Real Estate,2024-10-16 21:00:00,9.470000267028809,9.600000381469727,9.329999923706055,9.369999885559082,8.416913986206055,3323098
HELI.CA,Real Estate,2024-10-19 21:00:00,9.369999885559082,9.430000305175781,9.15999984741211,9.210000038146973,8.273188591003418,5036359
HELI.CA,Real Estate,2024-10-20 21:00:00,9.210000038146973,9.869999885559082,9.600000381469727,9.649999618530273,8.66843318939209,13515934
HELI.CA,Real Estate,2024-10-21 21:00:00,9.649999618530273,9.720000267028809,9.600000381469727,9.640000343322754,8.659451484680176,5245281
HELI.CA,Real Estate,2024-10-22 21:00:00,9.640000343322754,9.960000038146973,9.619999885559082,9.779999732971191,8.785210609436035,10913577
HELI.CA,Real Estate,2024-10-23 21:00:00,9.779999732971191,9.90999984741211,9.739999771118164,9.760000228881836,8.767245292663574,7778139
HELI.CA,Real Estate,2024-10-26 21:00:00,9.760000228881836,9.850000381469727,9.729999542236328,9.770000457763672,8.776227951049805,3527404
HELI.CA,Real Estate,2024-10-27 21:00:00,9.770000457763672,9.869999885559082,9.739999771118164,9.75,8.758262634277344,3424848
HELI.CA,Real Estate,2024-10-28 21:00:00,9.75,9.949999809265137,9.779999732971191,9.869999885559082,8.866055488586426,5691634
HELI.CA,Real Estate,2024-10-29 21:00:00,9.869999885559082,10.149999618530273,9.930000305175781,10.149999618530273,9.117575645446777,8554693
HELI.CA,Real Estate,2024-10-30 21:00:00,10.149999618530273,10.260000228881836,10.109999656677246,10.119999885559082,9.09062671661377,5488030
HELI.CA,Real Estate,2024-11-02 22:00:00,10.119999885559082,10.25,10.109999656677246,10.140000343322754,9.10859203338623,2466585
HELI.CA,Real Estate,2024-11-03 22:00:00,10.140000343322754,10.220000267028809,10.130000114440918,10.180000305175781,9.144524574279785,6548278
HELI.CA,Real Estate,2024-11-04 22:00:00,10.180000305175781,10.390000343322754,10.1899995803833,10.289999961853027,9.243334770202637,10553214
HELI.CA,Real Estate,2024-11-05 22:00:00,10.289999961853027,10.359999656677246,10.229999542236328,10.239999771118164,9.198420524597168,2595434
HELI.CA,Real Estate,2024-11-06 22:00:00,10.239999771118164,10.3100004196167,10.1899995803833,10.210000038146973,9.171472549438477,4903275
HELI.CA,Real Estate,2024-11-09 22:00:00,10.210000038146973,10.34000015258789,10.220000267028809,10.34000015258789,9.288249015808105,3691510
HELI.CA,Real Estate,2024-11-10 22:00:00,10.34000015258789,10.569999694824219,10.369999885559082,10.470000267028809,9.40502643585205,7986435
HELI.CA,Real Estate,2024-11-11 22:00:00,10.470000267028809,10.680000305175781,10.4399995803833,10.670000076293945,9.58468246459961,11370015
HELI.CA,Real Estate,2024-11-12 22:00:00,10.670000076293945,10.710000038146973,10.399999618530273,10.40999984741211,9.351128578186035,7525604
HELI.CA,Real Estate,2024-11-13 22:00:00,10.40999984741211,10.5,10.25,10.3100004196167,9.261301040649414,7215587
HELI.CA,Real Estate,2024-11-16 22:00:00,10.3100004196167,10.34000015258789,10.149999618530273,10.180000305175781,9.144524574279785,4794157
HELI.CA,Real Estate,2024-11-17 22:00:00,10.180000305175781,10.210000038146973,9.960000038146973,9.960000038146973,8.946901321411133,6157247
HELI.CA,Real Estate,2024-11-18 22:00:00,9.960000038146973,9.989999771118164,9.770000457763672,9.770000457763672,8.776227951049805,4819817
HELI.CA,Real Estate,2024-11-19 22:00:00,9.770000457763672,9.859999656677246,9.739999771118164,9.779999732971191,8.785210609436035,3111125
HELI.CA,Real Estate,2024-11-20 22:00:00,9.779999732971191,9.899999618530273,9.729999542236328,9.75,8.758262634277344,4606136
HELI.CA,Real Estate,2024-11-23 22:00:00,9.75,9.8100004196167,9.579999923706055,9.579999923706055,8.60555362701416,6527950
HELI.CA,Real Estate,2024-11-24 22:00:00,9.579999923706055,9.680000305175781,9.5,9.539999961853027,8.569622039794922,3748993
HELI.CA,Real Estate,2024-11-25 22:00:00,9.539999961853027,9.670000076293945,9.5600004196167,9.609999656677246,8.632501602172852,2191521
HELI.CA,Real Estate,2024-11-26 22:00:00,9.609999656677246,9.699999809265137,9.479999542236328,9.5600004196167,8.5875883102417,2930447
HELI.CA,Real Estate,2024-11-27 22:00:00,9.5600004196167,9.670000076293945,9.470000267028809,9.600000381469727,8.623518943786621,4111050
HELI.CA,Real Estate,2024-11-30 22:00:00,9.600000381469727,9.770000457763672,9.510000228881836,9.770000457763672,8.776227951049805,8165219
HELI.CA,Real Estate,2024-12-01 22:00:00,9.770000457763672,9.850000381469727,9.579999923706055,9.649999618530273,8.66843318939209,6869578
HELI.CA,Real Estate,2024-12-02 22:00:00,9.649999618530273,9.680000305175781,9.5,9.529999732971191,8.560639381408691,5620096
HELI.CA,Real Estate,2024-12-03 22:00:00,9.529999732971191,9.65999984741211,9.5600004196167,9.600000381469727,8.623518943786621,3622529
HELI.CA,Real Estate,2024-12-04 22:00:00,9.600000381469727,9.720000267028809,9.619999885559082,9.630000114440918,8.650467872619629,2891487
HELI.CA,Real Estate,2024-12-07 22:00:00,9.630000114440918,9.8100004196167,9.609999656677246,9.630000114440918,8.650467872619629,9861145
HELI.CA,Real Estate,2024-12-08 22:00:00,9.630000114440918,9.75,9.640000343322754,9.729999542236328,8.74029541015625,7496176
HELI.CA,Real Estate,2024-12-09 22:00:00,9.729999542236328,9.800000190734863,9.630000114440918,9.640000343322754,8.659451484680176,6294502
HELI.CA,Real Estate,2024-12-10 22:00:00,9.640000343322754,9.770000457763672,9.600000381469727,9.609999656677246,8.632501602172852,4278096
HELI.CA,Real Estate,2024-12-11 22:00:00,9.609999656677246,9.739999771118164,9.630000114440918,9.630000114440918,8.650467872619629,2271079
HELI.CA,Real Estate,2024-12-14 22:00:00,9.630000114440918,9.75,9.579999923706055,9.630000114440918,8.650467872619629,2112996
HELI.CA,Real Estate,2024-12-15 22:00:00,9.630000114440918,9.720000267028809,9.579999923706055,9.579999923706055,8.60555362701416,2501577
HELI.CA,Real Estate,2024-12-16 22:00:00,9.579999923706055,9.680000305175781,9.5,9.5,8.53369140625,2943955
HELI.CA,Real Estate,2024-12-17 22:00:00,9.5,9.5600004196167,9.399999618530273,9.399999618530273,8.443861961364746,2593020
HELI.CA,Real Estate,2024-12-18 22:00:00,9.399999618530273,9.40999984741211,9.260000228881836,9.399999618530273,8.443861961364746,2631986
HELI.CA,Real Estate,2024-12-21 22:00:00,9.399999618530273,9.460000038146973,9.399999618530273,9.420000076293945,8.461828231811523,1988568
HELI.CA,Real Estate,2024-12-22 22:00:00,9.420000076293945,9.460000038146973,9.210000038146973,9.210000038146973,8.273188591003418,2407525
HELI.CA,Real Estate,2024-12-23 22:00:00,9.210000038146973,9.239999771118164,9.149999618530273,9.220000267028809,8.282172203063965,1906261
HELI.CA,Real Estate,2024-12-24 22:00:00,9.220000267028809,9.300000190734863,9.210000038146973,9.220000267028809,8.282172203063965,2845585
HELI.CA,Real Estate,2024-12-25 22:00:00,9.220000267028809,9.270000457763672,9.170000076293945,9.199999809265137,8.264205932617188,1529790
HELI.CA,Real Estate,2024-12-28 22:00:00,9.199999809265137,9.239999771118164,9.100000381469727,9.100000381469727,8.174378395080566,1418662
HELI.CA,Real Estate,2024-12-29 22:00:00,9.100000381469727,9.149999618530273,8.949999809265137,8.960000038146973,8.04861831665039,1850830
HELI.CA,Real Estate,2024-12-30 22:00:00,8.960000038146973,9.109999656677246,8.949999809265137,9.039999961853027,8.12048053741455,2409172
HELI.CA,Real Estate,2025-01-01 22:00:00,9.039999961853027,9.239999771118164,9.079999923706055,9.239999771118164,8.300137519836426,2908604
HELI.CA,Real Estate,2025-01-04 22:00:00,9.239999771118164,9.300000190734863,9.239999771118164,9.270000457763672,8.327086448669434,2229913
HELI.CA,Real Estate,2025-01-05 22:00:00,9.270000457763672,9.3100004196167,9.130000114440918,9.140000343322754,8.210309028625488,4428067
HELI.CA,Real Estate,2025-01-07 22:00:00,9.140000343322754,9.149999618530273,9.039999961853027,9.0600004196167,8.138446807861328,1842938
HELI.CA,Real Estate,2025-01-08 22:00:00,9.0600004196167,9.130000114440918,9.039999961853027,9.039999961853027,8.12048053741455,1476501
HELI.CA,Real Estate,2025-01-11 22:00:00,9.039999961853027,9.050000190734863,8.890000343322754,9.020000457763672,8.10251522064209,2312615
HELI.CA,Real Estate,2025-01-12 22:00:00,9.020000457763672,9.199999809265137,9.029999732971191,9.029999732971191,8.11149787902832,3701149
HELI.CA,Real Estate,2025-01-13 22:00:00,9.029999732971191,9.119999885559082,8.829999923706055,8.960000038146973,8.04861831665039,3603872
HELI.CA,Real Estate,2025-01-14 22:00:00,8.960000038146973,10.75,9.039999961853027,9.800000190734863,8.803175926208496,19139630
HELI.CA,Real Estate,2025-01-15 22:00:00,9.800000190734863,9.869999885559082,9.680000305175781,9.720000267028809,8.731313705444336,5110919
HELI.CA,Real Estate,2025-01-18 22:00:00,9.800000190734863,10.149999618530273,9.680000305175781,10.0,8.982831954956055,14732864
HELI.CA,Real Estate,2025-01-19 22:00:00,10.069999694824219,10.199999809265137,9.949999809265137,9.989999771118164,8.973849296569824,9237548
HELI.CA,Real Estate,2025-01-20 22:00:00,9.989999771118164,10.0600004196167,9.850000381469727,9.850000381469727,8.848090171813965,4552411
HELI.CA,Real Estate,2025-01-21 22:00:00,9.850000381469727,10.170000076293945,9.869999885559082,10.100000381469727,9.072661399841309,7286508
HELI.CA,Real Estate,2025-01-22 22:00:00,10.100000381469727,10.260000228881836,10.079999923706055,10.100000381469727,9.072661399841309,5844388
HELI.CA,Real Estate,2025-01-25 22:00:00,10.100000381469727,10.15999984741211,9.930000305175781,9.9399995803833,8.928935050964355,2800980
HELI.CA,Real Estate,2025-01-26 22:00:00,9.9399995803833,9.979999542236328,9.739999771118164,9.75,8.758262634277344,4918883
HELI.CA,Real Estate,2025-01-27 22:00:00,9.75,10.050000190734863,9.770000457763672,10.0,8.982831954956055,4938497
HELI.CA,Real Estate,2025-01-28 22:00:00,10.0,10.779999732971191,10.020000457763672,10.670000076293945,9.58468246459961,31178533
HELI.CA,Real Estate,2025-01-29 22:00:00,10.670000076293945,11.399999618530273,10.720000267028809,11.039999961853027,9.917047500610352,32727958
HELI.CA,Real Estate,2025-02-01 22:00:00,11.039999961853027,11.149999618530273,10.720000267028809,10.760000228881836,9.665528297424316,12235356
HELI.CA,Real Estate,2025-02-02 22:00:00,10.760000228881836,11.010000228881836,10.65999984741211,10.779999732971191,9.683493614196777,13940750
HELI.CA,Real Estate,2025-02-03 22:00:00,10.779999732971191,10.970000267028809,10.579999923706055,10.600000381469727,9.52180290222168,10445929
HELI.CA,Real Estate,2025-02-04 22:00:00,10.600000381469727,10.720000267028809,10.420000076293945,10.609999656677246,9.53078556060791,7636267
HELI.CA,Real Estate,2025-02-05 22:00:00,10.609999656677246,10.770000457763672,10.59000015258789,10.600000381469727,9.52180290222168,4487579
HELI.CA,Real Estate,2025-02-08 22:00:00,10.600000381469727,10.729999542236328,10.4399995803833,10.449999809265137,9.387060165405273,7021541
HELI.CA,Real Estate,2025-02-09 22:00:00,10.449999809265137,10.720000267028809,10.449999809265137,10.600000381469727,9.52180290222168,8791034
HELI.CA,Real Estate,2025-02-10 22:00:00,10.600000381469727,10.65999984741211,10.0,10.0600004196167,9.03672981262207,6706897
HELI.CA,Real Estate,2025-02-11 22:00:00,10.0600004196167,10.100000381469727,9.869999885559082,10.100000381469727,9.072661399841309,8179700
HELI.CA,Real Estate,2025-02-12 22:00:00,10.100000381469727,10.239999771118164,10.050000190734863,10.239999771118164,9.198420524597168,5866753
HELI.CA,Real Estate,2025-02-15 22:00:00,10.239999771118164,10.430000305175781,10.270000457763672,10.359999656677246,9.306214332580566,4445061
HELI.CA,Real Estate,2025-02-16 22:00:00,10.359999656677246,10.520000457763672,10.3100004196167,10.359999656677246,9.306214332580566,4707514
HELI.CA,Real Estate,2025-02-17 22:00:00,10.359999656677246,10.4399995803833,10.289999961853027,10.369999885559082,9.315196990966797,3066873
HELI.CA,Real Estate,2025-02-18 22:00:00,10.369999885559082,10.630000114440918,10.390000343322754,10.5600004196167,9.485872268676758,8699479
HELI.CA,Real Estate,2025-02-19 22:00:00,10.5600004196167,10.729999542236328,10.59000015258789,10.670000076293945,9.58468246459961,7923002
HELI.CA,Real Estate,2025-02-22 22:00:00,10.670000076293945,10.819999694824219,10.550000190734863,10.649999618530273,9.566716194152832,6704974
HELI.CA,Real Estate,2025-02-23 22:00:00,10.649999618530273,10.710000038146973,10.5600004196167,10.569999694824219,9.494853973388672,3091482
HELI.CA,Real Estate,2025-02-24 22:00:00,10.569999694824219,10.609999656677246,10.329999923706055,10.359999656677246,9.306214332580566,5737129
HELI.CA,Real Estate,2025-02-25 22:00:00,10.359999656677246,10.40999984741211,10.210000038146973,10.210000038146973,9.171472549438477,4360725
HELI.CA,Real Estate,2025-02-26 22:00:00,10.210000038146973,10.420000076293945,10.229999542236328,10.300000190734863,9.252318382263184,3991752
HELI.CA,Real Estate,2025-03-01 22:00:00,10.300000190734863,10.529999732971191,10.34000015258789,10.399999618530273,9.342144966125488,3249611
HELI.CA,Real Estate,2025-03-02 22:00:00,10.399999618530273,11.25,10.399999618530273,10.779999732971191,9.683493614196777,23432251
HELI.CA,Real Estate,2025-03-03 22:00:00,10.779999732971191,11.1899995803833,10.550000190734863,10.720000267028809,9.629596710205078,4962150
HELI.CA,Real Estate,2025-03-04 22:00:00,10.720000267028809,10.720000267028809,10.539999961853027,10.59000015258789,9.51282024383545,2464200
HELI.CA,Real Estate,2025-03-05 22:00:00,10.59000015258789,10.619999885559082,10.5,10.600000381469727,9.52180290222168,2362927
HELI.CA,Real Estate,2025-03-08 22:00:00,10.600000381469727,10.75,10.619999885559082,10.710000038146973,9.620614051818848,3985723
HELI.CA,Real Estate,2025-03-09 22:00:00,10.710000038146973,10.920000076293945,10.6899995803833,10.899999618530273,9.791287422180176,6795782
HELI.CA,Real Estate,2025-03-10 22:00:00,10.899999618530273,11.0,10.770000457763672,10.899999618530273,9.791287422180176,8300675
HELI.CA,Real Estate,2025-03-11 22:00:00,10.899999618530273,11.029999732971191,10.779999732971191,10.800000190734863,9.701458930969238,5743334
HELI.CA,Real Estate,2025-03-12 22:00:00,10.800000190734863,10.869999885559082,10.729999542236328,10.779999732971191,9.683493614196777,3669800
HELI.CA,Real Estate,2025-03-15 22:00:00,10.779999732971191,11.109999656677246,10.8100004196167,11.100000381469727,9.970945358276367,8436045
HELI.CA,Real Estate,2025-03-16 22:00:00,11.100000381469727,11.1899995803833,10.869999885559082,10.899999618530273,9.791287422180176,6302175
HELI.CA,Real Estate,2025-03-17 22:00:00,10.899999618530273,11.350000381469727,10.84000015258789,11.350000381469727,10.195514678955078,15120563
HELI.CA,Real Estate,2025-03-18 22:00:00,11.350000381469727,11.5,11.199999809265137,11.210000038146973,10.069755554199219,9329712
HELI.CA,Real Estate,2025-03-19 22:00:00,11.210000038146973,11.319999694824219,11.109999656677246,11.140000343322754,10.006875991821289,5138439
HELI.CA,Real Estate,2025-03-22 22:00:00,11.140000343322754,11.25,11.050000190734863,11.140000343322754,10.006875991821289,5219303
HELI.CA,Real Estate,2025-03-23 22:00:00,11.140000343322754,11.1899995803833,10.949999809265137,10.960000038146973,9.845185279846191,4024307
HELI.CA,Real Estate,2025-03-24 22:00:00,10.960000038146973,11.039999961853027,10.819999694824219,10.869999885559082,9.764339447021484,4354455
HELI.CA,Real Estate,2025-03-25 22:00:00,10.869999885559082,10.949999809265137,10.789999961853027,10.9399995803833,9.827218055725098,3377545
HELI.CA,Real Estate,2025-03-26 22:00:00,10.9399995803833,11.050000190734863,10.869999885559082,10.930000305175781,9.818236351013184,6458919
HELI.CA,Real Estate,2025-04-02 22:00:00,10.930000305175781,11.25,10.869999885559082,11.199999809265137,10.060771942138672,5275334
HELI.CA,Real Estate,2025-04-05 22:00:00,11.199999809265137,11.5600004196167,10.800000190734863,11.479999542236328,10.312291145324707,24863622
HELI.CA,Real Estate,2025-04-06 22:00:00,11.479999542236328,11.449999809265137,11.130000114440918,11.380000114440918,10.222463607788086,15463086
HELI.CA,Real Estate,2025-04-07 22:00:00,11.380000114440918,11.600000381469727,11.380000114440918,11.399999618530273,10.240428924560547,11203728
HELI.CA,Real Estate,2025-04-08 22:00:00,11.399999618530273,11.4399995803833,10.75,10.75,9.65654468536377,11165016
HELI.CA,Real Estate,2025-04-09 22:00:00,10.75,11.229999542236328,10.920000076293945,10.949999809265137,9.836200714111328,8187638
HELI.CA,Real Estate,2025-04-12 22:00:00,10.949999809265137,11.140000343322754,10.970000267028809,11.130000114440918,9.997893333435059,4293671
HELI.CA,Real Estate,2025-04-13 22:00:00,11.130000114440918,11.3100004196167,11.09000015258789,11.180000305175781,10.042806625366211,5574551
HELI.CA,Real Estate,2025-04-14 22:00:00,11.180000305175781,11.460000038146973,11.15999984741211,11.180000305175781,10.042806625366211,7964473
HELI.CA,Real Estate,2025-04-15 22:00:00,11.180000305175781,11.239999771118164,10.970000267028809,11.029999732971191,9.908063888549805,5812617
HELI.CA,Real Estate,2025-04-16 22:00:00,11.029999732971191,11.100000381469727,10.979999542236328,11.050000190734863,9.926030158996582,4064945
HELI.CA,Real Estate,2025-04-21 22:00:00,11.050000190734863,11.199999809265137,11.0,11.010000228881836,9.89009952545166,6494560
HELI.CA,Real Estate,2025-04-22 22:00:00,11.010000228881836,11.109999656677246,11.039999961853027,11.109999656677246,9.979927062988281,4483169
HELI.CA,Real Estate,2025-04-26 21:00:00,11.109999656677246,11.260000228881836,11.100000381469727,11.140000343322754,10.006875991821289,3361159
HELI.CA,Real Estate,2025-04-27 21:00:00,11.140000343322754,11.260000228881836,11.069999694824219,11.220000267028809,10.07873821258545,4541171
HELI.CA,Real Estate,2025-04-28 21:00:00,11.220000267028809,11.3100004196167,11.130000114440918,11.130000114440918,9.997893333435059,5288602
HELI.CA,Real Estate,2025-04-29 21:00:00,11.130000114440918,11.180000305175781,11.100000381469727,11.149999618530273,10.015857696533203,3064346
HELI.CA,Real Estate,2025-05-03 21:00:00,11.149999618530273,11.5,11.15999984741211,11.479999542236328,10.312291145324707,12366858
HELI.CA,Real Estate,2025-05-04 21:00:00,11.479999542236328,11.510000228881836,11.3100004196167,11.329999923706055,10.177549362182617,4284848
HELI.CA,Real Estate,2025-05-05 21:00:00,11.329999923706055,11.380000114440918,11.260000228881836,11.329999923706055,10.177549362182617,3048624
HELI.CA,Real Estate,2025-05-06 21:00:00,11.329999923706055,11.510000228881836,11.260000228881836,11.300000190734863,10.150601387023926,5717654
HELI.CA,Real Estate,2025-05-07 21:00:00,11.300000190734863,11.34000015258789,11.170000076293945,11.300000190734863,10.150601387023926,2645211
HELI.CA,Real Estate,2025-05-10 21:00:00,11.300000190734863,11.399999618530273,11.069999694824219,11.09000015258789,9.961960792541504,4224478
HELI.CA,Real Estate,2025-05-11 21:00:00,11.09000015258789,11.1899995803833,11.039999961853027,11.100000381469727,9.970945358276367,3846501
HELI.CA,Real Estate,2025-05-12 21:00:00,11.100000381469727,11.180000305175781,11.069999694824219,11.100000381469727,9.970945358276367,3925316
HELI.CA,Real Estate,2025-05-13 21:00:00,11.100000381469727,11.170000076293945,11.0600004196167,11.119999885559082,9.988909721374512,2981441
HELI.CA,Real Estate,2025-05-14 21:00:00,11.119999885559082,11.279999732971191,11.140000343322754,11.149999618530273,10.015857696533203,3998175
HELI.CA,Real Estate,2025-05-17 21:00:00,11.149999618530273,11.239999771118164,10.979999542236328,10.979999542236328,9.863150596618652,3376423
HELI.CA,Real Estate,2025-05-18 21:00:00,10.979999542236328,11.09000015258789,10.90999984741211,11.079999923706055,9.952978134155273,4847737
HELI.CA,Real Estate,2025-05-19 21:00:00,11.079999923706055,11.149999618530273,11.039999961853027,11.0600004196167,9.935012817382812,2762011
HELI.CA,Real Estate,2025-05-20 21:00:00,11.0600004196167,11.149999618530273,11.069999694824219,11.100000381469727,9.970945358276367,3604496
HELI.CA,Real Estate,2025-05-21 21:00:00,11.100000381469727,11.460000038146973,11.100000381469727,11.40999984741211,10.249411582946777,9448567
HELI.CA,Real Estate,2025-05-24 21:00:00,11.40999984741211,11.630000114440918,11.399999618530273,11.420000076293945,10.258395195007324,8486161
HELI.CA,Real Estate,2025-05-25 21:00:00,11.420000076293945,11.770000457763672,11.4399995803833,11.720000267028809,10.52787971496582,12882664
HELI.CA,Real Estate,2025-05-26 21:00:00,11.720000267028809,11.880000114440918,11.670000076293945,11.779999732971191,10.58177661895752,8241026
HELI.CA,Real Estate,2025-05-27 21:00:00,11.779999732971191,11.899999618530273,11.65999984741211,11.680000305175781,10.491949081420898,7472498
HELI.CA,Real Estate,2025-05-28 21:00:00,11.680000305175781,11.890000343322754,11.6899995803833,11.880000114440918,10.671605110168457,9859441
HELI.CA,Real Estate,2025-05-31 21:00:00,11.880000114440918,11.930000305175781,11.65999984741211,11.729999542236328,10.53686237335205,12749365
HELI.CA,Real Estate,2025-06-01 21:00:00,11.729999542236328,10.600000381469727,10.460000038146973,10.479999542236328,9.786455154418945,8513946
HELI.CA,Real Estate,2025-06-02 21:00:00,10.479999542236328,10.510000228881836,10.3100004196167,10.350000381469727,9.665059089660645,4447676
HELI.CA,Real Estate,2025-06-03 21:00:00,10.350000381469727,10.390000343322754,10.270000457763672,10.300000190734863,9.618368148803711,4411975
HELI.CA,Real Estate,2025-06-09 21:00:00,10.300000190734863,10.539999961853027,10.319999694824219,10.5,9.805131912231445,5894601
HELI.CA,Real Estate,2025-06-10 21:00:00,10.5,10.539999961853027,10.399999618530273,10.40999984741211,9.721087455749512,5441181
HELI.CA,Real Estate,2025-06-11 21:00:00,10.40999984741211,10.430000305175781,10.079999923706055,10.130000114440918,9.459617614746094,5191848
HELI.CA,Real Estate,2025-06-14 21:00:00,10.130000114440918,9.600000381469727,9.270000457763672,9.59000015258789,8.955353736877441,5821413
HELI.CA,Real Estate,2025-06-15 21:00:00,9.59000015258789,9.800000190734863,9.550000190734863,9.619999885559082,8.983368873596191,3509432
HELI.CA,Real Estate,2025-06-16 21:00:00,9.619999885559082,9.579999923706055,9.100000381469727,9.140000343322754,8.535134315490723,5657025
HELI.CA,Real Estate,2025-06-17 21:00:00,9.140000343322754,9.229999542236328,9.0,9.119999885559082,8.516457557678223,3291447
HELI.CA,Real Estate,2025-06-18 21:00:00,9.119999885559082,9.239999771118164,8.979999542236328,9.010000228881836,8.413737297058105,4615694
HELI.CA,Real Estate,2025-06-21 21:00:00,9.010000228881836,9.199999809265137,8.729999542236328,9.1899995803833,8.58182430267334,3716674
HELI.CA,Real Estate,2025-06-22 21:00:00,9.1899995803833,9.329999923706055,9.100000381469727,9.300000190734863,8.684545516967773,5235383
HELI.CA,Real Estate,2025-06-23 21:00:00,9.300000190734863,9.65999984741211,9.399999618530273,9.619999885559082,8.983368873596191,5705262
HELI.CA,Real Estate,2025-06-24 21:00:00,9.619999885559082,9.699999809265137,9.550000190734863,9.699999809265137,9.058073997497559,3132049
HELI.CA,Real Estate,2025-06-28 21:00:00,9.699999809265137,9.869999885559082,9.680000305175781,9.779999732971191,9.132780075073242,7304228
HELI.CA,Real Estate,2025-06-29 21:00:00,9.779999732971191,9.800000190734863,9.640000343322754,9.640000343322754,9.002045631408691,2954254
HELI.CA,Real Estate,2025-06-30 21:00:00,9.640000343322754,9.699999809265137,9.449999809265137,9.470000267028809,8.843295097351074,2689132
HELI.CA,Real Estate,2025-07-01 21:00:00,9.470000267028809,9.6899995803833,9.5,9.569999694824219,8.936676979064941,2930072
HELI.CA,Real Estate,2025-07-05 21:00:00,9.569999694824219,9.729999542236328,9.600000381469727,9.699999809265137,9.058073997497559,4829488
HELI.CA,Real Estate,2025-07-06 21:00:00,9.699999809265137,9.739999771118164,9.5600004196167,9.579999923706055,8.946015357971191,3366044
HELI.CA,Real Estate,2025-07-08 21:00:00,9.579999923706055,9.699999809265137,9.520000457763672,9.569999694824219,8.936676979064941,1756595
HELI.CA,Real Estate,2025-07-09 21:00:00,9.569999694824219,9.760000228881836,9.600000381469727,9.710000038146973,9.067412376403809,4377006
HELI.CA,Real Estate,2025-07-12 21:00:00,9.710000038146973,9.789999961853027,9.630000114440918,9.630000114440918,8.992707252502441,3590821
HELI.CA,Real Estate,2025-07-13 21:00:00,9.630000114440918,9.680000305175781,9.619999885559082,9.649999618530273,9.011383056640625,2109953
HELI.CA,Real Estate,2025-07-14 21:00:00,9.649999618530273,10.140000343322754,9.649999618530273,10.069999694824219,9.40358829498291,16298211
HELI.CA,Real Estate,2025-07-15 21:00:00,10.069999694824219,10.130000114440918,9.890000343322754,9.90999984741211,9.25417709350586,4316683
HELI.CA,Real Estate,2025-07-16 21:00:00,9.90999984741211,10.079999923706055,9.930000305175781,9.989999771118164,9.328882217407227,4165961
HELI.CA,Real Estate,2025-07-19 21:00:00,9.989999771118164,10.180000305175781,10.010000228881836,10.140000343322754,9.468955993652344,3750552
HELI.CA,Real Estate,2025-07-20 21:00:00,10.140000343322754,10.199999809265137,9.970000267028809,9.970000267028809,9.310206413269043,4066412
HELI.CA,Real Estate,2025-07-21 21:00:00,9.970000267028809,10.020000457763672,9.850000381469727,9.880000114440918,9.22616195678711,2551107
HELI.CA,Real Estate,2025-07-22 21:00:00,9.880000114440918,9.880000114440918,9.880000114440918,9.880000114440918,9.22616195678711,0
HELI.CA,Real Estate,2025-07-26 21:00:00,9.850000381469727,9.960000038146973,9.819999694824219,9.890000343322754,9.235501289367676,2412939
HELI.CA,Real Estate,2025-07-27 21:00:00,9.890000343322754,9.9399995803833,9.619999885559082,9.6899995803833,9.048735618591309,4493104
HELI.CA,Real Estate,2025-07-28 21:00:00,9.6899995803833,9.699999809265137,9.569999694824219,9.600000381469727,8.964692115783691,2440015
HELI.CA,Real Estate,2025-07-29 21:00:00,9.600000381469727,9.760000228881836,9.460000038146973,9.5,8.871310234069824,3037743
HELI.CA,Real Estate,2025-07-30 21:00:00,9.5,9.6899995803833,9.550000190734863,9.6899995803833,9.048735618591309,1650123
HELI.CA,Real Estate,2025-08-02 21:00:00,9.6899995803833,9.6899995803833,9.6899995803833,9.6899995803833,9.048735618591309,0
HELI.CA,Real Estate,2025-08-03 21:00:00,9.6899995803833,9.6899995803833,9.6899995803833,9.6899995803833,9.048735618591309,0
HELI.CA,Real Estate,2025-08-04 21:00:00,9.6899995803833,9.6899995803833,9.6899995803833,9.6899995803833,9.048735618591309,0
HELI.CA,Real Estate,2025-08-05 21:00:00,9.6899995803833,9.6899995803833,9.6899995803833,9.6899995803833,9.048735618591309,0
HELI.CA,Real Estate,2025-08-06 21:00:00,9.6899995803833,9.6899995803833,9.6899995803833,9.6899995803833,9.048735618591309,0
HELI.CA,Real Estate,2025-08-09 21:00:00,9.880000114440918,10.109999656677246,9.899999618530273,10.09000015258789,9.42226505279541,4850709
HELI.CA,Real Estate,2025-08-10 21:00:00,10.09000015258789,10.140000343322754,9.869999885559082,9.890000343322754,9.235501289367676,5386268
HELI.CA,Real Estate,2025-08-11 21:00:00,9.890000343322754,9.949999809265137,9.819999694824219,9.859999656677246,9.20748519897461,2471680
HELI.CA,Real Estate,2025-08-12 21:00:00,9.859999656677246,9.90999984741211,9.729999542236328,9.770000457763672,9.123442649841309,1712613
HELI.CA,Real Estate,2025-08-13 21:00:00,9.770000457763672,9.829999923706055,9.699999809265137,9.729999542236328,9.086088180541992,1813725
HELI.CA,Real Estate,2025-08-16 21:00:00,9.729999542236328,9.84000015258789,9.640000343322754,9.710000038146973,9.067412376403809,1835387
HELI.CA,Real Estate,2025-08-17 21:00:00,9.710000038146973,9.869999885559082,9.720000267028809,9.800000190734863,9.151456832885742,2692625
HELI.CA,Real Estate,2025-08-18 21:00:00,9.800000190734863,9.84000015258789,9.779999732971191,9.800000190734863,9.151456832885742,1953199
HELI.CA,Real Estate,2025-08-19 21:00:00,9.800000190734863,9.850000381469727,9.710000038146973,9.710000038146973,9.067412376403809,1507077
HELI.CA,Real Estate,2025-08-20 21:00:00,9.710000038146973,9.75,9.680000305175781,9.710000038146973,9.067412376403809,1192221
HELI.CA,Real Estate,2025-08-23 21:00:00,9.710000038146973,9.84000015258789,9.699999809265137,9.800000190734863,9.151456832885742,1503952
HELI.CA,Real Estate,2025-08-24 21:00:00,9.800000190734863,10.050000190734863,9.850000381469727,9.970000267028809,9.310206413269043,4826783
HELI.CA,Real Estate,2025-08-25 21:00:00,9.970000267028809,10.039999961853027,9.880000114440918,9.90999984741211,9.25417709350586,3193316
HELI.CA,Real Estate,2025-08-26 21:00:00,9.90999984741211,9.949999809265137,9.859999656677246,9.899999618530273,9.24483871459961,1771666
HELI.CA,Real Estate,2025-08-27 21:00:00,9.899999618530273,9.970000267028809,9.899999618530273,9.960000038146973,9.300868034362793,1312710
HELI.CA,Real Estate,2025-08-30 21:00:00,9.960000038146973,10.050000190734863,9.760000228881836,9.770000457763672,9.123442649841309,3050469
HELI.CA,Real Estate,2025-08-31 21:00:00,9.770000457763672,9.899999618530273,9.710000038146973,9.869999885559082,9.21682357788086,2215505
HELI.CA,Real Estate,2025-09-01 21:00:00,9.869999885559082,10.119999885559082,9.890000343322754,10.050000190734863,9.384912490844727,6464243
HELI.CA,Real Estate,2025-09-02 21:00:00,10.050000190734863,10.119999885559082,9.989999771118164,9.989999771118164,9.328882217407227,5411265
HELI.CA,Real Estate,2025-09-06 21:00:00,9.989999771118164,10.069999694824219,9.899999618530273,9.899999618530273,9.24483871459961,3524118
HELI.CA,Real Estate,2025-09-07 21:00:00,9.899999618530273,9.970000267028809,9.880000114440918,9.880000114440918,9.22616195678711,2678604
HELI.CA,Real Estate,2025-09-08 21:00:00,9.880000114440918,10.180000305175781,9.90999984741211,9.9399995803833,9.282191276550293,7465087
HELI.CA,Real Estate,2025-09-09 21:00:00,9.9399995803833,10.010000228881836,9.890000343322754,9.949999809265137,9.291529655456543,4288379
HELI.CA,Real Estate,2025-09-10 21:00:00,9.949999809265137,10.100000381469727,9.960000038146973,10.09000015258789,9.42226505279541,3023691
HELI.CA,Real Estate,2025-09-13 21:00:00,10.09000015258789,10.470000267028809,10.079999923706055,10.399999618530273,9.711749076843262,13878332
HELI.CA,Real Estate,2025-09-14 21:00:00,10.399999618530273,10.460000038146973,10.270000457763672,10.34000015258789,9.655720710754395,4298779
HELI.CA,Real Estate,2025-09-15 21:00:00,3.4466660022735596,3.4566659927368164,3.353332996368408,3.356666088104248,3.134528875350952,16106883
HELI.CA,Real Estate,2025-09-16 21:00:00,3.356666088104248,3.390000104904175,3.353332996368408,3.356666088104248,3.134528875350952,8662203
HELI.CA,Real Estate,2025-09-17 21:00:00,3.356666088104248,3.3833329677581787,3.3066658973693848,3.3166658878326416,3.0971758365631104,17582877
HELI.CA,Real Estate,2025-09-20 21:00:00,3.3166658878326416,3.3433330059051514,3.3066658973693848,3.3066658973693848,3.0878376960754395,8885631
HELI.CA,Real Estate,2025-09-21 21:00:00,3.3066658973693848,3.3233330249786377,3.2899999618530273,3.313333034515381,3.0940635204315186,3899295
HELI.CA,Real Estate,2025-09-22 21:00:00,3.313333034515381,3.366666078567505,3.3166658878326416,3.346666097640991,3.1251907348632812,11013783
HELI.CA,Real Estate,2025-09-23 21:00:00,3.346666097640991,3.369999885559082,3.3366661071777344,3.353332996368408,3.1314165592193604,17565822
HELI.CA,Real Estate,2025-09-24 21:00:00,3.3529999256134033,3.4000000953674316,3.259999990463257,3.2799999713897705,3.062936544418335,18853385
HELI.CA,Real Estate,2025-09-27 21:00:00,3.2799999713897705,3.299999952316284,3.2699999809265137,3.2799999713897705,3.062936544418335,11269539
HELI.CA,Real Estate,2025-09-28 21:00:00,3.2799999713897705,3.3299999237060547,3.259999990463257,3.2899999618530273,3.072274684906006,28260815
HELI.CA,Real Estate,2025-09-29 21:00:00,3.2899999618530273,3.3399999141693115,3.2799999713897705,3.2899999618530273,3.072274684906006,27110796
HELI.CA,Real Estate,2025-09-30 21:00:00,3.2899999618530273,3.309999942779541,3.2799999713897705,3.2899999618530273,3.072274684906006,10333452
HELI.CA,Real Estate,2025-10-01 21:00:00,3.2899999618530273,3.299999952316284,3.25,3.2699999809265137,3.053598165512085,10459273
HELI.CA,Real Estate,2025-10-04 21:00:00,3.2699999809265137,3.2899999618530273,3.25,3.259999990463257,3.044260025024414,8594828
HELI.CA,Real Estate,2025-10-05 21:00:00,3.259999990463257,3.2799999713897705,3.2300000190734863,3.240000009536743,3.025583505630493,9697637
HELI.CA,Real Estate,2025-10-06 21:00:00,3.240000009536743,3.259999990463257,3.200000047683716,3.200000047683716,2.9882307052612305,12200724
HELI.CA,Real Estate,2025-10-07 21:00:00,3.200000047683716,3.2300000190734863,3.1600000858306885,3.180000066757202,2.9695544242858887,12061475
HELI.CA,Real Estate,2025-10-11 21:00:00,3.180000066757202,3.190000057220459,3.109999895095825,3.140000104904175,2.932201385498047,13018306
HELI.CA,Real Estate,2025-10-12 21:00:00,3.140000104904175,3.2100000381469727,3.119999885559082,3.190000057220459,2.9788925647735596,18539089
HELI.CA,Real Estate,2025-10-13 21:00:00,3.190000057220459,3.240000009536743,3.1500000953674316,3.1600000858306885,2.9508779048919678,17243094
HELI.CA,Real Estate,2025-10-14 21:00:00,3.1600000858306885,3.190000057220459,3.1500000953674316,3.190000057220459,2.9788925647735596,9984804
HELI.CA,Real Estate,2025-10-15 21:00:00,3.190000057220459,3.2100000381469727,3.180000066757202,3.190000057220459,2.9788925647735596,9796068
HELI.CA,Real Estate,2025-10-18 21:00:00,3.190000057220459,3.259999990463257,3.200000047683716,3.25,3.034921884536743,9907708
HELI.CA,Real Estate,2025-10-19 21:00:00,3.25,3.2799999713897705,3.190000057220459,3.2200000286102295,3.0069072246551514,10470595
HELI.CA,Real Estate,2025-10-20 21:00:00,3.2200000286102295,3.2300000190734863,3.180000066757202,3.190000057220459,2.9788925647735596,7066305
HELI.CA,Real Estate,2025-10-21 21:00:00,3.190000057220459,3.2200000286102295,3.190000057220459,3.200000047683716,2.9882307052612305,8064451
HELI.CA,Real Estate,2025-10-22 21:00:00,3.200000047683716,3.259999990463257,3.200000047683716,3.240000009536743,3.025583505630493,17526344
HELI.CA,Real Estate,2025-10-25 21:00:00,3.240000009536743,3.299999952316284,3.240000009536743,3.2699999809265137,3.053598165512085,15216130
HELI.CA,Real Estate,2025-10-26 21:00:00,3.2699999809265137,3.319999933242798,3.25,3.309999942779541,3.0909509658813477,36691560
HELI.CA,Real Estate,2025-10-27 21:00:00,3.309999942779541,3.3299999237060547,3.2699999809265137,3.2799999713897705,3.062936544418335,9659349
HELI.CA,Real Estate,2025-10-28 21:00:00,3.2799999713897705,3.3399999141693115,3.25,3.3299999237060547,3.1096274852752686,18016482
HELI.CA,Real Estate,2025-10-29 21:00:00,3.3299999237060547,3.3399999141693115,3.2899999618530273,3.2899999618530273,3.072274684906006,12568375
HELI.CA,Real Estate,2025-11-01 22:00:00,3.2899999618530273,3.309999942779541,3.240000009536743,3.25,3.034921884536743,11949177
HELI.CA,Real Estate,2025-11-02 22:00:00,3.25,3.2899999618530273,3.2200000286102295,3.2699999809265137,3.053598165512085,8119753
HELI.CA,Real Estate,2025-11-03 22:00:00,3.2699999809265137,3.359999895095825,3.2699999809265137,3.3299999237060547,3.1096274852752686,23500932
HELI.CA,Real Estate,2025-11-04 22:00:00,3.3299999237060547,3.3499999046325684,3.2699999809265137,3.2799999713897705,3.062936544418335,10102818
HELI.CA,Real Estate,2025-11-05 22:00:00,3.2799999713897705,3.319999933242798,3.259999990463257,3.309999942779541,3.0909509658813477,12644246
HELI.CA,Real Estate,2025-11-08 22:00:00,3.309999942779541,3.3499999046325684,3.2699999809265137,3.2699999809265137,3.053598165512085,8366444
HELI.CA,Real Estate,2025-11-09 22:00:00,3.2699999809265137,3.319999933242798,3.25,3.309999942779541,3.0909509658813477,17761092
HELI.CA,Real Estate,2025-11-10 22:00:00,3.309999942779541,3.430000066757202,3.2899999618530273,3.4200000762939453,3.193671703338623,53773010
HELI.CA,Real Estate,2025-11-11 22:00:00,3.4200000762939453,3.4600000381469727,3.380000114440918,3.390000104904175,3.1656570434570312,25231380
HELI.CA,Real Estate,2025-11-12 22:00:00,3.390000104904175,3.430000066757202,3.359999895095825,3.390000104904175,3.1656570434570312,19203846
HELI.CA,Real Estate,2025-11-15 22:00:00,3.390000104904175,3.440000057220459,3.380000114440918,3.380000114440918,3.1563189029693604,14780821
HELI.CA,Real Estate,2025-11-16 22:00:00,3.380000114440918,3.5999999046325684,3.450000047683716,3.5799999237060547,3.343083143234253,111761125
HELI.CA,Real Estate,2025-11-17 22:00:00,3.5799999237060547,3.630000114440918,3.5,3.549999952316284,3.315068483352661,49618120
HELI.CA,Real Estate,2025-11-18 22:00:00,3.549999952316284,3.609999895095825,3.5,3.5399999618530273,3.305730104446411,44926790
HELI.CA,Real Estate,2025-11-19 22:00:00,3.5399999618530273,3.740000009536743,3.549999952316284,3.6600000858306885,3.4177889823913574,85188902
HELI.CA,Real Estate,2025-11-22 22:00:00,3.6600000858306885,3.8299999237060547,3.6500000953674316,3.809999942779541,3.5578620433807373,85111506
HELI.CA,Real Estate,2025-11-23 22:00:00,3.809999942779541,3.8299999237060547,3.6600000858306885,3.6600000858306885,3.4177889823913574,39649651
HELI.CA,Real Estate,2025-11-24 22:00:00,3.6600000858306885,3.680000066757202,3.5199999809265137,3.5299999713897705,3.2963919639587402,25982459
HELI.CA,Real Estate,2025-11-25 22:00:00,3.5299999713897705,3.6700000762939453,3.5299999713897705,3.559999942779541,3.324406623840332,35512696
HELI.CA,Real Estate,2025-11-26 22:00:00,3.559999942779541,3.5899999141693115,3.5299999713897705,3.549999952316284,3.315068483352661,19225527
HELI.CA,Real Estate,2025-11-29 22:00:00,3.549999952316284,3.5899999141693115,3.509999990463257,3.5299999713897705,3.2963919639587402,18095168
HELI.CA,Real Estate,2025-11-30 22:00:00,3.5299999713897705,3.569999933242798,3.430000066757202,3.4700000286102295,3.2403626441955566,22242554
HELI.CA,Real Estate,2025-12-01 22:00:00,3.4700000286102295,3.509999990463257,3.4100000858306885,3.430000066757202,3.203009843826294,16676945
HELI.CA,Real Estate,2025-12-02 22:00:00,3.430000066757202,3.5399999618530273,3.390000104904175,3.5299999713897705,3.2963919639587402,27341354
HELI.CA,Real Estate,2025-12-03 22:00:00,3.5299999713897705,3.5899999141693115,3.509999990463257,3.559999942779541,3.324406623840332,19780492
HELI.CA,Real Estate,2025-12-06 22:00:00,3.559999942779541,3.7100000381469727,3.569999933242798,3.6500000953674316,3.4084508419036865,36402308
HELI.CA,Real Estate,2025-12-07 22:00:00,3.6500000953674316,3.7699999809265137,3.619999885559082,3.7200000286102295,3.473818302154541,68650869
HELI.CA,Real Estate,2025-12-08 22:00:00,3.7200000286102295,3.7699999809265137,3.700000047683716,3.759999990463257,3.5111711025238037,23242400
HELI.CA,Real Estate,2025-12-09 22:00:00,3.759999990463257,3.8499999046325684,3.7300000190734863,3.799999952316284,3.5485239028930664,40217869
HELI.CA,Real Estate,2025-12-10 22:00:00,3.799999952316284,3.859999895095825,3.7699999809265137,3.8299999237060547,3.576538562774658,31751439
HELI.CA,Real Estate,2025-12-13 22:00:00,3.8299999237060547,3.8499999046325684,3.740000009536743,3.7899999618530273,3.5391857624053955,22313212
HELI.CA,Real Estate,2025-12-14 22:00:00,3.7899999618530273,3.9100000858306885,3.690000057220459,3.740000009536743,3.492494583129883,99140095
HELI.CA,Real Estate,2025-12-15 22:00:00,3.740000009536743,3.75,3.609999895095825,3.619999885559082,3.3804359436035156,24743671
HELI.CA,Real Estate,2025-12-16 22:00:00,3.619999885559082,3.690000057220459,3.549999952316284,3.5899999141693115,3.352421283721924,30872366
HELI.CA,Real Estate,2025-12-17 22:00:00,3.5899999141693115,3.640000104904175,3.549999952316284,3.569999933242798,3.333744764328003,43127480
HELI.CA,Real Estate,2025-12-20 22:00:00,3.569999933242798,3.5999999046325684,3.5299999713897705,3.569999933242798,3.333744764328003,21397073
HELI.CA,Real Estate,2025-12-21 22:00:00,3.569999933242798,3.5999999046325684,3.549999952316284,3.559999942779541,3.324406623840332,19424280
HELI.CA,Real Estate,2025-12-22 22:00:00,3.559999942779541,3.5999999046325684,3.490000009536743,3.5299999713897705,3.2963919639587402,16926752
HELI.CA,Real Estate,2025-12-23 22:00:00,3.5299999713897705,3.5799999237060547,3.5299999713897705,3.559999942779541,3.324406623840332,7839619
HELI.CA,Real Estate,2025-12-24 22:00:00,3.559999942779541,3.5999999046325684,3.5199999809265137,3.549999952316284,3.315068483352661,15784314
HELI.CA,Real Estate,2025-12-27 22:00:00,3.549999952316284,3.640000104904175,3.559999942779541,3.640000104904175,3.3991124629974365,17487099
HELI.CA,Real Estate,2025-12-28 22:00:00,3.640000104904175,3.6600000858306885,3.630000114440918,3.6500000953674316,3.4084508419036865,17630939
HELI.CA,Real Estate,2025-12-29 22:00:00,3.6500000953674316,3.700000047683716,3.619999885559082,3.619999885559082,3.3804359436035156,22031011
HELI.CA,Real Estate,2025-12-30 22:00:00,3.619999885559082,3.640000104904175,3.569999933242798,3.5999999046325684,3.3617594242095947,15934532
HELI.CA,Real Estate,2026-01-03 22:00:00,3.5999999046325684,3.619999885559082,3.5299999713897705,3.5399999618530273,3.305730104446411,5343037
HELI.CA,Real Estate,2026-01-04 22:00:00,3.5399999618530273,3.5399999618530273,3.4700000286102295,3.4700000286102295,3.2403626441955566,15502093
HELI.CA,Real Estate,2026-01-05 22:00:00,3.4700000286102295,3.5299999713897705,3.4800000190734863,3.4800000190734863,3.2497010231018066,13898694
HELI.CA,Real Estate,2026-01-07 22:00:00,3.4800000190734863,3.5199999809265137,3.4700000286102295,3.4700000286102295,3.2403626441955566,8334479
HELI.CA,Real Estate,2026-01-10 22:00:00,3.4700000286102295,3.549999952316284,3.4700000286102295,3.509999990463257,3.2777154445648193,20502806
HELI.CA,Real Estate,2026-01-11 22:00:00,3.509999990463257,3.559999942779541,3.4100000858306885,3.430000066757202,3.203009843826294,36553965
HELI.CA,Real Estate,2026-01-12 22:00:00,3.430000066757202,3.4700000286102295,3.3399999141693115,3.3499999046325684,3.1283040046691895,17767623
HELI.CA,Real Estate,2026-01-13 22:00:00,3.3499999046325684,3.369999885559082,3.25,3.299999952316284,3.0816128253936768,16079604
HELI.CA,Real Estate,2026-01-14 22:00:00,3.299999952316284,3.3299999237060547,3.25,3.2799999713897705,3.062936544418335,8309556
HELI.CA,Real Estate,2026-01-17 22:00:00,3.2799999713897705,3.3299999237060547,3.299999952316284,3.309999942779541,3.0909509658813477,4606658
HELI.CA,Real Estate,2026-01-18 22:00:00,3.309999942779541,3.450000047683716,3.319999933242798,3.450000047683716,3.221686363220215,31754399
HELI.CA,Real Estate,2026-01-19 22:00:00,3.450000047683716,3.5299999713897705,3.430000066757202,3.4600000381469727,3.2310245037078857,24850592
HELI.CA,Real Estate,2026-01-20 22:00:00,3.4600000381469727,3.4700000286102295,3.4100000858306885,3.440000057220459,3.212347984313965,12727434
HELI.CA,Real Estate,2026-01-21 22:00:00,3.440000057220459,3.5,3.4100000858306885,3.4100000858306885,3.184333324432373,10929370
HELI.CA,Real Estate,2026-01-24 22:00:00,3.4100000858306885,3.450000047683716,3.380000114440918,3.390000104904175,3.1656570434570312,12279687
HELI.CA,Real Estate,2026-01-25 22:00:00,3.390000104904175,3.5999999046325684,3.4000000953674316,3.559999942779541,3.324406623840332,60808275
HELI.CA,Real Estate,2026-01-26 22:00:00,3.559999942779541,3.6600000858306885,3.5199999809265137,3.5399999618530273,3.305730104446411,44505214
HELI.CA,Real Estate,2026-01-27 22:00:00,3.5399999618530273,3.5899999141693115,3.4600000381469727,3.5299999713897705,3.2963919639587402,28187576
HELI.CA,Real Estate,2026-01-31 22:00:00,3.5299999713897705,3.549999952316284,3.4800000190734863,3.509999990463257,3.2777154445648193,16775012
HELI.CA,Real Estate,2026-02-01 22:00:00,3.509999990463257,3.6500000953674316,3.490000009536743,3.630000114440918,3.3897743225097656,36336131
HELI.CA,Real Estate,2026-02-02 22:00:00,3.630000114440918,3.680000066757202,3.5999999046325684,3.609999895095825,3.3710975646972656,26238610
HELI.CA,Real Estate,2026-02-03 22:00:00,3.609999895095825,3.6600000858306885,3.559999942779541,3.559999942779541,3.324406623840332,32194595
HELI.CA,Real Estate,2026-02-04 22:00:00,3.559999942779541,3.630000114440918,3.5399999618530273,3.569999933242798,3.333744764328003,20121286
HELI.CA,Real Estate,2026-02-07 22:00:00,3.569999933242798,3.950000047683716,3.5999999046325684,3.869999885559082,3.613891363143921,136097500
HELI.CA,Real Estate,2026-02-08 22:00:00,3.869999885559082,3.9000000953674316,3.819999933242798,3.8399999141693115,3.585876703262329,40935739
HELI.CA,Real Estate,2026-02-09 22:00:00,3.8399999141693115,4.010000228881836,3.8499999046325684,3.990000009536743,3.725950241088867,170021040
HELI.CA,Real Estate,2026-02-10 22:00:00,3.990000009536743,4.059999942779541,3.9000000953674316,3.9200000762939453,3.6605827808380127,67730109
HELI.CA,Real Estate,2026-02-11 22:00:00,3.9200000762939453,4.010000228881836,3.890000104904175,4.010000228881836,3.744626760482788,62795935
HELI.CA,Real Estate,2026-02-14 22:00:00,4.010000228881836,4.329999923706055,4.090000152587891,4.289999961853027,4.006096839904785,121110682
HELI.CA,Real Estate,2026-02-15 22:00:00,4.289999961853027,4.440000057220459,4.21999979019165,4.239999771118164,3.9594054222106934,87650632
HELI.CA,Real Estate,2026-02-16 22:00:00,4.239999771118164,4.400000095367432,4.210000038146973,4.360000133514404,4.071464538574219,74783624
HELI.CA,Real Estate,2026-02-17 22:00:00,4.360000133514404,4.460000038146973,4.309999942779541,4.329999923706055,4.043449401855469,78711744
HELI.CA,Real Estate,2026-02-18 22:00:00,4.329999923706055,4.369999885559082,4.150000095367432,4.239999771118164,3.9594054222106934,27436903
HELI.CA,Real Estate,2026-02-21 22:00:00,4.239999771118164,4.260000228881836,4.090000152587891,4.21999979019165,3.9407291412353516,28059451
HELI.CA,Real Estate,2026-02-22 22:00:00,4.21999979019165,4.630000114440918,4.190000057220459,4.619999885559082,4.314258098602295,121353875
HELI.CA,Real Estate,2026-02-23 22:00:00,4.619999885559082,4.96999979019165,4.550000190734863,4.78000020980835,4.463669776916504,162780306
HELI.CA,Real Estate,2026-02-24 22:00:00,4.78000020980835,4.820000171661377,4.590000152587891,4.679999828338623,4.3702874183654785,68210469
HELI.CA,Real Estate,2026-02-25 22:00:00,4.679999828338623,4.860000133514404,4.690000057220459,4.820000171661377,4.501022815704346,63798395
HELI.CA,Real Estate,2026-02-28 22:00:00,4.820000171661377,4.900000095367432,4.440000057220459,4.889999866485596,4.566390037536621,67387250
HELI.CA,Real Estate,2026-03-01 22:00:00,4.889999866485596,5.210000038146973,4.860000133514404,5.170000076293945,4.827860355377197,87598905
HELI.CA,Real Estate,2026-03-02 22:00:00,5.170000076293945,5.320000171661377,5.070000171661377,5.139999866485596,4.799845218658447,52293554
HELI.CA,Real Estate,2026-03-03 22:00:00,5.139999866485596,5.25,4.980000019073486,5.150000095367432,4.8091840744018555,49985071
HELI.CA,Real Estate,2026-03-04 22:00:00,5.150000095367432,5.21999979019165,5.059999942779541,5.070000171661377,4.734477996826172,18049220
HELI.CA,Real Estate,2026-03-07 22:00:00,5.070000171661377,5.28000020980835,4.989999771118164,5.199999809265137,4.855874538421631,35215657
HELI.CA,Real Estate,2026-03-08 22:00:00,5.199999809265137,5.489999771118164,5.210000038146973,5.480000019073486,5.117345333099365,48708608
HELI.CA,Real Estate,2026-03-09 22:00:00,5.480000019073486,5.800000190734863,5.519999980926514,5.639999866485596,5.266756534576416,44284434
HELI.CA,Real Estate,2026-03-10 22:00:00,5.639999866485596,5.730000019073486,5.570000171661377,5.610000133514404,5.238741874694824,27335196
HELI.CA,Real Estate,2026-03-11 22:00:00,5.610000133514404,5.710000038146973,5.53000020980835,5.550000190734863,5.182713031768799,17125537
HELI.CA,Real Estate,2026-03-14 22:00:00,5.550000190734863,5.570000171661377,5.340000152587891,5.489999771118164,5.126683235168457,27216433
HELI.CA,Real Estate,2026-03-15 22:00:00,5.489999771118164,5.519999980926514,5.289999961853027,5.289999961853027,4.9399189949035645,20641535
HELI.CA,Real Estate,2026-03-16 22:00:00,5.289999961853027,5.53000020980835,5.329999923706055,5.5,5.136021614074707,27292197
HELI.CA,Real Estate,2026-03-17 22:00:00,5.5,5.679999828338623,5.519999980926514,5.679999828338623,5.304109573364258,35524933
HELI.CA,Real Estate,2026-03-18 22:00:00,5.679999828338623,5.679999828338623,5.679999828338623,5.679999828338623,5.304109573364258,0
HELI.CA,Real Estate,2026-03-23 22:00:00,5.679999828338623,5.960000038146973,5.699999809265137,5.900000095367432,5.50955057144165,37956234
HELI.CA,Real Estate,2026-03-24 22:00:00,5.900000095367432,5.949999809265137,5.71999979019165,5.760000228881836,5.378815650939941,23523189
HELI.CA,Real Estate,2026-03-25 22:00:00,5.760000228881836,6.050000190734863,5.739999771118164,5.900000095367432,5.50955057144165,53839178
HELI.CA,Real Estate,2026-03-28 22:00:00,5.900000095367432,5.940000057220459,5.730000019073486,5.75,5.369477272033691,25395356
HELI.CA,Real Estate,2026-03-29 22:00:00,5.75,5.800000190734863,5.570000171661377,5.599999904632568,5.229403495788574,26776811
HELI.CA,Real Estate,2026-03-30 22:00:00,5.599999904632568,5.760000228881836,5.570000171661377,5.590000152587891,5.220065593719482,37771690
HELI.CA,Real Estate,2026-03-31 22:00:00,5.590000152587891,5.690000057220459,5.599999904632568,5.659999847412109,5.285432815551758,16708730
HELI.CA,Real Estate,2026-04-01 22:00:00,5.659999847412109,5.739999771118164,5.619999885559082,5.659999847412109,5.285432815551758,19433215
HELI.CA,Real Estate,2026-04-04 22:00:00,5.659999847412109,5.739999771118164,5.590000152587891,5.590000152587891,5.220065593719482,27748121
HELI.CA,Real Estate,2026-04-05 22:00:00,5.590000152587891,5.679999828338623,5.550000190734863,5.570000171661377,5.201389312744141,30754832
HELI.CA,Real Estate,2026-04-06 22:00:00,5.570000171661377,5.590000152587891,5.369999885559082,5.429999828338623,5.070653915405273,35009290
HELI.CA,Real Estate,2026-04-07 22:00:00,5.429999828338623,5.579999923706055,5.480000019073486,5.559999942779541,5.192050933837891,35274990
HELI.CA,Real Estate,2026-04-08 22:00:00,5.559999942779541,5.579999923706055,5.420000076293945,5.5,5.136021614074707,15383365
HELI.CA,Real Estate,2026-04-13 22:00:00,5.5,5.619999885559082,5.460000038146973,5.539999961853027,5.173374176025391,16668036
HELI.CA,Real Estate,2026-04-14 22:00:00,5.539999961853027,5.800000190734863,5.559999942779541,5.730000019073486,5.350800514221191,49397228
HELI.CA,Real Estate,2026-04-15 22:00:00,5.730000019073486,5.860000133514404,5.75,5.769999980926514,5.388153553009033,17118017
HELI.CA,Real Estate,2026-04-18 22:00:00,5.769999980926514,5.860000133514404,5.760000228881836,5.769999980926514,5.388153553009033,11918801
HELI.CA,Real Estate,2026-04-19 22:00:00,5.769999980926514,5.789999961853027,5.630000114440918,5.650000095367432,5.276094913482666,11167769
HELI.CA,Real Estate,2026-04-20 22:00:00,5.650000095367432,5.849999904632568,5.650000095367432,5.760000228881836,5.378815650939941,19876097
HELI.CA,Real Estate,2026-04-21 22:00:00,5.760000228881836,6.199999809265137,5.699999809265137,6.150000095367432,5.743005752563477,80675933
HELI.CA,Real Estate,2026-04-22 22:00:00,6.150000095367432,6.21999979019165,5.96999979019165,5.96999979019165,5.574917793273926,33452744
HELI.CA,Real Estate,2026-04-25 21:00:00,5.96999979019165,6.159999847412109,5.809999942779541,5.829999923706055,5.444182872772217,31285592
HELI.CA,Real Estate,2026-04-26 21:00:00,5.829999923706055,5.96999979019165,5.849999904632568,5.900000095367432,5.50955057144165,20930745
HELI.CA,Real Estate,2026-04-27 21:00:00,5.900000095367432,6.019999980926514,5.920000076293945,5.980000019073486,5.584256172180176,16656875
HELI.CA,Real Estate,2026-04-28 21:00:00,5.980000019073486,6.389999866485596,5.980000019073486,6.269999980926514,5.855064392089844,83928385
HELI.CA,Real Estate,2026-04-29 21:00:00,6.269999980926514,6.449999809265137,6.199999809265137,6.199999809265137,5.78969669342041,35900874
HELI.CA,Real Estate,2026-05-02 21:00:00,6.199999809265137,6.869999885559082,6.28000020980835,6.860000133514404,6.406019687652588,63844890
HELI.CA,Real Estate,2026-05-03 21:00:00,6.860000133514404,6.949999809265137,6.650000095367432,6.650000095367432,6.209917068481445,25421419
HELI.CA,Real Estate,2026-05-04 21:00:00,6.650000095367432,6.949999809265137,6.610000133514404,6.900000095367432,6.44337272644043,30178273
HELI.CA,Real Estate,2026-05-05 21:00:00,6.900000095367432,7.079999923706055,6.809999942779541,6.980000019073486,6.518078327178955,25088861
HELI.CA,Real Estate,2026-05-09 21:00:00,6.980000019073486,6.989999771118164,6.809999942779541,6.869999885559082,6.41535758972168,21961743
HELI.CA,Real Estate,2026-05-10 21:00:00,6.869999885559082,7.179999828338623,6.869999885559082,7.079999923706055,6.611460208892822,49980076
HELI.CA,Real Estate,2026-05-11 21:00:00,7.079999923706055,7.199999809265137,7.0,7.059999942779541,6.5927839279174805,25497633
HELI.CA,Real Estate,2026-05-12 21:00:00,7.059999942779541,7.150000095367432,6.980000019073486,7.0,6.536754608154297,24354390
HELI.CA,Real Estate,2026-05-13 21:00:00,7.0,7.019999980926514,6.820000171661377,6.900000095367432,6.44337272644043,33138364
HELI.CA,Real Estate,2026-05-16 21:00:00,6.900000095367432,6.980000019073486,6.71999979019165,6.739999771118164,6.2939605712890625,26885188
HELI.CA,Real Estate,2026-05-17 21:00:00,6.739999771118164,6.570000171661377,6.369999885559082,6.420000076293945,6.420000076293945,20675935
HELI.CA,Real Estate,2026-05-18 21:00:00,6.420000076293945,6.610000133514404,6.429999828338623,6.519999980926514,6.519999980926514,30660021
HELI.CA,Real Estate,2026-05-19 21:00:00,6.519999980926514,6.699999809265137,6.389999866485596,6.409999847412109,6.409999847412109,41595156
HELI.CA,Real Estate,2026-05-20 21:00:00,6.409999847412109,6.510000228881836,6.320000171661377,6.320000171661377,6.320000171661377,25428683
HELI.CA,Real Estate,2026-05-23 21:00:00,6.320000171661377,6.519999980926514,6.380000114440918,6.400000095367432,6.400000095367432,25950784
HELI.CA,Real Estate,2026-05-24 21:00:00,6.400000095367432,6.46999979019165,6.340000152587891,6.369999885559082,6.369999885559082,16107005
HELI.CA,Real Estate,2026-05-25 21:00:00,6.369999885559082,6.369999885559082,6.369999885559082,6.369999885559082,6.369999885559082,0
HELI.CA,Real Estate,2026-05-26 21:00:00,6.369999885559082,6.369999885559082,6.369999885559082,6.369999885559082,6.369999885559082,0
HELI.CA,Real Estate,2026-05-27 21:00:00,6.369999885559082,6.369999885559082,6.369999885559082,6.369999885559082,6.369999885559082,0
HELI.CA,Real Estate,2026-05-31 21:00:00,6.369999885559082,6.699999809265137,6.429999828338623,6.699999809265137,6.699999809265137,39394050
HELI.CA,Real Estate,2026-06-01 21:00:00,6.699999809265137,6.869999885559082,6.71999979019165,6.789999961853027,6.789999961853027,29797087
HELI.CA,Real Estate,2026-06-02 21:00:00,6.789999961853027,6.829999923706055,6.579999923706055,6.579999923706055,6.579999923706055,19835176
HELI.CA,Real Estate,2026-06-03 21:00:00,6.579999923706055,6.619999885559082,6.539999961853027,6.550000190734863,6.550000190734863,8450559
HELI.CA,Real Estate,2026-06-06 21:00:00,6.550000190734863,6.53000020980835,6.389999866485596,6.449999809265137,6.449999809265137,8592071
HELI.CA,Real Estate,2026-06-07 21:00:00,6.449999809265137,6.46999979019165,6.360000133514404,6.389999866485596,6.389999866485596,9791514
HELI.CA,Real Estate,2026-06-08 21:00:00,6.389999866485596,6.760000228881836,6.420000076293945,6.710000038146973,6.710000038146973,28280651
HELI.CA,Real Estate,2026-06-09 21:00:00,6.710000038146973,6.800000190734863,6.400000095367432,6.460000038146973,6.460000038146973,28394147
HELI.CA,Real Estate,2026-06-10 21:00:00,6.460000038146973,6.5,6.28000020980835,6.400000095367432,6.400000095367432,10808869
HELI.CA,Real Estate,2026-06-13 21:00:00,6.400000095367432,6.599999904632568,6.460000038146973,6.579999923706055,6.579999923706055,14939602
HELI.CA,Real Estate,2026-06-14 21:00:00,6.579999923706055,6.670000076293945,6.409999847412109,6.429999828338623,6.429999828338623,20570211
HELI.CA,Real Estate,2026-06-15 21:00:00,6.429999828338623,6.5,6.340000152587891,6.400000095367432,6.400000095367432,19368737
HELI.CA,Real Estate,2026-06-16 21:00:00,6.400000095367432,6.400000095367432,6.400000095367432,6.400000095367432,6.400000095367432,0
HELI.CA,Real Estate,2026-06-17 21:00:00,6.400000095367432,6.400000095367432,6.400000095367432,6.400000095367432,6.400000095367432,0
HELI.CA,Real Estate,2026-06-20 21:00:00,6.510000228881836,6.650000095367432,6.539999961853027,6.570000171661377,6.570000171661377,11945445
HELI.CA,Real Estate,2026-06-21 21:00:00,6.570000171661377,6.570000171661377,6.570000171661377,6.570000171661377,6.570000171661377,0
HELI.CA,Real Estate,2026-06-22 21:00:00,6.590000152587891,6.630000114440918,6.369999885559082,6.400000095367432,6.400000095367432,13233541
HELI.CA,Real Estate,2026-06-23 21:00:00,6.400000095367432,6.599999904632568,6.400000095367432,6.559999942779541,6.559999942779541,17959814
HELI.CA,Real Estate,2026-06-24 21:00:00,6.559999942779541,6.639999866485596,6.46999979019165,6.53000020980835,6.53000020980835,15719210
HELI.CA,Real Estate,2026-06-27 21:00:00,6.53000020980835,6.559999942779541,6.369999885559082,6.409999847412109,6.409999847412109,8174064
HELI.CA,Real Estate,2026-06-28 21:00:00,6.409999847412109,6.46999979019165,6.360000133514404,6.369999885559082,6.369999885559082,7003506
HELI.CA,Real Estate,2026-06-29 21:00:00,6.369999885559082,6.510000228881836,6.400000095367432,6.400000095367432,6.400000095367432,10345133
HELI.CA,Real Estate,2026-06-30 21:00:00,6.400000095367432,6.5,6.409999847412109,6.429999828338623,6.429999828338623,10011393
HELI.CA,Real Estate,2026-07-04 21:00:00,6.429999828338623,6.639999866485596,6.449999809265137,6.639999866485596,6.639999866485596,18280645
HELI.CA,Real Estate,2026-07-05 21:00:00,6.639999866485596,6.829999923706055,6.679999828338623,6.769999980926514,6.769999980926514,47214129
HELI.CA,Real Estate,2026-07-06 21:00:00,6.769999980926514,6.840000152587891,6.659999847412109,6.710000038146973,6.710000038146973,26554470
HELI.CA,Real Estate,2026-07-07 21:00:00,6.710000038146973,6.909999847412109,6.690000057220459,6.829999923706055,6.829999923706055,41534988
HELI.CA,Real Estate,2026-07-08 21:00:00,6.829999923706055,7.449999809265137,6.829999923706055,7.329999923706055,7.329999923706055,86606907
HELI.CA,Real Estate,2026-07-11 21:00:00,7.329999923706055,7.619999885559082,7.239999771118164,7.460000038146973,7.460000038146973,26748851
HELI.CA,Real Estate,2026-07-12 21:00:00,7.460000038146973,7.460000038146973,7.28000020980835,7.349999904632568,7.349999904632568,15823610
HELI.CA,Real Estate,2026-07-13 21:00:00,7.349999904632568,7.46999979019165,7.320000171661377,7.349999904632568,7.349999904632568,17129531
HELI.CA,Real Estate,2026-07-14 21:00:00,7.349999904632568,7.769999980926514,7.400000095367432,7.739999771118164,7.739999771118164,30182709
HELI.CA,Real Estate,2026-07-15 21:00:00,7.739999771118164,7.960000038146973,7.710000038146973,7.78000020980835,7.78000020980835,40613245
HELI.CA,Real Estate,2026-07-18 21:00:00,7.78000020980835,8.0,7.730000019073486,7.949999809265137,7.949999809265137,14691381
HELI.CA,Real Estate,2026-07-19 21:00:00,7.949999809265137,8.140000343322754,7.860000133514404,8.119999885559082,8.119999885559082,23390199
HELI.CA,Real Estate,2026-07-20 21:00:00,8.119999885559082,8.399999618530273,8.100000381469727,8.3100004196167,8.3100004196167,20018076
HELI.CA,Real Estate,2026-07-21 21:00:00,8.3100004196167,8.390000343322754,8.210000038146973,8.270000457763672,8.270000457763672,18930259
HELI.CA,Real Estate,2026-07-25 21:00:00,8.270000457763672,8.470000267028809,8.270000457763672,8.300000190734863,8.300000190734863,11159293
HELI.CA,Real Estate,2026-07-26 21:00:00,8.300000190734863,8.420000076293945,8.15999984741211,8.300000190734863,8.300000190734863,17876565
HELI.CA,Real Estate,2026-07-27 21:00:00,8.300000190734863,8.460000038146973,8.15999984741211,8.15999984741211,8.15999984741211,29807010
HELI.CA,Real Estate,2026-07-28 21:00:00,8.15999984741211,8.5,7.860000133514404,8.40999984741211,8.40999984741211,36204577
HELI.CA,Real Estate,2026-07-29 21:00:00,8.40999984741211,8.600000381469727,8.1899995803833,8.199999809265137,8.199999809265137,28689142
HELI.CA,Real Estate,2026-08-01 21:00:00,8.199999809265137,8.529999732971191,8.199999809265137,8.420000076293945,8.420000076293945,21909749
HELI.CA,Real Estate,2026-08-02 21:00:00,8.420000076293945,8.649999618530273,8.319999694824219,8.399999618530273,8.399999618530273,25149973
HELI.CA,Real Estate,2026-08-03 21:00:00,8.399999618530273,8.529999732971191,8.1899995803833,8.270000457763672,8.270000457763672,12083649
HELI.CA,Real Estate,2026-08-04 21:00:00,8.270000457763672,8.399999618530273,8.25,8.279999732971191,8.279999732971191,15458178
HELI.CA,Real Estate,2026-08-05 21:00:00,8.279999732971191,8.350000381469727,8.170000076293945,8.210000038146973,8.210000038146973,12131901
