symbol,sector,raw_date_utc,open,high,low,close,adj_close,volume
MASR.CA,Real Estate,2022-01-01 22:00:00,2.272373914718628,2.2957210540771484,2.264591932296753,2.272373914718628,1.9136828184127808,3768505
MASR.CA,Real Estate,2022-01-02 22:00:00,2.272373914718628,2.2879390716552734,2.241245985031128,2.249027967453003,1.8940222263336182,4213710
MASR.CA,Real Estate,2022-01-03 22:00:00,2.249027967453003,2.3268489837646484,2.249027967453003,2.2957210540771484,1.9333447217941284,9889099
MASR.CA,Real Estate,2022-01-04 22:00:00,2.2957210540771484,2.420233964920044,2.2957210540771484,2.389106035232544,2.011989116668701,26269068
MASR.CA,Real Estate,2022-01-08 22:00:00,2.389106035232544,2.389106035232544,2.389106035232544,2.389106035232544,2.011989116668701,0
MASR.CA,Real Estate,2022-01-09 22:00:00,2.381324052810669,2.412451982498169,2.35019588470459,2.357978105545044,1.9857746362686157,11212592
MASR.CA,Real Estate,2022-01-10 22:00:00,2.357978105545044,2.381324052810669,2.272373914718628,2.3035030364990234,1.9398984909057617,3374157
MASR.CA,Real Estate,2022-01-11 22:00:00,2.3035030364990234,2.3424129486083984,2.241245985031128,2.249027967453003,1.8940222263336182,5414661
MASR.CA,Real Estate,2022-01-12 22:00:00,2.249027967453003,2.256809949874878,2.1400790214538574,2.1556429862976074,1.815377950668335,5553206
MASR.CA,Real Estate,2022-01-15 22:00:00,2.1556429862976074,2.1789889335632324,2.093385934829712,2.124514102935791,1.7891627550125122,3444986
MASR.CA,Real Estate,2022-01-16 22:00:00,2.124514102935791,2.1867709159851074,2.093385934829712,2.1322970390319824,1.7957171201705933,4045665
MASR.CA,Real Estate,2022-01-17 22:00:00,2.1322970390319824,2.1867709159851074,2.124514102935791,2.1556429862976074,1.815377950668335,3540424
MASR.CA,Real Estate,2022-01-18 22:00:00,2.1556429862976074,2.1789889335632324,2.093385934829712,2.116731882095337,1.7826088666915894,5288973
MASR.CA,Real Estate,2022-01-19 22:00:00,2.116731882095337,2.1400790214538574,2.093385934829712,2.124514102935791,1.7891627550125122,2406840
MASR.CA,Real Estate,2022-01-22 22:00:00,2.124514102935791,2.1478610038757324,2.0544750690460205,2.070039987564087,1.7432873249053955,3425823
MASR.CA,Real Estate,2022-01-23 22:00:00,2.070039987564087,2.085603952407837,2.0155649185180664,2.0544750690460205,1.7301791906356812,2105206
MASR.CA,Real Estate,2022-01-24 22:00:00,2.0544750690460205,2.108949899673462,2.062258005142212,2.085603952407837,1.756394386291504,2133166
MASR.CA,Real Estate,2022-01-25 22:00:00,2.085603952407837,2.1945528984069824,2.062258005142212,2.1478610038757324,1.8088243007659912,7318407
MASR.CA,Real Estate,2022-01-29 22:00:00,2.1478610038757324,2.1789889335632324,2.116731882095337,2.124514102935791,1.7891627550125122,2309998
MASR.CA,Real Estate,2022-01-30 22:00:00,2.124514102935791,2.233464002609253,2.108949899673462,2.210118055343628,1.8612542152404785,7001449
MASR.CA,Real Estate,2022-01-31 22:00:00,2.210118055343628,2.2957210540771484,2.210118055343628,2.2879390716552734,1.9267913103103638,16922649
MASR.CA,Real Estate,2022-02-01 22:00:00,2.2879390716552734,2.3035030364990234,2.264591932296753,2.272373914718628,1.9136828184127808,4282653
MASR.CA,Real Estate,2022-02-02 22:00:00,2.272373914718628,2.2801570892333984,2.1712069511413574,2.1789889335632324,1.8350387811660767,8229647
MASR.CA,Real Estate,2022-02-05 22:00:00,2.1789889335632324,2.3035030364990234,2.1712069511413574,2.2801570892333984,1.92023766040802,8605937
MASR.CA,Real Estate,2022-02-06 22:00:00,2.2801570892333984,2.3112850189208984,2.210118055343628,2.249027967453003,1.8940222263336182,8668216
MASR.CA,Real Estate,2022-02-07 22:00:00,2.249027967453003,2.256809949874878,2.1867709159851074,2.202336072921753,1.8547005653381348,3214873
MASR.CA,Real Estate,2022-02-08 22:00:00,2.202336072921753,2.264591932296753,2.210118055343628,2.249027967453003,1.8940222263336182,6502278
MASR.CA,Real Estate,2022-02-09 22:00:00,2.249027967453003,2.249027967453003,2.116731882095337,2.1322970390319824,1.7957171201705933,7969305
MASR.CA,Real Estate,2022-02-12 22:00:00,2.1322970390319824,2.157257080078125,2.005713939666748,2.0681140422821045,1.741665244102478,5600742
MASR.CA,Real Estate,2022-02-13 22:00:00,2.0681140422821045,2.1215999126434326,1.916571021080017,1.978971004486084,1.6665934324264526,9678949
MASR.CA,Real Estate,2022-02-14 22:00:00,1.978971004486084,2.005713939666748,1.8363419771194458,1.8987419605255127,1.5990283489227295,16142218
MASR.CA,Real Estate,2022-02-15 22:00:00,1.8987419605255127,1.9254850149154663,1.8809139728546143,1.8898279666900635,1.5915215015411377,7476691
MASR.CA,Real Estate,2022-02-16 22:00:00,1.8898279666900635,1.9076570272445679,1.871999979019165,1.8898279666900635,1.5915215015411377,2593376
MASR.CA,Real Estate,2022-02-19 22:00:00,1.8898279666900635,1.871999979019165,1.8095999956130981,1.8185139894485474,1.5314642190933228,6239273
MASR.CA,Real Estate,2022-02-20 22:00:00,1.8185139894485474,1.8541710376739502,1.8095999956130981,1.8363419771194458,1.5464781522750854,2683354
MASR.CA,Real Estate,2022-02-21 22:00:00,1.8363419771194458,1.8363419771194458,1.773941993713379,1.7917710542678833,1.508942723274231,3911525
MASR.CA,Real Estate,2022-02-22 22:00:00,1.7917710542678833,1.8185139894485474,1.7828569412231445,1.7917710542678833,1.508942723274231,3712762
MASR.CA,Real Estate,2022-02-23 22:00:00,1.7917710542678833,1.7472000122070312,1.6491420269012451,1.711542010307312,1.4413776397705078,5897296
MASR.CA,Real Estate,2022-02-26 22:00:00,1.711542010307312,1.8087079524993896,1.7472000122070312,1.7596800327301025,1.481917142868042,2076786
MASR.CA,Real Estate,2022-02-27 22:00:00,1.7596800327301025,1.7525479793548584,1.7124340534210205,1.7177820205688477,1.4466326236724854,1784709
MASR.CA,Real Estate,2022-02-28 22:00:00,1.7177820205688477,1.773941993713379,1.7213480472564697,1.7596800327301025,1.481917142868042,3070662
MASR.CA,Real Estate,2022-03-01 22:00:00,1.7596800327301025,1.773941993713379,1.740067958831787,1.7561140060424805,1.4789141416549683,4085943
MASR.CA,Real Estate,2022-03-02 22:00:00,1.7561140060424805,1.7828569412231445,1.7561140060424805,1.7766170501708984,1.496180772781372,5318459
MASR.CA,Real Estate,2022-03-05 22:00:00,1.7766170501708984,1.781074047088623,1.7623540163040161,1.7668110132217407,1.4879225492477417,2420074
MASR.CA,Real Estate,2022-03-06 22:00:00,1.7668110132217407,1.7650279998779297,1.711542010307312,1.7507649660110474,1.4744093418121338,3246834
MASR.CA,Real Estate,2022-03-07 22:00:00,1.7507649660110474,1.7507649660110474,1.7507649660110474,1.7507649660110474,1.4744093418121338,0
MASR.CA,Real Estate,2022-03-08 22:00:00,1.6758849620819092,1.7026280164718628,1.6473599672317505,1.6785600185394287,1.4136018753051758,2517151
MASR.CA,Real Estate,2022-03-09 22:00:00,1.6785600185394287,1.711542010307312,1.6509250402450562,1.6999540328979492,1.4316186904907227,2517050
MASR.CA,Real Estate,2022-03-12 22:00:00,1.6999540328979492,1.738284945487976,1.6954970359802246,1.7266969680786133,1.4541404247283936,4566702
MASR.CA,Real Estate,2022-03-13 22:00:00,1.7266969680786133,1.7480909824371338,1.7266969680786133,1.7480909824371338,1.4721574783325195,1896242
MASR.CA,Real Estate,2022-03-14 22:00:00,1.7480909824371338,1.7463079690933228,1.7026280164718628,1.7061940431594849,1.4368737936019897,1618220
MASR.CA,Real Estate,2022-03-15 22:00:00,1.7061940431594849,1.8541710376739502,1.7124340534210205,1.8336679935455322,1.5442261695861816,6202956
MASR.CA,Real Estate,2022-03-16 22:00:00,1.8336679935455322,1.9192450046539307,1.8408000469207764,1.9103310108184814,1.6087881326675415,7251177
MASR.CA,Real Estate,2022-03-19 22:00:00,1.9103310108184814,1.9878849983215332,1.916571021080017,1.934399962425232,1.629057765007019,1848544
MASR.CA,Real Estate,2022-03-20 22:00:00,1.934399962425232,2.273142099380493,1.916571021080017,2.130513906478882,1.7942155599594116,15337794
MASR.CA,Real Estate,2022-03-21 22:00:00,2.130513906478882,2.317713975906372,2.139427900314331,2.1483418941497803,1.8092291355133057,15515678
MASR.CA,Real Estate,2022-03-22 22:00:00,2.1483418941497803,2.2285709381103516,2.1037709712982178,2.2107419967651367,1.8617796897888184,5612256
MASR.CA,Real Estate,2022-03-23 22:00:00,2.2107419967651367,2.282057046890259,2.1483418941497803,2.184000015258789,1.8392589092254639,6355104
MASR.CA,Real Estate,2022-03-26 22:00:00,2.184000015258789,2.2018280029296875,2.1215999126434326,2.139427900314331,1.8017224073410034,5169658
MASR.CA,Real Estate,2022-03-27 22:00:00,2.139427900314331,2.139427900314331,1.9878849983215332,2.0502851009368896,1.726650595664978,2333875
MASR.CA,Real Estate,2022-03-28 22:00:00,2.0502851009368896,2.1215999126434326,2.0146279335021973,2.0413711071014404,1.7191437482833862,3282080
MASR.CA,Real Estate,2022-03-29 22:00:00,2.0413711071014404,2.1215999126434326,1.9700570106506348,1.9967999458312988,1.681607961654663,3595269
MASR.CA,Real Estate,2022-03-30 22:00:00,1.9967999458312988,2.0146279335021973,1.916571021080017,1.9433139562606812,1.6365647315979004,2131707
MASR.CA,Real Estate,2022-04-02 22:00:00,1.9433139562606812,2.0592000484466553,1.9700570106506348,2.032457113265991,1.7116367816925049,2295101
MASR.CA,Real Estate,2022-04-03 22:00:00,2.032457113265991,2.1750850677490234,2.0502851009368896,2.157257080078125,1.816737174987793,15197858
MASR.CA,Real Estate,2022-04-04 22:00:00,2.157257080078125,2.2285709381103516,2.1037709712982178,2.1215999126434326,1.7867085933685303,13663676
MASR.CA,Real Estate,2022-04-05 22:00:00,2.1215999126434326,2.184000015258789,2.085942029953003,2.112684965133667,1.779200792312622,8477029
MASR.CA,Real Estate,2022-04-06 22:00:00,2.112684965133667,2.1215999126434326,1.9967999458312988,2.005713939666748,1.6891148090362549,9227081
MASR.CA,Real Estate,2022-04-09 22:00:00,2.005713939666748,2.005713939666748,1.8630850315093994,1.8898279666900635,1.5915215015411377,5485598
MASR.CA,Real Estate,2022-04-10 22:00:00,1.8898279666900635,1.9433139562606812,1.8095999956130981,1.8185139894485474,1.5314642190933228,3285264
MASR.CA,Real Estate,2022-04-11 22:00:00,1.8185139894485474,1.8987419605255127,1.8185139894485474,1.8898279666900635,1.5915215015411377,2137782
MASR.CA,Real Estate,2022-04-12 22:00:00,1.8898279666900635,1.916571021080017,1.8541710376739502,1.871999979019165,1.5765074491500854,2352545
MASR.CA,Real Estate,2022-04-13 22:00:00,1.871999979019165,1.871999979019165,1.8185139894485474,1.8274279832839966,1.538971185684204,1921462
MASR.CA,Real Estate,2022-04-16 22:00:00,1.8274279832839966,1.8630850315093994,1.738284945487976,1.7650279998779297,1.4864208698272705,2421105
MASR.CA,Real Estate,2022-04-17 22:00:00,1.7650279998779297,1.8006850481033325,1.711542010307312,1.7650279998779297,1.4864208698272705,3039808
MASR.CA,Real Estate,2022-04-18 22:00:00,1.7650279998779297,1.8809139728546143,1.7828569412231445,1.8630850315093994,1.5689997673034668,3513896
MASR.CA,Real Estate,2022-04-19 22:00:00,1.8630850315093994,1.9076570272445679,1.8363419771194458,1.8987419605255127,1.5990283489227295,2674649
MASR.CA,Real Estate,2022-04-20 22:00:00,1.8987419605255127,2.0413711071014404,1.8987419605255127,2.0235419273376465,1.7041288614273071,6399453
MASR.CA,Real Estate,2022-04-25 22:00:00,2.0235419273376465,2.0502851009368896,1.9522279500961304,1.9967999458312988,1.681607961654663,1659446
MASR.CA,Real Estate,2022-04-26 22:00:00,1.9967999458312988,2.032457113265991,1.9433139562606812,1.9611419439315796,1.6515785455703735,2492440
MASR.CA,Real Estate,2022-04-27 22:00:00,1.9611419439315796,2.2018280029296875,1.9700570106506348,2.139427900314331,1.8017224073410034,13559925
MASR.CA,Real Estate,2022-05-07 22:00:00,2.139427900314331,2.290971040725708,2.0592000484466553,2.2553141117095947,1.8993163108825684,22975530
MASR.CA,Real Estate,2022-05-08 22:00:00,2.2553141117095947,2.317713975906372,2.139427900314331,2.166171073913574,1.8242441415786743,15087216
MASR.CA,Real Estate,2022-05-09 22:00:00,2.166171073913574,2.184000015258789,2.0948569774627686,2.130513906478882,1.7942155599594116,16290196
MASR.CA,Real Estate,2022-05-10 22:00:00,2.130513906478882,2.157257080078125,2.0770280361175537,2.0948569774627686,1.7641868591308594,7488202
MASR.CA,Real Estate,2022-05-11 22:00:00,2.0948569774627686,2.0948569774627686,1.9700570106506348,2.0502851009368896,1.726650595664978,10391164
MASR.CA,Real Estate,2022-05-14 22:00:00,2.0502851009368896,2.085942029953003,1.978971004486084,2.005713939666748,1.6891148090362549,4982022
MASR.CA,Real Estate,2022-05-15 22:00:00,2.005713939666748,2.0413711071014404,1.934399962425232,2.005713939666748,1.6891148090362549,11451040
MASR.CA,Real Estate,2022-05-16 22:00:00,2.005713939666748,2.0502851009368896,1.9700570106506348,1.9878849983215332,1.6741002798080444,5923048
MASR.CA,Real Estate,2022-05-17 22:00:00,1.9878849983215332,2.0146279335021973,1.978971004486084,1.978971004486084,1.6665934324264526,8285283
MASR.CA,Real Estate,2022-05-18 22:00:00,1.978971004486084,1.9878849983215332,1.934399962425232,1.978971004486084,1.6665934324264526,4905515
MASR.CA,Real Estate,2022-05-21 22:00:00,1.978971004486084,1.9967999458312988,1.9522279500961304,1.9522279500961304,1.6440716981887817,1818772
MASR.CA,Real Estate,2022-05-22 22:00:00,1.9522279500961304,2.032457113265991,1.9700570106506348,2.005713939666748,1.6891148090362549,8382167
MASR.CA,Real Estate,2022-05-23 22:00:00,2.005713939666748,2.0413711071014404,1.934399962425232,1.9433139562606812,1.6365647315979004,3916383
MASR.CA,Real Estate,2022-05-24 22:00:00,1.9433139562606812,1.9611419439315796,1.8630850315093994,1.871999979019165,1.5765074491500854,2531567
MASR.CA,Real Estate,2022-05-25 22:00:00,1.871999979019165,1.8987419605255127,1.773941993713379,1.7917710542678833,1.508942723274231,12398009
MASR.CA,Real Estate,2022-05-28 22:00:00,1.7917710542678833,1.8095999956130981,1.7472000122070312,1.7650279998779297,1.4864208698272705,2808571
MASR.CA,Real Estate,2022-05-29 22:00:00,1.7650279998779297,1.8541710376739502,1.7650279998779297,1.8274279832839966,1.538971185684204,3438364
MASR.CA,Real Estate,2022-05-30 22:00:00,1.8274279832839966,1.8809139728546143,1.8185139894485474,1.8541710376739502,1.561492919921875,4460133
MASR.CA,Real Estate,2022-05-31 22:00:00,1.8541710376739502,1.871999979019165,1.8095999956130981,1.8274279832839966,1.538971185684204,2424406
MASR.CA,Real Estate,2022-06-01 22:00:00,1.8274279832839966,1.9700570106506348,1.773941993713379,1.9433139562606812,1.6365647315979004,6546985
MASR.CA,Real Estate,2022-06-04 22:00:00,1.9433139562606812,1.9433139562606812,1.9433139562606812,1.9433139562606812,1.6365647315979004,0
MASR.CA,Real Estate,2022-06-05 22:00:00,1.916571021080017,2.0413711071014404,1.916571021080017,2.0146279335021973,1.6966218948364258,12071642
MASR.CA,Real Estate,2022-06-06 22:00:00,2.0146279335021973,2.0592000484466553,1.9967999458312988,2.0413711071014404,1.7191437482833862,10034986
MASR.CA,Real Estate,2022-06-07 22:00:00,2.0413711071014404,2.157257080078125,2.0502851009368896,2.130513906478882,1.7942155599594116,25700962
MASR.CA,Real Estate,2022-06-08 22:00:00,2.130513906478882,2.166171073913574,2.0770280361175537,2.1215999126434326,1.7867085933685303,7819685
MASR.CA,Real Estate,2022-06-11 22:00:00,2.1215999126434326,2.2196569442749023,2.0235419273376465,2.184000015258789,1.8392589092254639,15779150
MASR.CA,Real Estate,2022-06-12 22:00:00,2.184000015258789,2.184000015258789,2.032457113265991,2.0592000484466553,1.7341582775115967,15253537
MASR.CA,Real Estate,2022-06-13 22:00:00,2.0592000484466553,2.139427900314331,1.9433139562606812,2.0770280361175537,1.749172329902649,38720950
MASR.CA,Real Estate,2022-06-14 22:00:00,2.0770280361175537,2.264228105545044,2.166171073913574,2.2285709381103516,1.8767942190170288,32170235
MASR.CA,Real Estate,2022-06-15 22:00:00,2.2285709381103516,2.273142099380493,2.1750850677490234,2.1750850677490234,1.8317511081695557,11028897
MASR.CA,Real Estate,2022-06-18 22:00:00,2.1750850677490234,2.2018280029296875,2.139427900314331,2.1483418941497803,1.8092291355133057,6201053
MASR.CA,Real Estate,2022-06-19 22:00:00,2.1483418941497803,2.2998850345611572,2.130513906478882,2.282057046890259,1.9218376874923706,13973517
MASR.CA,Real Estate,2022-06-20 22:00:00,2.282057046890259,2.317713975906372,2.2285709381103516,2.2553141117095947,1.8993163108825684,12939068
MASR.CA,Real Estate,2022-06-21 22:00:00,2.2553141117095947,2.273142099380493,2.184000015258789,2.184000015258789,1.8392589092254639,7065474
MASR.CA,Real Estate,2022-06-22 22:00:00,2.184000015258789,2.1750850677490234,2.085942029953003,2.0948569774627686,1.7641868591308594,9746056
MASR.CA,Real Estate,2022-06-25 22:00:00,2.0948569774627686,2.290971040725708,2.130513906478882,2.282057046890259,1.9218376874923706,30737021
MASR.CA,Real Estate,2022-06-26 22:00:00,2.282057046890259,2.2998850345611572,2.184000015258789,2.2018280029296875,1.8542728424072266,15187092
MASR.CA,Real Estate,2022-06-27 22:00:00,2.2018280029296875,2.2018280029296875,2.0948569774627686,2.1929140090942383,1.8467657566070557,11013675
MASR.CA,Real Estate,2022-06-28 22:00:00,2.1929140090942383,2.282057046890259,2.1750850677490234,2.237484931945801,1.8843011856079102,18198352
MASR.CA,Real Estate,2022-07-02 22:00:00,2.237484931945801,2.273142099380493,2.184000015258789,2.237484931945801,1.8843011856079102,11343797
MASR.CA,Real Estate,2022-07-03 22:00:00,2.237484931945801,2.2553141117095947,2.130513906478882,2.2285709381103516,1.8767942190170288,14344983
MASR.CA,Real Estate,2022-07-04 22:00:00,2.2285709381103516,2.6742849349975586,2.308799982070923,2.4068570137023926,2.026937961578369,59173423
MASR.CA,Real Estate,2022-07-05 22:00:00,2.4068570137023926,2.469257116317749,2.3801140785217285,2.442513942718506,2.056966781616211,19661763
MASR.CA,Real Estate,2022-07-06 22:00:00,2.442513942718506,2.5227420330047607,2.2998850345611572,2.317713975906372,1.9518662691116333,50381926
MASR.CA,Real Estate,2022-07-16 22:00:00,2.317713975906372,2.3890280723571777,2.2285709381103516,2.3890280723571777,2.0119235515594482,25441438
MASR.CA,Real Estate,2022-07-17 22:00:00,2.3890280723571777,2.5583999156951904,2.415771007537842,2.5583999156951904,2.1545603275299072,45093302
MASR.CA,Real Estate,2022-07-18 22:00:00,2.5583999156951904,2.549484968185425,2.3712000846862793,2.469257116317749,2.079488515853882,64455957
MASR.CA,Real Estate,2022-07-19 22:00:00,2.469257116317749,2.594057083129883,2.4781711101531982,2.585141897201538,2.1770811080932617,36259803
MASR.CA,Real Estate,2022-07-20 22:00:00,2.585141897201538,2.6653709411621094,2.585141897201538,2.585141897201538,2.1770811080932617,27090113
MASR.CA,Real Estate,2022-07-23 22:00:00,2.585141897201538,2.629714012145996,2.5673139095306396,2.594057083129883,2.18458890914917,10141002
MASR.CA,Real Estate,2022-07-24 22:00:00,2.594057083129883,2.620800018310547,2.5316569805145264,2.549484968185425,2.147052526473999,10630232
MASR.CA,Real Estate,2022-07-25 22:00:00,2.549484968185425,2.576227903366089,2.5138280391693115,2.5316569805145264,2.1320385932922363,13045039
MASR.CA,Real Estate,2022-07-26 22:00:00,2.5316569805145264,2.5316569805145264,2.4603419303894043,2.4781711101531982,2.0869956016540527,9910405
MASR.CA,Real Estate,2022-07-27 22:00:00,2.4781711101531982,2.576227903366089,2.451427936553955,2.5405709743499756,2.139545440673828,10586789
MASR.CA,Real Estate,2022-07-30 22:00:00,2.5405709743499756,2.585141897201538,2.549484968185425,2.5583999156951904,2.1545603275299072,8425042
MASR.CA,Real Estate,2022-07-31 22:00:00,2.5583999156951904,2.576227903366089,2.4781711101531982,2.4870851039886475,2.0945024490356445,14121952
MASR.CA,Real Estate,2022-08-01 22:00:00,2.4870851039886475,2.496000051498413,2.442513942718506,2.4603419303894043,2.0719807147979736,17464317
MASR.CA,Real Estate,2022-08-02 22:00:00,2.4603419303894043,2.5227420330047607,2.469257116317749,2.496000051498413,2.1020102500915527,15452575
MASR.CA,Real Estate,2022-08-03 22:00:00,2.496000051498413,2.5799999237060547,2.5199999809265137,2.569999933242798,2.1643292903900146,21276934
MASR.CA,Real Estate,2022-08-06 22:00:00,2.569999933242798,2.6500000953674316,2.559999942779541,2.630000114440918,2.214858293533325,24469823
MASR.CA,Real Estate,2022-08-07 22:00:00,2.630000114440918,2.6700000762939453,2.5799999237060547,2.5999999046325684,2.18959379196167,18445059
MASR.CA,Real Estate,2022-08-08 22:00:00,2.5999999046325684,2.619999885559082,2.5299999713897705,2.5399999618530273,2.1390645503997803,8782308
MASR.CA,Real Estate,2022-08-09 22:00:00,2.5399999618530273,2.5799999237060547,2.509999990463257,2.5199999809265137,2.1222219467163086,10472011
MASR.CA,Real Estate,2022-08-10 22:00:00,2.5199999809265137,2.549999952316284,2.509999990463257,2.5399999618530273,2.1390645503997803,7450282
MASR.CA,Real Estate,2022-08-13 22:00:00,2.5399999618530273,2.5999999046325684,2.5299999713897705,2.549999952316284,2.1474862098693848,19202424
MASR.CA,Real Estate,2022-08-14 22:00:00,2.549999952316284,2.559999942779541,2.4800000190734863,2.490000009536743,2.096957206726074,13822823
MASR.CA,Real Estate,2022-08-15 22:00:00,2.490000009536743,2.5299999713897705,2.390000104904175,2.4000000953674316,2.0211634635925293,32252631
MASR.CA,Real Estate,2022-08-16 22:00:00,2.4000000953674316,2.5999999046325684,2.390000104904175,2.5799999237060547,2.17275071144104,53006830
MASR.CA,Real Estate,2022-08-17 22:00:00,2.5799999237060547,2.5799999237060547,2.5799999237060547,2.5799999237060547,2.17275071144104,0
MASR.CA,Real Estate,2022-08-20 22:00:00,2.619999885559082,2.6700000762939453,2.609999895095825,2.640000104904175,2.2232799530029297,15457344
MASR.CA,Real Estate,2022-08-21 22:00:00,2.640000104904175,2.990000009536743,2.5899999141693115,2.990000009536743,2.518033027648926,54675162
MASR.CA,Real Estate,2022-08-22 22:00:00,2.990000009536743,2.990000009536743,2.990000009536743,2.990000009536743,2.518033027648926,0
MASR.CA,Real Estate,2022-08-23 22:00:00,2.9100000858306885,3.049999952316284,2.9100000858306885,2.940000057220459,2.4759254455566406,36058529
MASR.CA,Real Estate,2022-08-24 22:00:00,2.940000057220459,3.2899999618530273,2.950000047683716,3.2100000381469727,2.703306198120117,51852070
MASR.CA,Real Estate,2022-08-27 22:00:00,3.2100000381469727,3.4200000762939453,3.1700000762939453,3.309999942779541,2.7875213623046875,52438573
MASR.CA,Real Estate,2022-08-28 22:00:00,3.309999942779541,3.359999895095825,3.059999942779541,3.0799999237060547,2.5938265323638916,37533299
MASR.CA,Real Estate,2022-08-29 22:00:00,3.0799999237060547,3.130000114440918,3.009999990463257,3.049999952316284,2.5685620307922363,42182752
MASR.CA,Real Estate,2022-08-30 22:00:00,3.049999952316284,3.0999999046325684,2.9000000953674316,2.940000057220459,2.4759254455566406,26436190
MASR.CA,Real Estate,2022-08-31 22:00:00,2.940000057220459,3.0199999809265137,2.880000114440918,2.9200000762939453,2.4590823650360107,17996061
MASR.CA,Real Estate,2022-09-03 22:00:00,2.9200000762939453,3.0999999046325684,2.9000000953674316,3.0799999237060547,2.5938265323638916,21239097
MASR.CA,Real Estate,2022-09-04 22:00:00,3.0799999237060547,3.190000057220459,3.0799999237060547,3.109999895095825,2.6190907955169678,29250254
MASR.CA,Real Estate,2022-09-05 22:00:00,3.109999895095825,3.2799999713897705,3.119999885559082,3.2300000190734863,2.720149278640747,34380761
MASR.CA,Real Estate,2022-09-06 22:00:00,3.2300000190734863,3.259999990463257,3.130000114440918,3.180000066757202,2.678041696548462,24151393
MASR.CA,Real Estate,2022-09-07 22:00:00,3.180000066757202,3.3399999141693115,3.190000057220459,3.2899999618530273,2.7706785202026367,24410171
MASR.CA,Real Estate,2022-09-10 22:00:00,3.2899999618530273,3.380000114440918,3.259999990463257,3.259999990463257,2.7454140186309814,21556234
MASR.CA,Real Estate,2022-09-11 22:00:00,3.259999990463257,3.299999952316284,3.2300000190734863,3.2300000190734863,2.720149278640747,16836584
MASR.CA,Real Estate,2022-09-12 22:00:00,3.2300000190734863,3.299999952316284,3.190000057220459,3.200000047683716,2.694884777069092,16472631
MASR.CA,Real Estate,2022-09-13 22:00:00,3.200000047683716,3.190000057220459,3.0799999237060547,3.0899999141693115,2.602248191833496,14565657
MASR.CA,Real Estate,2022-09-14 22:00:00,3.0899999141693115,3.140000104904175,3.0299999713897705,3.069999933242798,2.585405111312866,13441817
MASR.CA,Real Estate,2022-09-17 22:00:00,3.069999933242798,3.0799999237060547,2.759999990463257,2.8499999046325684,2.4001314640045166,17235340
MASR.CA,Real Estate,2022-09-18 22:00:00,2.8499999046325684,2.950000047683716,2.7799999713897705,2.9200000762939453,2.4590823650360107,14960062
MASR.CA,Real Estate,2022-09-19 22:00:00,2.9200000762939453,3.059999942779541,2.869999885559082,3.049999952316284,2.5685620307922363,18485034
MASR.CA,Real Estate,2022-09-20 22:00:00,3.049999952316284,3.140000104904175,2.8399999141693115,2.8399999141693115,2.391710042953491,33025417
MASR.CA,Real Estate,2022-09-21 22:00:00,2.8399999141693115,2.7799999713897705,2.6500000953674316,2.7100000381469727,2.2822306156158447,35687708
MASR.CA,Real Estate,2022-09-24 22:00:00,2.7100000381469727,2.740000009536743,2.630000114440918,2.640000104904175,2.2232799530029297,16524936
MASR.CA,Real Estate,2022-09-25 22:00:00,2.640000104904175,2.740000009536743,2.6500000953674316,2.6700000762939453,2.248544454574585,16639677
MASR.CA,Real Estate,2022-09-26 22:00:00,2.6700000762939453,2.7699999809265137,2.680000066757202,2.7699999809265137,2.3327596187591553,16147427
MASR.CA,Real Estate,2022-09-27 22:00:00,2.7699999809265137,2.799999952316284,2.680000066757202,2.700000047683716,2.2738091945648193,13929751
MASR.CA,Real Estate,2022-09-28 22:00:00,2.700000047683716,2.740000009536743,2.680000066757202,2.690000057220459,2.265387535095215,7915731
MASR.CA,Real Estate,2022-10-01 22:00:00,2.690000057220459,2.700000047683716,2.5199999809265137,2.569999933242798,2.1643292903900146,12607985
MASR.CA,Real Estate,2022-10-02 22:00:00,2.569999933242798,2.609999895095825,2.5199999809265137,2.5799999237060547,2.17275071144104,7365340
MASR.CA,Real Estate,2022-10-03 22:00:00,2.5799999237060547,2.690000057220459,2.619999885559082,2.6500000953674316,2.231701612472534,13445405
MASR.CA,Real Estate,2022-10-04 22:00:00,2.6500000953674316,2.690000057220459,2.5899999141693115,2.619999885559082,2.2064368724823,8440457
MASR.CA,Real Estate,2022-10-08 22:00:00,2.619999885559082,2.619999885559082,2.5399999618530273,2.549999952316284,2.1474862098693848,4361054
MASR.CA,Real Estate,2022-10-09 22:00:00,2.549999952316284,2.630000114440918,2.549999952316284,2.559999942779541,2.1559078693389893,9895560
MASR.CA,Real Estate,2022-10-10 22:00:00,2.559999942779541,2.5899999141693115,2.4700000286102295,2.490000009536743,2.096957206726074,7978269
MASR.CA,Real Estate,2022-10-11 22:00:00,2.490000009536743,2.5299999713897705,2.4600000381469727,2.4700000286102295,2.0801143646240234,6378061
MASR.CA,Real Estate,2022-10-12 22:00:00,2.4700000286102295,2.5399999618530273,2.4800000190734863,2.5199999809265137,2.1222219467163086,10540086
MASR.CA,Real Estate,2022-10-15 22:00:00,2.5199999809265137,2.619999885559082,2.5299999713897705,2.619999885559082,2.2064368724823,10181612
MASR.CA,Real Estate,2022-10-16 22:00:00,2.619999885559082,2.680000066757202,2.5999999046325684,2.6500000953674316,2.231701612472534,10211555
MASR.CA,Real Estate,2022-10-17 22:00:00,2.6500000953674316,2.680000066757202,2.5899999141693115,2.609999895095825,2.1980154514312744,7105539
MASR.CA,Real Estate,2022-10-18 22:00:00,2.609999895095825,2.630000114440918,2.569999933242798,2.569999933242798,2.1643292903900146,4774896
MASR.CA,Real Estate,2022-10-19 22:00:00,2.569999933242798,2.6500000953674316,2.569999933242798,2.630000114440918,2.214858293533325,4836376
MASR.CA,Real Estate,2022-10-22 22:00:00,2.630000114440918,2.690000057220459,2.640000104904175,2.640000104904175,2.2232799530029297,9255818
MASR.CA,Real Estate,2022-10-23 22:00:00,2.640000104904175,2.6700000762939453,2.5899999141693115,2.609999895095825,2.1980154514312744,6905066
MASR.CA,Real Estate,2022-10-24 22:00:00,2.609999895095825,2.75,2.549999952316284,2.7200000286102295,2.290651798248291,19394580
MASR.CA,Real Estate,2022-10-25 22:00:00,2.7200000286102295,2.7200000286102295,2.7200000286102295,2.7200000286102295,2.290651798248291,0
MASR.CA,Real Estate,2022-10-26 22:00:00,2.759999990463257,2.8499999046325684,2.7200000286102295,2.7200000286102295,2.290651798248291,30800117
MASR.CA,Real Estate,2022-10-29 22:00:00,2.7200000286102295,2.819999933242798,2.700000047683716,2.740000009536743,2.3074951171875,25921239
MASR.CA,Real Estate,2022-10-30 22:00:00,2.740000009536743,2.7699999809265137,2.7200000286102295,2.7699999809265137,2.3327596187591553,9955707
MASR.CA,Real Estate,2022-10-31 22:00:00,2.7699999809265137,2.9000000953674316,2.799999952316284,2.9000000953674316,2.44223952293396,36704541
MASR.CA,Real Estate,2022-11-01 22:00:00,2.9000000953674316,2.930000066757202,2.7799999713897705,2.7799999713897705,2.3411812782287598,22194695
MASR.CA,Real Estate,2022-11-02 22:00:00,2.7799999713897705,2.809999942779541,2.7200000286102295,2.740000009536743,2.3074951171875,15723322
MASR.CA,Real Estate,2022-11-05 22:00:00,2.740000009536743,2.809999942779541,2.690000057220459,2.759999990463257,2.324337959289551,13779077
MASR.CA,Real Estate,2022-11-06 22:00:00,2.759999990463257,2.8499999046325684,2.759999990463257,2.799999952316284,2.3580238819122314,11248959
MASR.CA,Real Estate,2022-11-07 22:00:00,2.799999952316284,2.8299999237060547,2.7300000190734863,2.75,2.3159162998199463,11786329
MASR.CA,Real Estate,2022-11-08 22:00:00,2.75,2.9000000953674316,2.7300000190734863,2.859999895095825,2.408553123474121,28504144
MASR.CA,Real Estate,2022-11-09 22:00:00,2.859999895095825,2.9700000286102295,2.859999895095825,2.9200000762939453,2.4590823650360107,23086550
MASR.CA,Real Estate,2022-11-12 22:00:00,2.9200000762939453,3.009999990463257,2.940000057220459,2.950000047683716,2.484346866607666,17217317
MASR.CA,Real Estate,2022-11-13 22:00:00,2.950000047683716,2.9800000190734863,2.869999885559082,2.9600000381469727,2.4927685260772705,20073899
MASR.CA,Real Estate,2022-11-14 22:00:00,2.9600000381469727,3.0199999809265137,2.940000057220459,2.950000047683716,2.484346866607666,11732947
MASR.CA,Real Estate,2022-11-15 22:00:00,2.950000047683716,3.049999952316284,2.950000047683716,3.009999990463257,2.5348758697509766,28004436
MASR.CA,Real Estate,2022-11-16 22:00:00,3.009999990463257,3.059999942779541,2.940000057220459,2.950000047683716,2.484346866607666,18409208
MASR.CA,Real Estate,2022-11-19 22:00:00,2.950000047683716,2.9800000190734863,2.9100000858306885,2.930000066757202,2.467503786087036,8620724
MASR.CA,Real Estate,2022-11-20 22:00:00,2.930000066757202,2.950000047683716,2.869999885559082,2.880000114440918,2.425396203994751,12992921
MASR.CA,Real Estate,2022-11-21 22:00:00,2.880000114440918,3.0,2.869999885559082,2.9800000190734863,2.509611129760742,16291985
MASR.CA,Real Estate,2022-11-22 22:00:00,2.9800000190734863,3.0399999618530273,2.950000047683716,2.950000047683716,2.484346866607666,18287382
MASR.CA,Real Estate,2022-11-23 22:00:00,2.950000047683716,3.0,2.950000047683716,3.0,2.5264546871185303,11578495
MASR.CA,Real Estate,2022-11-26 22:00:00,3.0,3.0799999237060547,2.990000009536743,3.0399999618530273,2.560140371322632,20906668
MASR.CA,Real Estate,2022-11-27 22:00:00,3.0399999618530273,3.0799999237060547,2.9700000286102295,2.9800000190734863,2.509611129760742,15056828
MASR.CA,Real Estate,2022-11-28 22:00:00,2.9800000190734863,3.069999933242798,2.9700000286102295,3.0199999809265137,2.543297290802002,20450451
MASR.CA,Real Estate,2022-11-29 22:00:00,3.0199999809265137,3.140000104904175,3.0199999809265137,3.069999933242798,2.585405111312866,24508313
MASR.CA,Real Estate,2022-11-30 22:00:00,3.069999933242798,3.130000114440918,3.069999933242798,3.0999999046325684,2.6106693744659424,22965801
MASR.CA,Real Estate,2022-12-03 22:00:00,3.0999999046325684,3.240000009536743,3.130000114440918,3.240000009536743,2.7285704612731934,39922000
MASR.CA,Real Estate,2022-12-04 22:00:00,3.240000009536743,3.309999942779541,3.1600000858306885,3.200000047683716,2.694884777069092,38318057
MASR.CA,Real Estate,2022-12-05 22:00:00,3.200000047683716,3.4200000762939453,3.1700000762939453,3.369999885559082,2.838050365447998,44802968
MASR.CA,Real Estate,2022-12-06 22:00:00,3.369999885559082,3.5299999713897705,3.369999885559082,3.390000104904175,2.854893684387207,42290522
MASR.CA,Real Estate,2022-12-07 22:00:00,3.390000104904175,3.450000047683716,3.359999895095825,3.369999885559082,2.838050365447998,20923249
MASR.CA,Real Estate,2022-12-10 22:00:00,3.369999885559082,3.4800000190734863,3.2699999809265137,3.2799999713897705,2.762256622314453,23665285
MASR.CA,Real Estate,2022-12-11 22:00:00,3.2799999713897705,3.390000104904175,3.2200000286102295,3.3499999046325684,2.8212075233459473,21769984
MASR.CA,Real Estate,2022-12-12 22:00:00,3.3499999046325684,3.700000047683716,3.4000000953674316,3.700000047683716,3.1159605979919434,52503407
MASR.CA,Real Estate,2022-12-13 22:00:00,3.700000047683716,3.799999952316284,3.619999885559082,3.630000114440918,3.0570099353790283,39975938
MASR.CA,Real Estate,2022-12-14 22:00:00,3.630000114440918,3.7699999809265137,3.4700000286102295,3.5,2.9475302696228027,31308896
MASR.CA,Real Estate,2022-12-17 22:00:00,3.5,3.569999933242798,3.440000057220459,3.4700000286102295,2.9222657680511475,12181966
MASR.CA,Real Estate,2022-12-18 22:00:00,3.4700000286102295,3.5299999713897705,3.359999895095825,3.430000066757202,2.8885796070098877,15238776
MASR.CA,Real Estate,2022-12-19 22:00:00,3.430000066757202,3.559999942779541,3.4200000762939453,3.440000057220459,2.897001266479492,14890969
MASR.CA,Real Estate,2022-12-20 22:00:00,3.440000057220459,3.5299999713897705,3.380000114440918,3.4600000381469727,2.913844108581543,16271436
MASR.CA,Real Estate,2022-12-21 22:00:00,3.4600000381469727,3.5199999809265137,3.380000114440918,3.380000114440918,2.8464722633361816,13097167
MASR.CA,Real Estate,2022-12-24 22:00:00,3.380000114440918,3.3499999046325684,3.1600000858306885,3.180000066757202,2.678041696548462,19405487
MASR.CA,Real Estate,2022-12-25 22:00:00,3.180000066757202,3.2799999713897705,3.1600000858306885,3.2699999809265137,2.7538352012634277,8227388
MASR.CA,Real Estate,2022-12-26 22:00:00,3.2699999809265137,3.3399999141693115,3.25,3.299999952316284,2.779099702835083,16694640
MASR.CA,Real Estate,2022-12-27 22:00:00,3.299999952316284,3.369999885559082,3.2899999618530273,3.309999942779541,2.7875213623046875,13029382
MASR.CA,Real Estate,2022-12-28 22:00:00,3.309999942779541,3.3499999046325684,3.2300000190734863,3.25,2.736992359161377,14253847
MASR.CA,Real Estate,2023-01-01 22:00:00,3.25,3.4600000381469727,3.259999990463257,3.430000066757202,2.8885796070098877,19002649
MASR.CA,Real Estate,2023-01-02 22:00:00,3.430000066757202,3.6500000953674316,3.4600000381469727,3.609999895095825,3.0401668548583984,31993184
MASR.CA,Real Estate,2023-01-03 22:00:00,3.609999895095825,3.6500000953674316,3.4200000762939453,3.569999933242798,3.0064806938171387,34287627
MASR.CA,Real Estate,2023-01-04 22:00:00,3.569999933242798,3.6700000762939453,3.549999952316284,3.619999885559082,3.0485880374908447,34305116
MASR.CA,Real Estate,2023-01-08 22:00:00,3.619999885559082,3.7200000286102295,3.5299999713897705,3.549999952316284,2.989637851715088,32908156
MASR.CA,Real Estate,2023-01-09 22:00:00,3.549999952316284,3.569999933242798,3.380000114440918,3.4100000858306885,2.871736526489258,21661981
MASR.CA,Real Estate,2023-01-10 22:00:00,3.4100000858306885,3.640000104904175,3.390000104904175,3.450000047683716,2.9054226875305176,42993834
MASR.CA,Real Estate,2023-01-11 22:00:00,3.450000047683716,3.5199999809265137,3.299999952316284,3.430000066757202,2.8885796070098877,34603254
MASR.CA,Real Estate,2023-01-14 22:00:00,3.430000066757202,3.609999895095825,3.450000047683716,3.5,2.9475302696228027,26334469
MASR.CA,Real Estate,2023-01-15 22:00:00,3.5,3.7200000286102295,3.5199999809265137,3.700000047683716,3.1159605979919434,49647141
MASR.CA,Real Estate,2023-01-16 22:00:00,3.700000047683716,3.930000066757202,3.7300000190734863,3.819999933242798,3.2170186042785645,75424714
MASR.CA,Real Estate,2023-01-17 22:00:00,3.819999933242798,3.9700000286102295,3.759999990463257,3.7799999713897705,3.1833324432373047,45312299
MASR.CA,Real Estate,2023-01-18 22:00:00,3.7799999713897705,3.819999933242798,3.7300000190734863,3.7699999809265137,3.1749110221862793,23815424
MASR.CA,Real Estate,2023-01-21 22:00:00,3.7699999809265137,3.869999885559082,3.7799999713897705,3.809999942779541,3.20859694480896,23520559
MASR.CA,Real Estate,2023-01-22 22:00:00,3.809999942779541,3.869999885559082,3.740000009536743,3.759999990463257,3.166489601135254,20445111
MASR.CA,Real Estate,2023-01-23 22:00:00,3.759999990463257,3.809999942779541,3.7300000190734863,3.7799999713897705,3.1833324432373047,13355240
MASR.CA,Real Estate,2023-01-24 22:00:00,3.7799999713897705,3.9200000762939453,3.819999933242798,3.880000114440918,3.267547845840454,37272550
MASR.CA,Real Estate,2023-01-28 22:00:00,3.880000114440918,4.03000020980835,3.890000104904175,3.9000000953674316,3.284390926361084,36190068
MASR.CA,Real Estate,2023-01-29 22:00:00,3.9000000953674316,3.940000057220459,3.6600000858306885,3.680000066757202,3.0991175174713135,28577535
MASR.CA,Real Estate,2023-01-30 22:00:00,3.680000066757202,3.700000047683716,3.509999990463257,3.5199999809265137,2.9643731117248535,25901849
MASR.CA,Real Estate,2023-01-31 22:00:00,3.5199999809265137,3.5899999141693115,3.4700000286102295,3.5399999618530273,2.9812159538269043,10446380
MASR.CA,Real Estate,2023-02-01 22:00:00,3.5399999618530273,3.5899999141693115,3.359999895095825,3.380000114440918,2.8464722633361816,14754026
MASR.CA,Real Estate,2023-02-04 22:00:00,3.380000114440918,3.430000066757202,3.200000047683716,3.359999895095825,2.8296289443969727,16429555
MASR.CA,Real Estate,2023-02-05 22:00:00,3.359999895095825,3.430000066757202,3.319999933242798,3.369999885559082,2.838050365447998,13692776
MASR.CA,Real Estate,2023-02-06 22:00:00,3.369999885559082,3.4800000190734863,3.390000104904175,3.440000057220459,2.897001266479492,11293320
MASR.CA,Real Estate,2023-02-07 22:00:00,3.440000057220459,3.4600000381469727,3.359999895095825,3.380000114440918,2.8464722633361816,7787972
MASR.CA,Real Estate,2023-02-08 22:00:00,3.380000114440918,3.5,3.380000114440918,3.490000009536743,2.9391086101531982,11600485
MASR.CA,Real Estate,2023-02-11 22:00:00,3.490000009536743,3.569999933242798,3.440000057220459,3.4800000190734863,2.930687189102173,12049710
MASR.CA,Real Estate,2023-02-12 22:00:00,3.4800000190734863,3.5299999713897705,3.4000000953674316,3.450000047683716,2.9054226875305176,9194461
MASR.CA,Real Estate,2023-02-13 22:00:00,3.450000047683716,3.640000104904175,3.4700000286102295,3.640000104904175,3.065431594848633,31549622
MASR.CA,Real Estate,2023-02-14 22:00:00,3.640000104904175,3.6700000762939453,3.5899999141693115,3.609999895095825,3.0401668548583984,16088788
MASR.CA,Real Estate,2023-02-15 22:00:00,3.609999895095825,3.640000104904175,3.5399999618530273,3.549999952316284,2.989637851715088,10171418
MASR.CA,Real Estate,2023-02-18 22:00:00,3.549999952316284,3.569999933242798,3.4600000381469727,3.4700000286102295,2.9222657680511475,5451975
MASR.CA,Real Estate,2023-02-19 22:00:00,3.4700000286102295,3.5,3.3499999046325684,3.369999885559082,2.838050365447998,7567007
MASR.CA,Real Estate,2023-02-20 22:00:00,3.369999885559082,3.440000057220459,3.319999933242798,3.430000066757202,2.8885796070098877,7428679
MASR.CA,Real Estate,2023-02-21 22:00:00,3.430000066757202,3.4600000381469727,3.299999952316284,3.319999933242798,2.795942783355713,6228946
MASR.CA,Real Estate,2023-02-22 22:00:00,3.319999933242798,3.4000000953674316,3.25,3.4000000953674316,2.8633151054382324,11246746
MASR.CA,Real Estate,2023-02-25 22:00:00,3.4000000953674316,3.490000009536743,3.4000000953674316,3.4600000381469727,2.913844108581543,8657090
MASR.CA,Real Estate,2023-02-26 22:00:00,3.4600000381469727,3.509999990463257,3.4100000858306885,3.4200000762939453,2.8801581859588623,5101592
MASR.CA,Real Estate,2023-02-27 22:00:00,3.4200000762939453,3.490000009536743,3.4000000953674316,3.450000047683716,2.9054226875305176,8008757
MASR.CA,Real Estate,2023-02-28 22:00:00,3.450000047683716,3.5799999237060547,3.4200000762939453,3.569999933242798,3.0064806938171387,11106423
MASR.CA,Real Estate,2023-03-01 22:00:00,3.569999933242798,3.5799999237060547,3.5199999809265137,3.5399999618530273,2.9812159538269043,9425312
MASR.CA,Real Estate,2023-03-04 22:00:00,3.5399999618530273,3.559999942779541,3.450000047683716,3.4600000381469727,2.913844108581543,3479514
MASR.CA,Real Estate,2023-03-05 22:00:00,3.4600000381469727,3.5899999141693115,3.4600000381469727,3.4800000190734863,2.930687189102173,8764063
MASR.CA,Real Estate,2023-03-06 22:00:00,3.4800000190734863,3.5399999618530273,3.359999895095825,3.369999885559082,2.838050365447998,5657783
MASR.CA,Real Estate,2023-03-07 22:00:00,3.369999885559082,3.4200000762939453,3.299999952316284,3.4000000953674316,2.8633151054382324,5932434
MASR.CA,Real Estate,2023-03-08 22:00:00,3.4000000953674316,3.4600000381469727,3.369999885559082,3.450000047683716,2.9054226875305176,3642060
MASR.CA,Real Estate,2023-03-11 22:00:00,3.450000047683716,3.430000066757202,3.25,3.2699999809265137,2.7538352012634277,6189953
MASR.CA,Real Estate,2023-03-12 22:00:00,3.2699999809265137,3.3299999237060547,2.9100000858306885,3.0,2.5264546871185303,12622555
MASR.CA,Real Estate,2023-03-13 22:00:00,3.0,3.0799999237060547,2.9100000858306885,3.069999933242798,2.585405111312866,12132224
MASR.CA,Real Estate,2023-03-14 22:00:00,3.069999933242798,3.119999885559082,2.630000114440918,2.7799999713897705,2.3411812782287598,9431752
MASR.CA,Real Estate,2023-03-15 22:00:00,2.7799999713897705,2.990000009536743,2.7300000190734863,2.9200000762939453,2.4590823650360107,7886284
MASR.CA,Real Estate,2023-03-18 22:00:00,2.9200000762939453,2.9600000381469727,2.809999942779541,2.9000000953674316,2.44223952293396,2846674
MASR.CA,Real Estate,2023-03-19 22:00:00,2.9000000953674316,3.049999952316284,2.8499999046325684,2.9600000381469727,2.4927685260772705,14820557
MASR.CA,Real Estate,2023-03-20 22:00:00,2.9600000381469727,3.059999942779541,2.9800000190734863,3.0299999713897705,2.5517191886901855,7668042
MASR.CA,Real Estate,2023-03-21 22:00:00,3.0299999713897705,3.0799999237060547,2.9100000858306885,2.930000066757202,2.467503786087036,8443228
MASR.CA,Real Estate,2023-03-22 22:00:00,2.930000066757202,3.009999990463257,2.9000000953674316,3.009999990463257,2.5348758697509766,4074435
MASR.CA,Real Estate,2023-03-25 22:00:00,3.009999990463257,3.1700000762939453,3.0199999809265137,3.130000114440918,2.635934352874756,16793652
MASR.CA,Real Estate,2023-03-26 22:00:00,3.130000114440918,3.1700000762939453,3.049999952316284,3.0999999046325684,2.6106693744659424,6498143
MASR.CA,Real Estate,2023-03-27 22:00:00,3.0999999046325684,3.0999999046325684,3.0,3.069999933242798,2.585405111312866,4917729
MASR.CA,Real Estate,2023-03-28 22:00:00,3.069999933242798,3.140000104904175,3.0799999237060547,3.119999885559082,2.6275126934051514,5966347
MASR.CA,Real Estate,2023-03-29 22:00:00,3.119999885559082,3.1700000762939453,3.049999952316284,3.059999942779541,2.5769834518432617,5492089
MASR.CA,Real Estate,2023-04-01 22:00:00,3.059999942779541,3.1700000762939453,3.069999933242798,3.1700000762939453,2.6696202754974365,7305829
MASR.CA,Real Estate,2023-04-02 22:00:00,3.1700000762939453,3.259999990463257,3.1500000953674316,3.2300000190734863,2.720149278640747,12452352
MASR.CA,Real Estate,2023-04-03 22:00:00,3.2300000190734863,3.440000057220459,3.25,3.440000057220459,2.897001266479492,26384300
MASR.CA,Real Estate,2023-04-04 22:00:00,3.440000057220459,3.509999990463257,3.380000114440918,3.390000104904175,2.854893684387207,12625203
MASR.CA,Real Estate,2023-04-05 22:00:00,3.390000104904175,3.4100000858306885,3.2799999713897705,3.319999933242798,2.795942783355713,8264072
MASR.CA,Real Estate,2023-04-08 22:00:00,3.319999933242798,3.380000114440918,3.2799999713897705,3.299999952316284,2.779099702835083,7181653
MASR.CA,Real Estate,2023-04-09 22:00:00,3.299999952316284,3.3499999046325684,3.299999952316284,3.3499999046325684,2.8212075233459473,6594221
MASR.CA,Real Estate,2023-04-10 22:00:00,3.3499999046325684,3.4600000381469727,3.380000114440918,3.440000057220459,2.897001266479492,16482507
MASR.CA,Real Estate,2023-04-11 22:00:00,3.440000057220459,3.4800000190734863,3.369999885559082,3.430000066757202,2.8885796070098877,15258399
MASR.CA,Real Estate,2023-04-12 22:00:00,3.430000066757202,3.4800000190734863,3.4000000953674316,3.450000047683716,2.9054226875305176,8937741
MASR.CA,Real Estate,2023-04-17 22:00:00,3.450000047683716,3.5299999713897705,3.430000066757202,3.5299999713897705,2.972794771194458,13862765
MASR.CA,Real Estate,2023-04-18 22:00:00,3.5299999713897705,3.640000104904175,3.549999952316284,3.559999942779541,2.9980592727661133,24112043
MASR.CA,Real Estate,2023-04-25 22:00:00,3.559999942779541,3.5799999237060547,3.490000009536743,3.569999933242798,3.0064806938171387,8157217
MASR.CA,Real Estate,2023-04-26 22:00:00,3.569999933242798,3.630000114440918,3.559999942779541,3.619999885559082,3.0485880374908447,22252689
MASR.CA,Real Estate,2023-04-29 21:00:00,3.619999885559082,3.7100000381469727,3.5299999713897705,3.559999942779541,2.9980592727661133,23460186
MASR.CA,Real Estate,2023-04-30 21:00:00,3.559999942779541,3.559999942779541,3.559999942779541,3.559999942779541,2.9980592727661133,0
MASR.CA,Real Estate,2023-05-01 21:00:00,3.430000066757202,3.4800000190734863,3.390000104904175,3.4200000762939453,2.8801581859588623,5102361
MASR.CA,Real Estate,2023-05-02 21:00:00,3.4200000762939453,3.4700000286102295,3.359999895095825,3.390000104904175,2.854893684387207,6165046
MASR.CA,Real Estate,2023-05-06 21:00:00,3.390000104904175,3.4000000953674316,3.3399999141693115,3.380000114440918,2.8464722633361816,5182901
MASR.CA,Real Estate,2023-05-07 21:00:00,3.380000114440918,3.490000009536743,3.380000114440918,3.4600000381469727,2.913844108581543,9123466
MASR.CA,Real Estate,2023-05-08 21:00:00,3.4600000381469727,3.5399999618530273,3.3399999141693115,3.380000114440918,2.8464722633361816,16703847
MASR.CA,Real Estate,2023-05-09 21:00:00,3.380000114440918,3.430000066757202,3.3499999046325684,3.4200000762939453,2.8801581859588623,10399512
MASR.CA,Real Estate,2023-05-10 21:00:00,3.4200000762939453,3.440000057220459,3.3499999046325684,3.369999885559082,2.838050365447998,7234864
MASR.CA,Real Estate,2023-05-13 21:00:00,3.369999885559082,3.390000104904175,3.3399999141693115,3.380000114440918,2.8464722633361816,4764082
MASR.CA,Real Estate,2023-05-14 21:00:00,3.380000114440918,3.4100000858306885,3.25,3.2899999618530273,2.7706785202026367,9861434
MASR.CA,Real Estate,2023-05-15 21:00:00,3.2899999618530273,3.299999952316284,3.25,3.2799999713897705,2.762256622314453,5359237
MASR.CA,Real Estate,2023-05-16 21:00:00,3.2799999713897705,3.3299999237060547,3.109999895095825,3.1500000953674316,2.6527769565582275,10857624
MASR.CA,Real Estate,2023-05-17 21:00:00,3.1500000953674316,3.200000047683716,3.0999999046325684,3.200000047683716,2.694884777069092,7310440
MASR.CA,Real Estate,2023-05-20 21:00:00,3.200000047683716,3.240000009536743,3.190000057220459,3.200000047683716,2.694884777069092,2874031
MASR.CA,Real Estate,2023-05-21 21:00:00,3.200000047683716,3.2699999809265137,3.180000066757202,3.190000057220459,2.6864631175994873,6644537
MASR.CA,Real Estate,2023-05-22 21:00:00,3.190000057220459,3.2200000286102295,3.1600000858306885,3.2100000381469727,2.703306198120117,3367281
MASR.CA,Real Estate,2023-05-23 21:00:00,3.2100000381469727,3.2699999809265137,3.2200000286102295,3.240000009536743,2.7285704612731934,5866741
MASR.CA,Real Estate,2023-05-24 21:00:00,3.240000009536743,3.2899999618530273,3.2200000286102295,3.25,2.736992359161377,6130164
MASR.CA,Real Estate,2023-05-27 21:00:00,3.25,3.309999942779541,3.240000009536743,3.299999952316284,2.779099702835083,6018569
MASR.CA,Real Estate,2023-05-28 21:00:00,3.299999952316284,3.380000114440918,3.2100000381469727,3.369999885559082,2.967543125152588,17778473
MASR.CA,Real Estate,2023-05-29 21:00:00,3.369999885559082,3.5,3.3299999237060547,3.5,3.0820183753967285,26775845
MASR.CA,Real Estate,2023-05-30 21:00:00,3.5,3.630000114440918,3.4700000286102295,3.490000009536743,3.0732126235961914,28809655
MASR.CA,Real Estate,2023-05-31 21:00:00,3.490000009536743,3.549999952316284,3.450000047683716,3.5199999809265137,3.0996298789978027,8566493
MASR.CA,Real Estate,2023-06-03 21:00:00,3.5199999809265137,3.6600000858306885,3.5199999809265137,3.569999933242798,3.1436586380004883,21839266
MASR.CA,Real Estate,2023-06-04 21:00:00,3.569999933242798,3.6700000762939453,3.559999942779541,3.5999999046325684,3.1700758934020996,18271329
MASR.CA,Real Estate,2023-06-05 21:00:00,3.5999999046325684,3.759999990463257,3.630000114440918,3.640000104904175,3.205298900604248,30596995
MASR.CA,Real Estate,2023-06-06 21:00:00,3.640000104904175,3.799999952316284,3.6700000762939453,3.700000047683716,3.25813364982605,30668478
MASR.CA,Real Estate,2023-06-07 21:00:00,3.700000047683716,3.7799999713897705,3.690000057220459,3.7200000286102295,3.275745153427124,9374865
MASR.CA,Real Estate,2023-06-10 21:00:00,3.7200000286102295,3.8399999141693115,3.7200000286102295,3.799999952316284,3.346191167831421,15153426
MASR.CA,Real Estate,2023-06-11 21:00:00,3.799999952316284,3.869999885559082,3.759999990463257,3.759999990463257,3.3109681606292725,4033200
MASR.CA,Real Estate,2023-06-12 21:00:00,3.759999990463257,3.799999952316284,3.680000066757202,3.690000057220459,3.2493278980255127,9829704
MASR.CA,Real Estate,2023-06-13 21:00:00,3.690000057220459,3.759999990463257,3.640000104904175,3.6500000953674316,3.2141048908233643,9569975
MASR.CA,Real Estate,2023-06-14 21:00:00,3.6500000953674316,3.690000057220459,3.549999952316284,3.5899999141693115,3.1612701416015625,6792346
MASR.CA,Real Estate,2023-06-17 21:00:00,3.5899999141693115,3.690000057220459,3.5899999141693115,3.609999895095825,3.1788816452026367,5593258
MASR.CA,Real Estate,2023-06-18 21:00:00,3.609999895095825,3.6700000762939453,3.5399999618530273,3.559999942779541,3.134852886199951,7288872
MASR.CA,Real Estate,2023-06-19 21:00:00,3.559999942779541,3.619999885559082,3.5399999618530273,3.5399999618530273,3.117241144180298,2423302
MASR.CA,Real Estate,2023-06-20 21:00:00,3.5399999618530273,3.5999999046325684,3.440000057220459,3.440000057220459,3.029183864593506,3460014
MASR.CA,Real Estate,2023-06-21 21:00:00,3.440000057220459,3.509999990463257,3.440000057220459,3.5,3.0820183753967285,2280404
MASR.CA,Real Estate,2023-06-24 21:00:00,3.5,3.549999952316284,3.430000066757202,3.430000066757202,3.0203781127929688,3230746
MASR.CA,Real Estate,2023-06-25 21:00:00,3.430000066757202,3.5899999141693115,3.440000057220459,3.5899999141693115,3.1612701416015625,5070621
MASR.CA,Real Estate,2023-07-03 21:00:00,3.5899999141693115,3.6700000762939453,3.549999952316284,3.559999942779541,3.134852886199951,6958622
MASR.CA,Real Estate,2023-07-04 21:00:00,3.559999942779541,3.700000047683716,3.5799999237060547,3.630000114440918,3.19649338722229,9205922
MASR.CA,Real Estate,2023-07-05 21:00:00,3.630000114440918,3.6700000762939453,3.559999942779541,3.559999942779541,3.134852886199951,2903272
MASR.CA,Real Estate,2023-07-08 21:00:00,3.559999942779541,3.5799999237060547,3.369999885559082,3.369999885559082,2.967543125152588,3616462
MASR.CA,Real Estate,2023-07-09 21:00:00,3.369999885559082,3.4800000190734863,3.359999895095825,3.430000066757202,3.0203781127929688,2075611
MASR.CA,Real Estate,2023-07-10 21:00:00,3.430000066757202,3.5,3.4100000858306885,3.4700000286102295,3.055601119995117,5731792
MASR.CA,Real Estate,2023-07-11 21:00:00,3.4700000286102295,3.5,3.4000000953674316,3.4100000858306885,3.0027663707733154,3178272
MASR.CA,Real Estate,2023-07-12 21:00:00,3.4100000858306885,3.4800000190734863,3.380000114440918,3.4000000953674316,2.9939608573913574,9523666
MASR.CA,Real Estate,2023-07-15 21:00:00,3.4000000953674316,3.450000047683716,3.390000104904175,3.450000047683716,3.037989616394043,7057006
MASR.CA,Real Estate,2023-07-16 21:00:00,3.450000047683716,3.5199999809265137,3.450000047683716,3.4600000381469727,3.046795129776001,11591984
MASR.CA,Real Estate,2023-07-17 21:00:00,3.4600000381469727,3.559999942779541,3.4600000381469727,3.549999952316284,3.126046895980835,9315643
MASR.CA,Real Estate,2023-07-18 21:00:00,3.549999952316284,3.549999952316284,3.549999952316284,3.549999952316284,3.126046895980835,0
MASR.CA,Real Estate,2023-07-23 21:00:00,3.5199999809265137,3.5399999618530273,3.440000057220459,3.440000057220459,3.029183864593506,3141384
MASR.CA,Real Estate,2023-07-24 21:00:00,3.440000057220459,3.490000009536743,3.380000114440918,3.380000114440918,2.976349353790283,8006561
MASR.CA,Real Estate,2023-07-25 21:00:00,3.380000114440918,3.4100000858306885,3.359999895095825,3.359999895095825,2.95873761177063,3024521
MASR.CA,Real Estate,2023-07-26 21:00:00,3.359999895095825,3.4000000953674316,3.3399999141693115,3.359999895095825,2.95873761177063,4194646
MASR.CA,Real Estate,2023-07-29 21:00:00,3.359999895095825,3.4100000858306885,3.359999895095825,3.369999885559082,2.967543125152588,2821737
MASR.CA,Real Estate,2023-07-30 21:00:00,3.369999885559082,3.440000057220459,3.359999895095825,3.4200000762939453,3.0115721225738525,5092171
MASR.CA,Real Estate,2023-07-31 21:00:00,3.4200000762939453,3.440000057220459,3.369999885559082,3.369999885559082,2.967543125152588,3569384
MASR.CA,Real Estate,2023-08-01 21:00:00,3.369999885559082,3.4000000953674316,3.3299999237060547,3.3299999237060547,2.9323201179504395,3781529
MASR.CA,Real Estate,2023-08-02 21:00:00,3.3299999237060547,3.359999895095825,3.2799999713897705,3.319999933242798,2.9235141277313232,2747691
MASR.CA,Real Estate,2023-08-05 21:00:00,3.319999933242798,3.4700000286102295,3.309999942779541,3.450000047683716,3.037989616394043,9357398
MASR.CA,Real Estate,2023-08-06 21:00:00,3.450000047683716,3.509999990463257,3.4000000953674316,3.4600000381469727,3.046795129776001,10181526
MASR.CA,Real Estate,2023-08-07 21:00:00,3.4600000381469727,3.490000009536743,3.4000000953674316,3.4100000858306885,3.0027663707733154,5374911
MASR.CA,Real Estate,2023-08-08 21:00:00,3.4100000858306885,3.569999933242798,3.4000000953674316,3.4800000190734863,3.064406633377075,15978245
MASR.CA,Real Estate,2023-08-09 21:00:00,3.4800000190734863,3.5199999809265137,3.430000066757202,3.440000057220459,3.029183864593506,5353621
MASR.CA,Real Estate,2023-08-12 21:00:00,3.440000057220459,3.5199999809265137,3.430000066757202,3.4600000381469727,3.046795129776001,5103524
MASR.CA,Real Estate,2023-08-13 21:00:00,3.4600000381469727,3.5199999809265137,3.4000000953674316,3.4000000953674316,2.9939608573913574,13053998
MASR.CA,Real Estate,2023-08-14 21:00:00,3.3440001010894775,3.440000057220459,3.4000000953674316,3.4000000953674316,2.9939608573913574,2513512
MASR.CA,Real Estate,2023-08-15 21:00:00,3.4000000953674316,3.450000047683716,3.380000114440918,3.390000104904175,2.985154867172241,2909237
MASR.CA,Real Estate,2023-08-16 21:00:00,3.390000104904175,3.4200000762939453,3.369999885559082,3.380000114440918,2.976349353790283,1975203
MASR.CA,Real Estate,2023-08-19 21:00:00,3.380000114440918,3.4600000381469727,3.380000114440918,3.390000104904175,2.985154867172241,3480949
MASR.CA,Real Estate,2023-08-20 21:00:00,3.390000104904175,3.490000009536743,3.369999885559082,3.450000047683716,3.037989616394043,4529708
MASR.CA,Real Estate,2023-08-21 21:00:00,3.450000047683716,3.5399999618530273,3.450000047683716,3.490000009536743,3.0732126235961914,12180875
MASR.CA,Real Estate,2023-08-22 21:00:00,3.490000009536743,3.5399999618530273,3.4000000953674316,3.450000047683716,3.037989616394043,8860294
MASR.CA,Real Estate,2023-08-23 21:00:00,3.450000047683716,3.450000047683716,3.3299999237060547,3.390000104904175,2.985154867172241,8311400
MASR.CA,Real Estate,2023-08-26 21:00:00,3.390000104904175,3.4200000762939453,3.359999895095825,3.390000104904175,2.985154867172241,7732870
MASR.CA,Real Estate,2023-08-27 21:00:00,3.390000104904175,3.440000057220459,3.319999933242798,3.359999895095825,2.95873761177063,6709599
MASR.CA,Real Estate,2023-08-28 21:00:00,3.359999895095825,3.4000000953674316,3.3499999046325684,3.380000114440918,2.976349353790283,4413288
MASR.CA,Real Estate,2023-08-29 21:00:00,3.380000114440918,3.390000104904175,3.309999942779541,3.3499999046325684,2.9499316215515137,8881543
MASR.CA,Real Estate,2023-08-30 21:00:00,3.3499999046325684,3.369999885559082,3.3299999237060547,3.3499999046325684,2.9499316215515137,3882168
MASR.CA,Real Estate,2023-09-02 21:00:00,3.3499999046325684,3.390000104904175,3.299999952316284,3.299999952316284,2.905902862548828,5250864
MASR.CA,Real Estate,2023-09-03 21:00:00,3.299999952316284,3.3499999046325684,3.2899999618530273,3.319999933242798,2.9235141277313232,3916335
MASR.CA,Real Estate,2023-09-04 21:00:00,3.319999933242798,3.4200000762939453,3.3399999141693115,3.3499999046325684,2.9499316215515137,7057868
MASR.CA,Real Estate,2023-09-05 21:00:00,3.3499999046325684,3.3499999046325684,3.3499999046325684,3.3499999046325684,2.9499316215515137,0
MASR.CA,Real Estate,2023-09-06 21:00:00,3.369999885559082,3.4100000858306885,3.3399999141693115,3.359999895095825,2.95873761177063,4465063
MASR.CA,Real Estate,2023-09-09 21:00:00,3.359999895095825,3.359999895095825,3.359999895095825,3.359999895095825,2.95873761177063,0
MASR.CA,Real Estate,2023-09-10 21:00:00,3.4100000858306885,3.4800000190734863,3.3299999237060547,3.3499999046325684,2.9499316215515137,21280343
MASR.CA,Real Estate,2023-09-11 21:00:00,3.3499999046325684,3.369999885559082,3.299999952316284,3.319999933242798,2.9235141277313232,8123008
MASR.CA,Real Estate,2023-09-12 21:00:00,3.319999933242798,3.3399999141693115,3.2699999809265137,3.309999942779541,2.9147088527679443,9393056
MASR.CA,Real Estate,2023-09-13 21:00:00,3.309999942779541,3.359999895095825,3.299999952316284,3.319999933242798,2.9235141277313232,13783140
MASR.CA,Real Estate,2023-09-16 21:00:00,3.319999933242798,3.359999895095825,3.309999942779541,3.319999933242798,2.9235141277313232,5801999
MASR.CA,Real Estate,2023-09-17 21:00:00,3.319999933242798,3.3399999141693115,3.299999952316284,3.319999933242798,2.9235141277313232,3660368
MASR.CA,Real Estate,2023-09-18 21:00:00,3.319999933242798,3.359999895095825,3.309999942779541,3.319999933242798,2.9235141277313232,7669376
MASR.CA,Real Estate,2023-09-19 21:00:00,3.319999933242798,3.319999933242798,3.319999933242798,3.319999933242798,2.9235141277313232,0
MASR.CA,Real Estate,2023-09-20 21:00:00,3.319999933242798,3.319999933242798,3.319999933242798,3.319999933242798,2.9235141277313232,0
MASR.CA,Real Estate,2023-09-23 21:00:00,3.319999933242798,3.319999933242798,3.319999933242798,3.319999933242798,2.9235141277313232,0
MASR.CA,Real Estate,2023-09-24 21:00:00,3.1500000953674316,3.2100000381469727,3.140000104904175,3.180000066757202,2.800233840942383,6649118
MASR.CA,Real Estate,2023-09-25 21:00:00,3.180000066757202,3.2100000381469727,3.109999895095825,3.119999885559082,2.747399091720581,10718633
MASR.CA,Real Estate,2023-09-26 21:00:00,3.119999885559082,3.119999885559082,3.119999885559082,3.119999885559082,2.747399091720581,0
MASR.CA,Real Estate,2023-09-30 21:00:00,3.119999885559082,3.119999885559082,3.119999885559082,3.119999885559082,2.747399091720581,0
MASR.CA,Real Estate,2023-10-01 21:00:00,2.9800000190734863,3.009999990463257,2.809999942779541,2.930000066757202,2.580089569091797,17024784
MASR.CA,Real Estate,2023-10-02 21:00:00,2.930000066757202,2.9600000381469727,2.8499999046325684,2.9000000953674316,2.5536725521087646,6709970
MASR.CA,Real Estate,2023-10-03 21:00:00,2.9000000953674316,2.940000057220459,2.869999885559082,2.9200000762939453,2.571284055709839,4792077
MASR.CA,Real Estate,2023-10-07 21:00:00,2.9200000762939453,2.930000066757202,2.6600000858306885,2.8299999237060547,2.492032051086426,12516773
MASR.CA,Real Estate,2023-10-08 21:00:00,2.8299999237060547,2.859999895095825,2.7899999618530273,2.809999942779541,2.4744203090667725,4672148
MASR.CA,Real Estate,2023-10-09 21:00:00,2.809999942779541,2.8499999046325684,2.809999942779541,2.8299999237060547,2.492032051086426,4422796
MASR.CA,Real Estate,2023-10-10 21:00:00,2.8299999237060547,2.869999885559082,2.799999952316284,2.799999952316284,2.4656145572662354,7219970
MASR.CA,Real Estate,2023-10-11 21:00:00,2.799999952316284,3.109999895095825,2.9000000953674316,3.0299999713897705,2.668147325515747,43664555
MASR.CA,Real Estate,2023-10-14 21:00:00,3.0299999713897705,3.049999952316284,2.930000066757202,2.930000066757202,2.580089569091797,13500348
MASR.CA,Real Estate,2023-10-15 21:00:00,2.930000066757202,2.9800000190734863,2.890000104904175,2.950000047683716,2.597701072692871,13250817
MASR.CA,Real Estate,2023-10-16 21:00:00,2.950000047683716,3.0899999141693115,2.9600000381469727,3.049999952316284,2.6857588291168213,15985170
MASR.CA,Real Estate,2023-10-17 21:00:00,3.049999952316284,3.0999999046325684,3.009999990463257,3.0199999809265137,2.659341335296631,11567591
MASR.CA,Real Estate,2023-10-18 21:00:00,3.0199999809265137,3.0199999809265137,3.0199999809265137,3.0199999809265137,2.659341335296631,0
MASR.CA,Real Estate,2023-10-21 21:00:00,3.0199999809265137,3.1500000953674316,3.009999990463257,3.130000114440918,2.7562050819396973,10515036
MASR.CA,Real Estate,2023-10-22 21:00:00,3.130000114440918,3.1600000858306885,3.049999952316284,3.0799999237060547,2.7121760845184326,13827914
MASR.CA,Real Estate,2023-10-23 21:00:00,3.0799999237060547,3.140000104904175,3.009999990463257,3.0399999618530273,2.676953077316284,8788499
MASR.CA,Real Estate,2023-10-24 21:00:00,3.0399999618530273,3.25,3.0399999618530273,3.2100000381469727,2.826651096343994,23465890
MASR.CA,Real Estate,2023-10-25 21:00:00,3.2100000381469727,3.380000114440918,3.2300000190734863,3.369999885559082,2.967543125152588,36405492
MASR.CA,Real Estate,2023-10-28 22:00:00,3.369999885559082,3.430000066757202,3.319999933242798,3.4000000953674316,2.9939608573913574,26813107
MASR.CA,Real Estate,2023-10-29 22:00:00,3.4000000953674316,3.450000047683716,3.3299999237060547,3.359999895095825,2.95873761177063,10559150
MASR.CA,Real Estate,2023-10-30 22:00:00,3.359999895095825,3.359999895095825,3.200000047683716,3.200000047683716,2.817845344543457,10922522
MASR.CA,Real Estate,2023-10-31 22:00:00,3.200000047683716,3.240000009536743,3.109999895095825,3.1600000858306885,2.7826220989227295,7554519
MASR.CA,Real Estate,2023-11-01 22:00:00,3.1600000858306885,3.2699999809265137,3.180000066757202,3.25,2.8618741035461426,8825691
MASR.CA,Real Estate,2023-11-04 22:00:00,3.25,3.369999885559082,3.2699999809265137,3.3299999237060547,2.9323201179504395,9837108
MASR.CA,Real Estate,2023-11-05 22:00:00,3.3299999237060547,3.5,3.3299999237060547,3.430000066757202,3.0203781127929688,32385538
MASR.CA,Real Estate,2023-11-06 22:00:00,3.430000066757202,3.5799999237060547,3.440000057220459,3.549999952316284,3.126046895980835,47792380
MASR.CA,Real Estate,2023-11-07 22:00:00,3.549999952316284,3.609999895095825,3.450000047683716,3.4600000381469727,3.046795129776001,15982719
MASR.CA,Real Estate,2023-11-08 22:00:00,3.4600000381469727,3.609999895095825,3.4600000381469727,3.5,3.0820183753967285,25250530
MASR.CA,Real Estate,2023-11-11 22:00:00,3.5,3.5999999046325684,3.450000047683716,3.4800000190734863,3.064406633377075,16622398
MASR.CA,Real Estate,2023-11-12 22:00:00,3.4800000190734863,3.5399999618530273,3.450000047683716,3.4600000381469727,3.046795129776001,9160190
MASR.CA,Real Estate,2023-11-13 22:00:00,3.4600000381469727,3.619999885559082,3.450000047683716,3.559999942779541,3.134852886199951,18667141
MASR.CA,Real Estate,2023-11-14 22:00:00,3.559999942779541,3.759999990463257,3.569999933242798,3.7200000286102295,3.275745153427124,46333294
MASR.CA,Real Estate,2023-11-15 22:00:00,3.7200000286102295,3.7899999618530273,3.680000066757202,3.690000057220459,3.2493278980255127,12178859
MASR.CA,Real Estate,2023-11-18 22:00:00,3.690000057220459,3.75,3.619999885559082,3.630000114440918,3.19649338722229,11973319
MASR.CA,Real Estate,2023-11-19 22:00:00,3.630000114440918,3.680000066757202,3.509999990463257,3.5399999618530273,3.117241144180298,23619200
MASR.CA,Real Estate,2023-11-20 22:00:00,3.5399999618530273,3.609999895095825,3.450000047683716,3.5999999046325684,3.1700758934020996,14417792
MASR.CA,Real Estate,2023-11-21 22:00:00,3.5999999046325684,3.759999990463257,3.630000114440918,3.75,3.3021626472473145,23967147
MASR.CA,Real Estate,2023-11-22 22:00:00,3.75,3.8299999237060547,3.7200000286102295,3.7200000286102295,3.275745153427124,16071504
MASR.CA,Real Estate,2023-11-25 22:00:00,3.7200000286102295,3.819999933242798,3.690000057220459,3.7200000286102295,3.275745153427124,17771856
MASR.CA,Real Estate,2023-11-26 22:00:00,3.7200000286102295,4.019999980926514,3.690000057220459,3.9800000190734863,3.504695177078247,42051159
MASR.CA,Real Estate,2023-11-27 22:00:00,3.9800000190734863,4.010000228881836,3.859999895095825,3.869999885559082,3.4078314304351807,17524331
MASR.CA,Real Estate,2023-11-28 22:00:00,3.869999885559082,3.930000066757202,3.799999952316284,3.880000114440918,3.416637659072876,15473066
MASR.CA,Real Estate,2023-11-29 22:00:00,3.880000114440918,4.059999942779541,3.8499999046325684,4.0,3.5223066806793213,26043779
MASR.CA,Real Estate,2023-12-02 22:00:00,4.0,4.349999904632568,4.03000020980835,4.269999980926514,3.7600622177124023,30064415
MASR.CA,Real Estate,2023-12-03 22:00:00,4.269999980926514,4.46999979019165,4.190000057220459,4.440000057220459,3.9097602367401123,20604914
MASR.CA,Real Estate,2023-12-04 22:00:00,4.440000057220459,4.480000019073486,4.320000171661377,4.369999885559082,3.8481202125549316,10849662
MASR.CA,Real Estate,2023-12-05 22:00:00,4.369999885559082,4.650000095367432,4.320000171661377,4.449999809265137,3.9185657501220703,26966891
MASR.CA,Real Estate,2023-12-06 22:00:00,4.449999809265137,4.440000057220459,4.010000228881836,4.320000171661377,3.804091453552246,14879881
MASR.CA,Real Estate,2023-12-09 22:00:00,4.320000171661377,4.630000114440918,4.320000171661377,4.489999771118164,3.953788995742798,23517365
MASR.CA,Real Estate,2023-12-10 22:00:00,4.489999771118164,4.539999961853027,4.349999904632568,4.349999904632568,3.8305084705352783,11674573
MASR.CA,Real Estate,2023-12-11 22:00:00,4.349999904632568,4.449999809265137,4.099999904632568,4.130000114440918,3.636781692504883,12921537
MASR.CA,Real Estate,2023-12-12 22:00:00,4.130000114440918,4.320000171661377,4.150000095367432,4.289999961853027,3.7776739597320557,7262895
MASR.CA,Real Estate,2023-12-13 22:00:00,4.289999961853027,4.389999866485596,4.25,4.25,3.742450714111328,5413266
MASR.CA,Real Estate,2023-12-16 22:00:00,4.25,4.320000171661377,4.25,4.260000228881836,3.7512569427490234,2631533
MASR.CA,Real Estate,2023-12-17 22:00:00,4.260000228881836,4.429999828338623,4.289999961853027,4.340000152587891,3.8217031955718994,8259573
MASR.CA,Real Estate,2023-12-18 22:00:00,4.340000152587891,4.420000076293945,4.230000019073486,4.230000019073486,3.724839210510254,4674916
MASR.CA,Real Estate,2023-12-19 22:00:00,4.230000019073486,4.300000190734863,4.130000114440918,4.159999847412109,3.663198709487915,3872370
MASR.CA,Real Estate,2023-12-20 22:00:00,4.159999847412109,4.25,4.0,4.019999980926514,3.5399181842803955,11126511
MASR.CA,Real Estate,2023-12-23 22:00:00,4.019999980926514,4.019999980926514,4.019999980926514,4.019999980926514,3.5399181842803955,0
MASR.CA,Real Estate,2023-12-24 22:00:00,3.8499999046325684,3.890000104904175,3.7699999809265137,3.8499999046325684,3.3902199268341064,6902980
MASR.CA,Real Estate,2023-12-25 22:00:00,3.8499999046325684,3.930000066757202,3.799999952316284,3.819999933242798,3.363802909851074,9644692
MASR.CA,Real Estate,2023-12-26 22:00:00,3.819999933242798,4.0,3.819999933242798,3.9100000858306885,3.4430549144744873,8768225
MASR.CA,Real Estate,2023-12-27 22:00:00,3.9100000858306885,4.130000114440918,3.9200000762939453,4.099999904632568,3.6103641986846924,6079298
MASR.CA,Real Estate,2023-12-30 22:00:00,4.099999904632568,4.190000057220459,4.019999980926514,4.059999942779541,3.575141191482544,4338550
MASR.CA,Real Estate,2024-01-01 22:00:00,4.059999942779541,4.230000019073486,4.070000171661377,4.170000076293945,3.6720046997070312,3932999
MASR.CA,Real Estate,2024-01-02 22:00:00,4.170000076293945,4.21999979019165,4.150000095367432,4.159999847412109,3.663198709487915,2787019
MASR.CA,Real Estate,2024-01-03 22:00:00,4.159999847412109,4.25,4.170000076293945,4.179999828338623,3.6808102130889893,5772378
MASR.CA,Real Estate,2024-01-07 22:00:00,4.179999828338623,4.349999904632568,4.150000095367432,4.349999904632568,3.8305084705352783,6890809
MASR.CA,Real Estate,2024-01-08 22:00:00,4.349999904632568,4.400000095367432,4.300000190734863,4.349999904632568,3.8305084705352783,5450305
MASR.CA,Real Estate,2024-01-09 22:00:00,4.349999904632568,4.380000114440918,4.199999809265137,4.239999771118164,3.733644723892212,5725873
MASR.CA,Real Estate,2024-01-10 22:00:00,4.239999771118164,4.269999980926514,4.119999885559082,4.159999847412109,3.663198709487915,9824408
MASR.CA,Real Estate,2024-01-13 22:00:00,4.159999847412109,4.28000020980835,4.150000095367432,4.28000020980835,3.7688682079315186,8568187
MASR.CA,Real Estate,2024-01-14 22:00:00,4.28000020980835,4.429999828338623,4.230000019073486,4.230000019073486,3.724839210510254,16544204
MASR.CA,Real Estate,2024-01-15 22:00:00,4.230000019073486,4.329999923706055,4.239999771118164,4.28000020980835,3.7688682079315186,10957748
MASR.CA,Real Estate,2024-01-16 22:00:00,4.28000020980835,4.349999904632568,4.199999809265137,4.199999809265137,3.6984217166900635,10536119
MASR.CA,Real Estate,2024-01-17 22:00:00,4.199999809265137,4.260000228881836,4.190000057220459,4.210000038146973,3.7072277069091797,5361488
MASR.CA,Real Estate,2024-01-20 22:00:00,4.210000038146973,4.309999942779541,4.21999979019165,4.28000020980835,3.7688682079315186,9871885
MASR.CA,Real Estate,2024-01-21 22:00:00,4.28000020980835,4.360000133514404,4.25,4.269999980926514,3.7600622177124023,16215614
MASR.CA,Real Estate,2024-01-22 22:00:00,4.269999980926514,4.289999961853027,4.179999828338623,4.179999828338623,3.6808102130889893,10242222
MASR.CA,Real Estate,2024-01-23 22:00:00,4.179999828338623,4.210000038146973,4.130000114440918,4.159999847412109,3.663198709487915,6948293
MASR.CA,Real Estate,2024-01-27 22:00:00,4.159999847412109,4.25,4.139999866485596,4.150000095367432,3.654393196105957,5023974
MASR.CA,Real Estate,2024-01-28 22:00:00,4.150000095367432,4.260000228881836,4.150000095367432,4.170000076293945,3.6720046997070312,8697408
MASR.CA,Real Estate,2024-01-29 22:00:00,4.170000076293945,4.21999979019165,4.139999866485596,4.159999847412109,3.663198709487915,12738558
MASR.CA,Real Estate,2024-01-30 22:00:00,4.159999847412109,4.25,3.700000047683716,3.7200000286102295,3.275745153427124,25240790
MASR.CA,Real Estate,2024-01-31 22:00:00,3.7200000286102295,3.9700000286102295,3.609999895095825,3.950000047683716,3.4782779216766357,14900762
MASR.CA,Real Estate,2024-02-03 22:00:00,3.950000047683716,4.21999979019165,3.880000114440918,4.21999979019165,3.7160332202911377,15231072
MASR.CA,Real Estate,2024-02-04 22:00:00,4.21999979019165,4.610000133514404,4.239999771118164,4.449999809265137,3.9185657501220703,50285196
MASR.CA,Real Estate,2024-02-05 22:00:00,4.449999809265137,4.789999961853027,4.349999904632568,4.710000038146973,4.147515773773193,36180946
MASR.CA,Real Estate,2024-02-06 22:00:00,4.710000038146973,4.71999979019165,4.449999809265137,4.550000190734863,4.006624221801758,21563923
MASR.CA,Real Estate,2024-02-07 22:00:00,4.550000190734863,4.909999847412109,4.5,4.909999847412109,4.323631286621094,40374227
MASR.CA,Real Estate,2024-02-10 22:00:00,4.909999847412109,5.150000095367432,4.75,4.829999923706055,4.253185272216797,38413216
MASR.CA,Real Estate,2024-02-11 22:00:00,4.829999923706055,4.940000057220459,4.699999809265137,4.809999942779541,4.235573768615723,21272009
MASR.CA,Real Estate,2024-02-12 22:00:00,4.809999942779541,4.920000076293945,4.789999961853027,4.789999961853027,4.217962265014648,7585009
MASR.CA,Real Estate,2024-02-13 22:00:00,4.789999961853027,4.949999809265137,4.699999809265137,4.860000133514404,4.279602527618408,14523916
MASR.CA,Real Estate,2024-02-14 22:00:00,4.860000133514404,5.150000095367432,4.869999885559082,5.110000133514404,4.499746799468994,26752536
MASR.CA,Real Estate,2024-02-17 22:00:00,5.110000133514404,5.110000133514404,5.110000133514404,5.110000133514404,4.499746799468994,0
MASR.CA,Real Estate,2024-02-18 22:00:00,5.170000076293945,5.300000190734863,5.03000020980835,5.300000190734863,4.667056560516357,15810553
MASR.CA,Real Estate,2024-02-19 22:00:00,5.300000190734863,5.360000133514404,5.199999809265137,5.210000038146973,4.587804317474365,10949178
MASR.CA,Real Estate,2024-02-20 22:00:00,5.210000038146973,5.570000171661377,5.010000228881836,5.340000152587891,4.702279567718506,33182444
MASR.CA,Real Estate,2024-02-21 22:00:00,5.340000152587891,5.380000114440918,5.170000076293945,5.210000038146973,4.587804317474365,10631992
MASR.CA,Real Estate,2024-02-24 22:00:00,5.210000038146973,5.739999771118164,4.800000190734863,5.159999847412109,4.54377555847168,47819163
MASR.CA,Real Estate,2024-02-25 22:00:00,5.159999847412109,5.400000095367432,5.0,5.039999961853027,4.438106536865234,28708409
MASR.CA,Real Estate,2024-02-26 22:00:00,5.039999961853027,5.329999923706055,5.059999942779541,5.090000152587891,4.48213529586792,44883842
MASR.CA,Real Estate,2024-02-27 22:00:00,5.090000152587891,5.25,4.800000190734863,4.829999923706055,4.253185272216797,17647489
MASR.CA,Real Estate,2024-02-28 22:00:00,4.829999923706055,4.900000095367432,4.5,4.610000133514404,4.0594587326049805,30393274
MASR.CA,Real Estate,2024-03-02 22:00:00,4.610000133514404,4.730000019073486,4.559999942779541,4.599999904632568,4.050652980804443,11126661
MASR.CA,Real Estate,2024-03-03 22:00:00,4.599999904632568,4.989999771118164,4.659999847412109,4.869999885559082,4.288408279418945,34729165
MASR.CA,Real Estate,2024-03-04 22:00:00,4.869999885559082,5.190000057220459,4.659999847412109,4.849999904632568,4.270796298980713,33560843
MASR.CA,Real Estate,2024-03-05 22:00:00,4.849999904632568,4.800000190734863,4.260000228881836,4.369999885559082,3.8481202125549316,61049528
MASR.CA,Real Estate,2024-03-06 22:00:00,4.369999885559082,4.420000076293945,4.110000133514404,4.21999979019165,3.7160332202911377,22424729
MASR.CA,Real Estate,2024-03-09 22:00:00,4.21999979019165,4.449999809265137,4.25,4.289999961853027,3.7776739597320557,24166605
MASR.CA,Real Estate,2024-03-10 22:00:00,4.289999961853027,4.349999904632568,4.110000133514404,4.130000114440918,3.636781692504883,10989221
MASR.CA,Real Estate,2024-03-11 22:00:00,4.130000114440918,4.179999828338623,3.9700000286102295,4.0,3.5223066806793213,17052062
MASR.CA,Real Estate,2024-03-12 22:00:00,4.0,4.070000171661377,3.690000057220459,3.809999942779541,3.354996919631958,28941182
MASR.CA,Real Estate,2024-03-13 22:00:00,3.809999942779541,4.0,3.7300000190734863,3.9100000858306885,3.4430549144744873,14745536
MASR.CA,Real Estate,2024-03-16 22:00:00,3.9100000858306885,4.150000095367432,3.869999885559082,3.869999885559082,3.4078314304351807,7186179
MASR.CA,Real Estate,2024-03-17 22:00:00,3.869999885559082,3.9100000858306885,3.4800000190734863,3.4800000190734863,3.064406633377075,12306766
MASR.CA,Real Estate,2024-03-18 22:00:00,3.4800000190734863,3.630000114440918,3.440000057220459,3.630000114440918,3.19649338722229,7109198
MASR.CA,Real Estate,2024-03-19 22:00:00,3.630000114440918,3.7799999713897705,3.6600000858306885,3.7100000381469727,3.266939401626587,5318394
MASR.CA,Real Estate,2024-03-20 22:00:00,3.7100000381469727,3.819999933242798,3.609999895095825,3.809999942779541,3.354996919631958,7626929
MASR.CA,Real Estate,2024-03-23 22:00:00,3.809999942779541,3.9100000858306885,3.7699999809265137,3.880000114440918,3.416637659072876,6162299
MASR.CA,Real Estate,2024-03-24 22:00:00,3.880000114440918,4.03000020980835,3.8299999237060547,4.010000228881836,3.5311126708984375,13806616
MASR.CA,Real Estate,2024-03-25 22:00:00,4.010000228881836,4.059999942779541,3.8499999046325684,3.8499999046325684,3.3902199268341064,9489720
MASR.CA,Real Estate,2024-03-26 22:00:00,3.8499999046325684,3.890000104904175,3.7100000381469727,3.7100000381469727,3.266939401626587,6797763
MASR.CA,Real Estate,2024-03-27 22:00:00,3.7100000381469727,3.7699999809265137,3.630000114440918,3.6700000762939453,3.2317161560058594,5681076
MASR.CA,Real Estate,2024-03-30 22:00:00,3.6700000762939453,3.7200000286102295,3.430000066757202,3.4700000286102295,3.055601119995117,7933280
MASR.CA,Real Estate,2024-03-31 22:00:00,3.4700000286102295,3.7300000190734863,3.5,3.7300000190734863,3.284550905227661,8670632
MASR.CA,Real Estate,2024-04-01 22:00:00,3.7300000190734863,3.809999942779541,3.6700000762939453,3.7100000381469727,3.266939401626587,7302880
MASR.CA,Real Estate,2024-04-02 22:00:00,3.7100000381469727,3.7300000190734863,3.640000104904175,3.7300000190734863,3.284550905227661,3791665
MASR.CA,Real Estate,2024-04-03 22:00:00,3.7300000190734863,3.809999942779541,3.7300000190734863,3.75,3.3021626472473145,5797440
MASR.CA,Real Estate,2024-04-06 22:00:00,3.75,3.809999942779541,3.75,3.7699999809265137,3.3197739124298096,3498647
MASR.CA,Real Estate,2024-04-07 22:00:00,3.7699999809265137,3.7899999618530273,3.740000009536743,3.7699999809265137,3.3197739124298096,3405157
MASR.CA,Real Estate,2024-04-14 22:00:00,3.7699999809265137,3.859999895095825,3.690000057220459,3.8499999046325684,3.3902199268341064,6564599
MASR.CA,Real Estate,2024-04-15 22:00:00,3.8499999046325684,3.990000009536743,3.8399999141693115,3.9800000190734863,3.504695177078247,13105903
MASR.CA,Real Estate,2024-04-16 22:00:00,3.9800000190734863,4.119999885559082,3.9700000286102295,4.099999904632568,3.6103641986846924,16325181
MASR.CA,Real Estate,2024-04-17 22:00:00,4.099999904632568,4.179999828338623,3.759999990463257,3.819999933242798,3.363802909851074,15862096
MASR.CA,Real Estate,2024-04-20 22:00:00,3.819999933242798,3.9600000381469727,3.869999885559082,3.930000066757202,3.4606664180755615,3632098
MASR.CA,Real Estate,2024-04-21 22:00:00,3.930000066757202,3.9700000286102295,3.809999942779541,3.8299999237060547,3.3726084232330322,2686977
MASR.CA,Real Estate,2024-04-22 22:00:00,3.8299999237060547,3.869999885559082,3.619999885559082,3.6500000953674316,3.2141048908233643,4584652
MASR.CA,Real Estate,2024-04-23 22:00:00,3.6500000953674316,3.6700000762939453,3.430000066757202,3.440000057220459,3.029183864593506,7911151
MASR.CA,Real Estate,2024-04-27 21:00:00,3.440000057220459,3.440000057220459,3.440000057220459,3.440000057220459,3.029183864593506,0
MASR.CA,Real Estate,2024-04-28 21:00:00,3.25,3.450000047683716,3.25,3.430000066757202,3.0203781127929688,4704417
MASR.CA,Real Estate,2024-04-29 21:00:00,3.430000066757202,3.4800000190734863,3.140000104904175,3.2100000381469727,2.826651096343994,4432815
MASR.CA,Real Estate,2024-05-01 21:00:00,3.2699999809265137,3.4600000381469727,3.240000009536743,3.359999895095825,2.95873761177063,7474884
MASR.CA,Real Estate,2024-05-06 21:00:00,3.359999895095825,3.490000009536743,3.2899999618530273,3.490000009536743,3.0732126235961914,5290536
MASR.CA,Real Estate,2024-05-07 21:00:00,3.490000009536743,3.5899999141693115,3.4200000762939453,3.440000057220459,3.029183864593506,5436195
MASR.CA,Real Estate,2024-05-08 21:00:00,3.440000057220459,3.4700000286102295,3.3299999237060547,3.380000114440918,2.976349353790283,3082156
MASR.CA,Real Estate,2024-05-11 21:00:00,3.380000114440918,3.430000066757202,3.1500000953674316,3.200000047683716,2.817845344543457,5702919
MASR.CA,Real Estate,2024-05-12 21:00:00,3.200000047683716,3.319999933242798,3.140000104904175,3.309999942779541,2.9147088527679443,5041027
MASR.CA,Real Estate,2024-05-13 21:00:00,3.309999942779541,3.3499999046325684,3.240000009536743,3.259999990463257,2.8706798553466797,4129726
MASR.CA,Real Estate,2024-05-14 21:00:00,3.259999990463257,3.3399999141693115,3.25,3.2799999713897705,2.888291358947754,4052174
MASR.CA,Real Estate,2024-05-15 21:00:00,3.2799999713897705,3.4000000953674316,3.2799999713897705,3.4000000953674316,2.9939608573913574,6658107
MASR.CA,Real Estate,2024-05-18 21:00:00,3.4000000953674316,3.4000000953674316,3.4000000953674316,3.4000000953674316,2.9939608573913574,0
MASR.CA,Real Estate,2024-05-19 21:00:00,3.5,3.569999933242798,3.4600000381469727,3.490000009536743,3.0732126235961914,5072097
MASR.CA,Real Estate,2024-05-20 21:00:00,3.490000009536743,3.5799999237060547,3.450000047683716,3.4600000381469727,3.046795129776001,9673174
MASR.CA,Real Estate,2024-05-21 21:00:00,3.4600000381469727,3.569999933242798,3.4600000381469727,3.549999952316284,3.126046895980835,6558364
MASR.CA,Real Estate,2024-05-22 21:00:00,3.549999952316284,3.759999990463257,3.5199999809265137,3.7200000286102295,3.275745153427124,22091973
MASR.CA,Real Estate,2024-05-25 21:00:00,3.7200000286102295,3.7200000286102295,3.7200000286102295,3.7200000286102295,3.275745153427124,0
MASR.CA,Real Estate,2024-05-26 21:00:00,3.880000114440918,3.9000000953674316,3.7100000381469727,3.799999952316284,3.346191167831421,14326914
MASR.CA,Real Estate,2024-05-27 21:00:00,3.799999952316284,3.740000009536743,3.630000114440918,3.7100000381469727,3.4407899379730225,10592613
MASR.CA,Real Estate,2024-05-28 21:00:00,3.7100000381469727,3.759999990463257,3.640000104904175,3.6600000858306885,3.394418239593506,10268760
MASR.CA,Real Estate,2024-05-29 21:00:00,3.6600000858306885,3.680000066757202,3.509999990463257,3.630000114440918,3.3665950298309326,8396086
MASR.CA,Real Estate,2024-06-01 21:00:00,3.630000114440918,3.6500000953674316,3.509999990463257,3.609999895095825,3.348046064376831,8400231
MASR.CA,Real Estate,2024-06-02 21:00:00,3.609999895095825,3.7699999809265137,3.609999895095825,3.75,3.4778873920440674,13706081
MASR.CA,Real Estate,2024-06-03 21:00:00,3.75,3.809999942779541,3.7100000381469727,3.7200000286102295,3.450064182281494,14674667
MASR.CA,Real Estate,2024-06-04 21:00:00,3.7200000286102295,3.759999990463257,3.609999895095825,3.6600000858306885,3.394418239593506,9951922
MASR.CA,Real Estate,2024-06-05 21:00:00,3.6600000858306885,3.690000057220459,3.5299999713897705,3.5399999618530273,3.283125638961792,11122714
MASR.CA,Real Estate,2024-06-08 21:00:00,3.5399999618530273,3.549999952316284,3.3499999046325684,3.390000104904175,3.144010305404663,6707062
MASR.CA,Real Estate,2024-06-09 21:00:00,3.390000104904175,3.4700000286102295,3.359999895095825,3.450000047683716,3.1996562480926514,4016864
MASR.CA,Real Estate,2024-06-10 21:00:00,3.450000047683716,3.549999952316284,3.4800000190734863,3.5299999713897705,3.273851156234741,6555253
MASR.CA,Real Estate,2024-06-11 21:00:00,3.5299999713897705,3.5999999046325684,3.5199999809265137,3.569999933242798,3.310948610305786,5636266
MASR.CA,Real Estate,2024-06-12 21:00:00,3.569999933242798,3.740000009536743,3.549999952316284,3.7300000190734863,3.459338665008545,9728806
MASR.CA,Real Estate,2024-06-22 21:00:00,3.7300000190734863,3.809999942779541,3.680000066757202,3.799999952316284,3.524259090423584,23207543
MASR.CA,Real Estate,2024-06-23 21:00:00,3.799999952316284,3.8499999046325684,3.759999990463257,3.759999990463257,3.487161636352539,10891604
MASR.CA,Real Estate,2024-06-24 21:00:00,3.759999990463257,3.799999952316284,3.680000066757202,3.7799999713897705,3.5057103633880615,9139692
MASR.CA,Real Estate,2024-06-25 21:00:00,3.7799999713897705,3.950000047683716,3.7899999618530273,3.859999895095825,3.5799052715301514,31336534
MASR.CA,Real Estate,2024-06-26 21:00:00,3.859999895095825,3.9600000381469727,3.8499999046325684,3.869999885559082,3.589179515838623,19491283
MASR.CA,Real Estate,2024-07-01 21:00:00,3.869999885559082,3.9200000762939453,3.799999952316284,3.8499999046325684,3.5706307888031006,9362184
MASR.CA,Real Estate,2024-07-02 21:00:00,3.8499999046325684,3.940000057220459,3.8399999141693115,3.880000114440918,3.598454236984253,8188833
MASR.CA,Real Estate,2024-07-03 21:00:00,3.880000114440918,4.03000020980835,3.880000114440918,3.930000066757202,3.6448259353637695,27188714
MASR.CA,Real Estate,2024-07-06 21:00:00,3.930000066757202,4.03000020980835,3.940000057220459,3.950000047683716,3.663374662399292,15181333
MASR.CA,Real Estate,2024-07-07 21:00:00,3.950000047683716,4.0,3.799999952316284,3.890000104904175,3.6077284812927246,12534702
MASR.CA,Real Estate,2024-07-08 21:00:00,3.890000104904175,3.930000066757202,3.8399999141693115,3.9200000762939453,3.6355514526367188,7725894
MASR.CA,Real Estate,2024-07-09 21:00:00,3.9200000762939453,4.010000228881836,3.869999885559082,3.890000104904175,3.6077284812927246,14771492
MASR.CA,Real Estate,2024-07-13 21:00:00,3.890000104904175,3.9600000381469727,3.8499999046325684,3.859999895095825,3.5799052715301514,5187522
MASR.CA,Real Estate,2024-07-14 21:00:00,3.859999895095825,3.9000000953674316,3.819999933242798,3.8399999141693115,3.56135630607605,3455118
MASR.CA,Real Estate,2024-07-15 21:00:00,3.8399999141693115,3.880000114440918,3.8299999237060547,3.859999895095825,3.5799052715301514,3451821
MASR.CA,Real Estate,2024-07-16 21:00:00,3.859999895095825,3.940000057220459,3.8499999046325684,3.930000066757202,3.6448259353637695,7237693
MASR.CA,Real Estate,2024-07-17 21:00:00,3.930000066757202,4.050000190734863,3.9600000381469727,4.010000228881836,3.7190210819244385,32481311
MASR.CA,Real Estate,2024-07-20 21:00:00,4.010000228881836,4.119999885559082,4.03000020980835,4.059999942779541,3.765392780303955,20214723
MASR.CA,Real Estate,2024-07-21 21:00:00,4.059999942779541,4.389999866485596,4.079999923706055,4.289999961853027,3.978703022003174,45183171
MASR.CA,Real Estate,2024-07-22 21:00:00,4.289999961853027,4.329999923706055,4.21999979019165,4.25,3.941605567932129,9342013
MASR.CA,Real Estate,2024-07-23 21:00:00,4.25,4.289999961853027,4.159999847412109,4.179999828338623,3.8766846656799316,5329792
MASR.CA,Real Estate,2024-07-27 21:00:00,4.179999828338623,4.199999809265137,4.119999885559082,4.150000095367432,3.8488621711730957,3546122
MASR.CA,Real Estate,2024-07-28 21:00:00,4.150000095367432,4.21999979019165,4.139999866485596,4.150000095367432,3.8488621711730957,2818675
MASR.CA,Real Estate,2024-07-29 21:00:00,4.150000095367432,4.199999809265137,4.119999885559082,4.139999866485596,3.839587450027466,5798116
MASR.CA,Real Estate,2024-07-30 21:00:00,4.139999866485596,4.159999847412109,4.119999885559082,4.139999866485596,3.839587450027466,6107161
MASR.CA,Real Estate,2024-07-31 21:00:00,4.139999866485596,4.190000057220459,4.050000190734863,4.070000171661377,3.774667263031006,13282874
MASR.CA,Real Estate,2024-08-03 21:00:00,4.070000171661377,4.019999980926514,3.8499999046325684,3.890000104904175,3.6077284812927246,7970906
MASR.CA,Real Estate,2024-08-04 21:00:00,3.890000104904175,3.819999933242798,3.5299999713897705,3.680000066757202,3.412966728210449,8016188
MASR.CA,Real Estate,2024-08-05 21:00:00,3.680000066757202,3.819999933242798,3.700000047683716,3.809999942779541,3.5335335731506348,4559318
MASR.CA,Real Estate,2024-08-06 21:00:00,3.809999942779541,3.859999895095825,3.7300000190734863,3.819999933242798,3.5428078174591064,10524398
MASR.CA,Real Estate,2024-08-07 21:00:00,3.819999933242798,3.8399999141693115,3.690000057220459,3.7100000381469727,3.4407899379730225,22454925
MASR.CA,Real Estate,2024-08-10 21:00:00,3.7100000381469727,3.799999952316284,3.7300000190734863,3.7699999809265137,3.4964358806610107,16940246
MASR.CA,Real Estate,2024-08-11 21:00:00,3.7699999809265137,3.940000057220459,3.7899999618530273,3.7899999618530273,3.5149848461151123,32090731
MASR.CA,Real Estate,2024-08-12 21:00:00,3.7899999618530273,3.8499999046325684,3.75,3.7799999713897705,3.5057103633880615,10302167
MASR.CA,Real Estate,2024-08-13 21:00:00,3.7799999713897705,3.809999942779541,3.75,3.7699999809265137,3.4964358806610107,7643363
MASR.CA,Real Estate,2024-08-14 21:00:00,3.7699999809265137,3.819999933242798,3.7799999713897705,3.799999952316284,3.524259090423584,11280661
MASR.CA,Real Estate,2024-08-17 21:00:00,3.799999952316284,3.869999885559082,3.809999942779541,3.809999942779541,3.5335335731506348,10313556
MASR.CA,Real Estate,2024-08-18 21:00:00,3.809999942779541,3.869999885559082,3.799999952316284,3.809999942779541,3.5335335731506348,8810736
MASR.CA,Real Estate,2024-08-19 21:00:00,3.809999942779541,3.9000000953674316,3.8299999237060547,3.880000114440918,3.598454236984253,9100072
MASR.CA,Real Estate,2024-08-20 21:00:00,3.880000114440918,3.9000000953674316,3.8399999141693115,3.8499999046325684,3.5706307888031006,5938860
MASR.CA,Real Estate,2024-08-21 21:00:00,3.8499999046325684,4.050000190734863,3.859999895095825,3.9800000190734863,3.6911978721618652,22473592
MASR.CA,Real Estate,2024-08-24 21:00:00,3.9800000190734863,4.139999866485596,3.990000009536743,4.03000020980835,3.737569808959961,27621650
MASR.CA,Real Estate,2024-08-25 21:00:00,4.03000020980835,4.090000152587891,3.990000009536743,4.010000228881836,3.7190210819244385,12362866
MASR.CA,Real Estate,2024-08-26 21:00:00,4.010000228881836,4.099999904632568,3.9800000190734863,4.03000020980835,3.737569808959961,9640015
MASR.CA,Real Estate,2024-08-27 21:00:00,4.03000020980835,4.099999904632568,4.010000228881836,4.050000190734863,3.7561185359954834,6759222
MASR.CA,Real Estate,2024-08-28 21:00:00,4.050000190734863,4.170000076293945,4.050000190734863,4.130000114440918,3.830313205718994,20532544
MASR.CA,Real Estate,2024-08-31 21:00:00,4.130000114440918,4.28000020980835,4.139999866485596,4.239999771118164,3.932331085205078,22630606
MASR.CA,Real Estate,2024-09-01 21:00:00,4.239999771118164,4.480000019073486,4.260000228881836,4.360000133514404,4.043623924255371,50586657
MASR.CA,Real Estate,2024-09-02 21:00:00,4.360000133514404,4.440000057220459,4.289999961853027,4.320000171661377,4.006526470184326,8014653
MASR.CA,Real Estate,2024-09-03 21:00:00,4.320000171661377,4.300000190734863,4.190000057220459,4.230000019073486,3.9230568408966064,10373293
MASR.CA,Real Estate,2024-09-04 21:00:00,4.230000019073486,4.349999904632568,4.239999771118164,4.289999961853027,3.978703022003174,8781644
MASR.CA,Real Estate,2024-09-07 21:00:00,4.289999961853027,4.360000133514404,4.179999828338623,4.21999979019165,3.9137825965881348,7298231
MASR.CA,Real Estate,2024-09-08 21:00:00,4.21999979019165,4.340000152587891,4.199999809265137,4.340000152587891,4.0250749588012695,14620645
MASR.CA,Real Estate,2024-09-09 21:00:00,4.340000152587891,4.429999828338623,4.300000190734863,4.340000152587891,4.0250749588012695,16378268
MASR.CA,Real Estate,2024-09-10 21:00:00,4.340000152587891,4.579999923706055,4.28000020980835,4.550000190734863,4.219836711883545,33148901
MASR.CA,Real Estate,2024-09-11 21:00:00,4.550000190734863,4.639999866485596,4.449999809265137,4.46999979019165,4.145641326904297,16792512
MASR.CA,Real Estate,2024-09-15 21:00:00,4.46999979019165,4.570000171661377,4.389999866485596,4.389999866485596,4.071446418762207,17728209
MASR.CA,Real Estate,2024-09-16 21:00:00,4.389999866485596,4.449999809265137,4.260000228881836,4.28000020980835,3.969428777694702,13942157
MASR.CA,Real Estate,2024-09-17 21:00:00,4.28000020980835,4.309999942779541,4.230000019073486,4.230000019073486,3.9230568408966064,10900265
MASR.CA,Real Estate,2024-09-18 21:00:00,4.230000019073486,4.320000171661377,4.21999979019165,4.21999979019165,3.9137825965881348,37860667
MASR.CA,Real Estate,2024-09-21 21:00:00,4.21999979019165,4.449999809265137,4.25,4.429999828338623,4.108543872833252,31135812
MASR.CA,Real Estate,2024-09-22 21:00:00,4.429999828338623,4.489999771118164,4.400000095367432,4.409999847412109,4.089995384216309,14097209
MASR.CA,Real Estate,2024-09-23 21:00:00,4.409999847412109,4.409999847412109,4.409999847412109,4.409999847412109,4.089995384216309,0
MASR.CA,Real Estate,2024-09-24 21:00:00,4.380000114440918,4.510000228881836,4.329999923706055,4.480000019073486,4.154915809631348,18495733
MASR.CA,Real Estate,2024-09-25 21:00:00,4.480000019073486,4.619999885559082,4.460000038146973,4.480000019073486,4.154915809631348,18328212
MASR.CA,Real Estate,2024-09-28 21:00:00,4.480000019073486,4.579999923706055,4.46999979019165,4.550000190734863,4.219836711883545,11847620
MASR.CA,Real Estate,2024-09-29 21:00:00,4.550000190734863,4.610000133514404,4.489999771118164,4.519999980926514,4.192013263702393,15993975
MASR.CA,Real Estate,2024-09-30 21:00:00,4.519999980926514,4.559999942779541,4.420000076293945,4.429999828338623,4.108543872833252,6561232
MASR.CA,Real Estate,2024-10-01 21:00:00,4.429999828338623,4.429999828338623,4.320000171661377,4.329999923706055,4.015800476074219,13663447
MASR.CA,Real Estate,2024-10-02 21:00:00,4.329999923706055,4.400000095367432,4.309999942779541,4.320000171661377,4.006526470184326,8986390
MASR.CA,Real Estate,2024-10-06 21:00:00,4.320000171661377,4.369999885559082,4.25,4.260000228881836,3.950880289077759,6022361
MASR.CA,Real Estate,2024-10-07 21:00:00,4.260000228881836,4.28000020980835,4.010000228881836,4.130000114440918,3.830313205718994,10037893
MASR.CA,Real Estate,2024-10-08 21:00:00,4.130000114440918,4.179999828338623,4.070000171661377,4.139999866485596,3.839587450027466,5477365
MASR.CA,Real Estate,2024-10-09 21:00:00,4.139999866485596,4.21999979019165,4.03000020980835,4.039999961853027,3.7468438148498535,9898052
MASR.CA,Real Estate,2024-10-12 21:00:00,4.039999961853027,4.079999923706055,3.890000104904175,3.9000000953674316,3.6170029640197754,6886010
MASR.CA,Real Estate,2024-10-13 21:00:00,3.9000000953674316,4.050000190734863,3.8499999046325684,3.9600000381469727,3.6726491451263428,4515798
MASR.CA,Real Estate,2024-10-14 21:00:00,3.9600000381469727,4.039999961853027,3.950000047683716,4.03000020980835,3.737569808959961,4109986
MASR.CA,Real Estate,2024-10-15 21:00:00,4.03000020980835,4.099999904632568,3.990000009536743,4.0,3.7097463607788086,3799885
MASR.CA,Real Estate,2024-10-16 21:00:00,4.0,4.03000020980835,3.940000057220459,3.950000047683716,3.663374662399292,3551653
MASR.CA,Real Estate,2024-10-19 21:00:00,3.950000047683716,4.0,3.8499999046325684,3.890000104904175,3.6077284812927246,2970294
MASR.CA,Real Estate,2024-10-20 21:00:00,3.890000104904175,3.990000009536743,3.8299999237060547,3.9600000381469727,3.6726491451263428,7039260
MASR.CA,Real Estate,2024-10-21 21:00:00,3.9600000381469727,4.03000020980835,3.9700000286102295,3.9700000286102295,3.6819233894348145,4635904
MASR.CA,Real Estate,2024-10-22 21:00:00,3.9700000286102295,4.110000133514404,4.0,4.050000190734863,3.7561185359954834,5661270
MASR.CA,Real Estate,2024-10-23 21:00:00,4.050000190734863,4.170000076293945,4.099999904632568,4.119999885559082,3.8210389614105225,9854204
MASR.CA,Real Estate,2024-10-26 21:00:00,4.119999885559082,4.159999847412109,4.070000171661377,4.110000133514404,3.811764717102051,2782693
MASR.CA,Real Estate,2024-10-27 21:00:00,4.110000133514404,4.139999866485596,4.050000190734863,4.099999904632568,3.802489995956421,3735751
MASR.CA,Real Estate,2024-10-28 21:00:00,4.099999904632568,4.170000076293945,4.070000171661377,4.110000133514404,3.811764717102051,5988014
MASR.CA,Real Estate,2024-10-29 21:00:00,4.110000133514404,4.150000095367432,4.050000190734863,4.110000133514404,3.811764717102051,4505790
MASR.CA,Real Estate,2024-10-30 21:00:00,4.110000133514404,4.150000095367432,4.099999904632568,4.110000133514404,3.811764717102051,5690273
MASR.CA,Real Estate,2024-11-02 22:00:00,4.110000133514404,4.170000076293945,4.130000114440918,4.130000114440918,3.830313205718994,3893523
MASR.CA,Real Estate,2024-11-03 22:00:00,4.130000114440918,4.25,4.150000095367432,4.190000057220459,3.8859593868255615,9042495
MASR.CA,Real Estate,2024-11-04 22:00:00,4.190000057220459,4.230000019073486,4.150000095367432,4.179999828338623,3.8766846656799316,5100099
MASR.CA,Real Estate,2024-11-05 22:00:00,4.179999828338623,4.210000038146973,4.159999847412109,4.179999828338623,3.8766846656799316,4554810
MASR.CA,Real Estate,2024-11-06 22:00:00,4.179999828338623,4.260000228881836,4.190000057220459,4.210000038146973,3.904508352279663,7162659
MASR.CA,Real Estate,2024-11-09 22:00:00,4.210000038146973,4.329999923706055,4.25,4.28000020980835,3.969428777694702,9515440
MASR.CA,Real Estate,2024-11-10 22:00:00,4.28000020980835,4.360000133514404,4.28000020980835,4.329999923706055,4.015800476074219,10503682
MASR.CA,Real Estate,2024-11-11 22:00:00,4.329999923706055,4.360000133514404,4.269999980926514,4.300000190734863,3.9879777431488037,5308022
MASR.CA,Real Estate,2024-11-12 22:00:00,4.300000190734863,4.329999923706055,4.239999771118164,4.239999771118164,3.932331085205078,4550531
MASR.CA,Real Estate,2024-11-13 22:00:00,4.239999771118164,4.28000020980835,4.230000019073486,4.25,3.941605567932129,3479643
MASR.CA,Real Estate,2024-11-16 22:00:00,4.25,4.28000020980835,4.190000057220459,4.199999809265137,3.895233631134033,2458937
MASR.CA,Real Estate,2024-11-17 22:00:00,4.199999809265137,4.230000019073486,4.070000171661377,4.070000171661377,3.774667263031006,6198305
MASR.CA,Real Estate,2024-11-18 22:00:00,4.070000171661377,4.099999904632568,4.019999980926514,4.03000020980835,3.737569808959961,3084519
MASR.CA,Real Estate,2024-11-19 22:00:00,4.03000020980835,4.070000171661377,4.010000228881836,4.03000020980835,3.737569808959961,3734722
MASR.CA,Real Estate,2024-11-20 22:00:00,4.03000020980835,4.079999923706055,4.019999980926514,4.039999961853027,3.7468438148498535,3569339
MASR.CA,Real Estate,2024-11-23 22:00:00,4.039999961853027,4.090000152587891,4.0,4.03000020980835,3.737569808959961,2581052
MASR.CA,Real Estate,2024-11-24 22:00:00,4.03000020980835,4.119999885559082,3.9700000286102295,4.050000190734863,3.7561185359954834,3778183
MASR.CA,Real Estate,2024-11-25 22:00:00,4.050000190734863,4.110000133514404,4.0,4.03000020980835,3.737569808959961,4709759
MASR.CA,Real Estate,2024-11-26 22:00:00,4.03000020980835,4.039999961853027,3.940000057220459,3.950000047683716,3.663374662399292,5473481
MASR.CA,Real Estate,2024-11-27 22:00:00,3.950000047683716,3.9800000190734863,3.9200000762939453,3.9700000286102295,3.6819233894348145,4711515
MASR.CA,Real Estate,2024-11-30 22:00:00,3.9700000286102295,4.059999942779541,4.0,4.050000190734863,3.7561185359954834,4367960
MASR.CA,Real Estate,2024-12-01 22:00:00,4.050000190734863,4.159999847412109,4.03000020980835,4.079999923706055,3.7839412689208984,12783478
MASR.CA,Real Estate,2024-12-02 22:00:00,4.079999923706055,4.119999885559082,4.019999980926514,4.039999961853027,3.7468438148498535,3072340
MASR.CA,Real Estate,2024-12-03 22:00:00,4.039999961853027,4.139999866485596,4.059999942779541,4.090000152587891,3.793215751647949,8937391
MASR.CA,Real Estate,2024-12-04 22:00:00,4.090000152587891,4.150000095367432,4.090000152587891,4.099999904632568,3.802489995956421,5298880
MASR.CA,Real Estate,2024-12-07 22:00:00,4.099999904632568,4.150000095367432,4.090000152587891,4.130000114440918,3.830313205718994,8692922
MASR.CA,Real Estate,2024-12-08 22:00:00,4.130000114440918,4.179999828338623,4.090000152587891,4.110000133514404,3.811764717102051,6972670
MASR.CA,Real Estate,2024-12-09 22:00:00,4.110000133514404,4.130000114440918,4.03000020980835,4.050000190734863,3.7561185359954834,4816145
MASR.CA,Real Estate,2024-12-10 22:00:00,4.050000190734863,4.090000152587891,4.03000020980835,4.039999961853027,3.7468438148498535,3064363
MASR.CA,Real Estate,2024-12-11 22:00:00,4.039999961853027,4.079999923706055,4.03000020980835,4.039999961853027,3.7468438148498535,3116071
MASR.CA,Real Estate,2024-12-14 22:00:00,4.039999961853027,4.079999923706055,4.010000228881836,4.019999980926514,3.728295087814331,2250264
MASR.CA,Real Estate,2024-12-15 22:00:00,4.019999980926514,4.059999942779541,4.010000228881836,4.019999980926514,3.728295087814331,2677158
MASR.CA,Real Estate,2024-12-16 22:00:00,4.019999980926514,4.059999942779541,3.9700000286102295,3.9800000190734863,3.6911978721618652,3136121
MASR.CA,Real Estate,2024-12-17 22:00:00,3.9800000190734863,4.010000228881836,3.930000066757202,3.930000066757202,3.6448259353637695,3785432
MASR.CA,Real Estate,2024-12-18 22:00:00,3.930000066757202,3.950000047683716,3.9000000953674316,3.9000000953674316,3.6170029640197754,3826664
MASR.CA,Real Estate,2024-12-21 22:00:00,3.9000000953674316,3.950000047683716,3.9100000858306885,3.9100000858306885,3.626277446746826,2650433
MASR.CA,Real Estate,2024-12-22 22:00:00,3.9100000858306885,3.930000066757202,3.8299999237060547,3.8499999046325684,3.5706307888031006,2910653
MASR.CA,Real Estate,2024-12-23 22:00:00,3.8499999046325684,3.869999885559082,3.809999942779541,3.859999895095825,3.5799052715301514,2678208
MASR.CA,Real Estate,2024-12-24 22:00:00,3.859999895095825,3.9000000953674316,3.859999895095825,3.859999895095825,3.5799052715301514,1482065
MASR.CA,Real Estate,2024-12-25 22:00:00,3.859999895095825,3.880000114440918,3.809999942779541,3.809999942779541,3.5335335731506348,4699196
MASR.CA,Real Estate,2024-12-28 22:00:00,3.809999942779541,3.8299999237060547,3.75,3.759999990463257,3.487161636352539,2695324
MASR.CA,Real Estate,2024-12-29 22:00:00,3.759999990463257,3.7899999618530273,3.700000047683716,3.7200000286102295,3.450064182281494,4103631
MASR.CA,Real Estate,2024-12-30 22:00:00,3.7200000286102295,3.8299999237060547,3.7200000286102295,3.809999942779541,3.5335335731506348,3618527
MASR.CA,Real Estate,2025-01-01 22:00:00,3.809999942779541,3.9800000190734863,3.799999952316284,3.9700000286102295,3.6819233894348145,4633690
MASR.CA,Real Estate,2025-01-04 22:00:00,3.9700000286102295,4.010000228881836,3.9700000286102295,3.990000009536743,3.700472116470337,2863480
MASR.CA,Real Estate,2025-01-05 22:00:00,3.990000009536743,3.990000009536743,3.9100000858306885,3.9100000858306885,3.626277446746826,2820684
MASR.CA,Real Estate,2025-01-07 22:00:00,3.9100000858306885,3.940000057220459,3.859999895095825,3.880000114440918,3.598454236984253,1532266
MASR.CA,Real Estate,2025-01-08 22:00:00,3.880000114440918,3.9200000762939453,3.859999895095825,3.869999885559082,3.589179515838623,3060890
MASR.CA,Real Estate,2025-01-11 22:00:00,3.869999885559082,3.859999895095825,3.7899999618530273,3.8299999237060547,3.5520823001861572,4239422
MASR.CA,Real Estate,2025-01-12 22:00:00,3.8299999237060547,3.9000000953674316,3.740000009536743,3.759999990463257,3.487161636352539,3235776
MASR.CA,Real Estate,2025-01-13 22:00:00,3.759999990463257,3.819999933242798,3.680000066757202,3.7699999809265137,3.4964358806610107,2358785
MASR.CA,Real Estate,2025-01-14 22:00:00,3.7699999809265137,4.019999980926514,3.9100000858306885,3.9200000762939453,3.6355514526367188,12704606
MASR.CA,Real Estate,2025-01-15 22:00:00,3.9200000762939453,3.9600000381469727,3.880000114440918,3.9000000953674316,3.6170029640197754,7244138
MASR.CA,Real Estate,2025-01-18 22:00:00,3.9200000762939453,3.9800000190734863,3.880000114440918,3.940000057220459,3.654100179672241,11125404
MASR.CA,Real Estate,2025-01-19 22:00:00,3.950000047683716,3.9700000286102295,3.890000104904175,3.9000000953674316,3.6170029640197754,3346928
MASR.CA,Real Estate,2025-01-20 22:00:00,3.9000000953674316,3.930000066757202,3.880000114440918,3.9100000858306885,3.626277446746826,1845317
MASR.CA,Real Estate,2025-01-21 22:00:00,3.9100000858306885,3.950000047683716,3.9100000858306885,3.940000057220459,3.654100179672241,3265593
MASR.CA,Real Estate,2025-01-22 22:00:00,3.940000057220459,3.9600000381469727,3.890000104904175,3.9100000858306885,3.626277446746826,4209431
MASR.CA,Real Estate,2025-01-25 22:00:00,3.9100000858306885,3.930000066757202,3.890000104904175,3.890000104904175,3.6077284812927246,3051376
MASR.CA,Real Estate,2025-01-26 22:00:00,3.890000104904175,3.9100000858306885,3.8299999237060547,3.8299999237060547,3.5520823001861572,2658492
MASR.CA,Real Estate,2025-01-27 22:00:00,3.8299999237060547,3.890000104904175,3.8299999237060547,3.869999885559082,3.589179515838623,2149535
MASR.CA,Real Estate,2025-01-28 22:00:00,3.869999885559082,3.9700000286102295,3.859999895095825,3.950000047683716,3.663374662399292,8879203
MASR.CA,Real Estate,2025-01-29 22:00:00,3.950000047683716,4.150000095367432,4.0,4.070000171661377,3.774667263031006,20248677
MASR.CA,Real Estate,2025-02-01 22:00:00,4.070000171661377,4.119999885559082,4.039999961853027,4.070000171661377,3.774667263031006,6275215
MASR.CA,Real Estate,2025-02-02 22:00:00,4.070000171661377,4.079999923706055,3.990000009536743,4.010000228881836,3.7190210819244385,3750588
MASR.CA,Real Estate,2025-02-03 22:00:00,4.010000228881836,4.059999942779541,3.990000009536743,4.0,3.7097463607788086,2574240
MASR.CA,Real Estate,2025-02-04 22:00:00,4.0,4.019999980926514,3.940000057220459,3.9700000286102295,3.6819233894348145,4343762
MASR.CA,Real Estate,2025-02-05 22:00:00,3.9700000286102295,4.03000020980835,3.9700000286102295,3.990000009536743,3.700472116470337,8134348
MASR.CA,Real Estate,2025-02-08 22:00:00,3.990000009536743,4.059999942779541,3.940000057220459,3.950000047683716,3.663374662399292,7082302
MASR.CA,Real Estate,2025-02-09 22:00:00,3.950000047683716,3.990000009536743,3.9200000762939453,3.930000066757202,3.6448259353637695,2961513
MASR.CA,Real Estate,2025-02-10 22:00:00,3.930000066757202,3.950000047683716,3.8399999141693115,3.8399999141693115,3.56135630607605,4064036
MASR.CA,Real Estate,2025-02-11 22:00:00,3.8399999141693115,3.8499999046325684,3.7799999713897705,3.8399999141693115,3.56135630607605,3653797
MASR.CA,Real Estate,2025-02-12 22:00:00,3.8399999141693115,3.890000104904175,3.8399999141693115,3.859999895095825,3.5799052715301514,1962188
MASR.CA,Real Estate,2025-02-15 22:00:00,3.859999895095825,4.03000020980835,3.9000000953674316,4.0,3.7097463607788086,5295298
MASR.CA,Real Estate,2025-02-16 22:00:00,4.0,4.110000133514404,3.990000009536743,4.059999942779541,3.765392780303955,10637418
MASR.CA,Real Estate,2025-02-17 22:00:00,4.059999942779541,4.079999923706055,4.010000228881836,4.059999942779541,3.765392780303955,7147180
MASR.CA,Real Estate,2025-02-18 22:00:00,4.059999942779541,4.099999904632568,4.019999980926514,4.079999923706055,3.7839412689208984,4661373
MASR.CA,Real Estate,2025-02-19 22:00:00,4.079999923706055,4.099999904632568,4.050000190734863,4.070000171661377,3.774667263031006,3274755
MASR.CA,Real Estate,2025-02-22 22:00:00,4.070000171661377,4.070000171661377,4.0,4.03000020980835,3.737569808959961,3634702
MASR.CA,Real Estate,2025-02-23 22:00:00,4.03000020980835,4.059999942779541,3.9700000286102295,3.9800000190734863,3.6911978721618652,9116661
MASR.CA,Real Estate,2025-02-24 22:00:00,3.9800000190734863,3.990000009536743,3.9000000953674316,3.9200000762939453,3.6355514526367188,10496393
MASR.CA,Real Estate,2025-02-25 22:00:00,3.9200000762939453,3.940000057220459,3.890000104904175,3.9100000858306885,3.626277446746826,3517233
MASR.CA,Real Estate,2025-02-26 22:00:00,3.9100000858306885,3.9700000286102295,3.9100000858306885,3.9600000381469727,3.6726491451263428,3039966
MASR.CA,Real Estate,2025-03-01 22:00:00,3.9600000381469727,3.990000009536743,3.950000047683716,3.950000047683716,3.663374662399292,1517209
MASR.CA,Real Estate,2025-03-02 22:00:00,3.950000047683716,4.090000152587891,3.950000047683716,4.050000190734863,3.7561185359954834,10341505
MASR.CA,Real Estate,2025-03-03 22:00:00,4.050000190734863,4.070000171661377,3.9800000190734863,3.990000009536743,3.700472116470337,5288919
MASR.CA,Real Estate,2025-03-04 22:00:00,3.990000009536743,4.03000020980835,3.9600000381469727,3.990000009536743,3.700472116470337,2388333
MASR.CA,Real Estate,2025-03-05 22:00:00,3.990000009536743,4.019999980926514,3.950000047683716,3.950000047683716,3.663374662399292,2104257
MASR.CA,Real Estate,2025-03-08 22:00:00,3.950000047683716,4.210000038146973,4.010000228881836,4.170000076293945,3.867410898208618,23508896
MASR.CA,Real Estate,2025-03-09 22:00:00,4.170000076293945,4.25,4.150000095367432,4.21999979019165,3.9137825965881348,10591281
MASR.CA,Real Estate,2025-03-10 22:00:00,4.21999979019165,4.269999980926514,4.170000076293945,4.25,3.941605567932129,9052562
MASR.CA,Real Estate,2025-03-11 22:00:00,4.25,4.260000228881836,4.170000076293945,4.170000076293945,3.867410898208618,12967774
MASR.CA,Real Estate,2025-03-12 22:00:00,4.170000076293945,4.210000038146973,4.150000095367432,4.159999847412109,3.8581361770629883,6735407
MASR.CA,Real Estate,2025-03-15 22:00:00,4.159999847412109,4.210000038146973,4.159999847412109,4.170000076293945,3.867410898208618,3718888
MASR.CA,Real Estate,2025-03-16 22:00:00,4.170000076293945,4.21999979019165,4.170000076293945,4.170000076293945,3.867410898208618,7163212
MASR.CA,Real Estate,2025-03-17 22:00:00,4.170000076293945,4.309999942779541,4.159999847412109,4.25,3.941605567932129,18034063
MASR.CA,Real Estate,2025-03-18 22:00:00,4.25,4.329999923706055,4.21999979019165,4.260000228881836,3.950880289077759,11681552
MASR.CA,Real Estate,2025-03-19 22:00:00,4.260000228881836,4.440000057220459,4.28000020980835,4.380000114440918,4.0621724128723145,18105239
MASR.CA,Real Estate,2025-03-22 22:00:00,4.380000114440918,4.489999771118164,4.400000095367432,4.440000057220459,4.117818355560303,14332070
MASR.CA,Real Estate,2025-03-23 22:00:00,4.440000057220459,4.480000019073486,4.360000133514404,4.389999866485596,4.071446418762207,8525297
MASR.CA,Real Estate,2025-03-24 22:00:00,4.389999866485596,4.46999979019165,4.369999885559082,4.46999979019165,4.145641326904297,6654488
MASR.CA,Real Estate,2025-03-25 22:00:00,4.46999979019165,4.519999980926514,4.420000076293945,4.5,4.173464775085449,8596910
MASR.CA,Real Estate,2025-03-26 22:00:00,4.5,4.599999904632568,4.5,4.559999942779541,4.229111194610596,10173971
MASR.CA,Real Estate,2025-04-02 22:00:00,4.559999942779541,4.570000171661377,4.46999979019165,4.570000171661377,4.238385200500488,3831635
MASR.CA,Real Estate,2025-04-05 22:00:00,4.570000171661377,4.5,4.300000190734863,4.429999828338623,4.108543872833252,17517633
MASR.CA,Real Estate,2025-04-06 22:00:00,4.429999828338623,4.449999809265137,4.28000020980835,4.440000057220459,4.117818355560303,12688354
MASR.CA,Real Estate,2025-04-07 22:00:00,4.440000057220459,4.519999980926514,4.429999828338623,4.5,4.173464775085449,15102633
MASR.CA,Real Estate,2025-04-08 22:00:00,4.5,4.510000228881836,4.300000190734863,4.349999904632568,4.03434944152832,5787523
MASR.CA,Real Estate,2025-04-09 22:00:00,4.349999904632568,4.489999771118164,4.380000114440918,4.380000114440918,4.0621724128723145,5787582
MASR.CA,Real Estate,2025-04-12 22:00:00,4.380000114440918,4.449999809265137,4.389999866485596,4.440000057220459,4.117818355560303,2625681
MASR.CA,Real Estate,2025-04-13 22:00:00,4.440000057220459,4.489999771118164,4.440000057220459,4.449999809265137,4.1270928382873535,4493332
MASR.CA,Real Estate,2025-04-14 22:00:00,4.449999809265137,4.559999942779541,4.449999809265137,4.519999980926514,4.192013263702393,12465010
MASR.CA,Real Estate,2025-04-15 22:00:00,4.519999980926514,4.710000038146973,4.510000228881836,4.579999923706055,4.247659683227539,18439726
MASR.CA,Real Estate,2025-04-16 22:00:00,4.579999923706055,4.650000095367432,4.539999961853027,4.550000190734863,4.219836711883545,5977612
MASR.CA,Real Estate,2025-04-21 22:00:00,4.550000190734863,4.690000057220459,4.570000171661377,4.619999885559082,4.284756660461426,3789332
MASR.CA,Real Estate,2025-04-22 22:00:00,4.619999885559082,4.800000190734863,4.610000133514404,4.739999771118164,4.396049499511719,17317892
MASR.CA,Real Estate,2025-04-26 21:00:00,4.739999771118164,4.78000020980835,4.659999847412109,4.730000019073486,4.386775016784668,10907722
MASR.CA,Real Estate,2025-04-27 21:00:00,4.730000019073486,4.820000171661377,4.670000076293945,4.809999942779541,4.460970401763916,15257903
MASR.CA,Real Estate,2025-04-28 21:00:00,4.809999942779541,4.880000114440918,4.760000228881836,4.760000228881836,4.41459846496582,10424214
MASR.CA,Real Estate,2025-04-29 21:00:00,4.760000228881836,4.789999961853027,4.619999885559082,4.650000095367432,4.312580585479736,16630406
MASR.CA,Real Estate,2025-05-03 21:00:00,4.650000095367432,4.78000020980835,4.659999847412109,4.769999980926514,4.423872470855713,10669700
MASR.CA,Real Estate,2025-05-04 21:00:00,4.769999980926514,4.800000190734863,4.650000095367432,4.679999828338623,4.340403079986572,13380118
MASR.CA,Real Estate,2025-05-05 21:00:00,4.679999828338623,4.699999809265137,4.659999847412109,4.690000057220459,4.349677562713623,3816519
MASR.CA,Real Estate,2025-05-06 21:00:00,4.690000057220459,4.75,4.639999866485596,4.659999847412109,4.321854591369629,7186945
MASR.CA,Real Estate,2025-05-07 21:00:00,4.659999847412109,4.699999809265137,4.570000171661377,4.679999828338623,4.340403079986572,5911873
MASR.CA,Real Estate,2025-05-10 21:00:00,4.679999828338623,4.699999809265137,4.599999904632568,4.610000133514404,4.275483131408691,3333553
MASR.CA,Real Estate,2025-05-11 21:00:00,4.610000133514404,4.630000114440918,4.550000190734863,4.559999942779541,4.229111194610596,4285001
MASR.CA,Real Estate,2025-05-12 21:00:00,4.559999942779541,4.630000114440918,4.579999923706055,4.630000114440918,4.294031620025635,4056732
MASR.CA,Real Estate,2025-05-13 21:00:00,4.630000114440918,4.650000095367432,4.579999923706055,4.579999923706055,4.247659683227539,2091025
MASR.CA,Real Estate,2025-05-14 21:00:00,4.579999923706055,4.619999885559082,4.539999961853027,4.550000190734863,4.219836711883545,1703577
MASR.CA,Real Estate,2025-05-17 21:00:00,4.550000190734863,4.599999904632568,4.53000020980835,4.53000020980835,4.201287746429443,2644855
MASR.CA,Real Estate,2025-05-18 21:00:00,4.53000020980835,4.53000020980835,4.46999979019165,4.480000019073486,4.154915809631348,3228070
MASR.CA,Real Estate,2025-05-19 21:00:00,4.480000019073486,4.510000228881836,4.460000038146973,4.489999771118164,4.164190292358398,1709752
MASR.CA,Real Estate,2025-05-20 21:00:00,4.489999771118164,4.559999942779541,4.5,4.510000228881836,4.182739734649658,6032070
MASR.CA,Real Estate,2025-05-21 21:00:00,4.510000228881836,4.590000152587891,4.5,4.590000152587891,4.25693416595459,9063794
MASR.CA,Real Estate,2025-05-24 21:00:00,4.590000152587891,4.659999847412109,4.579999923706055,4.579999923706055,4.247659683227539,5764283
MASR.CA,Real Estate,2025-05-25 21:00:00,4.579999923706055,4.630000114440918,4.559999942779541,4.579999923706055,4.247659683227539,6813231
MASR.CA,Real Estate,2025-05-26 21:00:00,4.579999923706055,4.5,4.380000114440918,4.5,4.404255390167236,11017813
MASR.CA,Real Estate,2025-05-27 21:00:00,4.5,4.650000095367432,4.489999771118164,4.650000095367432,4.5510640144348145,20760585
MASR.CA,Real Estate,2025-05-28 21:00:00,4.650000095367432,4.679999828338623,4.550000190734863,4.599999904632568,4.502127647399902,11283424
MASR.CA,Real Estate,2025-05-31 21:00:00,4.599999904632568,4.670000076293945,4.570000171661377,4.599999904632568,4.502127647399902,6528761
MASR.CA,Real Estate,2025-06-01 21:00:00,4.599999904632568,4.630000114440918,4.46999979019165,4.53000020980835,4.433617115020752,4649398
MASR.CA,Real Estate,2025-06-02 21:00:00,4.53000020980835,4.559999942779541,4.46999979019165,4.539999961853027,4.443404197692871,5108955
MASR.CA,Real Estate,2025-06-03 21:00:00,4.539999961853027,4.570000171661377,4.510000228881836,4.539999961853027,4.443404197692871,2859832
MASR.CA,Real Estate,2025-06-09 21:00:00,4.539999961853027,4.650000095367432,4.550000190734863,4.630000114440918,4.531489372253418,6005689
MASR.CA,Real Estate,2025-06-10 21:00:00,4.630000114440918,4.75,4.630000114440918,4.639999866485596,4.541276454925537,14434161
MASR.CA,Real Estate,2025-06-11 21:00:00,4.639999866485596,4.630000114440918,4.480000019073486,4.5,4.404255390167236,5171073
MASR.CA,Real Estate,2025-06-14 21:00:00,4.5,4.400000095367432,4.150000095367432,4.230000019073486,4.139999866485596,5737109
MASR.CA,Real Estate,2025-06-15 21:00:00,4.230000019073486,4.300000190734863,4.230000019073486,4.239999771118164,4.149786949157715,2752332
MASR.CA,Real Estate,2025-06-16 21:00:00,4.239999771118164,4.25,4.159999847412109,4.170000076293945,4.081276893615723,4131944
MASR.CA,Real Estate,2025-06-17 21:00:00,4.170000076293945,4.190000057220459,4.079999923706055,4.130000114440918,4.04212760925293,2517227
MASR.CA,Real Estate,2025-06-18 21:00:00,4.130000114440918,4.159999847412109,4.019999980926514,4.050000190734863,3.96382999420166,3491886
MASR.CA,Real Estate,2025-06-21 21:00:00,4.050000190734863,4.110000133514404,3.9200000762939453,4.099999904632568,4.012765884399414,3689787
MASR.CA,Real Estate,2025-06-22 21:00:00,4.099999904632568,4.25,4.110000133514404,4.210000038146973,4.120425701141357,4624841
MASR.CA,Real Estate,2025-06-23 21:00:00,4.210000038146973,4.409999847412109,4.260000228881836,4.409999847412109,4.3161702156066895,5473544
MASR.CA,Real Estate,2025-06-24 21:00:00,4.409999847412109,4.480000019073486,4.380000114440918,4.46999979019165,4.3748931884765625,5640410
MASR.CA,Real Estate,2025-06-28 21:00:00,4.46999979019165,4.559999942779541,4.440000057220459,4.550000190734863,4.453191757202148,6900632
MASR.CA,Real Estate,2025-06-29 21:00:00,4.550000190734863,4.579999923706055,4.460000038146973,4.539999961853027,4.443404197692871,5010193
MASR.CA,Real Estate,2025-06-30 21:00:00,4.539999961853027,4.550000190734863,4.46999979019165,4.539999961853027,4.443404197692871,3673134
MASR.CA,Real Estate,2025-07-01 21:00:00,4.539999961853027,4.630000114440918,4.510000228881836,4.550000190734863,4.453191757202148,6347535
MASR.CA,Real Estate,2025-07-05 21:00:00,4.550000190734863,4.579999923706055,4.53000020980835,4.539999961853027,4.443404197692871,2866543
MASR.CA,Real Estate,2025-07-06 21:00:00,4.539999961853027,4.559999942779541,4.489999771118164,4.539999961853027,4.443404197692871,3528376
MASR.CA,Real Estate,2025-07-08 21:00:00,4.539999961853027,4.630000114440918,4.5,4.630000114440918,4.531489372253418,8212744
MASR.CA,Real Estate,2025-07-09 21:00:00,4.630000114440918,4.800000190734863,4.610000133514404,4.800000190734863,4.697872638702393,17811909
MASR.CA,Real Estate,2025-07-12 21:00:00,4.800000190734863,4.869999885559082,4.71999979019165,4.789999961853027,4.688085079193115,7034139
MASR.CA,Real Estate,2025-07-13 21:00:00,4.789999961853027,4.800000190734863,4.71999979019165,4.71999979019165,4.619574069976807,3422370
MASR.CA,Real Estate,2025-07-14 21:00:00,4.71999979019165,4.829999923706055,4.710000038146973,4.800000190734863,4.697872638702393,10139694
MASR.CA,Real Estate,2025-07-15 21:00:00,4.800000190734863,4.800000190734863,4.710000038146973,4.710000038146973,4.609787464141846,2996308
MASR.CA,Real Estate,2025-07-16 21:00:00,4.710000038146973,4.809999942779541,4.71999979019165,4.789999961853027,4.688085079193115,3699921
MASR.CA,Real Estate,2025-07-19 21:00:00,4.789999961853027,4.889999866485596,4.75,4.840000152587891,4.737021446228027,6169837
MASR.CA,Real Estate,2025-07-20 21:00:00,4.840000152587891,4.900000095367432,4.739999771118164,4.78000020980835,4.678297996520996,7238421
MASR.CA,Real Estate,2025-07-21 21:00:00,4.78000020980835,4.800000190734863,4.630000114440918,4.650000095367432,4.5510640144348145,9326453
MASR.CA,Real Estate,2025-07-22 21:00:00,4.650000095367432,4.650000095367432,4.650000095367432,4.650000095367432,4.5510640144348145,0
MASR.CA,Real Estate,2025-07-26 21:00:00,4.699999809265137,4.75,4.679999828338623,4.679999828338623,4.580425262451172,4185627
MASR.CA,Real Estate,2025-07-27 21:00:00,4.679999828338623,4.699999809265137,4.539999961853027,4.550000190734863,4.453191757202148,3419367
MASR.CA,Real Estate,2025-07-28 21:00:00,4.550000190734863,4.579999923706055,4.510000228881836,4.559999942779541,4.462978839874268,1250076
MASR.CA,Real Estate,2025-07-29 21:00:00,4.559999942779541,4.599999904632568,4.46999979019165,4.599999904632568,4.502127647399902,2341775
MASR.CA,Real Estate,2025-07-30 21:00:00,4.599999904632568,4.650000095367432,4.559999942779541,4.590000152587891,4.492340564727783,1966637
MASR.CA,Real Estate,2025-08-02 21:00:00,4.590000152587891,4.590000152587891,4.590000152587891,4.590000152587891,4.492340564727783,0
MASR.CA,Real Estate,2025-08-03 21:00:00,4.590000152587891,4.590000152587891,4.590000152587891,4.590000152587891,4.492340564727783,0
MASR.CA,Real Estate,2025-08-04 21:00:00,4.590000152587891,4.590000152587891,4.590000152587891,4.590000152587891,4.492340564727783,0
MASR.CA,Real Estate,2025-08-05 21:00:00,4.590000152587891,4.590000152587891,4.590000152587891,4.590000152587891,4.492340564727783,0
MASR.CA,Real Estate,2025-08-06 21:00:00,4.590000152587891,4.590000152587891,4.590000152587891,4.590000152587891,4.492340564727783,0
MASR.CA,Real Estate,2025-08-09 21:00:00,4.550000190734863,4.590000152587891,4.519999980926514,4.550000190734863,4.453191757202148,2849469
MASR.CA,Real Estate,2025-08-10 21:00:00,4.550000190734863,4.570000171661377,4.519999980926514,4.53000020980835,4.433617115020752,1442531
MASR.CA,Real Estate,2025-08-11 21:00:00,4.53000020980835,4.559999942779541,4.480000019073486,4.519999980926514,4.423829555511475,2899243
MASR.CA,Real Estate,2025-08-12 21:00:00,4.519999980926514,4.539999961853027,4.360000133514404,4.380000114440918,4.286808490753174,5891436
MASR.CA,Real Estate,2025-08-13 21:00:00,4.380000114440918,4.389999866485596,4.260000228881836,4.309999942779541,4.218297958374023,2730723
MASR.CA,Real Estate,2025-08-16 21:00:00,4.309999942779541,4.340000152587891,4.190000057220459,4.340000152587891,4.247659683227539,5506052
MASR.CA,Real Estate,2025-08-17 21:00:00,4.340000152587891,4.389999866485596,4.320000171661377,4.320000171661377,4.228085517883301,2526792
MASR.CA,Real Estate,2025-08-18 21:00:00,4.320000171661377,4.349999904632568,4.28000020980835,4.289999961853027,4.198723316192627,1838688
MASR.CA,Real Estate,2025-08-19 21:00:00,4.289999961853027,4.360000133514404,4.28000020980835,4.28000020980835,4.188936233520508,3251371
MASR.CA,Real Estate,2025-08-20 21:00:00,4.28000020980835,4.320000171661377,4.260000228881836,4.269999980926514,4.179149150848389,2304860
MASR.CA,Real Estate,2025-08-23 21:00:00,4.269999980926514,4.300000190734863,4.25,4.28000020980835,4.188936233520508,2086867
MASR.CA,Real Estate,2025-08-24 21:00:00,4.28000020980835,4.340000152587891,4.260000228881836,4.28000020980835,4.188936233520508,3116547
MASR.CA,Real Estate,2025-08-25 21:00:00,4.28000020980835,4.320000171661377,4.25,4.25,4.159574508666992,2389637
MASR.CA,Real Estate,2025-08-26 21:00:00,4.25,4.28000020980835,4.239999771118164,4.260000228881836,4.1693620681762695,1301273
MASR.CA,Real Estate,2025-08-27 21:00:00,4.260000228881836,4.309999942779541,4.230000019073486,4.300000190734863,4.208510875701904,4142104
MASR.CA,Real Estate,2025-08-30 21:00:00,4.300000190734863,4.349999904632568,4.179999828338623,4.210000038146973,4.120425701141357,3395227
MASR.CA,Real Estate,2025-08-31 21:00:00,4.210000038146973,4.260000228881836,4.190000057220459,4.25,4.159574508666992,2466235
MASR.CA,Real Estate,2025-09-01 21:00:00,4.25,4.28000020980835,4.199999809265137,4.21999979019165,4.130212783813477,2638812
MASR.CA,Real Estate,2025-09-02 21:00:00,4.21999979019165,4.25,4.179999828338623,4.190000057220459,4.100851058959961,4358738
MASR.CA,Real Estate,2025-09-06 21:00:00,4.190000057220459,4.239999771118164,4.179999828338623,4.179999828338623,4.091063499450684,2320120
MASR.CA,Real Estate,2025-09-07 21:00:00,4.179999828338623,4.210000038146973,4.130000114440918,4.150000095367432,4.061702251434326,4251502
MASR.CA,Real Estate,2025-09-08 21:00:00,4.150000095367432,4.179999828338623,4.110000133514404,4.110000133514404,4.022553443908691,2913309
MASR.CA,Real Estate,2025-09-09 21:00:00,4.110000133514404,4.150000095367432,4.090000152587891,4.099999904632568,4.012765884399414,2089456
MASR.CA,Real Estate,2025-09-10 21:00:00,4.099999904632568,4.150000095367432,4.099999904632568,4.110000133514404,4.022553443908691,2414528
MASR.CA,Real Estate,2025-09-13 21:00:00,4.110000133514404,4.25,4.119999885559082,4.239999771118164,4.149786949157715,4514869
MASR.CA,Real Estate,2025-09-14 21:00:00,4.239999771118164,4.25,4.139999866485596,4.150000095367432,4.061702251434326,2967260
MASR.CA,Real Estate,2025-09-15 21:00:00,4.150000095367432,4.199999809265137,4.110000133514404,4.119999885559082,4.0323405265808105,2496668
MASR.CA,Real Estate,2025-09-16 21:00:00,4.119999885559082,4.130000114440918,4.070000171661377,4.110000133514404,4.022553443908691,2302314
MASR.CA,Real Estate,2025-09-17 21:00:00,4.110000133514404,4.159999847412109,4.010000228881836,4.010000228881836,3.9246811866760254,2573114
MASR.CA,Real Estate,2025-09-20 21:00:00,4.010000228881836,4.130000114440918,4.03000020980835,4.059999942779541,3.9736170768737793,2441756
MASR.CA,Real Estate,2025-09-21 21:00:00,4.059999942779541,4.090000152587891,4.039999961853027,4.050000190734863,3.96382999420166,880597
MASR.CA,Real Estate,2025-09-22 21:00:00,4.050000190734863,4.110000133514404,4.039999961853027,4.050000190734863,3.96382999420166,1413751
MASR.CA,Real Estate,2025-09-23 21:00:00,4.050000190734863,4.110000133514404,4.03000020980835,4.110000133514404,4.022553443908691,1661483
MASR.CA,Real Estate,2025-09-24 21:00:00,4.110000133514404,4.110000133514404,4.079999923706055,4.099999904632568,4.012765884399414,681683
MASR.CA,Real Estate,2025-09-27 21:00:00,4.099999904632568,4.159999847412109,4.099999904632568,4.150000095367432,4.061702251434326,1555496
MASR.CA,Real Estate,2025-09-28 21:00:00,4.150000095367432,4.179999828338623,4.139999866485596,4.139999866485596,4.051914691925049,1288007
MASR.CA,Real Estate,2025-09-29 21:00:00,4.139999866485596,4.179999828338623,4.130000114440918,4.139999866485596,4.051914691925049,1404577
MASR.CA,Real Estate,2025-09-30 21:00:00,4.139999866485596,4.179999828338623,4.099999904632568,4.119999885559082,4.0323405265808105,1830563
MASR.CA,Real Estate,2025-10-01 21:00:00,4.119999885559082,4.150000095367432,4.099999904632568,4.110000133514404,4.022553443908691,1031972
MASR.CA,Real Estate,2025-10-04 21:00:00,4.110000133514404,4.170000076293945,4.130000114440918,4.159999847412109,4.071489334106445,1453572
MASR.CA,Real Estate,2025-10-05 21:00:00,4.159999847412109,4.179999828338623,4.130000114440918,4.150000095367432,4.061702251434326,1363341
MASR.CA,Real Estate,2025-10-06 21:00:00,4.150000095367432,4.159999847412109,4.130000114440918,4.130000114440918,4.04212760925293,1411993
MASR.CA,Real Estate,2025-10-07 21:00:00,4.130000114440918,4.150000095367432,4.110000133514404,4.119999885559082,4.0323405265808105,1697280
MASR.CA,Real Estate,2025-10-11 21:00:00,4.119999885559082,4.139999866485596,4.099999904632568,4.130000114440918,4.04212760925293,1596010
MASR.CA,Real Estate,2025-10-12 21:00:00,4.130000114440918,4.170000076293945,4.119999885559082,4.139999866485596,4.051914691925049,2081018
MASR.CA,Real Estate,2025-10-13 21:00:00,4.139999866485596,4.179999828338623,4.119999885559082,4.119999885559082,4.0323405265808105,4251278
MASR.CA,Real Estate,2025-10-14 21:00:00,4.119999885559082,4.159999847412109,4.119999885559082,4.159999847412109,4.071489334106445,2526886
MASR.CA,Real Estate,2025-10-15 21:00:00,4.159999847412109,4.21999979019165,4.159999847412109,4.21999979019165,4.130212783813477,4064963
MASR.CA,Real Estate,2025-10-18 21:00:00,4.21999979019165,4.320000171661377,4.239999771118164,4.309999942779541,4.218297958374023,6342641
MASR.CA,Real Estate,2025-10-19 21:00:00,4.309999942779541,4.340000152587891,4.21999979019165,4.25,4.159574508666992,4226648
MASR.CA,Real Estate,2025-10-20 21:00:00,4.25,4.260000228881836,4.21999979019165,4.21999979019165,4.130212783813477,1850090
MASR.CA,Real Estate,2025-10-21 21:00:00,4.21999979019165,4.260000228881836,4.21999979019165,4.230000019073486,4.139999866485596,2262475
MASR.CA,Real Estate,2025-10-22 21:00:00,4.230000019073486,4.300000190734863,4.21999979019165,4.260000228881836,4.1693620681762695,2988110
MASR.CA,Real Estate,2025-10-25 21:00:00,4.260000228881836,4.329999923706055,4.269999980926514,4.300000190734863,4.208510875701904,5009692
MASR.CA,Real Estate,2025-10-26 21:00:00,4.300000190734863,4.369999885559082,4.300000190734863,4.320000171661377,4.228085517883301,5151944
MASR.CA,Real Estate,2025-10-27 21:00:00,4.320000171661377,4.349999904632568,4.269999980926514,4.329999923706055,4.237872123718262,1694440
MASR.CA,Real Estate,2025-10-28 21:00:00,4.329999923706055,4.360000133514404,4.28000020980835,4.349999904632568,4.257446765899658,1656368
MASR.CA,Real Estate,2025-10-29 21:00:00,4.349999904632568,4.349999904632568,4.289999961853027,4.300000190734863,4.208510875701904,1229858
MASR.CA,Real Estate,2025-11-01 22:00:00,4.300000190734863,4.320000171661377,4.239999771118164,4.260000228881836,4.1693620681762695,1580698
MASR.CA,Real Estate,2025-11-02 22:00:00,4.260000228881836,4.340000152587891,4.239999771118164,4.269999980926514,4.179149150848389,3510022
MASR.CA,Real Estate,2025-11-03 22:00:00,4.269999980926514,4.340000152587891,4.28000020980835,4.309999942779541,4.218297958374023,2664625
MASR.CA,Real Estate,2025-11-04 22:00:00,4.309999942779541,4.349999904632568,4.260000228881836,4.289999961853027,4.198723316192627,5349026
MASR.CA,Real Estate,2025-11-05 22:00:00,4.289999961853027,4.329999923706055,4.269999980926514,4.300000190734863,4.208510875701904,5210667
MASR.CA,Real Estate,2025-11-08 22:00:00,4.300000190734863,4.320000171661377,4.289999961853027,4.289999961853027,4.198723316192627,2763847
MASR.CA,Real Estate,2025-11-09 22:00:00,4.289999961853027,4.309999942779541,4.25,4.269999980926514,4.179149150848389,2648044
MASR.CA,Real Estate,2025-11-10 22:00:00,4.269999980926514,4.360000133514404,4.260000228881836,4.309999942779541,4.218297958374023,4814778
MASR.CA,Real Estate,2025-11-11 22:00:00,4.309999942779541,4.360000133514404,4.309999942779541,4.340000152587891,4.247659683227539,3764716
MASR.CA,Real Estate,2025-11-12 22:00:00,4.340000152587891,4.429999828338623,4.349999904632568,4.409999847412109,4.3161702156066895,7745282
MASR.CA,Real Estate,2025-11-15 22:00:00,4.409999847412109,4.480000019073486,4.389999866485596,4.409999847412109,4.3161702156066895,7753353
MASR.CA,Real Estate,2025-11-16 22:00:00,4.409999847412109,4.510000228881836,4.420000076293945,4.449999809265137,4.355319023132324,7921214
MASR.CA,Real Estate,2025-11-17 22:00:00,4.449999809265137,4.480000019073486,4.329999923706055,4.329999923706055,4.237872123718262,4895382
MASR.CA,Real Estate,2025-11-18 22:00:00,4.329999923706055,4.389999866485596,4.329999923706055,4.360000133514404,4.2672343254089355,2336638
MASR.CA,Real Estate,2025-11-19 22:00:00,4.360000133514404,4.449999809265137,4.360000133514404,4.369999885559082,4.277021408081055,3943850
MASR.CA,Real Estate,2025-11-22 22:00:00,4.369999885559082,4.480000019073486,4.349999904632568,4.46999979019165,4.3748931884765625,9472954
MASR.CA,Real Estate,2025-11-23 22:00:00,4.46999979019165,4.5,4.349999904632568,4.349999904632568,4.257446765899658,5549089
MASR.CA,Real Estate,2025-11-24 22:00:00,4.349999904632568,4.420000076293945,4.289999961853027,4.300000190734863,4.208510875701904,3342732
MASR.CA,Real Estate,2025-11-25 22:00:00,4.300000190734863,4.360000133514404,4.28000020980835,4.28000020980835,4.188936233520508,2323093
MASR.CA,Real Estate,2025-11-26 22:00:00,4.28000020980835,4.320000171661377,4.28000020980835,4.289999961853027,4.198723316192627,3922310
MASR.CA,Real Estate,2025-11-29 22:00:00,4.289999961853027,4.380000114440918,4.300000190734863,4.320000171661377,4.228085517883301,2135649
MASR.CA,Real Estate,2025-11-30 22:00:00,4.320000171661377,4.369999885559082,4.21999979019165,4.260000228881836,4.1693620681762695,5018754
MASR.CA,Real Estate,2025-12-01 22:00:00,4.260000228881836,4.289999961853027,4.199999809265137,4.21999979019165,4.130212783813477,5544338
MASR.CA,Real Estate,2025-12-02 22:00:00,4.21999979019165,4.309999942779541,4.21999979019165,4.230000019073486,4.139999866485596,5722391
MASR.CA,Real Estate,2025-12-03 22:00:00,4.230000019073486,4.28000020980835,4.230000019073486,4.269999980926514,4.179149150848389,3929679
MASR.CA,Real Estate,2025-12-06 22:00:00,4.269999980926514,4.349999904632568,4.28000020980835,4.340000152587891,4.247659683227539,3006858
MASR.CA,Real Estate,2025-12-07 22:00:00,4.340000152587891,4.400000095367432,4.329999923706055,4.380000114440918,4.286808490753174,4893678
MASR.CA,Real Estate,2025-12-08 22:00:00,4.380000114440918,4.409999847412109,4.349999904632568,4.360000133514404,4.2672343254089355,2262596
MASR.CA,Real Estate,2025-12-09 22:00:00,4.360000133514404,4.420000076293945,4.349999904632568,4.349999904632568,4.257446765899658,3001200
MASR.CA,Real Estate,2025-12-10 22:00:00,4.349999904632568,4.519999980926514,4.360000133514404,4.440000057220459,4.345531940460205,43430870
MASR.CA,Real Estate,2025-12-13 22:00:00,4.440000057220459,4.570000171661377,4.460000038146973,4.46999979019165,4.3748931884765625,22001058
MASR.CA,Real Estate,2025-12-14 22:00:00,4.46999979019165,4.539999961853027,4.440000057220459,4.480000019073486,4.38468074798584,8799597
MASR.CA,Real Estate,2025-12-15 22:00:00,4.480000019073486,4.5,4.380000114440918,4.389999866485596,4.296595573425293,6151948
MASR.CA,Real Estate,2025-12-16 22:00:00,4.389999866485596,4.409999847412109,4.309999942779541,4.329999923706055,4.237872123718262,6816324
MASR.CA,Real Estate,2025-12-17 22:00:00,4.329999923706055,4.329999923706055,4.25,4.28000020980835,4.188936233520508,7262379
MASR.CA,Real Estate,2025-12-20 22:00:00,4.28000020980835,4.309999942779541,4.210000038146973,4.239999771118164,4.149786949157715,5308712
MASR.CA,Real Estate,2025-12-21 22:00:00,4.239999771118164,4.300000190734863,4.230000019073486,4.239999771118164,4.149786949157715,2656049
MASR.CA,Real Estate,2025-12-22 22:00:00,4.239999771118164,4.28000020980835,4.179999828338623,4.210000038146973,4.120425701141357,5067093
MASR.CA,Real Estate,2025-12-23 22:00:00,4.210000038146973,4.269999980926514,4.21999979019165,4.269999980926514,4.179149150848389,3273392
MASR.CA,Real Estate,2025-12-24 22:00:00,4.269999980926514,4.289999961853027,4.21999979019165,4.239999771118164,4.149786949157715,5174980
MASR.CA,Real Estate,2025-12-27 22:00:00,4.239999771118164,4.289999961853027,4.239999771118164,4.28000020980835,4.188936233520508,2770653
MASR.CA,Real Estate,2025-12-28 22:00:00,4.28000020980835,4.300000190734863,4.25,4.269999980926514,4.179149150848389,2404947
MASR.CA,Real Estate,2025-12-29 22:00:00,4.269999980926514,4.300000190734863,4.21999979019165,4.230000019073486,4.139999866485596,8299521
MASR.CA,Real Estate,2025-12-30 22:00:00,4.230000019073486,4.25,4.21999979019165,4.230000019073486,4.139999866485596,4961567
MASR.CA,Real Estate,2026-01-03 22:00:00,4.230000019073486,4.239999771118164,4.150000095367432,4.190000057220459,4.100851058959961,4194896
MASR.CA,Real Estate,2026-01-04 22:00:00,4.190000057220459,4.210000038146973,4.139999866485596,4.150000095367432,4.061702251434326,3595227
MASR.CA,Real Estate,2026-01-05 22:00:00,4.150000095367432,4.179999828338623,4.150000095367432,4.159999847412109,4.071489334106445,3376494
MASR.CA,Real Estate,2026-01-07 22:00:00,4.159999847412109,4.199999809265137,4.150000095367432,4.159999847412109,4.071489334106445,2025191
MASR.CA,Real Estate,2026-01-10 22:00:00,4.159999847412109,4.329999923706055,4.159999847412109,4.329999923706055,4.237872123718262,8766727
MASR.CA,Real Estate,2026-01-11 22:00:00,4.329999923706055,4.349999904632568,4.28000020980835,4.320000171661377,4.228085517883301,8806449
MASR.CA,Real Estate,2026-01-12 22:00:00,4.320000171661377,4.360000133514404,4.25,4.340000152587891,4.247659683227539,6504446
MASR.CA,Real Estate,2026-01-13 22:00:00,4.340000152587891,4.349999904632568,4.269999980926514,4.309999942779541,4.218297958374023,9058995
MASR.CA,Real Estate,2026-01-14 22:00:00,4.309999942779541,4.329999923706055,4.289999961853027,4.309999942779541,4.218297958374023,6642830
MASR.CA,Real Estate,2026-01-17 22:00:00,4.309999942779541,4.360000133514404,4.28000020980835,4.320000171661377,4.228085517883301,3088027
MASR.CA,Real Estate,2026-01-18 22:00:00,4.320000171661377,4.53000020980835,4.340000152587891,4.53000020980835,4.433617115020752,21032745
MASR.CA,Real Estate,2026-01-19 22:00:00,4.53000020980835,4.820000171661377,4.510000228881836,4.75,4.6489362716674805,24827239
MASR.CA,Real Estate,2026-01-20 22:00:00,4.75,4.909999847412109,4.619999885559082,4.849999904632568,4.7468085289001465,16005014
MASR.CA,Real Estate,2026-01-21 22:00:00,4.849999904632568,4.960000038146973,4.800000190734863,4.849999904632568,4.7468085289001465,11409380
MASR.CA,Real Estate,2026-01-24 22:00:00,4.849999904632568,4.869999885559082,4.75,4.769999980926514,4.668510437011719,4696443
MASR.CA,Real Estate,2026-01-25 22:00:00,4.769999980926514,4.940000057220459,4.78000020980835,4.860000133514404,4.756596088409424,9867046
MASR.CA,Real Estate,2026-01-26 22:00:00,4.860000133514404,4.929999828338623,4.730000019073486,4.730000019073486,4.629361629486084,6796578
MASR.CA,Real Estate,2026-01-27 22:00:00,4.730000019073486,4.909999847412109,4.650000095367432,4.820000171661377,4.717446804046631,9641752
MASR.CA,Real Estate,2026-01-31 22:00:00,4.820000171661377,4.889999866485596,4.679999828338623,4.690000057220459,4.590212821960449,4850882
MASR.CA,Real Estate,2026-02-01 22:00:00,4.690000057220459,5.099999904632568,4.699999809265137,5.050000190734863,4.942553520202637,17468997
MASR.CA,Real Estate,2026-02-02 22:00:00,5.050000190734863,5.190000057220459,5.050000190734863,5.179999828338623,5.06978702545166,17724750
MASR.CA,Real Estate,2026-02-03 22:00:00,5.179999828338623,5.230000019073486,5.03000020980835,5.039999961853027,4.932765960693359,5243496
MASR.CA,Real Estate,2026-02-04 22:00:00,5.039999961853027,5.199999809265137,4.960000038146973,5.170000076293945,5.059999942779541,9663411
MASR.CA,Real Estate,2026-02-07 22:00:00,5.170000076293945,5.420000076293945,5.119999885559082,5.320000171661377,5.206808567047119,11604380
MASR.CA,Real Estate,2026-02-08 22:00:00,5.320000171661377,5.380000114440918,5.190000057220459,5.269999980926514,5.157872200012207,15077177
MASR.CA,Real Estate,2026-02-09 22:00:00,5.269999980926514,5.5,5.25,5.429999828338623,5.314467906951904,21968735
MASR.CA,Real Estate,2026-02-10 22:00:00,5.429999828338623,5.510000228881836,5.329999923706055,5.480000019073486,5.363404273986816,17298839
MASR.CA,Real Estate,2026-02-11 22:00:00,5.480000019073486,5.630000114440918,5.380000114440918,5.619999885559082,5.500425338745117,13644115
MASR.CA,Real Estate,2026-02-14 22:00:00,5.619999885559082,5.699999809265137,5.550000190734863,5.639999866485596,5.519999980926514,7852329
MASR.CA,Real Estate,2026-02-15 22:00:00,5.639999866485596,5.710000038146973,5.579999923706055,5.599999904632568,5.480851173400879,13647575
MASR.CA,Real Estate,2026-02-16 22:00:00,5.599999904632568,5.809999942779541,5.53000020980835,5.800000190734863,5.676596164703369,11177076
MASR.CA,Real Estate,2026-02-17 22:00:00,5.800000190734863,5.860000133514404,5.760000228881836,5.789999961853027,5.666808605194092,6572138
MASR.CA,Real Estate,2026-02-18 22:00:00,5.789999961853027,5.820000171661377,5.440000057220459,5.53000020980835,5.4123406410217285,7444044
MASR.CA,Real Estate,2026-02-21 22:00:00,5.53000020980835,5.550000190734863,5.25,5.329999923706055,5.216595649719238,7484645
MASR.CA,Real Estate,2026-02-22 22:00:00,5.329999923706055,5.659999847412109,5.25,5.639999866485596,5.519999980926514,5236093
MASR.CA,Real Estate,2026-02-23 22:00:00,5.639999866485596,5.75,5.550000190734863,5.599999904632568,5.480851173400879,5112855
MASR.CA,Real Estate,2026-02-24 22:00:00,5.599999904632568,5.630000114440918,5.210000038146973,5.329999923706055,5.216595649719238,6855295
MASR.CA,Real Estate,2026-02-25 22:00:00,5.329999923706055,5.599999904632568,5.210000038146973,5.599999904632568,5.480851173400879,5022588
MASR.CA,Real Estate,2026-02-28 22:00:00,5.599999904632568,5.480000019073486,5.119999885559082,5.449999809265137,5.334042549133301,4674446
MASR.CA,Real Estate,2026-03-01 22:00:00,5.449999809265137,5.619999885559082,5.360000133514404,5.420000076293945,5.304680824279785,3872323
MASR.CA,Real Estate,2026-03-02 22:00:00,5.420000076293945,5.449999809265137,5.269999980926514,5.289999961853027,5.1774468421936035,4311665
MASR.CA,Real Estate,2026-03-03 22:00:00,5.289999961853027,5.369999885559082,5.199999809265137,5.300000190734863,5.187234401702881,2978040
MASR.CA,Real Estate,2026-03-04 22:00:00,5.300000190734863,5.420000076293945,5.289999961853027,5.320000171661377,5.206808567047119,1825989
MASR.CA,Real Estate,2026-03-07 22:00:00,5.320000171661377,5.539999961853027,5.309999942779541,5.420000076293945,5.304680824279785,2960067
MASR.CA,Real Estate,2026-03-08 22:00:00,5.420000076293945,5.699999809265137,5.420000076293945,5.5,5.382978916168213,7731525
MASR.CA,Real Estate,2026-03-09 22:00:00,5.5,5.75,5.53000020980835,5.599999904632568,5.480851173400879,13020666
MASR.CA,Real Estate,2026-03-10 22:00:00,5.599999904632568,5.75,5.599999904632568,5.679999828338623,5.559148788452148,5180196
MASR.CA,Real Estate,2026-03-11 22:00:00,5.679999828338623,5.75,5.53000020980835,5.579999923706055,5.461276531219482,9866568
MASR.CA,Real Estate,2026-03-14 22:00:00,5.579999923706055,5.699999809265137,5.420000076293945,5.420000076293945,5.304680824279785,5577787
MASR.CA,Real Estate,2026-03-15 22:00:00,5.420000076293945,5.46999979019165,5.28000020980835,5.309999942779541,5.197021007537842,3738964
MASR.CA,Real Estate,2026-03-16 22:00:00,5.309999942779541,5.440000057220459,5.309999942779541,5.409999847412109,5.294893264770508,1655590
MASR.CA,Real Estate,2026-03-17 22:00:00,5.409999847412109,5.53000020980835,5.409999847412109,5.409999847412109,5.294893264770508,3146947
MASR.CA,Real Estate,2026-03-18 22:00:00,5.409999847412109,5.409999847412109,5.409999847412109,5.409999847412109,5.294893264770508,0
MASR.CA,Real Estate,2026-03-23 22:00:00,5.409999847412109,5.590000152587891,5.329999923706055,5.369999885559082,5.255744457244873,7221942
MASR.CA,Real Estate,2026-03-24 22:00:00,5.369999885559082,5.429999828338623,5.329999923706055,5.340000152587891,5.226383209228516,4504685
MASR.CA,Real Estate,2026-03-25 22:00:00,5.340000152587891,5.460000038146973,5.329999923706055,5.369999885559082,5.255744457244873,7023200
MASR.CA,Real Estate,2026-03-28 22:00:00,5.369999885559082,5.420000076293945,5.179999828338623,5.179999828338623,5.06978702545166,5086792
MASR.CA,Real Estate,2026-03-29 22:00:00,5.179999828338623,5.230000019073486,5.010000228881836,5.159999847412109,5.050212860107422,5401959
MASR.CA,Real Estate,2026-03-30 22:00:00,5.159999847412109,5.199999809265137,5.079999923706055,5.170000076293945,5.059999942779541,5544444
MASR.CA,Real Estate,2026-03-31 22:00:00,5.170000076293945,5.320000171661377,5.210000038146973,5.25,5.138298034667969,5212944
MASR.CA,Real Estate,2026-04-01 22:00:00,5.25,5.670000076293945,5.260000228881836,5.659999847412109,5.539574146270752,29035622
MASR.CA,Real Estate,2026-04-04 22:00:00,5.659999847412109,5.960000038146973,5.599999904632568,5.949999809265137,5.823404312133789,27434187
MASR.CA,Real Estate,2026-04-05 22:00:00,5.949999809265137,6.0,5.809999942779541,5.909999847412109,5.784255027770996,22780526
MASR.CA,Real Estate,2026-04-06 22:00:00,5.909999847412109,5.949999809265137,5.829999923706055,5.849999904632568,5.725532054901123,5786180
MASR.CA,Real Estate,2026-04-07 22:00:00,5.849999904632568,6.039999961853027,5.889999866485596,6.039999961853027,5.911489486694336,15790940
MASR.CA,Real Estate,2026-04-08 22:00:00,6.039999961853027,6.159999847412109,5.96999979019165,6.099999904632568,5.970212459564209,19341659
MASR.CA,Real Estate,2026-04-13 22:00:00,6.099999904632568,6.170000076293945,6.03000020980835,6.070000171661377,5.940851211547852,9031341
MASR.CA,Real Estate,2026-04-14 22:00:00,6.070000171661377,6.159999847412109,6.039999961853027,6.119999885559082,5.9897871017456055,6445826
MASR.CA,Real Estate,2026-04-15 22:00:00,6.119999885559082,6.139999866485596,6.059999942779541,6.059999942779541,5.931063652038574,4618680
MASR.CA,Real Estate,2026-04-18 22:00:00,6.059999942779541,6.139999866485596,6.059999942779541,6.070000171661377,5.940851211547852,5112121
MASR.CA,Real Estate,2026-04-19 22:00:00,6.070000171661377,6.099999904632568,5.940000057220459,5.96999979019165,5.842978477478027,4949416
MASR.CA,Real Estate,2026-04-20 22:00:00,5.96999979019165,6.039999961853027,5.909999847412109,6.039999961853027,5.911489486694336,4199150
MASR.CA,Real Estate,2026-04-21 22:00:00,6.039999961853027,6.25,6.019999980926514,6.150000095367432,6.019148826599121,18105551
MASR.CA,Real Estate,2026-04-22 22:00:00,6.150000095367432,6.210000038146973,6.059999942779541,6.090000152587891,5.960425853729248,4744656
MASR.CA,Real Estate,2026-04-25 21:00:00,6.090000152587891,6.170000076293945,6.050000190734863,6.070000171661377,5.940851211547852,3959106
MASR.CA,Real Estate,2026-04-26 21:00:00,6.070000171661377,6.150000095367432,6.019999980926514,6.150000095367432,6.019148826599121,5320059
MASR.CA,Real Estate,2026-04-27 21:00:00,6.150000095367432,6.190000057220459,6.090000152587891,6.130000114440918,5.999574661254883,5701330
MASR.CA,Real Estate,2026-04-28 21:00:00,6.130000114440918,6.25,6.099999904632568,6.190000057220459,6.058298110961914,9788530
MASR.CA,Real Estate,2026-04-29 21:00:00,6.190000057220459,6.230000019073486,6.079999923706055,6.110000133514404,5.980000019073486,9989093
MASR.CA,Real Estate,2026-05-02 21:00:00,6.110000133514404,6.409999847412109,6.110000133514404,6.389999866485596,6.254042625427246,19458530
MASR.CA,Real Estate,2026-05-03 21:00:00,6.389999866485596,6.559999942779541,6.309999942779541,6.400000095367432,6.263829708099365,17455735
MASR.CA,Real Estate,2026-05-04 21:00:00,6.400000095367432,6.449999809265137,6.309999942779541,6.340000152587891,6.205106735229492,5505986
MASR.CA,Real Estate,2026-05-05 21:00:00,6.340000152587891,6.570000171661377,6.400000095367432,6.550000190734863,6.410638332366943,10847406
MASR.CA,Real Estate,2026-05-09 21:00:00,6.550000190734863,7.03000020980835,6.599999904632568,6.960000038146973,6.811914920806885,21658967
MASR.CA,Real Estate,2026-05-10 21:00:00,6.960000038146973,7.309999942779541,6.900000095367432,7.289999961853027,7.134893417358398,24265014
MASR.CA,Real Estate,2026-05-11 21:00:00,7.289999961853027,7.400000095367432,7.150000095367432,7.400000095367432,7.242553234100342,7875019
MASR.CA,Real Estate,2026-05-12 21:00:00,7.400000095367432,7.480000019073486,7.28000020980835,7.369999885559082,7.213191509246826,10246346
MASR.CA,Real Estate,2026-05-13 21:00:00,7.369999885559082,7.5,7.230000019073486,7.400000095367432,7.242553234100342,16596294
MASR.CA,Real Estate,2026-05-16 21:00:00,7.400000095367432,7.429999828338623,7.119999885559082,7.150000095367432,6.997872352600098,9745562
MASR.CA,Real Estate,2026-05-17 21:00:00,7.150000095367432,7.150000095367432,6.889999866485596,7.039999961853027,6.890212535858154,7621660
MASR.CA,Real Estate,2026-05-18 21:00:00,7.039999961853027,7.199999809265137,7.039999961853027,7.050000190734863,6.900000095367432,10295172
MASR.CA,Real Estate,2026-05-19 21:00:00,7.050000190734863,7.0,6.710000038146973,6.820000171661377,6.820000171661377,7619815
MASR.CA,Real Estate,2026-05-20 21:00:00,6.820000171661377,6.909999847412109,6.630000114440918,6.75,6.75,4794287
MASR.CA,Real Estate,2026-05-23 21:00:00,6.75,7.019999980926514,6.800000190734863,6.900000095367432,6.900000095367432,4979418
MASR.CA,Real Estate,2026-05-24 21:00:00,6.900000095367432,7.0,6.880000114440918,6.900000095367432,6.900000095367432,3929707
MASR.CA,Real Estate,2026-05-25 21:00:00,6.900000095367432,6.900000095367432,6.900000095367432,6.900000095367432,6.900000095367432,0
MASR.CA,Real Estate,2026-05-26 21:00:00,6.900000095367432,6.900000095367432,6.900000095367432,6.900000095367432,6.900000095367432,0
MASR.CA,Real Estate,2026-05-27 21:00:00,6.900000095367432,6.900000095367432,6.900000095367432,6.900000095367432,6.900000095367432,0
MASR.CA,Real Estate,2026-05-31 21:00:00,6.900000095367432,7.130000114440918,6.920000076293945,7.130000114440918,7.130000114440918,3535331
MASR.CA,Real Estate,2026-06-01 21:00:00,7.130000114440918,7.199999809265137,7.03000020980835,7.139999866485596,7.139999866485596,4446933
MASR.CA,Real Estate,2026-06-02 21:00:00,7.139999866485596,7.159999847412109,6.96999979019165,7.010000228881836,7.010000228881836,3937080
MASR.CA,Real Estate,2026-06-03 21:00:00,7.010000228881836,7.059999942779541,6.929999828338623,6.949999809265137,6.949999809265137,3338507
MASR.CA,Real Estate,2026-06-06 21:00:00,6.949999809265137,6.980000019073486,6.739999771118164,6.78000020980835,6.78000020980835,3745609
MASR.CA,Real Estate,2026-06-07 21:00:00,6.78000020980835,6.940000057220459,6.699999809265137,6.900000095367432,6.900000095367432,3080671
MASR.CA,Real Estate,2026-06-08 21:00:00,6.900000095367432,6.989999771118164,6.860000133514404,6.949999809265137,6.949999809265137,3980778
MASR.CA,Real Estate,2026-06-09 21:00:00,6.949999809265137,7.329999923706055,6.849999904632568,6.849999904632568,6.849999904632568,29048965
MASR.CA,Real Estate,2026-06-10 21:00:00,6.849999904632568,6.880000114440918,6.539999961853027,6.619999885559082,6.619999885559082,10755305
MASR.CA,Real Estate,2026-06-13 21:00:00,6.619999885559082,6.960000038146973,6.760000228881836,6.960000038146973,6.960000038146973,8228779
MASR.CA,Real Estate,2026-06-14 21:00:00,6.960000038146973,7.25,7.0,7.130000114440918,7.130000114440918,13136738
MASR.CA,Real Estate,2026-06-15 21:00:00,7.130000114440918,7.400000095367432,7.050000190734863,7.300000190734863,7.300000190734863,10553166
MASR.CA,Real Estate,2026-06-16 21:00:00,7.300000190734863,7.300000190734863,7.300000190734863,7.300000190734863,7.300000190734863,0
MASR.CA,Real Estate,2026-06-17 21:00:00,7.300000190734863,7.300000190734863,7.300000190734863,7.300000190734863,7.300000190734863,0
MASR.CA,Real Estate,2026-06-20 21:00:00,7.449999809265137,7.690000057220459,7.389999866485596,7.400000095367432,7.400000095367432,14161648
MASR.CA,Real Estate,2026-06-21 21:00:00,7.400000095367432,7.400000095367432,7.400000095367432,7.400000095367432,7.400000095367432,0
MASR.CA,Real Estate,2026-06-22 21:00:00,7.239999771118164,7.360000133514404,7.059999942779541,7.099999904632568,7.099999904632568,8594532
MASR.CA,Real Estate,2026-06-23 21:00:00,7.099999904632568,7.159999847412109,6.960000038146973,7.099999904632568,7.099999904632568,7339516
MASR.CA,Real Estate,2026-06-24 21:00:00,7.099999904632568,7.179999828338623,6.900000095367432,7.010000228881836,7.010000228881836,6445786
MASR.CA,Real Estate,2026-06-27 21:00:00,7.010000228881836,7.039999961853027,6.710000038146973,6.739999771118164,6.739999771118164,4425125
MASR.CA,Real Estate,2026-06-28 21:00:00,6.739999771118164,7.25,6.820000171661377,7.199999809265137,7.199999809265137,15636568
MASR.CA,Real Estate,2026-06-29 21:00:00,7.199999809265137,7.579999923706055,7.300000190734863,7.300000190734863,7.300000190734863,21131032
MASR.CA,Real Estate,2026-06-30 21:00:00,7.300000190734863,7.420000076293945,7.239999771118164,7.420000076293945,7.420000076293945,9192742
MASR.CA,Real Estate,2026-07-04 21:00:00,7.420000076293945,7.619999885559082,7.5,7.559999942779541,7.559999942779541,12420087
MASR.CA,Real Estate,2026-07-05 21:00:00,7.559999942779541,7.730000019073486,7.570000171661377,7.730000019073486,7.730000019073486,12534872
MASR.CA,Real Estate,2026-07-06 21:00:00,7.730000019073486,7.840000152587891,7.760000228881836,7.789999961853027,7.789999961853027,10189949
MASR.CA,Real Estate,2026-07-07 21:00:00,7.789999961853027,7.760000228881836,7.400000095367432,7.639999866485596,7.639999866485596,10973806
MASR.CA,Real Estate,2026-07-08 21:00:00,7.639999866485596,7.78000020980835,7.590000152587891,7.730000019073486,7.730000019073486,11656583
MASR.CA,Real Estate,2026-07-11 21:00:00,7.730000019073486,7.949999809265137,7.699999809265137,7.949999809265137,7.949999809265137,12577890
MASR.CA,Real Estate,2026-07-12 21:00:00,7.949999809265137,8.199999809265137,7.96999979019165,8.199999809265137,8.199999809265137,13535838
MASR.CA,Real Estate,2026-07-13 21:00:00,8.199999809265137,8.210000038146973,8.020000457763672,8.130000114440918,8.130000114440918,8472699
MASR.CA,Real Estate,2026-07-14 21:00:00,8.130000114440918,8.350000381469727,8.140000343322754,8.34000015258789,8.34000015258789,8855603
MASR.CA,Real Estate,2026-07-15 21:00:00,8.34000015258789,8.510000228881836,8.220000267028809,8.359999656677246,8.359999656677246,15881865
MASR.CA,Real Estate,2026-07-18 21:00:00,8.359999656677246,8.399999618530273,8.210000038146973,8.390000343322754,8.390000343322754,9623771
MASR.CA,Real Estate,2026-07-19 21:00:00,8.390000343322754,8.449999809265137,8.270000457763672,8.350000381469727,8.350000381469727,7669459
MASR.CA,Real Estate,2026-07-20 21:00:00,8.350000381469727,8.40999984741211,8.25,8.359999656677246,8.359999656677246,8360938
MASR.CA,Real Estate,2026-07-21 21:00:00,8.359999656677246,8.399999618530273,8.260000228881836,8.350000381469727,8.350000381469727,7671033
MASR.CA,Real Estate,2026-07-25 21:00:00,8.350000381469727,8.34000015258789,8.229999542236328,8.260000228881836,8.260000228881836,7209738
MASR.CA,Real Estate,2026-07-26 21:00:00,8.260000228881836,8.260000228881836,7.980000019073486,7.989999771118164,7.989999771118164,14829846
MASR.CA,Real Estate,2026-07-27 21:00:00,7.989999771118164,8.15999984741211,8.0,8.050000190734863,8.050000190734863,8200336
MASR.CA,Real Estate,2026-07-28 21:00:00,8.050000190734863,8.130000114440918,7.960000038146973,8.0,8.0,5693514
MASR.CA,Real Estate,2026-07-29 21:00:00,8.0,7.980000019073486,7.789999961853027,7.980000019073486,7.980000019073486,10017175
MASR.CA,Real Estate,2026-08-01 21:00:00,7.980000019073486,8.069999694824219,7.900000095367432,8.069999694824219,8.069999694824219,6925497
MASR.CA,Real Estate,2026-08-02 21:00:00,8.069999694824219,8.119999885559082,8.0,8.010000228881836,8.010000228881836,6777462
MASR.CA,Real Estate,2026-08-03 21:00:00,8.010000228881836,8.050000190734863,7.940000057220459,7.96999979019165,7.96999979019165,4873788
MASR.CA,Real Estate,2026-08-04 21:00:00,7.96999979019165,8.020000457763672,7.949999809265137,7.980000019073486,7.980000019073486,4135296
MASR.CA,Real Estate,2026-08-05 21:00:00,7.980000019073486,8.050000190734863,7.880000114440918,8.039999961853027,8.039999961853027,9900615
