symbol,sector,raw_date_utc,open,high,low,close,adj_close,volume
ORHD.CA,Real Estate,2022-01-01 22:00:00,6.0,6.070000171661377,5.800000190734863,5.840000152587891,5.733160495758057,985305
ORHD.CA,Real Estate,2022-01-02 22:00:00,5.840000152587891,5.900000095367432,5.699999809265137,5.760000228881836,5.654623985290527,1477720
ORHD.CA,Real Estate,2022-01-03 22:00:00,5.760000228881836,5.789999961853027,5.659999847412109,5.710000038146973,5.605538845062256,1055116
ORHD.CA,Real Estate,2022-01-04 22:00:00,5.710000038146973,5.900000095367432,5.659999847412109,5.860000133514404,5.7527947425842285,5007314
ORHD.CA,Real Estate,2022-01-08 22:00:00,5.860000133514404,5.860000133514404,5.860000133514404,5.860000133514404,5.7527947425842285,0
ORHD.CA,Real Estate,2022-01-09 22:00:00,5.75,5.829999923706055,5.710000038146973,5.75,5.644806861877441,757770
ORHD.CA,Real Estate,2022-01-10 22:00:00,5.75,5.769999980926514,5.599999904632568,5.730000019073486,5.6251726150512695,961974
ORHD.CA,Real Estate,2022-01-11 22:00:00,5.730000019073486,5.829999923706055,5.699999809265137,5.760000228881836,5.654623985290527,479818
ORHD.CA,Real Estate,2022-01-12 22:00:00,5.760000228881836,5.769999980926514,5.599999904632568,5.610000133514404,5.507368087768555,567354
ORHD.CA,Real Estate,2022-01-15 22:00:00,5.610000133514404,5.679999828338623,5.550000190734863,5.599999904632568,5.497550964355469,1046327
ORHD.CA,Real Estate,2022-01-16 22:00:00,5.599999904632568,5.699999809265137,5.510000228881836,5.539999961853027,5.438648700714111,125788
ORHD.CA,Real Estate,2022-01-17 22:00:00,5.539999961853027,5.599999904632568,5.429999828338623,5.53000020980835,5.428832054138184,263167
ORHD.CA,Real Estate,2022-01-18 22:00:00,5.53000020980835,5.659999847412109,5.5,5.550000190734863,5.448465824127197,487977
ORHD.CA,Real Estate,2022-01-19 22:00:00,5.550000190734863,5.599999904632568,5.510000228881836,5.519999980926514,5.4190144538879395,250948
ORHD.CA,Real Estate,2022-01-22 22:00:00,5.519999980926514,5.579999923706055,5.429999828338623,5.460000038146973,5.360112190246582,170355
ORHD.CA,Real Estate,2022-01-23 22:00:00,5.460000038146973,5.5,5.400000095367432,5.449999809265137,5.350295066833496,459023
ORHD.CA,Real Estate,2022-01-24 22:00:00,5.449999809265137,5.539999961853027,5.429999828338623,5.46999979019165,5.369929313659668,1323532
ORHD.CA,Real Estate,2022-01-25 22:00:00,5.46999979019165,5.429999828338623,5.159999847412109,5.210000038146973,5.114686012268066,1961394
ORHD.CA,Real Estate,2022-01-29 22:00:00,5.210000038146973,5.389999866485596,5.199999809265137,5.25,5.153954029083252,668365
ORHD.CA,Real Estate,2022-01-30 22:00:00,5.25,5.360000133514404,5.300000190734863,5.309999942779541,5.212856292724609,569781
ORHD.CA,Real Estate,2022-01-31 22:00:00,5.309999942779541,5.900000095367432,5.309999942779541,5.619999885559082,5.517185211181641,1202041
ORHD.CA,Real Estate,2022-02-01 22:00:00,5.619999885559082,5.699999809265137,5.579999923706055,5.650000095367432,5.546636581420898,266984
ORHD.CA,Real Estate,2022-02-02 22:00:00,5.650000095367432,5.630000114440918,5.5,5.599999904632568,5.497550964355469,496209
ORHD.CA,Real Estate,2022-02-05 22:00:00,5.599999904632568,5.650000095367432,5.53000020980835,5.599999904632568,5.497550964355469,42603
ORHD.CA,Real Estate,2022-02-06 22:00:00,5.599999904632568,5.679999828338623,5.400000095367432,5.519999980926514,5.4190144538879395,680737
ORHD.CA,Real Estate,2022-02-07 22:00:00,5.519999980926514,5.550000190734863,5.420000076293945,5.460000038146973,5.360112190246582,259717
ORHD.CA,Real Estate,2022-02-08 22:00:00,5.460000038146973,5.699999809265137,5.460000038146973,5.599999904632568,5.497550964355469,673496
ORHD.CA,Real Estate,2022-02-09 22:00:00,5.599999904632568,5.690000057220459,5.510000228881836,5.510000228881836,5.409197807312012,543634
ORHD.CA,Real Estate,2022-02-12 22:00:00,5.510000228881836,5.5,5.400000095367432,5.409999847412109,5.3110270500183105,63070
ORHD.CA,Real Estate,2022-02-13 22:00:00,5.409999847412109,5.400000095367432,5.150000095367432,5.190000057220459,5.0950517654418945,408091
ORHD.CA,Real Estate,2022-02-14 22:00:00,5.190000057220459,5.28000020980835,5.099999904632568,5.199999809265137,5.1048688888549805,545227
ORHD.CA,Real Estate,2022-02-15 22:00:00,5.199999809265137,5.300000190734863,5.150000095367432,5.199999809265137,5.1048688888549805,110333
ORHD.CA,Real Estate,2022-02-16 22:00:00,5.199999809265137,5.480000019073486,5.079999923706055,5.289999961853027,5.193222522735596,367149
ORHD.CA,Real Estate,2022-02-19 22:00:00,5.289999961853027,5.170000076293945,5.059999942779541,5.070000171661377,4.97724723815918,162142
ORHD.CA,Real Estate,2022-02-20 22:00:00,5.070000171661377,5.159999847412109,4.929999828338623,5.099999904632568,5.006698131561279,234988
ORHD.CA,Real Estate,2022-02-21 22:00:00,5.099999904632568,5.139999866485596,4.800000190734863,5.099999904632568,5.006698131561279,471154
ORHD.CA,Real Estate,2022-02-22 22:00:00,5.099999904632568,5.099999904632568,5.010000228881836,5.099999904632568,5.006698131561279,7769
ORHD.CA,Real Estate,2022-02-23 22:00:00,5.099999904632568,4.960000038146973,4.400000095367432,4.559999942779541,4.476577281951904,817381
ORHD.CA,Real Estate,2022-02-26 22:00:00,4.559999942779541,4.900000095367432,4.5,4.590000152587891,4.506028652191162,524099
ORHD.CA,Real Estate,2022-02-27 22:00:00,4.590000152587891,4.550000190734863,4.329999923706055,4.369999885559082,4.290052890777588,1724116
ORHD.CA,Real Estate,2022-02-28 22:00:00,4.369999885559082,4.53000020980835,4.349999904632568,4.400000095367432,4.319504261016846,1508417
ORHD.CA,Real Estate,2022-03-01 22:00:00,4.400000095367432,4.440000057220459,4.230000019073486,4.309999942779541,4.2311506271362305,741672
ORHD.CA,Real Estate,2022-03-02 22:00:00,4.309999942779541,4.440000057220459,4.269999980926514,4.380000114440918,4.299870491027832,464526
ORHD.CA,Real Estate,2022-03-05 22:00:00,4.380000114440918,4.400000095367432,4.269999980926514,4.300000190734863,4.221333980560303,380223
ORHD.CA,Real Estate,2022-03-06 22:00:00,4.300000190734863,4.28000020980835,4.110000133514404,4.119999885559082,4.044626712799072,212339
ORHD.CA,Real Estate,2022-03-07 22:00:00,4.119999885559082,4.119999885559082,4.119999885559082,4.119999885559082,4.044626712799072,0
ORHD.CA,Real Estate,2022-03-08 22:00:00,4.059999942779541,4.150000095367432,4.03000020980835,4.099999904632568,4.0249924659729,146351
ORHD.CA,Real Estate,2022-03-09 22:00:00,4.099999904632568,4.269999980926514,4.03000020980835,4.119999885559082,4.044626712799072,223198
ORHD.CA,Real Estate,2022-03-12 22:00:00,4.119999885559082,4.25,4.079999923706055,4.099999904632568,4.0249924659729,212797
ORHD.CA,Real Estate,2022-03-13 22:00:00,4.099999904632568,4.099999904632568,3.990000009536743,3.990000009536743,3.9170050621032715,425503
ORHD.CA,Real Estate,2022-03-14 22:00:00,3.990000009536743,4.079999923706055,3.819999933242798,3.880000114440918,3.8090176582336426,464196
ORHD.CA,Real Estate,2022-03-15 22:00:00,3.880000114440918,4.079999923706055,3.8399999141693115,3.9100000858306885,3.8384687900543213,2956387
ORHD.CA,Real Estate,2022-03-16 22:00:00,3.9100000858306885,3.990000009536743,3.7100000381469727,3.7699999809265137,3.7010297775268555,1531207
ORHD.CA,Real Estate,2022-03-19 22:00:00,3.7699999809265137,4.21999979019165,3.819999933242798,4.099999904632568,4.0249924659729,4056414
ORHD.CA,Real Estate,2022-03-20 22:00:00,4.099999904632568,4.5,4.150000095367432,4.429999828338623,4.3489556312561035,4116379
ORHD.CA,Real Estate,2022-03-21 22:00:00,4.429999828338623,4.699999809265137,4.070000171661377,4.099999904632568,4.0249924659729,5309843
ORHD.CA,Real Estate,2022-03-22 22:00:00,4.099999904632568,4.230000019073486,4.039999961853027,4.150000095367432,4.07407808303833,5974165
ORHD.CA,Real Estate,2022-03-23 22:00:00,4.150000095367432,4.360000133514404,4.179999828338623,4.260000228881836,4.182065963745117,4595117
ORHD.CA,Real Estate,2022-03-26 22:00:00,4.260000228881836,4.329999923706055,4.139999866485596,4.170000076293945,4.093712329864502,2055851
ORHD.CA,Real Estate,2022-03-27 22:00:00,4.170000076293945,4.239999771118164,3.9700000286102295,4.039999961853027,3.966090440750122,1611037
ORHD.CA,Real Estate,2022-03-28 22:00:00,4.039999961853027,4.260000228881836,3.930000066757202,4.21999979019165,4.142796993255615,1962266
ORHD.CA,Real Estate,2022-03-29 22:00:00,4.21999979019165,4.300000190734863,4.130000114440918,4.210000038146973,4.1329803466796875,1256508
ORHD.CA,Real Estate,2022-03-30 22:00:00,4.210000038146973,4.239999771118164,4.110000133514404,4.199999809265137,4.123163223266602,973916
ORHD.CA,Real Estate,2022-04-02 22:00:00,4.199999809265137,4.269999980926514,4.199999809265137,4.199999809265137,4.123163223266602,320708
ORHD.CA,Real Estate,2022-04-03 22:00:00,4.199999809265137,4.400000095367432,4.210000038146973,4.340000152587891,4.260601997375488,2768550
ORHD.CA,Real Estate,2022-04-04 22:00:00,4.340000152587891,4.480000019073486,4.300000190734863,4.400000095367432,4.319504261016846,2652852
ORHD.CA,Real Estate,2022-04-05 22:00:00,4.400000095367432,4.46999979019165,4.309999942779541,4.349999904632568,4.270419120788574,479178
ORHD.CA,Real Estate,2022-04-06 22:00:00,4.349999904632568,4.400000095367432,4.300000190734863,4.380000114440918,4.299870491027832,732304
ORHD.CA,Real Estate,2022-04-09 22:00:00,4.380000114440918,4.400000095367432,4.21999979019165,4.25,4.172248363494873,257474
ORHD.CA,Real Estate,2022-04-10 22:00:00,4.25,4.25,4.019999980926514,4.050000190734863,3.975907564163208,283208
ORHD.CA,Real Estate,2022-04-11 22:00:00,4.050000190734863,4.150000095367432,4.0,4.110000133514404,4.0348100662231445,320097
ORHD.CA,Real Estate,2022-04-12 22:00:00,4.110000133514404,4.159999847412109,4.059999942779541,4.099999904632568,4.0249924659729,91664
ORHD.CA,Real Estate,2022-04-13 22:00:00,4.099999904632568,4.099999904632568,3.950000047683716,4.0,3.9268221855163574,624567
ORHD.CA,Real Estate,2022-04-16 22:00:00,4.0,4.050000190734863,3.9200000762939453,3.990000009536743,3.9170050621032715,1007924
ORHD.CA,Real Estate,2022-04-17 22:00:00,3.990000009536743,4.079999923706055,3.809999942779541,4.0,3.9268221855163574,1184408
ORHD.CA,Real Estate,2022-04-18 22:00:00,4.0,4.139999866485596,4.0,4.079999923706055,4.005358695983887,298879
ORHD.CA,Real Estate,2022-04-19 22:00:00,4.079999923706055,4.090000152587891,3.9800000190734863,4.019999980926514,3.94645619392395,231481
ORHD.CA,Real Estate,2022-04-20 22:00:00,4.019999980926514,4.159999847412109,4.019999980926514,4.130000114440918,4.054443836212158,400525
ORHD.CA,Real Estate,2022-04-25 22:00:00,4.130000114440918,4.239999771118164,4.059999942779541,4.079999923706055,4.005358695983887,211669
ORHD.CA,Real Estate,2022-04-26 22:00:00,4.079999923706055,4.199999809265137,4.070000171661377,4.090000152587891,4.015175819396973,306263
ORHD.CA,Real Estate,2022-04-27 22:00:00,4.090000152587891,4.409999847412109,4.150000095367432,4.389999866485596,4.30968713760376,1128939
ORHD.CA,Real Estate,2022-05-07 22:00:00,4.389999866485596,4.349999904632568,4.059999942779541,4.289999961853027,4.211516857147217,385703
ORHD.CA,Real Estate,2022-05-08 22:00:00,4.289999961853027,4.550000190734863,4.340000152587891,4.510000228881836,4.427492141723633,3299044
ORHD.CA,Real Estate,2022-05-09 22:00:00,4.510000228881836,4.5,4.360000133514404,4.389999866485596,4.30968713760376,478294
ORHD.CA,Real Estate,2022-05-10 22:00:00,4.389999866485596,4.519999980926514,4.329999923706055,4.369999885559082,4.290052890777588,215033
ORHD.CA,Real Estate,2022-05-11 22:00:00,4.369999885559082,4.449999809265137,4.21999979019165,4.28000020980835,4.201699733734131,294280
ORHD.CA,Real Estate,2022-05-14 22:00:00,4.28000020980835,4.369999885559082,4.28000020980835,4.300000190734863,4.221333980560303,138425
ORHD.CA,Real Estate,2022-05-15 22:00:00,4.300000190734863,4.349999904632568,4.0,4.110000133514404,4.0348100662231445,480654
ORHD.CA,Real Estate,2022-05-16 22:00:00,4.110000133514404,4.199999809265137,4.110000133514404,4.110000133514404,4.0348100662231445,15395
ORHD.CA,Real Estate,2022-05-17 22:00:00,4.110000133514404,4.21999979019165,4.150000095367432,4.190000057220459,4.113346099853516,199814
ORHD.CA,Real Estate,2022-05-18 22:00:00,4.190000057220459,4.21999979019165,4.0,4.110000133514404,4.0348100662231445,183558
ORHD.CA,Real Estate,2022-05-21 22:00:00,4.110000133514404,4.199999809265137,4.019999980926514,4.099999904632568,4.0249924659729,160899
ORHD.CA,Real Estate,2022-05-22 22:00:00,4.099999904632568,4.199999809265137,4.099999904632568,4.170000076293945,4.093712329864502,230406
ORHD.CA,Real Estate,2022-05-23 22:00:00,4.170000076293945,4.179999828338623,4.099999904632568,4.119999885559082,4.044626712799072,151786
ORHD.CA,Real Estate,2022-05-24 22:00:00,4.119999885559082,4.179999828338623,4.010000228881836,4.03000020980835,3.9562735557556152,75565
ORHD.CA,Real Estate,2022-05-25 22:00:00,4.03000020980835,4.090000152587891,3.950000047683716,3.9700000286102295,3.8973710536956787,255097
ORHD.CA,Real Estate,2022-05-28 22:00:00,3.9700000286102295,4.070000171661377,3.8399999141693115,3.9700000286102295,3.8973710536956787,27417
ORHD.CA,Real Estate,2022-05-29 22:00:00,3.9700000286102295,4.019999980926514,3.880000114440918,3.940000057220459,3.867919921875,476151
ORHD.CA,Real Estate,2022-05-30 22:00:00,3.940000057220459,4.019999980926514,3.990000009536743,4.0,3.9268221855163574,766463
ORHD.CA,Real Estate,2022-05-31 22:00:00,4.0,4.090000152587891,3.9000000953674316,4.019999980926514,3.94645619392395,186822
ORHD.CA,Real Estate,2022-06-01 22:00:00,4.019999980926514,4.090000152587891,3.950000047683716,4.019999980926514,3.94645619392395,34380
ORHD.CA,Real Estate,2022-06-04 22:00:00,4.019999980926514,4.019999980926514,4.019999980926514,4.019999980926514,3.94645619392395,0
ORHD.CA,Real Estate,2022-06-05 22:00:00,3.930000066757202,4.019999980926514,3.930000066757202,3.950000047683716,3.877737045288086,109046
ORHD.CA,Real Estate,2022-06-06 22:00:00,3.950000047683716,4.039999961853027,3.9200000762939453,4.0,3.9268221855163574,294847
ORHD.CA,Real Estate,2022-06-07 22:00:00,4.0,4.119999885559082,3.950000047683716,4.070000171661377,3.99554181098938,907608
ORHD.CA,Real Estate,2022-06-08 22:00:00,4.070000171661377,4.329999923706055,4.099999904632568,4.119999885559082,4.044626712799072,3325859
ORHD.CA,Real Estate,2022-06-11 22:00:00,4.119999885559082,4.179999828338623,4.059999942779541,4.159999847412109,4.083894729614258,895863
ORHD.CA,Real Estate,2022-06-12 22:00:00,4.159999847412109,4.199999809265137,4.03000020980835,4.039999961853027,3.966090440750122,608779
ORHD.CA,Real Estate,2022-06-13 22:00:00,4.039999961853027,4.090000152587891,4.0,4.050000190734863,3.975907564163208,625382
ORHD.CA,Real Estate,2022-06-14 22:00:00,4.050000190734863,4.090000152587891,4.010000228881836,4.03000020980835,3.9562735557556152,506300
ORHD.CA,Real Estate,2022-06-15 22:00:00,4.03000020980835,4.289999961853027,4.079999923706055,4.119999885559082,4.044626712799072,874746
ORHD.CA,Real Estate,2022-06-18 22:00:00,4.119999885559082,4.119999885559082,4.0,4.019999980926514,3.94645619392395,334876
ORHD.CA,Real Estate,2022-06-19 22:00:00,4.019999980926514,4.039999961853027,3.9200000762939453,3.940000057220459,3.867919921875,324428
ORHD.CA,Real Estate,2022-06-20 22:00:00,3.940000057220459,4.070000171661377,3.9600000381469727,3.9700000286102295,3.8973710536956787,198242
ORHD.CA,Real Estate,2022-06-21 22:00:00,3.9700000286102295,4.010000228881836,3.890000104904175,3.9200000762939453,3.8482859134674072,442819
ORHD.CA,Real Estate,2022-06-22 22:00:00,3.9200000762939453,3.9000000953674316,3.759999990463257,3.809999942779541,3.74029803276062,160575
ORHD.CA,Real Estate,2022-06-25 22:00:00,3.809999942779541,3.9000000953674316,3.740000009536743,3.7699999809265137,3.7010297775268555,469466
ORHD.CA,Real Estate,2022-06-26 22:00:00,3.7699999809265137,3.819999933242798,3.490000009536743,3.5,3.435969352722168,1110915
ORHD.CA,Real Estate,2022-06-27 22:00:00,3.5,3.7799999713897705,3.4000000953674316,3.619999885559082,3.553773880004883,564590
ORHD.CA,Real Estate,2022-06-28 22:00:00,3.619999885559082,3.75,3.549999952316284,3.700000047683716,3.632310628890991,1228346
ORHD.CA,Real Estate,2022-07-02 22:00:00,3.700000047683716,3.630000114440918,3.5,3.549999952316284,3.4850547313690186,471275
ORHD.CA,Real Estate,2022-07-03 22:00:00,3.549999952316284,3.5999999046325684,3.3499999046325684,3.430000066757202,3.3672502040863037,510709
ORHD.CA,Real Estate,2022-07-04 22:00:00,3.430000066757202,3.549999952316284,3.430000066757202,3.4800000190734863,3.416335344314575,716558
ORHD.CA,Real Estate,2022-07-05 22:00:00,3.4800000190734863,3.549999952316284,3.380000114440918,3.5299999713897705,3.4654204845428467,281985
ORHD.CA,Real Estate,2022-07-06 22:00:00,3.5299999713897705,3.6500000953674316,3.450000047683716,3.5,3.435969352722168,437078
ORHD.CA,Real Estate,2022-07-16 22:00:00,3.5,3.740000009536743,3.4100000858306885,3.430000066757202,3.3672502040863037,159151
ORHD.CA,Real Estate,2022-07-17 22:00:00,3.430000066757202,3.5899999141693115,3.440000057220459,3.5199999809265137,3.45560359954834,267566
ORHD.CA,Real Estate,2022-07-18 22:00:00,3.5199999809265137,3.7200000286102295,3.5,3.690000057220459,3.6224935054779053,364658
ORHD.CA,Real Estate,2022-07-19 22:00:00,3.690000057220459,3.799999952316284,3.5999999046325684,3.6500000953674316,3.5832252502441406,4157518
ORHD.CA,Real Estate,2022-07-20 22:00:00,3.6500000953674316,3.9000000953674316,3.6600000858306885,3.8299999237060547,3.759932279586792,5951901
ORHD.CA,Real Estate,2022-07-23 22:00:00,3.8299999237060547,3.9000000953674316,3.7699999809265137,3.7799999713897705,3.7108469009399414,290041
ORHD.CA,Real Estate,2022-07-24 22:00:00,3.7799999713897705,3.880000114440918,3.7200000286102295,3.740000009536743,3.6715786457061768,274116
ORHD.CA,Real Estate,2022-07-25 22:00:00,3.740000009536743,3.8299999237060547,3.75,3.7899999618530273,3.7206640243530273,286532
ORHD.CA,Real Estate,2022-07-26 22:00:00,3.7899999618530273,3.8399999141693115,3.7699999809265137,3.799999952316284,3.7304811477661133,525391
ORHD.CA,Real Estate,2022-07-27 22:00:00,3.799999952316284,3.819999933242798,3.75,3.799999952316284,3.7304811477661133,118067
ORHD.CA,Real Estate,2022-07-30 22:00:00,3.799999952316284,3.880000114440918,3.75,3.8499999046325684,3.7795662879943848,213530
ORHD.CA,Real Estate,2022-07-31 22:00:00,3.8499999046325684,3.880000114440918,3.7100000381469727,3.740000009536743,3.6715786457061768,459119
ORHD.CA,Real Estate,2022-08-01 22:00:00,3.740000009536743,3.75,3.6700000762939453,3.700000047683716,3.632310628890991,402064
ORHD.CA,Real Estate,2022-08-02 22:00:00,3.700000047683716,3.9700000286102295,3.700000047683716,3.9200000762939453,3.8482859134674072,2576175
ORHD.CA,Real Estate,2022-08-03 22:00:00,3.9200000762939453,4.170000076293945,3.890000104904175,4.130000114440918,4.054443836212158,1070281
ORHD.CA,Real Estate,2022-08-06 22:00:00,4.130000114440918,4.199999809265137,4.059999942779541,4.099999904632568,4.0249924659729,315066
ORHD.CA,Real Estate,2022-08-07 22:00:00,4.099999904632568,4.179999828338623,4.0,4.03000020980835,3.9562735557556152,436081
ORHD.CA,Real Estate,2022-08-08 22:00:00,4.03000020980835,4.159999847412109,4.019999980926514,4.03000020980835,3.9562735557556152,305175
ORHD.CA,Real Estate,2022-08-09 22:00:00,4.03000020980835,4.139999866485596,3.9000000953674316,3.950000047683716,3.877737045288086,841930
ORHD.CA,Real Estate,2022-08-10 22:00:00,3.950000047683716,4.070000171661377,3.9600000381469727,4.010000228881836,3.9366395473480225,238408
ORHD.CA,Real Estate,2022-08-13 22:00:00,4.010000228881836,4.199999809265137,4.010000228881836,4.059999942779541,3.985724449157715,448676
ORHD.CA,Real Estate,2022-08-14 22:00:00,4.059999942779541,4.139999866485596,4.03000020980835,4.079999923706055,4.005358695983887,556304
ORHD.CA,Real Estate,2022-08-15 22:00:00,4.079999923706055,4.150000095367432,3.990000009536743,4.079999923706055,4.005358695983887,58953
ORHD.CA,Real Estate,2022-08-16 22:00:00,4.079999923706055,4.400000095367432,4.0,4.239999771118164,4.162431240081787,3095169
ORHD.CA,Real Estate,2022-08-17 22:00:00,4.239999771118164,4.239999771118164,4.239999771118164,4.239999771118164,4.162431240081787,0
ORHD.CA,Real Estate,2022-08-20 22:00:00,4.28000020980835,4.650000095367432,4.289999961853027,4.53000020980835,4.447126388549805,4583945
ORHD.CA,Real Estate,2022-08-21 22:00:00,4.53000020980835,4.869999885559082,4.5,4.630000114440918,4.545296669006348,2032298
ORHD.CA,Real Estate,2022-08-22 22:00:00,4.630000114440918,4.630000114440918,4.630000114440918,4.630000114440918,4.545296669006348,0
ORHD.CA,Real Estate,2022-08-23 22:00:00,4.889999866485596,4.96999979019165,4.710000038146973,4.869999885559082,4.780905723571777,616617
ORHD.CA,Real Estate,2022-08-24 22:00:00,4.869999885559082,5.300000190734863,4.800000190734863,5.260000228881836,5.163771629333496,4133348
ORHD.CA,Real Estate,2022-08-27 22:00:00,5.260000228881836,5.25,5.0,5.099999904632568,5.006698131561279,2157214
ORHD.CA,Real Estate,2022-08-28 22:00:00,5.099999904632568,5.239999771118164,5.0,5.039999961853027,4.947795867919922,1301049
ORHD.CA,Real Estate,2022-08-29 22:00:00,5.039999961853027,5.150000095367432,5.0,5.050000190734863,4.957612991333008,2613414
ORHD.CA,Real Estate,2022-08-30 22:00:00,5.050000190734863,5.079999923706055,4.909999847412109,4.960000038146973,4.869259357452393,77245
ORHD.CA,Real Estate,2022-08-31 22:00:00,4.960000038146973,5.019999980926514,4.800000190734863,4.869999885559082,4.780905723571777,230129
ORHD.CA,Real Estate,2022-09-03 22:00:00,4.869999885559082,5.039999961853027,4.869999885559082,5.0,4.908527851104736,109220
ORHD.CA,Real Estate,2022-09-04 22:00:00,5.0,5.199999809265137,5.0,5.190000057220459,5.0950517654418945,125391
ORHD.CA,Real Estate,2022-09-05 22:00:00,5.190000057220459,5.349999904632568,5.190000057220459,5.300000190734863,5.203039646148682,782864
ORHD.CA,Real Estate,2022-09-06 22:00:00,5.300000190734863,5.340000152587891,5.110000133514404,5.230000019073486,5.134320259094238,163473
ORHD.CA,Real Estate,2022-09-07 22:00:00,5.230000019073486,5.300000190734863,5.110000133514404,5.210000038146973,5.114686012268066,324224
ORHD.CA,Real Estate,2022-09-10 22:00:00,5.210000038146973,5.699999809265137,5.150000095367432,5.420000076293945,5.3208441734313965,985011
ORHD.CA,Real Estate,2022-09-11 22:00:00,5.420000076293945,5.639999866485596,5.5,5.550000190734863,5.448465824127197,612615
ORHD.CA,Real Estate,2022-09-12 22:00:00,5.550000190734863,5.579999923706055,5.349999904632568,5.550000190734863,5.448465824127197,49365
ORHD.CA,Real Estate,2022-09-13 22:00:00,5.550000190734863,5.349999904632568,5.150000095367432,5.159999847412109,5.065600395202637,1036896
ORHD.CA,Real Estate,2022-09-14 22:00:00,5.159999847412109,5.300000190734863,5.050000190734863,5.079999923706055,4.987063884735107,157861
ORHD.CA,Real Estate,2022-09-17 22:00:00,5.079999923706055,5.349999904632568,4.809999942779541,4.820000171661377,4.731821060180664,248271
ORHD.CA,Real Estate,2022-09-18 22:00:00,4.820000171661377,5.159999847412109,4.820000171661377,5.099999904632568,5.006698131561279,1312847
ORHD.CA,Real Estate,2022-09-19 22:00:00,5.099999904632568,5.190000057220459,4.960000038146973,5.070000171661377,4.97724723815918,247746
ORHD.CA,Real Estate,2022-09-20 22:00:00,5.070000171661377,5.190000057220459,5.0,5.070000171661377,4.97724723815918,58112
ORHD.CA,Real Estate,2022-09-21 22:00:00,5.070000171661377,5.090000152587891,4.849999904632568,5.010000228881836,4.918344974517822,62380
ORHD.CA,Real Estate,2022-09-24 22:00:00,5.010000228881836,5.050000190734863,4.849999904632568,4.909999847412109,4.820174217224121,202791
ORHD.CA,Real Estate,2022-09-25 22:00:00,4.909999847412109,5.260000228881836,4.900000095367432,5.110000133514404,5.016515254974365,868203
ORHD.CA,Real Estate,2022-09-26 22:00:00,5.110000133514404,5.25,5.03000020980835,5.110000133514404,5.016515254974365,18955
ORHD.CA,Real Estate,2022-09-27 22:00:00,5.110000133514404,5.150000095367432,5.0,5.010000228881836,4.918344974517822,99076
ORHD.CA,Real Estate,2022-09-28 22:00:00,5.010000228881836,5.199999809265137,5.03000020980835,5.099999904632568,5.006698131561279,74526
ORHD.CA,Real Estate,2022-10-01 22:00:00,5.099999904632568,5.190000057220459,5.0,5.099999904632568,5.006698131561279,278658
ORHD.CA,Real Estate,2022-10-02 22:00:00,5.099999904632568,5.130000114440918,4.849999904632568,5.099999904632568,5.006698131561279,36377
ORHD.CA,Real Estate,2022-10-03 22:00:00,5.099999904632568,5.260000228881836,5.010000228881836,5.25,5.153954029083252,122380
ORHD.CA,Real Estate,2022-10-04 22:00:00,5.25,5.269999980926514,5.090000152587891,5.25,5.153954029083252,44891
ORHD.CA,Real Estate,2022-10-08 22:00:00,5.25,5.340000152587891,5.119999885559082,5.25,5.153954029083252,32695
ORHD.CA,Real Estate,2022-10-09 22:00:00,5.25,5.75,5.21999979019165,5.369999885559082,5.271758556365967,1165810
ORHD.CA,Real Estate,2022-10-10 22:00:00,5.369999885559082,5.5,5.300000190734863,5.460000038146973,5.360112190246582,165769
ORHD.CA,Real Estate,2022-10-11 22:00:00,5.460000038146973,5.46999979019165,5.099999904632568,5.199999809265137,5.1048688888549805,894353
ORHD.CA,Real Estate,2022-10-12 22:00:00,5.199999809265137,5.400000095367432,5.099999904632568,5.210000038146973,5.114686012268066,162262
ORHD.CA,Real Estate,2022-10-15 22:00:00,5.210000038146973,5.659999847412109,5.090000152587891,5.599999904632568,5.497550964355469,495731
ORHD.CA,Real Estate,2022-10-16 22:00:00,5.599999904632568,5.869999885559082,5.599999904632568,5.710000038146973,5.605538845062256,1074389
ORHD.CA,Real Estate,2022-10-17 22:00:00,5.710000038146973,5.800000190734863,5.699999809265137,5.71999979019165,5.615355491638184,361819
ORHD.CA,Real Estate,2022-10-18 22:00:00,5.71999979019165,5.739999771118164,5.420000076293945,5.71999979019165,5.615355491638184,156077
ORHD.CA,Real Estate,2022-10-19 22:00:00,5.71999979019165,5.75,5.409999847412109,5.71999979019165,5.615355491638184,269796
ORHD.CA,Real Estate,2022-10-22 22:00:00,5.71999979019165,5.900000095367432,5.710000038146973,5.889999866485596,5.782245635986328,2148471
ORHD.CA,Real Estate,2022-10-23 22:00:00,5.889999866485596,5.949999809265137,5.619999885559082,5.690000057220459,5.585904598236084,1191391
ORHD.CA,Real Estate,2022-10-24 22:00:00,5.690000057220459,6.130000114440918,5.809999942779541,5.989999771118164,5.880415916442871,6194165
ORHD.CA,Real Estate,2022-10-25 22:00:00,5.989999771118164,5.989999771118164,5.989999771118164,5.989999771118164,5.880415916442871,0
ORHD.CA,Real Estate,2022-10-26 22:00:00,6.420000076293945,6.539999961853027,6.119999885559082,6.150000095367432,6.037489414215088,2326830
ORHD.CA,Real Estate,2022-10-29 22:00:00,6.150000095367432,6.239999771118164,5.809999942779541,6.0,5.890233039855957,730548
ORHD.CA,Real Estate,2022-10-30 22:00:00,6.0,6.099999904632568,5.880000114440918,5.980000019073486,5.870599269866943,1000308
ORHD.CA,Real Estate,2022-10-31 22:00:00,5.980000019073486,6.159999847412109,5.860000133514404,5.920000076293945,5.811697006225586,1429399
ORHD.CA,Real Estate,2022-11-01 22:00:00,5.920000076293945,5.949999809265137,5.599999904632568,5.710000038146973,5.605538845062256,443520
ORHD.CA,Real Estate,2022-11-02 22:00:00,5.710000038146973,6.070000171661377,5.699999809265137,5.980000019073486,5.870599269866943,1699367
ORHD.CA,Real Estate,2022-11-05 22:00:00,5.980000019073486,6.03000020980835,5.900000095367432,5.989999771118164,5.880415916442871,574064
ORHD.CA,Real Estate,2022-11-06 22:00:00,5.989999771118164,6.550000190734863,5.900000095367432,6.25,6.135659694671631,4603147
ORHD.CA,Real Estate,2022-11-07 22:00:00,6.25,6.409999847412109,6.010000228881836,6.079999923706055,5.968769550323486,966423
ORHD.CA,Real Estate,2022-11-08 22:00:00,6.079999923706055,6.190000057220459,5.96999979019165,6.0,5.890233039855957,535041
ORHD.CA,Real Estate,2022-11-09 22:00:00,6.0,6.150000095367432,5.940000057220459,6.099999904632568,5.988403797149658,1059265
ORHD.CA,Real Estate,2022-11-12 22:00:00,6.099999904632568,6.349999904632568,6.190000057220459,6.269999980926514,6.155293941497803,1361029
ORHD.CA,Real Estate,2022-11-13 22:00:00,6.269999980926514,6.389999866485596,6.119999885559082,6.25,6.135659694671631,2121648
ORHD.CA,Real Estate,2022-11-14 22:00:00,6.25,6.400000095367432,6.25,6.309999942779541,6.194561958312988,643146
ORHD.CA,Real Estate,2022-11-15 22:00:00,6.309999942779541,6.449999809265137,6.25,6.389999866485596,6.273098468780518,1606583
ORHD.CA,Real Estate,2022-11-16 22:00:00,6.389999866485596,6.429999828338623,6.340000152587891,6.369999885559082,6.253464221954346,1270597
ORHD.CA,Real Estate,2022-11-19 22:00:00,6.369999885559082,6.489999771118164,6.210000038146973,6.300000190734863,6.1847453117370605,1621653
ORHD.CA,Real Estate,2022-11-20 22:00:00,6.300000190734863,6.449999809265137,6.03000020980835,6.130000114440918,6.017855167388916,713857
ORHD.CA,Real Estate,2022-11-21 22:00:00,6.130000114440918,6.309999942779541,6.099999904632568,6.21999979019165,6.106208324432373,444786
ORHD.CA,Real Estate,2022-11-22 22:00:00,6.21999979019165,6.349999904632568,6.099999904632568,6.150000095367432,6.037489414215088,381795
ORHD.CA,Real Estate,2022-11-23 22:00:00,6.150000095367432,6.309999942779541,6.150000095367432,6.289999961853027,6.174927711486816,215479
ORHD.CA,Real Estate,2022-11-26 22:00:00,6.289999961853027,6.309999942779541,6.050000190734863,6.190000057220459,6.076757431030273,760053
ORHD.CA,Real Estate,2022-11-27 22:00:00,6.190000057220459,6.28000020980835,6.190000057220459,6.210000038146973,6.096391677856445,1780598
ORHD.CA,Real Estate,2022-11-28 22:00:00,6.210000038146973,6.449999809265137,6.150000095367432,6.409999847412109,6.292732238769531,2156047
ORHD.CA,Real Estate,2022-11-29 22:00:00,6.409999847412109,6.699999809265137,6.400000095367432,6.570000171661377,6.449805736541748,1769231
ORHD.CA,Real Estate,2022-11-30 22:00:00,6.570000171661377,7.0,6.650000095367432,6.769999980926514,6.646146297454834,2305325
ORHD.CA,Real Estate,2022-12-03 22:00:00,6.769999980926514,7.239999771118164,6.809999942779541,7.110000133514404,6.979926586151123,3713425
ORHD.CA,Real Estate,2022-12-04 22:00:00,7.110000133514404,7.25,6.900000095367432,6.929999828338623,6.803219318389893,543877
ORHD.CA,Real Estate,2022-12-05 22:00:00,6.929999828338623,7.190000057220459,6.849999904632568,7.110000133514404,6.979926586151123,811638
ORHD.CA,Real Estate,2022-12-06 22:00:00,7.110000133514404,7.429999828338623,6.909999847412109,6.980000019073486,6.852304935455322,1150030
ORHD.CA,Real Estate,2022-12-07 22:00:00,6.980000019073486,7.199999809265137,6.900000095367432,6.920000076293945,6.793402671813965,967812
ORHD.CA,Real Estate,2022-12-10 22:00:00,6.920000076293945,7.170000076293945,6.920000076293945,7.010000228881836,6.88175630569458,719061
ORHD.CA,Real Estate,2022-12-11 22:00:00,7.010000228881836,7.199999809265137,6.809999942779541,7.199999809265137,7.06827974319458,1145114
ORHD.CA,Real Estate,2022-12-12 22:00:00,7.199999809265137,7.5,7.110000133514404,7.429999828338623,7.294072151184082,1933070
ORHD.CA,Real Estate,2022-12-13 22:00:00,7.429999828338623,7.550000190734863,7.199999809265137,7.400000095367432,7.264621257781982,1715586
ORHD.CA,Real Estate,2022-12-14 22:00:00,7.400000095367432,7.550000190734863,7.25,7.349999904632568,7.215535640716553,936341
ORHD.CA,Real Estate,2022-12-17 22:00:00,7.349999904632568,7.489999771118164,7.019999980926514,7.150000095367432,7.019194602966309,124112
ORHD.CA,Real Estate,2022-12-18 22:00:00,7.150000095367432,7.349999904632568,7.0,7.039999961853027,6.91120719909668,491711
ORHD.CA,Real Estate,2022-12-19 22:00:00,7.039999961853027,7.239999771118164,6.920000076293945,7.03000020980835,6.901390075683594,587563
ORHD.CA,Real Estate,2022-12-20 22:00:00,7.03000020980835,7.199999809265137,6.900000095367432,7.070000171661377,6.9406585693359375,155641
ORHD.CA,Real Estate,2022-12-21 22:00:00,7.070000171661377,7.239999771118164,7.019999980926514,7.199999809265137,7.06827974319458,328950
ORHD.CA,Real Estate,2022-12-24 22:00:00,7.199999809265137,7.25,6.900000095367432,6.960000038146973,6.83267068862915,314111
ORHD.CA,Real Estate,2022-12-25 22:00:00,6.960000038146973,7.099999904632568,6.800000190734863,7.0,6.871938705444336,255994
ORHD.CA,Real Estate,2022-12-26 22:00:00,7.0,7.090000152587891,6.820000171661377,6.880000114440918,6.754134178161621,522381
ORHD.CA,Real Estate,2022-12-27 22:00:00,6.880000114440918,7.0,6.829999923706055,6.980000019073486,6.852304935455322,299897
ORHD.CA,Real Estate,2022-12-28 22:00:00,6.980000019073486,7.190000057220459,6.900000095367432,7.03000020980835,6.901390075683594,613053
ORHD.CA,Real Estate,2023-01-01 22:00:00,7.03000020980835,7.320000171661377,7.019999980926514,7.21999979019165,7.087913990020752,577243
ORHD.CA,Real Estate,2023-01-02 22:00:00,7.21999979019165,7.400000095367432,7.179999828338623,7.380000114440918,7.2449870109558105,476594
ORHD.CA,Real Estate,2023-01-03 22:00:00,7.380000114440918,7.46999979019165,7.059999942779541,7.380000114440918,7.2449870109558105,897904
ORHD.CA,Real Estate,2023-01-04 22:00:00,7.380000114440918,7.5,7.130000114440918,7.260000228881836,7.127182483673096,501010
ORHD.CA,Real Estate,2023-01-08 22:00:00,7.260000228881836,7.449999809265137,7.130000114440918,7.150000095367432,7.019194602966309,203515
ORHD.CA,Real Estate,2023-01-09 22:00:00,7.150000095367432,7.25,6.699999809265137,6.78000020980835,6.655963897705078,500769
ORHD.CA,Real Estate,2023-01-10 22:00:00,6.78000020980835,7.309999942779541,6.659999847412109,7.03000020980835,6.901390075683594,1161766
ORHD.CA,Real Estate,2023-01-11 22:00:00,7.03000020980835,7.190000057220459,6.690000057220459,6.760000228881836,6.636329650878906,784448
ORHD.CA,Real Estate,2023-01-14 22:00:00,6.760000228881836,7.039999961853027,6.769999980926514,7.0,6.871938705444336,919331
ORHD.CA,Real Estate,2023-01-15 22:00:00,7.0,7.050000190734863,6.800000190734863,6.849999904632568,6.724682807922363,645628
ORHD.CA,Real Estate,2023-01-16 22:00:00,6.849999904632568,7.039999961853027,6.849999904632568,6.889999866485596,6.763951301574707,422843
ORHD.CA,Real Estate,2023-01-17 22:00:00,6.889999866485596,7.039999961853027,6.800000190734863,6.809999942779541,6.685414791107178,335945
ORHD.CA,Real Estate,2023-01-18 22:00:00,6.809999942779541,6.900000095367432,6.699999809265137,6.739999771118164,6.616694927215576,354199
ORHD.CA,Real Estate,2023-01-21 22:00:00,6.739999771118164,6.949999809265137,6.75,6.849999904632568,6.724682807922363,220713
ORHD.CA,Real Estate,2023-01-22 22:00:00,6.849999904632568,7.5,6.849999904632568,7.449999809265137,7.313705921173096,3800595
ORHD.CA,Real Estate,2023-01-23 22:00:00,7.449999809265137,7.699999809265137,7.400000095367432,7.489999771118164,7.3529744148254395,1888019
ORHD.CA,Real Estate,2023-01-24 22:00:00,7.489999771118164,8.979999542236328,7.599999904632568,8.979999542236328,8.815715789794922,4505344
ORHD.CA,Real Estate,2023-01-28 22:00:00,8.979999542236328,9.6899995803833,8.699999809265137,8.960000038146973,8.79608154296875,4182365
ORHD.CA,Real Estate,2023-01-29 22:00:00,8.960000038146973,9.100000381469727,8.539999961853027,8.970000267028809,8.805898666381836,1411383
ORHD.CA,Real Estate,2023-01-30 22:00:00,8.970000267028809,9.100000381469727,7.900000095367432,7.96999979019165,7.824193000793457,1754143
ORHD.CA,Real Estate,2023-01-31 22:00:00,7.96999979019165,8.569999694824219,7.650000095367432,8.239999771118164,8.089253425598145,1935882
ORHD.CA,Real Estate,2023-02-01 22:00:00,8.239999771118164,9.600000381469727,8.460000038146973,9.0600004196167,8.89425277709961,5400772
ORHD.CA,Real Estate,2023-02-04 22:00:00,9.0600004196167,9.489999771118164,8.600000381469727,9.300000190734863,9.129861831665039,5515458
ORHD.CA,Real Estate,2023-02-05 22:00:00,9.300000190734863,10.0,9.220000267028809,9.600000381469727,9.424373626708984,3669895
ORHD.CA,Real Estate,2023-02-06 22:00:00,9.600000381469727,9.880000114440918,9.039999961853027,9.1899995803833,9.021873474121094,2087768
ORHD.CA,Real Estate,2023-02-07 22:00:00,9.1899995803833,9.350000381469727,8.949999809265137,9.020000457763672,8.854984283447266,1243709
ORHD.CA,Real Estate,2023-02-08 22:00:00,9.020000457763672,9.529999732971191,9.0,9.140000343322754,8.97278881072998,2095967
ORHD.CA,Real Estate,2023-02-11 22:00:00,9.140000343322754,9.289999961853027,9.0,9.050000190734863,8.884435653686523,1796648
ORHD.CA,Real Estate,2023-02-12 22:00:00,9.050000190734863,9.149999618530273,8.880000114440918,8.920000076293945,8.756814002990723,1057705
ORHD.CA,Real Estate,2023-02-13 22:00:00,8.920000076293945,9.770000457763672,8.960000038146973,9.600000381469727,9.424373626708984,4538179
ORHD.CA,Real Estate,2023-02-14 22:00:00,9.600000381469727,10.25,9.699999809265137,10.020000457763672,9.836689949035645,7861386
ORHD.CA,Real Estate,2023-02-15 22:00:00,10.020000457763672,10.15999984741211,9.65999984741211,9.800000190734863,9.62071418762207,3566181
ORHD.CA,Real Estate,2023-02-18 22:00:00,9.800000190734863,10.109999656677246,9.399999618530273,9.449999809265137,9.277116775512695,3631272
ORHD.CA,Real Estate,2023-02-19 22:00:00,9.449999809265137,9.59000015258789,9.0,9.069999694824219,8.904068946838379,2223123
ORHD.CA,Real Estate,2023-02-20 22:00:00,9.069999694824219,9.550000190734863,8.979999542236328,9.4399995803833,9.26729965209961,3735063
ORHD.CA,Real Estate,2023-02-21 22:00:00,9.4399995803833,9.550000190734863,8.699999809265137,9.09000015258789,8.92370319366455,4301215
ORHD.CA,Real Estate,2023-02-22 22:00:00,9.09000015258789,9.229999542236328,8.90999984741211,9.149999618530273,8.98260498046875,978290
ORHD.CA,Real Estate,2023-02-25 22:00:00,9.149999618530273,9.300000190734863,9.050000190734863,9.210000038146973,9.041507720947266,918240
ORHD.CA,Real Estate,2023-02-26 22:00:00,9.210000038146973,9.399999618530273,9.100000381469727,9.15999984741211,8.992423057556152,632592
ORHD.CA,Real Estate,2023-02-27 22:00:00,9.15999984741211,9.279999732971191,9.039999961853027,9.109999656677246,8.943337440490723,442134
ORHD.CA,Real Estate,2023-02-28 22:00:00,9.109999656677246,9.420000076293945,9.050000190734863,9.300000190734863,9.129861831665039,1825854
ORHD.CA,Real Estate,2023-03-01 22:00:00,9.300000190734863,9.479999542236328,9.079999923706055,9.180000305175781,9.012057304382324,933062
ORHD.CA,Real Estate,2023-03-04 22:00:00,9.180000305175781,9.300000190734863,8.949999809265137,9.010000228881836,8.84516716003418,713412
ORHD.CA,Real Estate,2023-03-05 22:00:00,9.010000228881836,9.4399995803833,9.029999732971191,9.300000190734863,9.129861831665039,1987680
ORHD.CA,Real Estate,2023-03-06 22:00:00,9.300000190734863,9.5,9.199999809265137,9.199999809265137,9.03169059753418,819889
ORHD.CA,Real Estate,2023-03-07 22:00:00,9.199999809265137,9.380000114440918,9.039999961853027,9.0600004196167,8.89425277709961,635062
ORHD.CA,Real Estate,2023-03-08 22:00:00,9.0600004196167,9.199999809265137,8.9399995803833,9.020000457763672,8.854984283447266,2050642
ORHD.CA,Real Estate,2023-03-11 22:00:00,9.020000457763672,9.15999984741211,8.220000267028809,8.279999732971191,8.128521919250488,2393216
ORHD.CA,Real Estate,2023-03-12 22:00:00,8.279999732971191,8.489999771118164,7.559999942779541,7.789999961853027,7.647486209869385,2604268
ORHD.CA,Real Estate,2023-03-13 22:00:00,7.789999961853027,8.300000190734863,7.710000038146973,7.789999961853027,7.647486209869385,3248409
ORHD.CA,Real Estate,2023-03-14 22:00:00,7.789999961853027,8.0600004196167,7.0,7.199999809265137,7.06827974319458,1634181
ORHD.CA,Real Estate,2023-03-15 22:00:00,7.199999809265137,7.360000133514404,6.710000038146973,7.25,7.11736536026001,656693
ORHD.CA,Real Estate,2023-03-18 22:00:00,7.25,7.400000095367432,6.900000095367432,7.070000171661377,6.9406585693359375,1224782
ORHD.CA,Real Estate,2023-03-19 22:00:00,7.070000171661377,7.789999961853027,7.010000228881836,7.539999961853027,7.402059555053711,2516447
ORHD.CA,Real Estate,2023-03-20 22:00:00,7.539999961853027,7.980000019073486,7.639999866485596,7.809999942779541,7.667120456695557,875249
ORHD.CA,Real Estate,2023-03-21 22:00:00,7.809999942779541,8.100000381469727,7.809999942779541,7.869999885559082,7.726022720336914,1029328
ORHD.CA,Real Estate,2023-03-22 22:00:00,7.869999885559082,8.069999694824219,7.869999885559082,7.989999771118164,7.843827247619629,249902
ORHD.CA,Real Estate,2023-03-25 22:00:00,7.989999771118164,8.149999618530273,7.900000095367432,7.989999771118164,7.843827247619629,470266
ORHD.CA,Real Estate,2023-03-26 22:00:00,7.989999771118164,8.949999809265137,7.929999828338623,8.239999771118164,8.089253425598145,2613879
ORHD.CA,Real Estate,2023-03-27 22:00:00,8.239999771118164,8.390000343322754,7.800000190734863,7.909999847412109,7.7652907371521,2354678
ORHD.CA,Real Estate,2023-03-28 22:00:00,7.909999847412109,8.199999809265137,7.920000076293945,7.960000038146973,7.814376354217529,819237
ORHD.CA,Real Estate,2023-03-29 22:00:00,7.960000038146973,8.100000381469727,7.809999942779541,7.880000114440918,7.73583984375,1022138
ORHD.CA,Real Estate,2023-04-01 22:00:00,7.880000114440918,8.029999732971191,7.610000133514404,7.820000171661377,7.676937580108643,1370390
ORHD.CA,Real Estate,2023-04-02 22:00:00,7.820000171661377,8.149999618530273,7.789999961853027,7.989999771118164,7.843827247619629,1364200
ORHD.CA,Real Estate,2023-04-03 22:00:00,7.989999771118164,8.449999809265137,7.989999771118164,8.300000190734863,8.14815616607666,3197503
ORHD.CA,Real Estate,2023-04-04 22:00:00,8.300000190734863,8.670000076293945,8.350000381469727,8.420000076293945,8.265960693359375,2040564
ORHD.CA,Real Estate,2023-04-05 22:00:00,8.420000076293945,8.5,8.15999984741211,8.199999809265137,8.0499849319458,1633972
ORHD.CA,Real Estate,2023-04-08 22:00:00,8.199999809265137,8.300000190734863,8.029999732971191,8.199999809265137,8.0499849319458,331031
ORHD.CA,Real Estate,2023-04-09 22:00:00,8.199999809265137,8.350000381469727,8.100000381469727,8.260000228881836,8.108887672424316,1766464
ORHD.CA,Real Estate,2023-04-10 22:00:00,8.260000228881836,8.710000038146973,8.270000457763672,8.489999771118164,8.33467960357666,1694357
ORHD.CA,Real Estate,2023-04-11 22:00:00,8.489999771118164,8.649999618530273,8.40999984741211,8.510000228881836,8.354314804077148,861253
ORHD.CA,Real Estate,2023-04-12 22:00:00,8.510000228881836,8.5,8.300000190734863,8.329999923706055,8.177607536315918,393637
ORHD.CA,Real Estate,2023-04-17 22:00:00,8.329999923706055,8.420000076293945,8.300000190734863,8.34000015258789,8.187424659729004,707019
ORHD.CA,Real Estate,2023-04-18 22:00:00,8.34000015258789,8.630000114440918,8.380000114440918,8.5,8.344496726989746,1595285
ORHD.CA,Real Estate,2023-04-25 22:00:00,8.5,9.039999961853027,8.59000015258789,8.90999984741211,8.74699592590332,2844640
ORHD.CA,Real Estate,2023-04-26 22:00:00,8.90999984741211,9.199999809265137,8.899999618530273,8.989999771118164,8.825532913208008,2808073
ORHD.CA,Real Estate,2023-04-29 21:00:00,8.989999771118164,9.970000267028809,9.109999656677246,9.40999984741211,9.237849235534668,3689059
ORHD.CA,Real Estate,2023-04-30 21:00:00,9.40999984741211,9.40999984741211,9.40999984741211,9.40999984741211,9.237849235534668,0
ORHD.CA,Real Estate,2023-05-01 21:00:00,9.0,9.100000381469727,8.619999885559082,9.010000228881836,8.84516716003418,1166783
ORHD.CA,Real Estate,2023-05-02 21:00:00,9.010000228881836,9.359999656677246,9.0,9.279999732971191,9.110227584838867,971797
ORHD.CA,Real Estate,2023-05-06 21:00:00,9.279999732971191,9.720000267028809,8.920000076293945,9.670000076293945,9.49309253692627,2462433
ORHD.CA,Real Estate,2023-05-07 21:00:00,9.670000076293945,10.680000305175781,9.510000228881836,10.319999694824219,10.131200790405273,5917174
ORHD.CA,Real Estate,2023-05-08 21:00:00,10.319999694824219,10.84000015258789,10.199999809265137,10.239999771118164,10.052664756774902,6866671
ORHD.CA,Real Estate,2023-05-09 21:00:00,10.239999771118164,10.699999809265137,10.069999694824219,10.5,10.307908058166504,3158086
ORHD.CA,Real Estate,2023-05-10 21:00:00,10.5,11.239999771118164,10.460000038146973,10.979999542236328,10.779126167297363,3002436
ORHD.CA,Real Estate,2023-05-13 21:00:00,10.979999542236328,11.4399995803833,10.779999732971191,11.079999923706055,10.877297401428223,4646366
ORHD.CA,Real Estate,2023-05-14 21:00:00,11.079999923706055,11.600000381469727,10.779999732971191,10.850000381469727,10.651505470275879,5019821
ORHD.CA,Real Estate,2023-05-15 21:00:00,10.850000381469727,11.079999923706055,10.359999656677246,10.600000381469727,10.406079292297363,3855487
ORHD.CA,Real Estate,2023-05-16 21:00:00,10.600000381469727,10.760000228881836,10.0600004196167,10.109999656677246,9.925043106079102,2037483
ORHD.CA,Real Estate,2023-05-17 21:00:00,10.109999656677246,10.59000015258789,10.039999961853027,10.510000228881836,10.31772518157959,2333134
ORHD.CA,Real Estate,2023-05-20 21:00:00,10.510000228881836,10.739999771118164,10.359999656677246,10.4399995803833,10.249005317687988,2032845
ORHD.CA,Real Estate,2023-05-21 21:00:00,10.4399995803833,10.75,10.270000457763672,10.3100004196167,10.121384620666504,1645187
ORHD.CA,Real Estate,2023-05-22 21:00:00,10.3100004196167,10.4399995803833,9.859999656677246,10.100000381469727,9.915225982666016,4233046
ORHD.CA,Real Estate,2023-05-23 21:00:00,10.100000381469727,10.5,10.119999885559082,10.319999694824219,10.131200790405273,2803270
ORHD.CA,Real Estate,2023-05-24 21:00:00,10.319999694824219,10.449999809265137,10.0,10.15999984741211,9.974127769470215,1302510
ORHD.CA,Real Estate,2023-05-27 21:00:00,10.15999984741211,10.350000381469727,10.069999694824219,10.149999618530273,9.964310646057129,1170057
ORHD.CA,Real Estate,2023-05-28 21:00:00,10.149999618530273,10.699999809265137,10.149999618530273,10.579999923706055,10.386445045471191,2836042
ORHD.CA,Real Estate,2023-05-29 21:00:00,10.579999923706055,11.0,10.569999694824219,11.0,10.798761367797852,4166554
ORHD.CA,Real Estate,2023-05-30 21:00:00,11.0,12.100000381469727,11.010000228881836,11.260000228881836,11.054004669189453,7167618
ORHD.CA,Real Estate,2023-05-31 21:00:00,11.260000228881836,11.640000343322754,11.199999809265137,11.239999771118164,11.034370422363281,1455276
ORHD.CA,Real Estate,2023-06-03 21:00:00,11.239999771118164,11.5,10.920000076293945,11.0,10.798761367797852,1332137
ORHD.CA,Real Estate,2023-06-04 21:00:00,11.0,11.149999618530273,10.75,10.779999732971191,10.582785606384277,662395
ORHD.CA,Real Estate,2023-06-05 21:00:00,10.779999732971191,11.5,10.699999809265137,11.020000457763672,10.818395614624023,1523431
ORHD.CA,Real Estate,2023-06-06 21:00:00,11.020000457763672,11.300000190734863,10.630000114440918,10.699999809265137,10.504249572753906,1442449
ORHD.CA,Real Estate,2023-06-07 21:00:00,10.699999809265137,10.890000343322754,10.510000228881836,10.680000305175781,10.484615325927734,240786
ORHD.CA,Real Estate,2023-06-10 21:00:00,10.680000305175781,10.9399995803833,10.699999809265137,10.789999961853027,10.592602729797363,340703
ORHD.CA,Real Estate,2023-06-11 21:00:00,10.789999961853027,11.100000381469727,10.829999923706055,11.010000228881836,10.808578491210938,306132
ORHD.CA,Real Estate,2023-06-12 21:00:00,11.010000228881836,11.100000381469727,10.609999656677246,10.670000076293945,10.474798202514648,861871
ORHD.CA,Real Estate,2023-06-13 21:00:00,10.670000076293945,11.300000190734863,10.670000076293945,11.0,10.798761367797852,1129930
ORHD.CA,Real Estate,2023-06-14 21:00:00,11.0,11.1899995803833,10.630000114440918,10.649999618530273,10.455163955688477,1491443
ORHD.CA,Real Estate,2023-06-17 21:00:00,10.649999618530273,10.930000305175781,10.680000305175781,10.800000190734863,10.60241985321045,737133
ORHD.CA,Real Estate,2023-06-18 21:00:00,10.800000190734863,10.979999542236328,10.619999885559082,10.779999732971191,10.582785606384277,559948
ORHD.CA,Real Estate,2023-06-19 21:00:00,10.779999732971191,11.1899995803833,10.699999809265137,11.069999694824219,10.867480278015137,975715
ORHD.CA,Real Estate,2023-06-20 21:00:00,11.069999694824219,11.25,10.800000190734863,10.890000343322754,10.690773963928223,1279122
ORHD.CA,Real Estate,2023-06-21 21:00:00,10.890000343322754,11.09000015258789,10.850000381469727,11.0,10.798761367797852,541691
ORHD.CA,Real Estate,2023-06-24 21:00:00,11.0,11.170000076293945,10.8100004196167,11.0,10.798761367797852,611896
ORHD.CA,Real Estate,2023-06-25 21:00:00,11.0,11.0,10.800000190734863,10.869999885559082,10.671138763427734,487785
ORHD.CA,Real Estate,2023-07-03 21:00:00,10.869999885559082,11.149999618530273,10.800000190734863,10.8100004196167,10.612236976623535,610577
ORHD.CA,Real Estate,2023-07-04 21:00:00,10.8100004196167,10.989999771118164,10.449999809265137,10.489999771118164,10.298090934753418,875865
ORHD.CA,Real Estate,2023-07-05 21:00:00,10.489999771118164,10.670000076293945,10.069999694824219,10.100000381469727,9.915225982666016,673231
ORHD.CA,Real Estate,2023-07-08 21:00:00,10.100000381469727,10.199999809265137,9.5,9.600000381469727,9.424373626708984,409943
ORHD.CA,Real Estate,2023-07-09 21:00:00,9.600000381469727,10.25,9.600000381469727,10.15999984741211,9.974127769470215,1243835
ORHD.CA,Real Estate,2023-07-10 21:00:00,10.15999984741211,10.4399995803833,10.109999656677246,10.289999961853027,10.101750373840332,852674
ORHD.CA,Real Estate,2023-07-11 21:00:00,10.289999961853027,10.470000267028809,10.130000114440918,10.319999694824219,10.131200790405273,165421
ORHD.CA,Real Estate,2023-07-12 21:00:00,10.319999694824219,10.460000038146973,10.229999542236328,10.34000015258789,10.150835037231445,137180
ORHD.CA,Real Estate,2023-07-15 21:00:00,10.34000015258789,10.359999656677246,10.199999809265137,10.260000228881836,10.072299003601074,44397
ORHD.CA,Real Estate,2023-07-16 21:00:00,10.260000228881836,10.350000381469727,10.199999809265137,10.319999694824219,10.131200790405273,240540
ORHD.CA,Real Estate,2023-07-17 21:00:00,10.319999694824219,10.9399995803833,10.199999809265137,10.800000190734863,10.60241985321045,488682
ORHD.CA,Real Estate,2023-07-18 21:00:00,10.800000190734863,10.800000190734863,10.800000190734863,10.800000190734863,10.60241985321045,0
ORHD.CA,Real Estate,2023-07-23 21:00:00,10.739999771118164,10.899999618530273,10.569999694824219,10.649999618530273,10.455163955688477,48782
ORHD.CA,Real Estate,2023-07-24 21:00:00,10.649999618530273,10.779999732971191,10.380000114440918,10.520000457763672,10.327543258666992,74280
ORHD.CA,Real Estate,2023-07-25 21:00:00,10.520000457763672,10.699999809265137,10.300000190734863,10.319999694824219,10.131200790405273,76686
ORHD.CA,Real Estate,2023-07-26 21:00:00,10.319999694824219,10.5,10.239999771118164,10.449999809265137,10.258822441101074,43772
ORHD.CA,Real Estate,2023-07-29 21:00:00,10.449999809265137,11.0,10.25,10.989999771118164,10.78894329071045,828179
ORHD.CA,Real Estate,2023-07-30 21:00:00,10.989999771118164,11.100000381469727,10.699999809265137,10.890000343322754,10.690773963928223,821402
ORHD.CA,Real Estate,2023-07-31 21:00:00,10.890000343322754,11.0,10.40999984741211,10.6899995803833,10.494431495666504,485185
ORHD.CA,Real Estate,2023-08-01 21:00:00,10.6899995803833,10.850000381469727,10.399999618530273,10.5600004196167,10.36681079864502,312834
ORHD.CA,Real Estate,2023-08-02 21:00:00,10.5600004196167,10.770000457763672,10.399999618530273,10.489999771118164,10.298090934753418,105514
ORHD.CA,Real Estate,2023-08-05 21:00:00,10.489999771118164,11.199999809265137,10.460000038146973,10.90999984741211,10.710407257080078,1632954
ORHD.CA,Real Estate,2023-08-06 21:00:00,10.90999984741211,11.149999618530273,10.899999618530273,10.920000076293945,10.720224380493164,501722
ORHD.CA,Real Estate,2023-08-07 21:00:00,10.920000076293945,11.289999961853027,10.899999618530273,10.930000305175781,10.73004150390625,1674884
ORHD.CA,Real Estate,2023-08-08 21:00:00,10.930000305175781,11.180000305175781,10.850000381469727,10.930000305175781,10.73004150390625,438906
ORHD.CA,Real Estate,2023-08-09 21:00:00,10.930000305175781,11.029999732971191,10.670000076293945,10.829999923706055,10.631871223449707,128564
ORHD.CA,Real Estate,2023-08-12 21:00:00,10.829999923706055,10.960000038146973,10.649999618530273,10.710000038146973,10.514066696166992,106047
ORHD.CA,Real Estate,2023-08-13 21:00:00,10.710000038146973,10.899999618530273,10.649999618530273,10.699999809265137,10.504249572753906,1074445
ORHD.CA,Real Estate,2023-08-14 21:00:00,10.699999809265137,11.109999656677246,10.630000114440918,11.010000228881836,10.808578491210938,1619469
ORHD.CA,Real Estate,2023-08-15 21:00:00,11.010000228881836,11.300000190734863,10.819999694824219,10.859999656677246,10.661321640014648,1745845
ORHD.CA,Real Estate,2023-08-16 21:00:00,10.859999656677246,11.039999961853027,10.729999542236328,10.800000190734863,10.60241985321045,520638
ORHD.CA,Real Estate,2023-08-19 21:00:00,10.800000190734863,10.899999618530273,10.710000038146973,10.720000267028809,10.523883819580078,223531
ORHD.CA,Real Estate,2023-08-20 21:00:00,10.720000267028809,10.880000114440918,10.680000305175781,10.6899995803833,10.494431495666504,170727
ORHD.CA,Real Estate,2023-08-21 21:00:00,10.6899995803833,10.890000343322754,10.680000305175781,10.739999771118164,10.543517112731934,911069
ORHD.CA,Real Estate,2023-08-22 21:00:00,10.739999771118164,10.850000381469727,10.550000190734863,10.569999694824219,10.376626968383789,955435
ORHD.CA,Real Estate,2023-08-23 21:00:00,10.569999694824219,10.699999809265137,10.430000305175781,10.510000228881836,10.31772518157959,226637
ORHD.CA,Real Estate,2023-08-26 21:00:00,10.510000228881836,10.800000190734863,10.510000228881836,10.6899995803833,10.494431495666504,167124
ORHD.CA,Real Estate,2023-08-27 21:00:00,10.6899995803833,10.789999961853027,10.460000038146973,10.5,10.307908058166504,734998
ORHD.CA,Real Estate,2023-08-28 21:00:00,10.5,10.6899995803833,10.279999732971191,10.34000015258789,10.150835037231445,541518
ORHD.CA,Real Estate,2023-08-29 21:00:00,10.34000015258789,10.600000381469727,10.130000114440918,10.210000038146973,10.023213386535645,1380079
ORHD.CA,Real Estate,2023-08-30 21:00:00,10.210000038146973,10.210000038146973,10.210000038146973,10.210000038146973,10.023213386535645,0
ORHD.CA,Real Estate,2023-09-02 21:00:00,10.319999694824219,10.5,10.170000076293945,10.199999809265137,10.013396263122559,625438
ORHD.CA,Real Estate,2023-09-03 21:00:00,10.199999809265137,10.300000190734863,10.029999732971191,10.0600004196167,9.875958442687988,1620553
ORHD.CA,Real Estate,2023-09-04 21:00:00,10.0600004196167,10.149999618530273,9.760000228881836,9.84000015258789,9.659982681274414,1979425
ORHD.CA,Real Estate,2023-09-05 21:00:00,9.84000015258789,10.399999618530273,9.84000015258789,10.239999771118164,10.052664756774902,1791308
ORHD.CA,Real Estate,2023-09-06 21:00:00,10.239999771118164,10.300000190734863,10.0,10.100000381469727,9.915225982666016,415569
ORHD.CA,Real Estate,2023-09-09 21:00:00,10.100000381469727,10.100000381469727,10.100000381469727,10.100000381469727,9.915225982666016,0
ORHD.CA,Real Estate,2023-09-10 21:00:00,10.5,10.5600004196167,10.180000305175781,10.260000228881836,10.072299003601074,1404675
ORHD.CA,Real Estate,2023-09-11 21:00:00,10.260000228881836,10.65999984741211,10.260000228881836,10.300000190734863,10.111567497253418,2081758
ORHD.CA,Real Estate,2023-09-12 21:00:00,10.300000190734863,10.550000190734863,10.229999542236328,10.5,10.307908058166504,655201
ORHD.CA,Real Estate,2023-09-13 21:00:00,10.5,10.75,10.300000190734863,10.609999656677246,10.415895462036133,3300970
ORHD.CA,Real Estate,2023-09-16 21:00:00,10.609999656677246,10.84000015258789,10.600000381469727,10.619999885559082,10.425712585449219,1867868
ORHD.CA,Real Estate,2023-09-17 21:00:00,10.619999885559082,10.949999809265137,10.579999923706055,10.890000343322754,10.690773963928223,2465593
ORHD.CA,Real Estate,2023-09-18 21:00:00,10.890000343322754,11.25,10.5,10.600000381469727,10.406079292297363,6478427
ORHD.CA,Real Estate,2023-09-19 21:00:00,10.600000381469727,10.600000381469727,10.600000381469727,10.600000381469727,10.406079292297363,0
ORHD.CA,Real Estate,2023-09-20 21:00:00,10.600000381469727,10.600000381469727,10.600000381469727,10.600000381469727,10.406079292297363,0
ORHD.CA,Real Estate,2023-09-23 21:00:00,10.600000381469727,10.600000381469727,10.600000381469727,10.600000381469727,10.406079292297363,0
ORHD.CA,Real Estate,2023-09-24 21:00:00,10.470000267028809,11.470000267028809,10.520000457763672,10.859999656677246,10.661321640014648,7180113
ORHD.CA,Real Estate,2023-09-25 21:00:00,10.859999656677246,11.199999809265137,10.619999885559082,10.699999809265137,10.504249572753906,2378106
ORHD.CA,Real Estate,2023-09-26 21:00:00,10.699999809265137,10.699999809265137,10.699999809265137,10.699999809265137,10.504249572753906,0
ORHD.CA,Real Estate,2023-09-30 21:00:00,10.699999809265137,10.699999809265137,10.699999809265137,10.699999809265137,10.504249572753906,0
ORHD.CA,Real Estate,2023-10-01 21:00:00,10.789999961853027,11.199999809265137,10.40999984741211,10.5600004196167,10.36681079864502,4562693
ORHD.CA,Real Estate,2023-10-02 21:00:00,10.5600004196167,10.6899995803833,9.880000114440918,10.0,9.817055702209473,2263723
ORHD.CA,Real Estate,2023-10-03 21:00:00,10.0,10.149999618530273,9.619999885559082,9.989999771118164,9.807238578796387,3882608
ORHD.CA,Real Estate,2023-10-07 21:00:00,9.989999771118164,9.970000267028809,8.3100004196167,9.5,9.326202392578125,2287351
ORHD.CA,Real Estate,2023-10-08 21:00:00,9.5,9.6899995803833,9.1899995803833,9.25,9.08077621459961,1390356
ORHD.CA,Real Estate,2023-10-09 21:00:00,9.25,9.529999732971191,9.199999809265137,9.289999961853027,9.120044708251953,2945293
ORHD.CA,Real Estate,2023-10-10 21:00:00,9.289999961853027,9.520000457763672,9.020000457763672,9.0600004196167,8.89425277709961,2761233
ORHD.CA,Real Estate,2023-10-11 21:00:00,9.0600004196167,9.260000228881836,8.970000267028809,9.109999656677246,8.943337440490723,3359526
ORHD.CA,Real Estate,2023-10-14 21:00:00,9.109999656677246,9.460000038146973,9.119999885559082,9.15999984741211,8.992423057556152,3850561
ORHD.CA,Real Estate,2023-10-15 21:00:00,9.15999984741211,9.289999961853027,9.010000228881836,9.020000457763672,8.854984283447266,5995192
ORHD.CA,Real Estate,2023-10-16 21:00:00,9.020000457763672,9.84000015258789,9.029999732971191,9.75,9.571629524230957,7646757
ORHD.CA,Real Estate,2023-10-17 21:00:00,9.75,9.75,9.25,9.260000228881836,9.090593338012695,5723238
ORHD.CA,Real Estate,2023-10-18 21:00:00,9.260000228881836,9.260000228881836,9.260000228881836,9.260000228881836,9.090593338012695,0
ORHD.CA,Real Estate,2023-10-21 21:00:00,9.079999923706055,9.640000343322754,9.09000015258789,9.569999694824219,9.39492130279541,7488295
ORHD.CA,Real Estate,2023-10-22 21:00:00,9.569999694824219,9.920000076293945,9.510000228881836,9.619999885559082,9.44400691986084,5896747
ORHD.CA,Real Estate,2023-10-23 21:00:00,9.619999885559082,10.010000228881836,9.510000228881836,9.680000305175781,9.502909660339355,6870861
ORHD.CA,Real Estate,2023-10-24 21:00:00,9.680000305175781,10.800000190734863,9.729999542236328,10.640000343322754,10.445347785949707,7003626
ORHD.CA,Real Estate,2023-10-25 21:00:00,10.640000343322754,10.699999809265137,10.180000305175781,10.289999961853027,10.101750373840332,4532638
ORHD.CA,Real Estate,2023-10-28 22:00:00,10.289999961853027,10.600000381469727,10.239999771118164,10.260000228881836,10.072299003601074,6829696
ORHD.CA,Real Estate,2023-10-29 22:00:00,10.260000228881836,10.399999618530273,10.0,10.180000305175781,9.993762969970703,6800515
ORHD.CA,Real Estate,2023-10-30 22:00:00,10.180000305175781,10.489999771118164,9.850000381469727,9.899999618530273,9.718884468078613,8448978
ORHD.CA,Real Estate,2023-10-31 22:00:00,9.899999618530273,10.079999923706055,9.460000038146973,9.479999542236328,9.306568145751953,8068985
ORHD.CA,Real Estate,2023-11-01 22:00:00,9.479999542236328,9.789999961853027,9.430000305175781,9.430000305175781,9.25748348236084,6362954
ORHD.CA,Real Estate,2023-11-04 22:00:00,9.430000305175781,9.850000381469727,9.510000228881836,9.630000114440918,9.453824996948242,4014585
ORHD.CA,Real Estate,2023-11-05 22:00:00,9.630000114440918,9.869999885559082,9.5,9.6899995803833,9.512726783752441,5767317
ORHD.CA,Real Estate,2023-11-06 22:00:00,9.6899995803833,9.920000076293945,9.550000190734863,9.760000228881836,9.581446647644043,6992236
ORHD.CA,Real Estate,2023-11-07 22:00:00,9.760000228881836,10.0600004196167,9.760000228881836,9.760000228881836,9.581446647644043,4481717
ORHD.CA,Real Estate,2023-11-08 22:00:00,9.760000228881836,9.960000038146973,9.600000381469727,9.609999656677246,9.434189796447754,2735347
ORHD.CA,Real Estate,2023-11-11 22:00:00,9.609999656677246,9.770000457763672,9.380000114440918,9.479999542236328,9.306568145751953,2199687
ORHD.CA,Real Estate,2023-11-12 22:00:00,9.479999542236328,9.800000190734863,9.4399995803833,9.470000267028809,9.296751976013184,5301047
ORHD.CA,Real Estate,2023-11-13 22:00:00,9.470000267028809,9.84000015258789,9.510000228881836,9.680000305175781,9.502909660339355,5185464
ORHD.CA,Real Estate,2023-11-14 22:00:00,9.680000305175781,9.899999618530273,9.649999618530273,9.710000038146973,9.532361030578613,2744834
ORHD.CA,Real Estate,2023-11-15 22:00:00,9.710000038146973,10.350000381469727,9.770000457763672,10.25,10.062481880187988,8006201
ORHD.CA,Real Estate,2023-11-18 22:00:00,10.25,10.4399995803833,10.15999984741211,10.229999542236328,10.042847633361816,3174648
ORHD.CA,Real Estate,2023-11-19 22:00:00,10.229999542236328,10.329999923706055,10.010000228881836,10.109999656677246,9.925043106079102,4039754
ORHD.CA,Real Estate,2023-11-20 22:00:00,10.109999656677246,10.199999809265137,10.029999732971191,10.130000114440918,9.944677352905273,1623905
ORHD.CA,Real Estate,2023-11-21 22:00:00,10.130000114440918,10.4399995803833,10.149999618530273,10.390000343322754,10.199920654296875,2460225
ORHD.CA,Real Estate,2023-11-22 22:00:00,10.390000343322754,10.649999618530273,10.34000015258789,10.5,10.307908058166504,6156501
ORHD.CA,Real Estate,2023-11-25 22:00:00,10.5,10.75,10.479999542236328,10.529999732971191,10.337359428405762,3178417
ORHD.CA,Real Estate,2023-11-26 22:00:00,10.529999732971191,12.1899995803833,10.5600004196167,11.960000038146973,11.741198539733887,19638722
ORHD.CA,Real Estate,2023-11-27 22:00:00,11.960000038146973,13.25,11.899999618530273,12.0,11.780466079711914,12158899
ORHD.CA,Real Estate,2023-11-28 22:00:00,12.0,12.550000190734863,11.529999732971191,11.829999923706055,11.613576889038086,8060178
ORHD.CA,Real Estate,2023-11-29 22:00:00,11.829999923706055,13.050000190734863,11.90999984741211,13.0,12.762171745300293,12902875
ORHD.CA,Real Estate,2023-12-02 22:00:00,13.0,13.239999771118164,12.640000343322754,12.890000343322754,12.65418529510498,7541637
ORHD.CA,Real Estate,2023-12-03 22:00:00,12.890000343322754,13.850000381469727,12.720000267028809,13.350000381469727,13.105769157409668,9807353
ORHD.CA,Real Estate,2023-12-04 22:00:00,13.350000381469727,13.739999771118164,12.800000190734863,12.850000381469727,12.614916801452637,3928883
ORHD.CA,Real Estate,2023-12-05 22:00:00,12.850000381469727,13.1899995803833,12.5,12.510000228881836,12.281136512756348,2469276
ORHD.CA,Real Estate,2023-12-06 22:00:00,12.510000228881836,13.1899995803833,11.850000381469727,12.9399995803833,12.703269004821777,5551964
ORHD.CA,Real Estate,2023-12-09 22:00:00,12.9399995803833,13.050000190734863,11.869999885559082,12.050000190734863,11.829551696777344,4663471
ORHD.CA,Real Estate,2023-12-10 22:00:00,12.050000190734863,12.170000076293945,11.449999809265137,11.600000381469727,11.387784957885742,6150493
ORHD.CA,Real Estate,2023-12-11 22:00:00,11.600000381469727,11.850000381469727,11.260000228881836,11.510000228881836,11.299430847167969,5227539
ORHD.CA,Real Estate,2023-12-12 22:00:00,11.510000228881836,11.949999809265137,11.539999961853027,11.850000381469727,11.633211135864258,2399021
ORHD.CA,Real Estate,2023-12-13 22:00:00,11.850000381469727,12.300000190734863,11.899999618530273,11.899999618530273,11.682295799255371,3505439
ORHD.CA,Real Estate,2023-12-16 22:00:00,11.899999618530273,12.470000267028809,11.930000305175781,12.399999618530273,12.173148155212402,3998836
ORHD.CA,Real Estate,2023-12-17 22:00:00,12.399999618530273,12.930000305175781,12.380000114440918,12.859999656677246,12.624732971191406,7825760
ORHD.CA,Real Estate,2023-12-18 22:00:00,12.859999656677246,13.039999961853027,12.3100004196167,12.3100004196167,12.084795951843262,2793562
ORHD.CA,Real Estate,2023-12-19 22:00:00,12.3100004196167,12.5600004196167,12.199999809265137,12.229999542236328,12.006258010864258,2283128
ORHD.CA,Real Estate,2023-12-20 22:00:00,12.229999542236328,12.4399995803833,11.890000343322754,11.899999618530273,11.682295799255371,2722622
ORHD.CA,Real Estate,2023-12-23 22:00:00,11.899999618530273,11.899999618530273,11.899999618530273,11.899999618530273,11.682295799255371,0
ORHD.CA,Real Estate,2023-12-24 22:00:00,11.380000114440918,11.449999809265137,10.859999656677246,11.119999885559082,10.916565895080566,13364830
ORHD.CA,Real Estate,2023-12-25 22:00:00,11.119999885559082,11.399999618530273,10.720000267028809,10.899999618530273,10.700590133666992,4890159
ORHD.CA,Real Estate,2023-12-26 22:00:00,10.899999618530273,11.40999984741211,10.90999984741211,11.289999961853027,11.083456039428711,5657341
ORHD.CA,Real Estate,2023-12-27 22:00:00,11.289999961853027,11.640000343322754,11.119999885559082,11.350000381469727,11.142358779907227,1975994
ORHD.CA,Real Estate,2023-12-30 22:00:00,11.350000381469727,11.520000457763672,10.979999542236328,11.100000381469727,10.896931648254395,4684469
ORHD.CA,Real Estate,2024-01-01 22:00:00,11.100000381469727,11.420000076293945,11.050000190734863,11.420000076293945,11.211077690124512,3973673
ORHD.CA,Real Estate,2024-01-02 22:00:00,11.420000076293945,11.6899995803833,11.319999694824219,11.600000381469727,11.387784957885742,2886757
ORHD.CA,Real Estate,2024-01-03 22:00:00,11.600000381469727,11.90999984741211,11.449999809265137,11.489999771118164,11.279796600341797,3891403
ORHD.CA,Real Estate,2024-01-07 22:00:00,11.489999771118164,11.640000343322754,11.260000228881836,11.489999771118164,11.279796600341797,1875794
ORHD.CA,Real Estate,2024-01-08 22:00:00,11.489999771118164,11.930000305175781,11.460000038146973,11.699999809265137,11.485954284667969,7840761
ORHD.CA,Real Estate,2024-01-09 22:00:00,11.699999809265137,11.850000381469727,11.5,11.649999618530273,11.436869621276855,2678719
ORHD.CA,Real Estate,2024-01-10 22:00:00,11.649999618530273,11.800000190734863,11.579999923706055,11.739999771118164,11.525222778320312,2490341
ORHD.CA,Real Estate,2024-01-13 22:00:00,11.739999771118164,11.970000267028809,11.75,11.850000381469727,11.633211135864258,2664790
ORHD.CA,Real Estate,2024-01-14 22:00:00,11.850000381469727,12.270000457763672,11.899999618530273,12.149999618530273,11.927721977233887,4092722
ORHD.CA,Real Estate,2024-01-15 22:00:00,12.149999618530273,12.470000267028809,12.149999618530273,12.4399995803833,12.212416648864746,7150234
ORHD.CA,Real Estate,2024-01-16 22:00:00,12.4399995803833,12.649999618530273,12.199999809265137,12.199999809265137,11.976807594299316,5432653
ORHD.CA,Real Estate,2024-01-17 22:00:00,12.199999809265137,12.460000038146973,12.260000228881836,12.289999961853027,12.065160751342773,1498108
ORHD.CA,Real Estate,2024-01-20 22:00:00,12.289999961853027,13.390000343322754,12.300000190734863,13.180000305175781,12.938879013061523,8916326
ORHD.CA,Real Estate,2024-01-21 22:00:00,13.180000305175781,13.65999984741211,13.100000381469727,13.149999618530273,12.909427642822266,3690844
ORHD.CA,Real Estate,2024-01-22 22:00:00,13.149999618530273,13.289999961853027,12.40999984741211,12.430000305175781,12.202600479125977,4408427
ORHD.CA,Real Estate,2024-01-23 22:00:00,12.430000305175781,12.699999809265137,12.34000015258789,12.600000381469727,12.369490623474121,3167064
ORHD.CA,Real Estate,2024-01-27 22:00:00,12.600000381469727,12.949999809265137,12.59000015258789,12.600000381469727,12.369490623474121,2083510
ORHD.CA,Real Estate,2024-01-28 22:00:00,12.600000381469727,13.09000015258789,12.329999923706055,12.4399995803833,12.212416648864746,3568274
ORHD.CA,Real Estate,2024-01-29 22:00:00,12.4399995803833,13.800000190734863,12.420000076293945,13.600000381469727,13.351195335388184,8516188
ORHD.CA,Real Estate,2024-01-30 22:00:00,13.600000381469727,13.75,12.210000038146973,12.399999618530273,12.173148155212402,11529331
ORHD.CA,Real Estate,2024-01-31 22:00:00,12.399999618530273,12.949999809265137,11.550000190734863,12.899999618530273,12.66400146484375,3761897
ORHD.CA,Real Estate,2024-02-03 22:00:00,12.899999618530273,12.890000343322754,12.010000228881836,12.699999809265137,12.467659950256348,2257373
ORHD.CA,Real Estate,2024-02-04 22:00:00,12.699999809265137,13.90999984741211,12.510000228881836,13.600000381469727,13.351195335388184,6600083
ORHD.CA,Real Estate,2024-02-05 22:00:00,13.600000381469727,13.75,12.819999694824219,13.199999809265137,12.958513259887695,5556718
ORHD.CA,Real Estate,2024-02-06 22:00:00,13.199999809265137,13.65999984741211,13.0,13.40999984741211,13.164670944213867,6152333
ORHD.CA,Real Estate,2024-02-07 22:00:00,13.40999984741211,13.8100004196167,13.300000190734863,13.800000190734863,13.547536849975586,3504761
ORHD.CA,Real Estate,2024-02-10 22:00:00,13.800000190734863,14.180000305175781,13.319999694824219,13.390000343322754,13.145037651062012,6586728
ORHD.CA,Real Estate,2024-02-11 22:00:00,13.390000343322754,13.619999885559082,13.119999885559082,13.199999809265137,12.958513259887695,2358339
ORHD.CA,Real Estate,2024-02-12 22:00:00,13.199999809265137,13.4399995803833,12.979999542236328,13.020000457763672,12.781806945800781,2146468
ORHD.CA,Real Estate,2024-02-13 22:00:00,13.020000457763672,13.5,13.069999694824219,13.220000267028809,12.978147506713867,3098216
ORHD.CA,Real Estate,2024-02-14 22:00:00,13.220000267028809,13.800000190734863,13.329999923706055,13.619999885559082,13.370829582214355,3838977
ORHD.CA,Real Estate,2024-02-17 22:00:00,13.619999885559082,13.619999885559082,13.619999885559082,13.619999885559082,13.370829582214355,0
ORHD.CA,Real Estate,2024-02-18 22:00:00,13.5600004196167,14.699999809265137,13.600000381469727,14.609999656677246,14.342718124389648,12096596
ORHD.CA,Real Estate,2024-02-19 22:00:00,14.609999656677246,14.949999809265137,14.399999618530273,14.899999618530273,14.627411842346191,5139353
ORHD.CA,Real Estate,2024-02-20 22:00:00,14.899999618530273,14.949999809265137,14.5,14.609999656677246,14.342718124389648,2292034
ORHD.CA,Real Estate,2024-02-21 22:00:00,14.609999656677246,14.789999961853027,14.180000305175781,14.199999809265137,13.940218925476074,1402673
ORHD.CA,Real Estate,2024-02-24 22:00:00,14.199999809265137,15.970000267028809,13.699999809265137,15.0,14.72558307647705,8537695
ORHD.CA,Real Estate,2024-02-25 22:00:00,15.0,15.600000381469727,14.8100004196167,15.050000190734863,14.77466869354248,5535916
ORHD.CA,Real Estate,2024-02-26 22:00:00,15.050000190734863,17.0,15.050000190734863,16.09000015258789,15.795642852783203,9598812
ORHD.CA,Real Estate,2024-02-27 22:00:00,16.09000015258789,16.5,14.800000190734863,14.8100004196167,14.53905963897705,4149677
ORHD.CA,Real Estate,2024-02-28 22:00:00,14.8100004196167,15.25,14.239999771118164,14.430000305175781,14.166011810302734,4475544
ORHD.CA,Real Estate,2024-03-02 22:00:00,14.430000305175781,14.930000305175781,13.960000038146973,14.1899995803833,13.930400848388672,3153040
ORHD.CA,Real Estate,2024-03-03 22:00:00,14.1899995803833,15.59000015258789,14.289999961853027,15.0,14.72558307647705,4790595
ORHD.CA,Real Estate,2024-03-04 22:00:00,15.0,15.4399995803833,14.4399995803833,14.640000343322754,14.372169494628906,1123687
ORHD.CA,Real Estate,2024-03-05 22:00:00,14.640000343322754,15.25,13.760000228881836,13.850000381469727,13.596622467041016,3879187
ORHD.CA,Real Estate,2024-03-06 22:00:00,13.850000381469727,14.180000305175781,13.220000267028809,13.539999961853027,13.292292594909668,2501844
ORHD.CA,Real Estate,2024-03-09 22:00:00,13.539999961853027,15.149999618530273,13.600000381469727,15.0,14.72558307647705,3651248
ORHD.CA,Real Estate,2024-03-10 22:00:00,15.0,16.969999313354492,14.819999694824219,15.050000190734863,14.77466869354248,6648600
ORHD.CA,Real Estate,2024-03-11 22:00:00,15.050000190734863,15.479999542236328,14.390000343322754,14.619999885559082,14.352535247802734,1642486
ORHD.CA,Real Estate,2024-03-12 22:00:00,14.619999885559082,14.989999771118164,13.8100004196167,14.0,13.743877410888672,1082579
ORHD.CA,Real Estate,2024-03-13 22:00:00,14.0,14.699999809265137,13.0600004196167,14.229999542236328,13.969669342041016,2310670
ORHD.CA,Real Estate,2024-03-16 22:00:00,14.229999542236328,14.899999618530273,13.760000228881836,13.789999961853027,13.5377197265625,929937
ORHD.CA,Real Estate,2024-03-17 22:00:00,13.789999961853027,14.0,12.050000190734863,12.050000190734863,11.829551696777344,3597317
ORHD.CA,Real Estate,2024-03-18 22:00:00,12.050000190734863,12.880000114440918,12.050000190734863,12.800000190734863,12.565831184387207,2135530
ORHD.CA,Real Estate,2024-03-19 22:00:00,12.800000190734863,13.199999809265137,12.0600004196167,12.300000190734863,12.074978828430176,2399189
ORHD.CA,Real Estate,2024-03-20 22:00:00,12.300000190734863,12.630000114440918,12.100000381469727,12.470000267028809,12.241868019104004,2118209
ORHD.CA,Real Estate,2024-03-23 22:00:00,12.470000267028809,12.75,12.100000381469727,12.199999809265137,11.976807594299316,1129861
ORHD.CA,Real Estate,2024-03-24 22:00:00,12.199999809265137,12.90999984741211,12.100000381469727,12.710000038146973,12.477477073669434,2972866
ORHD.CA,Real Estate,2024-03-25 22:00:00,12.710000038146973,12.890000343322754,12.199999809265137,12.300000190734863,12.074978828430176,2621477
ORHD.CA,Real Estate,2024-03-26 22:00:00,12.300000190734863,12.520000457763672,11.5,11.800000190734863,11.584125518798828,2321573
ORHD.CA,Real Estate,2024-03-27 22:00:00,11.800000190734863,11.979999542236328,11.0,11.029999732971191,10.828211784362793,6103140
ORHD.CA,Real Estate,2024-03-30 22:00:00,11.029999732971191,11.229999542236328,10.050000190734863,10.579999923706055,10.386445045471191,3749712
ORHD.CA,Real Estate,2024-03-31 22:00:00,10.579999923706055,11.489999771118164,10.579999923706055,11.470000267028809,11.260163307189941,2697335
ORHD.CA,Real Estate,2024-04-01 22:00:00,11.470000267028809,11.609999656677246,10.869999885559082,10.920000076293945,10.720224380493164,3841896
ORHD.CA,Real Estate,2024-04-02 22:00:00,10.920000076293945,11.34000015258789,10.819999694824219,11.319999694824219,11.112906455993652,1334507
ORHD.CA,Real Estate,2024-04-03 22:00:00,11.319999694824219,11.550000190734863,11.109999656677246,11.319999694824219,11.112906455993652,1647724
ORHD.CA,Real Estate,2024-04-06 22:00:00,11.319999694824219,11.470000267028809,11.109999656677246,11.130000114440918,10.926383018493652,1352406
ORHD.CA,Real Estate,2024-04-07 22:00:00,11.130000114440918,11.279999732971191,11.010000228881836,11.140000343322754,10.936200141906738,818289
ORHD.CA,Real Estate,2024-04-14 22:00:00,11.140000343322754,12.109999656677246,11.180000305175781,11.899999618530273,11.682295799255371,5257767
ORHD.CA,Real Estate,2024-04-15 22:00:00,11.899999618530273,12.050000190734863,11.699999809265137,11.729999542236328,11.515405654907227,3095518
ORHD.CA,Real Estate,2024-04-16 22:00:00,11.729999542236328,12.550000190734863,11.720000267028809,12.399999618530273,12.173148155212402,3637964
ORHD.CA,Real Estate,2024-04-17 22:00:00,12.399999618530273,12.729999542236328,11.329999923706055,11.899999618530273,11.682295799255371,2655726
ORHD.CA,Real Estate,2024-04-20 22:00:00,11.899999618530273,12.899999618530273,11.899999618530273,11.9399995803833,11.721563339233398,1637203
ORHD.CA,Real Estate,2024-04-21 22:00:00,11.9399995803833,12.460000038146973,11.819999694824219,11.970000267028809,11.751015663146973,1649555
ORHD.CA,Real Estate,2024-04-22 22:00:00,11.970000267028809,11.989999771118164,10.600000381469727,10.9399995803833,10.739858627319336,3445055
ORHD.CA,Real Estate,2024-04-23 22:00:00,10.9399995803833,11.149999618530273,10.1899995803833,10.380000114440918,10.190103530883789,3397010
ORHD.CA,Real Estate,2024-04-27 21:00:00,10.380000114440918,10.380000114440918,10.380000114440918,10.380000114440918,10.190103530883789,0
ORHD.CA,Real Estate,2024-04-28 21:00:00,9.890000343322754,10.75,9.899999618530273,10.479999542236328,10.288273811340332,1496344
ORHD.CA,Real Estate,2024-04-29 21:00:00,10.479999542236328,10.890000343322754,9.800000190734863,9.800000190734863,9.62071418762207,2971673
ORHD.CA,Real Estate,2024-05-01 21:00:00,10.180000305175781,10.5,10.0,10.359999656677246,10.170469284057617,2035365
ORHD.CA,Real Estate,2024-05-06 21:00:00,10.359999656677246,10.539999961853027,10.079999923706055,10.210000038146973,10.023213386535645,2961015
ORHD.CA,Real Estate,2024-05-07 21:00:00,10.210000038146973,10.510000228881836,10.100000381469727,10.109999656677246,9.925043106079102,2059886
ORHD.CA,Real Estate,2024-05-08 21:00:00,10.109999656677246,10.1899995803833,9.829999923706055,9.979999542236328,9.797420501708984,2442890
ORHD.CA,Real Estate,2024-05-11 21:00:00,9.979999542236328,10.050000190734863,9.300000190734863,9.3100004196167,9.139678955078125,2309382
ORHD.CA,Real Estate,2024-05-12 21:00:00,9.3100004196167,9.579999923706055,8.720000267028809,9.569999694824219,9.39492130279541,3124836
ORHD.CA,Real Estate,2024-05-13 21:00:00,9.569999694824219,9.600000381469727,9.319999694824219,9.569999694824219,9.39492130279541,1368047
ORHD.CA,Real Estate,2024-05-14 21:00:00,9.569999694824219,9.829999923706055,9.3100004196167,9.800000190734863,9.62071418762207,1841645
ORHD.CA,Real Estate,2024-05-15 21:00:00,9.800000190734863,10.380000114440918,9.710000038146973,10.34000015258789,10.150835037231445,2211536
ORHD.CA,Real Estate,2024-05-18 21:00:00,10.34000015258789,10.90999984741211,10.220000267028809,10.899999618530273,10.700590133666992,1993502
ORHD.CA,Real Estate,2024-05-19 21:00:00,10.899999618530273,10.9399995803833,10.420000076293945,10.479999542236328,10.288273811340332,1057721
ORHD.CA,Real Estate,2024-05-20 21:00:00,10.479999542236328,10.739999771118164,10.319999694824219,10.699999809265137,10.504249572753906,1548191
ORHD.CA,Real Estate,2024-05-21 21:00:00,10.699999809265137,11.460000038146973,10.670000076293945,11.399999618530273,11.191442489624023,6138808
ORHD.CA,Real Estate,2024-05-22 21:00:00,11.399999618530273,11.649999618530273,11.100000381469727,11.130000114440918,10.926383018493652,2532085
ORHD.CA,Real Estate,2024-05-25 21:00:00,11.130000114440918,11.130000114440918,11.130000114440918,11.130000114440918,10.926383018493652,0
ORHD.CA,Real Estate,2024-05-26 21:00:00,11.380000114440918,11.449999809265137,11.0,11.25,11.044187545776367,1214358
ORHD.CA,Real Estate,2024-05-27 21:00:00,11.25,11.300000190734863,10.579999923706055,11.109999656677246,10.906747817993164,735511
ORHD.CA,Real Estate,2024-05-28 21:00:00,11.109999656677246,11.300000190734863,11.0,11.25,11.044187545776367,713684
ORHD.CA,Real Estate,2024-05-29 21:00:00,11.25,11.25,10.920000076293945,10.989999771118164,10.78894329071045,730676
ORHD.CA,Real Estate,2024-06-01 21:00:00,10.989999771118164,11.170000076293945,10.550000190734863,10.829999923706055,10.631871223449707,1128341
ORHD.CA,Real Estate,2024-06-02 21:00:00,10.829999923706055,11.539999961853027,10.800000190734863,11.40999984741211,11.201260566711426,3364868
ORHD.CA,Real Estate,2024-06-03 21:00:00,11.40999984741211,11.550000190734863,11.239999771118164,11.319999694824219,11.112906455993652,627362
ORHD.CA,Real Estate,2024-06-04 21:00:00,11.319999694824219,11.399999618530273,10.699999809265137,10.90999984741211,10.710407257080078,1441312
ORHD.CA,Real Estate,2024-06-05 21:00:00,10.90999984741211,11.050000190734863,10.869999885559082,10.899999618530273,10.700590133666992,623511
ORHD.CA,Real Estate,2024-06-08 21:00:00,10.899999618530273,10.899999618530273,10.100000381469727,10.100000381469727,9.915225982666016,1326425
ORHD.CA,Real Estate,2024-06-09 21:00:00,10.100000381469727,10.300000190734863,9.630000114440918,10.100000381469727,9.915225982666016,927200
ORHD.CA,Real Estate,2024-06-10 21:00:00,10.100000381469727,10.420000076293945,10.0600004196167,10.229999542236328,10.042847633361816,767369
ORHD.CA,Real Estate,2024-06-11 21:00:00,10.229999542236328,10.579999923706055,10.25,10.489999771118164,10.298090934753418,1006981
ORHD.CA,Real Estate,2024-06-12 21:00:00,10.489999771118164,10.600000381469727,10.350000381469727,10.5,10.307908058166504,776424
ORHD.CA,Real Estate,2024-06-22 21:00:00,10.5,10.989999771118164,10.600000381469727,10.979999542236328,10.779126167297363,1230491
ORHD.CA,Real Estate,2024-06-23 21:00:00,10.979999542236328,11.149999618530273,10.800000190734863,10.84000015258789,10.641688346862793,1702456
ORHD.CA,Real Estate,2024-06-24 21:00:00,10.84000015258789,11.470000267028809,10.630000114440918,11.449999809265137,11.240528106689453,3699730
ORHD.CA,Real Estate,2024-06-25 21:00:00,11.449999809265137,12.039999961853027,11.470000267028809,11.880000114440918,11.6626615524292,6395824
ORHD.CA,Real Estate,2024-06-26 21:00:00,11.880000114440918,11.949999809265137,11.529999732971191,11.630000114440918,11.417235374450684,3207138
ORHD.CA,Real Estate,2024-07-01 21:00:00,11.619999885559082,12.4399995803833,11.6899995803833,11.800000190734863,11.584125518798828,10513648
ORHD.CA,Real Estate,2024-07-02 21:00:00,11.800000190734863,12.800000190734863,11.8100004196167,12.520000457763672,12.290953636169434,10212386
ORHD.CA,Real Estate,2024-07-03 21:00:00,12.520000457763672,12.789999961853027,12.449999809265137,12.649999618530273,12.418574333190918,4929648
ORHD.CA,Real Estate,2024-07-06 21:00:00,12.649999618530273,12.979999542236328,12.5,12.5,12.271319389343262,6362469
ORHD.CA,Real Estate,2024-07-07 21:00:00,12.5,12.899999618530273,12.470000267028809,12.609999656677246,12.37930679321289,4088532
ORHD.CA,Real Estate,2024-07-08 21:00:00,12.609999656677246,13.079999923706055,12.510000228881836,12.899999618530273,12.66400146484375,7428543
ORHD.CA,Real Estate,2024-07-09 21:00:00,12.899999618530273,13.119999885559082,12.59000015258789,12.65999984741211,12.42839241027832,5600005
ORHD.CA,Real Estate,2024-07-13 21:00:00,12.65999984741211,12.770000457763672,12.520000457763672,12.600000381469727,12.369490623474121,1664512
ORHD.CA,Real Estate,2024-07-14 21:00:00,12.600000381469727,12.960000038146973,12.199999809265137,12.359999656677246,12.133880615234375,1699831
ORHD.CA,Real Estate,2024-07-15 21:00:00,12.359999656677246,12.699999809265137,12.300000190734863,12.699999809265137,12.467659950256348,1117721
ORHD.CA,Real Estate,2024-07-16 21:00:00,12.699999809265137,13.199999809265137,12.600000381469727,13.130000114440918,12.88979434967041,7929001
ORHD.CA,Real Estate,2024-07-17 21:00:00,13.130000114440918,13.699999809265137,13.149999618530273,13.699999809265137,13.449365615844727,12583293
ORHD.CA,Real Estate,2024-07-20 21:00:00,13.699999809265137,13.680000305175781,13.279999732971191,13.319999694824219,13.07631778717041,3405162
ORHD.CA,Real Estate,2024-07-21 21:00:00,13.319999694824219,13.600000381469727,12.859999656677246,12.859999656677246,12.624732971191406,9098506
ORHD.CA,Real Estate,2024-07-22 21:00:00,12.859999656677246,13.649999618530273,12.890000343322754,13.59000015258789,13.341378211975098,8982105
ORHD.CA,Real Estate,2024-07-23 21:00:00,13.59000015258789,13.800000190734863,12.920000076293945,13.010000228881836,12.771989822387695,11657827
ORHD.CA,Real Estate,2024-07-27 21:00:00,13.010000228881836,13.140000343322754,12.760000228881836,12.90999984741211,12.673818588256836,4213570
ORHD.CA,Real Estate,2024-07-28 21:00:00,12.90999984741211,13.0,12.600000381469727,12.680000305175781,12.448026657104492,4408341
ORHD.CA,Real Estate,2024-07-29 21:00:00,12.680000305175781,13.0,12.279999732971191,12.899999618530273,12.66400146484375,11206879
ORHD.CA,Real Estate,2024-07-30 21:00:00,12.899999618530273,13.079999923706055,12.65999984741211,12.800000190734863,12.565831184387207,4138516
ORHD.CA,Real Estate,2024-07-31 21:00:00,12.800000190734863,12.989999771118164,12.550000190734863,12.550000190734863,12.320405006408691,3670667
ORHD.CA,Real Estate,2024-08-03 21:00:00,12.550000190734863,12.350000381469727,11.90999984741211,12.020000457763672,11.800101280212402,3289022
ORHD.CA,Real Estate,2024-08-04 21:00:00,12.020000457763672,11.989999771118164,10.609999656677246,11.300000190734863,11.093273162841797,3670481
ORHD.CA,Real Estate,2024-08-05 21:00:00,11.300000190734863,12.1899995803833,11.319999694824219,12.0600004196167,11.839369773864746,2505505
ORHD.CA,Real Estate,2024-08-06 21:00:00,12.0600004196167,12.199999809265137,11.699999809265137,12.039999961853027,11.819734573364258,3782920
ORHD.CA,Real Estate,2024-08-07 21:00:00,12.039999961853027,12.25,11.779999732971191,12.010000228881836,11.790284156799316,1880518
ORHD.CA,Real Estate,2024-08-10 21:00:00,12.010000228881836,13.0,12.079999923706055,12.680000305175781,12.448026657104492,3986101
ORHD.CA,Real Estate,2024-08-11 21:00:00,12.680000305175781,12.970000267028809,12.550000190734863,12.550000190734863,12.320405006408691,4126178
ORHD.CA,Real Estate,2024-08-12 21:00:00,12.550000190734863,12.729999542236328,12.399999618530273,12.460000038146973,12.232050895690918,1586813
ORHD.CA,Real Estate,2024-08-13 21:00:00,12.460000038146973,12.710000038146973,12.350000381469727,12.399999618530273,12.173148155212402,2679913
ORHD.CA,Real Estate,2024-08-14 21:00:00,12.399999618530273,12.649999618530273,12.399999618530273,12.449999809265137,12.222233772277832,1874552
ORHD.CA,Real Estate,2024-08-17 21:00:00,12.449999809265137,12.760000228881836,12.399999618530273,12.40999984741211,12.182965278625488,1499314
ORHD.CA,Real Estate,2024-08-18 21:00:00,12.40999984741211,12.6899995803833,12.449999809265137,12.59000015258789,12.359672546386719,1501782
ORHD.CA,Real Estate,2024-08-19 21:00:00,12.59000015258789,13.289999961853027,12.5,13.199999809265137,12.958513259887695,10676621
ORHD.CA,Real Estate,2024-08-20 21:00:00,13.199999809265137,13.649999618530273,13.15999984741211,13.319999694824219,13.07631778717041,6266494
ORHD.CA,Real Estate,2024-08-21 21:00:00,13.319999694824219,13.789999961853027,13.199999809265137,13.739999771118164,13.48863410949707,8878267
ORHD.CA,Real Estate,2024-08-24 21:00:00,13.739999771118164,14.5,13.739999771118164,14.09000015258789,13.832231521606445,13513821
ORHD.CA,Real Estate,2024-08-25 21:00:00,14.09000015258789,14.390000343322754,13.899999618530273,13.899999618530273,13.645707130432129,6243782
ORHD.CA,Real Estate,2024-08-26 21:00:00,13.899999618530273,14.399999618530273,13.960000038146973,14.100000381469727,13.842048645019531,3123729
ORHD.CA,Real Estate,2024-08-27 21:00:00,14.100000381469727,14.34000015258789,13.859999656677246,13.899999618530273,13.645707130432129,3560906
ORHD.CA,Real Estate,2024-08-28 21:00:00,13.899999618530273,14.130000114440918,13.800000190734863,13.850000381469727,13.596622467041016,3352425
ORHD.CA,Real Estate,2024-08-31 21:00:00,13.850000381469727,15.149999618530273,13.800000190734863,14.699999809265137,14.431071281433105,5107246
ORHD.CA,Real Estate,2024-09-01 21:00:00,14.699999809265137,15.739999771118164,14.800000190734863,14.899999618530273,14.627411842346191,6449387
ORHD.CA,Real Estate,2024-09-02 21:00:00,14.899999618530273,15.1899995803833,14.800000190734863,14.890000343322754,14.617595672607422,2230665
ORHD.CA,Real Estate,2024-09-03 21:00:00,14.890000343322754,14.859999656677246,14.449999809265137,14.800000190734863,14.529242515563965,3048554
ORHD.CA,Real Estate,2024-09-04 21:00:00,14.800000190734863,15.399999618530273,14.800000190734863,14.850000381469727,14.578328132629395,4581495
ORHD.CA,Real Estate,2024-09-07 21:00:00,14.850000381469727,15.0,14.069999694824219,14.079999923706055,13.82241439819336,4479840
ORHD.CA,Real Estate,2024-09-08 21:00:00,14.079999923706055,14.550000190734863,13.920000076293945,14.220000267028809,13.959853172302246,3479563
ORHD.CA,Real Estate,2024-09-09 21:00:00,14.220000267028809,14.5,13.829999923706055,14.210000038146973,13.95003604888916,1823230
ORHD.CA,Real Estate,2024-09-10 21:00:00,14.210000038146973,14.350000381469727,13.899999618530273,14.199999809265137,13.940218925476074,2233811
ORHD.CA,Real Estate,2024-09-11 21:00:00,14.199999809265137,14.359999656677246,13.630000114440918,13.859999656677246,13.606438636779785,3478440
ORHD.CA,Real Estate,2024-09-15 21:00:00,13.859999656677246,14.069999694824219,13.600000381469727,13.640000343322754,13.390463829040527,2229285
ORHD.CA,Real Estate,2024-09-16 21:00:00,13.640000343322754,13.800000190734863,13.300000190734863,13.300000190734863,13.056683540344238,2282361
ORHD.CA,Real Estate,2024-09-17 21:00:00,13.300000190734863,14.199999809265137,13.34000015258789,14.0,13.743877410888672,5187611
ORHD.CA,Real Estate,2024-09-18 21:00:00,14.0,14.210000038146973,13.9399995803833,14.100000381469727,13.842048645019531,1810460
ORHD.CA,Real Estate,2024-09-21 21:00:00,14.100000381469727,14.470000267028809,14.100000381469727,14.25,13.989303588867188,2563527
ORHD.CA,Real Estate,2024-09-22 21:00:00,14.25,15.0,14.279999732971191,14.899999618530273,14.627411842346191,9400608
ORHD.CA,Real Estate,2024-09-23 21:00:00,14.890000343322754,14.979999542236328,14.600000381469727,14.619999885559082,14.352535247802734,1023591
ORHD.CA,Real Estate,2024-09-24 21:00:00,14.550000190734863,15.100000381469727,14.460000038146973,14.890000343322754,14.617595672607422,3063114
ORHD.CA,Real Estate,2024-09-25 21:00:00,14.890000343322754,14.979999542236328,14.600000381469727,14.619999885559082,14.352535247802734,1023591
ORHD.CA,Real Estate,2024-09-28 21:00:00,14.619999885559082,14.800000190734863,14.3100004196167,14.369999885559082,14.107108116149902,5721701
ORHD.CA,Real Estate,2024-09-29 21:00:00,14.369999885559082,14.619999885559082,14.239999771118164,14.260000228881836,13.99912166595459,2437241
ORHD.CA,Real Estate,2024-09-30 21:00:00,14.260000228881836,14.5,14.1899995803833,14.399999618530273,14.13655948638916,3955015
ORHD.CA,Real Estate,2024-10-01 21:00:00,14.399999618530273,14.640000343322754,13.800000190734863,13.90999984741211,13.655524253845215,4515370
ORHD.CA,Real Estate,2024-10-02 21:00:00,13.90999984741211,14.229999542236328,13.979999542236328,14.050000190734863,13.792963027954102,2273798
ORHD.CA,Real Estate,2024-10-06 21:00:00,14.050000190734863,14.829999923706055,14.0,14.279999732971191,14.018754959106445,3889271
ORHD.CA,Real Estate,2024-10-07 21:00:00,14.279999732971191,14.539999961853027,13.680000305175781,13.760000228881836,13.508268356323242,2876163
ORHD.CA,Real Estate,2024-10-08 21:00:00,13.760000228881836,14.260000228881836,13.800000190734863,14.0,13.743877410888672,1747395
ORHD.CA,Real Estate,2024-10-09 21:00:00,14.0,14.25,13.600000381469727,13.899999618530273,13.645707130432129,2478339
ORHD.CA,Real Estate,2024-10-12 21:00:00,13.899999618530273,13.899999618530273,12.800000190734863,12.850000381469727,12.614916801452637,3008704
ORHD.CA,Real Estate,2024-10-13 21:00:00,12.850000381469727,13.149999618530273,12.579999923706055,12.699999809265137,12.467659950256348,5478029
ORHD.CA,Real Estate,2024-10-14 21:00:00,12.699999809265137,13.210000038146973,12.859999656677246,13.100000381469727,12.860342979431152,2087663
ORHD.CA,Real Estate,2024-10-15 21:00:00,13.100000381469727,13.430000305175781,13.010000228881836,13.010000228881836,12.771989822387695,1761180
ORHD.CA,Real Estate,2024-10-16 21:00:00,13.010000228881836,13.130000114440918,12.859999656677246,12.920000076293945,12.683635711669922,1030236
ORHD.CA,Real Estate,2024-10-19 21:00:00,12.920000076293945,13.239999771118164,12.5,12.5,12.271319389343262,1376715
ORHD.CA,Real Estate,2024-10-20 21:00:00,12.5,12.699999809265137,12.15999984741211,12.600000381469727,12.369490623474121,2884714
ORHD.CA,Real Estate,2024-10-21 21:00:00,12.600000381469727,13.399999618530273,12.65999984741211,13.229999542236328,12.987963676452637,5011027
ORHD.CA,Real Estate,2024-10-22 21:00:00,13.229999542236328,13.350000381469727,12.779999732971191,12.8100004196167,12.575648307800293,4329982
ORHD.CA,Real Estate,2024-10-23 21:00:00,12.8100004196167,13.119999885559082,12.75,12.850000381469727,12.614916801452637,3314874
ORHD.CA,Real Estate,2024-10-26 21:00:00,12.850000381469727,13.15999984741211,12.899999618530273,13.09000015258789,12.850525856018066,1903391
ORHD.CA,Real Estate,2024-10-27 21:00:00,13.09000015258789,13.399999618530273,13.109999656677246,13.1899995803833,12.94869613647461,3231369
ORHD.CA,Real Estate,2024-10-28 21:00:00,13.1899995803833,13.319999694824219,12.829999923706055,12.899999618530273,12.66400146484375,2578047
ORHD.CA,Real Estate,2024-10-29 21:00:00,12.899999618530273,13.039999961853027,12.75,12.800000190734863,12.565831184387207,674663
ORHD.CA,Real Estate,2024-10-30 21:00:00,12.800000190734863,13.229999542236328,12.819999694824219,13.199999809265137,12.958513259887695,2051249
ORHD.CA,Real Estate,2024-11-02 22:00:00,13.199999809265137,13.899999618530273,13.25,13.890000343322754,13.635890007019043,6958515
ORHD.CA,Real Estate,2024-11-03 22:00:00,13.890000343322754,14.600000381469727,14.0,14.109999656677246,13.8518648147583,9454886
ORHD.CA,Real Estate,2024-11-04 22:00:00,14.109999656677246,14.399999618530273,13.90999984741211,14.0,13.743877410888672,1998962
ORHD.CA,Real Estate,2024-11-05 22:00:00,14.0,15.09000015258789,14.199999809265137,14.630000114440918,14.36235237121582,9389313
ORHD.CA,Real Estate,2024-11-06 22:00:00,14.630000114440918,15.399999618530273,14.710000038146973,15.380000114440918,15.098631858825684,9614517
ORHD.CA,Real Estate,2024-11-09 22:00:00,15.380000114440918,15.600000381469727,15.069999694824219,15.329999923706055,15.049546241760254,3919455
ORHD.CA,Real Estate,2024-11-10 22:00:00,15.329999923706055,15.510000228881836,15.109999656677246,15.25,14.971009254455566,5790713
ORHD.CA,Real Estate,2024-11-11 22:00:00,15.25,15.739999771118164,15.289999961853027,15.399999618530273,15.118265151977539,10813856
ORHD.CA,Real Estate,2024-11-12 22:00:00,15.399999618530273,15.489999771118164,14.779999732971191,14.779999732971191,14.509607315063477,6711982
ORHD.CA,Real Estate,2024-11-13 22:00:00,14.779999732971191,15.1899995803833,14.789999961853027,14.859999656677246,14.588144302368164,5542465
ORHD.CA,Real Estate,2024-11-16 22:00:00,14.859999656677246,15.199999809265137,14.75,15.0,14.72558307647705,2253156
ORHD.CA,Real Estate,2024-11-17 22:00:00,15.0,15.180000305175781,14.649999618530273,14.800000190734863,14.529242515563965,2632099
ORHD.CA,Real Estate,2024-11-18 22:00:00,14.800000190734863,14.989999771118164,14.350000381469727,14.529999732971191,14.264181137084961,1675385
ORHD.CA,Real Estate,2024-11-19 22:00:00,14.529999732971191,14.699999809265137,14.170000076293945,14.399999618530273,14.13655948638916,2222162
ORHD.CA,Real Estate,2024-11-20 22:00:00,14.399999618530273,15.199999809265137,14.40999984741211,15.199999809265137,14.921924591064453,7427184
ORHD.CA,Real Estate,2024-11-23 22:00:00,15.199999809265137,15.5,15.0,15.050000190734863,14.77466869354248,3872005
ORHD.CA,Real Estate,2024-11-24 22:00:00,15.050000190734863,15.199999809265137,14.680000305175781,14.800000190734863,14.529242515563965,1639061
ORHD.CA,Real Estate,2024-11-25 22:00:00,14.800000190734863,15.119999885559082,14.8100004196167,14.84000015258789,14.568510055541992,1780818
ORHD.CA,Real Estate,2024-11-26 22:00:00,14.84000015258789,15.0600004196167,14.699999809265137,14.770000457763672,14.499791145324707,3503536
ORHD.CA,Real Estate,2024-11-27 22:00:00,14.770000457763672,15.470000267028809,14.649999618530273,15.300000190734863,15.020094871520996,5440384
ORHD.CA,Real Estate,2024-11-30 22:00:00,15.300000190734863,16.0,15.380000114440918,15.800000190734863,15.510948181152344,11636525
ORHD.CA,Real Estate,2024-12-01 22:00:00,15.800000190734863,16.469999313354492,15.699999809265137,16.0,15.70728874206543,6378183
ORHD.CA,Real Estate,2024-12-02 22:00:00,16.0,16.15999984741211,15.789999961853027,15.8100004196167,15.52076530456543,1849962
ORHD.CA,Real Estate,2024-12-03 22:00:00,15.8100004196167,18.0,16.100000381469727,17.350000381469727,17.032590866088867,21030098
ORHD.CA,Real Estate,2024-12-04 22:00:00,17.350000381469727,17.649999618530273,17.049999237060547,17.639999389648438,17.317285537719727,4361017
ORHD.CA,Real Estate,2024-12-07 22:00:00,17.639999389648438,18.389999389648438,17.65999984741211,18.100000381469727,17.768871307373047,6384967
ORHD.CA,Real Estate,2024-12-08 22:00:00,18.100000381469727,18.239999771118164,17.059999465942383,17.799999237060547,17.47435760498047,3204072
ORHD.CA,Real Estate,2024-12-09 22:00:00,17.799999237060547,18.5,17.520000457763672,18.5,18.16155242919922,7516379
ORHD.CA,Real Estate,2024-12-10 22:00:00,18.5,19.989999771118164,18.399999618530273,19.0,18.65240478515625,18484513
ORHD.CA,Real Estate,2024-12-11 22:00:00,19.0,19.34000015258789,18.729999542236328,18.899999618530273,18.55423355102539,2783913
ORHD.CA,Real Estate,2024-12-14 22:00:00,18.899999618530273,19.149999618530273,18.649999618530273,18.899999618530273,18.55423355102539,3149086
ORHD.CA,Real Estate,2024-12-15 22:00:00,18.899999618530273,19.979999542236328,18.790000915527344,19.5,19.143259048461914,4439802
ORHD.CA,Real Estate,2024-12-16 22:00:00,19.5,20.399999618530273,19.649999618530273,19.989999771118164,19.62429428100586,9420687
ORHD.CA,Real Estate,2024-12-17 22:00:00,19.989999771118164,20.979999542236328,18.5,18.5,18.16155242919922,21690796
ORHD.CA,Real Estate,2024-12-18 22:00:00,18.5,19.100000381469727,18.260000228881836,18.760000228881836,18.41679573059082,11517849
ORHD.CA,Real Estate,2024-12-21 22:00:00,18.760000228881836,19.43000030517578,18.719999313354492,18.84000015258789,18.495332717895508,5870161
ORHD.CA,Real Estate,2024-12-22 22:00:00,18.84000015258789,19.0,18.200000762939453,18.600000381469727,18.259723663330078,5457382
ORHD.CA,Real Estate,2024-12-23 22:00:00,18.600000381469727,18.899999618530273,18.219999313354492,18.799999237060547,18.456064224243164,2586314
ORHD.CA,Real Estate,2024-12-24 22:00:00,18.799999237060547,19.0,18.700000762939453,18.75,18.406978607177734,2612598
ORHD.CA,Real Estate,2024-12-25 22:00:00,18.75,18.899999618530273,18.329999923706055,18.399999618530273,18.06338119506836,4441246
ORHD.CA,Real Estate,2024-12-28 22:00:00,18.399999618530273,18.799999237060547,18.31999969482422,18.799999237060547,18.456064224243164,4761277
ORHD.CA,Real Estate,2024-12-29 22:00:00,18.799999237060547,18.799999237060547,18.100000381469727,18.149999618530273,17.817955017089844,3617948
ORHD.CA,Real Estate,2024-12-30 22:00:00,18.149999618530273,18.600000381469727,18.170000076293945,18.5,18.16155242919922,1630957
ORHD.CA,Real Estate,2025-01-01 22:00:00,18.5,18.889999389648438,18.549999237060547,18.700000762939453,18.357894897460938,3132185
ORHD.CA,Real Estate,2025-01-04 22:00:00,18.700000762939453,19.399999618530273,18.75,19.049999237060547,18.70149040222168,4736563
ORHD.CA,Real Estate,2025-01-05 22:00:00,19.049999237060547,19.25,18.920000076293945,19.200000762939453,18.84874725341797,1999018
ORHD.CA,Real Estate,2025-01-07 22:00:00,19.200000762939453,19.290000915527344,18.709999084472656,18.75,18.406978607177734,1315125
ORHD.CA,Real Estate,2025-01-08 22:00:00,18.75,18.920000076293945,18.399999618530273,18.420000076293945,18.08301544189453,1748624
ORHD.CA,Real Estate,2025-01-11 22:00:00,18.420000076293945,18.40999984741211,18.0,18.299999237060547,17.9652099609375,4991042
ORHD.CA,Real Estate,2025-01-12 22:00:00,18.299999237060547,18.399999618530273,17.309999465942383,17.399999618530273,17.081676483154297,4993326
ORHD.CA,Real Estate,2025-01-13 22:00:00,17.399999618530273,17.780000686645508,16.700000762939453,17.489999771118164,17.17003059387207,4575456
ORHD.CA,Real Estate,2025-01-14 22:00:00,17.489999771118164,17.700000762939453,16.950000762939453,17.5,17.179847717285156,3494311
ORHD.CA,Real Estate,2025-01-15 22:00:00,17.5,18.399999618530273,17.780000686645508,18.3700008392334,18.033931732177734,4898821
ORHD.CA,Real Estate,2025-01-18 22:00:00,17.5,18.600000381469727,17.780000686645508,18.440000534057617,18.102651596069336,8896341
ORHD.CA,Real Estate,2025-01-19 22:00:00,18.0,18.239999771118164,17.809999465942383,18.100000381469727,17.768871307373047,1642564
ORHD.CA,Real Estate,2025-01-20 22:00:00,18.100000381469727,18.139999389648438,17.75,17.81999969482422,17.49399185180664,1923013
ORHD.CA,Real Estate,2025-01-21 22:00:00,17.81999969482422,18.0,17.56999969482422,17.610000610351562,17.2878360748291,4469108
ORHD.CA,Real Estate,2025-01-22 22:00:00,17.610000610351562,17.760000228881836,17.40999984741211,17.40999984741211,17.091493606567383,1399023
ORHD.CA,Real Estate,2025-01-25 22:00:00,17.40999984741211,17.700000762939453,17.399999618530273,17.399999618530273,17.081676483154297,1148094
ORHD.CA,Real Estate,2025-01-26 22:00:00,17.399999618530273,17.799999237060547,17.3700008392334,17.43000030517578,17.111127853393555,2783108
ORHD.CA,Real Estate,2025-01-27 22:00:00,17.43000030517578,18.420000076293945,17.40999984741211,18.25,17.916126251220703,6446765
ORHD.CA,Real Estate,2025-01-28 22:00:00,18.25,18.600000381469727,18.15999984741211,18.25,17.916126251220703,3805697
ORHD.CA,Real Estate,2025-01-29 22:00:00,18.25,18.3700008392334,17.899999618530273,17.899999618530273,17.572528839111328,1353768
ORHD.CA,Real Estate,2025-02-01 22:00:00,17.899999618530273,18.15999984741211,17.639999389648438,17.809999465942383,17.484174728393555,2022209
ORHD.CA,Real Estate,2025-02-02 22:00:00,17.809999465942383,17.8799991607666,17.25,17.34000015258789,17.02277374267578,2526418
ORHD.CA,Real Estate,2025-02-03 22:00:00,17.34000015258789,17.81999969482422,17.31999969482422,17.65999984741211,17.3369197845459,1180224
ORHD.CA,Real Estate,2025-02-04 22:00:00,17.65999984741211,18.15999984741211,17.700000762939453,17.81999969482422,17.49399185180664,2284650
ORHD.CA,Real Estate,2025-02-05 22:00:00,17.81999969482422,17.989999771118164,17.649999618530273,17.899999618530273,17.572528839111328,1290480
ORHD.CA,Real Estate,2025-02-08 22:00:00,17.899999618530273,18.100000381469727,17.5,17.6299991607666,17.30746841430664,3598643
ORHD.CA,Real Estate,2025-02-09 22:00:00,17.6299991607666,17.84000015258789,17.389999389648438,17.510000228881836,17.189664840698242,1804545
ORHD.CA,Real Estate,2025-02-10 22:00:00,17.510000228881836,17.600000381469727,17.059999465942383,17.110000610351562,16.796981811523438,3015108
ORHD.CA,Real Estate,2025-02-11 22:00:00,17.110000610351562,17.5,16.5,17.450000762939453,17.130762100219727,1709964
ORHD.CA,Real Estate,2025-02-12 22:00:00,17.450000762939453,17.579999923706055,17.309999465942383,17.450000762939453,17.130762100219727,1377600
ORHD.CA,Real Estate,2025-02-15 22:00:00,17.450000762939453,18.149999618530273,17.510000228881836,18.059999465942383,17.72960090637207,2536471
ORHD.CA,Real Estate,2025-02-16 22:00:00,18.059999465942383,18.440000534057617,18.09000015258789,18.280000686645508,17.94557762145996,1609149
ORHD.CA,Real Estate,2025-02-17 22:00:00,18.280000686645508,18.420000076293945,18.110000610351562,18.200000762939453,17.867042541503906,2006592
ORHD.CA,Real Estate,2025-02-18 22:00:00,18.200000762939453,19.360000610351562,18.200000762939453,19.200000762939453,18.84874725341797,10339855
ORHD.CA,Real Estate,2025-02-19 22:00:00,19.200000762939453,20.700000762939453,19.200000762939453,20.100000381469727,19.732282638549805,14387286
ORHD.CA,Real Estate,2025-02-22 22:00:00,20.100000381469727,21.100000381469727,19.850000381469727,20.059999465942383,19.693012237548828,6021373
ORHD.CA,Real Estate,2025-02-23 22:00:00,20.059999465942383,22.049999237060547,20.079999923706055,21.190000534057617,20.80234146118164,13537835
ORHD.CA,Real Estate,2025-02-24 22:00:00,21.190000534057617,22.770000457763672,20.700000762939453,20.760000228881836,20.380207061767578,13451656
ORHD.CA,Real Estate,2025-02-25 22:00:00,20.760000228881836,21.549999237060547,20.75,20.899999618530273,20.51764488220215,6428132
ORHD.CA,Real Estate,2025-02-26 22:00:00,20.899999618530273,22.170000076293945,20.90999984741211,22.010000228881836,21.60733985900879,6469509
ORHD.CA,Real Estate,2025-03-01 22:00:00,22.010000228881836,23.0,22.030000686645508,22.719999313354492,22.304349899291992,5627561
ORHD.CA,Real Estate,2025-03-02 22:00:00,22.719999313354492,23.0,22.299999237060547,22.450000762939453,22.039289474487305,3461624
ORHD.CA,Real Estate,2025-03-03 22:00:00,22.450000762939453,23.489999771118164,22.200000762939453,22.899999618530273,22.481056213378906,3433603
ORHD.CA,Real Estate,2025-03-04 22:00:00,22.899999618530273,23.969999313354492,23.010000228881836,23.5,23.070079803466797,3913985
ORHD.CA,Real Estate,2025-03-05 22:00:00,23.5,23.850000381469727,22.799999237060547,23.200000762939453,22.775569915771484,4297505
ORHD.CA,Real Estate,2025-03-08 22:00:00,23.200000762939453,24.700000762939453,22.799999237060547,23.799999237060547,23.364591598510742,7098771
ORHD.CA,Real Estate,2025-03-09 22:00:00,23.799999237060547,24.18000030517578,23.25,23.40999984741211,22.981727600097656,3301182
ORHD.CA,Real Estate,2025-03-10 22:00:00,23.40999984741211,23.68000030517578,23.0,23.299999237060547,22.87373924255371,3190154
ORHD.CA,Real Estate,2025-03-11 22:00:00,23.299999237060547,25.25,23.399999618530273,24.709999084472656,24.25794219970703,8498004
ORHD.CA,Real Estate,2025-03-12 22:00:00,24.709999084472656,25.799999237060547,24.950000762939453,25.299999237060547,24.837148666381836,4084416
ORHD.CA,Real Estate,2025-03-15 22:00:00,25.299999237060547,25.700000762939453,24.34000015258789,25.0,24.542638778686523,3487322
ORHD.CA,Real Estate,2025-03-16 22:00:00,25.0,25.510000228881836,24.5,25.510000228881836,25.04330825805664,3035338
ORHD.CA,Real Estate,2025-03-17 22:00:00,25.510000228881836,27.5,25.549999237060547,25.639999389648438,25.170928955078125,6293333
ORHD.CA,Real Estate,2025-03-18 22:00:00,25.639999389648438,25.950000762939453,24.780000686645508,24.780000686645508,24.326663970947266,3921209
ORHD.CA,Real Estate,2025-03-19 22:00:00,24.780000686645508,25.59000015258789,24.790000915527344,24.979999542236328,24.52300453186035,3734396
ORHD.CA,Real Estate,2025-03-22 22:00:00,24.979999542236328,25.200000762939453,24.600000381469727,24.799999237060547,24.346296310424805,1757186
ORHD.CA,Real Estate,2025-03-23 22:00:00,24.799999237060547,24.969999313354492,23.899999618530273,24.299999237060547,23.855443954467773,2788314
ORHD.CA,Real Estate,2025-03-24 22:00:00,24.299999237060547,24.649999618530273,23.799999237060547,23.899999618530273,23.4627628326416,2236476
ORHD.CA,Real Estate,2025-03-25 22:00:00,23.899999618530273,24.31999969482422,23.75,23.899999618530273,23.4627628326416,1719668
ORHD.CA,Real Estate,2025-03-26 22:00:00,23.899999618530273,24.299999237060547,23.450000762939453,23.5,23.070079803466797,3213046
ORHD.CA,Real Estate,2025-04-02 22:00:00,23.5,24.549999237060547,23.010000228881836,24.5,24.051786422729492,2176009
ORHD.CA,Real Estate,2025-04-05 22:00:00,24.5,24.100000381469727,22.600000381469727,23.0,22.579227447509766,4734856
ORHD.CA,Real Estate,2025-04-06 22:00:00,23.0,23.389999389648438,21.5,23.09000015258789,22.66758155822754,6750560
ORHD.CA,Real Estate,2025-04-07 22:00:00,23.09000015258789,23.600000381469727,23.110000610351562,23.1299991607666,22.70684814453125,2181931
ORHD.CA,Real Estate,2025-04-08 22:00:00,23.1299991607666,23.200000762939453,21.600000381469727,21.75,21.352096557617188,3534095
ORHD.CA,Real Estate,2025-04-09 22:00:00,21.75,23.0,22.299999237060547,22.299999237060547,21.892032623291016,5239328
ORHD.CA,Real Estate,2025-04-12 22:00:00,22.299999237060547,22.799999237060547,22.09000015258789,22.559999465942383,22.147275924682617,2769848
ORHD.CA,Real Estate,2025-04-13 22:00:00,22.559999465942383,22.8700008392334,22.219999313354492,22.299999237060547,21.892032623291016,3490634
ORHD.CA,Real Estate,2025-04-14 22:00:00,22.299999237060547,23.489999771118164,22.350000381469727,23.079999923706055,22.657764434814453,7507014
ORHD.CA,Real Estate,2025-04-15 22:00:00,23.079999923706055,23.360000610351562,22.6299991607666,22.799999237060547,22.382884979248047,3411131
ORHD.CA,Real Estate,2025-04-16 22:00:00,22.799999237060547,23.200000762939453,22.709999084472656,23.100000381469727,22.677398681640625,2195431
ORHD.CA,Real Estate,2025-04-21 22:00:00,23.100000381469727,23.299999237060547,22.670000076293945,22.799999237060547,22.382884979248047,1301178
ORHD.CA,Real Estate,2025-04-22 22:00:00,22.799999237060547,23.479999542236328,22.860000610351562,23.299999237060547,22.87373924255371,3430409
ORHD.CA,Real Estate,2025-04-26 21:00:00,23.299999237060547,24.200000762939453,23.399999618530273,24.1200008392334,23.678739547729492,6437196
ORHD.CA,Real Estate,2025-04-27 21:00:00,24.1200008392334,24.329999923706055,23.950000762939453,24.209999084472656,23.76708984375,5059047
ORHD.CA,Real Estate,2025-04-28 21:00:00,24.209999084472656,24.5,23.799999237060547,23.799999237060547,23.364591598510742,2134502
ORHD.CA,Real Estate,2025-04-29 21:00:00,23.799999237060547,24.309999465942383,23.700000762939453,24.0,23.560932159423828,1973865
ORHD.CA,Real Estate,2025-05-03 21:00:00,24.0,25.100000381469727,24.110000610351562,24.799999237060547,24.346296310424805,5983951
ORHD.CA,Real Estate,2025-05-04 21:00:00,24.799999237060547,25.25,24.649999618530273,24.670000076293945,24.21867561340332,3818283
ORHD.CA,Real Estate,2025-05-05 21:00:00,24.670000076293945,25.0,24.649999618530273,24.760000228881836,24.307029724121094,4043699
ORHD.CA,Real Estate,2025-05-06 21:00:00,24.760000228881836,24.860000610351562,23.530000686645508,23.809999465942383,23.374408721923828,4735923
ORHD.CA,Real Estate,2025-05-07 21:00:00,23.809999465942383,23.799999237060547,22.93000030517578,23.299999237060547,22.87373924255371,3590096
ORHD.CA,Real Estate,2025-05-10 21:00:00,23.299999237060547,23.5,22.639999389648438,22.700000762939453,22.284717559814453,2707263
ORHD.CA,Real Estate,2025-05-11 21:00:00,22.700000762939453,22.969999313354492,22.469999313354492,22.600000381469727,22.186546325683594,1970735
ORHD.CA,Real Estate,2025-05-12 21:00:00,22.600000381469727,23.399999618530273,22.649999618530273,23.399999618530273,22.971908569335938,4124737
ORHD.CA,Real Estate,2025-05-13 21:00:00,23.399999618530273,23.799999237060547,23.1299991607666,23.270000457763672,22.844287872314453,3185144
ORHD.CA,Real Estate,2025-05-14 21:00:00,23.270000457763672,23.440000534057617,23.0,23.100000381469727,22.677398681640625,1213971
ORHD.CA,Real Estate,2025-05-17 21:00:00,23.100000381469727,23.5,22.75,22.850000381469727,22.43197250366211,2472423
ORHD.CA,Real Estate,2025-05-18 21:00:00,22.850000381469727,23.0,22.510000228881836,22.649999618530273,22.23563003540039,1842623
ORHD.CA,Real Estate,2025-05-19 21:00:00,22.649999618530273,23.0,22.700000762939453,22.899999618530273,22.481056213378906,930549
ORHD.CA,Real Estate,2025-05-20 21:00:00,22.899999618530273,23.149999618530273,22.799999237060547,22.799999237060547,22.382884979248047,7447852
ORHD.CA,Real Estate,2025-05-21 21:00:00,22.799999237060547,22.889999389648438,22.450000762939453,22.520000457763672,22.108009338378906,2362547
ORHD.CA,Real Estate,2025-05-24 21:00:00,22.520000457763672,22.959999084472656,22.520000457763672,22.8700008392334,22.45160675048828,1652572
ORHD.CA,Real Estate,2025-05-25 21:00:00,22.8700008392334,23.56999969482422,22.90999984741211,23.200000762939453,22.775569915771484,9159234
ORHD.CA,Real Estate,2025-05-26 21:00:00,23.200000762939453,23.540000915527344,23.209999084472656,23.479999542236328,23.050445556640625,4465777
ORHD.CA,Real Estate,2025-05-27 21:00:00,23.479999542236328,23.760000228881836,23.3700008392334,23.760000228881836,23.3253231048584,9579780
ORHD.CA,Real Estate,2025-05-28 21:00:00,23.760000228881836,24.049999237060547,23.649999618530273,23.799999237060547,23.364591598510742,6008781
ORHD.CA,Real Estate,2025-05-31 21:00:00,23.799999237060547,24.0,23.299999237060547,23.549999237060547,23.119165420532227,1854529
ORHD.CA,Real Estate,2025-06-01 21:00:00,23.549999237060547,23.700000762939453,22.670000076293945,22.799999237060547,22.382884979248047,3852630
ORHD.CA,Real Estate,2025-06-02 21:00:00,22.799999237060547,23.0,22.530000686645508,22.65999984741211,22.245447158813477,5462670
ORHD.CA,Real Estate,2025-06-03 21:00:00,22.65999984741211,22.799999237060547,22.549999237060547,22.780000686645508,22.363252639770508,1456065
ORHD.CA,Real Estate,2025-06-09 21:00:00,22.780000686645508,23.049999237060547,22.68000030517578,22.950000762939453,22.53014373779297,2234090
ORHD.CA,Real Estate,2025-06-10 21:00:00,22.950000762939453,23.299999237060547,22.799999237060547,23.299999237060547,22.87373924255371,5372863
ORHD.CA,Real Estate,2025-06-11 21:00:00,23.299999237060547,23.43000030517578,22.709999084472656,22.709999084472656,22.294532775878906,1976856
ORHD.CA,Real Estate,2025-06-14 21:00:00,22.709999084472656,21.799999237060547,19.549999237060547,20.200000762939453,19.83045196533203,9505629
ORHD.CA,Real Estate,2025-06-15 21:00:00,20.200000762939453,20.600000381469727,19.489999771118164,19.549999237060547,19.19234275817871,6075853
ORHD.CA,Real Estate,2025-06-16 21:00:00,19.549999237060547,19.940000534057617,18.799999237060547,18.8700008392334,18.524784088134766,4326874
ORHD.CA,Real Estate,2025-06-17 21:00:00,18.8700008392334,19.389999389648438,18.3700008392334,19.389999389648438,19.03527069091797,2502420
ORHD.CA,Real Estate,2025-06-18 21:00:00,19.389999389648438,19.5,18.700000762939453,19.0,18.65240478515625,2910333
ORHD.CA,Real Estate,2025-06-21 21:00:00,19.0,19.5,18.100000381469727,19.399999618530273,19.045087814331055,4680269
ORHD.CA,Real Estate,2025-06-22 21:00:00,19.399999618530273,20.0,19.399999618530273,19.649999618530273,19.29051399230957,4167277
ORHD.CA,Real Estate,2025-06-23 21:00:00,19.649999618530273,21.469999313354492,20.209999084472656,21.399999618530273,21.008499145507812,13057996
ORHD.CA,Real Estate,2025-06-24 21:00:00,21.399999618530273,21.799999237060547,21.049999237060547,21.399999618530273,21.008499145507812,3772147
ORHD.CA,Real Estate,2025-06-28 21:00:00,21.399999618530273,21.969999313354492,21.299999237060547,21.40999984741211,21.0183162689209,5569915
ORHD.CA,Real Estate,2025-06-29 21:00:00,21.40999984741211,21.540000915527344,20.75,21.469999313354492,21.07721710205078,4899553
ORHD.CA,Real Estate,2025-06-30 21:00:00,21.469999313354492,21.469999313354492,20.93000030517578,21.09000015258789,20.70417022705078,2922652
ORHD.CA,Real Estate,2025-07-01 21:00:00,21.09000015258789,21.799999237060547,21.010000228881836,21.719999313354492,21.322643280029297,6816132
ORHD.CA,Real Estate,2025-07-05 21:00:00,21.719999313354492,22.290000915527344,21.700000762939453,21.809999465942383,21.41099739074707,5535981
ORHD.CA,Real Estate,2025-07-06 21:00:00,21.809999465942383,22.100000381469727,21.510000228881836,21.600000381469727,21.2048397064209,3195607
ORHD.CA,Real Estate,2025-07-08 21:00:00,21.600000381469727,21.700000762939453,21.25,21.450000762939453,21.057584762573242,2294286
ORHD.CA,Real Estate,2025-07-09 21:00:00,21.450000762939453,21.690000534057617,21.399999618530273,21.450000762939453,21.057584762573242,1959804
ORHD.CA,Real Estate,2025-07-12 21:00:00,21.450000762939453,21.889999389648438,21.170000076293945,21.170000076293945,20.78270721435547,1326837
ORHD.CA,Real Estate,2025-07-13 21:00:00,21.170000076293945,21.530000686645508,21.110000610351562,21.229999542236328,20.84160804748535,1698556
ORHD.CA,Real Estate,2025-07-14 21:00:00,21.229999542236328,21.420000076293945,21.200000762939453,21.299999237060547,20.910327911376953,2584306
ORHD.CA,Real Estate,2025-07-15 21:00:00,21.299999237060547,21.450000762939453,21.020000457763672,21.020000457763672,20.63545036315918,3043800
ORHD.CA,Real Estate,2025-07-16 21:00:00,21.020000457763672,21.399999618530273,20.989999771118164,21.34000015258789,20.949596405029297,2713110
ORHD.CA,Real Estate,2025-07-19 21:00:00,21.34000015258789,22.399999618530273,21.420000076293945,22.299999237060547,21.892032623291016,7203329
ORHD.CA,Real Estate,2025-07-20 21:00:00,22.299999237060547,22.670000076293945,22.200000762939453,22.219999313354492,21.813495635986328,4828235
ORHD.CA,Real Estate,2025-07-21 21:00:00,22.219999313354492,22.3700008392334,21.68000030517578,21.760000228881836,21.361913681030273,2025673
ORHD.CA,Real Estate,2025-07-22 21:00:00,21.760000228881836,21.760000228881836,21.760000228881836,21.760000228881836,21.361913681030273,0
ORHD.CA,Real Estate,2025-07-26 21:00:00,22.600000381469727,23.200000762939453,22.600000381469727,22.65999984741211,22.245447158813477,4351684
ORHD.CA,Real Estate,2025-07-27 21:00:00,22.65999984741211,22.850000381469727,22.0,22.0,21.597522735595703,3759461
ORHD.CA,Real Estate,2025-07-28 21:00:00,22.0,22.700000762939453,21.709999084472656,22.5,22.088375091552734,3970079
ORHD.CA,Real Estate,2025-07-29 21:00:00,22.5,22.84000015258789,21.829999923706055,22.09000015258789,21.685874938964844,3526633
ORHD.CA,Real Estate,2025-07-30 21:00:00,22.09000015258789,22.540000915527344,21.950000762939453,22.5,22.088375091552734,1577414
ORHD.CA,Real Estate,2025-08-02 21:00:00,22.5,22.5,22.5,22.5,22.088375091552734,0
ORHD.CA,Real Estate,2025-08-03 21:00:00,22.5,22.5,22.5,22.5,22.088375091552734,0
ORHD.CA,Real Estate,2025-08-04 21:00:00,22.5,22.5,22.5,22.5,22.088375091552734,0
ORHD.CA,Real Estate,2025-08-05 21:00:00,22.5,22.5,22.5,22.5,22.088375091552734,0
ORHD.CA,Real Estate,2025-08-06 21:00:00,22.5,22.5,22.5,22.5,22.088375091552734,0
ORHD.CA,Real Estate,2025-08-09 21:00:00,22.200000762939453,23.440000534057617,22.309999465942383,23.399999618530273,22.971908569335938,7933210
ORHD.CA,Real Estate,2025-08-10 21:00:00,23.399999618530273,23.790000915527344,22.940000534057617,23.100000381469727,22.677398681640625,3697435
ORHD.CA,Real Estate,2025-08-11 21:00:00,23.100000381469727,23.600000381469727,23.139999389648438,23.260000228881836,22.834470748901367,3012280
ORHD.CA,Real Estate,2025-08-12 21:00:00,23.260000228881836,23.489999771118164,22.709999084472656,22.799999237060547,22.382884979248047,2691033
ORHD.CA,Real Estate,2025-08-13 21:00:00,22.799999237060547,23.229999542236328,22.719999313354492,23.1200008392334,22.697032928466797,1980117
ORHD.CA,Real Estate,2025-08-16 21:00:00,23.1200008392334,23.43000030517578,23.010000228881836,23.25,22.82465362548828,1473272
ORHD.CA,Real Estate,2025-08-17 21:00:00,23.25,23.940000534057617,23.260000228881836,23.68000030517578,23.246788024902344,3538424
ORHD.CA,Real Estate,2025-08-18 21:00:00,23.68000030517578,24.139999389648438,23.600000381469727,24.049999237060547,23.610017776489258,4290563
ORHD.CA,Real Estate,2025-08-19 21:00:00,24.049999237060547,24.200000762939453,23.510000228881836,23.700000762939453,23.266422271728516,1700265
ORHD.CA,Real Estate,2025-08-20 21:00:00,23.700000762939453,24.0,23.530000686645508,23.649999618530273,23.217336654663086,1578438
ORHD.CA,Real Estate,2025-08-23 21:00:00,23.649999618530273,23.850000381469727,23.190000534057617,23.299999237060547,22.87373924255371,2833028
ORHD.CA,Real Estate,2025-08-24 21:00:00,23.299999237060547,23.440000534057617,23.049999237060547,23.149999618530273,22.726482391357422,1008713
ORHD.CA,Real Estate,2025-08-25 21:00:00,23.149999618530273,23.3799991607666,22.809999465942383,23.200000762939453,22.775569915771484,1932387
ORHD.CA,Real Estate,2025-08-26 21:00:00,23.200000762939453,23.299999237060547,22.799999237060547,22.850000381469727,22.43197250366211,1762889
ORHD.CA,Real Estate,2025-08-27 21:00:00,22.850000381469727,23.329999923706055,22.860000610351562,23.18000030517578,22.755935668945312,1127391
ORHD.CA,Real Estate,2025-08-30 21:00:00,23.18000030517578,23.489999771118164,22.299999237060547,22.299999237060547,21.892032623291016,1532079
ORHD.CA,Real Estate,2025-08-31 21:00:00,22.299999237060547,22.75,22.290000915527344,22.700000762939453,22.284717559814453,1382772
ORHD.CA,Real Estate,2025-09-01 21:00:00,22.700000762939453,22.799999237060547,22.15999984741211,22.299999237060547,21.892032623291016,1232155
ORHD.CA,Real Estate,2025-09-02 21:00:00,22.299999237060547,22.450000762939453,21.670000076293945,21.790000915527344,21.39136505126953,4493373
ORHD.CA,Real Estate,2025-09-06 21:00:00,21.790000915527344,22.420000076293945,21.799999237060547,22.100000381469727,21.69569206237793,6511379
ORHD.CA,Real Estate,2025-09-07 21:00:00,22.100000381469727,22.459999084472656,21.93000030517578,22.079999923706055,21.676057815551758,3436390
ORHD.CA,Real Estate,2025-09-08 21:00:00,22.079999923706055,22.399999618530273,21.700000762939453,22.0,21.597522735595703,1645460
ORHD.CA,Real Estate,2025-09-09 21:00:00,22.0,22.149999618530273,21.75,21.799999237060547,21.401180267333984,1412529
ORHD.CA,Real Estate,2025-09-10 21:00:00,21.799999237060547,22.100000381469727,21.850000381469727,21.950000762939453,21.548437118530273,486610
ORHD.CA,Real Estate,2025-09-13 21:00:00,21.950000762939453,22.139999389648438,21.860000610351562,22.010000228881836,21.60733985900879,522174
ORHD.CA,Real Estate,2025-09-14 21:00:00,22.010000228881836,22.350000381469727,21.899999618530273,22.0,21.597522735595703,2146887
ORHD.CA,Real Estate,2025-09-15 21:00:00,22.0,22.139999389648438,21.299999237060547,21.299999237060547,20.910327911376953,1917118
ORHD.CA,Real Estate,2025-09-16 21:00:00,21.299999237060547,21.450000762939453,20.770000457763672,20.799999237060547,20.419475555419922,2909247
ORHD.CA,Real Estate,2025-09-17 21:00:00,20.799999237060547,21.0,20.530000686645508,20.709999084472656,20.33112144470215,1310881
ORHD.CA,Real Estate,2025-09-20 21:00:00,20.709999084472656,21.0,20.559999465942383,20.75,20.370389938354492,1625096
ORHD.CA,Real Estate,2025-09-21 21:00:00,20.75,21.0,20.3799991607666,20.989999771118164,20.605998992919922,1284326
ORHD.CA,Real Estate,2025-09-22 21:00:00,20.989999771118164,20.899999618530273,20.549999237060547,20.549999237060547,20.549999237060547,797572
ORHD.CA,Real Estate,2025-09-23 21:00:00,20.549999237060547,21.399999618530273,20.600000381469727,20.899999618530273,20.899999618530273,2995274
ORHD.CA,Real Estate,2025-09-24 21:00:00,20.899999618530273,21.1200008392334,20.799999237060547,21.0,21.0,1836389
ORHD.CA,Real Estate,2025-09-27 21:00:00,21.0,21.399999618530273,21.0,21.3799991607666,21.3799991607666,1045433
ORHD.CA,Real Estate,2025-09-28 21:00:00,21.3799991607666,21.520000457763672,21.209999084472656,21.450000762939453,21.450000762939453,1842957
ORHD.CA,Real Estate,2025-09-29 21:00:00,21.450000762939453,22.0,21.3799991607666,21.5,21.5,9779861
ORHD.CA,Real Estate,2025-09-30 21:00:00,21.5,21.700000762939453,21.25,21.350000381469727,21.350000381469727,2769029
ORHD.CA,Real Estate,2025-10-01 21:00:00,21.350000381469727,21.670000076293945,21.200000762939453,21.290000915527344,21.290000915527344,1334165
ORHD.CA,Real Estate,2025-10-04 21:00:00,21.290000915527344,21.729999542236328,21.290000915527344,21.690000534057617,21.690000534057617,962605
ORHD.CA,Real Estate,2025-10-05 21:00:00,21.690000534057617,21.940000534057617,21.399999618530273,21.5,21.5,2436892
ORHD.CA,Real Estate,2025-10-06 21:00:00,21.5,21.68000030517578,21.209999084472656,21.309999465942383,21.309999465942383,1204746
ORHD.CA,Real Estate,2025-10-07 21:00:00,21.309999465942383,21.489999771118164,21.1200008392334,21.399999618530273,21.399999618530273,2557782
ORHD.CA,Real Estate,2025-10-11 21:00:00,21.399999618530273,21.899999618530273,21.15999984741211,21.799999237060547,21.799999237060547,2919718
ORHD.CA,Real Estate,2025-10-12 21:00:00,21.799999237060547,22.299999237060547,21.729999542236328,22.209999084472656,22.209999084472656,5680746
ORHD.CA,Real Estate,2025-10-13 21:00:00,22.209999084472656,22.979999542236328,22.149999618530273,22.969999313354492,22.969999313354492,10852942
ORHD.CA,Real Estate,2025-10-14 21:00:00,22.969999313354492,23.25,22.75,22.809999465942383,22.809999465942383,6144073
ORHD.CA,Real Estate,2025-10-15 21:00:00,22.809999465942383,22.940000534057617,22.600000381469727,22.799999237060547,22.799999237060547,3343033
ORHD.CA,Real Estate,2025-10-18 21:00:00,22.799999237060547,23.190000534057617,22.799999237060547,22.959999084472656,22.959999084472656,3029638
ORHD.CA,Real Estate,2025-10-19 21:00:00,22.959999084472656,23.190000534057617,22.690000534057617,22.989999771118164,22.989999771118164,4134051
ORHD.CA,Real Estate,2025-10-20 21:00:00,22.989999771118164,23.18000030517578,22.649999618530273,22.65999984741211,22.65999984741211,2732166
ORHD.CA,Real Estate,2025-10-21 21:00:00,22.65999984741211,22.709999084472656,22.450000762939453,22.510000228881836,22.510000228881836,1531699
ORHD.CA,Real Estate,2025-10-22 21:00:00,22.510000228881836,23.0,22.450000762939453,22.989999771118164,22.989999771118164,2584622
ORHD.CA,Real Estate,2025-10-25 21:00:00,22.989999771118164,24.100000381469727,23.0,23.899999618530273,23.899999618530273,9932146
ORHD.CA,Real Estate,2025-10-26 21:00:00,23.899999618530273,24.729999542236328,23.950000762939453,24.579999923706055,24.579999923706055,7328299
ORHD.CA,Real Estate,2025-10-27 21:00:00,24.579999923706055,24.899999618530273,24.110000610351562,24.549999237060547,24.549999237060547,4888563
ORHD.CA,Real Estate,2025-10-28 21:00:00,24.549999237060547,24.899999618530273,24.229999542236328,24.790000915527344,24.790000915527344,3770577
ORHD.CA,Real Estate,2025-10-29 21:00:00,24.790000915527344,24.950000762939453,24.649999618530273,24.739999771118164,24.739999771118164,1758363
ORHD.CA,Real Estate,2025-11-01 22:00:00,24.739999771118164,25.850000381469727,24.799999237060547,25.010000228881836,25.010000228881836,7137235
ORHD.CA,Real Estate,2025-11-02 22:00:00,25.010000228881836,25.299999237060547,24.25,25.280000686645508,25.280000686645508,3564081
ORHD.CA,Real Estate,2025-11-03 22:00:00,25.280000686645508,26.489999771118164,25.25,26.399999618530273,26.399999618530273,10356613
ORHD.CA,Real Estate,2025-11-04 22:00:00,26.399999618530273,26.790000915527344,25.709999084472656,26.0,26.0,4909335
ORHD.CA,Real Estate,2025-11-05 22:00:00,26.0,26.600000381469727,25.6299991607666,25.75,25.75,3099393
ORHD.CA,Real Estate,2025-11-08 22:00:00,25.75,26.5,25.360000610351562,26.5,26.5,2758729
ORHD.CA,Real Estate,2025-11-09 22:00:00,26.5,27.139999389648438,26.510000228881836,26.799999237060547,26.799999237060547,7252423
ORHD.CA,Real Estate,2025-11-10 22:00:00,26.799999237060547,26.889999389648438,25.639999389648438,25.65999984741211,25.65999984741211,4188242
ORHD.CA,Real Estate,2025-11-11 22:00:00,25.65999984741211,26.290000915527344,25.5,25.610000610351562,25.610000610351562,1731809
ORHD.CA,Real Estate,2025-11-12 22:00:00,25.610000610351562,26.0,24.770000457763672,25.020000457763672,25.020000457763672,2372908
ORHD.CA,Real Estate,2025-11-15 22:00:00,25.020000457763672,25.5,24.700000762939453,24.770000457763672,24.770000457763672,1971813
ORHD.CA,Real Estate,2025-11-16 22:00:00,24.770000457763672,25.700000762939453,24.799999237060547,25.450000762939453,25.450000762939453,3480993
ORHD.CA,Real Estate,2025-11-17 22:00:00,25.450000762939453,25.799999237060547,24.719999313354492,25.18000030517578,25.18000030517578,2771543
ORHD.CA,Real Estate,2025-11-18 22:00:00,25.18000030517578,25.399999618530273,24.93000030517578,25.399999618530273,25.399999618530273,1552194
ORHD.CA,Real Estate,2025-11-19 22:00:00,25.399999618530273,25.700000762939453,24.899999618530273,24.899999618530273,24.899999618530273,1475041
ORHD.CA,Real Estate,2025-11-22 22:00:00,24.899999618530273,25.5,24.850000381469727,25.389999389648438,25.389999389648438,1966810
ORHD.CA,Real Estate,2025-11-23 22:00:00,25.389999389648438,25.469999313354492,24.700000762939453,24.989999771118164,24.989999771118164,3605033
ORHD.CA,Real Estate,2025-11-24 22:00:00,24.989999771118164,26.0,24.81999969482422,25.899999618530273,25.899999618530273,6182587
ORHD.CA,Real Estate,2025-11-25 22:00:00,25.899999618530273,26.0,25.059999465942383,25.059999465942383,25.059999465942383,1571881
ORHD.CA,Real Estate,2025-11-26 22:00:00,25.059999465942383,25.399999618530273,24.950000762939453,25.010000228881836,25.010000228881836,800996
ORHD.CA,Real Estate,2025-11-29 22:00:00,25.010000228881836,25.360000610351562,24.899999618530273,25.200000762939453,25.200000762939453,1833565
ORHD.CA,Real Estate,2025-11-30 22:00:00,25.200000762939453,25.979999542236328,25.030000686645508,25.200000762939453,25.200000762939453,3977405
ORHD.CA,Real Estate,2025-12-01 22:00:00,25.200000762939453,25.579999923706055,25.200000762939453,25.200000762939453,25.200000762939453,558192
ORHD.CA,Real Estate,2025-12-02 22:00:00,25.200000762939453,25.469999313354492,24.899999618530273,25.040000915527344,25.040000915527344,2234371
ORHD.CA,Real Estate,2025-12-03 22:00:00,25.040000915527344,25.290000915527344,24.8700008392334,24.899999618530273,24.899999618530273,1402760
ORHD.CA,Real Estate,2025-12-06 22:00:00,24.899999618530273,25.450000762939453,24.950000762939453,25.219999313354492,25.219999313354492,2386119
ORHD.CA,Real Estate,2025-12-07 22:00:00,25.219999313354492,25.899999618530273,25.25,25.420000076293945,25.420000076293945,4970477
ORHD.CA,Real Estate,2025-12-08 22:00:00,25.420000076293945,25.690000534057617,25.110000610351562,25.610000610351562,25.610000610351562,1788903
ORHD.CA,Real Estate,2025-12-09 22:00:00,25.610000610351562,25.729999542236328,25.40999984741211,25.459999084472656,25.459999084472656,842188
ORHD.CA,Real Estate,2025-12-10 22:00:00,25.459999084472656,25.719999313354492,25.440000534057617,25.690000534057617,25.690000534057617,1242402
ORHD.CA,Real Estate,2025-12-13 22:00:00,25.690000534057617,26.0,25.459999084472656,25.81999969482422,25.81999969482422,1333283
ORHD.CA,Real Estate,2025-12-14 22:00:00,25.81999969482422,26.239999771118164,25.649999618530273,26.0,26.0,4486585
ORHD.CA,Real Estate,2025-12-15 22:00:00,26.0,26.5,25.899999618530273,26.190000534057617,26.190000534057617,3123696
ORHD.CA,Real Estate,2025-12-16 22:00:00,26.190000534057617,26.3799991607666,25.25,25.299999237060547,25.299999237060547,1575865
ORHD.CA,Real Estate,2025-12-17 22:00:00,25.299999237060547,25.600000381469727,25.0,25.299999237060547,25.299999237060547,2315761
ORHD.CA,Real Estate,2025-12-20 22:00:00,25.299999237060547,25.479999542236328,25.0,25.479999542236328,25.479999542236328,1508155
ORHD.CA,Real Estate,2025-12-21 22:00:00,25.479999542236328,25.540000915527344,25.100000381469727,25.399999618530273,25.399999618530273,662235
ORHD.CA,Real Estate,2025-12-22 22:00:00,25.399999618530273,25.399999618530273,25.0,25.31999969482422,25.31999969482422,1366730
ORHD.CA,Real Estate,2025-12-23 22:00:00,25.31999969482422,25.489999771118164,25.149999618530273,25.309999465942383,25.309999465942383,720684
ORHD.CA,Real Estate,2025-12-24 22:00:00,25.309999465942383,25.450000762939453,25.100000381469727,25.40999984741211,25.40999984741211,689297
ORHD.CA,Real Estate,2025-12-27 22:00:00,25.40999984741211,25.469999313354492,25.1299991607666,25.389999389648438,25.389999389648438,897288
ORHD.CA,Real Estate,2025-12-28 22:00:00,25.389999389648438,25.90999984741211,25.18000030517578,25.219999313354492,25.219999313354492,3340990
ORHD.CA,Real Estate,2025-12-29 22:00:00,25.219999313354492,25.3799991607666,25.149999618530273,25.299999237060547,25.299999237060547,1054398
ORHD.CA,Real Estate,2025-12-30 22:00:00,25.299999237060547,25.440000534057617,25.1299991607666,25.399999618530273,25.399999618530273,1141999
ORHD.CA,Real Estate,2026-01-03 22:00:00,25.399999618530273,25.649999618530273,24.0,24.059999465942383,24.059999465942383,3792841
ORHD.CA,Real Estate,2026-01-04 22:00:00,24.059999465942383,24.270000457763672,23.040000915527344,23.049999237060547,23.049999237060547,4412543
ORHD.CA,Real Estate,2026-01-05 22:00:00,23.049999237060547,23.920000076293945,23.18000030517578,23.790000915527344,23.790000915527344,1577644
ORHD.CA,Real Estate,2026-01-07 22:00:00,23.790000915527344,23.979999542236328,23.280000686645508,23.299999237060547,23.299999237060547,3026754
ORHD.CA,Real Estate,2026-01-10 22:00:00,23.299999237060547,23.899999618530273,23.290000915527344,23.799999237060547,23.799999237060547,3523616
ORHD.CA,Real Estate,2026-01-11 22:00:00,23.799999237060547,24.350000381469727,23.799999237060547,23.809999465942383,23.809999465942383,5385419
ORHD.CA,Real Estate,2026-01-12 22:00:00,23.809999465942383,24.09000015258789,23.0,23.100000381469727,23.100000381469727,3254842
ORHD.CA,Real Estate,2026-01-13 22:00:00,23.100000381469727,23.299999237060547,22.700000762939453,23.0,23.0,2231248
ORHD.CA,Real Estate,2026-01-14 22:00:00,23.0,23.149999618530273,22.200000762939453,22.989999771118164,22.989999771118164,1715122
ORHD.CA,Real Estate,2026-01-17 22:00:00,22.989999771118164,23.34000015258789,22.729999542236328,22.899999618530273,22.899999618530273,2253011
ORHD.CA,Real Estate,2026-01-18 22:00:00,22.899999618530273,23.540000915527344,22.959999084472656,23.280000686645508,23.280000686645508,3857318
ORHD.CA,Real Estate,2026-01-19 22:00:00,23.280000686645508,23.899999618530273,23.309999465942383,23.799999237060547,23.799999237060547,3589013
ORHD.CA,Real Estate,2026-01-20 22:00:00,23.799999237060547,23.899999618530273,23.270000457763672,23.489999771118164,23.489999771118164,2781947
ORHD.CA,Real Estate,2026-01-21 22:00:00,23.489999771118164,23.790000915527344,23.40999984741211,23.469999313354492,23.469999313354492,1093167
ORHD.CA,Real Estate,2026-01-24 22:00:00,23.469999313354492,23.8799991607666,23.5,23.649999618530273,23.649999618530273,1703770
ORHD.CA,Real Estate,2026-01-25 22:00:00,23.649999618530273,23.799999237060547,23.309999465942383,23.610000610351562,23.610000610351562,2922787
ORHD.CA,Real Estate,2026-01-26 22:00:00,23.610000610351562,23.780000686645508,23.399999618530273,23.700000762939453,23.700000762939453,2853165
ORHD.CA,Real Estate,2026-01-27 22:00:00,23.700000762939453,24.5,23.510000228881836,24.010000228881836,24.010000228881836,10040252
ORHD.CA,Real Estate,2026-01-31 22:00:00,24.010000228881836,24.3799991607666,23.899999618530273,24.18000030517578,24.18000030517578,1901752
ORHD.CA,Real Estate,2026-02-01 22:00:00,24.18000030517578,24.700000762939453,24.0,24.40999984741211,24.40999984741211,5340024
ORHD.CA,Real Estate,2026-02-02 22:00:00,24.40999984741211,24.68000030517578,24.329999923706055,24.459999084472656,24.459999084472656,2214056
ORHD.CA,Real Estate,2026-02-03 22:00:00,24.459999084472656,24.600000381469727,24.200000762939453,24.350000381469727,24.350000381469727,2555499
ORHD.CA,Real Estate,2026-02-04 22:00:00,24.350000381469727,24.389999389648438,23.959999084472656,24.200000762939453,24.200000762939453,3278113
ORHD.CA,Real Estate,2026-02-07 22:00:00,24.200000762939453,24.510000228881836,24.25,24.5,24.5,1661749
ORHD.CA,Real Estate,2026-02-08 22:00:00,24.5,25.549999237060547,24.649999618530273,24.93000030517578,24.93000030517578,8721687
ORHD.CA,Real Estate,2026-02-09 22:00:00,24.93000030517578,25.299999237060547,24.81999969482422,25.040000915527344,25.040000915527344,2812991
ORHD.CA,Real Estate,2026-02-10 22:00:00,25.040000915527344,26.399999618530273,25.010000228881836,26.079999923706055,26.079999923706055,14970285
ORHD.CA,Real Estate,2026-02-11 22:00:00,26.079999923706055,26.09000015258789,25.75,25.90999984741211,25.90999984741211,2274343
ORHD.CA,Real Estate,2026-02-14 22:00:00,25.90999984741211,26.889999389648438,26.0,26.200000762939453,26.200000762939453,7042571
ORHD.CA,Real Estate,2026-02-15 22:00:00,26.200000762939453,26.719999313354492,25.709999084472656,25.780000686645508,25.780000686645508,4998968
ORHD.CA,Real Estate,2026-02-16 22:00:00,25.780000686645508,27.31999969482422,25.450000762939453,27.31999969482422,27.31999969482422,12852392
ORHD.CA,Real Estate,2026-02-17 22:00:00,27.31999969482422,29.280000686645508,27.5,27.969999313354492,27.969999313354492,17149813
ORHD.CA,Real Estate,2026-02-18 22:00:00,27.969999313354492,28.190000534057617,26.809999465942383,27.139999389648438,27.139999389648438,2890089
ORHD.CA,Real Estate,2026-02-21 22:00:00,27.139999389648438,27.389999389648438,25.799999237060547,26.389999389648438,26.389999389648438,2859145
ORHD.CA,Real Estate,2026-02-22 22:00:00,26.389999389648438,27.149999618530273,26.059999465942383,26.790000915527344,26.790000915527344,3213615
ORHD.CA,Real Estate,2026-02-23 22:00:00,26.790000915527344,27.040000915527344,26.399999618530273,26.469999313354492,26.469999313354492,3199345
ORHD.CA,Real Estate,2026-02-24 22:00:00,26.469999313354492,26.690000534057617,25.0,26.0,26.0,3039873
ORHD.CA,Real Estate,2026-02-25 22:00:00,26.0,25.899999618530273,25.170000076293945,25.899999618530273,25.899999618530273,1222487
ORHD.CA,Real Estate,2026-02-28 22:00:00,25.899999618530273,25.100000381469727,24.010000228881836,24.93000030517578,24.93000030517578,2326423
ORHD.CA,Real Estate,2026-03-01 22:00:00,24.93000030517578,25.100000381469727,24.0,24.790000915527344,24.790000915527344,1765559
ORHD.CA,Real Estate,2026-03-02 22:00:00,24.790000915527344,24.969999313354492,23.600000381469727,23.93000030517578,23.93000030517578,4259374
ORHD.CA,Real Estate,2026-03-03 22:00:00,23.93000030517578,24.09000015258789,23.0,23.600000381469727,23.600000381469727,6447375
ORHD.CA,Real Estate,2026-03-04 22:00:00,23.600000381469727,25.469999313354492,24.399999618530273,24.610000610351562,24.610000610351562,11146264
ORHD.CA,Real Estate,2026-03-07 22:00:00,24.610000610351562,24.989999771118164,24.100000381469727,24.200000762939453,24.200000762939453,4426688
ORHD.CA,Real Estate,2026-03-08 22:00:00,24.200000762939453,25.059999465942383,23.829999923706055,25.020000457763672,25.020000457763672,8872210
ORHD.CA,Real Estate,2026-03-09 22:00:00,25.020000457763672,25.899999618530273,25.299999237060547,25.3700008392334,25.3700008392334,5200939
ORHD.CA,Real Estate,2026-03-10 22:00:00,25.3700008392334,25.690000534057617,25.030000686645508,25.43000030517578,25.43000030517578,1705622
ORHD.CA,Real Estate,2026-03-11 22:00:00,25.43000030517578,26.100000381469727,25.399999618530273,25.690000534057617,25.690000534057617,6333785
ORHD.CA,Real Estate,2026-03-14 22:00:00,25.690000534057617,25.8799991607666,25.100000381469727,25.149999618530273,25.149999618530273,3013034
ORHD.CA,Real Estate,2026-03-15 22:00:00,25.149999618530273,25.389999389648438,24.31999969482422,24.549999237060547,24.549999237060547,2501001
ORHD.CA,Real Estate,2026-03-16 22:00:00,24.549999237060547,25.290000915527344,24.549999237060547,25.0,25.0,3352934
ORHD.CA,Real Estate,2026-03-17 22:00:00,25.0,25.389999389648438,25.0,25.100000381469727,25.100000381469727,2558179
ORHD.CA,Real Estate,2026-03-18 22:00:00,25.100000381469727,25.100000381469727,25.100000381469727,25.100000381469727,25.100000381469727,0
ORHD.CA,Real Estate,2026-03-23 22:00:00,25.100000381469727,26.06999969482422,25.200000762939453,25.450000762939453,25.450000762939453,4723671
ORHD.CA,Real Estate,2026-03-24 22:00:00,25.450000762939453,26.229999542236328,25.549999237060547,25.850000381469727,25.850000381469727,5385831
ORHD.CA,Real Estate,2026-03-25 22:00:00,25.850000381469727,25.969999313354492,25.260000228881836,25.260000228881836,25.260000228881836,4234527
ORHD.CA,Real Estate,2026-03-28 22:00:00,25.260000228881836,25.299999237060547,24.5,24.6200008392334,24.6200008392334,4804424
ORHD.CA,Real Estate,2026-03-29 22:00:00,24.6200008392334,24.8700008392334,24.200000762939453,24.299999237060547,24.299999237060547,2881460
ORHD.CA,Real Estate,2026-03-30 22:00:00,24.299999237060547,24.59000015258789,24.0,24.170000076293945,24.170000076293945,2500876
ORHD.CA,Real Estate,2026-03-31 22:00:00,24.170000076293945,25.079999923706055,24.329999923706055,25.0,25.0,4315896
ORHD.CA,Real Estate,2026-04-01 22:00:00,25.0,24.979999542236328,24.549999237060547,24.700000762939453,24.700000762939453,1705183
ORHD.CA,Real Estate,2026-04-04 22:00:00,24.700000762939453,24.920000076293945,24.700000762939453,24.75,24.75,917216
ORHD.CA,Real Estate,2026-04-05 22:00:00,24.75,25.40999984741211,24.850000381469727,25.170000076293945,25.170000076293945,4749095
ORHD.CA,Real Estate,2026-04-06 22:00:00,25.170000076293945,25.290000915527344,24.6299991607666,24.649999618530273,24.649999618530273,1910748
ORHD.CA,Real Estate,2026-04-07 22:00:00,24.649999618530273,26.469999313354492,25.25,26.100000381469727,26.100000381469727,9404006
ORHD.CA,Real Estate,2026-04-08 22:00:00,26.100000381469727,27.360000610351562,25.729999542236328,27.149999618530273,27.149999618530273,14039560
ORHD.CA,Real Estate,2026-04-13 22:00:00,27.149999618530273,27.649999618530273,26.93000030517578,27.139999389648438,27.139999389648438,6286337
ORHD.CA,Real Estate,2026-04-14 22:00:00,27.139999389648438,29.190000534057617,27.200000762939453,28.899999618530273,28.899999618530273,13775716
ORHD.CA,Real Estate,2026-04-15 22:00:00,28.899999618530273,31.0,28.709999084472656,28.90999984741211,28.90999984741211,15254610
ORHD.CA,Real Estate,2026-04-18 22:00:00,28.90999984741211,29.889999389648438,28.81999969482422,29.850000381469727,29.850000381469727,6206927
ORHD.CA,Real Estate,2026-04-19 22:00:00,29.850000381469727,30.049999237060547,28.969999313354492,29.5,29.5,3741965
ORHD.CA,Real Estate,2026-04-20 22:00:00,29.5,31.899999618530273,29.600000381469727,31.899999618530273,31.899999618530273,11228858
ORHD.CA,Real Estate,2026-04-21 22:00:00,31.899999618530273,31.899999618530273,30.600000381469727,31.100000381469727,31.100000381469727,6531021
ORHD.CA,Real Estate,2026-04-22 22:00:00,31.100000381469727,31.600000381469727,30.25,30.25,30.25,7768257
ORHD.CA,Real Estate,2026-04-25 21:00:00,30.25,30.639999389648438,29.530000686645508,29.75,29.75,6874323
ORHD.CA,Real Estate,2026-04-26 21:00:00,29.75,31.100000381469727,29.770000457763672,30.5,30.5,5702332
ORHD.CA,Real Estate,2026-04-27 21:00:00,30.5,30.809999465942383,30.200000762939453,30.540000915527344,30.540000915527344,3380068
ORHD.CA,Real Estate,2026-04-28 21:00:00,30.540000915527344,31.149999618530273,30.209999084472656,31.100000381469727,31.100000381469727,5112875
ORHD.CA,Real Estate,2026-04-29 21:00:00,31.100000381469727,31.799999237060547,30.950000762939453,30.950000762939453,30.950000762939453,7522182
ORHD.CA,Real Estate,2026-05-02 21:00:00,30.950000762939453,32.11000061035156,31.15999984741211,31.489999771118164,31.489999771118164,7564598
ORHD.CA,Real Estate,2026-05-03 21:00:00,31.489999771118164,31.780000686645508,30.5,30.5,30.5,5343534
ORHD.CA,Real Estate,2026-05-04 21:00:00,30.5,30.670000076293945,30.149999618530273,30.440000534057617,30.440000534057617,5687072
ORHD.CA,Real Estate,2026-05-05 21:00:00,30.440000534057617,33.5,30.559999465942383,33.5,33.5,18197039
ORHD.CA,Real Estate,2026-05-09 21:00:00,33.5,35.0,33.849998474121094,33.9900016784668,33.9900016784668,8220985
ORHD.CA,Real Estate,2026-05-10 21:00:00,33.9900016784668,34.38999938964844,33.0,33.630001068115234,33.630001068115234,6117064
ORHD.CA,Real Estate,2026-05-11 21:00:00,33.630001068115234,33.939998626708984,32.900001525878906,33.349998474121094,33.349998474121094,4620861
ORHD.CA,Real Estate,2026-05-12 21:00:00,33.349998474121094,33.849998474121094,33.040000915527344,33.20000076293945,33.20000076293945,6802540
ORHD.CA,Real Estate,2026-05-13 21:00:00,33.20000076293945,34.400001525878906,33.0,34.0,34.0,6296102
ORHD.CA,Real Estate,2026-05-16 21:00:00,34.0,34.43000030517578,33.25,33.36000061035156,33.36000061035156,3100660
ORHD.CA,Real Estate,2026-05-17 21:00:00,33.36000061035156,33.900001525878906,33.09000015258789,33.400001525878906,33.400001525878906,2644991
ORHD.CA,Real Estate,2026-05-18 21:00:00,33.400001525878906,35.5,33.5099983215332,34.70000076293945,34.70000076293945,9769678
ORHD.CA,Real Estate,2026-05-19 21:00:00,34.70000076293945,35.099998474121094,33.709999084472656,33.720001220703125,33.720001220703125,3635097
ORHD.CA,Real Estate,2026-05-20 21:00:00,33.720001220703125,36.5099983215332,33.810001373291016,36.5099983215332,36.5099983215332,8796934
ORHD.CA,Real Estate,2026-05-23 21:00:00,36.5099983215332,37.560001373291016,36.45000076293945,36.5,36.5,4033304
ORHD.CA,Real Estate,2026-05-24 21:00:00,36.5,37.880001068115234,36.0,37.45000076293945,37.45000076293945,4655361
ORHD.CA,Real Estate,2026-05-25 21:00:00,37.45000076293945,37.45000076293945,37.45000076293945,37.45000076293945,37.45000076293945,0
ORHD.CA,Real Estate,2026-05-26 21:00:00,37.45000076293945,37.45000076293945,37.45000076293945,37.45000076293945,37.45000076293945,0
ORHD.CA,Real Estate,2026-05-27 21:00:00,37.45000076293945,37.45000076293945,37.45000076293945,37.45000076293945,37.45000076293945,0
ORHD.CA,Real Estate,2026-05-31 21:00:00,37.45000076293945,39.61000061035156,37.400001525878906,38.90999984741211,38.90999984741211,4696541
ORHD.CA,Real Estate,2026-06-01 21:00:00,38.90999984741211,39.09000015258789,37.400001525878906,38.02000045776367,38.02000045776367,6343480
ORHD.CA,Real Estate,2026-06-02 21:00:00,38.02000045776367,38.290000915527344,37.41999816894531,38.130001068115234,38.130001068115234,3511540
ORHD.CA,Real Estate,2026-06-03 21:00:00,38.130001068115234,38.83000183105469,38.02000045776367,38.06999969482422,38.06999969482422,2848154
ORHD.CA,Real Estate,2026-06-06 21:00:00,38.06999969482422,37.88999938964844,36.619998931884766,37.0,37.0,2884804
ORHD.CA,Real Estate,2026-06-07 21:00:00,37.0,37.7400016784668,36.11000061035156,36.54999923706055,36.54999923706055,4585573
ORHD.CA,Real Estate,2026-06-08 21:00:00,36.54999923706055,37.61000061035156,36.70000076293945,37.0,37.0,4839960
ORHD.CA,Real Estate,2026-06-09 21:00:00,37.0,38.5099983215332,36.599998474121094,36.599998474121094,36.599998474121094,8421315
ORHD.CA,Real Estate,2026-06-10 21:00:00,36.599998474121094,36.9900016784668,35.0099983215332,36.11000061035156,36.11000061035156,3827544
ORHD.CA,Real Estate,2026-06-13 21:00:00,36.11000061035156,38.900001525878906,36.91999816894531,38.0,38.0,7716155
ORHD.CA,Real Estate,2026-06-14 21:00:00,38.0,38.689998626708984,37.150001525878906,37.150001525878906,37.150001525878906,4408882
ORHD.CA,Real Estate,2026-06-15 21:00:00,37.150001525878906,37.79999923706055,37.08000183105469,37.38999938964844,37.38999938964844,3159852
ORHD.CA,Real Estate,2026-06-16 21:00:00,37.38999938964844,37.38999938964844,37.38999938964844,37.38999938964844,37.38999938964844,0
ORHD.CA,Real Estate,2026-06-17 21:00:00,37.38999938964844,37.38999938964844,37.38999938964844,37.38999938964844,37.38999938964844,0
ORHD.CA,Real Estate,2026-06-20 21:00:00,38.290000915527344,39.68000030517578,38.36000061035156,39.599998474121094,39.599998474121094,6860290
ORHD.CA,Real Estate,2026-06-21 21:00:00,39.599998474121094,39.599998474121094,39.599998474121094,39.599998474121094,39.599998474121094,0
ORHD.CA,Real Estate,2026-06-22 21:00:00,39.099998474121094,39.400001525878906,38.54999923706055,38.900001525878906,38.900001525878906,3674461
ORHD.CA,Real Estate,2026-06-23 21:00:00,38.900001525878906,39.66999816894531,38.709999084472656,39.29999923706055,39.29999923706055,3213981
ORHD.CA,Real Estate,2026-06-24 21:00:00,39.29999923706055,39.56999969482422,38.70000076293945,38.81999969482422,38.81999969482422,1874327
ORHD.CA,Real Estate,2026-06-27 21:00:00,38.81999969482422,39.099998474121094,37.0,38.0,38.0,6113933
ORHD.CA,Real Estate,2026-06-28 21:00:00,38.0,38.4900016784668,37.20000076293945,37.650001525878906,37.650001525878906,2903516
ORHD.CA,Real Estate,2026-06-29 21:00:00,37.650001525878906,38.45000076293945,37.52000045776367,38.38999938964844,38.38999938964844,5201317
ORHD.CA,Real Estate,2026-06-30 21:00:00,38.38999938964844,38.349998474121094,37.7599983215332,38.20000076293945,38.20000076293945,2015953
ORHD.CA,Real Estate,2026-07-04 21:00:00,38.20000076293945,38.5,37.91999816894531,38.150001525878906,38.150001525878906,1503869
ORHD.CA,Real Estate,2026-07-05 21:00:00,38.150001525878906,39.45000076293945,38.11000061035156,38.650001525878906,38.650001525878906,6290866
ORHD.CA,Real Estate,2026-07-06 21:00:00,38.650001525878906,39.70000076293945,38.790000915527344,39.66999816894531,39.66999816894531,7031058
ORHD.CA,Real Estate,2026-07-07 21:00:00,39.66999816894531,39.59000015258789,38.5,38.68000030517578,38.68000030517578,2560325
ORHD.CA,Real Estate,2026-07-08 21:00:00,38.68000030517578,39.5,38.529998779296875,39.11000061035156,39.11000061035156,2711428
ORHD.CA,Real Estate,2026-07-11 21:00:00,39.11000061035156,39.400001525878906,38.810001373291016,39.209999084472656,39.209999084472656,1642358
ORHD.CA,Real Estate,2026-07-12 21:00:00,39.209999084472656,39.380001068115234,38.900001525878906,39.20000076293945,39.20000076293945,2758293
ORHD.CA,Real Estate,2026-07-13 21:00:00,39.20000076293945,39.150001525878906,38.66999816894531,38.900001525878906,38.900001525878906,3015720
ORHD.CA,Real Estate,2026-07-14 21:00:00,38.900001525878906,39.75,38.849998474121094,39.5,39.5,5371256
ORHD.CA,Real Estate,2026-07-15 21:00:00,39.5,40.20000076293945,39.20000076293945,39.20000076293945,39.20000076293945,8411525
ORHD.CA,Real Estate,2026-07-18 21:00:00,39.20000076293945,39.38999938964844,38.5,38.5,38.5,2086865
ORHD.CA,Real Estate,2026-07-19 21:00:00,38.5,39.08000183105469,38.400001525878906,38.400001525878906,38.400001525878906,2705744
ORHD.CA,Real Estate,2026-07-20 21:00:00,38.400001525878906,39.5,38.41999816894531,39.25,39.25,2744350
ORHD.CA,Real Estate,2026-07-21 21:00:00,39.25,40.779998779296875,39.2599983215332,40.400001525878906,40.400001525878906,8500898
ORHD.CA,Real Estate,2026-07-25 21:00:00,40.400001525878906,40.79999923706055,39.849998474121094,39.900001525878906,39.900001525878906,3870835
ORHD.CA,Real Estate,2026-07-26 21:00:00,39.900001525878906,40.5,39.959999084472656,40.4900016784668,40.4900016784668,1326281
ORHD.CA,Real Estate,2026-07-27 21:00:00,40.4900016784668,40.900001525878906,40.029998779296875,40.310001373291016,40.310001373291016,3125064
ORHD.CA,Real Estate,2026-07-28 21:00:00,40.310001373291016,40.34000015258789,39.619998931884766,39.790000915527344,39.790000915527344,2104737
ORHD.CA,Real Estate,2026-07-29 21:00:00,39.790000915527344,40.0,38.0,39.310001373291016,39.310001373291016,4791738
ORHD.CA,Real Estate,2026-08-01 21:00:00,39.310001373291016,39.95000076293945,39.349998474121094,39.689998626708984,39.689998626708984,1626799
ORHD.CA,Real Estate,2026-08-02 21:00:00,39.689998626708984,41.4900016784668,39.70000076293945,40.45000076293945,40.45000076293945,7758475
ORHD.CA,Real Estate,2026-08-03 21:00:00,40.45000076293945,44.0,40.599998474121094,41.5,41.5,10119320
ORHD.CA,Real Estate,2026-08-04 21:00:00,41.5,42.54999923706055,41.619998931884766,42.0,42.0,4635318
ORHD.CA,Real Estate,2026-08-05 21:00:00,42.0,42.540000915527344,42.0,42.0,42.0,2082633
