symbol,sector,raw_date_utc,open,high,low,close,adj_close,volume
RAKT.CA,Industrials,2022-01-01 22:00:00,8.039999961853027,8.279999732971191,8.050000190734863,8.039999961853027,8.039999961853027,16928
RAKT.CA,Industrials,2022-01-02 22:00:00,8.039999961853027,8.399999618530273,8.119999885559082,8.199999809265137,8.199999809265137,40655
RAKT.CA,Industrials,2022-01-03 22:00:00,8.199999809265137,8.600000381469727,8.140000343322754,8.390000343322754,8.390000343322754,89913
RAKT.CA,Industrials,2022-01-04 22:00:00,8.390000343322754,8.5,8.3100004196167,8.390000343322754,8.390000343322754,34243
RAKT.CA,Industrials,2022-01-08 22:00:00,8.390000343322754,8.390000343322754,8.390000343322754,8.390000343322754,8.390000343322754,0
RAKT.CA,Industrials,2022-01-09 22:00:00,8.390000343322754,8.399999618530273,8.260000228881836,8.390000343322754,8.390000343322754,33397
RAKT.CA,Industrials,2022-01-10 22:00:00,8.390000343322754,8.270000457763672,8.0,8.390000343322754,8.390000343322754,14807
RAKT.CA,Industrials,2022-01-11 22:00:00,8.390000343322754,8.289999961853027,8.010000228881836,8.390000343322754,8.390000343322754,13850
RAKT.CA,Industrials,2022-01-12 22:00:00,8.390000343322754,8.050000190734863,7.920000076293945,8.390000343322754,8.390000343322754,26648
RAKT.CA,Industrials,2022-01-15 22:00:00,8.390000343322754,7.949999809265137,7.559999942779541,8.390000343322754,8.390000343322754,11878
RAKT.CA,Industrials,2022-01-16 22:00:00,8.390000343322754,8.180000305175781,8.0,8.390000343322754,8.390000343322754,13173
RAKT.CA,Industrials,2022-01-17 22:00:00,8.390000343322754,8.039999961853027,7.920000076293945,7.949999809265137,7.949999809265137,39696
RAKT.CA,Industrials,2022-01-18 22:00:00,7.949999809265137,8.069999694824219,7.900000095367432,7.949999809265137,7.949999809265137,19611
RAKT.CA,Industrials,2022-01-19 22:00:00,7.949999809265137,7.949999809265137,7.630000114440918,7.949999809265137,7.949999809265137,15729
RAKT.CA,Industrials,2022-01-22 22:00:00,7.949999809265137,8.0,7.650000095367432,7.949999809265137,7.949999809265137,13227
RAKT.CA,Industrials,2022-01-23 22:00:00,7.949999809265137,7.650000095367432,7.420000076293945,7.949999809265137,7.949999809265137,9230
RAKT.CA,Industrials,2022-01-24 22:00:00,7.949999809265137,7.789999961853027,7.460000038146973,7.949999809265137,7.949999809265137,9850
RAKT.CA,Industrials,2022-01-25 22:00:00,7.949999809265137,7.849999904632568,7.610000133514404,7.949999809265137,7.949999809265137,28732
RAKT.CA,Industrials,2022-01-29 22:00:00,7.949999809265137,7.900000095367432,7.510000228881836,7.949999809265137,7.949999809265137,9300
RAKT.CA,Industrials,2022-01-30 22:00:00,7.949999809265137,7.829999923706055,7.559999942779541,7.949999809265137,7.949999809265137,27276
RAKT.CA,Industrials,2022-01-31 22:00:00,7.949999809265137,7.789999961853027,7.659999847412109,7.949999809265137,7.949999809265137,1410
RAKT.CA,Industrials,2022-02-01 22:00:00,7.949999809265137,8.199999809265137,7.820000171661377,7.869999885559082,7.869999885559082,65380
RAKT.CA,Industrials,2022-02-02 22:00:00,7.869999885559082,8.180000305175781,7.599999904632568,7.869999885559082,7.869999885559082,21730
RAKT.CA,Industrials,2022-02-05 22:00:00,7.869999885559082,8.130000114440918,7.239999771118164,7.869999885559082,7.869999885559082,15050
RAKT.CA,Industrials,2022-02-06 22:00:00,7.869999885559082,7.75,7.650000095367432,7.869999885559082,7.869999885559082,10805
RAKT.CA,Industrials,2022-02-07 22:00:00,7.869999885559082,7.860000133514404,7.400000095367432,7.46999979019165,7.46999979019165,85940
RAKT.CA,Industrials,2022-02-08 22:00:00,7.46999979019165,7.550000190734863,7.409999847412109,7.46999979019165,7.46999979019165,29296
RAKT.CA,Industrials,2022-02-09 22:00:00,7.46999979019165,7.409999847412109,7.199999809265137,7.46999979019165,7.46999979019165,38085
RAKT.CA,Industrials,2022-02-12 22:00:00,7.46999979019165,7.400000095367432,6.349999904632568,7.46999979019165,7.46999979019165,24200
RAKT.CA,Industrials,2022-02-13 22:00:00,7.46999979019165,6.809999942779541,6.400000095367432,7.46999979019165,7.46999979019165,27500
RAKT.CA,Industrials,2022-02-14 22:00:00,7.46999979019165,7.289999961853027,6.699999809265137,6.75,6.75,58575
RAKT.CA,Industrials,2022-02-15 22:00:00,6.75,6.989999771118164,6.820000171661377,6.75,6.75,14155
RAKT.CA,Industrials,2022-02-16 22:00:00,6.75,6.989999771118164,6.710000038146973,6.75,6.75,12224
RAKT.CA,Industrials,2022-02-19 22:00:00,6.75,6.989999771118164,6.309999942779541,6.75,6.75,29187
RAKT.CA,Industrials,2022-02-20 22:00:00,6.75,6.690000057220459,6.369999885559082,6.75,6.75,12392
RAKT.CA,Industrials,2022-02-21 22:00:00,6.75,6.400000095367432,6.019999980926514,6.75,6.75,24341
RAKT.CA,Industrials,2022-02-22 22:00:00,6.75,6.650000095367432,6.170000076293945,6.75,6.75,16503
RAKT.CA,Industrials,2022-02-23 22:00:00,6.75,6.199999809265137,5.400000095367432,5.489999771118164,5.489999771118164,156058
RAKT.CA,Industrials,2022-02-26 22:00:00,5.489999771118164,6.199999809265137,5.599999904632568,5.809999942779541,5.809999942779541,56291
RAKT.CA,Industrials,2022-02-27 22:00:00,5.809999942779541,5.880000114440918,5.670000076293945,5.809999942779541,5.809999942779541,26160
RAKT.CA,Industrials,2022-02-28 22:00:00,5.809999942779541,6.0,5.800000190734863,5.809999942779541,5.809999942779541,21960
RAKT.CA,Industrials,2022-03-01 22:00:00,5.809999942779541,5.929999828338623,5.699999809265137,5.809999942779541,5.809999942779541,21900
RAKT.CA,Industrials,2022-03-02 22:00:00,5.809999942779541,6.099999904632568,5.869999885559082,5.809999942779541,5.809999942779541,25789
RAKT.CA,Industrials,2022-03-05 22:00:00,5.809999942779541,5.900000095367432,5.820000171661377,5.809999942779541,5.809999942779541,13408
RAKT.CA,Industrials,2022-03-06 22:00:00,5.809999942779541,6.050000190734863,5.75,5.809999942779541,5.809999942779541,37127
RAKT.CA,Industrials,2022-03-07 22:00:00,5.809999942779541,5.809999942779541,5.809999942779541,5.809999942779541,5.809999942779541,0
RAKT.CA,Industrials,2022-03-08 22:00:00,5.809999942779541,6.360000133514404,5.75,6.019999980926514,6.019999980926514,115513
RAKT.CA,Industrials,2022-03-09 22:00:00,6.019999980926514,6.71999979019165,6.0,6.5,6.5,214288
RAKT.CA,Industrials,2022-03-12 22:00:00,6.5,6.849999904632568,6.239999771118164,6.369999885559082,6.369999885559082,50411
RAKT.CA,Industrials,2022-03-13 22:00:00,6.369999885559082,6.369999885559082,6.369999885559082,6.369999885559082,6.369999885559082,15841
RAKT.CA,Industrials,2022-03-14 22:00:00,6.369999885559082,6.599999904632568,6.130000114440918,6.150000095367432,6.150000095367432,66258
RAKT.CA,Industrials,2022-03-15 22:00:00,6.150000095367432,6.590000152587891,6.269999980926514,6.519999980926514,6.519999980926514,96588
RAKT.CA,Industrials,2022-03-16 22:00:00,6.519999980926514,6.75,6.429999828338623,6.550000190734863,6.550000190734863,78203
RAKT.CA,Industrials,2022-03-19 22:00:00,6.550000190734863,6.730000019073486,6.320000171661377,6.610000133514404,6.610000133514404,52768
RAKT.CA,Industrials,2022-03-20 22:00:00,6.610000133514404,6.949999809265137,6.610000133514404,6.829999923706055,6.829999923706055,64031
RAKT.CA,Industrials,2022-03-21 22:00:00,6.829999923706055,7.199999809265137,6.889999866485596,7.010000228881836,7.010000228881836,49496
RAKT.CA,Industrials,2022-03-22 22:00:00,7.010000228881836,7.440000057220459,6.909999847412109,7.25,7.25,62832
RAKT.CA,Industrials,2022-03-23 22:00:00,7.25,7.349999904632568,7.150000095367432,7.25,7.25,35366
RAKT.CA,Industrials,2022-03-26 22:00:00,7.25,7.389999866485596,6.900000095367432,7.25,7.25,17206
RAKT.CA,Industrials,2022-03-27 22:00:00,7.25,7.019999980926514,6.78000020980835,7.25,7.25,27637
RAKT.CA,Industrials,2022-03-28 22:00:00,7.25,6.829999923706055,6.53000020980835,7.25,7.25,12940
RAKT.CA,Industrials,2022-03-29 22:00:00,7.25,7.0,6.760000228881836,7.25,7.25,13473
RAKT.CA,Industrials,2022-03-30 22:00:00,7.25,7.170000076293945,6.659999847412109,7.25,7.25,11013
RAKT.CA,Industrials,2022-04-02 22:00:00,7.25,7.190000057220459,6.769999980926514,7.25,7.25,14315
RAKT.CA,Industrials,2022-04-03 22:00:00,7.25,6.849999904632568,6.75,7.25,7.25,6450
RAKT.CA,Industrials,2022-04-04 22:00:00,7.25,6.800000190734863,6.5,6.659999847412109,6.659999847412109,84676
RAKT.CA,Industrials,2022-04-05 22:00:00,6.659999847412109,6.849999904632568,6.639999866485596,6.659999847412109,6.659999847412109,6200
RAKT.CA,Industrials,2022-04-06 22:00:00,6.659999847412109,6.699999809265137,6.510000228881836,6.659999847412109,6.659999847412109,21007
RAKT.CA,Industrials,2022-04-09 22:00:00,6.659999847412109,6.510000228881836,6.159999847412109,6.659999847412109,6.659999847412109,45964
RAKT.CA,Industrials,2022-04-10 22:00:00,6.659999847412109,6.659999847412109,5.699999809265137,6.659999847412109,6.659999847412109,43833
RAKT.CA,Industrials,2022-04-11 22:00:00,6.659999847412109,6.659999847412109,5.880000114440918,6.659999847412109,6.659999847412109,15664
RAKT.CA,Industrials,2022-04-12 22:00:00,6.659999847412109,6.289999961853027,6.010000228881836,6.659999847412109,6.659999847412109,7750
RAKT.CA,Industrials,2022-04-13 22:00:00,6.659999847412109,6.010000228881836,5.920000076293945,6.659999847412109,6.659999847412109,1579
RAKT.CA,Industrials,2022-04-16 22:00:00,6.659999847412109,6.659999847412109,5.360000133514404,6.659999847412109,6.659999847412109,37493
RAKT.CA,Industrials,2022-04-17 22:00:00,6.659999847412109,6.659999847412109,5.75,6.659999847412109,6.659999847412109,12488
RAKT.CA,Industrials,2022-04-18 22:00:00,6.659999847412109,6.329999923706055,5.820000171661377,6.659999847412109,6.659999847412109,9150
RAKT.CA,Industrials,2022-04-19 22:00:00,6.659999847412109,6.179999828338623,5.920000076293945,6.659999847412109,6.659999847412109,9550
RAKT.CA,Industrials,2022-04-20 22:00:00,6.659999847412109,6.679999828338623,6.179999828338623,6.659999847412109,6.659999847412109,30807
RAKT.CA,Industrials,2022-04-25 22:00:00,6.659999847412109,6.230000019073486,6.199999809265137,6.659999847412109,6.659999847412109,6280
RAKT.CA,Industrials,2022-04-26 22:00:00,6.659999847412109,6.119999885559082,6.119999885559082,6.659999847412109,6.659999847412109,233
RAKT.CA,Industrials,2022-04-27 22:00:00,6.659999847412109,6.400000095367432,6.269999980926514,6.659999847412109,6.659999847412109,2500
RAKT.CA,Industrials,2022-05-07 22:00:00,6.659999847412109,6.179999828338623,6.099999904632568,6.659999847412109,6.659999847412109,8357
RAKT.CA,Industrials,2022-05-08 22:00:00,6.659999847412109,6.659999847412109,6.659999847412109,6.659999847412109,6.659999847412109,0
RAKT.CA,Industrials,2022-05-09 22:00:00,6.659999847412109,6.360000133514404,6.0,6.659999847412109,6.659999847412109,30325
RAKT.CA,Industrials,2022-05-10 22:00:00,6.659999847412109,6.329999923706055,6.019999980926514,6.659999847412109,6.659999847412109,8637
RAKT.CA,Industrials,2022-05-11 22:00:00,6.659999847412109,6.380000114440918,6.070000171661377,6.659999847412109,6.659999847412109,8200
RAKT.CA,Industrials,2022-05-14 22:00:00,6.659999847412109,6.460000038146973,6.150000095367432,6.659999847412109,6.659999847412109,3551
RAKT.CA,Industrials,2022-05-15 22:00:00,6.659999847412109,6.380000114440918,6.039999961853027,6.659999847412109,6.659999847412109,4050
RAKT.CA,Industrials,2022-05-16 22:00:00,6.659999847412109,6.619999885559082,6.369999885559082,6.659999847412109,6.659999847412109,44320
RAKT.CA,Industrials,2022-05-17 22:00:00,6.659999847412109,6.53000020980835,6.150000095367432,6.659999847412109,6.659999847412109,15067
RAKT.CA,Industrials,2022-05-18 22:00:00,6.659999847412109,6.320000171661377,6.119999885559082,6.659999847412109,6.659999847412109,10764
RAKT.CA,Industrials,2022-05-21 22:00:00,6.659999847412109,6.659999847412109,6.110000133514404,6.659999847412109,6.659999847412109,16078
RAKT.CA,Industrials,2022-05-22 22:00:00,6.659999847412109,6.369999885559082,6.139999866485596,6.659999847412109,6.659999847412109,5400
RAKT.CA,Industrials,2022-05-23 22:00:00,6.659999847412109,6.25,6.130000114440918,6.659999847412109,6.659999847412109,15500
RAKT.CA,Industrials,2022-05-24 22:00:00,6.659999847412109,6.25,6.0,6.659999847412109,6.659999847412109,22465
RAKT.CA,Industrials,2022-05-25 22:00:00,6.659999847412109,6.199999809265137,5.949999809265137,6.659999847412109,6.659999847412109,808
RAKT.CA,Industrials,2022-05-28 22:00:00,6.659999847412109,6.300000190734863,6.199999809265137,6.659999847412109,6.659999847412109,5000
RAKT.CA,Industrials,2022-05-29 22:00:00,6.659999847412109,6.380000114440918,6.0,6.159999847412109,6.159999847412109,115142
RAKT.CA,Industrials,2022-05-30 22:00:00,6.159999847412109,6.099999904632568,6.079999923706055,6.159999847412109,6.159999847412109,12950
RAKT.CA,Industrials,2022-05-31 22:00:00,6.159999847412109,6.199999809265137,6.070000171661377,6.159999847412109,6.159999847412109,4500
RAKT.CA,Industrials,2022-06-01 22:00:00,6.159999847412109,6.110000133514404,6.0,6.159999847412109,6.159999847412109,11200
RAKT.CA,Industrials,2022-06-04 22:00:00,6.159999847412109,6.159999847412109,6.159999847412109,6.159999847412109,6.159999847412109,0
RAKT.CA,Industrials,2022-06-05 22:00:00,6.159999847412109,6.239999771118164,5.989999771118164,6.159999847412109,6.159999847412109,4500
RAKT.CA,Industrials,2022-06-06 22:00:00,6.159999847412109,6.210000038146973,6.099999904632568,6.159999847412109,6.159999847412109,1911
RAKT.CA,Industrials,2022-06-07 22:00:00,6.159999847412109,6.409999847412109,6.230000019073486,6.159999847412109,6.159999847412109,22299
RAKT.CA,Industrials,2022-06-08 22:00:00,6.159999847412109,6.699999809265137,6.309999942779541,6.53000020980835,6.53000020980835,103449
RAKT.CA,Industrials,2022-06-11 22:00:00,6.53000020980835,6.590000152587891,6.400000095367432,6.53000020980835,6.53000020980835,27620
RAKT.CA,Industrials,2022-06-12 22:00:00,6.53000020980835,6.260000228881836,6.21999979019165,6.53000020980835,6.53000020980835,15948
RAKT.CA,Industrials,2022-06-13 22:00:00,6.53000020980835,6.400000095367432,6.110000133514404,6.53000020980835,6.53000020980835,7708
RAKT.CA,Industrials,2022-06-14 22:00:00,6.53000020980835,6.449999809265137,6.260000228881836,6.53000020980835,6.53000020980835,17331
RAKT.CA,Industrials,2022-06-15 22:00:00,6.53000020980835,6.5,6.239999771118164,6.53000020980835,6.53000020980835,11677
RAKT.CA,Industrials,2022-06-18 22:00:00,6.53000020980835,6.25,6.119999885559082,6.53000020980835,6.53000020980835,11732
RAKT.CA,Industrials,2022-06-19 22:00:00,6.53000020980835,6.28000020980835,6.099999904632568,6.53000020980835,6.53000020980835,5749
RAKT.CA,Industrials,2022-06-20 22:00:00,6.53000020980835,6.25,6.099999904632568,6.53000020980835,6.53000020980835,7601
RAKT.CA,Industrials,2022-06-21 22:00:00,6.53000020980835,6.170000076293945,6.0,6.53000020980835,6.53000020980835,11500
RAKT.CA,Industrials,2022-06-22 22:00:00,6.53000020980835,6.099999904632568,6.0,6.53000020980835,6.53000020980835,2550
RAKT.CA,Industrials,2022-06-25 22:00:00,6.53000020980835,6.53000020980835,6.53000020980835,6.53000020980835,6.53000020980835,0
RAKT.CA,Industrials,2022-06-26 22:00:00,6.53000020980835,5.949999809265137,5.949999809265137,6.53000020980835,6.53000020980835,4950
RAKT.CA,Industrials,2022-06-27 22:00:00,6.53000020980835,5.679999828338623,5.53000020980835,6.53000020980835,6.53000020980835,14350
RAKT.CA,Industrials,2022-06-28 22:00:00,6.53000020980835,6.110000133514404,5.730000019073486,6.53000020980835,6.53000020980835,798
RAKT.CA,Industrials,2022-07-02 22:00:00,6.53000020980835,5.550000190734863,5.380000114440918,6.53000020980835,6.53000020980835,3070
RAKT.CA,Industrials,2022-07-03 22:00:00,6.53000020980835,6.53000020980835,6.53000020980835,6.53000020980835,6.53000020980835,0
RAKT.CA,Industrials,2022-07-04 22:00:00,6.53000020980835,5.699999809265137,5.5,6.53000020980835,6.53000020980835,13920
RAKT.CA,Industrials,2022-07-05 22:00:00,6.53000020980835,5.869999885559082,5.599999904632568,6.53000020980835,6.53000020980835,13170
RAKT.CA,Industrials,2022-07-06 22:00:00,6.53000020980835,5.900000095367432,5.699999809265137,6.53000020980835,6.53000020980835,8713
RAKT.CA,Industrials,2022-07-16 22:00:00,6.53000020980835,5.75,5.539999961853027,6.53000020980835,6.53000020980835,9103
RAKT.CA,Industrials,2022-07-17 22:00:00,6.53000020980835,5.840000152587891,5.559999942779541,6.53000020980835,6.53000020980835,3000
RAKT.CA,Industrials,2022-07-18 22:00:00,6.53000020980835,5.880000114440918,5.650000095367432,6.53000020980835,6.53000020980835,2047
RAKT.CA,Industrials,2022-07-19 22:00:00,6.53000020980835,6.389999866485596,5.869999885559082,6.110000133514404,6.110000133514404,72912
RAKT.CA,Industrials,2022-07-20 22:00:00,6.110000133514404,6.400000095367432,6.300000190734863,6.110000133514404,6.110000133514404,17500
RAKT.CA,Industrials,2022-07-23 22:00:00,6.110000133514404,6.400000095367432,6.119999885559082,6.110000133514404,6.110000133514404,14542
RAKT.CA,Industrials,2022-07-24 22:00:00,6.110000133514404,6.230000019073486,6.070000171661377,6.110000133514404,6.110000133514404,27382
RAKT.CA,Industrials,2022-07-25 22:00:00,6.110000133514404,6.320000171661377,6.110000133514404,6.110000133514404,6.110000133514404,26972
RAKT.CA,Industrials,2022-07-26 22:00:00,6.110000133514404,6.369999885559082,6.099999904632568,6.110000133514404,6.110000133514404,30066
RAKT.CA,Industrials,2022-07-27 22:00:00,6.110000133514404,6.420000076293945,6.0,6.380000114440918,6.380000114440918,62336
RAKT.CA,Industrials,2022-07-30 22:00:00,6.380000114440918,6.71999979019165,6.409999847412109,6.539999961853027,6.539999961853027,114345
RAKT.CA,Industrials,2022-07-31 22:00:00,6.539999961853027,6.699999809265137,6.21999979019165,6.539999961853027,6.539999961853027,18433
RAKT.CA,Industrials,2022-08-01 22:00:00,6.539999961853027,6.599999904632568,6.210000038146973,6.539999961853027,6.539999961853027,14008
RAKT.CA,Industrials,2022-08-02 22:00:00,6.539999961853027,6.510000228881836,6.150000095367432,6.539999961853027,6.539999961853027,32605
RAKT.CA,Industrials,2022-08-03 22:00:00,6.539999961853027,6.53000020980835,6.199999809265137,6.539999961853027,6.539999961853027,37830
RAKT.CA,Industrials,2022-08-06 22:00:00,6.539999961853027,7.329999923706055,6.329999923706055,6.96999979019165,6.96999979019165,149159
RAKT.CA,Industrials,2022-08-07 22:00:00,6.96999979019165,7.199999809265137,6.659999847412109,6.769999980926514,6.769999980926514,63896
RAKT.CA,Industrials,2022-08-08 22:00:00,6.769999980926514,7.019999980926514,6.820000171661377,6.840000152587891,6.840000152587891,69103
RAKT.CA,Industrials,2022-08-09 22:00:00,6.840000152587891,7.519999980926514,6.860000133514404,7.159999847412109,7.159999847412109,129981
RAKT.CA,Industrials,2022-08-10 22:00:00,7.159999847412109,7.730000019073486,7.199999809265137,7.670000076293945,7.670000076293945,107668
RAKT.CA,Industrials,2022-08-13 22:00:00,7.670000076293945,8.789999961853027,7.769999980926514,8.640000343322754,8.640000343322754,362882
RAKT.CA,Industrials,2022-08-14 22:00:00,8.640000343322754,8.670000076293945,8.0600004196167,8.430000305175781,8.430000305175781,119086
RAKT.CA,Industrials,2022-08-15 22:00:00,8.430000305175781,10.109999656677246,8.279999732971191,10.100000381469727,10.100000381469727,1094346
RAKT.CA,Industrials,2022-08-16 22:00:00,10.100000381469727,11.399999618530273,10.109999656677246,10.329999923706055,10.329999923706055,1254200
RAKT.CA,Industrials,2022-08-17 22:00:00,10.329999923706055,10.329999923706055,10.329999923706055,10.329999923706055,10.329999923706055,0
RAKT.CA,Industrials,2022-08-20 22:00:00,10.350000381469727,10.680000305175781,10.020000457763672,10.319999694824219,10.319999694824219,225645
RAKT.CA,Industrials,2022-08-21 22:00:00,10.319999694824219,10.630000114440918,10.199999809265137,10.5,10.5,176774
RAKT.CA,Industrials,2022-08-22 22:00:00,10.5,10.5,10.5,10.5,10.5,0
RAKT.CA,Industrials,2022-08-23 22:00:00,10.600000381469727,11.399999618530273,10.5,10.90999984741211,10.90999984741211,377455
RAKT.CA,Industrials,2022-08-24 22:00:00,10.90999984741211,11.399999618530273,10.960000038146973,11.029999732971191,11.029999732971191,326752
RAKT.CA,Industrials,2022-08-27 22:00:00,11.029999732971191,11.300000190734863,10.760000228881836,10.949999809265137,10.949999809265137,300611
RAKT.CA,Industrials,2022-08-28 22:00:00,10.949999809265137,11.359999656677246,10.699999809265137,10.949999809265137,10.949999809265137,334485
RAKT.CA,Industrials,2022-08-29 22:00:00,10.949999809265137,11.479999542236328,10.710000038146973,10.90999984741211,10.90999984741211,299358
RAKT.CA,Industrials,2022-08-30 22:00:00,10.90999984741211,11.25,10.649999618530273,10.75,10.75,130026
RAKT.CA,Industrials,2022-08-31 22:00:00,10.75,10.75,10.279999732971191,10.529999732971191,10.529999732971191,73162
RAKT.CA,Industrials,2022-09-03 22:00:00,10.529999732971191,10.670000076293945,10.100000381469727,10.40999984741211,10.40999984741211,57673
RAKT.CA,Industrials,2022-09-04 22:00:00,10.40999984741211,10.699999809265137,10.25,10.670000076293945,10.670000076293945,151638
RAKT.CA,Industrials,2022-09-05 22:00:00,10.670000076293945,10.979999542236328,10.210000038146973,10.3100004196167,10.3100004196167,232479
RAKT.CA,Industrials,2022-09-06 22:00:00,10.3100004196167,11.369999885559082,10.399999618530273,11.149999618530273,11.149999618530273,408902
RAKT.CA,Industrials,2022-09-07 22:00:00,11.149999618530273,11.800000190734863,11.199999809265137,11.670000076293945,11.670000076293945,497293
RAKT.CA,Industrials,2022-09-10 22:00:00,11.670000076293945,12.369999885559082,11.680000305175781,12.210000038146973,12.210000038146973,381112
RAKT.CA,Industrials,2022-09-11 22:00:00,12.210000038146973,12.479999542236328,11.699999809265137,11.859999656677246,11.859999656677246,198797
RAKT.CA,Industrials,2022-09-12 22:00:00,11.859999656677246,11.989999771118164,11.3100004196167,11.6899995803833,11.6899995803833,268942
RAKT.CA,Industrials,2022-09-13 22:00:00,11.6899995803833,11.930000305175781,11.329999923706055,11.470000267028809,11.470000267028809,171022
RAKT.CA,Industrials,2022-09-14 22:00:00,11.470000267028809,12.100000381469727,11.569999694824219,11.640000343322754,11.640000343322754,274598
RAKT.CA,Industrials,2022-09-17 22:00:00,11.640000343322754,11.9399995803833,9.800000190734863,10.130000114440918,10.130000114440918,101813
RAKT.CA,Industrials,2022-09-18 22:00:00,10.130000114440918,11.449999809265137,9.550000190734863,10.510000228881836,10.510000228881836,77925
RAKT.CA,Industrials,2022-09-19 22:00:00,10.510000228881836,10.949999809265137,10.289999961853027,10.739999771118164,10.739999771118164,63636
RAKT.CA,Industrials,2022-09-20 22:00:00,10.739999771118164,11.140000343322754,10.420000076293945,10.449999809265137,10.449999809265137,31227
RAKT.CA,Industrials,2022-09-21 22:00:00,10.449999809265137,10.789999961853027,10.119999885559082,10.449999809265137,10.449999809265137,27533
RAKT.CA,Industrials,2022-09-24 22:00:00,10.449999809265137,11.199999809265137,10.5600004196167,10.699999809265137,10.699999809265137,53751
RAKT.CA,Industrials,2022-09-25 22:00:00,10.699999809265137,11.149999618530273,10.319999694824219,10.75,10.75,127711
RAKT.CA,Industrials,2022-09-26 22:00:00,10.75,10.890000343322754,10.430000305175781,10.470000267028809,10.470000267028809,70635
RAKT.CA,Industrials,2022-09-27 22:00:00,10.470000267028809,10.550000190734863,10.300000190734863,10.350000381469727,10.350000381469727,71365
RAKT.CA,Industrials,2022-09-28 22:00:00,10.350000381469727,10.800000190734863,10.40999984741211,10.470000267028809,10.470000267028809,82751
RAKT.CA,Industrials,2022-10-01 22:00:00,10.470000267028809,10.470000267028809,10.170000076293945,10.470000267028809,10.470000267028809,20469
RAKT.CA,Industrials,2022-10-02 22:00:00,10.470000267028809,10.289999961853027,9.550000190734863,9.680000305175781,9.680000305175781,76795
RAKT.CA,Industrials,2022-10-03 22:00:00,9.680000305175781,10.34000015258789,9.850000381469727,10.140000343322754,10.140000343322754,74884
RAKT.CA,Industrials,2022-10-04 22:00:00,10.140000343322754,11.180000305175781,10.220000267028809,10.989999771118164,10.989999771118164,179445
RAKT.CA,Industrials,2022-10-08 22:00:00,10.989999771118164,11.399999618530273,10.850000381469727,10.949999809265137,10.949999809265137,111235
RAKT.CA,Industrials,2022-10-09 22:00:00,10.949999809265137,11.0,10.529999732971191,10.949999809265137,10.949999809265137,21372
RAKT.CA,Industrials,2022-10-10 22:00:00,10.949999809265137,10.989999771118164,10.069999694824219,10.949999809265137,10.949999809265137,26866
RAKT.CA,Industrials,2022-10-11 22:00:00,10.949999809265137,10.949999809265137,9.899999618530273,10.949999809265137,10.949999809265137,25221
RAKT.CA,Industrials,2022-10-12 22:00:00,10.949999809265137,10.949999809265137,10.010000228881836,10.949999809265137,10.949999809265137,13498
RAKT.CA,Industrials,2022-10-15 22:00:00,10.949999809265137,10.979999542236328,10.170000076293945,10.369999885559082,10.369999885559082,47618
RAKT.CA,Industrials,2022-10-16 22:00:00,10.369999885559082,10.600000381469727,10.25,10.369999885559082,10.369999885559082,31138
RAKT.CA,Industrials,2022-10-17 22:00:00,10.369999885559082,10.5,10.020000457763672,10.369999885559082,10.369999885559082,18515
RAKT.CA,Industrials,2022-10-18 22:00:00,10.369999885559082,10.789999961853027,10.199999809265137,10.270000457763672,10.270000457763672,101483
RAKT.CA,Industrials,2022-10-19 22:00:00,10.270000457763672,10.699999809265137,10.1899995803833,10.5600004196167,10.5600004196167,95600
RAKT.CA,Industrials,2022-10-22 22:00:00,10.5600004196167,11.699999809265137,10.960000038146973,11.579999923706055,11.579999923706055,330075
RAKT.CA,Industrials,2022-10-23 22:00:00,11.579999923706055,11.890000343322754,11.010000228881836,11.199999809265137,11.199999809265137,302055
RAKT.CA,Industrials,2022-10-24 22:00:00,11.199999809265137,12.0,11.300000190734863,11.630000114440918,11.630000114440918,339376
RAKT.CA,Industrials,2022-10-25 22:00:00,11.630000114440918,11.630000114440918,11.630000114440918,11.630000114440918,11.630000114440918,0
RAKT.CA,Industrials,2022-10-26 22:00:00,11.949999809265137,12.5,11.819999694824219,12.0,12.0,274030
RAKT.CA,Industrials,2022-10-29 22:00:00,12.0,12.359999656677246,11.130000114440918,11.350000381469727,11.350000381469727,135076
RAKT.CA,Industrials,2022-10-30 22:00:00,11.350000381469727,11.899999618530273,11.300000190734863,11.75,11.75,74136
RAKT.CA,Industrials,2022-10-31 22:00:00,11.75,12.350000381469727,11.739999771118164,12.170000076293945,12.170000076293945,150740
RAKT.CA,Industrials,2022-11-01 22:00:00,12.170000076293945,12.6899995803833,11.899999618530273,11.989999771118164,11.989999771118164,91921
RAKT.CA,Industrials,2022-11-02 22:00:00,11.989999771118164,12.949999809265137,11.899999618530273,12.890000343322754,12.890000343322754,228527
RAKT.CA,Industrials,2022-11-05 22:00:00,12.890000343322754,13.880000114440918,12.470000267028809,12.880000114440918,12.880000114440918,349085
RAKT.CA,Industrials,2022-11-06 22:00:00,12.880000114440918,13.1899995803833,12.510000228881836,12.609999656677246,12.609999656677246,85718
RAKT.CA,Industrials,2022-11-07 22:00:00,12.609999656677246,12.850000381469727,11.800000190734863,11.84000015258789,11.84000015258789,146377
RAKT.CA,Industrials,2022-11-08 22:00:00,11.84000015258789,12.25,11.670000076293945,11.859999656677246,11.859999656677246,147782
RAKT.CA,Industrials,2022-11-09 22:00:00,11.859999656677246,12.199999809265137,11.800000190734863,11.850000381469727,11.850000381469727,56136
RAKT.CA,Industrials,2022-11-12 22:00:00,11.850000381469727,12.25,11.649999618530273,11.739999771118164,11.739999771118164,82738
RAKT.CA,Industrials,2022-11-13 22:00:00,11.739999771118164,11.949999809265137,11.010000228881836,11.270000457763672,11.270000457763672,103443
RAKT.CA,Industrials,2022-11-14 22:00:00,11.270000457763672,11.699999809265137,11.319999694824219,11.40999984741211,11.40999984741211,136909
RAKT.CA,Industrials,2022-11-15 22:00:00,11.40999984741211,11.600000381469727,11.25,11.449999809265137,11.449999809265137,93643
RAKT.CA,Industrials,2022-11-16 22:00:00,11.449999809265137,12.510000228881836,11.529999732971191,12.4399995803833,12.4399995803833,208207
RAKT.CA,Industrials,2022-11-19 22:00:00,12.4399995803833,13.09000015258789,12.600000381469727,12.829999923706055,12.829999923706055,208299
RAKT.CA,Industrials,2022-11-20 22:00:00,12.829999923706055,13.369999885559082,12.829999923706055,12.920000076293945,12.920000076293945,130495
RAKT.CA,Industrials,2022-11-21 22:00:00,12.920000076293945,13.449999809265137,12.890000343322754,13.3100004196167,13.3100004196167,139479
RAKT.CA,Industrials,2022-11-22 22:00:00,13.3100004196167,13.75,13.100000381469727,13.25,13.25,145316
RAKT.CA,Industrials,2022-11-23 22:00:00,13.25,14.100000381469727,13.300000190734863,13.680000305175781,13.680000305175781,286660
RAKT.CA,Industrials,2022-11-26 22:00:00,13.680000305175781,14.229999542236328,13.699999809265137,14.09000015258789,14.09000015258789,124751
RAKT.CA,Industrials,2022-11-27 22:00:00,14.09000015258789,14.289999961853027,13.84000015258789,14.079999923706055,14.079999923706055,126547
RAKT.CA,Industrials,2022-11-28 22:00:00,14.079999923706055,14.5,14.020000457763672,14.390000343322754,14.390000343322754,236591
RAKT.CA,Industrials,2022-11-29 22:00:00,14.390000343322754,15.0,14.25,14.680000305175781,14.680000305175781,144680
RAKT.CA,Industrials,2022-11-30 22:00:00,14.680000305175781,15.100000381469727,14.140000343322754,14.229999542236328,14.229999542236328,219025
RAKT.CA,Industrials,2022-12-03 22:00:00,14.229999542236328,14.649999618530273,13.890000343322754,14.039999961853027,14.039999961853027,160935
RAKT.CA,Industrials,2022-12-04 22:00:00,14.039999961853027,14.460000038146973,13.619999885559082,13.680000305175781,13.680000305175781,106308
RAKT.CA,Industrials,2022-12-05 22:00:00,13.680000305175781,14.0,13.149999618530273,13.59000015258789,13.59000015258789,112330
RAKT.CA,Industrials,2022-12-06 22:00:00,13.59000015258789,14.899999618530273,13.600000381469727,14.3100004196167,14.3100004196167,201549
RAKT.CA,Industrials,2022-12-07 22:00:00,14.3100004196167,14.59000015258789,14.100000381469727,14.25,14.25,46949
RAKT.CA,Industrials,2022-12-10 22:00:00,14.25,14.789999961853027,13.5,13.59000015258789,13.59000015258789,97883
RAKT.CA,Industrials,2022-12-11 22:00:00,13.59000015258789,13.779999732971191,13.260000228881836,13.59000015258789,13.59000015258789,21465
RAKT.CA,Industrials,2022-12-12 22:00:00,13.59000015258789,14.0,13.15999984741211,13.289999961853027,13.289999961853027,52199
RAKT.CA,Industrials,2022-12-13 22:00:00,13.289999961853027,13.680000305175781,13.0,13.329999923706055,13.329999923706055,78567
RAKT.CA,Industrials,2022-12-14 22:00:00,13.329999923706055,13.399999618530273,12.899999618530273,12.979999542236328,12.979999542236328,122377
RAKT.CA,Industrials,2022-12-17 22:00:00,12.979999542236328,12.789999961853027,12.350000381469727,12.399999618530273,12.399999618530273,30170
RAKT.CA,Industrials,2022-12-18 22:00:00,12.399999618530273,12.670000076293945,11.920000076293945,12.140000343322754,12.140000343322754,29022
RAKT.CA,Industrials,2022-12-19 22:00:00,12.140000343322754,12.09000015258789,11.920000076293945,12.140000343322754,12.140000343322754,2200
RAKT.CA,Industrials,2022-12-20 22:00:00,12.140000343322754,12.989999771118164,11.8100004196167,12.510000228881836,12.510000228881836,31794
RAKT.CA,Industrials,2022-12-21 22:00:00,12.510000228881836,12.960000038146973,12.020000457763672,12.079999923706055,12.079999923706055,27861
RAKT.CA,Industrials,2022-12-24 22:00:00,12.079999923706055,12.100000381469727,11.8100004196167,12.079999923706055,12.079999923706055,8550
RAKT.CA,Industrials,2022-12-25 22:00:00,12.079999923706055,12.0,11.819999694824219,12.079999923706055,12.079999923706055,3000
RAKT.CA,Industrials,2022-12-26 22:00:00,12.079999923706055,12.350000381469727,11.699999809265137,12.079999923706055,12.079999923706055,16705
RAKT.CA,Industrials,2022-12-27 22:00:00,12.079999923706055,11.949999809265137,11.609999656677246,12.079999923706055,12.079999923706055,6685
RAKT.CA,Industrials,2022-12-28 22:00:00,12.079999923706055,12.350000381469727,11.899999618530273,12.079999923706055,12.079999923706055,24467
RAKT.CA,Industrials,2023-01-01 22:00:00,12.079999923706055,14.489999771118164,12.75,12.949999809265137,12.949999809265137,79561
RAKT.CA,Industrials,2023-01-02 22:00:00,12.949999809265137,13.289999961853027,12.800000190734863,12.859999656677246,12.859999656677246,50133
RAKT.CA,Industrials,2023-01-03 22:00:00,12.859999656677246,13.100000381469727,12.529999732971191,12.699999809265137,12.699999809265137,28166
RAKT.CA,Industrials,2023-01-04 22:00:00,12.699999809265137,13.0,12.609999656677246,12.6899995803833,12.6899995803833,29088
RAKT.CA,Industrials,2023-01-08 22:00:00,12.6899995803833,12.6899995803833,11.8100004196167,12.079999923706055,12.079999923706055,74145
RAKT.CA,Industrials,2023-01-09 22:00:00,12.079999923706055,12.0,11.8100004196167,11.819999694824219,11.819999694824219,32277
RAKT.CA,Industrials,2023-01-10 22:00:00,11.819999694824219,11.819999694824219,11.270000457763672,11.460000038146973,11.460000038146973,44971
RAKT.CA,Industrials,2023-01-11 22:00:00,11.460000038146973,11.680000305175781,10.84000015258789,11.079999923706055,11.079999923706055,57974
RAKT.CA,Industrials,2023-01-14 22:00:00,11.079999923706055,11.380000114440918,10.699999809265137,11.079999923706055,11.079999923706055,14291
RAKT.CA,Industrials,2023-01-15 22:00:00,11.079999923706055,12.649999618530273,10.720000267028809,12.260000228881836,12.260000228881836,112383
RAKT.CA,Industrials,2023-01-16 22:00:00,12.260000228881836,12.739999771118164,11.850000381469727,11.970000267028809,11.970000267028809,32637
RAKT.CA,Industrials,2023-01-17 22:00:00,11.970000267028809,12.5,11.789999961853027,11.819999694824219,11.819999694824219,85847
RAKT.CA,Industrials,2023-01-18 22:00:00,11.819999694824219,12.199999809265137,11.649999618530273,11.779999732971191,11.779999732971191,28592
RAKT.CA,Industrials,2023-01-21 22:00:00,11.779999732971191,12.100000381469727,11.640000343322754,11.970000267028809,11.970000267028809,38193
RAKT.CA,Industrials,2023-01-22 22:00:00,11.970000267028809,12.180000305175781,11.699999809265137,11.970000267028809,11.970000267028809,11708
RAKT.CA,Industrials,2023-01-23 22:00:00,11.970000267028809,11.880000114440918,11.550000190734863,11.970000267028809,11.970000267028809,11018
RAKT.CA,Industrials,2023-01-24 22:00:00,11.970000267028809,12.5,11.5,12.100000381469727,12.100000381469727,142140
RAKT.CA,Industrials,2023-01-28 22:00:00,12.100000381469727,12.989999771118164,12.399999618530273,12.619999885559082,12.619999885559082,165677
RAKT.CA,Industrials,2023-01-29 22:00:00,12.619999885559082,13.199999809265137,12.0600004196167,12.369999885559082,12.369999885559082,140339
RAKT.CA,Industrials,2023-01-30 22:00:00,12.369999885559082,12.899999618530273,12.0600004196167,12.140000343322754,12.140000343322754,62785
RAKT.CA,Industrials,2023-01-31 22:00:00,12.140000343322754,14.479999542236328,12.149999618530273,13.720000267028809,13.720000267028809,421515
RAKT.CA,Industrials,2023-02-01 22:00:00,13.720000267028809,15.5,13.8100004196167,14.510000228881836,14.510000228881836,379165
RAKT.CA,Industrials,2023-02-04 22:00:00,14.510000228881836,15.25,13.770000457763672,14.289999961853027,14.289999961853027,333585
RAKT.CA,Industrials,2023-02-05 22:00:00,14.289999961853027,15.0,13.199999809265137,13.529999732971191,13.529999732971191,180487
RAKT.CA,Industrials,2023-02-06 22:00:00,13.529999732971191,14.979999542236328,13.5,14.369999885559082,14.369999885559082,202987
RAKT.CA,Industrials,2023-02-07 22:00:00,14.369999885559082,14.9399995803833,13.899999618530273,14.210000038146973,14.210000038146973,147490
RAKT.CA,Industrials,2023-02-08 22:00:00,14.210000038146973,14.470000267028809,14.0600004196167,14.130000114440918,14.130000114440918,68647
RAKT.CA,Industrials,2023-02-11 22:00:00,14.130000114440918,14.640000343322754,14.0600004196167,14.199999809265137,14.199999809265137,102537
RAKT.CA,Industrials,2023-02-12 22:00:00,14.199999809265137,14.800000190734863,14.199999809265137,14.449999809265137,14.449999809265137,103703
RAKT.CA,Industrials,2023-02-13 22:00:00,14.449999809265137,16.190000534057617,14.5,15.699999809265137,15.699999809265137,330161
RAKT.CA,Industrials,2023-02-14 22:00:00,15.699999809265137,16.350000381469727,15.300000190734863,15.550000190734863,15.550000190734863,208768
RAKT.CA,Industrials,2023-02-15 22:00:00,15.550000190734863,16.079999923706055,15.300000190734863,15.40999984741211,15.40999984741211,118715
RAKT.CA,Industrials,2023-02-18 22:00:00,15.40999984741211,16.700000762939453,15.010000228881836,15.59000015258789,15.59000015258789,250166
RAKT.CA,Industrials,2023-02-19 22:00:00,15.59000015258789,16.09000015258789,15.119999885559082,15.239999771118164,15.239999771118164,101040
RAKT.CA,Industrials,2023-02-20 22:00:00,15.239999771118164,15.739999771118164,14.720000267028809,15.289999961853027,15.289999961853027,77968
RAKT.CA,Industrials,2023-02-21 22:00:00,15.289999961853027,15.739999771118164,14.800000190734863,14.899999618530273,14.899999618530273,62137
RAKT.CA,Industrials,2023-02-22 22:00:00,14.899999618530273,15.3100004196167,14.510000228881836,15.029999732971191,15.029999732971191,39616
RAKT.CA,Industrials,2023-02-25 22:00:00,15.029999732971191,16.68000030517578,15.0,16.010000228881836,16.010000228881836,213869
RAKT.CA,Industrials,2023-02-26 22:00:00,16.010000228881836,16.200000762939453,15.5,15.619999885559082,15.619999885559082,84718
RAKT.CA,Industrials,2023-02-27 22:00:00,15.619999885559082,16.5,15.600000381469727,15.649999618530273,15.649999618530273,147380
RAKT.CA,Industrials,2023-02-28 22:00:00,15.649999618530273,16.040000915527344,15.550000190734863,15.65999984741211,15.65999984741211,43134
RAKT.CA,Industrials,2023-03-01 22:00:00,15.65999984741211,15.699999809265137,15.270000457763672,15.460000038146973,15.460000038146973,28836
RAKT.CA,Industrials,2023-03-04 22:00:00,15.460000038146973,15.880000114440918,15.359999656677246,15.5,15.5,30391
RAKT.CA,Industrials,2023-03-05 22:00:00,15.5,15.800000190734863,15.170000076293945,15.199999809265137,15.199999809265137,74493
RAKT.CA,Industrials,2023-03-06 22:00:00,15.199999809265137,15.300000190734863,14.5,14.680000305175781,14.680000305175781,54233
RAKT.CA,Industrials,2023-03-07 22:00:00,14.680000305175781,14.890000343322754,14.5,14.680000305175781,14.680000305175781,13415
RAKT.CA,Industrials,2023-03-08 22:00:00,14.680000305175781,15.649999618530273,14.949999809265137,15.15999984741211,15.15999984741211,56617
RAKT.CA,Industrials,2023-03-11 22:00:00,15.15999984741211,15.1899995803833,14.239999771118164,14.3100004196167,14.3100004196167,47876
RAKT.CA,Industrials,2023-03-12 22:00:00,14.3100004196167,14.739999771118164,13.010000228881836,13.210000038146973,13.210000038146973,75923
RAKT.CA,Industrials,2023-03-13 22:00:00,13.210000038146973,13.5,12.619999885559082,13.09000015258789,13.09000015258789,40235
RAKT.CA,Industrials,2023-03-14 22:00:00,13.09000015258789,13.5,10.850000381469727,11.760000228881836,11.760000228881836,96731
RAKT.CA,Industrials,2023-03-15 22:00:00,11.760000228881836,11.699999809265137,10.479999542236328,10.880000114440918,10.880000114440918,50036
RAKT.CA,Industrials,2023-03-18 22:00:00,10.880000114440918,11.75,10.90999984741211,10.880000114440918,10.880000114440918,14960
RAKT.CA,Industrials,2023-03-19 22:00:00,10.880000114440918,12.399999618530273,11.020000457763672,11.649999618530273,11.649999618530273,31353
RAKT.CA,Industrials,2023-03-20 22:00:00,11.649999618530273,12.869999885559082,12.319999694824219,12.430000305175781,12.430000305175781,38435
RAKT.CA,Industrials,2023-03-21 22:00:00,12.430000305175781,12.890000343322754,12.220000267028809,12.430000305175781,12.430000305175781,18856
RAKT.CA,Industrials,2023-03-22 22:00:00,12.430000305175781,12.6899995803833,11.550000190734863,12.0,12.0,38780
RAKT.CA,Industrials,2023-03-25 22:00:00,12.0,12.390000343322754,12.0,12.1899995803833,12.1899995803833,36040
RAKT.CA,Industrials,2023-03-26 22:00:00,12.1899995803833,12.600000381469727,11.3100004196167,12.1899995803833,12.1899995803833,14510
RAKT.CA,Industrials,2023-03-27 22:00:00,12.1899995803833,12.949999809265137,11.829999923706055,12.470000267028809,12.470000267028809,27912
RAKT.CA,Industrials,2023-03-28 22:00:00,12.470000267028809,13.0,12.319999694824219,12.470000267028809,12.470000267028809,18915
RAKT.CA,Industrials,2023-03-29 22:00:00,12.470000267028809,12.899999618530273,12.25,12.470000267028809,12.470000267028809,7486
RAKT.CA,Industrials,2023-04-01 22:00:00,12.470000267028809,12.75,12.399999618530273,12.470000267028809,12.470000267028809,3723
RAKT.CA,Industrials,2023-04-02 22:00:00,12.470000267028809,12.720000267028809,12.100000381469727,12.260000228881836,12.260000228881836,40080
RAKT.CA,Industrials,2023-04-03 22:00:00,12.260000228881836,12.430000305175781,12.010000228881836,12.109999656677246,12.109999656677246,61525
RAKT.CA,Industrials,2023-04-04 22:00:00,12.109999656677246,13.0,12.010000228881836,12.529999732971191,12.529999732971191,40754
RAKT.CA,Industrials,2023-04-05 22:00:00,12.529999732971191,13.25,12.420000076293945,12.59000015258789,12.59000015258789,72727
RAKT.CA,Industrials,2023-04-08 22:00:00,12.59000015258789,12.760000228881836,12.380000114440918,12.59000015258789,12.59000015258789,23290
RAKT.CA,Industrials,2023-04-09 22:00:00,12.59000015258789,12.5,12.229999542236328,12.59000015258789,12.59000015258789,10628
RAKT.CA,Industrials,2023-04-10 22:00:00,12.59000015258789,12.699999809265137,12.399999618530273,12.59000015258789,12.59000015258789,8359
RAKT.CA,Industrials,2023-04-11 22:00:00,12.59000015258789,12.40999984741211,12.0,12.079999923706055,12.079999923706055,35098
RAKT.CA,Industrials,2023-04-12 22:00:00,12.079999923706055,12.289999961853027,11.850000381469727,12.079999923706055,12.079999923706055,17271
RAKT.CA,Industrials,2023-04-17 22:00:00,12.079999923706055,11.899999618530273,9.670000076293945,12.079999923706055,12.079999923706055,16565
RAKT.CA,Industrials,2023-04-18 22:00:00,12.079999923706055,11.550000190734863,10.899999618530273,11.170000076293945,11.170000076293945,33990
RAKT.CA,Industrials,2023-04-25 22:00:00,11.170000076293945,11.729999542236328,11.300000190734863,11.34000015258789,11.34000015258789,35229
RAKT.CA,Industrials,2023-04-26 22:00:00,11.34000015258789,11.850000381469727,11.40999984741211,11.579999923706055,11.579999923706055,49648
RAKT.CA,Industrials,2023-04-29 21:00:00,11.579999923706055,12.5,11.130000114440918,11.460000038146973,11.460000038146973,78964
RAKT.CA,Industrials,2023-04-30 21:00:00,11.460000038146973,11.460000038146973,11.460000038146973,11.460000038146973,11.460000038146973,0
RAKT.CA,Industrials,2023-05-01 21:00:00,11.520000457763672,11.680000305175781,11.25,11.520000457763672,11.520000457763672,10783
RAKT.CA,Industrials,2023-05-02 21:00:00,11.520000457763672,11.520000457763672,10.90999984741211,11.520000457763672,11.520000457763672,24052
RAKT.CA,Industrials,2023-05-06 21:00:00,11.520000457763672,11.520000457763672,11.100000381469727,11.520000457763672,11.520000457763672,8359
RAKT.CA,Industrials,2023-05-07 21:00:00,11.520000457763672,11.550000190734863,11.260000228881836,11.520000457763672,11.520000457763672,17232
RAKT.CA,Industrials,2023-05-08 21:00:00,11.520000457763672,11.600000381469727,11.359999656677246,11.520000457763672,11.520000457763672,14235
RAKT.CA,Industrials,2023-05-09 21:00:00,11.520000457763672,11.34000015258789,11.0600004196167,11.520000457763672,11.520000457763672,19403
RAKT.CA,Industrials,2023-05-10 21:00:00,11.520000457763672,11.460000038146973,11.220000267028809,11.520000457763672,11.520000457763672,10795
RAKT.CA,Industrials,2023-05-13 21:00:00,11.520000457763672,11.5,11.010000228881836,11.520000457763672,11.520000457763672,13310
RAKT.CA,Industrials,2023-05-14 21:00:00,11.520000457763672,11.149999618530273,11.0,11.520000457763672,11.520000457763672,3300
RAKT.CA,Industrials,2023-05-15 21:00:00,11.520000457763672,11.34000015258789,10.850000381469727,11.520000457763672,11.520000457763672,16599
RAKT.CA,Industrials,2023-05-16 21:00:00,11.520000457763672,11.520000457763672,10.949999809265137,11.520000457763672,11.520000457763672,19435
RAKT.CA,Industrials,2023-05-17 21:00:00,11.520000457763672,10.699999809265137,10.699999809265137,11.520000457763672,11.520000457763672,652
RAKT.CA,Industrials,2023-05-20 21:00:00,11.520000457763672,11.079999923706055,11.0,11.520000457763672,11.520000457763672,5407
RAKT.CA,Industrials,2023-05-21 21:00:00,11.520000457763672,11.25,10.850000381469727,11.520000457763672,11.520000457763672,10991
RAKT.CA,Industrials,2023-05-22 21:00:00,11.520000457763672,11.010000228881836,10.8100004196167,11.520000457763672,11.520000457763672,11311
RAKT.CA,Industrials,2023-05-23 21:00:00,11.520000457763672,11.300000190734863,10.949999809265137,11.520000457763672,11.520000457763672,7411
RAKT.CA,Industrials,2023-05-24 21:00:00,11.520000457763672,11.0,10.949999809265137,11.520000457763672,11.520000457763672,3055
RAKT.CA,Industrials,2023-05-27 21:00:00,11.520000457763672,11.300000190734863,11.010000228881836,11.520000457763672,11.520000457763672,2816
RAKT.CA,Industrials,2023-05-28 21:00:00,11.520000457763672,12.199999809265137,11.4399995803833,11.949999809265137,11.949999809265137,87059
RAKT.CA,Industrials,2023-05-29 21:00:00,11.949999809265137,12.149999618530273,11.760000228881836,11.949999809265137,11.949999809265137,16065
RAKT.CA,Industrials,2023-05-30 21:00:00,11.949999809265137,11.989999771118164,11.350000381469727,11.529999732971191,11.529999732971191,27775
RAKT.CA,Industrials,2023-05-31 21:00:00,11.529999732971191,11.699999809265137,11.350000381469727,11.529999732971191,11.529999732971191,6930
RAKT.CA,Industrials,2023-06-03 21:00:00,11.529999732971191,11.710000038146973,11.199999809265137,11.529999732971191,11.529999732971191,13509
RAKT.CA,Industrials,2023-06-04 21:00:00,11.529999732971191,11.5,11.260000228881836,11.529999732971191,11.529999732971191,21739
RAKT.CA,Industrials,2023-06-05 21:00:00,11.529999732971191,11.510000228881836,11.260000228881836,11.319999694824219,11.319999694824219,34818
RAKT.CA,Industrials,2023-06-06 21:00:00,11.319999694824219,11.680000305175781,11.300000190734863,11.319999694824219,11.319999694824219,17689
RAKT.CA,Industrials,2023-06-07 21:00:00,11.319999694824219,12.739999771118164,11.25,12.420000076293945,12.420000076293945,307603
RAKT.CA,Industrials,2023-06-10 21:00:00,12.420000076293945,12.739999771118164,12.0,12.050000190734863,12.050000190734863,86715
RAKT.CA,Industrials,2023-06-11 21:00:00,12.050000190734863,12.239999771118164,11.880000114440918,12.050000190734863,12.050000190734863,20191
RAKT.CA,Industrials,2023-06-12 21:00:00,12.050000190734863,12.300000190734863,11.550000190734863,11.739999771118164,11.739999771118164,32082
RAKT.CA,Industrials,2023-06-13 21:00:00,11.739999771118164,12.220000267028809,11.5,12.0600004196167,12.0600004196167,149058
RAKT.CA,Industrials,2023-06-14 21:00:00,12.0600004196167,12.479999542236328,12.010000228881836,12.260000228881836,12.260000228881836,77021
RAKT.CA,Industrials,2023-06-17 21:00:00,12.260000228881836,12.420000076293945,11.779999732971191,12.100000381469727,12.100000381469727,34398
RAKT.CA,Industrials,2023-06-18 21:00:00,12.100000381469727,12.0,11.5,11.720000267028809,11.720000267028809,29689
RAKT.CA,Industrials,2023-06-19 21:00:00,11.720000267028809,11.84000015258789,11.609999656677246,11.720000267028809,11.720000267028809,3904
RAKT.CA,Industrials,2023-06-20 21:00:00,11.720000267028809,11.65999984741211,11.100000381469727,11.40999984741211,11.40999984741211,65004
RAKT.CA,Industrials,2023-06-21 21:00:00,11.40999984741211,11.40999984741211,10.619999885559082,11.40999984741211,11.40999984741211,18065
RAKT.CA,Industrials,2023-06-24 21:00:00,11.40999984741211,12.0,10.850000381469727,11.630000114440918,11.630000114440918,202561
RAKT.CA,Industrials,2023-06-25 21:00:00,11.630000114440918,11.6899995803833,11.0600004196167,11.630000114440918,11.630000114440918,18266
RAKT.CA,Industrials,2023-07-03 21:00:00,11.630000114440918,11.630000114440918,11.109999656677246,11.630000114440918,11.630000114440918,9910
RAKT.CA,Industrials,2023-07-04 21:00:00,11.630000114440918,11.479999542236328,10.970000267028809,11.020000457763672,11.020000457763672,59086
RAKT.CA,Industrials,2023-07-05 21:00:00,11.020000457763672,11.300000190734863,10.819999694824219,11.020000457763672,11.020000457763672,19444
RAKT.CA,Industrials,2023-07-08 21:00:00,11.020000457763672,11.020000457763672,10.600000381469727,11.020000457763672,11.020000457763672,12007
RAKT.CA,Industrials,2023-07-09 21:00:00,11.020000457763672,11.020000457763672,10.5,11.020000457763672,11.020000457763672,8611
RAKT.CA,Industrials,2023-07-10 21:00:00,11.020000457763672,11.199999809265137,10.520000457763672,10.899999618530273,10.899999618530273,45752
RAKT.CA,Industrials,2023-07-11 21:00:00,10.899999618530273,11.449999809265137,10.899999618530273,10.899999618530273,10.899999618530273,19221
RAKT.CA,Industrials,2023-07-12 21:00:00,10.899999618530273,13.079999923706055,10.819999694824219,13.079999923706055,13.079999923706055,417880
RAKT.CA,Industrials,2023-07-15 21:00:00,13.079999923706055,15.5,14.0,14.5600004196167,14.5600004196167,535217
RAKT.CA,Industrials,2023-07-16 21:00:00,14.5600004196167,14.5,13.5,13.550000190734863,13.550000190734863,220377
RAKT.CA,Industrials,2023-07-17 21:00:00,13.550000190734863,14.399999618530273,13.5,13.850000381469727,13.850000381469727,275208
RAKT.CA,Industrials,2023-07-18 21:00:00,13.850000381469727,13.850000381469727,13.850000381469727,13.850000381469727,13.850000381469727,0
RAKT.CA,Industrials,2023-07-23 21:00:00,13.34000015258789,13.850000381469727,13.149999618530273,13.279999732971191,13.279999732971191,103632
RAKT.CA,Industrials,2023-07-24 21:00:00,13.279999732971191,13.470000267028809,13.0,13.0600004196167,13.0600004196167,62090
RAKT.CA,Industrials,2023-07-25 21:00:00,13.0600004196167,13.199999809265137,12.819999694824219,12.9399995803833,12.9399995803833,42281
RAKT.CA,Industrials,2023-07-26 21:00:00,12.9399995803833,13.390000343322754,12.010000228881836,12.960000038146973,12.960000038146973,57707
RAKT.CA,Industrials,2023-07-29 21:00:00,12.960000038146973,13.359999656677246,12.460000038146973,12.869999885559082,12.869999885559082,31120
RAKT.CA,Industrials,2023-07-30 21:00:00,12.869999885559082,12.890000343322754,12.020000457763672,12.869999885559082,12.869999885559082,21963
RAKT.CA,Industrials,2023-07-31 21:00:00,12.869999885559082,12.869999885559082,12.319999694824219,12.869999885559082,12.869999885559082,21459
RAKT.CA,Industrials,2023-08-01 21:00:00,12.869999885559082,12.6899995803833,11.800000190734863,11.930000305175781,11.930000305175781,93750
RAKT.CA,Industrials,2023-08-02 21:00:00,11.930000305175781,12.1899995803833,11.699999809265137,11.960000038146973,11.960000038146973,54376
RAKT.CA,Industrials,2023-08-05 21:00:00,11.960000038146973,12.640000343322754,11.819999694824219,12.520000457763672,12.520000457763672,115026
RAKT.CA,Industrials,2023-08-06 21:00:00,12.520000457763672,13.180000305175781,12.369999885559082,12.40999984741211,12.40999984741211,139238
RAKT.CA,Industrials,2023-08-07 21:00:00,12.40999984741211,12.600000381469727,12.119999885559082,12.260000228881836,12.260000228881836,47327
RAKT.CA,Industrials,2023-08-08 21:00:00,12.260000228881836,12.479999542236328,12.170000076293945,12.260000228881836,12.260000228881836,16549
RAKT.CA,Industrials,2023-08-09 21:00:00,12.260000228881836,12.760000228881836,12.109999656677246,12.260000228881836,12.260000228881836,20697
RAKT.CA,Industrials,2023-08-12 21:00:00,12.260000228881836,12.489999771118164,12.100000381469727,12.260000228881836,12.260000228881836,35833
RAKT.CA,Industrials,2023-08-13 21:00:00,12.260000228881836,12.680000305175781,12.300000190734863,12.479999542236328,12.479999542236328,48794
RAKT.CA,Industrials,2023-08-14 21:00:00,12.479999542236328,12.5,12.130000114440918,12.260000228881836,12.260000228881836,29005
RAKT.CA,Industrials,2023-08-15 21:00:00,12.260000228881836,12.4399995803833,12.010000228881836,12.119999885559082,12.119999885559082,30740
RAKT.CA,Industrials,2023-08-16 21:00:00,12.119999885559082,13.25,12.069999694824219,12.75,12.75,296123
RAKT.CA,Industrials,2023-08-19 21:00:00,12.75,13.199999809265137,12.5,12.609999656677246,12.609999656677246,74764
RAKT.CA,Industrials,2023-08-20 21:00:00,12.609999656677246,13.149999618530273,12.5,12.850000381469727,12.850000381469727,158855
RAKT.CA,Industrials,2023-08-21 21:00:00,12.850000381469727,13.899999618530273,12.979999542236328,13.25,13.25,370228
RAKT.CA,Industrials,2023-08-22 21:00:00,13.25,13.649999618530273,13.010000228881836,13.050000190734863,13.050000190734863,135204
RAKT.CA,Industrials,2023-08-23 21:00:00,13.050000190734863,13.34000015258789,12.8100004196167,13.09000015258789,13.09000015258789,38895
RAKT.CA,Industrials,2023-08-26 21:00:00,13.09000015258789,13.5,12.880000114440918,12.960000038146973,12.960000038146973,60246
RAKT.CA,Industrials,2023-08-27 21:00:00,12.960000038146973,13.390000343322754,12.850000381469727,12.960000038146973,12.960000038146973,72001
RAKT.CA,Industrials,2023-08-28 21:00:00,12.960000038146973,13.460000038146973,13.0,13.239999771118164,13.239999771118164,57848
RAKT.CA,Industrials,2023-08-29 21:00:00,13.239999771118164,13.399999618530273,12.960000038146973,13.09000015258789,13.09000015258789,32647
RAKT.CA,Industrials,2023-08-30 21:00:00,13.09000015258789,13.09000015258789,13.09000015258789,13.09000015258789,13.09000015258789,0
RAKT.CA,Industrials,2023-09-02 21:00:00,12.859999656677246,13.680000305175781,13.010000228881836,13.149999618530273,13.149999618530273,112319
RAKT.CA,Industrials,2023-09-03 21:00:00,13.149999618530273,13.25,12.829999923706055,12.970000267028809,12.970000267028809,38175
RAKT.CA,Industrials,2023-09-04 21:00:00,12.970000267028809,13.25,12.880000114440918,13.029999732971191,13.029999732971191,40350
RAKT.CA,Industrials,2023-09-05 21:00:00,13.029999732971191,13.350000381469727,12.949999809265137,13.079999923706055,13.079999923706055,85480
RAKT.CA,Industrials,2023-09-06 21:00:00,13.079999923706055,13.0,12.59000015258789,12.640000343322754,12.640000343322754,60779
RAKT.CA,Industrials,2023-09-09 21:00:00,12.640000343322754,12.640000343322754,12.640000343322754,12.640000343322754,12.640000343322754,0
RAKT.CA,Industrials,2023-09-10 21:00:00,12.640000343322754,12.739999771118164,12.350000381469727,12.489999771118164,12.489999771118164,54747
RAKT.CA,Industrials,2023-09-11 21:00:00,12.489999771118164,12.600000381469727,12.40999984741211,12.489999771118164,12.489999771118164,21595
RAKT.CA,Industrials,2023-09-12 21:00:00,12.489999771118164,12.989999771118164,12.350000381469727,12.539999961853027,12.539999961853027,29406
RAKT.CA,Industrials,2023-09-13 21:00:00,12.539999961853027,12.770000457763672,12.449999809265137,12.539999961853027,12.539999961853027,20280
RAKT.CA,Industrials,2023-09-16 21:00:00,12.539999961853027,12.869999885559082,12.510000228881836,12.539999961853027,12.539999961853027,4442
RAKT.CA,Industrials,2023-09-17 21:00:00,12.539999961853027,12.6899995803833,12.40999984741211,12.539999961853027,12.539999961853027,16564
RAKT.CA,Industrials,2023-09-18 21:00:00,12.539999961853027,12.770000457763672,12.420000076293945,12.529999732971191,12.529999732971191,31384
RAKT.CA,Industrials,2023-09-19 21:00:00,12.529999732971191,12.529999732971191,12.529999732971191,12.529999732971191,12.529999732971191,0
RAKT.CA,Industrials,2023-09-20 21:00:00,12.529999732971191,12.529999732971191,12.529999732971191,12.529999732971191,12.529999732971191,0
RAKT.CA,Industrials,2023-09-23 21:00:00,12.529999732971191,12.529999732971191,12.529999732971191,12.529999732971191,12.529999732971191,0
RAKT.CA,Industrials,2023-09-24 21:00:00,13.0,13.390000343322754,12.899999618530273,12.979999542236328,12.979999542236328,48780
RAKT.CA,Industrials,2023-09-25 21:00:00,12.979999542236328,13.079999923706055,12.5600004196167,12.979999542236328,12.979999542236328,17079
RAKT.CA,Industrials,2023-09-26 21:00:00,12.979999542236328,12.979999542236328,12.979999542236328,12.979999542236328,12.979999542236328,0
RAKT.CA,Industrials,2023-09-30 21:00:00,12.979999542236328,12.979999542236328,12.979999542236328,12.979999542236328,12.979999542236328,0
RAKT.CA,Industrials,2023-10-01 21:00:00,12.479999542236328,12.399999618530273,11.680000305175781,12.0,12.0,51685
RAKT.CA,Industrials,2023-10-02 21:00:00,12.0,12.40999984741211,11.649999618530273,11.84000015258789,11.84000015258789,25400
RAKT.CA,Industrials,2023-10-03 21:00:00,11.84000015258789,11.819999694824219,11.300000190734863,11.569999694824219,11.569999694824219,42845
RAKT.CA,Industrials,2023-10-07 21:00:00,11.569999694824219,11.649999618530273,10.109999656677246,11.109999656677246,11.109999656677246,27512
RAKT.CA,Industrials,2023-10-08 21:00:00,11.109999656677246,11.8100004196167,11.0,11.109999656677246,11.109999656677246,14148
RAKT.CA,Industrials,2023-10-09 21:00:00,11.109999656677246,11.600000381469727,11.100000381469727,11.229999542236328,11.229999542236328,33020
RAKT.CA,Industrials,2023-10-10 21:00:00,11.229999542236328,11.800000190734863,11.180000305175781,11.579999923706055,11.579999923706055,37098
RAKT.CA,Industrials,2023-10-11 21:00:00,11.579999923706055,11.899999618530273,11.399999618530273,11.569999694824219,11.569999694824219,54671
RAKT.CA,Industrials,2023-10-14 21:00:00,11.569999694824219,11.600000381469727,11.319999694824219,11.569999694824219,11.569999694824219,15038
RAKT.CA,Industrials,2023-10-15 21:00:00,11.569999694824219,12.0,11.399999618530273,11.770000457763672,11.770000457763672,65967
RAKT.CA,Industrials,2023-10-16 21:00:00,11.770000457763672,11.789999961853027,11.5,11.569999694824219,11.569999694824219,29449
RAKT.CA,Industrials,2023-10-17 21:00:00,11.569999694824219,11.699999809265137,11.319999694824219,11.5600004196167,11.5600004196167,46728
RAKT.CA,Industrials,2023-10-18 21:00:00,11.5600004196167,11.5600004196167,11.5600004196167,11.5600004196167,11.5600004196167,0
RAKT.CA,Industrials,2023-10-21 21:00:00,11.720000267028809,12.550000190734863,11.789999961853027,12.100000381469727,12.100000381469727,76023
RAKT.CA,Industrials,2023-10-22 21:00:00,12.100000381469727,14.300000190734863,12.289999961853027,13.5,13.5,456813
RAKT.CA,Industrials,2023-10-23 21:00:00,13.5,14.25,13.039999961853027,13.149999618530273,13.149999618530273,119782
RAKT.CA,Industrials,2023-10-24 21:00:00,13.149999618530273,14.039999961853027,13.350000381469727,13.550000190734863,13.550000190734863,128609
RAKT.CA,Industrials,2023-10-25 21:00:00,13.550000190734863,14.649999618530273,13.550000190734863,13.899999618530273,13.899999618530273,118937
RAKT.CA,Industrials,2023-10-28 22:00:00,13.899999618530273,14.399999618530273,13.75,14.020000457763672,14.020000457763672,37668
RAKT.CA,Industrials,2023-10-29 22:00:00,14.020000457763672,14.25,13.0,13.859999656677246,13.859999656677246,27950
RAKT.CA,Industrials,2023-10-30 22:00:00,13.859999656677246,13.949999809265137,13.3100004196167,13.489999771118164,13.489999771118164,35125
RAKT.CA,Industrials,2023-10-31 22:00:00,13.489999771118164,13.75,13.399999618530273,13.569999694824219,13.569999694824219,81578
RAKT.CA,Industrials,2023-11-01 22:00:00,13.569999694824219,14.670000076293945,13.430000305175781,13.9399995803833,13.9399995803833,240488
RAKT.CA,Industrials,2023-11-04 22:00:00,13.9399995803833,16.200000762939453,13.859999656677246,14.970000267028809,14.970000267028809,306065
RAKT.CA,Industrials,2023-11-05 22:00:00,14.970000267028809,15.289999961853027,14.279999732971191,14.34000015258789,14.34000015258789,77767
RAKT.CA,Industrials,2023-11-06 22:00:00,14.34000015258789,14.699999809265137,14.0,14.119999885559082,14.119999885559082,51855
RAKT.CA,Industrials,2023-11-07 22:00:00,14.119999885559082,15.0,14.010000228881836,14.470000267028809,14.470000267028809,106389
RAKT.CA,Industrials,2023-11-08 22:00:00,14.470000267028809,16.5,14.399999618530273,14.6899995803833,14.6899995803833,110339
RAKT.CA,Industrials,2023-11-11 22:00:00,14.6899995803833,15.0,14.149999618530273,14.449999809265137,14.449999809265137,78212
RAKT.CA,Industrials,2023-11-12 22:00:00,14.449999809265137,14.6899995803833,14.170000076293945,14.270000457763672,14.270000457763672,56471
RAKT.CA,Industrials,2023-11-13 22:00:00,14.270000457763672,14.979999542236328,14.100000381469727,14.220000267028809,14.220000267028809,27131
RAKT.CA,Industrials,2023-11-14 22:00:00,14.220000267028809,14.699999809265137,14.15999984741211,14.34000015258789,14.34000015258789,34666
RAKT.CA,Industrials,2023-11-15 22:00:00,14.34000015258789,15.399999618530273,14.420000076293945,14.75,14.75,75669
RAKT.CA,Industrials,2023-11-18 22:00:00,14.75,14.899999618530273,14.399999618530273,14.75,14.75,16265
RAKT.CA,Industrials,2023-11-19 22:00:00,14.75,14.789999961853027,14.010000228881836,14.109999656677246,14.109999656677246,59379
RAKT.CA,Industrials,2023-11-20 22:00:00,14.109999656677246,14.489999771118164,13.899999618530273,14.010000228881836,14.010000228881836,61693
RAKT.CA,Industrials,2023-11-21 22:00:00,14.010000228881836,14.710000038146973,14.119999885559082,14.279999732971191,14.279999732971191,64619
RAKT.CA,Industrials,2023-11-22 22:00:00,14.279999732971191,14.59000015258789,14.149999618530273,14.229999542236328,14.229999542236328,49716
RAKT.CA,Industrials,2023-11-25 22:00:00,14.229999542236328,14.59000015258789,12.100000381469727,14.039999961853027,14.039999961853027,92280
RAKT.CA,Industrials,2023-11-26 22:00:00,14.039999961853027,14.800000190734863,14.1899995803833,14.199999809265137,14.199999809265137,74094
RAKT.CA,Industrials,2023-11-27 22:00:00,14.199999809265137,14.380000114440918,13.859999656677246,13.979999542236328,13.979999542236328,40578
RAKT.CA,Industrials,2023-11-28 22:00:00,13.979999542236328,14.369999885559082,13.850000381469727,14.010000228881836,14.010000228881836,59945
RAKT.CA,Industrials,2023-11-29 22:00:00,14.010000228881836,14.789999961853027,14.140000343322754,14.5,14.5,157342
RAKT.CA,Industrials,2023-12-02 22:00:00,14.5,15.489999771118164,14.8100004196167,15.34000015258789,15.34000015258789,195265
RAKT.CA,Industrials,2023-12-03 22:00:00,15.34000015258789,17.100000381469727,15.609999656677246,15.880000114440918,15.880000114440918,387486
RAKT.CA,Industrials,2023-12-04 22:00:00,15.880000114440918,16.5,15.319999694824219,15.699999809265137,15.699999809265137,131977
RAKT.CA,Industrials,2023-12-05 22:00:00,15.699999809265137,16.0,15.270000457763672,15.460000038146973,15.460000038146973,75868
RAKT.CA,Industrials,2023-12-06 22:00:00,15.460000038146973,15.399999618530273,13.010000228881836,14.5600004196167,14.5600004196167,102692
RAKT.CA,Industrials,2023-12-09 22:00:00,14.5600004196167,15.0,14.520000457763672,14.619999885559082,14.619999885559082,33855
RAKT.CA,Industrials,2023-12-10 22:00:00,14.619999885559082,15.010000228881836,14.300000190734863,14.5600004196167,14.5600004196167,48522
RAKT.CA,Industrials,2023-12-11 22:00:00,14.5600004196167,14.979999542236328,14.100000381469727,14.420000076293945,14.420000076293945,22887
RAKT.CA,Industrials,2023-12-12 22:00:00,14.420000076293945,14.979999542236328,14.149999618530273,14.670000076293945,14.670000076293945,58186
RAKT.CA,Industrials,2023-12-13 22:00:00,14.670000076293945,14.770000457763672,14.529999732971191,14.640000343322754,14.640000343322754,23359
RAKT.CA,Industrials,2023-12-16 22:00:00,14.640000343322754,14.770000457763672,14.289999961853027,14.350000381469727,14.350000381469727,92934
RAKT.CA,Industrials,2023-12-17 22:00:00,14.350000381469727,15.100000381469727,14.220000267028809,14.850000381469727,14.850000381469727,88399
RAKT.CA,Industrials,2023-12-18 22:00:00,14.850000381469727,14.930000305175781,14.369999885559082,14.600000381469727,14.600000381469727,69693
RAKT.CA,Industrials,2023-12-19 22:00:00,14.600000381469727,14.899999618530273,14.529999732971191,14.710000038146973,14.710000038146973,25403
RAKT.CA,Industrials,2023-12-20 22:00:00,14.710000038146973,15.470000267028809,14.75,15.050000190734863,15.050000190734863,111814
RAKT.CA,Industrials,2023-12-23 22:00:00,15.050000190734863,15.050000190734863,15.050000190734863,15.050000190734863,15.050000190734863,0
RAKT.CA,Industrials,2023-12-24 22:00:00,14.90999984741211,15.0,14.510000228881836,14.75,14.75,22239
RAKT.CA,Industrials,2023-12-25 22:00:00,14.75,14.829999923706055,14.020000457763672,14.380000114440918,14.380000114440918,34579
RAKT.CA,Industrials,2023-12-26 22:00:00,14.380000114440918,14.760000228881836,14.319999694824219,14.529999732971191,14.529999732971191,36209
RAKT.CA,Industrials,2023-12-27 22:00:00,14.529999732971191,14.6899995803833,14.220000267028809,14.350000381469727,14.350000381469727,44174
RAKT.CA,Industrials,2023-12-30 22:00:00,14.350000381469727,14.680000305175781,14.010000228881836,14.350000381469727,14.350000381469727,23992
RAKT.CA,Industrials,2024-01-01 22:00:00,14.350000381469727,14.670000076293945,14.359999656677246,14.350000381469727,14.350000381469727,18238
RAKT.CA,Industrials,2024-01-02 22:00:00,14.350000381469727,15.100000381469727,14.380000114440918,14.739999771118164,14.739999771118164,177611
RAKT.CA,Industrials,2024-01-03 22:00:00,14.739999771118164,16.3799991607666,14.75,15.319999694824219,15.319999694824219,323691
RAKT.CA,Industrials,2024-01-07 22:00:00,15.319999694824219,17.200000762939453,15.210000038146973,16.700000762939453,16.700000762939453,492540
RAKT.CA,Industrials,2024-01-08 22:00:00,16.700000762939453,17.469999313354492,16.540000915527344,16.700000762939453,16.700000762939453,252605
RAKT.CA,Industrials,2024-01-09 22:00:00,16.700000762939453,19.649999618530273,16.100000381469727,18.450000762939453,18.450000762939453,564628
RAKT.CA,Industrials,2024-01-10 22:00:00,18.450000762939453,20.850000381469727,18.639999389648438,19.450000762939453,19.450000762939453,855350
RAKT.CA,Industrials,2024-01-13 22:00:00,19.450000762939453,19.979999542236328,18.280000686645508,18.75,18.75,310443
RAKT.CA,Industrials,2024-01-14 22:00:00,18.75,19.6299991607666,18.309999465942383,18.770000457763672,18.770000457763672,224273
RAKT.CA,Industrials,2024-01-15 22:00:00,18.770000457763672,18.950000762939453,18.020000457763672,18.06999969482422,18.06999969482422,151163
RAKT.CA,Industrials,2024-01-16 22:00:00,18.06999969482422,18.559999465942383,17.610000610351562,17.780000686645508,17.780000686645508,91918
RAKT.CA,Industrials,2024-01-17 22:00:00,17.780000686645508,18.25,17.649999618530273,17.809999465942383,17.809999465942383,64294
RAKT.CA,Industrials,2024-01-20 22:00:00,17.809999465942383,18.25,17.75,17.84000015258789,17.84000015258789,61284
RAKT.CA,Industrials,2024-01-21 22:00:00,17.84000015258789,18.0,17.110000610351562,17.280000686645508,17.280000686645508,146397
RAKT.CA,Industrials,2024-01-22 22:00:00,17.280000686645508,17.770000457763672,17.0,17.200000762939453,17.200000762939453,130573
RAKT.CA,Industrials,2024-01-23 22:00:00,17.200000762939453,19.979999542236328,17.200000762939453,17.920000076293945,17.920000076293945,547160
RAKT.CA,Industrials,2024-01-27 22:00:00,17.920000076293945,19.0,18.489999771118164,18.559999465942383,18.559999465942383,268578
RAKT.CA,Industrials,2024-01-28 22:00:00,18.559999465942383,18.799999237060547,17.700000762939453,17.809999465942383,17.809999465942383,253308
RAKT.CA,Industrials,2024-01-29 22:00:00,17.809999465942383,19.489999771118164,17.860000610351562,18.68000030517578,18.68000030517578,594087
RAKT.CA,Industrials,2024-01-30 22:00:00,18.68000030517578,19.0,14.960000038146973,16.06999969482422,16.06999969482422,261967
RAKT.CA,Industrials,2024-01-31 22:00:00,16.06999969482422,16.899999618530273,15.020000457763672,16.459999084472656,16.459999084472656,95313
RAKT.CA,Industrials,2024-02-03 22:00:00,16.459999084472656,17.139999389648438,16.5,16.829999923706055,16.829999923706055,26942
RAKT.CA,Industrials,2024-02-04 22:00:00,16.829999923706055,17.540000915527344,16.600000381469727,17.079999923706055,17.079999923706055,55123
RAKT.CA,Industrials,2024-02-05 22:00:00,17.079999923706055,17.75,16.100000381469727,16.450000762939453,16.450000762939453,84410
RAKT.CA,Industrials,2024-02-06 22:00:00,16.450000762939453,17.079999923706055,16.200000762939453,16.8700008392334,16.8700008392334,28674
RAKT.CA,Industrials,2024-02-07 22:00:00,16.8700008392334,17.559999465942383,16.899999618530273,17.0,17.0,70026
RAKT.CA,Industrials,2024-02-10 22:00:00,17.0,17.190000534057617,16.649999618530273,16.920000076293945,16.920000076293945,22901
RAKT.CA,Industrials,2024-02-11 22:00:00,16.920000076293945,16.969999313354492,16.350000381469727,16.649999618530273,16.649999618530273,25077
RAKT.CA,Industrials,2024-02-12 22:00:00,16.649999618530273,17.440000534057617,16.549999237060547,16.84000015258789,16.84000015258789,29603
RAKT.CA,Industrials,2024-02-13 22:00:00,16.84000015258789,17.979999542236328,16.850000381469727,17.280000686645508,17.280000686645508,54486
RAKT.CA,Industrials,2024-02-14 22:00:00,17.280000686645508,17.299999237060547,16.84000015258789,17.059999465942383,17.059999465942383,20153
RAKT.CA,Industrials,2024-02-17 22:00:00,17.059999465942383,17.059999465942383,17.059999465942383,17.059999465942383,17.059999465942383,0
RAKT.CA,Industrials,2024-02-18 22:00:00,17.020000457763672,17.34000015258789,15.300000190734863,16.549999237060547,16.549999237060547,95623
RAKT.CA,Industrials,2024-02-19 22:00:00,16.549999237060547,17.34000015258789,16.649999618530273,17.139999389648438,17.139999389648438,84500
RAKT.CA,Industrials,2024-02-20 22:00:00,17.139999389648438,18.479999542236328,17.0,17.469999313354492,17.469999313354492,230533
RAKT.CA,Industrials,2024-02-21 22:00:00,17.469999313354492,17.940000534057617,17.299999237060547,17.639999389648438,17.639999389648438,66549
RAKT.CA,Industrials,2024-02-24 22:00:00,17.639999389648438,18.0,17.0,17.360000610351562,17.360000610351562,121577
RAKT.CA,Industrials,2024-02-25 22:00:00,17.360000610351562,17.799999237060547,16.610000610351562,17.299999237060547,17.299999237060547,69037
RAKT.CA,Industrials,2024-02-26 22:00:00,17.299999237060547,17.829999923706055,16.75,16.799999237060547,16.799999237060547,212622
RAKT.CA,Industrials,2024-02-27 22:00:00,16.799999237060547,17.059999465942383,16.299999237060547,16.510000228881836,16.510000228881836,59150
RAKT.CA,Industrials,2024-02-28 22:00:00,16.510000228881836,16.56999969482422,16.1299991607666,16.510000228881836,16.510000228881836,16574
RAKT.CA,Industrials,2024-03-02 22:00:00,16.510000228881836,16.989999771118164,16.0,16.510000228881836,16.510000228881836,8895
RAKT.CA,Industrials,2024-03-03 22:00:00,16.510000228881836,16.59000015258789,16.219999313354492,16.510000228881836,16.510000228881836,16645
RAKT.CA,Industrials,2024-03-04 22:00:00,16.510000228881836,17.239999771118164,16.440000534057617,16.65999984741211,16.65999984741211,34616
RAKT.CA,Industrials,2024-03-05 22:00:00,16.65999984741211,16.850000381469727,15.5,16.049999237060547,16.049999237060547,42146
RAKT.CA,Industrials,2024-03-06 22:00:00,16.049999237060547,16.270000457763672,15.510000228881836,15.6899995803833,15.6899995803833,21209
RAKT.CA,Industrials,2024-03-09 22:00:00,15.6899995803833,16.190000534057617,15.75,15.6899995803833,15.6899995803833,11220
RAKT.CA,Industrials,2024-03-10 22:00:00,15.6899995803833,16.0,15.75,15.970000267028809,15.970000267028809,26439
RAKT.CA,Industrials,2024-03-11 22:00:00,15.970000267028809,16.020000457763672,14.550000190734863,14.789999961853027,14.789999961853027,35340
RAKT.CA,Industrials,2024-03-12 22:00:00,14.789999961853027,14.789999961853027,14.390000343322754,14.789999961853027,14.789999961853027,10967
RAKT.CA,Industrials,2024-03-13 22:00:00,14.789999961853027,14.960000038146973,14.1899995803833,14.789999961853027,14.789999961853027,14725
RAKT.CA,Industrials,2024-03-16 22:00:00,14.789999961853027,14.880000114440918,13.699999809265137,14.789999961853027,14.789999961853027,12897
RAKT.CA,Industrials,2024-03-17 22:00:00,14.789999961853027,13.8100004196167,12.050000190734863,12.710000038146973,12.710000038146973,31731
RAKT.CA,Industrials,2024-03-18 22:00:00,12.710000038146973,13.0,12.510000228881836,12.869999885559082,12.869999885559082,24046
RAKT.CA,Industrials,2024-03-19 22:00:00,12.869999885559082,13.5600004196167,13.0,13.140000343322754,13.140000343322754,49703
RAKT.CA,Industrials,2024-03-20 22:00:00,13.140000343322754,15.5,13.0,13.40999984741211,13.40999984741211,80538
RAKT.CA,Industrials,2024-03-23 22:00:00,13.40999984741211,12.739999771118164,12.739999771118164,12.739999771118164,12.739999771118164,69648
RAKT.CA,Industrials,2024-03-24 22:00:00,12.739999771118164,12.109999656677246,12.109999656677246,12.739999771118164,12.739999771118164,9152
RAKT.CA,Industrials,2024-03-25 22:00:00,12.739999771118164,12.680000305175781,12.109999656677246,12.130000114440918,12.130000114440918,159533
RAKT.CA,Industrials,2024-03-26 22:00:00,12.130000114440918,12.5,11.529999732971191,11.539999961853027,11.539999961853027,137413
RAKT.CA,Industrials,2024-03-27 22:00:00,11.539999961853027,12.09000015258789,10.970000267028809,11.4399995803833,11.4399995803833,62058
RAKT.CA,Industrials,2024-03-30 22:00:00,11.4399995803833,12.010000228881836,11.5,12.010000228881836,12.010000228881836,81862
RAKT.CA,Industrials,2024-03-31 22:00:00,12.010000228881836,12.609999656677246,12.029999732971191,12.470000267028809,12.470000267028809,26892
RAKT.CA,Industrials,2024-04-01 22:00:00,12.470000267028809,12.890000343322754,11.850000381469727,12.470000267028809,12.470000267028809,13394
RAKT.CA,Industrials,2024-04-02 22:00:00,12.470000267028809,12.470000267028809,12.0,12.470000267028809,12.470000267028809,15962
RAKT.CA,Industrials,2024-04-03 22:00:00,12.470000267028809,12.300000190734863,11.850000381469727,11.899999618530273,11.899999618530273,31074
RAKT.CA,Industrials,2024-04-06 22:00:00,11.899999618530273,12.489999771118164,11.350000381469727,12.460000038146973,12.460000038146973,81401
RAKT.CA,Industrials,2024-04-07 22:00:00,12.460000038146973,13.079999923706055,12.069999694824219,13.0600004196167,13.0600004196167,81265
RAKT.CA,Industrials,2024-04-14 22:00:00,13.0600004196167,13.710000038146973,13.609999656677246,13.710000038146973,13.710000038146973,26361
RAKT.CA,Industrials,2024-04-15 22:00:00,13.710000038146973,14.390000343322754,13.800000190734863,14.380000114440918,14.380000114440918,31383
RAKT.CA,Industrials,2024-04-16 22:00:00,14.380000114440918,15.0,14.109999656677246,14.380000114440918,14.380000114440918,20877
RAKT.CA,Industrials,2024-04-17 22:00:00,14.380000114440918,14.010000228881836,13.670000076293945,13.729999542236328,13.729999542236328,37572
RAKT.CA,Industrials,2024-04-20 22:00:00,13.729999542236328,14.1899995803833,13.100000381469727,13.729999542236328,13.729999542236328,7063
RAKT.CA,Industrials,2024-04-21 22:00:00,13.729999542236328,14.390000343322754,13.199999809265137,13.729999542236328,13.729999542236328,8350
RAKT.CA,Industrials,2024-04-22 22:00:00,13.729999542236328,14.0,13.050000190734863,13.729999542236328,13.729999542236328,18915
RAKT.CA,Industrials,2024-04-23 22:00:00,13.729999542236328,13.0600004196167,13.050000190734863,13.729999542236328,13.729999542236328,15198
RAKT.CA,Industrials,2024-04-27 21:00:00,13.729999542236328,13.729999542236328,13.729999542236328,13.729999542236328,13.729999542236328,0
RAKT.CA,Industrials,2024-04-28 21:00:00,13.729999542236328,13.5,13.050000190734863,13.079999923706055,13.079999923706055,55145
RAKT.CA,Industrials,2024-04-29 21:00:00,13.079999923706055,13.390000343322754,12.430000305175781,13.079999923706055,13.079999923706055,27747
RAKT.CA,Industrials,2024-05-01 21:00:00,13.079999923706055,13.699999809265137,13.0,13.550000190734863,13.550000190734863,46846
RAKT.CA,Industrials,2024-05-06 21:00:00,13.550000190734863,14.09000015258789,13.550000190734863,13.829999923706055,13.829999923706055,27792
RAKT.CA,Industrials,2024-05-07 21:00:00,13.829999923706055,14.25,13.550000190734863,14.020000457763672,14.020000457763672,47408
RAKT.CA,Industrials,2024-05-08 21:00:00,14.020000457763672,14.5,14.0,14.020000457763672,14.020000457763672,16553
RAKT.CA,Industrials,2024-05-11 21:00:00,14.020000457763672,14.619999885559082,13.90999984741211,14.100000381469727,14.100000381469727,45385
RAKT.CA,Industrials,2024-05-12 21:00:00,14.100000381469727,14.529999732971191,13.880000114440918,14.489999771118164,14.489999771118164,24565
RAKT.CA,Industrials,2024-05-13 21:00:00,14.489999771118164,14.600000381469727,14.020000457763672,14.5,14.5,25294
RAKT.CA,Industrials,2024-05-14 21:00:00,14.5,14.449999809265137,14.079999923706055,14.5,14.5,866
RAKT.CA,Industrials,2024-05-15 21:00:00,14.5,15.220000267028809,14.100000381469727,15.100000381469727,15.100000381469727,49563
RAKT.CA,Industrials,2024-05-18 21:00:00,15.100000381469727,15.850000381469727,15.0,15.850000381469727,15.850000381469727,61109
RAKT.CA,Industrials,2024-05-19 21:00:00,15.8100004196167,16.59000015258789,15.850000381469727,15.8100004196167,15.8100004196167,12602
RAKT.CA,Industrials,2024-05-20 21:00:00,15.8100004196167,16.389999389648438,15.329999923706055,15.8100004196167,15.8100004196167,9069
RAKT.CA,Industrials,2024-05-21 21:00:00,15.8100004196167,16.3700008392334,15.800000190734863,16.0,16.0,25326
RAKT.CA,Industrials,2024-05-22 21:00:00,16.0,16.139999389648438,15.199999809265137,16.0,16.0,16764
RAKT.CA,Industrials,2024-05-25 21:00:00,16.0,16.0,16.0,16.0,16.0,0
RAKT.CA,Industrials,2024-05-26 21:00:00,16.0,16.0,15.199999809265137,16.0,16.0,59395
RAKT.CA,Industrials,2024-05-27 21:00:00,16.0,16.030000686645508,15.510000228881836,16.0,16.0,47139
RAKT.CA,Industrials,2024-05-28 21:00:00,16.0,16.0,15.210000038146973,15.670000076293945,15.670000076293945,28386
RAKT.CA,Industrials,2024-05-29 21:00:00,15.670000076293945,16.15999984741211,15.550000190734863,16.0,16.0,52034
RAKT.CA,Industrials,2024-06-01 21:00:00,16.0,16.100000381469727,16.0,16.0,16.0,10799
RAKT.CA,Industrials,2024-06-02 21:00:00,16.0,16.420000076293945,16.0,16.0,16.0,14613
RAKT.CA,Industrials,2024-06-03 21:00:00,16.0,16.100000381469727,16.0,16.0,16.0,4760
RAKT.CA,Industrials,2024-06-04 21:00:00,16.0,16.489999771118164,16.0,16.290000915527344,16.290000915527344,55170
RAKT.CA,Industrials,2024-06-05 21:00:00,16.290000915527344,16.100000381469727,16.0,16.290000915527344,16.290000915527344,8903
RAKT.CA,Industrials,2024-06-08 21:00:00,16.290000915527344,16.0,15.619999885559082,16.0,16.0,28750
RAKT.CA,Industrials,2024-06-09 21:00:00,16.0,16.010000228881836,15.680000305175781,16.0,16.0,375913
RAKT.CA,Industrials,2024-06-10 21:00:00,16.0,16.399999618530273,15.65999984741211,16.0,16.0,23484
RAKT.CA,Industrials,2024-06-11 21:00:00,16.0,16.389999389648438,16.0,16.0,16.0,5000
RAKT.CA,Industrials,2024-06-12 21:00:00,16.0,16.010000228881836,16.0,16.0,16.0,61500
RAKT.CA,Industrials,2024-06-22 21:00:00,16.0,16.020000457763672,16.0,16.0,16.0,65000
RAKT.CA,Industrials,2024-06-23 21:00:00,16.0,16.010000228881836,16.0,16.0,16.0,18350
RAKT.CA,Industrials,2024-06-24 21:00:00,16.0,16.59000015258789,16.010000228881836,16.0,16.0,9581
RAKT.CA,Industrials,2024-06-25 21:00:00,16.0,16.1200008392334,16.100000381469727,16.0,16.0,5030
RAKT.CA,Industrials,2024-06-26 21:00:00,16.0,16.15999984741211,16.049999237060547,16.0,16.0,7311
RAKT.CA,Industrials,2024-07-01 21:00:00,16.0,16.579999923706055,16.079999923706055,16.0,16.0,707
RAKT.CA,Industrials,2024-07-02 21:00:00,16.0,16.489999771118164,16.0,16.06999969482422,16.06999969482422,20359
RAKT.CA,Industrials,2024-07-03 21:00:00,16.06999969482422,16.5,16.100000381469727,16.06999969482422,16.06999969482422,7460
RAKT.CA,Industrials,2024-07-06 21:00:00,16.06999969482422,16.649999618530273,16.149999618530273,16.06999969482422,16.06999969482422,17618
RAKT.CA,Industrials,2024-07-07 21:00:00,16.06999969482422,16.5,16.15999984741211,16.06999969482422,16.06999969482422,7525
RAKT.CA,Industrials,2024-07-08 21:00:00,16.06999969482422,16.59000015258789,16.200000762939453,16.06999969482422,16.06999969482422,6284
RAKT.CA,Industrials,2024-07-09 21:00:00,16.06999969482422,16.56999969482422,16.209999084472656,16.06999969482422,16.06999969482422,7500
RAKT.CA,Industrials,2024-07-13 21:00:00,16.06999969482422,16.8700008392334,16.579999923706055,16.81999969482422,16.81999969482422,22295
RAKT.CA,Industrials,2024-07-14 21:00:00,16.81999969482422,17.65999984741211,17.65999984741211,17.65999984741211,17.65999984741211,17627
RAKT.CA,Industrials,2024-07-15 21:00:00,17.65999984741211,18.540000915527344,18.540000915527344,18.540000915527344,18.540000915527344,76401
RAKT.CA,Industrials,2024-07-16 21:00:00,18.540000915527344,19.459999084472656,19.459999084472656,19.459999084472656,19.459999084472656,74552
RAKT.CA,Industrials,2024-07-17 21:00:00,19.459999084472656,20.43000030517578,20.43000030517578,20.43000030517578,20.43000030517578,44306
RAKT.CA,Industrials,2024-07-20 21:00:00,20.43000030517578,21.450000762939453,21.450000762939453,21.450000762939453,21.450000762939453,25615
RAKT.CA,Industrials,2024-07-21 21:00:00,21.450000762939453,22.520000457763672,22.520000457763672,22.520000457763672,22.520000457763672,26773
RAKT.CA,Industrials,2024-07-22 21:00:00,22.520000457763672,23.639999389648438,23.639999389648438,23.639999389648438,23.639999389648438,16568
RAKT.CA,Industrials,2024-07-23 21:00:00,23.639999389648438,24.81999969482422,24.700000762939453,24.81999969482422,24.81999969482422,214786
RAKT.CA,Industrials,2024-07-27 21:00:00,24.81999969482422,26.059999465942383,23.579999923706055,26.059999465942383,26.059999465942383,148925
RAKT.CA,Industrials,2024-07-28 21:00:00,26.059999465942383,27.299999237060547,24.799999237060547,25.860000610351562,25.860000610351562,58507
RAKT.CA,Industrials,2024-07-29 21:00:00,25.860000610351562,27.149999618530273,25.040000915527344,27.149999618530273,27.149999618530273,58881
RAKT.CA,Industrials,2024-07-30 21:00:00,27.149999618530273,28.5,27.200000762939453,28.489999771118164,28.489999771118164,70361
RAKT.CA,Industrials,2024-07-31 21:00:00,28.489999771118164,29.84000015258789,27.5,28.010000228881836,28.010000228881836,78987
RAKT.CA,Industrials,2024-08-03 21:00:00,28.010000228881836,27.8799991607666,26.610000610351562,26.610000610351562,26.610000610351562,76212
RAKT.CA,Industrials,2024-08-04 21:00:00,26.610000610351562,25.299999237060547,25.280000686645508,25.299999237060547,25.299999237060547,12100
RAKT.CA,Industrials,2024-08-05 21:00:00,25.299999237060547,26.559999465942383,24.040000915527344,26.489999771118164,26.489999771118164,59427
RAKT.CA,Industrials,2024-08-06 21:00:00,26.489999771118164,27.0,25.170000076293945,25.399999618530273,25.399999618530273,40846
RAKT.CA,Industrials,2024-08-07 21:00:00,25.399999618530273,25.43000030517578,24.1299991607666,25.399999618530273,25.399999618530273,12306
RAKT.CA,Industrials,2024-08-10 21:00:00,25.399999618530273,24.1299991607666,24.1299991607666,25.399999618530273,25.399999618530273,6612
RAKT.CA,Industrials,2024-08-11 21:00:00,25.399999618530273,24.1299991607666,24.1299991607666,25.399999618530273,25.399999618530273,413
RAKT.CA,Industrials,2024-08-12 21:00:00,25.399999618530273,24.139999389648438,24.1299991607666,25.399999618530273,25.399999618530273,333
RAKT.CA,Industrials,2024-08-13 21:00:00,25.399999618530273,24.1299991607666,24.1299991607666,25.399999618530273,25.399999618530273,1023
RAKT.CA,Industrials,2024-08-14 21:00:00,25.399999618530273,24.1299991607666,24.1299991607666,25.399999618530273,25.399999618530273,1345
RAKT.CA,Industrials,2024-08-17 21:00:00,25.399999618530273,24.1299991607666,24.1299991607666,25.399999618530273,25.399999618530273,3008
RAKT.CA,Industrials,2024-08-18 21:00:00,25.399999618530273,24.1299991607666,24.1299991607666,25.399999618530273,25.399999618530273,1730
RAKT.CA,Industrials,2024-08-19 21:00:00,25.399999618530273,24.1299991607666,24.1299991607666,25.399999618530273,25.399999618530273,3433
RAKT.CA,Industrials,2024-08-20 21:00:00,25.399999618530273,25.389999389648438,24.1299991607666,24.1299991607666,24.1299991607666,75962
RAKT.CA,Industrials,2024-08-21 21:00:00,24.1299991607666,25.329999923706055,22.959999084472656,25.329999923706055,25.329999923706055,71359
RAKT.CA,Industrials,2024-08-24 21:00:00,25.329999923706055,26.0,24.06999969482422,24.309999465942383,24.309999465942383,18205
RAKT.CA,Industrials,2024-08-25 21:00:00,24.309999465942383,24.299999237060547,23.100000381469727,23.3799991607666,23.3799991607666,25525
RAKT.CA,Industrials,2024-08-26 21:00:00,23.3799991607666,24.299999237060547,22.219999313354492,23.420000076293945,23.420000076293945,28004
RAKT.CA,Industrials,2024-08-27 21:00:00,23.420000076293945,23.979999542236328,22.5,23.420000076293945,23.420000076293945,10840
RAKT.CA,Industrials,2024-08-28 21:00:00,23.420000076293945,24.0,22.25,22.770000457763672,22.770000457763672,43762
RAKT.CA,Industrials,2024-08-31 21:00:00,22.770000457763672,23.399999618530273,22.0,22.770000457763672,22.770000457763672,12630
RAKT.CA,Industrials,2024-09-01 21:00:00,22.770000457763672,22.989999771118164,21.649999618530273,21.90999984741211,21.90999984741211,21290
RAKT.CA,Industrials,2024-09-02 21:00:00,21.90999984741211,22.329999923706055,20.81999969482422,20.81999969482422,20.81999969482422,46194
RAKT.CA,Industrials,2024-09-03 21:00:00,20.81999969482422,21.0,19.780000686645508,19.799999237060547,19.799999237060547,102426
RAKT.CA,Industrials,2024-09-04 21:00:00,19.799999237060547,20.790000915527344,20.0,20.790000915527344,20.790000915527344,34221
RAKT.CA,Industrials,2024-09-07 21:00:00,20.790000915527344,21.81999969482422,21.100000381469727,21.81999969482422,21.81999969482422,26436
RAKT.CA,Industrials,2024-09-08 21:00:00,21.81999969482422,22.5,21.780000686645508,22.25,22.25,15336
RAKT.CA,Industrials,2024-09-09 21:00:00,22.25,22.479999542236328,21.290000915527344,22.25,22.25,3200
RAKT.CA,Industrials,2024-09-10 21:00:00,22.25,21.950000762939453,21.139999389648438,22.25,22.25,11974
RAKT.CA,Industrials,2024-09-11 21:00:00,22.25,21.850000381469727,21.139999389648438,22.25,22.25,12393
RAKT.CA,Industrials,2024-09-15 21:00:00,22.25,22.100000381469727,21.139999389648438,21.200000762939453,21.200000762939453,19663
RAKT.CA,Industrials,2024-09-16 21:00:00,21.200000762939453,21.899999618530273,20.139999389648438,20.219999313354492,20.219999313354492,30732
RAKT.CA,Industrials,2024-09-17 21:00:00,20.219999313354492,21.200000762939453,19.360000610351562,20.219999313354492,20.219999313354492,2495
RAKT.CA,Industrials,2024-09-18 21:00:00,20.219999313354492,20.989999771118164,20.049999237060547,20.219999313354492,20.219999313354492,9426
RAKT.CA,Industrials,2024-09-21 21:00:00,20.219999313354492,20.969999313354492,20.049999237060547,20.219999313354492,20.219999313354492,13271
RAKT.CA,Industrials,2024-09-22 21:00:00,20.219999313354492,20.600000381469727,20.0,20.219999313354492,20.219999313354492,4891
RAKT.CA,Industrials,2024-09-23 21:00:00,20.940000534057617,21.5,20.100000381469727,20.940000534057617,20.940000534057617,14176
RAKT.CA,Industrials,2024-09-24 21:00:00,20.219999313354492,21.229999542236328,19.75,20.940000534057617,20.940000534057617,22529
RAKT.CA,Industrials,2024-09-25 21:00:00,20.940000534057617,21.5,20.100000381469727,20.940000534057617,20.940000534057617,14176
RAKT.CA,Industrials,2024-09-28 21:00:00,20.940000534057617,20.969999313354492,20.15999984741211,20.940000534057617,20.940000534057617,871
RAKT.CA,Industrials,2024-09-29 21:00:00,20.940000534057617,20.889999389648438,20.0,20.940000534057617,20.940000534057617,7176
RAKT.CA,Industrials,2024-09-30 21:00:00,20.940000534057617,20.799999237060547,19.950000762939453,20.010000228881836,20.010000228881836,29793
RAKT.CA,Industrials,2024-10-01 21:00:00,20.010000228881836,20.0,19.010000228881836,19.040000915527344,19.040000915527344,26867
RAKT.CA,Industrials,2024-10-02 21:00:00,19.040000915527344,19.850000381469727,18.25,19.040000915527344,19.040000915527344,15807
RAKT.CA,Industrials,2024-10-06 21:00:00,19.040000915527344,19.3799991607666,18.149999618530273,19.040000915527344,19.040000915527344,16262
RAKT.CA,Industrials,2024-10-07 21:00:00,19.040000915527344,19.280000686645508,18.09000015258789,18.15999984741211,18.15999984741211,24582
RAKT.CA,Industrials,2024-10-08 21:00:00,18.15999984741211,18.700000762939453,17.510000228881836,18.15999984741211,18.15999984741211,9056
RAKT.CA,Industrials,2024-10-09 21:00:00,18.15999984741211,18.15999984741211,17.350000381469727,18.15999984741211,18.15999984741211,11956
RAKT.CA,Industrials,2024-10-12 21:00:00,18.15999984741211,18.1299991607666,17.709999084472656,18.15999984741211,18.15999984741211,11248
RAKT.CA,Industrials,2024-10-13 21:00:00,18.15999984741211,18.100000381469727,17.709999084472656,18.15999984741211,18.15999984741211,1697
RAKT.CA,Industrials,2024-10-14 21:00:00,18.15999984741211,18.5,17.510000228881836,18.15999984741211,18.15999984741211,11267
RAKT.CA,Industrials,2024-10-15 21:00:00,18.15999984741211,18.440000534057617,18.079999923706055,18.15999984741211,18.15999984741211,7145
RAKT.CA,Industrials,2024-10-16 21:00:00,18.15999984741211,19.059999465942383,18.15999984741211,19.0,19.0,15940
RAKT.CA,Industrials,2024-10-19 21:00:00,19.0,19.950000762939453,19.950000762939453,19.950000762939453,19.950000762939453,15345
RAKT.CA,Industrials,2024-10-20 21:00:00,19.950000762939453,20.940000534057617,20.34000015258789,20.90999984741211,20.90999984741211,42395
RAKT.CA,Industrials,2024-10-21 21:00:00,20.90999984741211,21.899999618530273,20.100000381469727,21.34000015258789,21.34000015258789,35158
RAKT.CA,Industrials,2024-10-22 21:00:00,21.34000015258789,20.81999969482422,20.280000686645508,20.280000686645508,20.280000686645508,34806
RAKT.CA,Industrials,2024-10-23 21:00:00,20.280000686645508,19.899999618530273,19.270000457763672,19.3700008392334,19.3700008392334,19369
RAKT.CA,Industrials,2024-10-26 21:00:00,19.3700008392334,19.790000915527344,18.469999313354492,19.3700008392334,19.3700008392334,4342
RAKT.CA,Industrials,2024-10-27 21:00:00,19.3700008392334,19.690000534057617,18.510000228881836,19.3700008392334,19.3700008392334,6141
RAKT.CA,Industrials,2024-10-28 21:00:00,19.3700008392334,18.899999618530273,18.559999465942383,19.3700008392334,19.3700008392334,5116
RAKT.CA,Industrials,2024-10-29 21:00:00,19.3700008392334,19.0,18.40999984741211,19.3700008392334,19.3700008392334,15346
RAKT.CA,Industrials,2024-10-30 21:00:00,19.3700008392334,18.989999771118164,18.450000762939453,18.510000228881836,18.510000228881836,20848
RAKT.CA,Industrials,2024-11-02 22:00:00,18.510000228881836,19.200000762939453,18.149999618530273,18.510000228881836,18.510000228881836,6435
RAKT.CA,Industrials,2024-11-03 22:00:00,18.510000228881836,19.149999618530273,18.200000762939453,18.510000228881836,18.510000228881836,14362
RAKT.CA,Industrials,2024-11-04 22:00:00,18.510000228881836,18.510000228881836,18.25,18.510000228881836,18.510000228881836,4598
RAKT.CA,Industrials,2024-11-05 22:00:00,18.510000228881836,18.700000762939453,18.270000457763672,18.510000228881836,18.510000228881836,2482
RAKT.CA,Industrials,2024-11-06 22:00:00,18.510000228881836,19.1299991607666,17.600000381469727,18.059999465942383,18.059999465942383,32966
RAKT.CA,Industrials,2024-11-09 22:00:00,18.059999465942383,18.700000762939453,17.93000030517578,17.989999771118164,17.989999771118164,21213
RAKT.CA,Industrials,2024-11-10 22:00:00,17.989999771118164,18.530000686645508,17.100000381469727,17.989999771118164,17.989999771118164,7941
RAKT.CA,Industrials,2024-11-11 22:00:00,17.989999771118164,18.290000915527344,17.510000228881836,17.989999771118164,17.989999771118164,2909
RAKT.CA,Industrials,2024-11-12 22:00:00,17.989999771118164,18.31999969482422,17.65999984741211,17.989999771118164,17.989999771118164,28132
RAKT.CA,Industrials,2024-11-13 22:00:00,17.989999771118164,18.790000915527344,17.510000228881836,18.1299991607666,18.1299991607666,53032
RAKT.CA,Industrials,2024-11-16 22:00:00,18.1299991607666,19.030000686645508,18.0,18.920000076293945,18.920000076293945,25216
RAKT.CA,Industrials,2024-11-17 22:00:00,18.920000076293945,19.860000610351562,19.049999237060547,19.84000015258789,19.84000015258789,71148
RAKT.CA,Industrials,2024-11-18 22:00:00,19.84000015258789,20.829999923706055,19.68000030517578,20.6299991607666,20.6299991607666,28782
RAKT.CA,Industrials,2024-11-19 22:00:00,20.6299991607666,20.700000762939453,19.600000381469727,19.6299991607666,19.6299991607666,20575
RAKT.CA,Industrials,2024-11-20 22:00:00,19.6299991607666,19.290000915527344,18.649999618530273,18.760000228881836,18.760000228881836,16149
RAKT.CA,Industrials,2024-11-23 22:00:00,18.760000228881836,19.0,17.8799991607666,18.760000228881836,18.760000228881836,5641
RAKT.CA,Industrials,2024-11-24 22:00:00,18.760000228881836,18.90999984741211,17.899999618530273,18.0,18.0,520876
RAKT.CA,Industrials,2024-11-25 22:00:00,18.0,18.899999618530273,18.350000381469727,18.889999389648438,18.889999389648438,25289
RAKT.CA,Industrials,2024-11-26 22:00:00,18.889999389648438,19.829999923706055,18.0,19.81999969482422,19.81999969482422,30821
RAKT.CA,Industrials,2024-11-27 22:00:00,19.81999969482422,20.290000915527344,18.899999618530273,19.81999969482422,19.81999969482422,9812
RAKT.CA,Industrials,2024-11-30 22:00:00,19.81999969482422,19.530000686645508,18.829999923706055,18.850000381469727,18.850000381469727,22513
RAKT.CA,Industrials,2024-12-01 22:00:00,18.850000381469727,19.399999618530273,18.309999465942383,18.850000381469727,18.850000381469727,1584
RAKT.CA,Industrials,2024-12-02 22:00:00,18.850000381469727,18.799999237060547,18.0,18.850000381469727,18.850000381469727,16498
RAKT.CA,Industrials,2024-12-03 22:00:00,18.850000381469727,18.700000762939453,17.90999984741211,18.299999237060547,18.299999237060547,50042
RAKT.CA,Industrials,2024-12-04 22:00:00,18.299999237060547,18.989999771118164,18.0,18.06999969482422,18.06999969482422,185207
RAKT.CA,Industrials,2024-12-07 22:00:00,18.06999969482422,18.899999618530273,18.239999771118164,18.59000015258789,18.59000015258789,19468
RAKT.CA,Industrials,2024-12-08 22:00:00,18.59000015258789,18.93000030517578,18.020000457763672,18.459999084472656,18.459999084472656,22590
RAKT.CA,Industrials,2024-12-09 22:00:00,18.459999084472656,18.43000030517578,17.989999771118164,18.0,18.0,375017
RAKT.CA,Industrials,2024-12-10 22:00:00,18.0,18.770000457763672,17.649999618530273,18.0,18.0,11372
RAKT.CA,Industrials,2024-12-11 22:00:00,18.0,18.729999542236328,18.1200008392334,18.0,18.0,6484
RAKT.CA,Industrials,2024-12-14 22:00:00,18.0,18.899999618530273,18.299999237060547,18.899999618530273,18.899999618530273,48730
RAKT.CA,Industrials,2024-12-15 22:00:00,18.899999618530273,19.84000015258789,19.84000015258789,19.84000015258789,19.84000015258789,15767
RAKT.CA,Industrials,2024-12-16 22:00:00,19.84000015258789,20.829999923706055,20.700000762939453,20.81999969482422,20.81999969482422,56757
RAKT.CA,Industrials,2024-12-17 22:00:00,20.81999969482422,21.860000610351562,20.15999984741211,21.549999237060547,21.549999237060547,61292
RAKT.CA,Industrials,2024-12-18 22:00:00,21.549999237060547,21.989999771118164,20.479999542236328,20.809999465942383,20.809999465942383,31794
RAKT.CA,Industrials,2024-12-21 22:00:00,20.809999465942383,21.469999313354492,19.780000686645508,21.06999969482422,21.06999969482422,25226
RAKT.CA,Industrials,2024-12-22 22:00:00,21.06999969482422,22.1200008392334,20.049999237060547,22.1200008392334,22.1200008392334,74787
RAKT.CA,Industrials,2024-12-23 22:00:00,22.1200008392334,23.219999313354492,21.200000762939453,23.209999084472656,23.209999084472656,65261
RAKT.CA,Industrials,2024-12-24 22:00:00,23.209999084472656,24.3700008392334,23.0,24.3700008392334,24.3700008392334,37296
RAKT.CA,Industrials,2024-12-25 22:00:00,24.3700008392334,25.579999923706055,24.56999969482422,25.579999923706055,25.579999923706055,136347
RAKT.CA,Industrials,2024-12-28 22:00:00,25.579999923706055,26.850000381469727,25.600000381469727,26.850000381469727,26.850000381469727,57534
RAKT.CA,Industrials,2024-12-29 22:00:00,26.850000381469727,28.190000534057617,25.600000381469727,27.420000076293945,27.420000076293945,70601
RAKT.CA,Industrials,2024-12-30 22:00:00,27.420000076293945,28.0,26.809999465942383,27.280000686645508,27.280000686645508,21848
RAKT.CA,Industrials,2025-01-01 22:00:00,27.280000686645508,28.639999389648438,26.059999465942383,28.639999389648438,28.639999389648438,74611
RAKT.CA,Industrials,2025-01-04 22:00:00,28.639999389648438,30.049999237060547,28.799999237060547,29.84000015258789,29.84000015258789,93384
RAKT.CA,Industrials,2025-01-05 22:00:00,29.84000015258789,31.329999923706055,28.350000381469727,31.329999923706055,31.329999923706055,113565
RAKT.CA,Industrials,2025-01-07 22:00:00,31.329999923706055,32.88999938964844,31.899999618530273,32.88999938964844,32.88999938964844,76221
RAKT.CA,Industrials,2025-01-08 22:00:00,32.88999938964844,34.529998779296875,31.25,34.529998779296875,34.529998779296875,144818
RAKT.CA,Industrials,2025-01-11 22:00:00,34.529998779296875,35.95000076293945,32.810001373291016,32.810001373291016,32.810001373291016,86520
RAKT.CA,Industrials,2025-01-12 22:00:00,32.810001373291016,34.0,31.170000076293945,31.209999084472656,31.209999084472656,107468
RAKT.CA,Industrials,2025-01-13 22:00:00,31.209999084472656,31.989999771118164,29.649999618530273,30.850000381469727,30.850000381469727,145364
RAKT.CA,Industrials,2025-01-14 22:00:00,30.850000381469727,31.700000762939453,29.31999969482422,29.59000015258789,29.59000015258789,49920
RAKT.CA,Industrials,2025-01-15 22:00:00,29.59000015258789,29.989999771118164,28.149999618530273,28.8700008392334,28.8700008392334,32771
RAKT.CA,Industrials,2025-01-18 22:00:00,29.59000015258789,30.309999465942383,28.149999618530273,30.309999465942383,30.309999465942383,83397
RAKT.CA,Industrials,2025-01-19 22:00:00,30.309999465942383,31.729999542236328,29.0,29.739999771118164,29.739999771118164,18695
RAKT.CA,Industrials,2025-01-20 22:00:00,29.739999771118164,30.0,28.260000228881836,28.270000457763672,28.270000457763672,58718
RAKT.CA,Industrials,2025-01-21 22:00:00,28.270000457763672,28.899999618530273,26.860000610351562,26.8700008392334,26.8700008392334,91316
RAKT.CA,Industrials,2025-01-22 22:00:00,26.8700008392334,27.489999771118164,25.530000686645508,25.610000610351562,25.610000610351562,46182
RAKT.CA,Industrials,2025-01-25 22:00:00,25.610000610351562,26.889999389648438,25.799999237060547,26.889999389648438,26.889999389648438,46039
RAKT.CA,Industrials,2025-01-26 22:00:00,26.889999389648438,27.969999313354492,26.0,26.6200008392334,26.6200008392334,17778
RAKT.CA,Industrials,2025-01-27 22:00:00,26.6200008392334,26.950000762939453,25.290000915527344,25.510000228881836,25.510000228881836,36264
RAKT.CA,Industrials,2025-01-28 22:00:00,25.510000228881836,26.780000686645508,25.0,25.450000762939453,25.450000762939453,59269
RAKT.CA,Industrials,2025-01-29 22:00:00,25.450000762939453,25.950000762939453,24.25,24.6200008392334,24.6200008392334,28774
RAKT.CA,Industrials,2025-02-01 22:00:00,24.6200008392334,24.549999237060547,23.389999389648438,23.469999313354492,23.469999313354492,65052
RAKT.CA,Industrials,2025-02-02 22:00:00,23.469999313354492,24.639999389648438,22.350000381469727,24.639999389648438,24.639999389648438,55978
RAKT.CA,Industrials,2025-02-03 22:00:00,24.639999389648438,25.59000015258789,24.0,24.350000381469727,24.350000381469727,25359
RAKT.CA,Industrials,2025-02-04 22:00:00,24.350000381469727,24.84000015258789,23.450000762939453,24.350000381469727,24.350000381469727,7936
RAKT.CA,Industrials,2025-02-05 22:00:00,24.350000381469727,24.450000762939453,23.600000381469727,24.350000381469727,24.350000381469727,5712
RAKT.CA,Industrials,2025-02-08 22:00:00,24.350000381469727,24.5,23.600000381469727,23.940000534057617,23.940000534057617,16090
RAKT.CA,Industrials,2025-02-09 22:00:00,23.940000534057617,25.020000457763672,23.6299991607666,24.709999084472656,24.709999084472656,22916
RAKT.CA,Industrials,2025-02-10 22:00:00,24.709999084472656,24.950000762939453,23.5,23.65999984741211,23.65999984741211,16654
RAKT.CA,Industrials,2025-02-11 22:00:00,23.65999984741211,23.979999542236328,22.479999542236328,22.559999465942383,22.559999465942383,43150
RAKT.CA,Industrials,2025-02-12 22:00:00,22.559999465942383,23.559999465942383,22.479999542236328,22.559999465942383,22.559999465942383,6077
RAKT.CA,Industrials,2025-02-15 22:00:00,22.559999465942383,23.5,21.479999542236328,21.65999984741211,21.65999984741211,39670
RAKT.CA,Industrials,2025-02-16 22:00:00,21.65999984741211,22.700000762939453,21.649999618530273,21.979999542236328,21.979999542236328,25015
RAKT.CA,Industrials,2025-02-17 22:00:00,21.979999542236328,22.290000915527344,21.450000762939453,21.610000610351562,21.610000610351562,20125
RAKT.CA,Industrials,2025-02-18 22:00:00,21.610000610351562,22.65999984741211,21.0,22.139999389648438,22.139999389648438,39490
RAKT.CA,Industrials,2025-02-19 22:00:00,22.139999389648438,22.780000686645508,21.739999771118164,22.139999389648438,22.139999389648438,8671
RAKT.CA,Industrials,2025-02-22 22:00:00,22.139999389648438,22.979999542236328,21.799999237060547,22.239999771118164,22.239999771118164,13648
RAKT.CA,Industrials,2025-02-23 22:00:00,22.239999771118164,22.0,21.399999618530273,21.639999389648438,21.639999389648438,28851
RAKT.CA,Industrials,2025-02-24 22:00:00,21.639999389648438,22.5,21.639999389648438,22.049999237060547,22.049999237060547,16627
RAKT.CA,Industrials,2025-02-25 22:00:00,22.049999237060547,23.149999618530273,21.760000228881836,23.110000610351562,23.110000610351562,81671
RAKT.CA,Industrials,2025-02-26 22:00:00,23.110000610351562,23.989999771118164,22.600000381469727,23.110000610351562,23.110000610351562,3759
RAKT.CA,Industrials,2025-03-01 22:00:00,23.110000610351562,23.0,22.639999389648438,23.110000610351562,23.110000610351562,2620
RAKT.CA,Industrials,2025-03-02 22:00:00,23.110000610351562,22.850000381469727,22.020000457763672,23.110000610351562,23.110000610351562,1749
RAKT.CA,Industrials,2025-03-03 22:00:00,23.110000610351562,22.75,22.010000228881836,23.110000610351562,23.110000610351562,4804
RAKT.CA,Industrials,2025-03-04 22:00:00,23.110000610351562,22.75,21.959999084472656,22.239999771118164,22.239999771118164,22415
RAKT.CA,Industrials,2025-03-05 22:00:00,22.239999771118164,23.350000381469727,22.0,23.270000457763672,23.270000457763672,55317
RAKT.CA,Industrials,2025-03-08 22:00:00,23.270000457763672,23.68000030517578,22.1200008392334,22.190000534057617,22.190000534057617,33718
RAKT.CA,Industrials,2025-03-09 22:00:00,22.190000534057617,23.18000030517578,21.5,21.809999465942383,21.809999465942383,23180
RAKT.CA,Industrials,2025-03-10 22:00:00,21.809999465942383,22.75,21.670000076293945,21.700000762939453,21.700000762939453,18880
RAKT.CA,Industrials,2025-03-11 22:00:00,21.700000762939453,22.6200008392334,21.719999313354492,21.700000762939453,21.700000762939453,5372
RAKT.CA,Industrials,2025-03-12 22:00:00,21.700000762939453,22.0,20.899999618530273,21.209999084472656,21.209999084472656,30830
RAKT.CA,Industrials,2025-03-15 22:00:00,21.209999084472656,22.0,21.110000610351562,21.209999084472656,21.209999084472656,15481
RAKT.CA,Industrials,2025-03-16 22:00:00,21.209999084472656,21.760000228881836,21.209999084472656,21.209999084472656,21.209999084472656,8599
RAKT.CA,Industrials,2025-03-17 22:00:00,21.209999084472656,21.65999984741211,21.110000610351562,21.209999084472656,21.209999084472656,5596
RAKT.CA,Industrials,2025-03-18 22:00:00,21.209999084472656,21.700000762939453,20.760000228881836,21.209999084472656,21.209999084472656,6601
RAKT.CA,Industrials,2025-03-19 22:00:00,21.209999084472656,21.5,21.149999618530273,21.209999084472656,21.209999084472656,3918
RAKT.CA,Industrials,2025-03-22 22:00:00,21.209999084472656,22.100000381469727,21.299999237060547,21.209999084472656,21.209999084472656,10299
RAKT.CA,Industrials,2025-03-23 22:00:00,21.209999084472656,22.100000381469727,21.43000030517578,21.209999084472656,21.209999084472656,8223
RAKT.CA,Industrials,2025-03-24 22:00:00,21.209999084472656,21.899999618530273,21.0,21.40999984741211,21.40999984741211,26067
RAKT.CA,Industrials,2025-03-25 22:00:00,21.40999984741211,21.8700008392334,21.360000610351562,21.829999923706055,21.829999923706055,19028
RAKT.CA,Industrials,2025-03-26 22:00:00,21.829999923706055,21.860000610351562,21.170000076293945,21.40999984741211,21.40999984741211,22500
RAKT.CA,Industrials,2025-04-02 22:00:00,21.40999984741211,22.479999542236328,21.399999618530273,22.479999542236328,22.479999542236328,56203
RAKT.CA,Industrials,2025-04-05 22:00:00,22.479999542236328,22.479999542236328,21.440000534057617,21.809999465942383,21.809999465942383,17599
RAKT.CA,Industrials,2025-04-06 22:00:00,21.809999465942383,22.0,21.450000762939453,21.809999465942383,21.809999465942383,10834
RAKT.CA,Industrials,2025-04-07 22:00:00,21.809999465942383,22.0,21.559999465942383,21.809999465942383,21.809999465942383,4754
RAKT.CA,Industrials,2025-04-08 22:00:00,21.809999465942383,21.959999084472656,21.0,21.809999465942383,21.809999465942383,7179
RAKT.CA,Industrials,2025-04-09 22:00:00,21.809999465942383,21.850000381469727,21.079999923706055,21.469999313354492,21.469999313354492,16258
RAKT.CA,Industrials,2025-04-12 22:00:00,21.469999313354492,21.899999618530273,21.100000381469727,21.40999984741211,21.40999984741211,14235
RAKT.CA,Industrials,2025-04-13 22:00:00,21.40999984741211,22.06999969482422,21.40999984741211,22.049999237060547,22.049999237060547,26640
RAKT.CA,Industrials,2025-04-14 22:00:00,22.049999237060547,22.420000076293945,21.860000610351562,22.049999237060547,22.049999237060547,11475
RAKT.CA,Industrials,2025-04-15 22:00:00,22.049999237060547,22.170000076293945,21.6200008392334,21.81999969482422,21.81999969482422,15985
RAKT.CA,Industrials,2025-04-16 22:00:00,21.81999969482422,22.350000381469727,21.5,21.81999969482422,21.81999969482422,12647
RAKT.CA,Industrials,2025-04-21 22:00:00,21.81999969482422,22.239999771118164,21.610000610351562,21.799999237060547,21.799999237060547,15286
RAKT.CA,Industrials,2025-04-22 22:00:00,21.799999237060547,22.209999084472656,21.700000762939453,21.799999237060547,21.799999237060547,2194
RAKT.CA,Industrials,2025-04-26 21:00:00,21.799999237060547,22.34000015258789,21.899999618530273,21.799999237060547,21.799999237060547,8589
RAKT.CA,Industrials,2025-04-27 21:00:00,21.799999237060547,22.889999389648438,21.799999237060547,22.889999389648438,22.889999389648438,81226
RAKT.CA,Industrials,2025-04-28 21:00:00,22.889999389648438,24.030000686645508,22.950000762939453,24.030000686645508,24.030000686645508,61101
RAKT.CA,Industrials,2025-04-29 21:00:00,24.030000686645508,25.229999542236328,24.899999618530273,25.229999542236328,25.229999542236328,25444
RAKT.CA,Industrials,2025-05-03 21:00:00,25.229999542236328,26.450000762939453,24.209999084472656,25.149999618530273,25.149999618530273,16139
RAKT.CA,Industrials,2025-05-04 21:00:00,25.149999618530273,25.809999465942383,24.299999237060547,25.149999618530273,25.149999618530273,11105
RAKT.CA,Industrials,2025-05-05 21:00:00,25.149999618530273,24.40999984741211,23.899999618530273,23.90999984741211,23.90999984741211,33029
RAKT.CA,Industrials,2025-05-06 21:00:00,23.90999984741211,25.100000381469727,22.770000457763672,24.950000762939453,24.950000762939453,55184
RAKT.CA,Industrials,2025-05-07 21:00:00,24.950000762939453,24.489999771118164,23.709999084472656,23.860000610351562,23.860000610351562,15492
RAKT.CA,Industrials,2025-05-10 21:00:00,23.860000610351562,24.399999618530273,22.799999237060547,23.43000030517578,23.43000030517578,24965
RAKT.CA,Industrials,2025-05-11 21:00:00,23.43000030517578,23.5,22.93000030517578,23.06999969482422,23.06999969482422,15540
RAKT.CA,Industrials,2025-05-12 21:00:00,23.06999969482422,23.700000762939453,21.920000076293945,22.6299991607666,22.6299991607666,19375
RAKT.CA,Industrials,2025-05-13 21:00:00,22.6299991607666,23.200000762939453,21.920000076293945,22.0,22.0,34947
RAKT.CA,Industrials,2025-05-14 21:00:00,22.0,23.100000381469727,22.100000381469727,23.010000228881836,23.010000228881836,15153
RAKT.CA,Industrials,2025-05-17 21:00:00,23.010000228881836,23.5,22.5,23.010000228881836,23.010000228881836,11026
RAKT.CA,Industrials,2025-05-18 21:00:00,23.010000228881836,23.0,22.520000457763672,23.010000228881836,23.010000228881836,9755
RAKT.CA,Industrials,2025-05-19 21:00:00,23.010000228881836,23.0,22.610000610351562,23.010000228881836,23.010000228881836,6409
RAKT.CA,Industrials,2025-05-20 21:00:00,23.010000228881836,23.489999771118164,22.950000762939453,23.15999984741211,23.15999984741211,14837
RAKT.CA,Industrials,2025-05-21 21:00:00,23.15999984741211,24.25,22.799999237060547,24.0,24.0,30063
RAKT.CA,Industrials,2025-05-24 21:00:00,24.0,24.93000030517578,22.81999969482422,23.81999969482422,23.81999969482422,16311
RAKT.CA,Industrials,2025-05-25 21:00:00,23.81999969482422,24.450000762939453,23.010000228881836,23.81999969482422,23.81999969482422,2442
RAKT.CA,Industrials,2025-05-26 21:00:00,23.81999969482422,24.5,23.030000686645508,23.969999313354492,23.969999313354492,18930
RAKT.CA,Industrials,2025-05-27 21:00:00,23.969999313354492,24.489999771118164,23.110000610351562,23.969999313354492,23.969999313354492,5718
RAKT.CA,Industrials,2025-05-28 21:00:00,23.969999313354492,24.40999984741211,23.100000381469727,23.81999969482422,23.81999969482422,25293
RAKT.CA,Industrials,2025-05-31 21:00:00,23.81999969482422,23.989999771118164,23.299999237060547,23.81999969482422,23.81999969482422,3592
RAKT.CA,Industrials,2025-06-01 21:00:00,23.81999969482422,24.15999984741211,23.459999084472656,23.81999969482422,23.81999969482422,6841
RAKT.CA,Industrials,2025-06-02 21:00:00,23.81999969482422,24.75,23.0,24.389999389648438,24.389999389648438,15932
RAKT.CA,Industrials,2025-06-03 21:00:00,24.389999389648438,24.389999389648438,23.520000457763672,23.809999465942383,23.809999465942383,28942
RAKT.CA,Industrials,2025-06-09 21:00:00,23.809999465942383,24.389999389648438,23.43000030517578,23.43000030517578,23.43000030517578,20045
RAKT.CA,Industrials,2025-06-10 21:00:00,23.43000030517578,24.0,23.329999923706055,23.43000030517578,23.43000030517578,8581
RAKT.CA,Industrials,2025-06-11 21:00:00,23.43000030517578,23.5,22.729999542236328,23.43000030517578,23.43000030517578,24819
RAKT.CA,Industrials,2025-06-14 21:00:00,23.43000030517578,22.600000381469727,22.260000228881836,22.260000228881836,22.260000228881836,13967
RAKT.CA,Industrials,2025-06-15 21:00:00,22.260000228881836,22.260000228881836,21.15999984741211,21.850000381469727,21.850000381469727,17418
RAKT.CA,Industrials,2025-06-16 21:00:00,21.850000381469727,21.600000381469727,20.760000228881836,20.760000228881836,20.760000228881836,32311
RAKT.CA,Industrials,2025-06-17 21:00:00,20.760000228881836,21.59000015258789,20.079999923706055,20.760000228881836,20.760000228881836,7799
RAKT.CA,Industrials,2025-06-18 21:00:00,20.760000228881836,20.950000762939453,19.81999969482422,20.760000228881836,20.760000228881836,9160
RAKT.CA,Industrials,2025-06-21 21:00:00,20.760000228881836,21.790000915527344,19.799999237060547,21.059999465942383,21.059999465942383,14299
RAKT.CA,Industrials,2025-06-22 21:00:00,21.059999465942383,22.110000610351562,20.149999618530273,21.059999465942383,21.059999465942383,9215
RAKT.CA,Industrials,2025-06-23 21:00:00,21.059999465942383,22.079999923706055,21.049999237060547,21.059999465942383,21.059999465942383,7996
RAKT.CA,Industrials,2025-06-24 21:00:00,21.059999465942383,22.110000610351562,21.600000381469727,21.059999465942383,21.059999465942383,6468
RAKT.CA,Industrials,2025-06-28 21:00:00,21.059999465942383,22.110000610351562,21.989999771118164,21.059999465942383,21.059999465942383,12222
RAKT.CA,Industrials,2025-06-29 21:00:00,21.059999465942383,22.110000610351562,22.0,22.110000610351562,22.110000610351562,16734
RAKT.CA,Industrials,2025-06-30 21:00:00,22.110000610351562,23.0,21.950000762939453,22.06999969482422,22.06999969482422,24120
RAKT.CA,Industrials,2025-07-01 21:00:00,22.06999969482422,23.0,21.299999237060547,22.06999969482422,22.06999969482422,7456
RAKT.CA,Industrials,2025-07-05 21:00:00,22.06999969482422,22.799999237060547,21.5,22.06999969482422,22.06999969482422,1564
RAKT.CA,Industrials,2025-07-06 21:00:00,22.06999969482422,22.690000534057617,21.25,21.790000915527344,21.790000915527344,18692
RAKT.CA,Industrials,2025-07-08 21:00:00,21.790000915527344,22.389999389648438,21.5,21.790000915527344,21.790000915527344,2287
RAKT.CA,Industrials,2025-07-09 21:00:00,21.790000915527344,22.8700008392334,21.600000381469727,22.8700008392334,22.8700008392334,25040
RAKT.CA,Industrials,2025-07-12 21:00:00,22.8700008392334,24.010000228881836,22.899999618530273,23.889999389648438,23.889999389648438,14102
RAKT.CA,Industrials,2025-07-13 21:00:00,23.889999389648438,23.989999771118164,23.06999969482422,23.889999389648438,23.889999389648438,11693
RAKT.CA,Industrials,2025-07-14 21:00:00,23.889999389648438,23.829999923706055,23.100000381469727,23.889999389648438,23.889999389648438,3388
RAKT.CA,Industrials,2025-07-15 21:00:00,23.889999389648438,23.59000015258789,22.700000762939453,23.889999389648438,23.889999389648438,11730
RAKT.CA,Industrials,2025-07-16 21:00:00,23.889999389648438,23.3799991607666,22.799999237060547,23.889999389648438,23.889999389648438,4838
RAKT.CA,Industrials,2025-07-19 21:00:00,23.889999389648438,23.5,22.75,23.889999389648438,23.889999389648438,10011
RAKT.CA,Industrials,2025-07-20 21:00:00,23.889999389648438,23.479999542236328,22.809999465942383,23.889999389648438,23.889999389648438,3600
RAKT.CA,Industrials,2025-07-21 21:00:00,23.889999389648438,23.010000228881836,22.75,23.889999389648438,23.889999389648438,6642
RAKT.CA,Industrials,2025-07-22 21:00:00,23.889999389648438,23.889999389648438,23.889999389648438,23.889999389648438,23.889999389648438,0
RAKT.CA,Industrials,2025-07-26 21:00:00,23.889999389648438,23.889999389648438,22.719999313354492,23.5,23.5,13963
RAKT.CA,Industrials,2025-07-27 21:00:00,23.5,23.049999237060547,22.799999237060547,23.5,23.5,10722
RAKT.CA,Industrials,2025-07-28 21:00:00,23.5,23.399999618530273,22.700000762939453,23.5,23.5,4666
RAKT.CA,Industrials,2025-07-29 21:00:00,23.5,23.5,22.809999465942383,23.5,23.5,4063
RAKT.CA,Industrials,2025-07-30 21:00:00,23.5,23.0,23.0,23.5,23.5,900
RAKT.CA,Industrials,2025-08-02 21:00:00,23.5,23.5,23.5,23.5,23.5,0
RAKT.CA,Industrials,2025-08-03 21:00:00,23.5,23.5,23.5,23.5,23.5,0
RAKT.CA,Industrials,2025-08-04 21:00:00,23.5,23.5,23.5,23.5,23.5,0
RAKT.CA,Industrials,2025-08-05 21:00:00,23.5,23.5,23.5,23.5,23.5,0
RAKT.CA,Industrials,2025-08-06 21:00:00,23.5,23.5,23.5,23.5,23.5,0
RAKT.CA,Industrials,2025-08-09 21:00:00,25.899999618530273,27.190000534057617,26.100000381469727,27.18000030517578,27.18000030517578,36978
RAKT.CA,Industrials,2025-08-10 21:00:00,27.18000030517578,28.530000686645508,27.190000534057617,28.34000015258789,28.34000015258789,22562
RAKT.CA,Industrials,2025-08-11 21:00:00,28.34000015258789,29.700000762939453,27.200000762939453,28.360000610351562,28.360000610351562,17879
RAKT.CA,Industrials,2025-08-12 21:00:00,28.360000610351562,29.290000915527344,27.0,27.079999923706055,27.079999923706055,41066
RAKT.CA,Industrials,2025-08-13 21:00:00,27.079999923706055,28.350000381469727,26.25,27.530000686645508,27.530000686645508,52474
RAKT.CA,Industrials,2025-08-16 21:00:00,27.530000686645508,28.899999618530273,27.030000686645508,28.1299991607666,28.1299991607666,43186
RAKT.CA,Industrials,2025-08-17 21:00:00,28.1299991607666,28.799999237060547,27.1299991607666,27.760000228881836,27.760000228881836,13860
RAKT.CA,Industrials,2025-08-18 21:00:00,27.760000228881836,28.790000915527344,27.670000076293945,27.979999542236328,27.979999542236328,27233
RAKT.CA,Industrials,2025-08-19 21:00:00,27.979999542236328,28.799999237060547,27.670000076293945,28.450000762939453,28.450000762939453,22616
RAKT.CA,Industrials,2025-08-20 21:00:00,28.450000762939453,28.489999771118164,27.600000381469727,28.450000762939453,28.450000762939453,10229
RAKT.CA,Industrials,2025-08-23 21:00:00,28.450000762939453,29.850000381469727,28.0,29.40999984741211,29.40999984741211,18658
RAKT.CA,Industrials,2025-08-24 21:00:00,29.40999984741211,29.5,28.549999237060547,29.40999984741211,29.40999984741211,5320
RAKT.CA,Industrials,2025-08-25 21:00:00,29.40999984741211,29.239999771118164,28.010000228881836,28.329999923706055,28.329999923706055,16321
RAKT.CA,Industrials,2025-08-26 21:00:00,28.329999923706055,28.600000381469727,27.0,27.209999084472656,27.209999084472656,17085
RAKT.CA,Industrials,2025-08-27 21:00:00,27.209999084472656,28.56999969482422,26.93000030517578,28.34000015258789,28.34000015258789,33800
RAKT.CA,Industrials,2025-08-30 21:00:00,28.34000015258789,29.299999237060547,27.0,28.34000015258789,28.34000015258789,10155
RAKT.CA,Industrials,2025-08-31 21:00:00,28.34000015258789,29.0,27.530000686645508,28.479999542236328,28.479999542236328,40274
RAKT.CA,Industrials,2025-09-01 21:00:00,28.479999542236328,28.979999542236328,27.149999618530273,27.739999771118164,27.739999771118164,13205
RAKT.CA,Industrials,2025-09-02 21:00:00,27.739999771118164,28.239999771118164,26.899999618530273,27.1299991607666,27.1299991607666,21523
RAKT.CA,Industrials,2025-09-06 21:00:00,27.1299991607666,27.5,26.0,27.1299991607666,27.1299991607666,7812
RAKT.CA,Industrials,2025-09-07 21:00:00,27.1299991607666,27.450000762939453,26.510000228881836,27.1299991607666,27.1299991607666,6392
RAKT.CA,Industrials,2025-09-08 21:00:00,27.1299991607666,28.0,26.3700008392334,27.1299991607666,27.1299991607666,2912
RAKT.CA,Industrials,2025-09-09 21:00:00,27.1299991607666,27.790000915527344,27.0,27.1299991607666,27.1299991607666,1502
RAKT.CA,Industrials,2025-09-10 21:00:00,27.1299991607666,28.479999542236328,26.100000381469727,28.440000534057617,28.440000534057617,41643
RAKT.CA,Industrials,2025-09-13 21:00:00,28.440000534057617,29.440000534057617,27.75,28.440000534057617,28.440000534057617,7350
RAKT.CA,Industrials,2025-09-14 21:00:00,28.440000534057617,28.850000381469727,27.030000686645508,28.65999984741211,28.65999984741211,11848
RAKT.CA,Industrials,2025-09-15 21:00:00,28.65999984741211,28.989999771118164,27.399999618530273,28.18000030517578,28.18000030517578,42464
RAKT.CA,Industrials,2025-09-16 21:00:00,28.18000030517578,28.389999389648438,27.600000381469727,28.18000030517578,28.18000030517578,2492
RAKT.CA,Industrials,2025-09-17 21:00:00,28.18000030517578,28.350000381469727,26.780000686645508,26.799999237060547,26.799999237060547,38817
RAKT.CA,Industrials,2025-09-20 21:00:00,26.799999237060547,27.84000015258789,25.510000228881836,27.459999084472656,27.459999084472656,20949
RAKT.CA,Industrials,2025-09-21 21:00:00,27.459999084472656,27.600000381469727,26.09000015258789,27.020000457763672,27.020000457763672,19805
RAKT.CA,Industrials,2025-09-22 21:00:00,27.020000457763672,27.0,25.68000030517578,27.020000457763672,27.020000457763672,7929
RAKT.CA,Industrials,2025-09-23 21:00:00,27.020000457763672,26.899999618530273,25.670000076293945,27.020000457763672,27.020000457763672,10370
RAKT.CA,Industrials,2025-09-24 21:00:00,27.020000457763672,26.469999313354492,25.670000076293945,25.729999542236328,25.729999542236328,19718
RAKT.CA,Industrials,2025-09-27 21:00:00,25.729999542236328,26.280000686645508,24.729999542236328,25.729999542236328,25.729999542236328,1682
RAKT.CA,Industrials,2025-09-28 21:00:00,25.729999542236328,26.149999618530273,24.450000762939453,24.469999313354492,24.469999313354492,21591
RAKT.CA,Industrials,2025-09-29 21:00:00,24.469999313354492,25.690000534057617,23.25,25.469999313354492,25.469999313354492,12989
RAKT.CA,Industrials,2025-09-30 21:00:00,25.469999313354492,26.700000762939453,25.479999542236328,25.469999313354492,25.469999313354492,3722
RAKT.CA,Industrials,2025-10-01 21:00:00,25.469999313354492,25.979999542236328,24.540000915527344,25.469999313354492,25.469999313354492,3231
RAKT.CA,Industrials,2025-10-04 21:00:00,25.469999313354492,26.600000381469727,25.100000381469727,25.469999313354492,25.469999313354492,19293
RAKT.CA,Industrials,2025-10-05 21:00:00,25.469999313354492,26.739999771118164,25.100000381469727,26.700000762939453,26.700000762939453,30646
RAKT.CA,Industrials,2025-10-06 21:00:00,26.700000762939453,28.0,27.0,27.690000534057617,27.690000534057617,18858
RAKT.CA,Industrials,2025-10-07 21:00:00,27.690000534057617,28.0,26.329999923706055,27.690000534057617,27.690000534057617,8605
RAKT.CA,Industrials,2025-10-11 21:00:00,27.690000534057617,28.0,26.5,27.690000534057617,27.690000534057617,4551
RAKT.CA,Industrials,2025-10-12 21:00:00,27.690000534057617,28.0,26.510000228881836,27.690000534057617,27.690000534057617,2337
RAKT.CA,Industrials,2025-10-13 21:00:00,27.690000534057617,27.989999771118164,26.75,27.690000534057617,27.690000534057617,8700
RAKT.CA,Industrials,2025-10-14 21:00:00,27.690000534057617,27.860000610351562,26.309999465942383,26.309999465942383,26.309999465942383,46937
RAKT.CA,Industrials,2025-10-15 21:00:00,26.309999465942383,27.59000015258789,25.010000228881836,26.309999465942383,26.309999465942383,1721
RAKT.CA,Industrials,2025-10-18 21:00:00,26.309999465942383,27.0,25.0,26.309999465942383,26.309999465942383,9711
RAKT.CA,Industrials,2025-10-19 21:00:00,26.309999465942383,26.889999389648438,25.65999984741211,25.950000762939453,25.950000762939453,15156
RAKT.CA,Industrials,2025-10-20 21:00:00,25.950000762939453,26.600000381469727,25.0,25.06999969482422,25.06999969482422,29305
RAKT.CA,Industrials,2025-10-21 21:00:00,25.06999969482422,26.190000534057617,24.149999618530273,25.06999969482422,25.06999969482422,9127
RAKT.CA,Industrials,2025-10-22 21:00:00,25.06999969482422,25.950000762939453,24.700000762939453,25.020000457763672,25.020000457763672,13938
RAKT.CA,Industrials,2025-10-25 21:00:00,25.020000457763672,26.0,25.0,25.139999389648438,25.139999389648438,12114
RAKT.CA,Industrials,2025-10-26 21:00:00,25.139999389648438,25.940000534057617,24.899999618530273,25.139999389648438,25.139999389648438,7693
RAKT.CA,Industrials,2025-10-27 21:00:00,25.139999389648438,25.899999618530273,24.8700008392334,25.139999389648438,25.139999389648438,7371
RAKT.CA,Industrials,2025-10-28 21:00:00,25.139999389648438,25.65999984741211,24.850000381469727,25.139999389648438,25.139999389648438,3616
RAKT.CA,Industrials,2025-10-29 21:00:00,25.139999389648438,25.479999542236328,24.5,25.139999389648438,25.139999389648438,3337
RAKT.CA,Industrials,2025-11-01 22:00:00,25.139999389648438,25.610000610351562,25.0,25.450000762939453,25.450000762939453,16256
RAKT.CA,Industrials,2025-11-02 22:00:00,25.450000762939453,25.59000015258789,24.799999237060547,25.450000762939453,25.450000762939453,1621
RAKT.CA,Industrials,2025-11-03 22:00:00,25.450000762939453,25.670000076293945,24.239999771118164,25.18000030517578,25.18000030517578,15434
RAKT.CA,Industrials,2025-11-04 22:00:00,25.18000030517578,25.440000534057617,24.530000686645508,25.18000030517578,25.18000030517578,359
RAKT.CA,Industrials,2025-11-05 22:00:00,25.18000030517578,25.440000534057617,23.93000030517578,24.09000015258789,24.09000015258789,33649
RAKT.CA,Industrials,2025-11-08 22:00:00,24.09000015258789,25.290000915527344,24.020000457763672,24.09000015258789,24.09000015258789,6221
RAKT.CA,Industrials,2025-11-09 22:00:00,24.09000015258789,25.290000915527344,24.450000762939453,24.09000015258789,24.09000015258789,6266
RAKT.CA,Industrials,2025-11-10 22:00:00,24.09000015258789,25.0,24.450000762939453,24.09000015258789,24.09000015258789,5910
RAKT.CA,Industrials,2025-11-11 22:00:00,24.09000015258789,25.0,24.100000381469727,24.09000015258789,24.09000015258789,5854
RAKT.CA,Industrials,2025-11-12 22:00:00,24.09000015258789,24.770000457763672,23.040000915527344,24.09000015258789,24.09000015258789,5904
RAKT.CA,Industrials,2025-11-15 22:00:00,24.09000015258789,24.760000228881836,23.479999542236328,24.09000015258789,24.09000015258789,2415
RAKT.CA,Industrials,2025-11-16 22:00:00,24.09000015258789,24.469999313354492,23.600000381469727,24.09000015258789,24.09000015258789,4582
RAKT.CA,Industrials,2025-11-17 22:00:00,24.09000015258789,24.0,22.889999389648438,23.170000076293945,23.170000076293945,91775
RAKT.CA,Industrials,2025-11-18 22:00:00,23.170000076293945,23.989999771118164,22.059999465942383,23.170000076293945,23.170000076293945,4699
RAKT.CA,Industrials,2025-11-19 22:00:00,23.170000076293945,23.510000228881836,22.65999984741211,23.170000076293945,23.170000076293945,11151
RAKT.CA,Industrials,2025-11-22 22:00:00,23.170000076293945,23.5,23.170000076293945,23.170000076293945,23.170000076293945,1915
RAKT.CA,Industrials,2025-11-23 22:00:00,23.170000076293945,22.770000457763672,22.700000762939453,23.170000076293945,23.170000076293945,7001
RAKT.CA,Industrials,2025-11-24 22:00:00,23.170000076293945,23.5,22.700000762939453,23.170000076293945,23.170000076293945,9344
RAKT.CA,Industrials,2025-11-25 22:00:00,23.170000076293945,23.469999313354492,22.5,23.170000076293945,23.170000076293945,3612
RAKT.CA,Industrials,2025-11-26 22:00:00,23.170000076293945,23.329999923706055,22.049999237060547,23.170000076293945,23.170000076293945,2173
RAKT.CA,Industrials,2025-11-29 22:00:00,23.170000076293945,23.940000534057617,22.600000381469727,23.170000076293945,23.170000076293945,11597
RAKT.CA,Industrials,2025-11-30 22:00:00,23.170000076293945,23.200000762939453,22.5,23.170000076293945,23.170000076293945,5251
RAKT.CA,Industrials,2025-12-01 22:00:00,23.170000076293945,23.229999542236328,22.780000686645508,23.170000076293945,23.170000076293945,10280
RAKT.CA,Industrials,2025-12-02 22:00:00,23.170000076293945,23.56999969482422,22.510000228881836,23.290000915527344,23.290000915527344,21434
RAKT.CA,Industrials,2025-12-03 22:00:00,23.290000915527344,23.790000915527344,22.799999237060547,23.290000915527344,23.290000915527344,946
RAKT.CA,Industrials,2025-12-06 22:00:00,23.290000915527344,23.790000915527344,22.139999389648438,23.290000915527344,23.290000915527344,3572
RAKT.CA,Industrials,2025-12-07 22:00:00,23.290000915527344,23.690000534057617,22.649999618530273,23.290000915527344,23.290000915527344,9246
RAKT.CA,Industrials,2025-12-08 22:00:00,23.290000915527344,23.0,22.399999618530273,23.290000915527344,23.290000915527344,7944
RAKT.CA,Industrials,2025-12-09 22:00:00,23.290000915527344,23.690000534057617,22.299999237060547,23.290000915527344,23.290000915527344,6386
RAKT.CA,Industrials,2025-12-10 22:00:00,23.290000915527344,23.399999618530273,22.65999984741211,23.200000762939453,23.200000762939453,30120
RAKT.CA,Industrials,2025-12-13 22:00:00,23.200000762939453,23.200000762939453,22.510000228881836,23.200000762939453,23.200000762939453,11555
RAKT.CA,Industrials,2025-12-14 22:00:00,23.200000762939453,23.1200008392334,22.5,23.200000762939453,23.200000762939453,10610
RAKT.CA,Industrials,2025-12-15 22:00:00,23.200000762939453,23.100000381469727,22.579999923706055,22.68000030517578,22.68000030517578,13530
RAKT.CA,Industrials,2025-12-16 22:00:00,22.68000030517578,22.969999313354492,22.229999542236328,22.299999237060547,22.299999237060547,20808
RAKT.CA,Industrials,2025-12-17 22:00:00,22.299999237060547,22.790000915527344,22.209999084472656,22.299999237060547,22.299999237060547,6631
RAKT.CA,Industrials,2025-12-20 22:00:00,22.299999237060547,22.799999237060547,22.229999542236328,22.299999237060547,22.299999237060547,7662
RAKT.CA,Industrials,2025-12-21 22:00:00,22.299999237060547,23.149999618530273,22.100000381469727,22.809999465942383,22.809999465942383,16918
RAKT.CA,Industrials,2025-12-22 22:00:00,22.809999465942383,23.0,22.200000762939453,22.809999465942383,22.809999465942383,6596
RAKT.CA,Industrials,2025-12-23 22:00:00,22.809999465942383,22.850000381469727,22.1299991607666,22.809999465942383,22.809999465942383,1281
RAKT.CA,Industrials,2025-12-24 22:00:00,22.809999465942383,22.809999465942383,22.200000762939453,22.809999465942383,22.809999465942383,5823
RAKT.CA,Industrials,2025-12-27 22:00:00,22.809999465942383,23.0,22.5,22.809999465942383,22.809999465942383,12274
RAKT.CA,Industrials,2025-12-28 22:00:00,22.809999465942383,22.969999313354492,22.5,22.809999465942383,22.809999465942383,5003
RAKT.CA,Industrials,2025-12-29 22:00:00,22.809999465942383,22.75,22.0,22.809999465942383,22.809999465942383,9786
RAKT.CA,Industrials,2025-12-30 22:00:00,22.809999465942383,22.799999237060547,22.299999237060547,22.809999465942383,22.809999465942383,10947
RAKT.CA,Industrials,2026-01-03 22:00:00,22.809999465942383,23.950000762939453,22.510000228881836,23.950000762939453,23.950000762939453,53170
RAKT.CA,Industrials,2026-01-04 22:00:00,23.950000762939453,24.889999389648438,23.399999618530273,23.950000762939453,23.950000762939453,8237
RAKT.CA,Industrials,2026-01-05 22:00:00,23.950000762939453,25.139999389648438,23.610000610351562,24.6200008392334,24.6200008392334,15096
RAKT.CA,Industrials,2026-01-07 22:00:00,24.6200008392334,24.989999771118164,24.0,24.479999542236328,24.479999542236328,14827
RAKT.CA,Industrials,2026-01-10 22:00:00,24.479999542236328,24.969999313354492,24.06999969482422,24.479999542236328,24.479999542236328,6718
RAKT.CA,Industrials,2026-01-11 22:00:00,24.479999542236328,24.5,23.280000686645508,23.799999237060547,23.799999237060547,22029
RAKT.CA,Industrials,2026-01-12 22:00:00,23.799999237060547,24.0,22.6299991607666,23.3700008392334,23.3700008392334,14256
RAKT.CA,Industrials,2026-01-13 22:00:00,23.3700008392334,23.889999389648438,22.239999771118164,23.0,23.0,16567
RAKT.CA,Industrials,2026-01-14 22:00:00,23.0,23.06999969482422,22.5,23.0,23.0,10251
RAKT.CA,Industrials,2026-01-17 22:00:00,23.0,23.06999969482422,22.5,23.0,23.0,4954
RAKT.CA,Industrials,2026-01-18 22:00:00,23.0,24.09000015258789,22.100000381469727,23.84000015258789,23.84000015258789,17112
RAKT.CA,Industrials,2026-01-19 22:00:00,23.84000015258789,24.149999618530273,23.040000915527344,23.75,23.75,19804
RAKT.CA,Industrials,2026-01-20 22:00:00,23.75,23.799999237060547,22.899999618530273,23.75,23.75,8621
RAKT.CA,Industrials,2026-01-21 22:00:00,23.75,23.8700008392334,23.09000015258789,23.75,23.75,12653
RAKT.CA,Industrials,2026-01-24 22:00:00,23.75,23.8799991607666,23.079999923706055,23.75,23.75,2563
RAKT.CA,Industrials,2026-01-25 22:00:00,23.75,23.75,22.600000381469727,23.75,23.75,5905
RAKT.CA,Industrials,2026-01-26 22:00:00,23.75,23.75,22.700000762939453,23.75,23.75,4521
RAKT.CA,Industrials,2026-01-27 22:00:00,23.75,23.75,22.56999969482422,23.75,23.75,12391
RAKT.CA,Industrials,2026-01-31 22:00:00,23.75,23.75,22.56999969482422,23.75,23.75,1124
RAKT.CA,Industrials,2026-02-01 22:00:00,23.75,22.989999771118164,22.56999969482422,22.56999969482422,22.56999969482422,16494
RAKT.CA,Industrials,2026-02-02 22:00:00,22.56999969482422,23.690000534057617,22.56999969482422,23.200000762939453,23.200000762939453,18026
RAKT.CA,Industrials,2026-02-03 22:00:00,23.200000762939453,23.899999618530273,22.719999313354492,23.200000762939453,23.200000762939453,11452
RAKT.CA,Industrials,2026-02-04 22:00:00,23.200000762939453,23.489999771118164,22.5,23.200000762939453,23.200000762939453,8200
RAKT.CA,Industrials,2026-02-07 22:00:00,23.200000762939453,23.399999618530273,22.100000381469727,23.200000762939453,23.200000762939453,5242
RAKT.CA,Industrials,2026-02-08 22:00:00,23.200000762939453,23.200000762939453,22.34000015258789,23.200000762939453,23.200000762939453,1420
RAKT.CA,Industrials,2026-02-09 22:00:00,23.200000762939453,23.170000076293945,22.43000030517578,23.200000762939453,23.200000762939453,9097
RAKT.CA,Industrials,2026-02-10 22:00:00,23.200000762939453,23.040000915527344,22.549999237060547,23.200000762939453,23.200000762939453,5094
RAKT.CA,Industrials,2026-02-11 22:00:00,23.200000762939453,23.5,22.59000015258789,23.200000762939453,23.200000762939453,9726
RAKT.CA,Industrials,2026-02-14 22:00:00,23.200000762939453,24.100000381469727,22.799999237060547,23.649999618530273,23.649999618530273,18003
RAKT.CA,Industrials,2026-02-15 22:00:00,23.649999618530273,24.350000381469727,23.010000228881836,23.979999542236328,23.979999542236328,14860
RAKT.CA,Industrials,2026-02-16 22:00:00,23.979999542236328,24.0,23.010000228881836,23.979999542236328,23.979999542236328,796
RAKT.CA,Industrials,2026-02-17 22:00:00,23.979999542236328,24.299999237060547,22.889999389648438,23.170000076293945,23.170000076293945,18184
RAKT.CA,Industrials,2026-02-18 22:00:00,23.170000076293945,22.899999618530273,22.799999237060547,23.170000076293945,23.170000076293945,5489
RAKT.CA,Industrials,2026-02-21 22:00:00,23.170000076293945,23.75,22.200000762939453,23.170000076293945,23.170000076293945,2488
RAKT.CA,Industrials,2026-02-22 22:00:00,23.170000076293945,22.969999313354492,22.020000457763672,22.030000686645508,22.030000686645508,46326
RAKT.CA,Industrials,2026-02-23 22:00:00,22.030000686645508,22.5,21.299999237060547,22.030000686645508,22.030000686645508,13426
RAKT.CA,Industrials,2026-02-24 22:00:00,22.030000686645508,22.079999923706055,21.0,21.510000228881836,21.510000228881836,18045
RAKT.CA,Industrials,2026-02-25 22:00:00,21.510000228881836,22.450000762939453,20.5,21.0,21.0,17678
RAKT.CA,Industrials,2026-02-28 22:00:00,21.0,21.0,19.950000762939453,21.0,21.0,7243
RAKT.CA,Industrials,2026-03-01 22:00:00,21.0,22.049999237060547,20.0,22.0,22.0,46711
RAKT.CA,Industrials,2026-03-02 22:00:00,22.0,22.010000228881836,21.100000381469727,22.0,22.0,8338
RAKT.CA,Industrials,2026-03-03 22:00:00,22.0,21.899999618530273,20.899999618530273,20.899999618530273,20.899999618530273,23826
RAKT.CA,Industrials,2026-03-04 22:00:00,20.899999618530273,20.899999618530273,20.0,20.010000228881836,20.010000228881836,79173
RAKT.CA,Industrials,2026-03-07 22:00:00,20.010000228881836,20.899999618530273,19.8799991607666,20.0,20.0,54184
RAKT.CA,Industrials,2026-03-08 22:00:00,20.0,20.489999771118164,19.200000762939453,20.0,20.0,7225
RAKT.CA,Industrials,2026-03-09 22:00:00,20.0,20.489999771118164,19.510000228881836,19.959999084472656,19.959999084472656,25050
RAKT.CA,Industrials,2026-03-10 22:00:00,19.959999084472656,20.950000762939453,19.600000381469727,20.549999237060547,20.549999237060547,674995
RAKT.CA,Industrials,2026-03-11 22:00:00,20.549999237060547,21.56999969482422,20.549999237060547,21.56999969482422,21.56999969482422,40465
RAKT.CA,Industrials,2026-03-14 22:00:00,21.56999969482422,22.639999389648438,22.639999389648438,22.639999389648438,22.639999389648438,27467
RAKT.CA,Industrials,2026-03-15 22:00:00,22.639999389648438,23.770000457763672,23.079999923706055,23.739999771118164,23.739999771118164,74480
RAKT.CA,Industrials,2026-03-16 22:00:00,23.739999771118164,24.489999771118164,23.110000610351562,23.84000015258789,23.84000015258789,15798
RAKT.CA,Industrials,2026-03-17 22:00:00,23.84000015258789,25.030000686645508,23.0,25.010000228881836,25.010000228881836,82546
RAKT.CA,Industrials,2026-03-18 22:00:00,25.010000228881836,25.010000228881836,25.010000228881836,25.010000228881836,25.010000228881836,0
RAKT.CA,Industrials,2026-03-23 22:00:00,25.010000228881836,26.260000228881836,24.0,25.8799991607666,25.8799991607666,54443
RAKT.CA,Industrials,2026-03-24 22:00:00,25.8799991607666,26.149999618530273,24.899999618530273,25.579999923706055,25.579999923706055,14899
RAKT.CA,Industrials,2026-03-25 22:00:00,25.579999923706055,25.299999237060547,24.309999465942383,24.309999465942383,24.309999465942383,50435
RAKT.CA,Industrials,2026-03-28 22:00:00,24.309999465942383,24.989999771118164,23.100000381469727,23.100000381469727,23.100000381469727,47788
RAKT.CA,Industrials,2026-03-29 22:00:00,23.100000381469727,23.389999389648438,22.049999237060547,23.100000381469727,23.100000381469727,5197
RAKT.CA,Industrials,2026-03-30 22:00:00,23.100000381469727,24.0,22.1299991607666,23.100000381469727,23.100000381469727,7601
RAKT.CA,Industrials,2026-03-31 22:00:00,23.100000381469727,23.600000381469727,22.600000381469727,23.100000381469727,23.100000381469727,9045
RAKT.CA,Industrials,2026-04-01 22:00:00,23.100000381469727,23.799999237060547,22.709999084472656,23.56999969482422,23.56999969482422,14217
RAKT.CA,Industrials,2026-04-04 22:00:00,23.56999969482422,23.799999237060547,22.5,23.09000015258789,23.09000015258789,15948
RAKT.CA,Industrials,2026-04-05 22:00:00,23.09000015258789,23.780000686645508,22.75,23.09000015258789,23.09000015258789,4243
RAKT.CA,Industrials,2026-04-06 22:00:00,23.09000015258789,23.399999618530273,22.770000457763672,23.09000015258789,23.09000015258789,9995
RAKT.CA,Industrials,2026-04-07 22:00:00,23.09000015258789,23.760000228881836,23.09000015258789,23.200000762939453,23.200000762939453,17539
RAKT.CA,Industrials,2026-04-08 22:00:00,23.200000762939453,24.360000610351562,22.579999923706055,24.360000610351562,24.360000610351562,73188
RAKT.CA,Industrials,2026-04-13 22:00:00,24.360000610351562,25.0,24.139999389648438,24.639999389648438,24.639999389648438,12289
RAKT.CA,Industrials,2026-04-14 22:00:00,24.639999389648438,25.5,24.06999969482422,24.639999389648438,24.639999389648438,3138
RAKT.CA,Industrials,2026-04-15 22:00:00,24.639999389648438,25.5,24.559999465942383,25.3799991607666,25.3799991607666,24867
RAKT.CA,Industrials,2026-04-18 22:00:00,25.3799991607666,26.200000762939453,24.1299991607666,26.0,26.0,23350
RAKT.CA,Industrials,2026-04-19 22:00:00,26.0,26.450000762939453,25.110000610351562,26.0,26.0,6489
RAKT.CA,Industrials,2026-04-20 22:00:00,26.0,26.260000228881836,25.0,25.260000228881836,25.260000228881836,31377
RAKT.CA,Industrials,2026-04-21 22:00:00,25.260000228881836,25.5,24.100000381469727,25.260000228881836,25.260000228881836,9534
RAKT.CA,Industrials,2026-04-22 22:00:00,25.260000228881836,25.170000076293945,24.6200008392334,25.260000228881836,25.260000228881836,641
RAKT.CA,Industrials,2026-04-25 21:00:00,25.260000228881836,25.5,24.0,24.059999465942383,24.059999465942383,30754
RAKT.CA,Industrials,2026-04-26 21:00:00,24.059999465942383,25.260000228881836,24.059999465942383,25.15999984741211,25.15999984741211,24713
RAKT.CA,Industrials,2026-04-27 21:00:00,25.15999984741211,25.260000228881836,24.399999618530273,25.15999984741211,25.15999984741211,8611
RAKT.CA,Industrials,2026-04-28 21:00:00,25.15999984741211,25.260000228881836,24.40999984741211,25.15999984741211,25.15999984741211,6466
RAKT.CA,Industrials,2026-04-29 21:00:00,25.15999984741211,25.0,24.0,25.15999984741211,25.15999984741211,11274
RAKT.CA,Industrials,2026-05-02 21:00:00,25.15999984741211,26.100000381469727,24.06999969482422,24.8799991607666,24.8799991607666,37345
RAKT.CA,Industrials,2026-05-03 21:00:00,24.8799991607666,25.219999313354492,24.309999465942383,24.8799991607666,24.8799991607666,3747
RAKT.CA,Industrials,2026-05-04 21:00:00,24.8799991607666,25.809999465942383,24.299999237060547,24.8799991607666,24.8799991607666,4265
RAKT.CA,Industrials,2026-05-05 21:00:00,24.8799991607666,25.489999771118164,24.5,24.68000030517578,24.68000030517578,21515
RAKT.CA,Industrials,2026-05-09 21:00:00,24.68000030517578,24.989999771118164,24.200000762939453,24.68000030517578,24.68000030517578,1656
RAKT.CA,Industrials,2026-05-10 21:00:00,24.68000030517578,24.979999542236328,24.389999389648438,24.68000030517578,24.68000030517578,6085
RAKT.CA,Industrials,2026-05-11 21:00:00,24.68000030517578,24.979999542236328,24.149999618530273,24.290000915527344,24.290000915527344,33401
RAKT.CA,Industrials,2026-05-12 21:00:00,24.290000915527344,24.969999313354492,23.079999923706055,24.290000915527344,24.290000915527344,8381
RAKT.CA,Industrials,2026-05-13 21:00:00,24.290000915527344,24.899999618530273,23.700000762939453,24.290000915527344,24.290000915527344,18817
RAKT.CA,Industrials,2026-05-16 21:00:00,24.290000915527344,25.0,24.0,24.790000915527344,24.790000915527344,13359
RAKT.CA,Industrials,2026-05-17 21:00:00,24.790000915527344,24.979999542236328,23.559999465942383,23.59000015258789,23.59000015258789,28478
RAKT.CA,Industrials,2026-05-18 21:00:00,23.59000015258789,24.75,23.59000015258789,23.59000015258789,23.59000015258789,635
RAKT.CA,Industrials,2026-05-19 21:00:00,23.59000015258789,24.719999313354492,22.5,23.360000610351562,23.360000610351562,21650
RAKT.CA,Industrials,2026-05-20 21:00:00,23.360000610351562,24.479999542236328,22.299999237060547,23.770000457763672,23.770000457763672,16338
RAKT.CA,Industrials,2026-05-23 21:00:00,23.770000457763672,23.989999771118164,23.0,23.079999923706055,23.079999923706055,13332
RAKT.CA,Industrials,2026-05-24 21:00:00,23.079999923706055,23.90999984741211,22.100000381469727,23.079999923706055,23.079999923706055,10246
RAKT.CA,Industrials,2026-05-25 21:00:00,23.079999923706055,23.079999923706055,23.079999923706055,23.079999923706055,23.079999923706055,0
RAKT.CA,Industrials,2026-05-26 21:00:00,23.079999923706055,23.079999923706055,23.079999923706055,23.079999923706055,23.079999923706055,0
RAKT.CA,Industrials,2026-05-27 21:00:00,23.079999923706055,23.079999923706055,23.079999923706055,23.079999923706055,23.079999923706055,0
RAKT.CA,Industrials,2026-05-31 21:00:00,23.079999923706055,23.780000686645508,22.610000610351562,23.079999923706055,23.079999923706055,814
RAKT.CA,Industrials,2026-06-01 21:00:00,23.079999923706055,23.889999389648438,22.899999618530273,23.079999923706055,23.079999923706055,10168
RAKT.CA,Industrials,2026-06-02 21:00:00,23.079999923706055,24.100000381469727,23.010000228881836,23.790000915527344,23.790000915527344,16373
RAKT.CA,Industrials,2026-06-03 21:00:00,23.790000915527344,24.06999969482422,23.530000686645508,23.790000915527344,23.790000915527344,9127
RAKT.CA,Industrials,2026-06-06 21:00:00,23.790000915527344,23.969999313354492,23.0,23.790000915527344,23.790000915527344,4762
RAKT.CA,Industrials,2026-06-07 21:00:00,23.790000915527344,23.8799991607666,23.010000228881836,23.790000915527344,23.790000915527344,11016
RAKT.CA,Industrials,2026-06-08 21:00:00,23.790000915527344,23.979999542236328,23.0,23.790000915527344,23.790000915527344,4786
RAKT.CA,Industrials,2026-06-09 21:00:00,23.790000915527344,23.790000915527344,23.0,23.110000610351562,23.110000610351562,24332
RAKT.CA,Industrials,2026-06-10 21:00:00,23.110000610351562,23.469999313354492,22.799999237060547,23.110000610351562,23.110000610351562,10949
RAKT.CA,Industrials,2026-06-13 21:00:00,23.110000610351562,23.43000030517578,22.8700008392334,22.899999618530273,22.899999618530273,18364
RAKT.CA,Industrials,2026-06-14 21:00:00,22.899999618530273,23.200000762939453,22.5,22.59000015258789,22.59000015258789,29317
RAKT.CA,Industrials,2026-06-15 21:00:00,22.59000015258789,23.489999771118164,22.0,23.030000686645508,23.030000686645508,22616
RAKT.CA,Industrials,2026-06-16 21:00:00,23.030000686645508,23.030000686645508,23.030000686645508,23.030000686645508,23.030000686645508,0
RAKT.CA,Industrials,2026-06-17 21:00:00,23.030000686645508,23.030000686645508,23.030000686645508,23.030000686645508,23.030000686645508,0
RAKT.CA,Industrials,2026-06-20 21:00:00,23.030000686645508,23.0,22.299999237060547,22.489999771118164,22.489999771118164,20005
RAKT.CA,Industrials,2026-06-21 21:00:00,22.489999771118164,22.489999771118164,22.489999771118164,22.489999771118164,22.489999771118164,0
RAKT.CA,Industrials,2026-06-22 21:00:00,22.559999465942383,23.5,22.31999969482422,23.110000610351562,23.110000610351562,16926
RAKT.CA,Industrials,2026-06-23 21:00:00,23.110000610351562,23.110000610351562,22.56999969482422,23.110000610351562,23.110000610351562,2533
RAKT.CA,Industrials,2026-06-24 21:00:00,23.110000610351562,22.639999389648438,22.559999465942383,23.110000610351562,23.110000610351562,2909
RAKT.CA,Industrials,2026-06-27 21:00:00,23.110000610351562,23.790000915527344,22.010000228881836,22.43000030517578,22.43000030517578,16568
RAKT.CA,Industrials,2026-06-28 21:00:00,22.43000030517578,23.549999237060547,21.959999084472656,22.43000030517578,22.43000030517578,1759
RAKT.CA,Industrials,2026-06-29 21:00:00,22.43000030517578,23.0,21.399999618530273,21.670000076293945,21.670000076293945,21064
RAKT.CA,Industrials,2026-06-30 21:00:00,21.670000076293945,22.75,21.899999618530273,21.670000076293945,21.670000076293945,7280
RAKT.CA,Industrials,2026-07-04 21:00:00,21.670000076293945,22.75,22.700000762939453,21.670000076293945,21.670000076293945,10757
RAKT.CA,Industrials,2026-07-05 21:00:00,21.670000076293945,22.75,22.700000762939453,22.75,22.75,14436
RAKT.CA,Industrials,2026-07-06 21:00:00,22.75,23.700000762939453,22.100000381469727,22.75,22.75,3461
RAKT.CA,Industrials,2026-07-07 21:00:00,22.75,22.700000762939453,22.020000457763672,22.350000381469727,22.350000381469727,16625
RAKT.CA,Industrials,2026-07-08 21:00:00,22.350000381469727,22.84000015258789,21.809999465942383,22.350000381469727,22.350000381469727,2752
RAKT.CA,Industrials,2026-07-11 21:00:00,22.350000381469727,23.399999618530273,21.25,23.100000381469727,23.100000381469727,15242
RAKT.CA,Industrials,2026-07-12 21:00:00,23.100000381469727,23.360000610351562,22.049999237060547,22.510000228881836,22.510000228881836,27941
RAKT.CA,Industrials,2026-07-13 21:00:00,22.510000228881836,22.989999771118164,22.200000762939453,22.219999313354492,22.219999313354492,36305
RAKT.CA,Industrials,2026-07-14 21:00:00,22.219999313354492,22.899999618530273,22.1200008392334,22.219999313354492,22.219999313354492,1416
RAKT.CA,Industrials,2026-07-15 21:00:00,22.219999313354492,22.799999237060547,22.0,22.0,22.0,34507
RAKT.CA,Industrials,2026-07-18 21:00:00,22.0,22.739999771118164,21.950000762939453,22.15999984741211,22.15999984741211,16153
RAKT.CA,Industrials,2026-07-19 21:00:00,22.15999984741211,23.260000228881836,22.0,22.639999389648438,22.639999389648438,15043
RAKT.CA,Industrials,2026-07-20 21:00:00,22.639999389648438,23.0,22.200000762939453,22.639999389648438,22.639999389648438,4214
RAKT.CA,Industrials,2026-07-21 21:00:00,22.639999389648438,23.079999923706055,22.219999313354492,22.639999389648438,22.639999389648438,3689
RAKT.CA,Industrials,2026-07-25 21:00:00,22.639999389648438,23.0,22.209999084472656,22.639999389648438,22.639999389648438,6911
RAKT.CA,Industrials,2026-07-26 21:00:00,22.639999389648438,22.8700008392334,22.1299991607666,22.639999389648438,22.639999389648438,7616
RAKT.CA,Industrials,2026-07-27 21:00:00,22.639999389648438,22.90999984741211,22.200000762939453,22.6299991607666,22.6299991607666,13975
RAKT.CA,Industrials,2026-07-28 21:00:00,22.6299991607666,22.770000457763672,22.25,22.6299991607666,22.6299991607666,3916
RAKT.CA,Industrials,2026-07-29 21:00:00,22.6299991607666,23.5,21.65999984741211,22.530000686645508,22.530000686645508,30784
RAKT.CA,Industrials,2026-08-01 21:00:00,22.530000686645508,23.06999969482422,22.0,22.809999465942383,22.809999465942383,16082
RAKT.CA,Industrials,2026-08-02 21:00:00,22.809999465942383,23.079999923706055,22.350000381469727,22.959999084472656,22.959999084472656,18100
RAKT.CA,Industrials,2026-08-03 21:00:00,22.959999084472656,23.059999465942383,22.209999084472656,22.959999084472656,22.959999084472656,10178
RAKT.CA,Industrials,2026-08-04 21:00:00,22.959999084472656,22.989999771118164,22.299999237060547,22.959999084472656,22.959999084472656,5992
RAKT.CA,Industrials,2026-08-05 21:00:00,22.959999084472656,22.959999084472656,22.299999237060547,22.959999084472656,22.959999084472656,6591
