symbol,sector,raw_date_utc,open,high,low,close,adj_close,volume
RKAZ.CA,Industrials,2022-01-01 22:00:00,4.5,4.5,4.5,4.5,4.5,0
RKAZ.CA,Industrials,2022-01-02 22:00:00,4.5,4.5,4.5,4.5,4.5,0
RKAZ.CA,Industrials,2022-01-03 22:00:00,4.5,4.5,4.5,4.5,4.5,0
RKAZ.CA,Industrials,2022-01-04 22:00:00,4.5,4.5,4.5,4.5,4.5,0
RKAZ.CA,Industrials,2022-01-08 22:00:00,4.5,4.5,4.5,4.5,4.5,0
RKAZ.CA,Industrials,2022-01-09 22:00:00,4.5,4.5,4.5,4.5,4.5,0
RKAZ.CA,Industrials,2022-01-10 22:00:00,4.5,4.059999942779541,4.050000190734863,4.5,4.5,15989
RKAZ.CA,Industrials,2022-01-11 22:00:00,4.5,4.510000228881836,4.059999942779541,4.480000019073486,4.480000019073486,64742
RKAZ.CA,Industrials,2022-01-12 22:00:00,4.480000019073486,4.5,4.25,4.440000057220459,4.440000057220459,50656
RKAZ.CA,Industrials,2022-01-15 22:00:00,4.440000057220459,4.880000114440918,4.489999771118164,4.880000114440918,4.880000114440918,199358
RKAZ.CA,Industrials,2022-01-16 22:00:00,4.880000114440918,5.360000133514404,5.0,5.349999904632568,5.349999904632568,56318
RKAZ.CA,Industrials,2022-01-17 22:00:00,5.349999904632568,5.5,5.0,5.139999866485596,5.139999866485596,91793
RKAZ.CA,Industrials,2022-01-18 22:00:00,5.139999866485596,5.400000095367432,5.0,5.050000190734863,5.050000190734863,61135
RKAZ.CA,Industrials,2022-01-19 22:00:00,5.050000190734863,5.380000114440918,5.0,5.300000190734863,5.300000190734863,97408
RKAZ.CA,Industrials,2022-01-22 22:00:00,5.300000190734863,5.369999885559082,5.070000171661377,5.300000190734863,5.300000190734863,8305
RKAZ.CA,Industrials,2022-01-23 22:00:00,5.300000190734863,5.5,5.079999923706055,5.099999904632568,5.099999904632568,75580
RKAZ.CA,Industrials,2022-01-24 22:00:00,5.099999904632568,4.800000190734863,4.699999809265137,5.099999904632568,5.099999904632568,16150
RKAZ.CA,Industrials,2022-01-25 22:00:00,5.099999904632568,5.230000019073486,4.590000152587891,5.099999904632568,5.099999904632568,15104
RKAZ.CA,Industrials,2022-01-29 22:00:00,5.099999904632568,4.630000114440918,4.619999885559082,5.099999904632568,5.099999904632568,239
RKAZ.CA,Industrials,2022-01-30 22:00:00,5.099999904632568,4.699999809265137,4.590000152587891,5.099999904632568,5.099999904632568,9499
RKAZ.CA,Industrials,2022-01-31 22:00:00,5.099999904632568,4.849999904632568,4.590000152587891,5.099999904632568,5.099999904632568,4437
RKAZ.CA,Industrials,2022-02-01 22:00:00,5.099999904632568,4.849999904632568,4.619999885559082,5.099999904632568,5.099999904632568,665
RKAZ.CA,Industrials,2022-02-02 22:00:00,5.099999904632568,4.659999847412109,4.650000095367432,5.099999904632568,5.099999904632568,3200
RKAZ.CA,Industrials,2022-02-05 22:00:00,5.099999904632568,5.050000190734863,4.590000152587891,5.099999904632568,5.099999904632568,13635
RKAZ.CA,Industrials,2022-02-06 22:00:00,5.099999904632568,5.099999904632568,5.099999904632568,5.099999904632568,5.099999904632568,0
RKAZ.CA,Industrials,2022-02-07 22:00:00,5.099999904632568,5.099999904632568,5.099999904632568,5.099999904632568,5.099999904632568,0
RKAZ.CA,Industrials,2022-02-08 22:00:00,5.099999904632568,4.590000152587891,4.590000152587891,5.099999904632568,5.099999904632568,1695
RKAZ.CA,Industrials,2022-02-09 22:00:00,5.099999904632568,4.599999904632568,4.590000152587891,5.099999904632568,5.099999904632568,3400
RKAZ.CA,Industrials,2022-02-12 22:00:00,5.099999904632568,5.099999904632568,5.099999904632568,5.099999904632568,5.099999904632568,0
RKAZ.CA,Industrials,2022-02-13 22:00:00,5.099999904632568,5.099999904632568,5.099999904632568,5.099999904632568,5.099999904632568,0
RKAZ.CA,Industrials,2022-02-14 22:00:00,5.099999904632568,5.099999904632568,5.099999904632568,5.099999904632568,5.099999904632568,0
RKAZ.CA,Industrials,2022-02-15 22:00:00,5.099999904632568,5.099999904632568,5.099999904632568,5.099999904632568,5.099999904632568,0
RKAZ.CA,Industrials,2022-02-16 22:00:00,5.099999904632568,5.099999904632568,5.099999904632568,5.099999904632568,5.099999904632568,0
RKAZ.CA,Industrials,2022-02-19 22:00:00,5.099999904632568,5.099999904632568,5.099999904632568,5.099999904632568,5.099999904632568,0
RKAZ.CA,Industrials,2022-02-20 22:00:00,5.099999904632568,4.800000190734863,4.800000190734863,5.099999904632568,5.099999904632568,200
RKAZ.CA,Industrials,2022-02-21 22:00:00,5.099999904632568,5.099999904632568,5.099999904632568,5.099999904632568,5.099999904632568,0
RKAZ.CA,Industrials,2022-02-22 22:00:00,5.099999904632568,5.099999904632568,5.099999904632568,5.099999904632568,5.099999904632568,0
RKAZ.CA,Industrials,2022-02-23 22:00:00,5.099999904632568,5.099999904632568,5.099999904632568,5.099999904632568,5.099999904632568,0
RKAZ.CA,Industrials,2022-02-26 22:00:00,5.099999904632568,5.099999904632568,5.099999904632568,5.099999904632568,5.099999904632568,0
RKAZ.CA,Industrials,2022-02-27 22:00:00,5.099999904632568,5.099999904632568,5.099999904632568,5.099999904632568,5.099999904632568,0
RKAZ.CA,Industrials,2022-02-28 22:00:00,5.099999904632568,5.099999904632568,5.099999904632568,5.099999904632568,5.099999904632568,0
RKAZ.CA,Industrials,2022-03-01 22:00:00,5.099999904632568,5.099999904632568,5.099999904632568,5.099999904632568,5.099999904632568,0
RKAZ.CA,Industrials,2022-03-02 22:00:00,5.099999904632568,4.590000152587891,4.590000152587891,5.099999904632568,5.099999904632568,11
RKAZ.CA,Industrials,2022-03-05 22:00:00,5.099999904632568,5.099999904632568,5.099999904632568,5.099999904632568,5.099999904632568,0
RKAZ.CA,Industrials,2022-03-06 22:00:00,5.099999904632568,4.590000152587891,4.590000152587891,5.099999904632568,5.099999904632568,14
RKAZ.CA,Industrials,2022-03-07 22:00:00,5.099999904632568,5.099999904632568,5.099999904632568,5.099999904632568,5.099999904632568,0
RKAZ.CA,Industrials,2022-03-08 22:00:00,5.099999904632568,5.099999904632568,5.099999904632568,5.099999904632568,5.099999904632568,0
RKAZ.CA,Industrials,2022-03-09 22:00:00,5.099999904632568,5.099999904632568,5.099999904632568,5.099999904632568,5.099999904632568,0
RKAZ.CA,Industrials,2022-03-12 22:00:00,5.099999904632568,5.099999904632568,5.099999904632568,5.099999904632568,5.099999904632568,0
RKAZ.CA,Industrials,2022-03-13 22:00:00,5.099999904632568,5.099999904632568,5.099999904632568,5.099999904632568,5.099999904632568,22
RKAZ.CA,Industrials,2022-03-14 22:00:00,5.099999904632568,4.590000152587891,4.590000152587891,5.099999904632568,5.099999904632568,20
RKAZ.CA,Industrials,2022-03-15 22:00:00,5.099999904632568,5.099999904632568,5.099999904632568,5.099999904632568,5.099999904632568,0
RKAZ.CA,Industrials,2022-03-16 22:00:00,5.099999904632568,5.099999904632568,5.099999904632568,5.099999904632568,5.099999904632568,0
RKAZ.CA,Industrials,2022-03-19 22:00:00,5.099999904632568,5.099999904632568,5.099999904632568,5.099999904632568,5.099999904632568,0
RKAZ.CA,Industrials,2022-03-20 22:00:00,5.099999904632568,5.099999904632568,5.099999904632568,5.099999904632568,5.099999904632568,0
RKAZ.CA,Industrials,2022-03-21 22:00:00,5.099999904632568,5.099999904632568,5.099999904632568,5.099999904632568,5.099999904632568,0
RKAZ.CA,Industrials,2022-03-22 22:00:00,5.099999904632568,5.099999904632568,5.099999904632568,5.099999904632568,5.099999904632568,0
RKAZ.CA,Industrials,2022-03-23 22:00:00,5.099999904632568,5.099999904632568,5.099999904632568,5.099999904632568,5.099999904632568,0
RKAZ.CA,Industrials,2022-03-26 22:00:00,5.099999904632568,4.590000152587891,4.590000152587891,5.099999904632568,5.099999904632568,20
RKAZ.CA,Industrials,2022-03-27 22:00:00,5.099999904632568,5.099999904632568,5.099999904632568,5.099999904632568,5.099999904632568,0
RKAZ.CA,Industrials,2022-03-28 22:00:00,5.099999904632568,5.099999904632568,5.099999904632568,5.099999904632568,5.099999904632568,0
RKAZ.CA,Industrials,2022-03-29 22:00:00,5.099999904632568,4.590000152587891,4.590000152587891,5.099999904632568,5.099999904632568,50
RKAZ.CA,Industrials,2022-03-30 22:00:00,5.099999904632568,5.099999904632568,5.099999904632568,5.099999904632568,5.099999904632568,0
RKAZ.CA,Industrials,2022-04-02 22:00:00,5.099999904632568,4.590000152587891,4.590000152587891,4.590000152587891,4.590000152587891,35000
RKAZ.CA,Industrials,2022-04-03 22:00:00,4.590000152587891,4.590000152587891,4.590000152587891,4.590000152587891,4.590000152587891,0
RKAZ.CA,Industrials,2022-04-04 22:00:00,4.590000152587891,4.139999866485596,4.139999866485596,4.139999866485596,4.139999866485596,36505
RKAZ.CA,Industrials,2022-04-05 22:00:00,4.139999866485596,4.139999866485596,4.139999866485596,4.139999866485596,4.139999866485596,0
RKAZ.CA,Industrials,2022-04-06 22:00:00,4.139999866485596,4.139999866485596,4.139999866485596,4.139999866485596,4.139999866485596,0
RKAZ.CA,Industrials,2022-04-09 22:00:00,4.139999866485596,3.7300000190734863,3.7300000190734863,3.7300000190734863,3.7300000190734863,40625
RKAZ.CA,Industrials,2022-04-10 22:00:00,3.7300000190734863,3.359999895095825,3.359999895095825,3.7300000190734863,3.7300000190734863,110
RKAZ.CA,Industrials,2022-04-11 22:00:00,3.7300000190734863,3.7300000190734863,3.7300000190734863,3.7300000190734863,3.7300000190734863,0
RKAZ.CA,Industrials,2022-04-12 22:00:00,3.7300000190734863,3.7300000190734863,3.7300000190734863,3.7300000190734863,3.7300000190734863,0
RKAZ.CA,Industrials,2022-04-13 22:00:00,3.7300000190734863,3.7300000190734863,3.7300000190734863,3.7300000190734863,3.7300000190734863,0
RKAZ.CA,Industrials,2022-04-16 22:00:00,3.7300000190734863,3.7300000190734863,3.7300000190734863,3.7300000190734863,3.7300000190734863,0
RKAZ.CA,Industrials,2022-04-17 22:00:00,3.7300000190734863,3.7300000190734863,3.7300000190734863,3.7300000190734863,3.7300000190734863,0
RKAZ.CA,Industrials,2022-04-18 22:00:00,3.7300000190734863,3.7300000190734863,3.7300000190734863,3.7300000190734863,3.7300000190734863,0
RKAZ.CA,Industrials,2022-04-19 22:00:00,3.7300000190734863,3.7300000190734863,3.7300000190734863,3.7300000190734863,3.7300000190734863,0
RKAZ.CA,Industrials,2022-04-20 22:00:00,3.7300000190734863,3.7300000190734863,3.7300000190734863,3.7300000190734863,3.7300000190734863,0
RKAZ.CA,Industrials,2022-04-25 22:00:00,3.7300000190734863,3.7300000190734863,3.7300000190734863,3.7300000190734863,3.7300000190734863,0
RKAZ.CA,Industrials,2022-04-26 22:00:00,3.7300000190734863,3.7300000190734863,3.7300000190734863,3.7300000190734863,3.7300000190734863,0
RKAZ.CA,Industrials,2022-04-27 22:00:00,3.7300000190734863,3.7300000190734863,3.7300000190734863,3.7300000190734863,3.7300000190734863,0
RKAZ.CA,Industrials,2022-05-07 22:00:00,3.7300000190734863,3.7300000190734863,3.7300000190734863,3.7300000190734863,3.7300000190734863,0
RKAZ.CA,Industrials,2022-05-08 22:00:00,3.7300000190734863,3.7300000190734863,3.7300000190734863,3.7300000190734863,3.7300000190734863,0
RKAZ.CA,Industrials,2022-05-09 22:00:00,3.7300000190734863,3.7300000190734863,3.7300000190734863,3.7300000190734863,3.7300000190734863,0
RKAZ.CA,Industrials,2022-05-10 22:00:00,3.7300000190734863,3.7300000190734863,3.7300000190734863,3.7300000190734863,3.7300000190734863,0
RKAZ.CA,Industrials,2022-05-11 22:00:00,3.7300000190734863,3.7300000190734863,3.7300000190734863,3.7300000190734863,3.7300000190734863,0
RKAZ.CA,Industrials,2022-05-14 22:00:00,3.7300000190734863,3.7300000190734863,3.7300000190734863,3.7300000190734863,3.7300000190734863,0
RKAZ.CA,Industrials,2022-05-15 22:00:00,3.7300000190734863,3.7300000190734863,3.7300000190734863,3.7300000190734863,3.7300000190734863,0
RKAZ.CA,Industrials,2022-05-16 22:00:00,3.7300000190734863,3.359999895095825,3.359999895095825,3.7300000190734863,3.7300000190734863,176
RKAZ.CA,Industrials,2022-05-17 22:00:00,3.7300000190734863,3.7300000190734863,3.7300000190734863,3.7300000190734863,3.7300000190734863,0
RKAZ.CA,Industrials,2022-05-18 22:00:00,3.7300000190734863,3.7300000190734863,3.7300000190734863,3.7300000190734863,3.7300000190734863,0
RKAZ.CA,Industrials,2022-05-21 22:00:00,3.7300000190734863,3.7300000190734863,3.7300000190734863,3.7300000190734863,3.7300000190734863,0
RKAZ.CA,Industrials,2022-05-22 22:00:00,3.7300000190734863,3.7300000190734863,3.7300000190734863,3.7300000190734863,3.7300000190734863,0
RKAZ.CA,Industrials,2022-05-23 22:00:00,3.7300000190734863,3.7300000190734863,3.7300000190734863,3.7300000190734863,3.7300000190734863,0
RKAZ.CA,Industrials,2022-05-24 22:00:00,3.7300000190734863,3.7300000190734863,3.7300000190734863,3.7300000190734863,3.7300000190734863,0
RKAZ.CA,Industrials,2022-05-25 22:00:00,3.7300000190734863,3.7300000190734863,3.7300000190734863,3.7300000190734863,3.7300000190734863,0
RKAZ.CA,Industrials,2022-05-28 22:00:00,3.7300000190734863,3.7300000190734863,3.7300000190734863,3.7300000190734863,3.7300000190734863,0
RKAZ.CA,Industrials,2022-05-29 22:00:00,3.7300000190734863,3.7300000190734863,3.7300000190734863,3.7300000190734863,3.7300000190734863,0
RKAZ.CA,Industrials,2022-05-30 22:00:00,3.7300000190734863,3.359999895095825,3.359999895095825,3.7300000190734863,3.7300000190734863,1
RKAZ.CA,Industrials,2022-05-31 22:00:00,3.7300000190734863,3.359999895095825,3.359999895095825,3.7300000190734863,3.7300000190734863,48
RKAZ.CA,Industrials,2022-06-01 22:00:00,3.7300000190734863,3.7300000190734863,3.7300000190734863,3.7300000190734863,3.7300000190734863,0
RKAZ.CA,Industrials,2022-06-04 22:00:00,3.7300000190734863,3.7300000190734863,3.7300000190734863,3.7300000190734863,3.7300000190734863,0
RKAZ.CA,Industrials,2022-06-05 22:00:00,3.7300000190734863,3.7300000190734863,3.7300000190734863,3.7300000190734863,3.7300000190734863,0
RKAZ.CA,Industrials,2022-06-06 22:00:00,3.7300000190734863,3.7300000190734863,3.7300000190734863,3.7300000190734863,3.7300000190734863,0
RKAZ.CA,Industrials,2022-06-07 22:00:00,3.7300000190734863,3.7300000190734863,3.7300000190734863,3.7300000190734863,3.7300000190734863,0
RKAZ.CA,Industrials,2022-06-08 22:00:00,3.7300000190734863,3.359999895095825,3.359999895095825,3.7300000190734863,3.7300000190734863,50
RKAZ.CA,Industrials,2022-06-11 22:00:00,3.7300000190734863,3.7300000190734863,3.7300000190734863,3.7300000190734863,3.7300000190734863,0
RKAZ.CA,Industrials,2022-06-12 22:00:00,3.7300000190734863,3.7300000190734863,3.7300000190734863,3.7300000190734863,3.7300000190734863,0
RKAZ.CA,Industrials,2022-06-13 22:00:00,3.7300000190734863,3.7300000190734863,3.7300000190734863,3.7300000190734863,3.7300000190734863,0
RKAZ.CA,Industrials,2022-06-14 22:00:00,3.7300000190734863,3.7300000190734863,3.7300000190734863,3.7300000190734863,3.7300000190734863,0
RKAZ.CA,Industrials,2022-06-15 22:00:00,3.7300000190734863,3.7300000190734863,3.7300000190734863,3.7300000190734863,3.7300000190734863,0
RKAZ.CA,Industrials,2022-06-18 22:00:00,3.7300000190734863,3.7300000190734863,3.7300000190734863,3.7300000190734863,3.7300000190734863,0
RKAZ.CA,Industrials,2022-06-19 22:00:00,3.7300000190734863,3.7300000190734863,3.7300000190734863,3.7300000190734863,3.7300000190734863,0
RKAZ.CA,Industrials,2022-06-20 22:00:00,3.7300000190734863,3.7300000190734863,3.7300000190734863,3.7300000190734863,3.7300000190734863,0
RKAZ.CA,Industrials,2022-06-21 22:00:00,3.7300000190734863,3.7300000190734863,3.7300000190734863,3.7300000190734863,3.7300000190734863,0
RKAZ.CA,Industrials,2022-06-22 22:00:00,3.7300000190734863,3.7300000190734863,3.7300000190734863,3.7300000190734863,3.7300000190734863,0
RKAZ.CA,Industrials,2022-06-25 22:00:00,3.7300000190734863,3.7300000190734863,3.7300000190734863,3.7300000190734863,3.7300000190734863,0
RKAZ.CA,Industrials,2022-06-26 22:00:00,3.7300000190734863,3.7300000190734863,3.7300000190734863,3.7300000190734863,3.7300000190734863,0
RKAZ.CA,Industrials,2022-06-27 22:00:00,3.7300000190734863,3.7300000190734863,3.7300000190734863,3.7300000190734863,3.7300000190734863,0
RKAZ.CA,Industrials,2022-06-28 22:00:00,3.7300000190734863,3.7300000190734863,3.7300000190734863,3.7300000190734863,3.7300000190734863,0
RKAZ.CA,Industrials,2022-07-02 22:00:00,3.7300000190734863,3.7300000190734863,3.7300000190734863,3.7300000190734863,3.7300000190734863,0
RKAZ.CA,Industrials,2022-07-03 22:00:00,3.7300000190734863,3.7300000190734863,3.7300000190734863,3.7300000190734863,3.7300000190734863,0
RKAZ.CA,Industrials,2022-07-04 22:00:00,3.7300000190734863,3.7300000190734863,3.7300000190734863,3.7300000190734863,3.7300000190734863,0
RKAZ.CA,Industrials,2022-07-05 22:00:00,3.7300000190734863,3.7300000190734863,3.7300000190734863,3.7300000190734863,3.7300000190734863,0
RKAZ.CA,Industrials,2022-07-06 22:00:00,3.7300000190734863,3.7300000190734863,3.7300000190734863,3.7300000190734863,3.7300000190734863,0
RKAZ.CA,Industrials,2022-07-16 22:00:00,3.7300000190734863,3.7300000190734863,3.7300000190734863,3.7300000190734863,3.7300000190734863,0
RKAZ.CA,Industrials,2022-07-17 22:00:00,3.7300000190734863,3.7300000190734863,3.7300000190734863,3.7300000190734863,3.7300000190734863,0
RKAZ.CA,Industrials,2022-07-18 22:00:00,3.7300000190734863,3.7300000190734863,3.7300000190734863,3.7300000190734863,3.7300000190734863,0
RKAZ.CA,Industrials,2022-07-19 22:00:00,3.7300000190734863,3.7300000190734863,3.7300000190734863,3.7300000190734863,3.7300000190734863,0
RKAZ.CA,Industrials,2022-07-20 22:00:00,3.7300000190734863,3.7300000190734863,3.7300000190734863,3.7300000190734863,3.7300000190734863,0
RKAZ.CA,Industrials,2022-07-23 22:00:00,3.7300000190734863,3.7300000190734863,3.7300000190734863,3.7300000190734863,3.7300000190734863,0
RKAZ.CA,Industrials,2022-07-24 22:00:00,3.7300000190734863,3.7300000190734863,3.7300000190734863,3.7300000190734863,3.7300000190734863,0
RKAZ.CA,Industrials,2022-07-25 22:00:00,3.7300000190734863,3.7300000190734863,3.7300000190734863,3.7300000190734863,3.7300000190734863,0
RKAZ.CA,Industrials,2022-07-26 22:00:00,3.7300000190734863,3.7300000190734863,3.7300000190734863,3.7300000190734863,3.7300000190734863,0
RKAZ.CA,Industrials,2022-07-27 22:00:00,3.7300000190734863,3.7300000190734863,3.7300000190734863,3.7300000190734863,3.7300000190734863,0
RKAZ.CA,Industrials,2022-07-30 22:00:00,3.7300000190734863,3.7300000190734863,3.7300000190734863,3.7300000190734863,3.7300000190734863,0
RKAZ.CA,Industrials,2022-07-31 22:00:00,3.7300000190734863,3.7300000190734863,3.7300000190734863,3.7300000190734863,3.7300000190734863,0
RKAZ.CA,Industrials,2022-08-01 22:00:00,3.7300000190734863,3.7300000190734863,3.7300000190734863,3.7300000190734863,3.7300000190734863,0
RKAZ.CA,Industrials,2022-08-02 22:00:00,3.7300000190734863,3.359999895095825,3.359999895095825,3.7300000190734863,3.7300000190734863,50
RKAZ.CA,Industrials,2022-08-03 22:00:00,3.7300000190734863,3.7300000190734863,3.7300000190734863,3.7300000190734863,3.7300000190734863,0
RKAZ.CA,Industrials,2022-08-06 22:00:00,3.7300000190734863,3.7300000190734863,3.7300000190734863,3.7300000190734863,3.7300000190734863,0
RKAZ.CA,Industrials,2022-08-07 22:00:00,3.7300000190734863,3.7300000190734863,3.7300000190734863,3.7300000190734863,3.7300000190734863,0
RKAZ.CA,Industrials,2022-08-08 22:00:00,3.7300000190734863,3.7300000190734863,3.7300000190734863,3.7300000190734863,3.7300000190734863,0
RKAZ.CA,Industrials,2022-08-09 22:00:00,3.7300000190734863,3.7300000190734863,3.7300000190734863,3.7300000190734863,3.7300000190734863,0
RKAZ.CA,Industrials,2022-08-10 22:00:00,3.7300000190734863,3.7300000190734863,3.7300000190734863,3.7300000190734863,3.7300000190734863,0
RKAZ.CA,Industrials,2022-08-13 22:00:00,3.7300000190734863,3.7300000190734863,3.7300000190734863,3.7300000190734863,3.7300000190734863,0
RKAZ.CA,Industrials,2022-08-14 22:00:00,3.7300000190734863,3.7300000190734863,3.7300000190734863,3.7300000190734863,3.7300000190734863,0
RKAZ.CA,Industrials,2022-08-15 22:00:00,3.7300000190734863,3.7300000190734863,3.7300000190734863,3.7300000190734863,3.7300000190734863,0
RKAZ.CA,Industrials,2022-08-16 22:00:00,3.7300000190734863,3.7300000190734863,3.7300000190734863,3.7300000190734863,3.7300000190734863,0
RKAZ.CA,Industrials,2022-08-17 22:00:00,3.7300000190734863,3.7300000190734863,3.7300000190734863,3.7300000190734863,3.7300000190734863,0
RKAZ.CA,Industrials,2022-08-20 22:00:00,3.7300000190734863,3.7300000190734863,3.7300000190734863,3.7300000190734863,3.7300000190734863,0
RKAZ.CA,Industrials,2022-08-21 22:00:00,3.7300000190734863,3.7300000190734863,3.7300000190734863,3.7300000190734863,3.7300000190734863,0
RKAZ.CA,Industrials,2022-08-22 22:00:00,3.7300000190734863,3.7300000190734863,3.7300000190734863,3.7300000190734863,3.7300000190734863,0
RKAZ.CA,Industrials,2022-08-23 22:00:00,3.7300000190734863,3.7300000190734863,3.7300000190734863,3.7300000190734863,3.7300000190734863,0
RKAZ.CA,Industrials,2022-08-24 22:00:00,3.7300000190734863,3.7300000190734863,3.7300000190734863,3.7300000190734863,3.7300000190734863,0
RKAZ.CA,Industrials,2022-08-27 22:00:00,3.7300000190734863,3.7300000190734863,3.7300000190734863,3.7300000190734863,3.7300000190734863,0
RKAZ.CA,Industrials,2022-08-28 22:00:00,3.7300000190734863,3.7300000190734863,3.7300000190734863,3.7300000190734863,3.7300000190734863,0
RKAZ.CA,Industrials,2022-08-29 22:00:00,3.7300000190734863,3.7300000190734863,3.7300000190734863,3.7300000190734863,3.7300000190734863,0
RKAZ.CA,Industrials,2022-08-30 22:00:00,3.7300000190734863,3.7300000190734863,3.7300000190734863,3.7300000190734863,3.7300000190734863,0
RKAZ.CA,Industrials,2022-08-31 22:00:00,3.7300000190734863,3.7300000190734863,3.7300000190734863,3.7300000190734863,3.7300000190734863,0
RKAZ.CA,Industrials,2022-09-03 22:00:00,3.7300000190734863,3.359999895095825,3.359999895095825,3.7300000190734863,3.7300000190734863,17
RKAZ.CA,Industrials,2022-09-04 22:00:00,3.7300000190734863,3.7300000190734863,3.7300000190734863,3.7300000190734863,3.7300000190734863,0
RKAZ.CA,Industrials,2022-09-05 22:00:00,3.7300000190734863,3.359999895095825,3.359999895095825,3.7300000190734863,3.7300000190734863,475
RKAZ.CA,Industrials,2022-09-06 22:00:00,3.7300000190734863,3.7300000190734863,3.7300000190734863,3.7300000190734863,3.7300000190734863,0
RKAZ.CA,Industrials,2022-09-07 22:00:00,3.7300000190734863,3.7300000190734863,3.7300000190734863,3.7300000190734863,3.7300000190734863,0
RKAZ.CA,Industrials,2022-09-10 22:00:00,3.7300000190734863,3.7300000190734863,3.7300000190734863,3.7300000190734863,3.7300000190734863,0
RKAZ.CA,Industrials,2022-09-11 22:00:00,3.7300000190734863,3.7300000190734863,3.7300000190734863,3.7300000190734863,3.7300000190734863,0
RKAZ.CA,Industrials,2022-09-12 22:00:00,3.7300000190734863,3.359999895095825,3.359999895095825,3.7300000190734863,3.7300000190734863,2820
RKAZ.CA,Industrials,2022-09-13 22:00:00,3.7300000190734863,3.359999895095825,3.359999895095825,3.7300000190734863,3.7300000190734863,5267
RKAZ.CA,Industrials,2022-09-14 22:00:00,3.7300000190734863,3.7300000190734863,3.7300000190734863,3.7300000190734863,3.7300000190734863,0
RKAZ.CA,Industrials,2022-09-17 22:00:00,3.7300000190734863,3.7300000190734863,3.7300000190734863,3.7300000190734863,3.7300000190734863,0
RKAZ.CA,Industrials,2022-09-18 22:00:00,3.7300000190734863,3.7300000190734863,3.7300000190734863,3.7300000190734863,3.7300000190734863,0
RKAZ.CA,Industrials,2022-09-19 22:00:00,3.7300000190734863,3.359999895095825,3.359999895095825,3.7300000190734863,3.7300000190734863,50
RKAZ.CA,Industrials,2022-09-20 22:00:00,3.7300000190734863,3.359999895095825,3.359999895095825,3.7300000190734863,3.7300000190734863,55
RKAZ.CA,Industrials,2022-09-21 22:00:00,3.7300000190734863,3.7300000190734863,3.7300000190734863,3.7300000190734863,3.7300000190734863,0
RKAZ.CA,Industrials,2022-09-24 22:00:00,3.7300000190734863,3.359999895095825,3.359999895095825,3.7300000190734863,3.7300000190734863,620
RKAZ.CA,Industrials,2022-09-25 22:00:00,3.7300000190734863,3.7300000190734863,3.7300000190734863,3.7300000190734863,3.7300000190734863,0
RKAZ.CA,Industrials,2022-09-26 22:00:00,3.7300000190734863,3.7300000190734863,3.7300000190734863,3.7300000190734863,3.7300000190734863,0
RKAZ.CA,Industrials,2022-09-27 22:00:00,3.7300000190734863,3.7300000190734863,3.7300000190734863,3.7300000190734863,3.7300000190734863,0
RKAZ.CA,Industrials,2022-09-28 22:00:00,3.7300000190734863,3.7300000190734863,3.7300000190734863,3.7300000190734863,3.7300000190734863,0
RKAZ.CA,Industrials,2022-10-01 22:00:00,3.7300000190734863,3.7300000190734863,3.7300000190734863,3.7300000190734863,3.7300000190734863,0
RKAZ.CA,Industrials,2022-10-02 22:00:00,3.7300000190734863,3.7300000190734863,3.7300000190734863,3.7300000190734863,3.7300000190734863,0
RKAZ.CA,Industrials,2022-10-03 22:00:00,3.7300000190734863,3.7300000190734863,3.7300000190734863,3.7300000190734863,3.7300000190734863,0
RKAZ.CA,Industrials,2022-10-04 22:00:00,3.7300000190734863,3.7300000190734863,3.7300000190734863,3.7300000190734863,3.7300000190734863,0
RKAZ.CA,Industrials,2022-10-08 22:00:00,3.7300000190734863,3.7300000190734863,3.7300000190734863,3.7300000190734863,3.7300000190734863,0
RKAZ.CA,Industrials,2022-10-09 22:00:00,3.7300000190734863,3.7300000190734863,3.7300000190734863,3.7300000190734863,3.7300000190734863,0
RKAZ.CA,Industrials,2022-10-10 22:00:00,3.7300000190734863,3.7300000190734863,3.7300000190734863,3.7300000190734863,3.7300000190734863,0
RKAZ.CA,Industrials,2022-10-11 22:00:00,3.7300000190734863,3.7300000190734863,3.7300000190734863,3.7300000190734863,3.7300000190734863,0
RKAZ.CA,Industrials,2022-10-12 22:00:00,3.7300000190734863,3.7300000190734863,3.7300000190734863,3.7300000190734863,3.7300000190734863,0
RKAZ.CA,Industrials,2022-10-15 22:00:00,3.7300000190734863,3.7300000190734863,3.7300000190734863,3.7300000190734863,3.7300000190734863,0
RKAZ.CA,Industrials,2022-10-16 22:00:00,3.7300000190734863,3.7300000190734863,3.7300000190734863,3.7300000190734863,3.7300000190734863,0
RKAZ.CA,Industrials,2022-10-17 22:00:00,3.7300000190734863,3.7300000190734863,3.7300000190734863,3.7300000190734863,3.7300000190734863,0
RKAZ.CA,Industrials,2022-10-18 22:00:00,3.7300000190734863,3.359999895095825,3.359999895095825,3.7300000190734863,3.7300000190734863,9900
RKAZ.CA,Industrials,2022-10-19 22:00:00,3.7300000190734863,3.7300000190734863,3.7300000190734863,3.7300000190734863,3.7300000190734863,0
RKAZ.CA,Industrials,2022-10-22 22:00:00,3.7300000190734863,3.359999895095825,3.359999895095825,3.7300000190734863,3.7300000190734863,14400
RKAZ.CA,Industrials,2022-10-23 22:00:00,3.7300000190734863,3.359999895095825,3.359999895095825,3.7300000190734863,3.7300000190734863,11600
RKAZ.CA,Industrials,2022-10-24 22:00:00,3.7300000190734863,3.359999895095825,3.359999895095825,3.7300000190734863,3.7300000190734863,10442
RKAZ.CA,Industrials,2022-10-25 22:00:00,3.7300000190734863,3.7300000190734863,3.7300000190734863,3.7300000190734863,3.7300000190734863,0
RKAZ.CA,Industrials,2022-10-26 22:00:00,3.7300000190734863,3.359999895095825,3.359999895095825,3.7300000190734863,3.7300000190734863,30000
RKAZ.CA,Industrials,2022-10-29 22:00:00,3.7300000190734863,3.359999895095825,3.359999895095825,3.7300000190734863,3.7300000190734863,12000
RKAZ.CA,Industrials,2022-10-30 22:00:00,3.7300000190734863,3.359999895095825,3.359999895095825,3.7300000190734863,3.7300000190734863,12500
RKAZ.CA,Industrials,2022-10-31 22:00:00,3.7300000190734863,3.359999895095825,3.359999895095825,3.7300000190734863,3.7300000190734863,13500
RKAZ.CA,Industrials,2022-11-01 22:00:00,3.7300000190734863,3.359999895095825,3.359999895095825,3.7300000190734863,3.7300000190734863,15000
RKAZ.CA,Industrials,2022-11-02 22:00:00,3.7300000190734863,3.359999895095825,3.359999895095825,3.7300000190734863,3.7300000190734863,10000
RKAZ.CA,Industrials,2022-11-05 22:00:00,3.7300000190734863,3.359999895095825,3.359999895095825,3.7300000190734863,3.7300000190734863,21000
RKAZ.CA,Industrials,2022-11-06 22:00:00,3.7300000190734863,3.359999895095825,3.359999895095825,3.7300000190734863,3.7300000190734863,29480
RKAZ.CA,Industrials,2022-11-07 22:00:00,3.7300000190734863,3.359999895095825,3.359999895095825,3.7300000190734863,3.7300000190734863,25000
RKAZ.CA,Industrials,2022-11-08 22:00:00,3.7300000190734863,3.359999895095825,3.359999895095825,3.7300000190734863,3.7300000190734863,30000
RKAZ.CA,Industrials,2022-11-09 22:00:00,3.7300000190734863,3.359999895095825,3.359999895095825,3.7300000190734863,3.7300000190734863,29500
RKAZ.CA,Industrials,2022-11-12 22:00:00,3.7300000190734863,3.390000104904175,3.359999895095825,3.359999895095825,3.359999895095825,1439647
RKAZ.CA,Industrials,2022-11-13 22:00:00,3.359999895095825,3.059999942779541,3.0299999713897705,3.0299999713897705,3.0299999713897705,345470
RKAZ.CA,Industrials,2022-11-14 22:00:00,3.0299999713897705,3.299999952316284,2.7300000190734863,2.940000057220459,2.940000057220459,359032
RKAZ.CA,Industrials,2022-11-15 22:00:00,2.940000057220459,3.2300000190734863,2.9800000190734863,3.2300000190734863,3.2300000190734863,491033
RKAZ.CA,Industrials,2022-11-16 22:00:00,3.2300000190734863,3.490000009536743,3.0999999046325684,3.140000104904175,3.140000104904175,446932
RKAZ.CA,Industrials,2022-11-19 22:00:00,3.140000104904175,3.299999952316284,2.990000009536743,3.0,3.0,298951
RKAZ.CA,Industrials,2022-11-20 22:00:00,3.0,3.0899999141693115,2.8499999046325684,3.0399999618530273,3.0399999618530273,129405
RKAZ.CA,Industrials,2022-11-21 22:00:00,3.0399999618530273,3.3399999141693115,2.880000114440918,3.259999990463257,3.259999990463257,399637
RKAZ.CA,Industrials,2022-11-22 22:00:00,3.259999990463257,3.2799999713897705,3.0399999618530273,3.109999895095825,3.109999895095825,140714
RKAZ.CA,Industrials,2022-11-23 22:00:00,3.109999895095825,3.140000104904175,3.049999952316284,3.109999895095825,3.109999895095825,56672
RKAZ.CA,Industrials,2022-11-26 22:00:00,3.109999895095825,3.140000104904175,3.0,3.0399999618530273,3.0399999618530273,95947
RKAZ.CA,Industrials,2022-11-27 22:00:00,3.0399999618530273,3.259999990463257,3.0199999809265137,3.119999885559082,3.119999885559082,150395
RKAZ.CA,Industrials,2022-11-28 22:00:00,3.119999885559082,3.109999895095825,3.0799999237060547,3.119999885559082,3.119999885559082,21350
RKAZ.CA,Industrials,2022-11-29 22:00:00,3.119999885559082,3.119999885559082,3.009999990463257,3.119999885559082,3.119999885559082,16230
RKAZ.CA,Industrials,2022-11-30 22:00:00,3.119999885559082,3.140000104904175,3.0,3.119999885559082,3.119999885559082,13300
RKAZ.CA,Industrials,2022-12-03 22:00:00,3.119999885559082,3.0999999046325684,2.950000047683716,2.9700000286102295,2.9700000286102295,63055
RKAZ.CA,Industrials,2022-12-04 22:00:00,2.9700000286102295,3.069999933242798,2.9200000762939453,3.0399999618530273,3.0399999618530273,104315
RKAZ.CA,Industrials,2022-12-05 22:00:00,3.0399999618530273,3.0899999141693115,2.890000104904175,3.0,3.0,198578
RKAZ.CA,Industrials,2022-12-06 22:00:00,3.0,3.059999942779541,2.859999895095825,3.0,3.0,136293
RKAZ.CA,Industrials,2022-12-07 22:00:00,3.0,3.0999999046325684,3.0,3.0,3.0,12200
RKAZ.CA,Industrials,2022-12-10 22:00:00,3.0,3.0,2.9000000953674316,3.0,3.0,13200
RKAZ.CA,Industrials,2022-12-11 22:00:00,3.0,3.0,2.8499999046325684,2.869999885559082,2.869999885559082,58025
RKAZ.CA,Industrials,2022-12-12 22:00:00,2.869999885559082,3.049999952316284,2.950000047683716,3.049999952316284,3.049999952316284,139221
RKAZ.CA,Industrials,2022-12-13 22:00:00,3.049999952316284,3.049999952316284,2.930000066757202,2.930000066757202,2.930000066757202,353295
RKAZ.CA,Industrials,2022-12-14 22:00:00,2.930000066757202,2.9200000762939453,2.799999952316284,2.930000066757202,2.930000066757202,34000
RKAZ.CA,Industrials,2022-12-17 22:00:00,2.930000066757202,3.0,2.7200000286102295,2.930000066757202,2.930000066757202,10801
RKAZ.CA,Industrials,2022-12-18 22:00:00,2.930000066757202,2.9000000953674316,2.640000104904175,2.930000066757202,2.930000066757202,31575
RKAZ.CA,Industrials,2022-12-19 22:00:00,2.930000066757202,2.8499999046325684,2.640000104904175,2.930000066757202,2.930000066757202,28413
RKAZ.CA,Industrials,2022-12-20 22:00:00,2.930000066757202,2.9000000953674316,2.799999952316284,2.930000066757202,2.930000066757202,35540
RKAZ.CA,Industrials,2022-12-21 22:00:00,2.930000066757202,2.799999952316284,2.7300000190734863,2.930000066757202,2.930000066757202,8396
RKAZ.CA,Industrials,2022-12-24 22:00:00,2.930000066757202,2.930000066757202,2.819999933242798,2.8499999046325684,2.8499999046325684,341251
RKAZ.CA,Industrials,2022-12-25 22:00:00,2.8499999046325684,2.7200000286102295,2.7100000381469727,2.8499999046325684,2.8499999046325684,9257
RKAZ.CA,Industrials,2022-12-26 22:00:00,2.8499999046325684,2.890000104904175,2.7200000286102295,2.8499999046325684,2.8499999046325684,7730
RKAZ.CA,Industrials,2022-12-27 22:00:00,2.8499999046325684,2.8399999141693115,2.6500000953674316,2.8499999046325684,2.8499999046325684,30365
RKAZ.CA,Industrials,2022-12-28 22:00:00,2.8499999046325684,2.6700000762939453,2.6700000762939453,2.8499999046325684,2.8499999046325684,180
RKAZ.CA,Industrials,2023-01-01 22:00:00,2.8499999046325684,2.930000066757202,2.799999952316284,2.8499999046325684,2.8499999046325684,10067
RKAZ.CA,Industrials,2023-01-02 22:00:00,2.8499999046325684,2.700000047683716,2.700000047683716,2.8499999046325684,2.8499999046325684,24
RKAZ.CA,Industrials,2023-01-03 22:00:00,2.8499999046325684,2.8499999046325684,2.8499999046325684,2.8499999046325684,2.8499999046325684,0
RKAZ.CA,Industrials,2023-01-04 22:00:00,2.8499999046325684,2.700000047683716,2.690000057220459,2.8499999046325684,2.8499999046325684,20501
RKAZ.CA,Industrials,2023-01-08 22:00:00,2.8499999046325684,2.7899999618530273,2.6500000953674316,2.8499999046325684,2.8499999046325684,7980
RKAZ.CA,Industrials,2023-01-09 22:00:00,2.8499999046325684,2.799999952316284,2.740000009536743,2.8499999046325684,2.8499999046325684,30404
RKAZ.CA,Industrials,2023-01-10 22:00:00,2.8499999046325684,2.799999952316284,2.75,2.8499999046325684,2.8499999046325684,39200
RKAZ.CA,Industrials,2023-01-11 22:00:00,2.8499999046325684,2.799999952316284,2.700000047683716,2.8499999046325684,2.8499999046325684,24374
RKAZ.CA,Industrials,2023-01-14 22:00:00,2.8499999046325684,2.799999952316284,2.7899999618530273,2.8499999046325684,2.8499999046325684,15000
RKAZ.CA,Industrials,2023-01-15 22:00:00,2.8499999046325684,2.9700000286102295,2.680000066757202,2.9100000858306885,2.9100000858306885,67637
RKAZ.CA,Industrials,2023-01-16 22:00:00,2.9100000858306885,2.9100000858306885,2.7300000190734863,2.9100000858306885,2.9100000858306885,39238
RKAZ.CA,Industrials,2023-01-17 22:00:00,2.9100000858306885,3.0899999141693115,2.7300000190734863,3.049999952316284,3.049999952316284,56834
RKAZ.CA,Industrials,2023-01-18 22:00:00,3.049999952316284,3.049999952316284,2.9000000953674316,3.049999952316284,3.049999952316284,7000
RKAZ.CA,Industrials,2023-01-21 22:00:00,3.049999952316284,3.25,3.049999952316284,3.049999952316284,3.049999952316284,40500
RKAZ.CA,Industrials,2023-01-22 22:00:00,3.049999952316284,3.240000009536743,3.049999952316284,3.049999952316284,3.049999952316284,1150
RKAZ.CA,Industrials,2023-01-23 22:00:00,3.049999952316284,3.049999952316284,3.049999952316284,3.049999952316284,3.049999952316284,1000
RKAZ.CA,Industrials,2023-01-24 22:00:00,3.049999952316284,2.8499999046325684,2.8499999046325684,3.049999952316284,3.049999952316284,4500
RKAZ.CA,Industrials,2023-01-28 22:00:00,3.049999952316284,3.0999999046325684,2.950000047683716,3.049999952316284,3.049999952316284,12854
RKAZ.CA,Industrials,2023-01-29 22:00:00,3.049999952316284,3.130000114440918,2.799999952316284,3.049999952316284,3.049999952316284,4973
RKAZ.CA,Industrials,2023-01-30 22:00:00,3.049999952316284,3.0999999046325684,2.819999933242798,3.049999952316284,3.049999952316284,1925
RKAZ.CA,Industrials,2023-01-31 22:00:00,3.049999952316284,3.049999952316284,3.0299999713897705,3.049999952316284,3.049999952316284,22630
RKAZ.CA,Industrials,2023-02-01 22:00:00,3.049999952316284,3.049999952316284,2.8499999046325684,3.049999952316284,3.049999952316284,15930
RKAZ.CA,Industrials,2023-02-04 22:00:00,3.049999952316284,3.3499999046325684,2.809999942779541,3.3499999046325684,3.3499999046325684,492277
RKAZ.CA,Industrials,2023-02-05 22:00:00,3.3499999046325684,3.680000066757202,3.4000000953674316,3.490000009536743,3.490000009536743,103284
RKAZ.CA,Industrials,2023-02-06 22:00:00,3.490000009536743,3.8299999237060547,3.6700000762939453,3.8299999237060547,3.8299999237060547,91167
RKAZ.CA,Industrials,2023-02-07 22:00:00,3.8299999237060547,3.8299999237060547,3.5999999046325684,3.7699999809265137,3.7699999809265137,291895
RKAZ.CA,Industrials,2023-02-08 22:00:00,3.7699999809265137,4.019999980926514,3.7699999809265137,3.8299999237060547,3.8299999237060547,48939
RKAZ.CA,Industrials,2023-02-11 22:00:00,3.8299999237060547,4.210000038146973,3.9000000953674316,3.9700000286102295,3.9700000286102295,172391
RKAZ.CA,Industrials,2023-02-12 22:00:00,3.9700000286102295,4.0,3.759999990463257,3.9700000286102295,3.9700000286102295,11540
RKAZ.CA,Industrials,2023-02-13 22:00:00,3.9700000286102295,4.090000152587891,4.0,3.9700000286102295,3.9700000286102295,3095
RKAZ.CA,Industrials,2023-02-14 22:00:00,3.9700000286102295,4.349999904632568,3.5799999237060547,4.28000020980835,4.28000020980835,327500
RKAZ.CA,Industrials,2023-02-15 22:00:00,4.28000020980835,4.010000228881836,3.930000066757202,3.9600000381469727,3.9600000381469727,256598
RKAZ.CA,Industrials,2023-02-18 22:00:00,3.9600000381469727,3.950000047683716,3.630000114440918,3.9600000381469727,3.9600000381469727,16075
RKAZ.CA,Industrials,2023-02-19 22:00:00,3.9600000381469727,3.9200000762939453,3.5999999046325684,3.9600000381469727,3.9600000381469727,16050
RKAZ.CA,Industrials,2023-02-20 22:00:00,3.9600000381469727,3.6500000953674316,3.569999933242798,3.9600000381469727,3.9600000381469727,29422
RKAZ.CA,Industrials,2023-02-21 22:00:00,3.9600000381469727,3.5899999141693115,3.569999933242798,3.9600000381469727,3.9600000381469727,22687
RKAZ.CA,Industrials,2023-02-22 22:00:00,3.9600000381469727,3.5799999237060547,3.569999933242798,3.9600000381469727,3.9600000381469727,15000
RKAZ.CA,Industrials,2023-02-25 22:00:00,3.9600000381469727,3.569999933242798,3.569999933242798,3.9600000381469727,3.9600000381469727,15992
RKAZ.CA,Industrials,2023-02-26 22:00:00,3.9600000381469727,3.569999933242798,3.569999933242798,3.9600000381469727,3.9600000381469727,5000
RKAZ.CA,Industrials,2023-02-27 22:00:00,3.9600000381469727,3.799999952316284,3.569999933242798,3.759999990463257,3.759999990463257,105053
RKAZ.CA,Industrials,2023-02-28 22:00:00,3.759999990463257,3.549999952316284,3.549999952316284,3.759999990463257,3.759999990463257,50
RKAZ.CA,Industrials,2023-03-01 22:00:00,3.759999990463257,3.569999933242798,3.549999952316284,3.759999990463257,3.759999990463257,1548
RKAZ.CA,Industrials,2023-03-04 22:00:00,3.759999990463257,3.880000114440918,3.75,3.869999885559082,3.869999885559082,96021
RKAZ.CA,Industrials,2023-03-05 22:00:00,3.869999885559082,3.940000057220459,3.640000104904175,3.869999885559082,3.869999885559082,20500
RKAZ.CA,Industrials,2023-03-06 22:00:00,3.869999885559082,4.0,3.799999952316284,3.950000047683716,3.950000047683716,364275
RKAZ.CA,Industrials,2023-03-07 22:00:00,3.950000047683716,4.0,3.559999942779541,3.950000047683716,3.950000047683716,16925
RKAZ.CA,Industrials,2023-03-08 22:00:00,3.950000047683716,3.950000047683716,3.950000047683716,3.950000047683716,3.950000047683716,0
RKAZ.CA,Industrials,2023-03-11 22:00:00,3.950000047683716,3.890000104904175,3.6600000858306885,3.950000047683716,3.950000047683716,7192
RKAZ.CA,Industrials,2023-03-12 22:00:00,3.950000047683716,3.559999942779541,3.559999942779541,3.950000047683716,3.950000047683716,4856
RKAZ.CA,Industrials,2023-03-13 22:00:00,3.950000047683716,3.569999933242798,3.559999942779541,3.950000047683716,3.950000047683716,20071
RKAZ.CA,Industrials,2023-03-14 22:00:00,3.950000047683716,3.9800000190734863,3.9800000190734863,3.950000047683716,3.950000047683716,2000
RKAZ.CA,Industrials,2023-03-15 22:00:00,3.950000047683716,3.890000104904175,3.559999942779541,3.950000047683716,3.950000047683716,15804
RKAZ.CA,Industrials,2023-03-18 22:00:00,3.950000047683716,3.559999942779541,3.559999942779541,3.950000047683716,3.950000047683716,1000
RKAZ.CA,Industrials,2023-03-19 22:00:00,3.950000047683716,3.559999942779541,3.559999942779541,3.950000047683716,3.950000047683716,20565
RKAZ.CA,Industrials,2023-03-20 22:00:00,3.950000047683716,3.700000047683716,3.559999942779541,3.690000057220459,3.690000057220459,228043
RKAZ.CA,Industrials,2023-03-21 22:00:00,3.690000057220459,3.3499999046325684,3.3299999237060547,3.690000057220459,3.690000057220459,1400
RKAZ.CA,Industrials,2023-03-22 22:00:00,3.690000057220459,3.5999999046325684,3.5899999141693115,3.690000057220459,3.690000057220459,20260
RKAZ.CA,Industrials,2023-03-25 22:00:00,3.690000057220459,3.5799999237060547,3.3299999237060547,3.690000057220459,3.690000057220459,16232
RKAZ.CA,Industrials,2023-03-26 22:00:00,3.690000057220459,3.569999933242798,3.3299999237060547,3.690000057220459,3.690000057220459,2098
RKAZ.CA,Industrials,2023-03-27 22:00:00,3.690000057220459,3.569999933242798,3.359999895095825,3.690000057220459,3.690000057220459,8175
RKAZ.CA,Industrials,2023-03-28 22:00:00,3.690000057220459,3.569999933242798,3.5399999618530273,3.690000057220459,3.690000057220459,8000
RKAZ.CA,Industrials,2023-03-29 22:00:00,3.690000057220459,3.690000057220459,3.690000057220459,3.690000057220459,3.690000057220459,0
RKAZ.CA,Industrials,2023-04-01 22:00:00,3.690000057220459,3.5799999237060547,3.359999895095825,3.690000057220459,3.690000057220459,24135
RKAZ.CA,Industrials,2023-04-02 22:00:00,3.690000057220459,3.5,3.359999895095825,3.690000057220459,3.690000057220459,4704
RKAZ.CA,Industrials,2023-04-03 22:00:00,3.690000057220459,3.4800000190734863,3.3299999237060547,3.690000057220459,3.690000057220459,2100
RKAZ.CA,Industrials,2023-04-04 22:00:00,3.690000057220459,3.690000057220459,3.3299999237060547,3.6700000762939453,3.6700000762939453,101688
RKAZ.CA,Industrials,2023-04-05 22:00:00,3.6700000762939453,3.680000066757202,3.3299999237060547,3.6700000762939453,3.6700000762939453,1930
RKAZ.CA,Industrials,2023-04-08 22:00:00,3.6700000762939453,3.319999933242798,3.309999942779541,3.6700000762939453,3.6700000762939453,15648
RKAZ.CA,Industrials,2023-04-09 22:00:00,3.6700000762939453,3.5,3.309999942779541,3.6700000762939453,3.6700000762939453,1314
RKAZ.CA,Industrials,2023-04-10 22:00:00,3.6700000762939453,3.309999942779541,3.309999942779541,3.6700000762939453,3.6700000762939453,5869
RKAZ.CA,Industrials,2023-04-11 22:00:00,3.6700000762939453,3.309999942779541,3.309999942779541,3.6700000762939453,3.6700000762939453,5241
RKAZ.CA,Industrials,2023-04-12 22:00:00,3.6700000762939453,3.309999942779541,3.309999942779541,3.6700000762939453,3.6700000762939453,119
RKAZ.CA,Industrials,2023-04-17 22:00:00,3.6700000762939453,3.509999990463257,3.309999942779541,3.6700000762939453,3.6700000762939453,3010
RKAZ.CA,Industrials,2023-04-18 22:00:00,3.6700000762939453,3.490000009536743,3.490000009536743,3.6700000762939453,3.6700000762939453,35
RKAZ.CA,Industrials,2023-04-25 22:00:00,3.6700000762939453,3.619999885559082,3.309999942779541,3.359999895095825,3.359999895095825,113065
RKAZ.CA,Industrials,2023-04-26 22:00:00,3.359999895095825,3.549999952316284,3.049999952316284,3.359999895095825,3.359999895095825,4550
RKAZ.CA,Industrials,2023-04-29 21:00:00,3.359999895095825,3.5799999237060547,3.2300000190734863,3.359999895095825,3.359999895095825,4230
RKAZ.CA,Industrials,2023-04-30 21:00:00,3.359999895095825,3.359999895095825,3.359999895095825,3.359999895095825,3.359999895095825,0
RKAZ.CA,Industrials,2023-05-01 21:00:00,3.359999895095825,3.6500000953674316,3.0999999046325684,3.5299999713897705,3.5299999713897705,84463
RKAZ.CA,Industrials,2023-05-02 21:00:00,3.5299999713897705,3.5299999713897705,3.369999885559082,3.5299999713897705,3.5299999713897705,1489
RKAZ.CA,Industrials,2023-05-06 21:00:00,3.5299999713897705,3.509999990463257,3.200000047683716,3.5299999713897705,3.5299999713897705,2767
RKAZ.CA,Industrials,2023-05-07 21:00:00,3.5299999713897705,3.299999952316284,3.25,3.5299999713897705,3.5299999713897705,12460
RKAZ.CA,Industrials,2023-05-08 21:00:00,3.5299999713897705,3.5299999713897705,3.2200000286102295,3.5299999713897705,3.5299999713897705,17770
RKAZ.CA,Industrials,2023-05-09 21:00:00,3.5299999713897705,3.2100000381469727,3.2100000381469727,3.5299999713897705,3.5299999713897705,571
RKAZ.CA,Industrials,2023-05-10 21:00:00,3.5299999713897705,3.2799999713897705,3.25,3.5299999713897705,3.5299999713897705,10687
RKAZ.CA,Industrials,2023-05-13 21:00:00,3.5299999713897705,3.2100000381469727,3.2100000381469727,3.5299999713897705,3.5299999713897705,7000
RKAZ.CA,Industrials,2023-05-14 21:00:00,3.5299999713897705,3.200000047683716,3.190000057220459,3.5299999713897705,3.5299999713897705,7500
RKAZ.CA,Industrials,2023-05-15 21:00:00,3.5299999713897705,3.5299999713897705,3.5299999713897705,3.5299999713897705,3.5299999713897705,0
RKAZ.CA,Industrials,2023-05-16 21:00:00,3.5299999713897705,3.180000066757202,3.180000066757202,3.5299999713897705,3.5299999713897705,7171
RKAZ.CA,Industrials,2023-05-17 21:00:00,3.5299999713897705,3.5299999713897705,3.5299999713897705,3.5299999713897705,3.5299999713897705,0
RKAZ.CA,Industrials,2023-05-20 21:00:00,3.5299999713897705,3.5299999713897705,3.5299999713897705,3.5299999713897705,3.5299999713897705,0
RKAZ.CA,Industrials,2023-05-21 21:00:00,3.5299999713897705,3.5299999713897705,3.5299999713897705,3.5299999713897705,3.5299999713897705,0
RKAZ.CA,Industrials,2023-05-22 21:00:00,3.5299999713897705,3.5299999713897705,3.5299999713897705,3.5299999713897705,3.5299999713897705,0
RKAZ.CA,Industrials,2023-05-23 21:00:00,3.5299999713897705,3.5299999713897705,3.5299999713897705,3.5299999713897705,3.5299999713897705,0
RKAZ.CA,Industrials,2023-05-24 21:00:00,3.5299999713897705,3.180000066757202,3.180000066757202,3.5299999713897705,3.5299999713897705,10354
RKAZ.CA,Industrials,2023-05-27 21:00:00,3.5299999713897705,3.180000066757202,3.180000066757202,3.5299999713897705,3.5299999713897705,12249
RKAZ.CA,Industrials,2023-05-28 21:00:00,3.5299999713897705,3.180000066757202,3.180000066757202,3.5299999713897705,3.5299999713897705,9175
RKAZ.CA,Industrials,2023-05-29 21:00:00,3.5299999713897705,3.5299999713897705,3.5299999713897705,3.5299999713897705,3.5299999713897705,0
RKAZ.CA,Industrials,2023-05-30 21:00:00,3.5299999713897705,3.5299999713897705,3.5299999713897705,3.5299999713897705,3.5299999713897705,0
RKAZ.CA,Industrials,2023-05-31 21:00:00,3.5299999713897705,3.180000066757202,3.180000066757202,3.5299999713897705,3.5299999713897705,22000
RKAZ.CA,Industrials,2023-06-03 21:00:00,3.5299999713897705,3.180000066757202,3.180000066757202,3.5299999713897705,3.5299999713897705,5016
RKAZ.CA,Industrials,2023-06-04 21:00:00,3.5299999713897705,3.5299999713897705,3.5299999713897705,3.5299999713897705,3.5299999713897705,0
RKAZ.CA,Industrials,2023-06-05 21:00:00,3.5299999713897705,3.5299999713897705,3.5299999713897705,3.5299999713897705,3.5299999713897705,0
RKAZ.CA,Industrials,2023-06-06 21:00:00,3.5299999713897705,3.5299999713897705,3.5299999713897705,3.5299999713897705,3.5299999713897705,0
RKAZ.CA,Industrials,2023-06-07 21:00:00,3.5299999713897705,3.5299999713897705,3.5299999713897705,3.5299999713897705,3.5299999713897705,0
RKAZ.CA,Industrials,2023-06-10 21:00:00,3.5299999713897705,3.5299999713897705,3.5299999713897705,3.5299999713897705,3.5299999713897705,0
RKAZ.CA,Industrials,2023-06-11 21:00:00,3.5299999713897705,3.5299999713897705,3.5299999713897705,3.5299999713897705,3.5299999713897705,0
RKAZ.CA,Industrials,2023-06-12 21:00:00,3.5299999713897705,3.5299999713897705,3.5299999713897705,3.5299999713897705,3.5299999713897705,0
RKAZ.CA,Industrials,2023-06-13 21:00:00,3.5299999713897705,3.180000066757202,3.180000066757202,3.5299999713897705,3.5299999713897705,1329
RKAZ.CA,Industrials,2023-06-14 21:00:00,3.5299999713897705,3.180000066757202,3.180000066757202,3.5299999713897705,3.5299999713897705,1315
RKAZ.CA,Industrials,2023-06-17 21:00:00,3.5299999713897705,3.5299999713897705,3.5299999713897705,3.5299999713897705,3.5299999713897705,0
RKAZ.CA,Industrials,2023-06-18 21:00:00,3.5299999713897705,3.5299999713897705,3.5299999713897705,3.5299999713897705,3.5299999713897705,0
RKAZ.CA,Industrials,2023-06-19 21:00:00,3.5299999713897705,3.5299999713897705,3.5299999713897705,3.5299999713897705,3.5299999713897705,0
RKAZ.CA,Industrials,2023-06-20 21:00:00,3.5299999713897705,3.5299999713897705,3.5299999713897705,3.5299999713897705,3.5299999713897705,0
RKAZ.CA,Industrials,2023-06-21 21:00:00,3.5299999713897705,3.5299999713897705,3.5299999713897705,3.5299999713897705,3.5299999713897705,0
RKAZ.CA,Industrials,2023-06-24 21:00:00,3.5299999713897705,3.5299999713897705,3.5299999713897705,3.5299999713897705,3.5299999713897705,0
RKAZ.CA,Industrials,2023-06-25 21:00:00,3.5299999713897705,3.180000066757202,3.180000066757202,3.5299999713897705,3.5299999713897705,1000
RKAZ.CA,Industrials,2023-07-03 21:00:00,3.5299999713897705,3.180000066757202,3.180000066757202,3.5299999713897705,3.5299999713897705,1739
RKAZ.CA,Industrials,2023-07-04 21:00:00,3.5299999713897705,3.180000066757202,3.180000066757202,3.5299999713897705,3.5299999713897705,10000
RKAZ.CA,Industrials,2023-07-05 21:00:00,3.5299999713897705,3.5299999713897705,3.5299999713897705,3.5299999713897705,3.5299999713897705,0
RKAZ.CA,Industrials,2023-07-08 21:00:00,3.5299999713897705,3.5299999713897705,3.5299999713897705,3.5299999713897705,3.5299999713897705,0
RKAZ.CA,Industrials,2023-07-09 21:00:00,3.5299999713897705,3.5299999713897705,3.5299999713897705,3.5299999713897705,3.5299999713897705,0
RKAZ.CA,Industrials,2023-07-10 21:00:00,3.5299999713897705,3.5299999713897705,3.5299999713897705,3.5299999713897705,3.5299999713897705,0
RKAZ.CA,Industrials,2023-07-11 21:00:00,3.5299999713897705,3.5299999713897705,3.5299999713897705,3.5299999713897705,3.5299999713897705,0
RKAZ.CA,Industrials,2023-07-12 21:00:00,3.5299999713897705,3.5299999713897705,3.5299999713897705,3.5299999713897705,3.5299999713897705,0
RKAZ.CA,Industrials,2023-07-15 21:00:00,3.5299999713897705,3.5299999713897705,3.5299999713897705,3.5299999713897705,3.5299999713897705,0
RKAZ.CA,Industrials,2023-07-16 21:00:00,3.5299999713897705,3.5299999713897705,3.5299999713897705,3.5299999713897705,3.5299999713897705,0
RKAZ.CA,Industrials,2023-07-17 21:00:00,3.5299999713897705,3.180000066757202,3.180000066757202,3.5299999713897705,3.5299999713897705,1000
RKAZ.CA,Industrials,2023-07-18 21:00:00,3.5299999713897705,3.5299999713897705,3.5299999713897705,3.5299999713897705,3.5299999713897705,0
RKAZ.CA,Industrials,2023-07-23 21:00:00,3.5299999713897705,3.5299999713897705,3.5299999713897705,3.5299999713897705,3.5299999713897705,0
RKAZ.CA,Industrials,2023-07-24 21:00:00,3.5299999713897705,3.5299999713897705,3.5299999713897705,3.5299999713897705,3.5299999713897705,0
RKAZ.CA,Industrials,2023-07-25 21:00:00,3.5299999713897705,3.5299999713897705,3.5299999713897705,3.5299999713897705,3.5299999713897705,0
RKAZ.CA,Industrials,2023-07-26 21:00:00,3.5299999713897705,3.5299999713897705,3.5299999713897705,3.5299999713897705,3.5299999713897705,0
RKAZ.CA,Industrials,2023-07-29 21:00:00,3.5299999713897705,3.5299999713897705,3.5299999713897705,3.5299999713897705,3.5299999713897705,0
RKAZ.CA,Industrials,2023-07-30 21:00:00,3.5299999713897705,3.180000066757202,3.180000066757202,3.5299999713897705,3.5299999713897705,1584
RKAZ.CA,Industrials,2023-07-31 21:00:00,3.5299999713897705,3.5299999713897705,3.5299999713897705,3.5299999713897705,3.5299999713897705,0
RKAZ.CA,Industrials,2023-08-01 21:00:00,3.5299999713897705,3.5299999713897705,3.5299999713897705,3.5299999713897705,3.5299999713897705,0
RKAZ.CA,Industrials,2023-08-02 21:00:00,3.5299999713897705,3.5299999713897705,3.5299999713897705,3.5299999713897705,3.5299999713897705,0
RKAZ.CA,Industrials,2023-08-05 21:00:00,3.5299999713897705,3.5299999713897705,3.5299999713897705,3.5299999713897705,3.5299999713897705,0
RKAZ.CA,Industrials,2023-08-06 21:00:00,3.5299999713897705,3.5299999713897705,3.5299999713897705,3.5299999713897705,3.5299999713897705,0
RKAZ.CA,Industrials,2023-08-07 21:00:00,3.5299999713897705,3.5299999713897705,3.5299999713897705,3.5299999713897705,3.5299999713897705,0
RKAZ.CA,Industrials,2023-08-08 21:00:00,3.5299999713897705,3.180000066757202,3.180000066757202,3.5299999713897705,3.5299999713897705,3840
RKAZ.CA,Industrials,2023-08-09 21:00:00,3.5299999713897705,3.5299999713897705,3.5299999713897705,3.5299999713897705,3.5299999713897705,0
RKAZ.CA,Industrials,2023-08-12 21:00:00,3.5299999713897705,3.5299999713897705,3.5299999713897705,3.5299999713897705,3.5299999713897705,0
RKAZ.CA,Industrials,2023-08-13 21:00:00,3.5299999713897705,3.5299999713897705,3.5299999713897705,3.5299999713897705,3.5299999713897705,0
RKAZ.CA,Industrials,2023-08-14 21:00:00,3.5299999713897705,3.5299999713897705,3.5299999713897705,3.5299999713897705,3.5299999713897705,0
RKAZ.CA,Industrials,2023-08-15 21:00:00,3.5299999713897705,3.5299999713897705,3.5299999713897705,3.5299999713897705,3.5299999713897705,0
RKAZ.CA,Industrials,2023-08-16 21:00:00,3.5299999713897705,3.5299999713897705,3.5299999713897705,3.5299999713897705,3.5299999713897705,0
RKAZ.CA,Industrials,2023-08-19 21:00:00,3.5299999713897705,3.5299999713897705,3.5299999713897705,3.5299999713897705,3.5299999713897705,0
RKAZ.CA,Industrials,2023-08-20 21:00:00,3.5299999713897705,3.5299999713897705,3.5299999713897705,3.5299999713897705,3.5299999713897705,0
RKAZ.CA,Industrials,2023-08-21 21:00:00,3.5299999713897705,3.5299999713897705,3.5299999713897705,3.5299999713897705,3.5299999713897705,0
RKAZ.CA,Industrials,2023-08-22 21:00:00,3.5299999713897705,3.5299999713897705,3.5299999713897705,3.5299999713897705,3.5299999713897705,0
RKAZ.CA,Industrials,2023-08-23 21:00:00,3.5299999713897705,3.5299999713897705,3.5299999713897705,3.5299999713897705,3.5299999713897705,0
RKAZ.CA,Industrials,2023-08-26 21:00:00,3.5299999713897705,3.5299999713897705,3.5299999713897705,3.5299999713897705,3.5299999713897705,0
RKAZ.CA,Industrials,2023-08-27 21:00:00,3.5299999713897705,3.180000066757202,3.180000066757202,3.5299999713897705,3.5299999713897705,1984
RKAZ.CA,Industrials,2023-08-28 21:00:00,3.5299999713897705,3.180000066757202,3.180000066757202,3.5299999713897705,3.5299999713897705,5002
RKAZ.CA,Industrials,2023-08-29 21:00:00,3.5299999713897705,3.5299999713897705,3.5299999713897705,3.5299999713897705,3.5299999713897705,0
RKAZ.CA,Industrials,2023-08-30 21:00:00,3.5299999713897705,3.5299999713897705,3.5299999713897705,3.5299999713897705,3.5299999713897705,0
RKAZ.CA,Industrials,2023-09-02 21:00:00,3.5299999713897705,3.5299999713897705,3.5299999713897705,3.5299999713897705,3.5299999713897705,0
RKAZ.CA,Industrials,2023-09-03 21:00:00,3.5299999713897705,3.180000066757202,3.180000066757202,3.5299999713897705,3.5299999713897705,1000
RKAZ.CA,Industrials,2023-09-04 21:00:00,3.5299999713897705,3.5299999713897705,3.5299999713897705,3.5299999713897705,3.5299999713897705,0
RKAZ.CA,Industrials,2023-09-05 21:00:00,3.5299999713897705,3.5299999713897705,3.5299999713897705,3.5299999713897705,3.5299999713897705,0
RKAZ.CA,Industrials,2023-09-06 21:00:00,3.5299999713897705,3.5299999713897705,3.5299999713897705,3.5299999713897705,3.5299999713897705,0
RKAZ.CA,Industrials,2023-09-09 21:00:00,3.5299999713897705,3.5299999713897705,3.5299999713897705,3.5299999713897705,3.5299999713897705,0
RKAZ.CA,Industrials,2023-09-10 21:00:00,3.5299999713897705,3.5299999713897705,3.5299999713897705,3.5299999713897705,3.5299999713897705,0
RKAZ.CA,Industrials,2023-09-11 21:00:00,3.5299999713897705,3.5299999713897705,3.5299999713897705,3.5299999713897705,3.5299999713897705,0
RKAZ.CA,Industrials,2023-09-12 21:00:00,3.5299999713897705,3.5299999713897705,3.5299999713897705,3.5299999713897705,3.5299999713897705,0
RKAZ.CA,Industrials,2023-09-13 21:00:00,3.5299999713897705,3.5299999713897705,3.5299999713897705,3.5299999713897705,3.5299999713897705,0
RKAZ.CA,Industrials,2023-09-16 21:00:00,3.5299999713897705,3.5299999713897705,3.5299999713897705,3.5299999713897705,3.5299999713897705,0
RKAZ.CA,Industrials,2023-09-17 21:00:00,3.5299999713897705,3.5299999713897705,3.5299999713897705,3.5299999713897705,3.5299999713897705,0
RKAZ.CA,Industrials,2023-09-18 21:00:00,3.5299999713897705,3.5299999713897705,3.5299999713897705,3.5299999713897705,3.5299999713897705,0
RKAZ.CA,Industrials,2023-09-19 21:00:00,3.5299999713897705,3.5299999713897705,3.5299999713897705,3.5299999713897705,3.5299999713897705,0
RKAZ.CA,Industrials,2023-09-20 21:00:00,3.5299999713897705,3.5299999713897705,3.5299999713897705,3.5299999713897705,3.5299999713897705,0
RKAZ.CA,Industrials,2023-09-23 21:00:00,3.5299999713897705,3.5299999713897705,3.5299999713897705,3.5299999713897705,3.5299999713897705,0
RKAZ.CA,Industrials,2023-09-24 21:00:00,3.5299999713897705,3.180000066757202,3.180000066757202,3.5299999713897705,3.5299999713897705,8
RKAZ.CA,Industrials,2023-09-25 21:00:00,3.5299999713897705,3.5299999713897705,3.5299999713897705,3.5299999713897705,3.5299999713897705,0
RKAZ.CA,Industrials,2023-09-26 21:00:00,3.5299999713897705,3.5299999713897705,3.5299999713897705,3.5299999713897705,3.5299999713897705,0
RKAZ.CA,Industrials,2023-09-30 21:00:00,3.5299999713897705,3.5299999713897705,3.5299999713897705,3.5299999713897705,3.5299999713897705,0
RKAZ.CA,Industrials,2023-10-01 21:00:00,3.5299999713897705,3.5299999713897705,3.5299999713897705,3.5299999713897705,3.5299999713897705,0
RKAZ.CA,Industrials,2023-10-02 21:00:00,3.5299999713897705,3.5299999713897705,3.5299999713897705,3.5299999713897705,3.5299999713897705,0
RKAZ.CA,Industrials,2023-10-03 21:00:00,3.5299999713897705,3.5299999713897705,3.5299999713897705,3.5299999713897705,3.5299999713897705,0
RKAZ.CA,Industrials,2023-10-07 21:00:00,3.5299999713897705,3.5299999713897705,3.5299999713897705,3.5299999713897705,3.5299999713897705,0
RKAZ.CA,Industrials,2023-10-08 21:00:00,3.5299999713897705,3.5299999713897705,3.5299999713897705,3.5299999713897705,3.5299999713897705,0
RKAZ.CA,Industrials,2023-10-09 21:00:00,3.5299999713897705,3.5299999713897705,3.5299999713897705,3.5299999713897705,3.5299999713897705,0
RKAZ.CA,Industrials,2023-10-10 21:00:00,3.5299999713897705,3.180000066757202,3.180000066757202,3.5299999713897705,3.5299999713897705,3142
RKAZ.CA,Industrials,2023-10-11 21:00:00,3.5299999713897705,3.5299999713897705,3.5299999713897705,3.5299999713897705,3.5299999713897705,0
RKAZ.CA,Industrials,2023-10-14 21:00:00,3.5299999713897705,3.5299999713897705,3.5299999713897705,3.5299999713897705,3.5299999713897705,0
RKAZ.CA,Industrials,2023-10-15 21:00:00,3.5299999713897705,3.5299999713897705,3.5299999713897705,3.5299999713897705,3.5299999713897705,0
RKAZ.CA,Industrials,2023-10-16 21:00:00,3.5299999713897705,3.5299999713897705,3.5299999713897705,3.5299999713897705,3.5299999713897705,0
RKAZ.CA,Industrials,2023-10-17 21:00:00,3.5299999713897705,3.5299999713897705,3.5299999713897705,3.5299999713897705,3.5299999713897705,0
RKAZ.CA,Industrials,2023-10-18 21:00:00,3.5299999713897705,3.5299999713897705,3.5299999713897705,3.5299999713897705,3.5299999713897705,0
RKAZ.CA,Industrials,2023-10-21 21:00:00,3.5299999713897705,3.5299999713897705,3.5299999713897705,3.5299999713897705,3.5299999713897705,0
RKAZ.CA,Industrials,2023-10-22 21:00:00,3.5299999713897705,3.180000066757202,3.180000066757202,3.5299999713897705,3.5299999713897705,1055
RKAZ.CA,Industrials,2023-10-23 21:00:00,3.5299999713897705,3.180000066757202,3.180000066757202,3.5299999713897705,3.5299999713897705,62
RKAZ.CA,Industrials,2023-10-24 21:00:00,3.5299999713897705,3.5299999713897705,3.5299999713897705,3.5299999713897705,3.5299999713897705,0
RKAZ.CA,Industrials,2023-10-25 21:00:00,3.5299999713897705,3.5299999713897705,3.5299999713897705,3.5299999713897705,3.5299999713897705,0
RKAZ.CA,Industrials,2023-10-28 22:00:00,3.5299999713897705,3.5299999713897705,3.5299999713897705,3.5299999713897705,3.5299999713897705,0
RKAZ.CA,Industrials,2023-10-29 22:00:00,3.5299999713897705,3.5299999713897705,3.5299999713897705,3.5299999713897705,3.5299999713897705,0
RKAZ.CA,Industrials,2023-10-30 22:00:00,3.5299999713897705,3.180000066757202,3.180000066757202,3.5299999713897705,3.5299999713897705,16
RKAZ.CA,Industrials,2023-10-31 22:00:00,3.5299999713897705,3.5299999713897705,3.5299999713897705,3.5299999713897705,3.5299999713897705,0
RKAZ.CA,Industrials,2023-11-01 22:00:00,3.5299999713897705,3.5299999713897705,3.5299999713897705,3.5299999713897705,3.5299999713897705,0
RKAZ.CA,Industrials,2023-11-04 22:00:00,3.5299999713897705,3.5299999713897705,3.5299999713897705,3.5299999713897705,3.5299999713897705,0
RKAZ.CA,Industrials,2023-11-05 22:00:00,3.5299999713897705,3.5299999713897705,3.5299999713897705,3.5299999713897705,3.5299999713897705,0
RKAZ.CA,Industrials,2023-11-06 22:00:00,3.5299999713897705,3.180000066757202,3.180000066757202,3.5299999713897705,3.5299999713897705,2699
RKAZ.CA,Industrials,2023-11-07 22:00:00,3.5299999713897705,3.5299999713897705,3.5299999713897705,3.5299999713897705,3.5299999713897705,0
RKAZ.CA,Industrials,2023-11-08 22:00:00,3.5299999713897705,3.5299999713897705,3.5299999713897705,3.5299999713897705,3.5299999713897705,0
RKAZ.CA,Industrials,2023-11-11 22:00:00,3.5299999713897705,3.5299999713897705,3.5299999713897705,3.5299999713897705,3.5299999713897705,0
RKAZ.CA,Industrials,2023-11-12 22:00:00,3.5299999713897705,3.5299999713897705,3.5299999713897705,3.5299999713897705,3.5299999713897705,0
RKAZ.CA,Industrials,2023-11-13 22:00:00,3.5299999713897705,3.5299999713897705,3.5299999713897705,3.5299999713897705,3.5299999713897705,0
RKAZ.CA,Industrials,2023-11-14 22:00:00,3.5299999713897705,3.5299999713897705,3.5299999713897705,3.5299999713897705,3.5299999713897705,0
RKAZ.CA,Industrials,2023-11-15 22:00:00,3.5299999713897705,3.5299999713897705,3.5299999713897705,3.5299999713897705,3.5299999713897705,0
RKAZ.CA,Industrials,2023-11-18 22:00:00,3.5299999713897705,3.180000066757202,3.180000066757202,3.5299999713897705,3.5299999713897705,16
RKAZ.CA,Industrials,2023-11-19 22:00:00,3.5299999713897705,3.180000066757202,3.180000066757202,3.5299999713897705,3.5299999713897705,326
RKAZ.CA,Industrials,2023-11-20 22:00:00,3.5299999713897705,3.5299999713897705,3.5299999713897705,3.5299999713897705,3.5299999713897705,0
RKAZ.CA,Industrials,2023-11-21 22:00:00,3.5299999713897705,3.5299999713897705,3.5299999713897705,3.5299999713897705,3.5299999713897705,0
RKAZ.CA,Industrials,2023-11-22 22:00:00,3.5299999713897705,3.5299999713897705,3.5299999713897705,3.5299999713897705,3.5299999713897705,0
RKAZ.CA,Industrials,2023-11-25 22:00:00,3.5299999713897705,3.5299999713897705,3.5299999713897705,3.5299999713897705,3.5299999713897705,0
RKAZ.CA,Industrials,2023-11-26 22:00:00,3.5299999713897705,3.5299999713897705,3.5299999713897705,3.5299999713897705,3.5299999713897705,0
RKAZ.CA,Industrials,2023-11-27 22:00:00,3.5299999713897705,3.5299999713897705,3.5299999713897705,3.5299999713897705,3.5299999713897705,0
RKAZ.CA,Industrials,2023-11-28 22:00:00,3.5299999713897705,3.5299999713897705,3.5299999713897705,3.5299999713897705,3.5299999713897705,0
RKAZ.CA,Industrials,2023-11-29 22:00:00,3.5299999713897705,3.5299999713897705,3.5299999713897705,3.5299999713897705,3.5299999713897705,0
RKAZ.CA,Industrials,2023-12-02 22:00:00,3.5299999713897705,3.5299999713897705,3.5299999713897705,3.5299999713897705,3.5299999713897705,0
RKAZ.CA,Industrials,2023-12-03 22:00:00,3.5299999713897705,3.180000066757202,3.180000066757202,3.5299999713897705,3.5299999713897705,100
RKAZ.CA,Industrials,2023-12-04 22:00:00,3.5299999713897705,3.180000066757202,3.180000066757202,3.5299999713897705,3.5299999713897705,5716
RKAZ.CA,Industrials,2023-12-05 22:00:00,3.5299999713897705,3.5299999713897705,3.5299999713897705,3.5299999713897705,3.5299999713897705,0
RKAZ.CA,Industrials,2023-12-06 22:00:00,3.5299999713897705,3.180000066757202,3.180000066757202,3.5299999713897705,3.5299999713897705,575
RKAZ.CA,Industrials,2023-12-09 22:00:00,3.5299999713897705,3.180000066757202,3.180000066757202,3.5299999713897705,3.5299999713897705,672
RKAZ.CA,Industrials,2023-12-10 22:00:00,3.5299999713897705,3.180000066757202,3.180000066757202,3.5299999713897705,3.5299999713897705,160
RKAZ.CA,Industrials,2023-12-11 22:00:00,3.5299999713897705,3.5299999713897705,3.5299999713897705,3.5299999713897705,3.5299999713897705,0
RKAZ.CA,Industrials,2023-12-12 22:00:00,3.5299999713897705,3.180000066757202,3.180000066757202,3.5299999713897705,3.5299999713897705,62
RKAZ.CA,Industrials,2023-12-13 22:00:00,3.5299999713897705,3.5299999713897705,3.5299999713897705,3.5299999713897705,3.5299999713897705,0
RKAZ.CA,Industrials,2023-12-16 22:00:00,3.5299999713897705,3.5299999713897705,3.5299999713897705,3.5299999713897705,3.5299999713897705,0
RKAZ.CA,Industrials,2023-12-17 22:00:00,3.5299999713897705,3.5299999713897705,3.5299999713897705,3.5299999713897705,3.5299999713897705,0
RKAZ.CA,Industrials,2023-12-18 22:00:00,3.5299999713897705,3.5299999713897705,3.5299999713897705,3.5299999713897705,3.5299999713897705,0
RKAZ.CA,Industrials,2023-12-19 22:00:00,3.5299999713897705,3.5299999713897705,3.5299999713897705,3.5299999713897705,3.5299999713897705,0
RKAZ.CA,Industrials,2023-12-20 22:00:00,3.5299999713897705,3.5299999713897705,3.5299999713897705,3.5299999713897705,3.5299999713897705,0
RKAZ.CA,Industrials,2023-12-23 22:00:00,3.5299999713897705,3.5299999713897705,3.5299999713897705,3.5299999713897705,3.5299999713897705,0
RKAZ.CA,Industrials,2023-12-24 22:00:00,3.5299999713897705,3.5299999713897705,3.5299999713897705,3.5299999713897705,3.5299999713897705,0
RKAZ.CA,Industrials,2023-12-25 22:00:00,3.5299999713897705,3.5299999713897705,3.5299999713897705,3.5299999713897705,3.5299999713897705,0
RKAZ.CA,Industrials,2023-12-26 22:00:00,3.5299999713897705,3.5299999713897705,3.5299999713897705,3.5299999713897705,3.5299999713897705,0
RKAZ.CA,Industrials,2023-12-27 22:00:00,3.5299999713897705,3.5299999713897705,3.5299999713897705,3.5299999713897705,3.5299999713897705,0
RKAZ.CA,Industrials,2023-12-30 22:00:00,3.5299999713897705,3.5299999713897705,3.5299999713897705,3.5299999713897705,3.5299999713897705,0
RKAZ.CA,Industrials,2024-01-01 22:00:00,3.5299999713897705,3.5299999713897705,3.5299999713897705,3.5299999713897705,3.5299999713897705,0
RKAZ.CA,Industrials,2024-01-02 22:00:00,3.5299999713897705,3.5299999713897705,3.5299999713897705,3.5299999713897705,3.5299999713897705,0
RKAZ.CA,Industrials,2024-01-03 22:00:00,3.5299999713897705,3.5299999713897705,3.5299999713897705,3.5299999713897705,3.5299999713897705,0
RKAZ.CA,Industrials,2024-01-07 22:00:00,3.5299999713897705,3.5299999713897705,3.5299999713897705,3.5299999713897705,3.5299999713897705,0
RKAZ.CA,Industrials,2024-01-08 22:00:00,3.5299999713897705,3.180000066757202,3.180000066757202,3.5299999713897705,3.5299999713897705,5000
RKAZ.CA,Industrials,2024-01-09 22:00:00,3.5299999713897705,3.5299999713897705,3.180000066757202,3.5299999713897705,3.5299999713897705,4
RKAZ.CA,Industrials,2024-01-10 22:00:00,3.5299999713897705,3.180000066757202,3.180000066757202,3.5299999713897705,3.5299999713897705,1002
RKAZ.CA,Industrials,2024-01-13 22:00:00,3.5299999713897705,3.180000066757202,3.180000066757202,3.5299999713897705,3.5299999713897705,133
RKAZ.CA,Industrials,2024-01-14 22:00:00,3.5299999713897705,3.5299999713897705,3.5299999713897705,3.5299999713897705,3.5299999713897705,0
RKAZ.CA,Industrials,2024-01-15 22:00:00,3.5299999713897705,3.190000057220459,3.180000066757202,3.5299999713897705,3.5299999713897705,16730
RKAZ.CA,Industrials,2024-01-16 22:00:00,3.5299999713897705,3.180000066757202,3.180000066757202,3.5299999713897705,3.5299999713897705,6013
RKAZ.CA,Industrials,2024-01-17 22:00:00,3.5299999713897705,3.180000066757202,3.180000066757202,3.5299999713897705,3.5299999713897705,2056
RKAZ.CA,Industrials,2024-01-20 22:00:00,3.5299999713897705,3.180000066757202,3.180000066757202,3.5299999713897705,3.5299999713897705,13667
RKAZ.CA,Industrials,2024-01-21 22:00:00,3.5299999713897705,3.5299999713897705,3.5299999713897705,3.5299999713897705,3.5299999713897705,0
RKAZ.CA,Industrials,2024-01-22 22:00:00,3.5299999713897705,3.5299999713897705,3.5299999713897705,3.5299999713897705,3.5299999713897705,0
RKAZ.CA,Industrials,2024-01-23 22:00:00,3.5299999713897705,3.180000066757202,3.180000066757202,3.5299999713897705,3.5299999713897705,696
RKAZ.CA,Industrials,2024-01-27 22:00:00,3.5299999713897705,3.5299999713897705,3.5299999713897705,3.5299999713897705,3.5299999713897705,0
RKAZ.CA,Industrials,2024-01-28 22:00:00,3.5299999713897705,3.180000066757202,3.180000066757202,3.5299999713897705,3.5299999713897705,861
RKAZ.CA,Industrials,2024-01-29 22:00:00,3.5299999713897705,3.190000057220459,3.180000066757202,3.5299999713897705,3.5299999713897705,5306
RKAZ.CA,Industrials,2024-01-30 22:00:00,3.5299999713897705,3.5299999713897705,3.5299999713897705,3.5299999713897705,3.5299999713897705,0
RKAZ.CA,Industrials,2024-01-31 22:00:00,3.5299999713897705,3.5299999713897705,3.5299999713897705,3.5299999713897705,3.5299999713897705,0
RKAZ.CA,Industrials,2024-02-03 22:00:00,3.5299999713897705,3.5299999713897705,3.5299999713897705,3.5299999713897705,3.5299999713897705,0
RKAZ.CA,Industrials,2024-02-04 22:00:00,3.5299999713897705,3.5299999713897705,3.5299999713897705,3.5299999713897705,3.5299999713897705,0
RKAZ.CA,Industrials,2024-02-05 22:00:00,3.5299999713897705,3.5299999713897705,3.5299999713897705,3.5299999713897705,3.5299999713897705,0
RKAZ.CA,Industrials,2024-02-06 22:00:00,3.5299999713897705,3.5299999713897705,3.5299999713897705,3.5299999713897705,3.5299999713897705,0
RKAZ.CA,Industrials,2024-02-07 22:00:00,3.5299999713897705,3.180000066757202,3.180000066757202,3.5299999713897705,3.5299999713897705,10027
RKAZ.CA,Industrials,2024-02-10 22:00:00,3.5299999713897705,3.180000066757202,3.180000066757202,3.5299999713897705,3.5299999713897705,7250
RKAZ.CA,Industrials,2024-02-11 22:00:00,3.5299999713897705,3.180000066757202,3.180000066757202,3.5299999713897705,3.5299999713897705,3515
RKAZ.CA,Industrials,2024-02-12 22:00:00,3.5299999713897705,3.5299999713897705,3.5299999713897705,3.5299999713897705,3.5299999713897705,0
RKAZ.CA,Industrials,2024-02-13 22:00:00,3.5299999713897705,3.5299999713897705,3.5299999713897705,3.5299999713897705,3.5299999713897705,0
RKAZ.CA,Industrials,2024-02-14 22:00:00,3.5299999713897705,3.180000066757202,3.180000066757202,3.5299999713897705,3.5299999713897705,50
RKAZ.CA,Industrials,2024-02-17 22:00:00,3.5299999713897705,3.5299999713897705,3.5299999713897705,3.5299999713897705,3.5299999713897705,0
RKAZ.CA,Industrials,2024-02-18 22:00:00,3.5299999713897705,3.5299999713897705,3.5299999713897705,3.5299999713897705,3.5299999713897705,0
RKAZ.CA,Industrials,2024-02-19 22:00:00,3.5299999713897705,3.5299999713897705,3.5299999713897705,3.5299999713897705,3.5299999713897705,0
RKAZ.CA,Industrials,2024-02-20 22:00:00,3.5299999713897705,3.180000066757202,3.180000066757202,3.5299999713897705,3.5299999713897705,1
RKAZ.CA,Industrials,2024-02-21 22:00:00,3.5299999713897705,3.5299999713897705,3.5299999713897705,3.5299999713897705,3.5299999713897705,0
RKAZ.CA,Industrials,2024-02-24 22:00:00,3.5299999713897705,3.180000066757202,3.180000066757202,3.5299999713897705,3.5299999713897705,1
RKAZ.CA,Industrials,2024-02-25 22:00:00,3.5299999713897705,3.5299999713897705,3.5299999713897705,3.5299999713897705,3.5299999713897705,0
RKAZ.CA,Industrials,2024-02-26 22:00:00,3.5299999713897705,3.5299999713897705,3.5299999713897705,3.5299999713897705,3.5299999713897705,0
RKAZ.CA,Industrials,2024-02-27 22:00:00,3.5299999713897705,3.240000009536743,3.180000066757202,3.190000057220459,3.190000057220459,160881
RKAZ.CA,Industrials,2024-02-28 22:00:00,3.190000057220459,3.140000104904175,2.880000114440918,2.880000114440918,2.880000114440918,61225
RKAZ.CA,Industrials,2024-03-02 22:00:00,2.880000114440918,3.1600000858306885,3.0,3.1600000858306885,3.1600000858306885,99556
RKAZ.CA,Industrials,2024-03-03 22:00:00,3.1600000858306885,3.3499999046325684,2.9100000858306885,3.1600000858306885,3.1600000858306885,32983
RKAZ.CA,Industrials,2024-03-04 22:00:00,3.1600000858306885,3.200000047683716,2.9000000953674316,3.1600000858306885,3.1600000858306885,26824
RKAZ.CA,Industrials,2024-03-05 22:00:00,3.1600000858306885,3.0,2.8499999046325684,3.1600000858306885,3.1600000858306885,11981
RKAZ.CA,Industrials,2024-03-06 22:00:00,3.1600000858306885,2.9100000858306885,2.8499999046325684,3.1600000858306885,3.1600000858306885,28491
RKAZ.CA,Industrials,2024-03-09 22:00:00,3.1600000858306885,2.950000047683716,2.8499999046325684,3.1600000858306885,3.1600000858306885,23836
RKAZ.CA,Industrials,2024-03-10 22:00:00,3.1600000858306885,2.9200000762939453,2.8499999046325684,3.1600000858306885,3.1600000858306885,21154
RKAZ.CA,Industrials,2024-03-11 22:00:00,3.1600000858306885,3.1500000953674316,2.8499999046325684,3.1600000858306885,3.1600000858306885,21001
RKAZ.CA,Industrials,2024-03-12 22:00:00,3.1600000858306885,3.0,2.8499999046325684,2.880000114440918,2.880000114440918,120719
RKAZ.CA,Industrials,2024-03-13 22:00:00,2.880000114440918,3.0,2.6600000858306885,2.990000009536743,2.990000009536743,158906
RKAZ.CA,Industrials,2024-03-16 22:00:00,2.990000009536743,3.0,2.8499999046325684,2.990000009536743,2.990000009536743,36713
RKAZ.CA,Industrials,2024-03-17 22:00:00,2.990000009536743,3.0,2.859999895095825,2.930000066757202,2.930000066757202,55201
RKAZ.CA,Industrials,2024-03-18 22:00:00,2.930000066757202,3.1500000953674316,2.8499999046325684,3.059999942779541,3.059999942779541,52250
RKAZ.CA,Industrials,2024-03-19 22:00:00,3.059999942779541,3.200000047683716,2.9100000858306885,3.059999942779541,3.059999942779541,37703
RKAZ.CA,Industrials,2024-03-20 22:00:00,3.059999942779541,3.359999895095825,2.930000066757202,3.059999942779541,3.059999942779541,35101
RKAZ.CA,Industrials,2024-03-23 22:00:00,3.059999942779541,3.359999895095825,3.1600000858306885,3.059999942779541,3.059999942779541,13171
RKAZ.CA,Industrials,2024-03-24 22:00:00,3.059999942779541,3.359999895095825,3.259999990463257,3.059999942779541,3.059999942779541,22846
RKAZ.CA,Industrials,2024-03-25 22:00:00,3.059999942779541,3.359999895095825,3.059999942779541,3.059999942779541,3.059999942779541,10226
RKAZ.CA,Industrials,2024-03-26 22:00:00,3.059999942779541,3.359999895095825,3.3499999046325684,3.059999942779541,3.059999942779541,15409
RKAZ.CA,Industrials,2024-03-27 22:00:00,3.059999942779541,3.359999895095825,3.359999895095825,3.059999942779541,3.059999942779541,33003
RKAZ.CA,Industrials,2024-03-30 22:00:00,3.059999942779541,3.359999895095825,3.109999895095825,3.319999933242798,3.319999933242798,100212
RKAZ.CA,Industrials,2024-03-31 22:00:00,3.319999933242798,3.359999895095825,3.359999895095825,3.319999933242798,3.319999933242798,310
RKAZ.CA,Industrials,2024-04-01 22:00:00,3.319999933242798,3.0299999713897705,3.009999990463257,3.319999933242798,3.319999933242798,6631
RKAZ.CA,Industrials,2024-04-02 22:00:00,3.319999933242798,3.4700000286102295,3.0299999713897705,3.319999933242798,3.319999933242798,1539
RKAZ.CA,Industrials,2024-04-03 22:00:00,3.319999933242798,3.059999942779541,3.059999942779541,3.319999933242798,3.319999933242798,5
RKAZ.CA,Industrials,2024-04-06 22:00:00,3.319999933242798,3.549999952316284,3.0399999618530273,3.319999933242798,3.319999933242798,19105
RKAZ.CA,Industrials,2024-04-07 22:00:00,3.319999933242798,3.319999933242798,3.319999933242798,3.319999933242798,3.319999933242798,0
RKAZ.CA,Industrials,2024-04-14 22:00:00,3.319999933242798,3.2799999713897705,3.009999990463257,3.319999933242798,3.319999933242798,26704
RKAZ.CA,Industrials,2024-04-15 22:00:00,3.319999933242798,3.25,2.990000009536743,3.319999933242798,3.319999933242798,10327
RKAZ.CA,Industrials,2024-04-16 22:00:00,3.319999933242798,3.049999952316284,3.0299999713897705,3.319999933242798,3.319999933242798,12
RKAZ.CA,Industrials,2024-04-17 22:00:00,3.319999933242798,3.049999952316284,3.0,3.319999933242798,3.319999933242798,10569
RKAZ.CA,Industrials,2024-04-20 22:00:00,3.319999933242798,3.0,2.990000009536743,3.319999933242798,3.319999933242798,10958
RKAZ.CA,Industrials,2024-04-21 22:00:00,3.319999933242798,2.990000009536743,2.990000009536743,3.319999933242798,3.319999933242798,6097
RKAZ.CA,Industrials,2024-04-22 22:00:00,3.319999933242798,3.319999933242798,3.319999933242798,3.319999933242798,3.319999933242798,0
RKAZ.CA,Industrials,2024-04-23 22:00:00,3.319999933242798,2.990000009536743,2.990000009536743,3.319999933242798,3.319999933242798,60
RKAZ.CA,Industrials,2024-04-27 21:00:00,3.319999933242798,3.319999933242798,3.319999933242798,3.319999933242798,3.319999933242798,0
RKAZ.CA,Industrials,2024-04-28 21:00:00,3.319999933242798,3.319999933242798,3.319999933242798,3.319999933242798,3.319999933242798,0
RKAZ.CA,Industrials,2024-04-29 21:00:00,3.319999933242798,3.319999933242798,3.319999933242798,3.319999933242798,3.319999933242798,0
RKAZ.CA,Industrials,2024-04-30 21:00:00,3.319999933242798,3.319999933242798,3.319999933242798,3.319999933242798,3.319999933242798,0
RKAZ.CA,Industrials,2024-05-01 21:00:00,3.319999933242798,3.319999933242798,3.319999933242798,3.319999933242798,3.319999933242798,0
RKAZ.CA,Industrials,2024-05-06 21:00:00,3.319999933242798,3.319999933242798,3.319999933242798,3.319999933242798,3.319999933242798,0
RKAZ.CA,Industrials,2024-05-07 21:00:00,3.319999933242798,3.319999933242798,3.319999933242798,3.319999933242798,3.319999933242798,0
RKAZ.CA,Industrials,2024-05-08 21:00:00,3.319999933242798,3.319999933242798,3.319999933242798,3.319999933242798,3.319999933242798,0
RKAZ.CA,Industrials,2024-05-11 21:00:00,3.319999933242798,3.319999933242798,3.319999933242798,3.319999933242798,3.319999933242798,0
RKAZ.CA,Industrials,2024-05-12 21:00:00,3.319999933242798,2.990000009536743,2.990000009536743,3.319999933242798,3.319999933242798,35
RKAZ.CA,Industrials,2024-05-13 21:00:00,3.319999933242798,3.319999933242798,3.319999933242798,3.319999933242798,3.319999933242798,0
RKAZ.CA,Industrials,2024-05-14 21:00:00,3.319999933242798,2.990000009536743,2.990000009536743,3.319999933242798,3.319999933242798,3
RKAZ.CA,Industrials,2024-05-15 21:00:00,3.319999933242798,3.319999933242798,3.319999933242798,3.319999933242798,3.319999933242798,0
RKAZ.CA,Industrials,2024-05-18 21:00:00,3.319999933242798,3.319999933242798,3.319999933242798,3.319999933242798,3.319999933242798,0
RKAZ.CA,Industrials,2024-05-19 21:00:00,3.319999933242798,2.990000009536743,2.990000009536743,3.319999933242798,3.319999933242798,7
RKAZ.CA,Industrials,2024-05-20 21:00:00,3.319999933242798,3.319999933242798,3.319999933242798,3.319999933242798,3.319999933242798,0
RKAZ.CA,Industrials,2024-05-21 21:00:00,3.319999933242798,3.319999933242798,3.319999933242798,3.319999933242798,3.319999933242798,0
RKAZ.CA,Industrials,2024-05-22 21:00:00,3.319999933242798,3.319999933242798,3.319999933242798,3.319999933242798,3.319999933242798,0
RKAZ.CA,Industrials,2024-05-25 21:00:00,3.319999933242798,3.319999933242798,3.319999933242798,3.319999933242798,3.319999933242798,0
RKAZ.CA,Industrials,2024-05-26 21:00:00,3.319999933242798,3.319999933242798,3.319999933242798,3.319999933242798,3.319999933242798,0
RKAZ.CA,Industrials,2024-05-27 21:00:00,3.319999933242798,3.319999933242798,3.319999933242798,3.319999933242798,3.319999933242798,0
RKAZ.CA,Industrials,2024-05-28 21:00:00,3.319999933242798,3.319999933242798,3.319999933242798,3.319999933242798,3.319999933242798,0
RKAZ.CA,Industrials,2024-05-29 21:00:00,3.319999933242798,3.319999933242798,3.319999933242798,3.319999933242798,3.319999933242798,0
RKAZ.CA,Industrials,2024-06-01 21:00:00,3.319999933242798,2.990000009536743,2.990000009536743,3.319999933242798,3.319999933242798,1
RKAZ.CA,Industrials,2024-06-02 21:00:00,3.319999933242798,3.319999933242798,3.319999933242798,3.319999933242798,3.319999933242798,0
RKAZ.CA,Industrials,2024-06-03 21:00:00,3.319999933242798,3.319999933242798,3.319999933242798,3.319999933242798,3.319999933242798,0
RKAZ.CA,Industrials,2024-06-04 21:00:00,3.319999933242798,3.319999933242798,3.319999933242798,3.319999933242798,3.319999933242798,0
RKAZ.CA,Industrials,2024-06-05 21:00:00,3.319999933242798,3.319999933242798,3.319999933242798,3.319999933242798,3.319999933242798,0
RKAZ.CA,Industrials,2024-06-08 21:00:00,3.319999933242798,3.319999933242798,3.319999933242798,3.319999933242798,3.319999933242798,0
RKAZ.CA,Industrials,2024-06-09 21:00:00,3.319999933242798,3.319999933242798,3.319999933242798,3.319999933242798,3.319999933242798,0
RKAZ.CA,Industrials,2024-06-10 21:00:00,3.319999933242798,3.319999933242798,3.319999933242798,3.319999933242798,3.319999933242798,0
RKAZ.CA,Industrials,2024-06-11 21:00:00,3.319999933242798,3.319999933242798,3.319999933242798,3.319999933242798,3.319999933242798,0
RKAZ.CA,Industrials,2024-06-12 21:00:00,3.319999933242798,3.319999933242798,3.319999933242798,3.319999933242798,3.319999933242798,0
RKAZ.CA,Industrials,2024-06-22 21:00:00,3.319999933242798,3.319999933242798,3.319999933242798,3.319999933242798,3.319999933242798,0
RKAZ.CA,Industrials,2024-06-23 21:00:00,3.319999933242798,3.319999933242798,3.319999933242798,3.319999933242798,3.319999933242798,0
RKAZ.CA,Industrials,2024-06-24 21:00:00,3.319999933242798,3.319999933242798,3.319999933242798,3.319999933242798,3.319999933242798,0
RKAZ.CA,Industrials,2024-06-25 21:00:00,3.319999933242798,3.319999933242798,3.319999933242798,3.319999933242798,3.319999933242798,0
RKAZ.CA,Industrials,2024-06-26 21:00:00,3.319999933242798,2.990000009536743,2.990000009536743,3.319999933242798,3.319999933242798,1310
RKAZ.CA,Industrials,2024-07-01 21:00:00,3.319999933242798,3.319999933242798,3.319999933242798,3.319999933242798,3.319999933242798,0
RKAZ.CA,Industrials,2024-07-02 21:00:00,3.319999933242798,3.319999933242798,3.319999933242798,3.319999933242798,3.319999933242798,0
RKAZ.CA,Industrials,2024-07-03 21:00:00,3.319999933242798,3.319999933242798,3.319999933242798,3.319999933242798,3.319999933242798,0
RKAZ.CA,Industrials,2024-07-06 21:00:00,3.319999933242798,3.319999933242798,3.319999933242798,3.319999933242798,3.319999933242798,0
RKAZ.CA,Industrials,2024-07-07 21:00:00,3.319999933242798,3.319999933242798,3.319999933242798,3.319999933242798,3.319999933242798,0
RKAZ.CA,Industrials,2024-07-08 21:00:00,3.319999933242798,2.990000009536743,2.990000009536743,3.319999933242798,3.319999933242798,16
RKAZ.CA,Industrials,2024-07-09 21:00:00,3.319999933242798,3.319999933242798,3.319999933242798,3.319999933242798,3.319999933242798,0
RKAZ.CA,Industrials,2024-07-13 21:00:00,3.319999933242798,3.319999933242798,3.319999933242798,3.319999933242798,3.319999933242798,0
RKAZ.CA,Industrials,2024-07-14 21:00:00,3.319999933242798,3.319999933242798,3.319999933242798,3.319999933242798,3.319999933242798,0
RKAZ.CA,Industrials,2024-07-15 21:00:00,3.319999933242798,3.319999933242798,3.319999933242798,3.319999933242798,3.319999933242798,0
RKAZ.CA,Industrials,2024-07-16 21:00:00,3.319999933242798,3.319999933242798,3.319999933242798,3.319999933242798,3.319999933242798,0
RKAZ.CA,Industrials,2024-07-17 21:00:00,3.319999933242798,2.990000009536743,2.990000009536743,3.319999933242798,3.319999933242798,7228
RKAZ.CA,Industrials,2024-07-20 21:00:00,3.319999933242798,3.319999933242798,3.319999933242798,3.319999933242798,3.319999933242798,0
RKAZ.CA,Industrials,2024-07-21 21:00:00,3.319999933242798,3.319999933242798,3.319999933242798,3.319999933242798,3.319999933242798,0
RKAZ.CA,Industrials,2024-07-22 21:00:00,3.319999933242798,3.319999933242798,3.319999933242798,3.319999933242798,3.319999933242798,0
RKAZ.CA,Industrials,2024-07-23 21:00:00,3.319999933242798,3.319999933242798,3.319999933242798,3.319999933242798,3.319999933242798,0
RKAZ.CA,Industrials,2024-07-27 21:00:00,3.319999933242798,3.319999933242798,3.319999933242798,3.319999933242798,3.319999933242798,0
RKAZ.CA,Industrials,2024-07-28 21:00:00,3.319999933242798,3.319999933242798,3.319999933242798,3.319999933242798,3.319999933242798,0
RKAZ.CA,Industrials,2024-07-29 21:00:00,3.319999933242798,2.990000009536743,2.990000009536743,3.319999933242798,3.319999933242798,5007
RKAZ.CA,Industrials,2024-07-30 21:00:00,3.319999933242798,3.319999933242798,3.319999933242798,3.319999933242798,3.319999933242798,0
RKAZ.CA,Industrials,2024-07-31 21:00:00,3.319999933242798,3.319999933242798,3.319999933242798,3.319999933242798,3.319999933242798,0
RKAZ.CA,Industrials,2024-08-03 21:00:00,3.319999933242798,3.319999933242798,3.319999933242798,3.319999933242798,3.319999933242798,0
RKAZ.CA,Industrials,2024-08-04 21:00:00,3.319999933242798,3.319999933242798,3.319999933242798,3.319999933242798,3.319999933242798,0
RKAZ.CA,Industrials,2024-08-05 21:00:00,3.319999933242798,3.319999933242798,3.319999933242798,3.319999933242798,3.319999933242798,0
RKAZ.CA,Industrials,2024-08-06 21:00:00,3.319999933242798,3.319999933242798,3.319999933242798,3.319999933242798,3.319999933242798,0
RKAZ.CA,Industrials,2024-08-07 21:00:00,3.319999933242798,3.319999933242798,3.319999933242798,3.319999933242798,3.319999933242798,0
RKAZ.CA,Industrials,2024-08-10 21:00:00,3.319999933242798,3.319999933242798,3.319999933242798,3.319999933242798,3.319999933242798,0
RKAZ.CA,Industrials,2024-08-11 21:00:00,3.319999933242798,3.319999933242798,3.319999933242798,3.319999933242798,3.319999933242798,0
RKAZ.CA,Industrials,2024-08-12 21:00:00,3.319999933242798,3.319999933242798,3.319999933242798,3.319999933242798,3.319999933242798,0
RKAZ.CA,Industrials,2024-08-13 21:00:00,3.319999933242798,3.319999933242798,3.319999933242798,3.319999933242798,3.319999933242798,0
RKAZ.CA,Industrials,2024-08-14 21:00:00,3.319999933242798,2.990000009536743,2.990000009536743,3.319999933242798,3.319999933242798,182
RKAZ.CA,Industrials,2024-08-17 21:00:00,3.319999933242798,3.319999933242798,3.319999933242798,3.319999933242798,3.319999933242798,0
RKAZ.CA,Industrials,2024-08-18 21:00:00,3.319999933242798,2.990000009536743,2.990000009536743,3.319999933242798,3.319999933242798,4097
RKAZ.CA,Industrials,2024-08-19 21:00:00,3.319999933242798,3.319999933242798,3.319999933242798,3.319999933242798,3.319999933242798,0
RKAZ.CA,Industrials,2024-08-20 21:00:00,3.319999933242798,3.319999933242798,3.319999933242798,3.319999933242798,3.319999933242798,0
RKAZ.CA,Industrials,2024-08-21 21:00:00,3.319999933242798,3.319999933242798,3.319999933242798,3.319999933242798,3.319999933242798,0
RKAZ.CA,Industrials,2024-08-24 21:00:00,3.319999933242798,2.990000009536743,2.990000009536743,3.319999933242798,3.319999933242798,100
RKAZ.CA,Industrials,2024-08-25 21:00:00,3.319999933242798,3.319999933242798,3.319999933242798,3.319999933242798,3.319999933242798,0
RKAZ.CA,Industrials,2024-08-26 21:00:00,3.319999933242798,2.990000009536743,2.990000009536743,3.319999933242798,3.319999933242798,666
RKAZ.CA,Industrials,2024-08-27 21:00:00,3.319999933242798,3.319999933242798,3.319999933242798,3.319999933242798,3.319999933242798,0
RKAZ.CA,Industrials,2024-08-28 21:00:00,3.319999933242798,3.319999933242798,3.319999933242798,3.319999933242798,3.319999933242798,0
RKAZ.CA,Industrials,2024-08-31 21:00:00,3.319999933242798,3.319999933242798,3.319999933242798,3.319999933242798,3.319999933242798,0
RKAZ.CA,Industrials,2024-09-01 21:00:00,3.319999933242798,2.990000009536743,2.990000009536743,3.319999933242798,3.319999933242798,544
RKAZ.CA,Industrials,2024-09-02 21:00:00,3.319999933242798,3.319999933242798,3.319999933242798,3.319999933242798,3.319999933242798,0
RKAZ.CA,Industrials,2024-09-03 21:00:00,3.319999933242798,2.990000009536743,2.990000009536743,3.319999933242798,3.319999933242798,2414
RKAZ.CA,Industrials,2024-09-04 21:00:00,3.319999933242798,2.990000009536743,2.990000009536743,3.319999933242798,3.319999933242798,15
RKAZ.CA,Industrials,2024-09-07 21:00:00,3.319999933242798,3.319999933242798,3.319999933242798,3.319999933242798,3.319999933242798,0
RKAZ.CA,Industrials,2024-09-08 21:00:00,3.319999933242798,3.319999933242798,3.319999933242798,3.319999933242798,3.319999933242798,0
RKAZ.CA,Industrials,2024-09-09 21:00:00,3.319999933242798,3.319999933242798,3.319999933242798,3.319999933242798,3.319999933242798,0
RKAZ.CA,Industrials,2024-09-10 21:00:00,3.319999933242798,3.319999933242798,3.319999933242798,3.319999933242798,3.319999933242798,0
RKAZ.CA,Industrials,2024-09-11 21:00:00,3.319999933242798,2.990000009536743,2.990000009536743,2.990000009536743,2.990000009536743,80960
RKAZ.CA,Industrials,2024-09-15 21:00:00,2.990000009536743,2.990000009536743,2.7100000381469727,2.990000009536743,2.990000009536743,6876
RKAZ.CA,Industrials,2024-09-16 21:00:00,2.990000009536743,3.190000057220459,2.700000047683716,2.990000009536743,2.990000009536743,19572
RKAZ.CA,Industrials,2024-09-17 21:00:00,2.990000009536743,3.0,2.700000047683716,2.990000009536743,2.990000009536743,32890
RKAZ.CA,Industrials,2024-09-18 21:00:00,2.990000009536743,2.7300000190734863,2.7300000190734863,2.990000009536743,2.990000009536743,7290
RKAZ.CA,Industrials,2024-09-21 21:00:00,2.990000009536743,2.9800000190734863,2.700000047683716,2.990000009536743,2.990000009536743,1244
RKAZ.CA,Industrials,2024-09-22 21:00:00,2.990000009536743,3.2799999713897705,2.7799999713897705,2.990000009536743,2.990000009536743,47316
RKAZ.CA,Industrials,2024-09-23 21:00:00,2.990000009536743,2.990000009536743,2.990000009536743,2.990000009536743,2.990000009536743,0
RKAZ.CA,Industrials,2024-09-24 21:00:00,2.990000009536743,3.25,2.799999952316284,2.990000009536743,2.990000009536743,1016
RKAZ.CA,Industrials,2024-09-25 21:00:00,2.990000009536743,2.990000009536743,2.990000009536743,2.990000009536743,2.990000009536743,0
RKAZ.CA,Industrials,2024-09-28 21:00:00,2.990000009536743,3.200000047683716,2.859999895095825,2.990000009536743,2.990000009536743,403
RKAZ.CA,Industrials,2024-09-29 21:00:00,2.990000009536743,2.990000009536743,2.799999952316284,2.990000009536743,2.990000009536743,9000
RKAZ.CA,Industrials,2024-09-30 21:00:00,2.990000009536743,2.9000000953674316,2.7699999809265137,2.990000009536743,2.990000009536743,1103
RKAZ.CA,Industrials,2024-10-01 21:00:00,2.990000009536743,2.7699999809265137,2.740000009536743,2.990000009536743,2.990000009536743,90
RKAZ.CA,Industrials,2024-10-02 21:00:00,2.990000009536743,2.9000000953674316,2.700000047683716,2.990000009536743,2.990000009536743,42137
RKAZ.CA,Industrials,2024-10-06 21:00:00,2.990000009536743,2.700000047683716,2.700000047683716,2.700000047683716,2.700000047683716,71807
RKAZ.CA,Industrials,2024-10-07 21:00:00,2.700000047683716,2.440000057220459,2.430000066757202,2.430000066757202,2.430000066757202,73410
RKAZ.CA,Industrials,2024-10-08 21:00:00,2.430000066757202,2.190000057220459,2.190000057220459,2.190000057220459,2.190000057220459,147788
RKAZ.CA,Industrials,2024-10-09 21:00:00,2.190000057220459,2.0,1.9800000190734863,1.9800000190734863,1.9800000190734863,226470
RKAZ.CA,Industrials,2024-10-12 21:00:00,1.9800000190734863,1.7899999618530273,1.7899999618530273,1.7899999618530273,1.7899999618530273,91713
RKAZ.CA,Industrials,2024-10-13 21:00:00,1.7899999618530273,1.940000057220459,1.6200000047683716,1.6200000047683716,1.6200000047683716,2336222
RKAZ.CA,Industrials,2024-10-14 21:00:00,1.6200000047683716,1.7799999713897705,1.649999976158142,1.7799999713897705,1.7799999713897705,297120
RKAZ.CA,Industrials,2024-10-15 21:00:00,1.7799999713897705,1.8300000429153442,1.6100000143051147,1.6799999475479126,1.6799999475479126,160315
RKAZ.CA,Industrials,2024-10-16 21:00:00,1.6799999475479126,1.6799999475479126,1.590000033378601,1.6799999475479126,1.6799999475479126,45786
RKAZ.CA,Industrials,2024-10-19 21:00:00,1.6799999475479126,1.690000057220459,1.5199999809265137,1.5399999618530273,1.5399999618530273,173329
RKAZ.CA,Industrials,2024-10-20 21:00:00,1.5399999618530273,1.659999966621399,1.4600000381469727,1.6200000047683716,1.6200000047683716,93393
RKAZ.CA,Industrials,2024-10-21 21:00:00,1.6200000047683716,1.7799999713897705,1.4900000095367432,1.7599999904632568,1.7599999904632568,170379
RKAZ.CA,Industrials,2024-10-22 21:00:00,1.7599999904632568,1.7799999713897705,1.6299999952316284,1.7300000190734863,1.7300000190734863,114068
RKAZ.CA,Industrials,2024-10-23 21:00:00,1.7300000190734863,1.7599999904632568,1.6299999952316284,1.7300000190734863,1.7300000190734863,60322
RKAZ.CA,Industrials,2024-10-26 21:00:00,1.7300000190734863,1.7899999618530273,1.659999966621399,1.7599999904632568,1.7599999904632568,264904
RKAZ.CA,Industrials,2024-10-27 21:00:00,1.7599999904632568,1.7999999523162842,1.690000057220459,1.7599999904632568,1.7599999904632568,40120
RKAZ.CA,Industrials,2024-10-28 21:00:00,1.7599999904632568,1.7799999713897705,1.649999976158142,1.7100000381469727,1.7100000381469727,159876
RKAZ.CA,Industrials,2024-10-29 21:00:00,1.7100000381469727,1.7300000190734863,1.600000023841858,1.6299999952316284,1.6299999952316284,123969
RKAZ.CA,Industrials,2024-10-30 21:00:00,1.6299999952316284,1.7100000381469727,1.5800000429153442,1.6299999952316284,1.6299999952316284,71237
RKAZ.CA,Industrials,2024-11-02 22:00:00,1.6299999952316284,1.7899999618530273,1.6200000047683716,1.7599999904632568,1.7599999904632568,196134
RKAZ.CA,Industrials,2024-11-03 22:00:00,1.7599999904632568,1.850000023841858,1.75,1.7599999904632568,1.7599999904632568,46733
RKAZ.CA,Industrials,2024-11-04 22:00:00,1.7599999904632568,1.8700000047683716,1.7000000476837158,1.7899999618530273,1.7899999618530273,160103
RKAZ.CA,Industrials,2024-11-05 22:00:00,1.7899999618530273,1.8200000524520874,1.7300000190734863,1.7899999618530273,1.7899999618530273,71476
RKAZ.CA,Industrials,2024-11-06 22:00:00,1.7899999618530273,1.9199999570846558,1.7999999523162842,1.8899999856948853,1.8899999856948853,90535
RKAZ.CA,Industrials,2024-11-09 22:00:00,1.8899999856948853,2.069999933242798,1.8600000143051147,1.909999966621399,1.909999966621399,172007
RKAZ.CA,Industrials,2024-11-10 22:00:00,1.909999966621399,2.0299999713897705,1.8700000047683716,1.909999966621399,1.909999966621399,121546
RKAZ.CA,Industrials,2024-11-11 22:00:00,1.909999966621399,1.9700000286102295,1.75,1.8300000429153442,1.8300000429153442,166973
RKAZ.CA,Industrials,2024-11-12 22:00:00,1.8300000429153442,1.899999976158142,1.75,1.7599999904632568,1.7599999904632568,151652
RKAZ.CA,Industrials,2024-11-13 22:00:00,1.7599999904632568,1.9299999475479126,1.7999999523162842,1.9299999475479126,1.9299999475479126,798740
RKAZ.CA,Industrials,2024-11-16 22:00:00,1.9299999475479126,2.119999885559082,2.119999885559082,2.119999885559082,2.119999885559082,229747
RKAZ.CA,Industrials,2024-11-17 22:00:00,2.119999885559082,2.3299999237060547,1.9299999475479126,2.3299999237060547,2.3299999237060547,615786
RKAZ.CA,Industrials,2024-11-18 22:00:00,2.3299999237060547,2.559999942779541,2.4600000381469727,2.559999942779541,2.559999942779541,383666
RKAZ.CA,Industrials,2024-11-19 22:00:00,2.559999942779541,2.559999942779541,2.309999942779541,2.4000000953674316,2.4000000953674316,278298
RKAZ.CA,Industrials,2024-11-20 22:00:00,2.4000000953674316,2.640000104904175,2.1600000858306885,2.640000104904175,2.640000104904175,550511
RKAZ.CA,Industrials,2024-11-23 22:00:00,2.640000104904175,2.9000000953674316,2.380000114440918,2.380000114440918,2.380000114440918,1929075
RKAZ.CA,Industrials,2024-11-24 22:00:00,2.380000114440918,2.5999999046325684,2.1700000762939453,2.2799999713897705,2.2799999713897705,673013
RKAZ.CA,Industrials,2024-11-25 22:00:00,2.2799999713897705,2.430000066757202,2.0999999046325684,2.200000047683716,2.200000047683716,763321
RKAZ.CA,Industrials,2024-11-26 22:00:00,2.200000047683716,2.3499999046325684,2.1600000858306885,2.2100000381469727,2.2100000381469727,333613
RKAZ.CA,Industrials,2024-11-27 22:00:00,2.2100000381469727,2.2899999618530273,2.009999990463257,2.190000057220459,2.190000057220459,928621
RKAZ.CA,Industrials,2024-11-30 22:00:00,2.190000057220459,2.240000009536743,1.9900000095367432,2.109999895095825,2.109999895095825,373932
RKAZ.CA,Industrials,2024-12-01 22:00:00,2.109999895095825,2.1500000953674316,1.9600000381469727,2.0999999046325684,2.0999999046325684,471046
RKAZ.CA,Industrials,2024-12-02 22:00:00,2.0999999046325684,2.309999942779541,2.0799999237060547,2.309999942779541,2.309999942779541,741185
RKAZ.CA,Industrials,2024-12-03 22:00:00,2.309999942779541,2.3299999237060547,2.200000047683716,2.25,2.25,207333
RKAZ.CA,Industrials,2024-12-04 22:00:00,2.25,2.25,2.119999885559082,2.1500000953674316,2.1500000953674316,442355
RKAZ.CA,Industrials,2024-12-07 22:00:00,2.1500000953674316,2.180000066757202,2.069999933242798,2.109999895095825,2.109999895095825,241770
RKAZ.CA,Industrials,2024-12-08 22:00:00,2.109999895095825,2.1600000858306885,2.0899999141693115,2.119999885559082,2.119999885559082,188787
RKAZ.CA,Industrials,2024-12-09 22:00:00,2.119999885559082,2.2300000190734863,2.0299999713897705,2.0799999237060547,2.0799999237060547,375302
RKAZ.CA,Industrials,2024-12-10 22:00:00,2.0799999237060547,2.1500000953674316,2.009999990463257,2.069999933242798,2.069999933242798,152158
RKAZ.CA,Industrials,2024-12-11 22:00:00,2.069999933242798,2.119999885559082,2.0,2.0399999618530273,2.0399999618530273,264977
RKAZ.CA,Industrials,2024-12-14 22:00:00,2.0399999618530273,2.0999999046325684,2.0199999809265137,2.049999952316284,2.049999952316284,138380
RKAZ.CA,Industrials,2024-12-15 22:00:00,2.049999952316284,2.0999999046325684,2.0,2.009999990463257,2.009999990463257,214994
RKAZ.CA,Industrials,2024-12-16 22:00:00,2.009999990463257,2.130000114440918,2.009999990463257,2.0899999141693115,2.0899999141693115,233855
RKAZ.CA,Industrials,2024-12-17 22:00:00,2.0899999141693115,2.2899999618530273,2.0799999237060547,2.2799999713897705,2.2799999713897705,837794
RKAZ.CA,Industrials,2024-12-18 22:00:00,2.2799999713897705,2.4800000190734863,2.1600000858306885,2.2899999618530273,2.2899999618530273,127792
RKAZ.CA,Industrials,2024-12-21 22:00:00,2.2899999618530273,2.2699999809265137,2.069999933242798,2.119999885559082,2.119999885559082,644875
RKAZ.CA,Industrials,2024-12-22 22:00:00,2.119999885559082,2.259999990463257,2.069999933242798,2.0999999046325684,2.0999999046325684,260067
RKAZ.CA,Industrials,2024-12-23 22:00:00,2.0999999046325684,2.309999942779541,2.009999990463257,2.0999999046325684,2.0999999046325684,343087
RKAZ.CA,Industrials,2024-12-24 22:00:00,2.0999999046325684,2.140000104904175,2.059999942779541,2.130000114440918,2.130000114440918,119342
RKAZ.CA,Industrials,2024-12-25 22:00:00,2.130000114440918,2.140000104904175,2.049999952316284,2.0799999237060547,2.0799999237060547,147047
RKAZ.CA,Industrials,2024-12-28 22:00:00,2.0799999237060547,2.140000104904175,2.049999952316284,2.069999933242798,2.069999933242798,106147
RKAZ.CA,Industrials,2024-12-29 22:00:00,2.069999933242798,2.119999885559082,2.0,2.069999933242798,2.069999933242798,63064
RKAZ.CA,Industrials,2024-12-30 22:00:00,2.069999933242798,2.0799999237060547,2.0,2.0399999618530273,2.0399999618530273,88260
RKAZ.CA,Industrials,2025-01-01 22:00:00,2.0399999618530273,2.0999999046325684,2.009999990463257,2.0399999618530273,2.0399999618530273,44593
RKAZ.CA,Industrials,2025-01-04 22:00:00,2.0399999618530273,2.109999895095825,2.0199999809265137,2.0299999713897705,2.0299999713897705,138293
RKAZ.CA,Industrials,2025-01-05 22:00:00,2.0299999713897705,2.2300000190734863,2.0399999618530273,2.1500000953674316,2.1500000953674316,425703
RKAZ.CA,Industrials,2025-01-07 22:00:00,2.1500000953674316,2.180000066757202,2.0799999237060547,2.109999895095825,2.109999895095825,82445
RKAZ.CA,Industrials,2025-01-08 22:00:00,2.109999895095825,2.1500000953674316,2.0799999237060547,2.119999885559082,2.119999885559082,163165
RKAZ.CA,Industrials,2025-01-11 22:00:00,2.119999885559082,2.140000104904175,2.069999933242798,2.0899999141693115,2.0899999141693115,107947
RKAZ.CA,Industrials,2025-01-12 22:00:00,2.0899999141693115,2.1500000953674316,2.009999990463257,2.049999952316284,2.049999952316284,103731
RKAZ.CA,Industrials,2025-01-13 22:00:00,2.049999952316284,2.0999999046325684,2.0,2.049999952316284,2.049999952316284,122948
RKAZ.CA,Industrials,2025-01-14 22:00:00,2.049999952316284,2.0899999141693115,2.0,2.049999952316284,2.049999952316284,63616
RKAZ.CA,Industrials,2025-01-15 22:00:00,2.049999952316284,2.0899999141693115,2.0199999809265137,2.049999952316284,2.049999952316284,24499
RKAZ.CA,Industrials,2025-01-18 22:00:00,2.049999952316284,2.0899999141693115,2.0199999809265137,2.049999952316284,2.049999952316284,138783
RKAZ.CA,Industrials,2025-01-19 22:00:00,2.0399999618530273,2.059999942779541,2.0,2.0299999713897705,2.0299999713897705,264414
RKAZ.CA,Industrials,2025-01-20 22:00:00,2.0299999713897705,2.059999942779541,2.0199999809265137,2.0299999713897705,2.0299999713897705,52656
RKAZ.CA,Industrials,2025-01-21 22:00:00,2.0299999713897705,2.049999952316284,2.0199999809265137,2.0299999713897705,2.0299999713897705,18633
RKAZ.CA,Industrials,2025-01-22 22:00:00,2.0299999713897705,2.049999952316284,2.0199999809265137,2.0299999713897705,2.0299999713897705,33645
RKAZ.CA,Industrials,2025-01-25 22:00:00,2.0299999713897705,2.049999952316284,2.0,2.0299999713897705,2.0299999713897705,46484
RKAZ.CA,Industrials,2025-01-26 22:00:00,2.0299999713897705,2.009999990463257,1.9700000286102295,2.0299999713897705,2.0299999713897705,61950
RKAZ.CA,Industrials,2025-01-27 22:00:00,2.0299999713897705,2.0,1.850000023841858,1.9299999475479126,1.9299999475479126,82947
RKAZ.CA,Industrials,2025-01-28 22:00:00,1.9299999475479126,1.9900000095367432,1.899999976158142,1.9299999475479126,1.9299999475479126,29987
RKAZ.CA,Industrials,2025-01-29 22:00:00,1.9299999475479126,1.9700000286102295,1.9299999475479126,1.9299999475479126,1.9299999475479126,11874
RKAZ.CA,Industrials,2025-02-01 22:00:00,1.9299999475479126,1.9800000190734863,1.899999976158142,1.9299999475479126,1.9299999475479126,51542
RKAZ.CA,Industrials,2025-02-02 22:00:00,1.9299999475479126,1.9500000476837158,1.899999976158142,1.9299999475479126,1.9299999475479126,63080
RKAZ.CA,Industrials,2025-02-03 22:00:00,1.9299999475479126,2.049999952316284,1.899999976158142,2.0,2.0,98336
RKAZ.CA,Industrials,2025-02-04 22:00:00,2.0,1.9800000190734863,1.8600000143051147,2.0,2.0,65227
RKAZ.CA,Industrials,2025-02-05 22:00:00,2.0,1.9700000286102295,1.909999966621399,1.9500000476837158,1.9500000476837158,97006
RKAZ.CA,Industrials,2025-02-08 22:00:00,1.9500000476837158,2.0299999713897705,1.9500000476837158,1.9500000476837158,1.9500000476837158,14232
RKAZ.CA,Industrials,2025-02-09 22:00:00,1.9500000476837158,1.9800000190734863,1.9199999570846558,1.940000057220459,1.940000057220459,78806
RKAZ.CA,Industrials,2025-02-10 22:00:00,1.940000057220459,1.9700000286102295,1.9199999570846558,1.9299999475479126,1.9299999475479126,81372
RKAZ.CA,Industrials,2025-02-11 22:00:00,1.9299999475479126,1.9500000476837158,1.8600000143051147,1.9199999570846558,1.9199999570846558,80321
RKAZ.CA,Industrials,2025-02-12 22:00:00,1.9199999570846558,1.9700000286102295,1.8899999856948853,1.9199999570846558,1.9199999570846558,14125
RKAZ.CA,Industrials,2025-02-15 22:00:00,1.9199999570846558,1.9700000286102295,1.8600000143051147,1.9199999570846558,1.9199999570846558,15600
RKAZ.CA,Industrials,2025-02-16 22:00:00,1.9199999570846558,1.8600000143051147,1.850000023841858,1.9199999570846558,1.9199999570846558,14510
RKAZ.CA,Industrials,2025-02-17 22:00:00,1.9199999570846558,1.940000057220459,1.8600000143051147,1.9199999570846558,1.9199999570846558,17838
RKAZ.CA,Industrials,2025-02-18 22:00:00,1.9199999570846558,1.9199999570846558,1.8700000047683716,1.9199999570846558,1.9199999570846558,3317
RKAZ.CA,Industrials,2025-02-19 22:00:00,1.9199999570846558,1.9500000476837158,1.8600000143051147,1.9199999570846558,1.9199999570846558,37326
RKAZ.CA,Industrials,2025-02-22 22:00:00,1.9199999570846558,1.940000057220459,1.899999976158142,1.9199999570846558,1.9199999570846558,3552
RKAZ.CA,Industrials,2025-02-23 22:00:00,1.9199999570846558,1.940000057220459,1.909999966621399,1.9199999570846558,1.9199999570846558,18150
RKAZ.CA,Industrials,2025-02-24 22:00:00,1.9199999570846558,1.899999976158142,1.8700000047683716,1.9199999570846558,1.9199999570846558,8374
RKAZ.CA,Industrials,2025-02-25 22:00:00,1.9199999570846558,1.899999976158142,1.8600000143051147,1.9199999570846558,1.9199999570846558,5678
RKAZ.CA,Industrials,2025-02-26 22:00:00,1.9199999570846558,1.909999966621399,1.899999976158142,1.9199999570846558,1.9199999570846558,17144
RKAZ.CA,Industrials,2025-03-01 22:00:00,1.9199999570846558,1.940000057220459,1.8700000047683716,1.9199999570846558,1.9199999570846558,30
RKAZ.CA,Industrials,2025-03-02 22:00:00,1.9199999570846558,1.9299999475479126,1.8700000047683716,1.9199999570846558,1.9199999570846558,2618
RKAZ.CA,Industrials,2025-03-03 22:00:00,1.9199999570846558,1.8700000047683716,1.8600000143051147,1.9199999570846558,1.9199999570846558,8520
RKAZ.CA,Industrials,2025-03-04 22:00:00,1.9199999570846558,1.909999966621399,1.850000023841858,1.9199999570846558,1.9199999570846558,19092
RKAZ.CA,Industrials,2025-03-05 22:00:00,1.9199999570846558,1.9199999570846558,1.9199999570846558,1.9199999570846558,1.9199999570846558,0
RKAZ.CA,Industrials,2025-03-08 22:00:00,1.9199999570846558,1.899999976158142,1.8700000047683716,1.9199999570846558,1.9199999570846558,12351
RKAZ.CA,Industrials,2025-03-09 22:00:00,1.9199999570846558,1.9199999570846558,1.850000023841858,1.9199999570846558,1.9199999570846558,32000
RKAZ.CA,Industrials,2025-03-10 22:00:00,1.9199999570846558,1.909999966621399,1.8700000047683716,1.9199999570846558,1.9199999570846558,18454
RKAZ.CA,Industrials,2025-03-11 22:00:00,1.9199999570846558,1.909999966621399,1.809999942779541,1.9199999570846558,1.9199999570846558,21598
RKAZ.CA,Industrials,2025-03-12 22:00:00,1.9199999570846558,1.909999966621399,1.850000023841858,1.9199999570846558,1.9199999570846558,20733
RKAZ.CA,Industrials,2025-03-15 22:00:00,1.9199999570846558,1.909999966621399,1.850000023841858,1.9199999570846558,1.9199999570846558,12837
RKAZ.CA,Industrials,2025-03-16 22:00:00,1.9199999570846558,1.909999966621399,1.809999942779541,1.9199999570846558,1.9199999570846558,49322
RKAZ.CA,Industrials,2025-03-17 22:00:00,1.9199999570846558,1.9199999570846558,1.809999942779541,1.9199999570846558,1.9199999570846558,34846
RKAZ.CA,Industrials,2025-03-18 22:00:00,1.9199999570846558,1.9199999570846558,1.8200000524520874,1.9199999570846558,1.9199999570846558,41896
RKAZ.CA,Industrials,2025-03-19 22:00:00,1.9199999570846558,1.909999966621399,1.8799999952316284,1.9199999570846558,1.9199999570846558,25021
RKAZ.CA,Industrials,2025-03-22 22:00:00,1.9199999570846558,1.909999966621399,1.8300000429153442,1.9199999570846558,1.9199999570846558,22384
RKAZ.CA,Industrials,2025-03-23 22:00:00,1.9199999570846558,1.8899999856948853,1.7999999523162842,1.9199999570846558,1.9199999570846558,8907
RKAZ.CA,Industrials,2025-03-24 22:00:00,1.9199999570846558,1.850000023841858,1.7300000190734863,1.9199999570846558,1.9199999570846558,44065
RKAZ.CA,Industrials,2025-03-25 22:00:00,1.9199999570846558,1.8799999952316284,1.75,1.9199999570846558,1.9199999570846558,3711
RKAZ.CA,Industrials,2025-03-26 22:00:00,1.9199999570846558,1.8700000047683716,1.7999999523162842,1.9199999570846558,1.9199999570846558,702
RKAZ.CA,Industrials,2025-04-02 22:00:00,1.9199999570846558,1.8700000047683716,1.840000033378601,1.9199999570846558,1.9199999570846558,3178
RKAZ.CA,Industrials,2025-04-05 22:00:00,1.9199999570846558,1.8799999952316284,1.7799999713897705,1.9199999570846558,1.9199999570846558,46584
RKAZ.CA,Industrials,2025-04-06 22:00:00,1.9199999570846558,1.8700000047683716,1.7699999809265137,1.9199999570846558,1.9199999570846558,3401
RKAZ.CA,Industrials,2025-04-07 22:00:00,1.9199999570846558,1.8700000047683716,1.8700000047683716,1.9199999570846558,1.9199999570846558,4
RKAZ.CA,Industrials,2025-04-08 22:00:00,1.9199999570846558,1.8899999856948853,1.7799999713897705,1.9199999570846558,1.9199999570846558,9649
RKAZ.CA,Industrials,2025-04-09 22:00:00,1.9199999570846558,1.8700000047683716,1.7899999618530273,1.9199999570846558,1.9199999570846558,25827
RKAZ.CA,Industrials,2025-04-12 22:00:00,1.9199999570846558,1.8899999856948853,1.840000033378601,1.9199999570846558,1.9199999570846558,31486
RKAZ.CA,Industrials,2025-04-13 22:00:00,1.9199999570846558,1.8899999856948853,1.840000033378601,1.9199999570846558,1.9199999570846558,21285
RKAZ.CA,Industrials,2025-04-14 22:00:00,1.9199999570846558,1.9800000190734863,1.850000023841858,1.909999966621399,1.909999966621399,162502
RKAZ.CA,Industrials,2025-04-15 22:00:00,1.909999966621399,1.9800000190734863,1.8899999856948853,1.909999966621399,1.909999966621399,31763
RKAZ.CA,Industrials,2025-04-16 22:00:00,1.909999966621399,1.909999966621399,1.8700000047683716,1.909999966621399,1.909999966621399,26850
RKAZ.CA,Industrials,2025-04-21 22:00:00,1.909999966621399,1.899999976158142,1.8600000143051147,1.8899999856948853,1.8899999856948853,108030
RKAZ.CA,Industrials,2025-04-22 22:00:00,1.8899999856948853,1.9199999570846558,1.8700000047683716,1.8899999856948853,1.8899999856948853,52388
RKAZ.CA,Industrials,2025-04-26 21:00:00,1.8899999856948853,1.9500000476837158,1.8600000143051147,1.8899999856948853,1.8899999856948853,153634
RKAZ.CA,Industrials,2025-04-27 21:00:00,1.8899999856948853,1.9299999475479126,1.909999966621399,1.909999966621399,1.909999966621399,80218
RKAZ.CA,Industrials,2025-04-28 21:00:00,1.909999966621399,1.9900000095367432,1.899999976158142,1.9700000286102295,1.9700000286102295,190294
RKAZ.CA,Industrials,2025-04-29 21:00:00,1.9700000286102295,1.9800000190734863,1.909999966621399,1.9700000286102295,1.9700000286102295,55698
RKAZ.CA,Industrials,2025-05-03 21:00:00,1.9700000286102295,2.059999942779541,1.9600000381469727,2.009999990463257,2.009999990463257,288805
RKAZ.CA,Industrials,2025-05-04 21:00:00,2.009999990463257,2.049999952316284,1.9600000381469727,2.009999990463257,2.009999990463257,37131
RKAZ.CA,Industrials,2025-05-05 21:00:00,2.009999990463257,2.009999990463257,1.9600000381469727,2.009999990463257,2.009999990463257,17746
RKAZ.CA,Industrials,2025-05-06 21:00:00,2.009999990463257,2.0799999237060547,1.9700000286102295,2.0399999618530273,2.0399999618530273,260045
RKAZ.CA,Industrials,2025-05-07 21:00:00,2.0399999618530273,2.240000009536743,2.0399999618530273,2.240000009536743,2.240000009536743,611481
RKAZ.CA,Industrials,2025-05-10 21:00:00,2.240000009536743,2.4600000381469727,2.4000000953674316,2.4600000381469727,2.4600000381469727,428543
RKAZ.CA,Industrials,2025-05-11 21:00:00,2.4600000381469727,2.700000047683716,2.4000000953674316,2.4200000762939453,2.4200000762939453,951131
RKAZ.CA,Industrials,2025-05-12 21:00:00,2.4200000762939453,2.5,2.2799999713897705,2.319999933242798,2.319999933242798,258048
RKAZ.CA,Industrials,2025-05-13 21:00:00,2.319999933242798,2.4000000953674316,2.119999885559082,2.259999990463257,2.259999990463257,274848
RKAZ.CA,Industrials,2025-05-14 21:00:00,2.259999990463257,2.4800000190734863,2.109999895095825,2.2300000190734863,2.2300000190734863,352369
RKAZ.CA,Industrials,2025-05-17 21:00:00,2.2300000190734863,2.319999933242798,2.1500000953674316,2.2100000381469727,2.2100000381469727,198318
RKAZ.CA,Industrials,2025-05-18 21:00:00,2.2100000381469727,2.2699999809265137,2.1600000858306885,2.25,2.25,168093
RKAZ.CA,Industrials,2025-05-19 21:00:00,2.25,2.2699999809265137,2.180000066757202,2.25,2.25,55388
RKAZ.CA,Industrials,2025-05-20 21:00:00,2.25,2.2899999618530273,2.1600000858306885,2.259999990463257,2.259999990463257,126670
RKAZ.CA,Industrials,2025-05-21 21:00:00,2.259999990463257,2.4800000190734863,2.109999895095825,2.4700000286102295,2.4700000286102295,534739
RKAZ.CA,Industrials,2025-05-24 21:00:00,2.4700000286102295,2.5399999618530273,2.2300000190734863,2.2300000190734863,2.2300000190734863,1035872
RKAZ.CA,Industrials,2025-05-25 21:00:00,2.2300000190734863,2.4000000953674316,2.2699999809265137,2.380000114440918,2.380000114440918,187357
RKAZ.CA,Industrials,2025-05-26 21:00:00,2.380000114440918,2.390000104904175,2.25,2.2899999618530273,2.2899999618530273,389575
RKAZ.CA,Industrials,2025-05-27 21:00:00,2.2899999618530273,2.390000104904175,2.2200000286102295,2.299999952316284,2.299999952316284,126486
RKAZ.CA,Industrials,2025-05-28 21:00:00,2.299999952316284,2.3399999141693115,2.259999990463257,2.299999952316284,2.299999952316284,51804
RKAZ.CA,Industrials,2025-05-31 21:00:00,2.299999952316284,2.319999933242798,2.2200000286102295,2.2300000190734863,2.2300000190734863,211817
RKAZ.CA,Industrials,2025-06-01 21:00:00,2.2300000190734863,2.299999952316284,2.119999885559082,2.2899999618530273,2.2899999618530273,193939
RKAZ.CA,Industrials,2025-06-02 21:00:00,2.2899999618530273,2.390000104904175,2.1500000953674316,2.299999952316284,2.299999952316284,76478
RKAZ.CA,Industrials,2025-06-03 21:00:00,2.299999952316284,2.299999952316284,2.119999885559082,2.1700000762939453,2.1700000762939453,113300
RKAZ.CA,Industrials,2025-06-09 21:00:00,2.1700000762939453,2.380000114440918,2.140000104904175,2.380000114440918,2.380000114440918,387191
RKAZ.CA,Industrials,2025-06-10 21:00:00,2.380000114440918,2.440000057220459,2.299999952316284,2.3299999237060547,2.3299999237060547,88401
RKAZ.CA,Industrials,2025-06-11 21:00:00,2.3299999237060547,2.380000114440918,2.2100000381469727,2.240000009536743,2.240000009536743,274236
RKAZ.CA,Industrials,2025-06-14 21:00:00,2.240000009536743,2.2100000381469727,2.0199999809265137,2.0999999046325684,2.0999999046325684,156377
RKAZ.CA,Industrials,2025-06-15 21:00:00,2.0999999046325684,2.240000009536743,2.0799999237060547,2.109999895095825,2.109999895095825,141641
RKAZ.CA,Industrials,2025-06-16 21:00:00,2.109999895095825,2.130000114440918,2.009999990463257,2.0399999618530273,2.0399999618530273,181092
RKAZ.CA,Industrials,2025-06-17 21:00:00,2.0399999618530273,2.0899999141693115,2.0,2.0399999618530273,2.0399999618530273,69555
RKAZ.CA,Industrials,2025-06-18 21:00:00,2.0399999618530273,2.0899999141693115,1.9900000095367432,2.0299999713897705,2.0299999713897705,123779
RKAZ.CA,Industrials,2025-06-21 21:00:00,2.0299999713897705,2.200000047683716,2.0,2.1500000953674316,2.1500000953674316,255141
RKAZ.CA,Industrials,2025-06-22 21:00:00,2.1500000953674316,2.240000009536743,2.059999942779541,2.1500000953674316,2.1500000953674316,67460
RKAZ.CA,Industrials,2025-06-23 21:00:00,2.1500000953674316,2.240000009536743,2.130000114440918,2.2100000381469727,2.2100000381469727,149005
RKAZ.CA,Industrials,2025-06-24 21:00:00,2.2100000381469727,2.359999895095825,2.2100000381469727,2.2799999713897705,2.2799999713897705,81891
RKAZ.CA,Industrials,2025-06-28 21:00:00,2.2799999713897705,2.3499999046325684,2.200000047683716,2.2200000286102295,2.2200000286102295,177446
RKAZ.CA,Industrials,2025-06-29 21:00:00,2.2200000286102295,2.3399999141693115,2.119999885559082,2.2200000286102295,2.2200000286102295,272628
RKAZ.CA,Industrials,2025-06-30 21:00:00,2.2200000286102295,2.299999952316284,2.2200000286102295,2.25,2.25,67771
RKAZ.CA,Industrials,2025-07-01 21:00:00,2.25,2.4100000858306885,2.2200000286102295,2.369999885559082,2.369999885559082,149735
RKAZ.CA,Industrials,2025-07-05 21:00:00,2.369999885559082,2.5199999809265137,2.359999895095825,2.440000057220459,2.440000057220459,206194
RKAZ.CA,Industrials,2025-07-06 21:00:00,2.440000057220459,2.5,2.4000000953674316,2.450000047683716,2.450000047683716,115759
RKAZ.CA,Industrials,2025-07-08 21:00:00,2.450000047683716,2.4800000190734863,2.3299999237060547,2.450000047683716,2.450000047683716,12147
RKAZ.CA,Industrials,2025-07-09 21:00:00,2.450000047683716,2.440000057220459,2.3299999237060547,2.450000047683716,2.450000047683716,10456
RKAZ.CA,Industrials,2025-07-12 21:00:00,2.450000047683716,2.549999952316284,2.3499999046325684,2.5199999809265137,2.5199999809265137,261469
RKAZ.CA,Industrials,2025-07-13 21:00:00,2.5199999809265137,2.75,2.5,2.7200000286102295,2.7200000286102295,438028
RKAZ.CA,Industrials,2025-07-14 21:00:00,2.7200000286102295,2.950000047683716,2.700000047683716,2.7200000286102295,2.7200000286102295,299476
RKAZ.CA,Industrials,2025-07-15 21:00:00,2.7200000286102295,2.990000009536743,2.6700000762939453,2.990000009536743,2.990000009536743,287224
RKAZ.CA,Industrials,2025-07-16 21:00:00,2.990000009536743,3.240000009536743,2.8299999237060547,3.200000047683716,3.200000047683716,274337
RKAZ.CA,Industrials,2025-07-19 21:00:00,3.200000047683716,3.4700000286102295,2.9200000762939453,3.200000047683716,3.200000047683716,280443
RKAZ.CA,Industrials,2025-07-20 21:00:00,3.200000047683716,3.2200000286102295,2.930000066757202,3.059999942779541,3.059999942779541,411359
RKAZ.CA,Industrials,2025-07-21 21:00:00,3.059999942779541,3.119999885559082,2.799999952316284,2.9200000762939453,2.9200000762939453,370464
RKAZ.CA,Industrials,2025-07-22 21:00:00,2.9200000762939453,2.9200000762939453,2.9200000762939453,2.9200000762939453,2.9200000762939453,0
RKAZ.CA,Industrials,2025-07-26 21:00:00,2.869999885559082,3.1500000953674316,2.7899999618530273,3.119999885559082,3.119999885559082,635236
RKAZ.CA,Industrials,2025-07-27 21:00:00,3.119999885559082,3.430000066757202,3.140000104904175,3.200000047683716,3.200000047683716,472084
RKAZ.CA,Industrials,2025-07-28 21:00:00,3.200000047683716,3.190000057220459,2.9700000286102295,3.0799999237060547,3.0799999237060547,314223
RKAZ.CA,Industrials,2025-07-29 21:00:00,3.0799999237060547,3.299999952316284,2.9100000858306885,3.0999999046325684,3.0999999046325684,884941
RKAZ.CA,Industrials,2025-07-30 21:00:00,3.0999999046325684,3.200000047683716,3.009999990463257,3.0999999046325684,3.0999999046325684,105498
RKAZ.CA,Industrials,2025-08-02 21:00:00,3.0999999046325684,3.0999999046325684,3.0999999046325684,3.0999999046325684,3.0999999046325684,0
RKAZ.CA,Industrials,2025-08-03 21:00:00,3.0999999046325684,3.0999999046325684,3.0999999046325684,3.0999999046325684,3.0999999046325684,0
RKAZ.CA,Industrials,2025-08-04 21:00:00,3.0999999046325684,3.0999999046325684,3.0999999046325684,3.0999999046325684,3.0999999046325684,0
RKAZ.CA,Industrials,2025-08-05 21:00:00,3.0999999046325684,3.0999999046325684,3.0999999046325684,3.0999999046325684,3.0999999046325684,0
RKAZ.CA,Industrials,2025-08-06 21:00:00,3.0999999046325684,3.0999999046325684,3.0999999046325684,3.0999999046325684,3.0999999046325684,0
RKAZ.CA,Industrials,2025-08-09 21:00:00,3.109999895095825,3.190000057220459,3.0999999046325684,3.1500000953674316,3.1500000953674316,78385
RKAZ.CA,Industrials,2025-08-10 21:00:00,3.1500000953674316,3.2300000190734863,3.0899999141693115,3.0999999046325684,3.0999999046325684,81952
RKAZ.CA,Industrials,2025-08-11 21:00:00,3.0999999046325684,3.1600000858306885,2.950000047683716,3.119999885559082,3.119999885559082,56235
RKAZ.CA,Industrials,2025-08-12 21:00:00,3.119999885559082,3.2300000190734863,3.0,3.069999933242798,3.069999933242798,147697
RKAZ.CA,Industrials,2025-08-13 21:00:00,3.069999933242798,3.109999895095825,3.0199999809265137,3.069999933242798,3.069999933242798,38713
RKAZ.CA,Industrials,2025-08-16 21:00:00,3.069999933242798,3.0799999237060547,2.950000047683716,2.9600000381469727,2.9600000381469727,177850
RKAZ.CA,Industrials,2025-08-17 21:00:00,2.9600000381469727,3.200000047683716,3.0299999713897705,3.0799999237060547,3.0799999237060547,206074
RKAZ.CA,Industrials,2025-08-18 21:00:00,3.0799999237060547,3.0999999046325684,2.9100000858306885,2.9800000190734863,2.9800000190734863,76508
RKAZ.CA,Industrials,2025-08-19 21:00:00,2.9800000190734863,3.0899999141693115,2.940000057220459,3.0299999713897705,3.0299999713897705,111579
RKAZ.CA,Industrials,2025-08-20 21:00:00,3.0299999713897705,3.119999885559082,2.9000000953674316,2.9200000762939453,2.9200000762939453,197467
RKAZ.CA,Industrials,2025-08-23 21:00:00,2.9200000762939453,3.2100000381469727,2.869999885559082,3.190000057220459,3.190000057220459,244808
RKAZ.CA,Industrials,2025-08-24 21:00:00,3.190000057220459,3.299999952316284,2.9100000858306885,3.130000114440918,3.130000114440918,66784
RKAZ.CA,Industrials,2025-08-25 21:00:00,3.130000114440918,3.1500000953674316,2.930000066757202,2.9600000381469727,2.9600000381469727,157481
RKAZ.CA,Industrials,2025-08-26 21:00:00,2.9600000381469727,3.0899999141693115,2.950000047683716,2.9600000381469727,2.9600000381469727,44927
RKAZ.CA,Industrials,2025-08-27 21:00:00,2.9600000381469727,3.049999952316284,2.9200000762939453,2.9600000381469727,2.9600000381469727,29677
RKAZ.CA,Industrials,2025-08-30 21:00:00,2.9600000381469727,3.0399999618530273,2.8499999046325684,2.9700000286102295,2.9700000286102295,83193
RKAZ.CA,Industrials,2025-08-31 21:00:00,2.9700000286102295,3.0,2.819999933242798,2.9700000286102295,2.9700000286102295,43639
RKAZ.CA,Industrials,2025-09-01 21:00:00,2.9700000286102295,2.990000009536743,2.799999952316284,2.819999933242798,2.819999933242798,117790
RKAZ.CA,Industrials,2025-09-02 21:00:00,2.819999933242798,2.950000047683716,2.7699999809265137,2.8499999046325684,2.8499999046325684,56117
RKAZ.CA,Industrials,2025-09-06 21:00:00,2.8499999046325684,2.940000057220459,2.819999933242798,2.8499999046325684,2.8499999046325684,28536
RKAZ.CA,Industrials,2025-09-07 21:00:00,2.8499999046325684,2.9200000762939453,2.7799999713897705,2.809999942779541,2.809999942779541,70736
RKAZ.CA,Industrials,2025-09-08 21:00:00,2.809999942779541,2.869999885559082,2.700000047683716,2.7699999809265137,2.7699999809265137,68240
RKAZ.CA,Industrials,2025-09-09 21:00:00,2.7699999809265137,2.819999933242798,2.740000009536743,2.7699999809265137,2.7699999809265137,48055
RKAZ.CA,Industrials,2025-09-10 21:00:00,2.7699999809265137,2.819999933242798,2.759999990463257,2.7699999809265137,2.7699999809265137,41181
RKAZ.CA,Industrials,2025-09-13 21:00:00,2.7699999809265137,2.8299999237060547,2.5899999141693115,2.6600000858306885,2.6600000858306885,114121
RKAZ.CA,Industrials,2025-09-14 21:00:00,2.6600000858306885,2.9000000953674316,2.5999999046325684,2.6600000858306885,2.6600000858306885,40386
RKAZ.CA,Industrials,2025-09-15 21:00:00,2.6600000858306885,2.9200000762939453,2.799999952316284,2.9000000953674316,2.9000000953674316,263847
RKAZ.CA,Industrials,2025-09-16 21:00:00,2.9000000953674316,3.119999885559082,2.890000104904175,2.9600000381469727,2.9600000381469727,208219
RKAZ.CA,Industrials,2025-09-17 21:00:00,2.9600000381469727,3.0,2.6700000762939453,2.680000066757202,2.680000066757202,301279
RKAZ.CA,Industrials,2025-09-20 21:00:00,2.680000066757202,2.8499999046325684,2.680000066757202,2.690000057220459,2.690000057220459,59860
RKAZ.CA,Industrials,2025-09-21 21:00:00,2.690000057220459,2.7899999618530273,2.569999933242798,2.6700000762939453,2.6700000762939453,83047
RKAZ.CA,Industrials,2025-09-22 21:00:00,2.6700000762939453,2.700000047683716,2.549999952316284,2.6700000762939453,2.6700000762939453,54858
RKAZ.CA,Industrials,2025-09-23 21:00:00,2.6700000762939453,2.690000057220459,2.569999933242798,2.630000114440918,2.630000114440918,80760
RKAZ.CA,Industrials,2025-09-24 21:00:00,2.630000114440918,2.7200000286102295,2.5899999141693115,2.630000114440918,2.630000114440918,53430
RKAZ.CA,Industrials,2025-09-27 21:00:00,2.630000114440918,2.7300000190734863,2.5799999237060547,2.6500000953674316,2.6500000953674316,82309
RKAZ.CA,Industrials,2025-09-28 21:00:00,2.6500000953674316,2.7200000286102295,2.6500000953674316,2.6500000953674316,2.6500000953674316,35360
RKAZ.CA,Industrials,2025-09-29 21:00:00,2.6500000953674316,2.7200000286102295,2.619999885559082,2.6500000953674316,2.6500000953674316,27982
RKAZ.CA,Industrials,2025-09-30 21:00:00,2.6500000953674316,2.7100000381469727,2.619999885559082,2.6500000953674316,2.6500000953674316,52415
RKAZ.CA,Industrials,2025-10-01 21:00:00,2.6500000953674316,2.690000057220459,2.549999952316284,2.6500000953674316,2.6500000953674316,6154
RKAZ.CA,Industrials,2025-10-04 21:00:00,2.6500000953674316,2.700000047683716,2.5999999046325684,2.6500000953674316,2.6500000953674316,7637
RKAZ.CA,Industrials,2025-10-05 21:00:00,2.6500000953674316,2.7200000286102295,2.549999952316284,2.6500000953674316,2.6500000953674316,16230
RKAZ.CA,Industrials,2025-10-06 21:00:00,2.6500000953674316,2.7699999809265137,2.5799999237060547,2.6500000953674316,2.6500000953674316,26465
RKAZ.CA,Industrials,2025-10-07 21:00:00,2.6500000953674316,2.759999990463257,2.700000047683716,2.740000009536743,2.740000009536743,59410
RKAZ.CA,Industrials,2025-10-11 21:00:00,2.740000009536743,2.869999885559082,2.630000114440918,2.8299999237060547,2.8299999237060547,77718
RKAZ.CA,Industrials,2025-10-12 21:00:00,2.8299999237060547,2.9000000953674316,2.740000009536743,2.7799999713897705,2.7799999713897705,58305
RKAZ.CA,Industrials,2025-10-13 21:00:00,2.7799999713897705,2.859999895095825,2.7200000286102295,2.7799999713897705,2.7799999713897705,26297
RKAZ.CA,Industrials,2025-10-14 21:00:00,2.7799999713897705,2.799999952316284,2.5999999046325684,2.619999885559082,2.619999885559082,143820
RKAZ.CA,Industrials,2025-10-15 21:00:00,2.619999885559082,2.880000114440918,2.549999952316284,2.880000114440918,2.880000114440918,152354
RKAZ.CA,Industrials,2025-10-18 21:00:00,2.880000114440918,2.990000009536743,2.799999952316284,2.880000114440918,2.880000114440918,88419
RKAZ.CA,Industrials,2025-10-19 21:00:00,2.880000114440918,3.1600000858306885,2.880000114440918,3.0199999809265137,3.0199999809265137,77364
RKAZ.CA,Industrials,2025-10-20 21:00:00,3.0199999809265137,3.0799999237060547,2.9600000381469727,3.0199999809265137,3.0199999809265137,26452
RKAZ.CA,Industrials,2025-10-21 21:00:00,3.0199999809265137,3.0,2.7200000286102295,2.869999885559082,2.869999885559082,53113
RKAZ.CA,Industrials,2025-10-22 21:00:00,2.869999885559082,2.9000000953674316,2.9000000953674316,2.869999885559082,2.869999885559082,9000
RKAZ.CA,Industrials,2025-10-25 21:00:00,2.869999885559082,2.9100000858306885,2.630000114440918,2.869999885559082,2.869999885559082,30752
RKAZ.CA,Industrials,2025-10-26 21:00:00,2.869999885559082,3.069999933242798,2.7799999713897705,2.930000066757202,2.930000066757202,72994
RKAZ.CA,Industrials,2025-10-27 21:00:00,2.930000066757202,2.950000047683716,2.809999942779541,2.930000066757202,2.930000066757202,21254
RKAZ.CA,Industrials,2025-10-28 21:00:00,2.930000066757202,3.059999942779541,2.9000000953674316,3.049999952316284,3.049999952316284,120672
RKAZ.CA,Industrials,2025-10-29 21:00:00,3.049999952316284,3.049999952316284,2.8499999046325684,3.049999952316284,3.049999952316284,47215
RKAZ.CA,Industrials,2025-11-01 22:00:00,3.049999952316284,3.049999952316284,2.9000000953674316,3.049999952316284,3.049999952316284,10816
RKAZ.CA,Industrials,2025-11-02 22:00:00,3.049999952316284,3.049999952316284,2.9000000953674316,3.049999952316284,3.049999952316284,10253
RKAZ.CA,Industrials,2025-11-03 22:00:00,3.049999952316284,3.049999952316284,2.880000114440918,3.049999952316284,3.049999952316284,15492
RKAZ.CA,Industrials,2025-11-04 22:00:00,3.049999952316284,2.9800000190734863,2.799999952316284,2.869999885559082,2.869999885559082,58126
RKAZ.CA,Industrials,2025-11-05 22:00:00,2.869999885559082,3.0899999141693115,2.8299999237060547,3.0199999809265137,3.0199999809265137,126536
RKAZ.CA,Industrials,2025-11-08 22:00:00,3.0199999809265137,3.059999942779541,2.799999952316284,2.990000009536743,2.990000009536743,130178
RKAZ.CA,Industrials,2025-11-09 22:00:00,2.990000009536743,3.0,2.9600000381469727,2.990000009536743,2.990000009536743,45910
RKAZ.CA,Industrials,2025-11-10 22:00:00,2.990000009536743,3.049999952316284,2.9000000953674316,3.0399999618530273,3.0399999618530273,58130
RKAZ.CA,Industrials,2025-11-11 22:00:00,3.0399999618530273,3.190000057220459,2.990000009536743,3.0799999237060547,3.0799999237060547,101472
RKAZ.CA,Industrials,2025-11-12 22:00:00,3.0799999237060547,3.2899999618530273,3.0999999046325684,3.1500000953674316,3.1500000953674316,93301
RKAZ.CA,Industrials,2025-11-15 22:00:00,3.1500000953674316,3.190000057220459,3.0799999237060547,3.0999999046325684,3.0999999046325684,159373
RKAZ.CA,Industrials,2025-11-16 22:00:00,3.0999999046325684,3.1700000762939453,2.9000000953674316,2.990000009536743,2.990000009536743,52255
RKAZ.CA,Industrials,2025-11-17 22:00:00,2.990000009536743,3.1700000762939453,2.8499999046325684,3.0199999809265137,3.0199999809265137,54053
RKAZ.CA,Industrials,2025-11-18 22:00:00,3.0199999809265137,3.009999990463257,2.740000009536743,2.819999933242798,2.819999933242798,102267
RKAZ.CA,Industrials,2025-11-19 22:00:00,2.819999933242798,3.0799999237060547,2.8299999237060547,2.9100000858306885,2.9100000858306885,81956
RKAZ.CA,Industrials,2025-11-22 22:00:00,2.9100000858306885,3.190000057220459,2.990000009536743,3.069999933242798,3.069999933242798,281694
RKAZ.CA,Industrials,2025-11-23 22:00:00,3.069999933242798,3.130000114440918,2.9100000858306885,3.069999933242798,3.069999933242798,33214
RKAZ.CA,Industrials,2025-11-24 22:00:00,3.069999933242798,3.059999942779541,2.880000114440918,2.890000104904175,2.890000104904175,133098
RKAZ.CA,Industrials,2025-11-25 22:00:00,2.890000104904175,2.940000057220459,2.7799999713897705,2.819999933242798,2.819999933242798,131893
RKAZ.CA,Industrials,2025-11-26 22:00:00,2.819999933242798,2.940000057220459,2.759999990463257,2.809999942779541,2.809999942779541,72138
RKAZ.CA,Industrials,2025-11-29 22:00:00,2.809999942779541,2.9800000190734863,2.809999942779541,2.809999942779541,2.809999942779541,28187
RKAZ.CA,Industrials,2025-11-30 22:00:00,2.809999942779541,2.950000047683716,2.809999942779541,2.809999942779541,2.809999942779541,32866
RKAZ.CA,Industrials,2025-12-01 22:00:00,2.809999942779541,2.9100000858306885,2.75,2.809999942779541,2.809999942779541,48762
RKAZ.CA,Industrials,2025-12-02 22:00:00,2.809999942779541,2.890000104904175,2.6500000953674316,2.809999942779541,2.809999942779541,46346
RKAZ.CA,Industrials,2025-12-03 22:00:00,2.809999942779541,2.859999895095825,2.609999895095825,2.6700000762939453,2.6700000762939453,155365
RKAZ.CA,Industrials,2025-12-06 22:00:00,2.6700000762939453,2.9100000858306885,2.7100000381469727,2.6700000762939453,2.6700000762939453,44840
RKAZ.CA,Industrials,2025-12-07 22:00:00,2.6700000762939453,2.9000000953674316,2.799999952316284,2.6700000762939453,2.6700000762939453,13274
RKAZ.CA,Industrials,2025-12-08 22:00:00,2.6700000762939453,2.930000066757202,2.700000047683716,2.880000114440918,2.880000114440918,78499
RKAZ.CA,Industrials,2025-12-09 22:00:00,2.880000114440918,2.9000000953674316,2.7699999809265137,2.880000114440918,2.880000114440918,23755
RKAZ.CA,Industrials,2025-12-10 22:00:00,2.880000114440918,2.950000047683716,2.7699999809265137,2.819999933242798,2.819999933242798,103104
RKAZ.CA,Industrials,2025-12-13 22:00:00,2.819999933242798,2.9000000953674316,2.7799999713897705,2.819999933242798,2.819999933242798,2502
RKAZ.CA,Industrials,2025-12-14 22:00:00,2.819999933242798,2.869999885559082,2.7799999713897705,2.819999933242798,2.819999933242798,15006
RKAZ.CA,Industrials,2025-12-15 22:00:00,2.819999933242798,2.9100000858306885,2.7799999713897705,2.819999933242798,2.819999933242798,47767
RKAZ.CA,Industrials,2025-12-16 22:00:00,2.819999933242798,2.930000066757202,2.9000000953674316,2.9200000762939453,2.9200000762939453,116074
RKAZ.CA,Industrials,2025-12-17 22:00:00,2.9200000762939453,2.9000000953674316,2.819999933242798,2.9200000762939453,2.9200000762939453,18844
RKAZ.CA,Industrials,2025-12-20 22:00:00,2.9200000762939453,2.9000000953674316,2.799999952316284,2.9200000762939453,2.9200000762939453,51869
RKAZ.CA,Industrials,2025-12-21 22:00:00,2.9200000762939453,2.890000104904175,2.7200000286102295,2.7799999713897705,2.7799999713897705,71352
RKAZ.CA,Industrials,2025-12-22 22:00:00,2.7799999713897705,2.880000114440918,2.7300000190734863,2.7799999713897705,2.7799999713897705,1984
RKAZ.CA,Industrials,2025-12-23 22:00:00,2.7799999713897705,2.8499999046325684,2.6600000858306885,2.7799999713897705,2.7799999713897705,30019
RKAZ.CA,Industrials,2025-12-24 22:00:00,2.7799999713897705,2.890000104904175,2.75,2.809999942779541,2.809999942779541,61220
RKAZ.CA,Industrials,2025-12-27 22:00:00,2.809999942779541,2.9000000953674316,2.809999942779541,2.809999942779541,2.809999942779541,34127
RKAZ.CA,Industrials,2025-12-28 22:00:00,2.809999942779541,2.880000114440918,2.759999990463257,2.759999990463257,2.759999990463257,117658
RKAZ.CA,Industrials,2025-12-29 22:00:00,2.759999990463257,2.8499999046325684,2.7699999809265137,2.759999990463257,2.759999990463257,9188
RKAZ.CA,Industrials,2025-12-30 22:00:00,2.759999990463257,2.8499999046325684,2.700000047683716,2.759999990463257,2.759999990463257,38345
RKAZ.CA,Industrials,2026-01-03 22:00:00,2.759999990463257,2.8499999046325684,2.75,2.759999990463257,2.759999990463257,37305
RKAZ.CA,Industrials,2026-01-04 22:00:00,2.759999990463257,2.8399999141693115,2.700000047683716,2.7100000381469727,2.7100000381469727,70150
RKAZ.CA,Industrials,2026-01-05 22:00:00,2.7100000381469727,2.8399999141693115,2.6500000953674316,2.7100000381469727,2.7100000381469727,48118
RKAZ.CA,Industrials,2026-01-07 22:00:00,2.7100000381469727,2.7300000190734863,2.680000066757202,2.7100000381469727,2.7100000381469727,56683
RKAZ.CA,Industrials,2026-01-10 22:00:00,2.7100000381469727,2.819999933242798,2.690000057220459,2.7100000381469727,2.7100000381469727,48421
RKAZ.CA,Industrials,2026-01-11 22:00:00,2.7100000381469727,2.75,2.700000047683716,2.7100000381469727,2.7100000381469727,41798
RKAZ.CA,Industrials,2026-01-12 22:00:00,2.7100000381469727,2.700000047683716,2.6500000953674316,2.7100000381469727,2.7100000381469727,35996
RKAZ.CA,Industrials,2026-01-13 22:00:00,2.7100000381469727,2.700000047683716,2.5,2.7100000381469727,2.7100000381469727,56667
RKAZ.CA,Industrials,2026-01-14 22:00:00,2.7100000381469727,2.640000104904175,2.4600000381469727,2.5299999713897705,2.5299999713897705,63361
RKAZ.CA,Industrials,2026-01-17 22:00:00,2.5299999713897705,2.7699999809265137,2.509999990463257,2.7300000190734863,2.7300000190734863,115962
RKAZ.CA,Industrials,2026-01-18 22:00:00,2.7300000190734863,2.869999885559082,2.690000057220459,2.759999990463257,2.759999990463257,78532
RKAZ.CA,Industrials,2026-01-19 22:00:00,2.759999990463257,2.809999942779541,2.559999942779541,2.619999885559082,2.619999885559082,67135
RKAZ.CA,Industrials,2026-01-20 22:00:00,2.619999885559082,2.7899999618530273,2.5199999809265137,2.559999942779541,2.559999942779541,285419
RKAZ.CA,Industrials,2026-01-21 22:00:00,2.559999942779541,2.680000066757202,2.4700000286102295,2.5,2.5,230996
RKAZ.CA,Industrials,2026-01-24 22:00:00,2.5,2.6600000858306885,2.490000009536743,2.5,2.5,207415
RKAZ.CA,Industrials,2026-01-25 22:00:00,2.5,2.5799999237060547,2.490000009536743,2.5,2.5,18841
RKAZ.CA,Industrials,2026-01-26 22:00:00,2.5,2.5399999618530273,2.4100000858306885,2.5,2.5,34823
RKAZ.CA,Industrials,2026-01-27 22:00:00,2.5,2.5299999713897705,2.359999895095825,2.4000000953674316,2.4000000953674316,82370
RKAZ.CA,Industrials,2026-01-31 22:00:00,2.4000000953674316,2.440000057220459,2.380000114440918,2.4000000953674316,2.4000000953674316,12116
RKAZ.CA,Industrials,2026-02-01 22:00:00,2.4000000953674316,2.5299999713897705,2.259999990463257,2.3499999046325684,2.3499999046325684,128828
RKAZ.CA,Industrials,2026-02-02 22:00:00,2.3499999046325684,2.4600000381469727,2.319999933242798,2.3499999046325684,2.3499999046325684,10990
RKAZ.CA,Industrials,2026-02-03 22:00:00,2.3499999046325684,2.440000057220459,2.3399999141693115,2.369999885559082,2.369999885559082,74345
RKAZ.CA,Industrials,2026-02-04 22:00:00,2.369999885559082,2.4200000762939453,2.299999952316284,2.3499999046325684,2.3499999046325684,93359
RKAZ.CA,Industrials,2026-02-07 22:00:00,2.3499999046325684,2.4800000190734863,2.3499999046325684,2.440000057220459,2.440000057220459,129085
RKAZ.CA,Industrials,2026-02-08 22:00:00,2.440000057220459,2.549999952316284,2.450000047683716,2.4600000381469727,2.4600000381469727,140929
RKAZ.CA,Industrials,2026-02-09 22:00:00,2.4600000381469727,2.549999952316284,2.4600000381469727,2.5199999809265137,2.5199999809265137,148162
RKAZ.CA,Industrials,2026-02-10 22:00:00,2.5199999809265137,2.549999952316284,2.450000047683716,2.5199999809265137,2.5199999809265137,29238
RKAZ.CA,Industrials,2026-02-11 22:00:00,2.5199999809265137,2.5399999618530273,2.4600000381469727,2.490000009536743,2.490000009536743,67699
RKAZ.CA,Industrials,2026-02-14 22:00:00,2.490000009536743,2.5399999618530273,2.450000047683716,2.490000009536743,2.490000009536743,36899
RKAZ.CA,Industrials,2026-02-15 22:00:00,2.490000009536743,2.5,2.4100000858306885,2.4700000286102295,2.4700000286102295,61515
RKAZ.CA,Industrials,2026-02-16 22:00:00,2.4700000286102295,2.5399999618530273,2.430000066757202,2.509999990463257,2.509999990463257,89828
RKAZ.CA,Industrials,2026-02-17 22:00:00,2.509999990463257,2.680000066757202,2.5,2.609999895095825,2.609999895095825,188726
RKAZ.CA,Industrials,2026-02-18 22:00:00,2.609999895095825,2.869999885559082,2.609999895095825,2.869999885559082,2.869999885559082,464711
RKAZ.CA,Industrials,2026-02-21 22:00:00,2.869999885559082,3.1500000953674316,2.6500000953674316,2.9800000190734863,2.9800000190734863,165490
RKAZ.CA,Industrials,2026-02-22 22:00:00,2.9800000190734863,2.930000066757202,2.700000047683716,2.799999952316284,2.799999952316284,257858
RKAZ.CA,Industrials,2026-02-23 22:00:00,2.799999952316284,2.8299999237060547,2.700000047683716,2.740000009536743,2.740000009536743,135902
RKAZ.CA,Industrials,2026-02-24 22:00:00,2.740000009536743,2.7899999618530273,2.4700000286102295,2.619999885559082,2.619999885559082,157047
RKAZ.CA,Industrials,2026-02-25 22:00:00,2.619999885559082,2.7899999618530273,2.5,2.609999895095825,2.609999895095825,90109
RKAZ.CA,Industrials,2026-02-28 22:00:00,2.609999895095825,2.869999885559082,2.3499999046325684,2.859999895095825,2.859999895095825,274253
RKAZ.CA,Industrials,2026-03-01 22:00:00,2.859999895095825,3.119999885559082,2.809999942779541,2.880000114440918,2.880000114440918,280838
RKAZ.CA,Industrials,2026-03-02 22:00:00,2.880000114440918,2.890000104904175,2.5999999046325684,2.680000066757202,2.680000066757202,193272
RKAZ.CA,Industrials,2026-03-03 22:00:00,2.680000066757202,2.75,2.450000047683716,2.5999999046325684,2.5999999046325684,151298
RKAZ.CA,Industrials,2026-03-04 22:00:00,2.5999999046325684,2.740000009536743,2.509999990463257,2.609999895095825,2.609999895095825,96036
RKAZ.CA,Industrials,2026-03-07 22:00:00,2.609999895095825,2.7200000286102295,2.609999895095825,2.609999895095825,2.609999895095825,34121
RKAZ.CA,Industrials,2026-03-08 22:00:00,2.609999895095825,2.680000066757202,2.619999885559082,2.619999885559082,2.619999885559082,95024
RKAZ.CA,Industrials,2026-03-09 22:00:00,2.619999885559082,2.6700000762939453,2.609999895095825,2.619999885559082,2.619999885559082,19494
RKAZ.CA,Industrials,2026-03-10 22:00:00,2.619999885559082,2.680000066757202,2.5899999141693115,2.609999895095825,2.609999895095825,86752
RKAZ.CA,Industrials,2026-03-11 22:00:00,2.609999895095825,2.640000104904175,2.609999895095825,2.609999895095825,2.609999895095825,25837
RKAZ.CA,Industrials,2026-03-14 22:00:00,2.609999895095825,2.6700000762939453,2.5999999046325684,2.609999895095825,2.609999895095825,53941
RKAZ.CA,Industrials,2026-03-15 22:00:00,2.609999895095825,2.6500000953674316,2.4800000190734863,2.5899999141693115,2.5899999141693115,74267
RKAZ.CA,Industrials,2026-03-16 22:00:00,2.5899999141693115,2.640000104904175,2.490000009536743,2.5899999141693115,2.5899999141693115,26371
RKAZ.CA,Industrials,2026-03-17 22:00:00,2.5899999141693115,2.8399999141693115,2.559999942779541,2.809999942779541,2.809999942779541,165354
RKAZ.CA,Industrials,2026-03-18 22:00:00,2.809999942779541,2.809999942779541,2.809999942779541,2.809999942779541,2.809999942779541,0
RKAZ.CA,Industrials,2026-03-23 22:00:00,2.809999942779541,3.0,2.6700000762939453,2.8299999237060547,2.8299999237060547,185400
RKAZ.CA,Industrials,2026-03-24 22:00:00,2.8299999237060547,2.8499999046325684,2.759999990463257,2.8299999237060547,2.8299999237060547,23881
RKAZ.CA,Industrials,2026-03-25 22:00:00,2.8299999237060547,2.930000066757202,2.759999990463257,2.7899999618530273,2.7899999618530273,56207
RKAZ.CA,Industrials,2026-03-28 22:00:00,2.7899999618530273,2.819999933242798,2.7100000381469727,2.7899999618530273,2.7899999618530273,31313
RKAZ.CA,Industrials,2026-03-29 22:00:00,2.7899999618530273,2.799999952316284,2.7200000286102295,2.7899999618530273,2.7899999618530273,7479
RKAZ.CA,Industrials,2026-03-30 22:00:00,2.7899999618530273,2.8299999237060547,2.7200000286102295,2.7899999618530273,2.7899999618530273,12824
RKAZ.CA,Industrials,2026-03-31 22:00:00,2.7899999618530273,2.799999952316284,2.700000047683716,2.7899999618530273,2.7899999618530273,23263
RKAZ.CA,Industrials,2026-04-01 22:00:00,2.7899999618530273,2.7899999618530273,2.569999933242798,2.7899999618530273,2.7899999618530273,35100
RKAZ.CA,Industrials,2026-04-04 22:00:00,2.7899999618530273,2.740000009536743,2.5399999618530273,2.7899999618530273,2.7899999618530273,41361
RKAZ.CA,Industrials,2026-04-05 22:00:00,2.7899999618530273,2.759999990463257,2.5999999046325684,2.7899999618530273,2.7899999618530273,23081
RKAZ.CA,Industrials,2026-04-06 22:00:00,2.7899999618530273,2.740000009536743,2.619999885559082,2.7899999618530273,2.7899999618530273,17157
RKAZ.CA,Industrials,2026-04-07 22:00:00,2.7899999618530273,2.740000009536743,2.630000114440918,2.7899999618530273,2.7899999618530273,47843
RKAZ.CA,Industrials,2026-04-08 22:00:00,2.7899999618530273,2.7300000190734863,2.630000114440918,2.7899999618530273,2.7899999618530273,38779
RKAZ.CA,Industrials,2026-04-13 22:00:00,2.7899999618530273,2.7200000286102295,2.630000114440918,2.7899999618530273,2.7899999618530273,31150
RKAZ.CA,Industrials,2026-04-14 22:00:00,2.7899999618530273,2.740000009536743,2.6500000953674316,2.700000047683716,2.700000047683716,117411
RKAZ.CA,Industrials,2026-04-15 22:00:00,2.700000047683716,2.740000009536743,2.6500000953674316,2.700000047683716,2.700000047683716,60024
RKAZ.CA,Industrials,2026-04-18 22:00:00,2.700000047683716,2.7300000190734863,2.619999885559082,2.6700000762939453,2.6700000762939453,69356
RKAZ.CA,Industrials,2026-04-19 22:00:00,2.6700000762939453,2.7799999713897705,2.630000114440918,2.7200000286102295,2.7200000286102295,68753
RKAZ.CA,Industrials,2026-04-20 22:00:00,2.7200000286102295,2.869999885559082,2.630000114440918,2.7799999713897705,2.7799999713897705,119024
RKAZ.CA,Industrials,2026-04-21 22:00:00,2.7799999713897705,2.859999895095825,2.7300000190734863,2.7799999713897705,2.7799999713897705,23328
RKAZ.CA,Industrials,2026-04-22 22:00:00,2.7799999713897705,2.990000009536743,2.740000009536743,2.9600000381469727,2.9600000381469727,834857
RKAZ.CA,Industrials,2026-04-25 21:00:00,2.9600000381469727,3.25,2.950000047683716,3.25,3.25,707011
RKAZ.CA,Industrials,2026-04-26 21:00:00,3.25,3.5,3.0999999046325684,3.2300000190734863,3.2300000190734863,500189
RKAZ.CA,Industrials,2026-04-27 21:00:00,3.2300000190734863,3.2300000190734863,3.009999990463257,3.109999895095825,3.109999895095825,374049
RKAZ.CA,Industrials,2026-04-28 21:00:00,3.109999895095825,3.2100000381469727,3.009999990463257,3.059999942779541,3.059999942779541,293747
RKAZ.CA,Industrials,2026-04-29 21:00:00,3.059999942779541,3.0899999141693115,2.880000114440918,3.009999990463257,3.009999990463257,255431
RKAZ.CA,Industrials,2026-05-02 21:00:00,3.009999990463257,3.0799999237060547,2.930000066757202,2.9800000190734863,2.9800000190734863,64171
RKAZ.CA,Industrials,2026-05-03 21:00:00,2.9800000190734863,3.0399999618530273,2.9000000953674316,2.940000057220459,2.940000057220459,86783
RKAZ.CA,Industrials,2026-05-04 21:00:00,2.940000057220459,2.9800000190734863,2.8299999237060547,2.930000066757202,2.930000066757202,104497
RKAZ.CA,Industrials,2026-05-05 21:00:00,2.930000066757202,3.2100000381469727,2.930000066757202,3.190000057220459,3.190000057220459,613350
RKAZ.CA,Industrials,2026-05-09 21:00:00,3.190000057220459,3.5,3.200000047683716,3.5,3.5,940498
RKAZ.CA,Industrials,2026-05-10 21:00:00,3.5,3.609999895095825,3.1700000762939453,3.3299999237060547,3.3299999237060547,553022
RKAZ.CA,Industrials,2026-05-11 21:00:00,3.3299999237060547,3.4200000762939453,3.200000047683716,3.2899999618530273,3.2899999618530273,119488
RKAZ.CA,Industrials,2026-05-12 21:00:00,3.2899999618530273,3.3299999237060547,3.200000047683716,3.2899999618530273,3.2899999618530273,215315
RKAZ.CA,Industrials,2026-05-13 21:00:00,3.2899999618530273,3.299999952316284,3.180000066757202,3.2100000381469727,3.2100000381469727,75195
RKAZ.CA,Industrials,2026-05-16 21:00:00,3.2100000381469727,3.25,3.0199999809265137,3.0399999618530273,3.0399999618530273,151508
RKAZ.CA,Industrials,2026-05-17 21:00:00,3.0399999618530273,3.130000114440918,3.009999990463257,3.0299999713897705,3.0299999713897705,90109
RKAZ.CA,Industrials,2026-05-18 21:00:00,3.0299999713897705,3.3299999237060547,3.0,3.3299999237060547,3.3299999237060547,399391
RKAZ.CA,Industrials,2026-05-19 21:00:00,3.3299999237060547,3.6600000858306885,3.359999895095825,3.6600000858306885,3.6600000858306885,422385
RKAZ.CA,Industrials,2026-05-20 21:00:00,3.6600000858306885,4.019999980926514,3.6600000858306885,4.019999980926514,4.019999980926514,525958
RKAZ.CA,Industrials,2026-05-23 21:00:00,4.019999980926514,4.420000076293945,3.619999885559082,4.309999942779541,4.309999942779541,353738
RKAZ.CA,Industrials,2026-05-24 21:00:00,4.309999942779541,4.269999980926514,3.9000000953674316,3.9600000381469727,3.9600000381469727,209242
RKAZ.CA,Industrials,2026-05-25 21:00:00,3.9600000381469727,3.9600000381469727,3.9600000381469727,3.9600000381469727,3.9600000381469727,0
RKAZ.CA,Industrials,2026-05-26 21:00:00,3.9600000381469727,3.9600000381469727,3.9600000381469727,3.9600000381469727,3.9600000381469727,0
RKAZ.CA,Industrials,2026-05-27 21:00:00,3.9600000381469727,3.9600000381469727,3.9600000381469727,3.9600000381469727,3.9600000381469727,0
RKAZ.CA,Industrials,2026-05-31 21:00:00,3.9600000381469727,4.349999904632568,3.680000066757202,4.349999904632568,4.349999904632568,360195
RKAZ.CA,Industrials,2026-06-01 21:00:00,4.349999904632568,4.679999828338623,4.03000020980835,4.210000038146973,4.210000038146973,323873
RKAZ.CA,Industrials,2026-06-02 21:00:00,4.210000038146973,4.289999961853027,3.8299999237060547,4.03000020980835,4.03000020980835,270947
RKAZ.CA,Industrials,2026-06-03 21:00:00,4.03000020980835,4.300000190734863,3.9000000953674316,4.179999828338623,4.179999828338623,200070
RKAZ.CA,Industrials,2026-06-06 21:00:00,4.179999828338623,4.25,3.9800000190734863,4.010000228881836,4.010000228881836,505222
RKAZ.CA,Industrials,2026-06-07 21:00:00,4.010000228881836,4.199999809265137,4.010000228881836,4.070000171661377,4.070000171661377,285591
RKAZ.CA,Industrials,2026-06-08 21:00:00,4.070000171661377,4.46999979019165,4.010000228881836,4.420000076293945,4.420000076293945,745042
RKAZ.CA,Industrials,2026-06-09 21:00:00,4.420000076293945,4.860000133514404,4.409999847412109,4.619999885559082,4.619999885559082,640376
RKAZ.CA,Industrials,2026-06-10 21:00:00,4.619999885559082,4.820000171661377,4.199999809265137,4.539999961853027,4.539999961853027,373406
RKAZ.CA,Industrials,2026-06-13 21:00:00,4.539999961853027,4.800000190734863,4.360000133514404,4.659999847412109,4.659999847412109,252399
RKAZ.CA,Industrials,2026-06-14 21:00:00,4.659999847412109,4.650000095367432,4.5,4.510000228881836,4.510000228881836,137737
RKAZ.CA,Industrials,2026-06-15 21:00:00,4.510000228881836,4.550000190734863,4.230000019073486,4.389999866485596,4.389999866485596,211057
RKAZ.CA,Industrials,2026-06-16 21:00:00,4.389999866485596,4.389999866485596,4.389999866485596,4.389999866485596,4.389999866485596,0
RKAZ.CA,Industrials,2026-06-17 21:00:00,4.389999866485596,4.389999866485596,4.389999866485596,4.389999866485596,4.389999866485596,0
RKAZ.CA,Industrials,2026-06-20 21:00:00,4.659999847412109,5.119999885559082,4.699999809265137,5.119999885559082,5.119999885559082,688851
RKAZ.CA,Industrials,2026-06-21 21:00:00,5.119999885559082,5.119999885559082,5.119999885559082,5.119999885559082,5.119999885559082,0
RKAZ.CA,Industrials,2026-06-22 21:00:00,4.900000095367432,5.199999809265137,4.630000114440918,5.159999847412109,5.159999847412109,329299
RKAZ.CA,Industrials,2026-06-23 21:00:00,5.159999847412109,5.670000076293945,5.010000228881836,5.630000114440918,5.630000114440918,808176
RKAZ.CA,Industrials,2026-06-24 21:00:00,5.630000114440918,6.139999866485596,5.340000152587891,5.480000019073486,5.480000019073486,485147
RKAZ.CA,Industrials,2026-06-27 21:00:00,5.480000019073486,5.679999828338623,5.130000114440918,5.369999885559082,5.369999885559082,296259
RKAZ.CA,Industrials,2026-06-28 21:00:00,5.369999885559082,5.579999923706055,4.880000114440918,5.260000228881836,5.260000228881836,267438
RKAZ.CA,Industrials,2026-06-29 21:00:00,5.260000228881836,5.429999828338623,5.110000133514404,5.349999904632568,5.349999904632568,172184
RKAZ.CA,Industrials,2026-06-30 21:00:00,5.349999904632568,5.730000019073486,5.21999979019165,5.590000152587891,5.590000152587891,90935
RKAZ.CA,Industrials,2026-07-04 21:00:00,5.590000152587891,5.639999866485596,5.309999942779541,5.400000095367432,5.400000095367432,133726
RKAZ.CA,Industrials,2026-07-05 21:00:00,5.400000095367432,5.460000038146973,5.110000133514404,5.289999961853027,5.289999961853027,172504
RKAZ.CA,Industrials,2026-07-06 21:00:00,5.289999961853027,5.409999847412109,5.0,5.0,5.0,727137
RKAZ.CA,Industrials,2026-07-07 21:00:00,5.0,5.349999904632568,4.900000095367432,5.119999885559082,5.119999885559082,200817
RKAZ.CA,Industrials,2026-07-08 21:00:00,5.119999885559082,5.199999809265137,4.929999828338623,5.010000228881836,5.010000228881836,152090
RKAZ.CA,Industrials,2026-07-11 21:00:00,5.010000228881836,5.090000152587891,4.920000076293945,4.960000038146973,4.960000038146973,374430
RKAZ.CA,Industrials,2026-07-12 21:00:00,4.960000038146973,5.0,4.610000133514404,4.809999942779541,4.809999942779541,303825
RKAZ.CA,Industrials,2026-07-13 21:00:00,4.809999942779541,4.900000095367432,4.78000020980835,4.860000133514404,4.860000133514404,182788
RKAZ.CA,Industrials,2026-07-14 21:00:00,4.860000133514404,4.869999885559082,4.789999961853027,4.809999942779541,4.809999942779541,183863
RKAZ.CA,Industrials,2026-07-15 21:00:00,4.809999942779541,4.949999809265137,4.789999961853027,4.880000114440918,4.880000114440918,279429
RKAZ.CA,Industrials,2026-07-18 21:00:00,4.880000114440918,4.900000095367432,4.75,4.800000190734863,4.800000190734863,98797
RKAZ.CA,Industrials,2026-07-19 21:00:00,4.800000190734863,4.78000020980835,4.550000190734863,4.659999847412109,4.659999847412109,271840
RKAZ.CA,Industrials,2026-07-20 21:00:00,4.659999847412109,4.789999961853027,4.599999904632568,4.619999885559082,4.619999885559082,119700
RKAZ.CA,Industrials,2026-07-21 21:00:00,4.619999885559082,4.679999828338623,4.329999923706055,4.489999771118164,4.489999771118164,283210
RKAZ.CA,Industrials,2026-07-25 21:00:00,4.489999771118164,4.650000095367432,4.5,4.590000152587891,4.590000152587891,138064
RKAZ.CA,Industrials,2026-07-26 21:00:00,4.590000152587891,4.610000133514404,4.539999961853027,4.570000171661377,4.570000171661377,45514
RKAZ.CA,Industrials,2026-07-27 21:00:00,4.570000171661377,4.610000133514404,4.349999904632568,4.46999979019165,4.46999979019165,195500
RKAZ.CA,Industrials,2026-07-28 21:00:00,4.46999979019165,4.539999961853027,4.300000190734863,4.369999885559082,4.369999885559082,211194
RKAZ.CA,Industrials,2026-07-29 21:00:00,4.369999885559082,4.619999885559082,4.300000190734863,4.519999980926514,4.519999980926514,135307
RKAZ.CA,Industrials,2026-08-01 21:00:00,4.519999980926514,4.909999847412109,4.429999828338623,4.900000095367432,4.900000095367432,510473
RKAZ.CA,Industrials,2026-08-02 21:00:00,4.900000095367432,5.099999904632568,4.800000190734863,4.880000114440918,4.880000114440918,214746
RKAZ.CA,Industrials,2026-08-03 21:00:00,4.880000114440918,4.849999904632568,4.539999961853027,4.659999847412109,4.659999847412109,172133
RKAZ.CA,Industrials,2026-08-04 21:00:00,4.659999847412109,4.789999961853027,4.510000228881836,4.579999923706055,4.579999923706055,237375
RKAZ.CA,Industrials,2026-08-05 21:00:00,4.579999923706055,4.75,4.579999923706055,4.75,4.75,158503
