symbol,sector,raw_date_utc,open,high,low,close,adj_close,volume
RREI.CA,Real Estate,2022-01-01 22:00:00,0.8289999961853027,0.9150000214576721,0.8500000238418579,0.9049999713897705,0.9049999713897705,3313545
RREI.CA,Real Estate,2022-01-02 22:00:00,0.9049999713897705,0.9440000057220459,0.8799999952316284,0.9319999814033508,0.9319999814033508,2426352
RREI.CA,Real Estate,2022-01-03 22:00:00,0.9319999814033508,0.9509999752044678,0.9100000262260437,0.921999990940094,0.921999990940094,1516064
RREI.CA,Real Estate,2022-01-04 22:00:00,0.921999990940094,0.949999988079071,0.9100000262260437,0.9129999876022339,0.9129999876022339,1291555
RREI.CA,Real Estate,2022-01-08 22:00:00,0.9129999876022339,0.9129999876022339,0.9129999876022339,0.9129999876022339,0.9129999876022339,0
RREI.CA,Real Estate,2022-01-09 22:00:00,0.9229999780654907,0.9480000138282776,0.9039999842643738,0.9100000262260437,0.9100000262260437,915473
RREI.CA,Real Estate,2022-01-10 22:00:00,0.9100000262260437,0.9470000267028809,0.9020000100135803,0.9160000085830688,0.9160000085830688,2206511
RREI.CA,Real Estate,2022-01-11 22:00:00,0.9160000085830688,0.9430000185966492,0.9010000228881836,0.9089999794960022,0.9089999794960022,773404
RREI.CA,Real Estate,2022-01-12 22:00:00,0.9089999794960022,0.9240000247955322,0.8700000047683716,0.878000020980835,0.878000020980835,801025
RREI.CA,Real Estate,2022-01-15 22:00:00,0.878000020980835,0.8899999856948853,0.8100000023841858,0.8389999866485596,0.8389999866485596,1090835
RREI.CA,Real Estate,2022-01-16 22:00:00,0.8389999866485596,0.8690000176429749,0.8389999866485596,0.8420000076293945,0.8420000076293945,554158
RREI.CA,Real Estate,2022-01-17 22:00:00,0.8420000076293945,0.8700000047683716,0.8299999833106995,0.8569999933242798,0.8569999933242798,1273891
RREI.CA,Real Estate,2022-01-18 22:00:00,0.8569999933242798,0.8730000257492065,0.8299999833106995,0.8399999737739563,0.8399999737739563,905963
RREI.CA,Real Estate,2022-01-19 22:00:00,0.8399999737739563,0.8500000238418579,0.8199999928474426,0.8309999704360962,0.8309999704360962,444943
RREI.CA,Real Estate,2022-01-22 22:00:00,0.8309999704360962,0.8299999833106995,0.7960000038146973,0.8029999732971191,0.8029999732971191,1168605
RREI.CA,Real Estate,2022-01-23 22:00:00,0.8029999732971191,0.8180000185966492,0.7799999713897705,0.7839999794960022,0.7839999794960022,796479
RREI.CA,Real Estate,2022-01-24 22:00:00,0.7839999794960022,0.8100000023841858,0.7670000195503235,0.7739999890327454,0.7739999890327454,1538231
RREI.CA,Real Estate,2022-01-25 22:00:00,0.7739999890327454,0.800000011920929,0.7429999709129333,0.7519999742507935,0.7519999742507935,2081190
RREI.CA,Real Estate,2022-01-29 22:00:00,0.7519999742507935,0.7689999938011169,0.7300000190734863,0.7350000143051147,0.7350000143051147,508843
RREI.CA,Real Estate,2022-01-30 22:00:00,0.7350000143051147,0.75,0.7239999771118164,0.7429999709129333,0.7429999709129333,568130
RREI.CA,Real Estate,2022-01-31 22:00:00,0.7429999709129333,0.7639999985694885,0.7369999885559082,0.7459999918937683,0.7459999918937683,1155676
RREI.CA,Real Estate,2022-02-01 22:00:00,0.7459999918937683,0.7699999809265137,0.7440000176429749,0.7459999918937683,0.7459999918937683,751505
RREI.CA,Real Estate,2022-02-02 22:00:00,0.7459999918937683,0.7590000033378601,0.7329999804496765,0.7369999885559082,0.7369999885559082,670633
RREI.CA,Real Estate,2022-02-05 22:00:00,0.7369999885559082,0.7620000243186951,0.7400000095367432,0.7549999952316284,0.7549999952316284,1682493
RREI.CA,Real Estate,2022-02-06 22:00:00,0.7549999952316284,0.7950000166893005,0.7630000114440918,0.7889999747276306,0.7889999747276306,5305112
RREI.CA,Real Estate,2022-02-07 22:00:00,0.7889999747276306,0.8769999742507935,0.7940000295639038,0.8519999980926514,0.8519999980926514,12873531
RREI.CA,Real Estate,2022-02-08 22:00:00,0.8519999980926514,0.8830000162124634,0.8299999833106995,0.8399999737739563,0.8399999737739563,4686331
RREI.CA,Real Estate,2022-02-09 22:00:00,0.8399999737739563,0.8600000143051147,0.8130000233650208,0.8149999976158142,0.8149999976158142,2406906
RREI.CA,Real Estate,2022-02-12 22:00:00,0.8149999976158142,0.8149999976158142,0.699999988079071,0.7049999833106995,0.7049999833106995,2915531
RREI.CA,Real Estate,2022-02-13 22:00:00,0.7049999833106995,0.7379999756813049,0.6869999766349792,0.7049999833106995,0.7049999833106995,5075329
RREI.CA,Real Estate,2022-02-14 22:00:00,0.7049999833106995,0.7450000047683716,0.7080000042915344,0.7200000286102295,0.7200000286102295,3310573
RREI.CA,Real Estate,2022-02-15 22:00:00,0.7200000286102295,0.7429999709129333,0.7139999866485596,0.7279999852180481,0.7279999852180481,2556440
RREI.CA,Real Estate,2022-02-16 22:00:00,0.7279999852180481,0.7279999852180481,0.7070000171661377,0.7160000205039978,0.7160000205039978,1134820
RREI.CA,Real Estate,2022-02-19 22:00:00,0.7160000205039978,0.7149999737739563,0.6679999828338623,0.6729999780654907,0.6729999780654907,3063445
RREI.CA,Real Estate,2022-02-20 22:00:00,0.6729999780654907,0.6980000138282776,0.6660000085830688,0.6769999861717224,0.6769999861717224,2072884
RREI.CA,Real Estate,2022-02-21 22:00:00,0.6769999861717224,0.6779999732971191,0.6499999761581421,0.6629999876022339,0.6629999876022339,1668546
RREI.CA,Real Estate,2022-02-22 22:00:00,0.6629999876022339,0.6890000104904175,0.6669999957084656,0.6769999861717224,0.6769999861717224,1455693
RREI.CA,Real Estate,2022-02-23 22:00:00,0.6769999861717224,0.6299999952316284,0.5699999928474426,0.5799999833106995,0.5799999833106995,3305882
RREI.CA,Real Estate,2022-02-26 22:00:00,0.5799999833106995,0.6259999871253967,0.5929999947547913,0.6179999709129333,0.6179999709129333,1884465
RREI.CA,Real Estate,2022-02-27 22:00:00,0.6179999709129333,0.6200000047683716,0.5849999785423279,0.6010000109672546,0.6010000109672546,1791229
RREI.CA,Real Estate,2022-02-28 22:00:00,0.6010000109672546,0.6489999890327454,0.6010000109672546,0.6299999952316284,0.6299999952316284,3356227
RREI.CA,Real Estate,2022-03-01 22:00:00,0.6299999952316284,0.6489999890327454,0.6200000047683716,0.6299999952316284,0.6299999952316284,4218170
RREI.CA,Real Estate,2022-03-02 22:00:00,0.6299999952316284,0.6489999890327454,0.6299999952316284,0.6320000290870667,0.6320000290870667,1738288
RREI.CA,Real Estate,2022-03-05 22:00:00,0.6320000290870667,0.6370000243186951,0.6150000095367432,0.628000020980835,0.628000020980835,721141
RREI.CA,Real Estate,2022-03-06 22:00:00,0.628000020980835,0.6299999952316284,0.6029999852180481,0.609000027179718,0.609000027179718,1439911
RREI.CA,Real Estate,2022-03-07 22:00:00,0.609000027179718,0.609000027179718,0.609000027179718,0.609000027179718,0.609000027179718,0
RREI.CA,Real Estate,2022-03-08 22:00:00,0.6029999852180481,0.6200000047683716,0.597000002861023,0.6010000109672546,0.6010000109672546,1928749
RREI.CA,Real Estate,2022-03-09 22:00:00,0.6010000109672546,0.6150000095367432,0.6000000238418579,0.6019999980926514,0.6019999980926514,1351436
RREI.CA,Real Estate,2022-03-12 22:00:00,0.6019999980926514,0.6100000143051147,0.574999988079071,0.5789999961853027,0.5789999961853027,2249302
RREI.CA,Real Estate,2022-03-13 22:00:00,0.5789999961853027,0.5789999961853027,0.5730000138282776,0.5730000138282776,0.5730000138282776,2250492
RREI.CA,Real Estate,2022-03-14 22:00:00,0.5730000138282776,0.5870000123977661,0.5699999928474426,0.5740000009536743,0.5740000009536743,1736898
RREI.CA,Real Estate,2022-03-15 22:00:00,0.5740000009536743,0.6029999852180481,0.5799999833106995,0.6000000238418579,0.6000000238418579,1270563
RREI.CA,Real Estate,2022-03-16 22:00:00,0.6000000238418579,0.6179999709129333,0.6000000238418579,0.609000027179718,0.609000027179718,1970525
RREI.CA,Real Estate,2022-03-19 22:00:00,0.609000027179718,0.6200000047683716,0.6019999980926514,0.6069999933242798,0.6069999933242798,815624
RREI.CA,Real Estate,2022-03-20 22:00:00,0.6069999933242798,0.6449999809265137,0.6019999980926514,0.628000020980835,0.628000020980835,1716509
RREI.CA,Real Estate,2022-03-21 22:00:00,0.628000020980835,0.6460000276565552,0.628000020980835,0.6290000081062317,0.6290000081062317,1338059
RREI.CA,Real Estate,2022-03-22 22:00:00,0.6290000081062317,0.628000020980835,0.6159999966621399,0.625,0.625,585732
RREI.CA,Real Estate,2022-03-23 22:00:00,0.625,0.6389999985694885,0.6119999885559082,0.6150000095367432,0.6150000095367432,842194
RREI.CA,Real Estate,2022-03-26 22:00:00,0.6150000095367432,0.6140000224113464,0.6019999980926514,0.6050000190734863,0.6050000190734863,738674
RREI.CA,Real Estate,2022-03-27 22:00:00,0.6050000190734863,0.6010000109672546,0.550000011920929,0.5709999799728394,0.5709999799728394,1298544
RREI.CA,Real Estate,2022-03-28 22:00:00,0.5709999799728394,0.5899999737739563,0.5709999799728394,0.5709999799728394,0.5709999799728394,398650
RREI.CA,Real Estate,2022-03-29 22:00:00,0.5709999799728394,0.5899999737739563,0.574999988079071,0.5709999799728394,0.5709999799728394,225745
RREI.CA,Real Estate,2022-03-30 22:00:00,0.5709999799728394,0.5849999785423279,0.5649999976158142,0.5740000009536743,0.5740000009536743,612418
RREI.CA,Real Estate,2022-04-02 22:00:00,0.5740000009536743,0.5899999737739563,0.578000009059906,0.5740000009536743,0.5740000009536743,200480
RREI.CA,Real Estate,2022-04-03 22:00:00,0.5740000009536743,0.6000000238418579,0.5740000009536743,0.5860000252723694,0.5860000252723694,723267
RREI.CA,Real Estate,2022-04-04 22:00:00,0.5860000252723694,0.597000002861023,0.5759999752044678,0.5860000252723694,0.5860000252723694,270200
RREI.CA,Real Estate,2022-04-05 22:00:00,0.5860000252723694,0.5879999995231628,0.5799999833106995,0.5860000252723694,0.5860000252723694,412826
RREI.CA,Real Estate,2022-04-06 22:00:00,0.5860000252723694,0.5789999961853027,0.5740000009536743,0.5860000252723694,0.5860000252723694,337150
RREI.CA,Real Estate,2022-04-09 22:00:00,0.5860000252723694,0.574999988079071,0.5569999814033508,0.5860000252723694,0.5860000252723694,392490
RREI.CA,Real Estate,2022-04-10 22:00:00,0.5860000252723694,0.5609999895095825,0.550000011920929,0.5860000252723694,0.5860000252723694,432687
RREI.CA,Real Estate,2022-04-11 22:00:00,0.5860000252723694,0.5630000233650208,0.5320000052452087,0.5509999990463257,0.5509999990463257,560122
RREI.CA,Real Estate,2022-04-12 22:00:00,0.5509999990463257,0.5600000023841858,0.5410000085830688,0.5450000166893005,0.5450000166893005,945061
RREI.CA,Real Estate,2022-04-13 22:00:00,0.5450000166893005,0.550000011920929,0.5220000147819519,0.5450000166893005,0.5450000166893005,340505
RREI.CA,Real Estate,2022-04-16 22:00:00,0.5450000166893005,0.5450000166893005,0.47099998593330383,0.5450000166893005,0.5450000166893005,539253
RREI.CA,Real Estate,2022-04-17 22:00:00,0.5450000166893005,0.5450000166893005,0.47099998593330383,0.5450000166893005,0.5450000166893005,574304
RREI.CA,Real Estate,2022-04-18 22:00:00,0.5450000166893005,0.5400000214576721,0.4830000102519989,0.5350000262260437,0.5350000262260437,744674
RREI.CA,Real Estate,2022-04-19 22:00:00,0.5350000262260437,0.550000011920929,0.5210000276565552,0.5389999747276306,0.5389999747276306,1104186
RREI.CA,Real Estate,2022-04-20 22:00:00,0.5389999747276306,0.5899999737739563,0.5429999828338623,0.5820000171661377,0.5820000171661377,2887587
RREI.CA,Real Estate,2022-04-25 22:00:00,0.5820000171661377,0.5849999785423279,0.550000011920929,0.5550000071525574,0.5550000071525574,1217200
RREI.CA,Real Estate,2022-04-26 22:00:00,0.5550000071525574,0.5649999976158142,0.4699999988079071,0.5329999923706055,0.5329999923706055,1004441
RREI.CA,Real Estate,2022-04-27 22:00:00,0.5329999923706055,0.5770000219345093,0.5400000214576721,0.5699999928474426,0.5699999928474426,1071839
RREI.CA,Real Estate,2022-05-07 22:00:00,0.5699999928474426,0.5849999785423279,0.5419999957084656,0.5799999833106995,0.5799999833106995,1414708
RREI.CA,Real Estate,2022-05-08 22:00:00,0.5799999833106995,0.5889999866485596,0.5609999895095825,0.5659999847412109,0.5659999847412109,1612656
RREI.CA,Real Estate,2022-05-09 22:00:00,0.5659999847412109,0.5699999928474426,0.5550000071525574,0.5559999942779541,0.5559999942779541,1055750
RREI.CA,Real Estate,2022-05-10 22:00:00,0.5559999942779541,0.5799999833106995,0.5649999976158142,0.5759999752044678,0.5759999752044678,2556368
RREI.CA,Real Estate,2022-05-11 22:00:00,0.5759999752044678,0.5720000267028809,0.5479999780654907,0.5590000152587891,0.5590000152587891,1165889
RREI.CA,Real Estate,2022-05-14 22:00:00,0.5590000152587891,0.5720000267028809,0.5519999861717224,0.5529999732971191,0.5529999732971191,656900
RREI.CA,Real Estate,2022-05-15 22:00:00,0.5529999732971191,0.5550000071525574,0.5210000276565552,0.5440000295639038,0.5440000295639038,1972800
RREI.CA,Real Estate,2022-05-16 22:00:00,0.5440000295639038,0.5640000104904175,0.5440000295639038,0.5540000200271606,0.5540000200271606,4166650
RREI.CA,Real Estate,2022-05-17 22:00:00,0.5540000200271606,0.5669999718666077,0.5559999942779541,0.5540000200271606,0.5540000200271606,374784
RREI.CA,Real Estate,2022-05-18 22:00:00,0.5540000200271606,0.5550000071525574,0.5370000004768372,0.5540000200271606,0.5540000200271606,414597
RREI.CA,Real Estate,2022-05-21 22:00:00,0.5540000200271606,0.5680000185966492,0.5540000200271606,0.5550000071525574,0.5550000071525574,2076708
RREI.CA,Real Estate,2022-05-22 22:00:00,0.5550000071525574,0.5680000185966492,0.5590000152587891,0.5550000071525574,0.5550000071525574,291298
RREI.CA,Real Estate,2022-05-23 22:00:00,0.5550000071525574,0.5899999737739563,0.5550000071525574,0.5699999928474426,0.5699999928474426,2220551
RREI.CA,Real Estate,2022-05-24 22:00:00,0.5699999928474426,0.5839999914169312,0.5360000133514404,0.5419999957084656,0.5419999957084656,658384
RREI.CA,Real Estate,2022-05-25 22:00:00,0.5419999957084656,0.5490000247955322,0.5320000052452087,0.5360000133514404,0.5360000133514404,729200
RREI.CA,Real Estate,2022-05-28 22:00:00,0.5360000133514404,0.5329999923706055,0.5270000100135803,0.5360000133514404,0.5360000133514404,253534
RREI.CA,Real Estate,2022-05-29 22:00:00,0.5360000133514404,0.5400000214576721,0.5220000147819519,0.5360000133514404,0.5360000133514404,148508
RREI.CA,Real Estate,2022-05-30 22:00:00,0.5360000133514404,0.5600000023841858,0.5419999957084656,0.5360000133514404,0.5360000133514404,134500
RREI.CA,Real Estate,2022-05-31 22:00:00,0.5360000133514404,0.5410000085830688,0.531000018119812,0.5360000133514404,0.5360000133514404,291650
RREI.CA,Real Estate,2022-06-01 22:00:00,0.5360000133514404,0.5410000085830688,0.5400000214576721,0.5360000133514404,0.5360000133514404,304841
RREI.CA,Real Estate,2022-06-04 22:00:00,0.5360000133514404,0.5360000133514404,0.5360000133514404,0.5360000133514404,0.5360000133514404,0
RREI.CA,Real Estate,2022-06-05 22:00:00,0.5360000133514404,0.5440000295639038,0.5419999957084656,0.5360000133514404,0.5360000133514404,171000
RREI.CA,Real Estate,2022-06-06 22:00:00,0.5360000133514404,0.546999990940094,0.5400000214576721,0.5429999828338623,0.5429999828338623,717750
RREI.CA,Real Estate,2022-06-07 22:00:00,0.5429999828338623,0.5799999833106995,0.5519999861717224,0.5429999828338623,0.5429999828338623,526430
RREI.CA,Real Estate,2022-06-08 22:00:00,0.5429999828338623,0.5899999737739563,0.5709999799728394,0.578000009059906,0.578000009059906,530894
RREI.CA,Real Estate,2022-06-11 22:00:00,0.578000009059906,0.6010000109672546,0.5580000281333923,0.5889999866485596,0.5889999866485596,1583417
RREI.CA,Real Estate,2022-06-12 22:00:00,0.5889999866485596,0.5899999737739563,0.5600000023841858,0.5699999928474426,0.5699999928474426,672228
RREI.CA,Real Estate,2022-06-13 22:00:00,0.5699999928474426,0.5799999833106995,0.5580000281333923,0.5699999928474426,0.5699999928474426,121758
RREI.CA,Real Estate,2022-06-14 22:00:00,0.5699999928474426,0.5879999995231628,0.5659999847412109,0.5699999928474426,0.5699999928474426,414417
RREI.CA,Real Estate,2022-06-15 22:00:00,0.5699999928474426,0.5839999914169312,0.5659999847412109,0.5699999928474426,0.5699999928474426,189101
RREI.CA,Real Estate,2022-06-18 22:00:00,0.5699999928474426,0.5809999704360962,0.5509999990463257,0.5699999928474426,0.5699999928474426,504372
RREI.CA,Real Estate,2022-06-19 22:00:00,0.5699999928474426,0.5640000104904175,0.5350000262260437,0.5699999928474426,0.5699999928474426,214821
RREI.CA,Real Estate,2022-06-20 22:00:00,0.5699999928474426,0.5649999976158142,0.5509999990463257,0.5699999928474426,0.5699999928474426,160000
RREI.CA,Real Estate,2022-06-21 22:00:00,0.5699999928474426,0.5550000071525574,0.5389999747276306,0.5699999928474426,0.5699999928474426,157644
RREI.CA,Real Estate,2022-06-22 22:00:00,0.5699999928474426,0.5529999732971191,0.5450000166893005,0.5699999928474426,0.5699999928474426,106614
RREI.CA,Real Estate,2022-06-25 22:00:00,0.5699999928474426,0.550000011920929,0.5299999713897705,0.5699999928474426,0.5699999928474426,134000
RREI.CA,Real Estate,2022-06-26 22:00:00,0.5699999928474426,0.5410000085830688,0.5350000262260437,0.5699999928474426,0.5699999928474426,232200
RREI.CA,Real Estate,2022-06-27 22:00:00,0.5699999928474426,0.5320000052452087,0.5249999761581421,0.5699999928474426,0.5699999928474426,364112
RREI.CA,Real Estate,2022-06-28 22:00:00,0.5699999928474426,0.550000011920929,0.5350000262260437,0.5699999928474426,0.5699999928474426,512344
RREI.CA,Real Estate,2022-07-02 22:00:00,0.5699999928474426,0.546999990940094,0.5199999809265137,0.5699999928474426,0.5699999928474426,289892
RREI.CA,Real Estate,2022-07-03 22:00:00,0.5699999928474426,0.5350000262260437,0.5019999742507935,0.5699999928474426,0.5699999928474426,428744
RREI.CA,Real Estate,2022-07-04 22:00:00,0.5699999928474426,0.5400000214576721,0.5019999742507935,0.5699999928474426,0.5699999928474426,126500
RREI.CA,Real Estate,2022-07-05 22:00:00,0.5699999928474426,0.5239999890327454,0.5,0.5699999928474426,0.5699999928474426,569157
RREI.CA,Real Estate,2022-07-06 22:00:00,0.5699999928474426,0.5350000262260437,0.5070000290870667,0.531000018119812,0.531000018119812,931487
RREI.CA,Real Estate,2022-07-16 22:00:00,0.531000018119812,0.5590000152587891,0.515999972820282,0.5270000100135803,0.5270000100135803,1006266
RREI.CA,Real Estate,2022-07-17 22:00:00,0.5270000100135803,0.5400000214576721,0.5170000195503235,0.5189999938011169,0.5189999938011169,1458816
RREI.CA,Real Estate,2022-07-18 22:00:00,0.5189999938011169,0.5299999713897705,0.515999972820282,0.5189999938011169,0.5189999938011169,317740
RREI.CA,Real Estate,2022-07-19 22:00:00,0.5189999938011169,0.5299999713897705,0.5199999809265137,0.5289999842643738,0.5289999842643738,631018
RREI.CA,Real Estate,2022-07-20 22:00:00,0.5289999842643738,0.5400000214576721,0.5270000100135803,0.5329999923706055,0.5329999923706055,641046
RREI.CA,Real Estate,2022-07-23 22:00:00,0.5329999923706055,0.5419999957084656,0.5360000133514404,0.5329999923706055,0.5329999923706055,295664
RREI.CA,Real Estate,2022-07-24 22:00:00,0.5329999923706055,0.5479999780654907,0.5350000262260437,0.5329999923706055,0.5329999923706055,440615
RREI.CA,Real Estate,2022-07-25 22:00:00,0.5329999923706055,0.5619999766349792,0.5389999747276306,0.5559999942779541,0.5559999942779541,1057101
RREI.CA,Real Estate,2022-07-26 22:00:00,0.5559999942779541,0.5600000023841858,0.5379999876022339,0.5410000085830688,0.5410000085830688,724398
RREI.CA,Real Estate,2022-07-27 22:00:00,0.5410000085830688,0.5509999990463257,0.5299999713897705,0.5410000085830688,0.5410000085830688,285172
RREI.CA,Real Estate,2022-07-30 22:00:00,0.5410000085830688,0.5550000071525574,0.5379999876022339,0.5410000085830688,0.5410000085830688,243160
RREI.CA,Real Estate,2022-07-31 22:00:00,0.5410000085830688,0.5519999861717224,0.5170000195503235,0.5410000085830688,0.5410000085830688,346550
RREI.CA,Real Estate,2022-08-01 22:00:00,0.5410000085830688,0.5410000085830688,0.5289999842643738,0.5410000085830688,0.5410000085830688,336600
RREI.CA,Real Estate,2022-08-02 22:00:00,0.5410000085830688,0.550000011920929,0.515999972820282,0.5410000085830688,0.5410000085830688,484600
RREI.CA,Real Estate,2022-08-03 22:00:00,0.5410000085830688,0.5550000071525574,0.5429999828338623,0.5519999861717224,0.5519999861717224,714386
RREI.CA,Real Estate,2022-08-06 22:00:00,0.5519999861717224,0.6000000238418579,0.5540000200271606,0.5950000286102295,0.5950000286102295,3210882
RREI.CA,Real Estate,2022-08-07 22:00:00,0.5950000286102295,0.6200000047683716,0.5899999737739563,0.5950000286102295,0.5950000286102295,3111246
RREI.CA,Real Estate,2022-08-08 22:00:00,0.5950000286102295,0.6000000238418579,0.5740000009536743,0.5789999961853027,0.5789999961853027,909242
RREI.CA,Real Estate,2022-08-09 22:00:00,0.5789999961853027,0.593999981880188,0.5799999833106995,0.5839999914169312,0.5839999914169312,598597
RREI.CA,Real Estate,2022-08-10 22:00:00,0.5839999914169312,0.597000002861023,0.5849999785423279,0.5910000205039978,0.5910000205039978,834876
RREI.CA,Real Estate,2022-08-13 22:00:00,0.5910000205039978,0.6800000071525574,0.593999981880188,0.6759999990463257,0.6759999990463257,5180453
RREI.CA,Real Estate,2022-08-14 22:00:00,0.6759999990463257,0.7300000190734863,0.675000011920929,0.7009999752044678,0.7009999752044678,6903572
RREI.CA,Real Estate,2022-08-15 22:00:00,0.7009999752044678,0.7179999947547913,0.6610000133514404,0.6690000295639038,0.6690000295639038,1811292
RREI.CA,Real Estate,2022-08-16 22:00:00,0.6690000295639038,0.6970000267028809,0.6650000214576721,0.671999990940094,0.671999990940094,616945
RREI.CA,Real Estate,2022-08-17 22:00:00,0.671999990940094,0.671999990940094,0.671999990940094,0.671999990940094,0.671999990940094,0
RREI.CA,Real Estate,2022-08-20 22:00:00,0.671999990940094,0.7070000171661377,0.6700000166893005,0.6710000038146973,0.6710000038146973,1475532
RREI.CA,Real Estate,2022-08-21 22:00:00,0.6710000038146973,0.6899999976158142,0.6700000166893005,0.6740000247955322,0.6740000247955322,510742
RREI.CA,Real Estate,2022-08-22 22:00:00,0.6740000247955322,0.6740000247955322,0.6740000247955322,0.6740000247955322,0.6740000247955322,0
RREI.CA,Real Estate,2022-08-23 22:00:00,0.6470000147819519,0.6639999747276306,0.5899999737739563,0.6309999823570251,0.6309999823570251,765697
RREI.CA,Real Estate,2022-08-24 22:00:00,0.6309999823570251,0.6890000104904175,0.6399999856948853,0.671999990940094,0.671999990940094,1636073
RREI.CA,Real Estate,2022-08-27 22:00:00,0.671999990940094,0.6890000104904175,0.6499999761581421,0.6610000133514404,0.6610000133514404,1004959
RREI.CA,Real Estate,2022-08-28 22:00:00,0.6610000133514404,0.6790000200271606,0.6520000100135803,0.656000018119812,0.656000018119812,523107
RREI.CA,Real Estate,2022-08-29 22:00:00,0.656000018119812,0.6700000166893005,0.6420000195503235,0.656000018119812,0.656000018119812,215681
RREI.CA,Real Estate,2022-08-30 22:00:00,0.656000018119812,0.6499999761581421,0.6389999985694885,0.6430000066757202,0.6430000066757202,771500
RREI.CA,Real Estate,2022-08-31 22:00:00,0.6430000066757202,0.640999972820282,0.6110000014305115,0.6209999918937683,0.6209999918937683,494401
RREI.CA,Real Estate,2022-09-03 22:00:00,0.6209999918937683,0.6299999952316284,0.6100000143051147,0.6209999918937683,0.6209999918937683,329345
RREI.CA,Real Estate,2022-09-04 22:00:00,0.6209999918937683,0.6340000033378601,0.6200000047683716,0.6209999918937683,0.6209999918937683,399333
RREI.CA,Real Estate,2022-09-05 22:00:00,0.6209999918937683,0.6600000262260437,0.6259999871253967,0.6449999809265137,0.6449999809265137,1266432
RREI.CA,Real Estate,2022-09-06 22:00:00,0.6449999809265137,0.6899999976158142,0.6399999856948853,0.6589999794960022,0.6589999794960022,3755773
RREI.CA,Real Estate,2022-09-07 22:00:00,0.6589999794960022,0.699999988079071,0.6589999794960022,0.6729999780654907,0.6729999780654907,1807957
RREI.CA,Real Estate,2022-09-10 22:00:00,0.6729999780654907,0.6990000009536743,0.6420000195503235,0.652999997138977,0.652999997138977,1281054
RREI.CA,Real Estate,2022-09-11 22:00:00,0.652999997138977,0.6800000071525574,0.656000018119812,0.6589999794960022,0.6589999794960022,899882
RREI.CA,Real Estate,2022-09-12 22:00:00,0.6589999794960022,0.6700000166893005,0.6520000100135803,0.6570000052452087,0.6570000052452087,486912
RREI.CA,Real Estate,2022-09-13 22:00:00,0.6570000052452087,0.6600000262260437,0.6399999856948853,0.6460000276565552,0.6460000276565552,790619
RREI.CA,Real Estate,2022-09-14 22:00:00,0.6460000276565552,0.6700000166893005,0.640999972820282,0.6600000262260437,0.6600000262260437,638235
RREI.CA,Real Estate,2022-09-17 22:00:00,0.6600000262260437,0.6520000100135803,0.550000011920929,0.5849999785423279,0.5849999785423279,877756
RREI.CA,Real Estate,2022-09-18 22:00:00,0.5849999785423279,0.6200000047683716,0.5619999766349792,0.6190000176429749,0.6190000176429749,1133579
RREI.CA,Real Estate,2022-09-19 22:00:00,0.6190000176429749,0.6290000081062317,0.5730000138282776,0.6140000224113464,0.6140000224113464,661683
RREI.CA,Real Estate,2022-09-20 22:00:00,0.6140000224113464,0.6629999876022339,0.6129999756813049,0.6579999923706055,0.6579999923706055,1768958
RREI.CA,Real Estate,2022-09-21 22:00:00,0.6579999923706055,0.6600000262260437,0.6309999823570251,0.6359999775886536,0.6359999775886536,870288
RREI.CA,Real Estate,2022-09-24 22:00:00,0.6359999775886536,0.6340000033378601,0.6259999871253967,0.6359999775886536,0.6359999775886536,91312
RREI.CA,Real Estate,2022-09-25 22:00:00,0.6359999775886536,0.6769999861717224,0.6489999890327454,0.6729999780654907,0.6729999780654907,2155656
RREI.CA,Real Estate,2022-09-26 22:00:00,0.6729999780654907,0.675000011920929,0.6399999856948853,0.6460000276565552,0.6460000276565552,3403433
RREI.CA,Real Estate,2022-09-27 22:00:00,0.6460000276565552,0.6579999923706055,0.6299999952316284,0.6309999823570251,0.6309999823570251,965870
RREI.CA,Real Estate,2022-09-28 22:00:00,0.6309999823570251,0.6610000133514404,0.625,0.6320000290870667,0.6320000290870667,2117060
RREI.CA,Real Estate,2022-10-01 22:00:00,0.6320000290870667,0.6349999904632568,0.6159999966621399,0.6200000047683716,0.6200000047683716,708254
RREI.CA,Real Estate,2022-10-02 22:00:00,0.6200000047683716,0.6209999918937683,0.6039999723434448,0.6060000061988831,0.6060000061988831,558541
RREI.CA,Real Estate,2022-10-03 22:00:00,0.6060000061988831,0.6200000047683716,0.6119999885559082,0.6060000061988831,0.6060000061988831,252962
RREI.CA,Real Estate,2022-10-04 22:00:00,0.6060000061988831,0.6150000095367432,0.6069999933242798,0.6060000061988831,0.6060000061988831,256722
RREI.CA,Real Estate,2022-10-08 22:00:00,0.6060000061988831,0.6100000143051147,0.6000000238418579,0.6060000061988831,0.6060000061988831,180454
RREI.CA,Real Estate,2022-10-09 22:00:00,0.6060000061988831,0.6200000047683716,0.6000000238418579,0.6060000061988831,0.6060000061988831,235910
RREI.CA,Real Estate,2022-10-10 22:00:00,0.6060000061988831,0.6159999966621399,0.5910000205039978,0.6060000061988831,0.6060000061988831,369947
RREI.CA,Real Estate,2022-10-11 22:00:00,0.6060000061988831,0.5989999771118164,0.5899999737739563,0.6060000061988831,0.6060000061988831,148682
RREI.CA,Real Estate,2022-10-12 22:00:00,0.6060000061988831,0.5989999771118164,0.5899999737739563,0.6060000061988831,0.6060000061988831,95602
RREI.CA,Real Estate,2022-10-15 22:00:00,0.6060000061988831,0.6079999804496765,0.5910000205039978,0.6060000061988831,0.6060000061988831,234748
RREI.CA,Real Estate,2022-10-16 22:00:00,0.6060000061988831,0.6100000143051147,0.5960000157356262,0.6050000190734863,0.6050000190734863,518499
RREI.CA,Real Estate,2022-10-17 22:00:00,0.6050000190734863,0.6150000095367432,0.6000000238418579,0.6019999980926514,0.6019999980926514,637924
RREI.CA,Real Estate,2022-10-18 22:00:00,0.6019999980926514,0.6019999980926514,0.5920000076293945,0.6019999980926514,0.6019999980926514,423214
RREI.CA,Real Estate,2022-10-19 22:00:00,0.6019999980926514,0.6019999980926514,0.5830000042915344,0.5910000205039978,0.5910000205039978,719271
RREI.CA,Real Estate,2022-10-22 22:00:00,0.5910000205039978,0.6000000238418579,0.5830000042915344,0.5910000205039978,0.5910000205039978,172114
RREI.CA,Real Estate,2022-10-23 22:00:00,0.5910000205039978,0.628000020980835,0.5849999785423279,0.609000027179718,0.609000027179718,813365
RREI.CA,Real Estate,2022-10-24 22:00:00,0.609000027179718,0.6079999804496765,0.5889999866485596,0.609000027179718,0.609000027179718,194950
RREI.CA,Real Estate,2022-10-25 22:00:00,0.609000027179718,0.609000027179718,0.609000027179718,0.609000027179718,0.609000027179718,0
RREI.CA,Real Estate,2022-10-26 22:00:00,0.609000027179718,0.6019999980926514,0.5899999737739563,0.609000027179718,0.609000027179718,378607
RREI.CA,Real Estate,2022-10-29 22:00:00,0.609000027179718,0.5929999947547913,0.5740000009536743,0.578000009059906,0.578000009059906,783834
RREI.CA,Real Estate,2022-10-30 22:00:00,0.578000009059906,0.578000009059906,0.5529999732971191,0.578000009059906,0.578000009059906,262476
RREI.CA,Real Estate,2022-10-31 22:00:00,0.578000009059906,0.5920000076293945,0.574999988079071,0.5839999914169312,0.5839999914169312,551631
RREI.CA,Real Estate,2022-11-01 22:00:00,0.5839999914169312,0.5879999995231628,0.5730000138282776,0.5839999914169312,0.5839999914169312,159767
RREI.CA,Real Estate,2022-11-02 22:00:00,0.5839999914169312,0.5799999833106995,0.5609999895095825,0.5839999914169312,0.5839999914169312,158150
RREI.CA,Real Estate,2022-11-05 22:00:00,0.5839999914169312,0.5870000123977661,0.5609999895095825,0.5839999914169312,0.5839999914169312,132181
RREI.CA,Real Estate,2022-11-06 22:00:00,0.5839999914169312,0.574999988079071,0.5649999976158142,0.5839999914169312,0.5839999914169312,170529
RREI.CA,Real Estate,2022-11-07 22:00:00,0.5839999914169312,0.5799999833106995,0.5659999847412109,0.5839999914169312,0.5839999914169312,45735
RREI.CA,Real Estate,2022-11-08 22:00:00,0.5839999914169312,0.5809999704360962,0.5649999976158142,0.5839999914169312,0.5839999914169312,148396
RREI.CA,Real Estate,2022-11-09 22:00:00,0.5839999914169312,0.5699999928474426,0.550000011920929,0.5550000071525574,0.5550000071525574,1047832
RREI.CA,Real Estate,2022-11-12 22:00:00,0.5550000071525574,0.574999988079071,0.5609999895095825,0.5680000185966492,0.5680000185966492,568478
RREI.CA,Real Estate,2022-11-13 22:00:00,0.5680000185966492,0.6290000081062317,0.5699999928474426,0.6119999885559082,0.6119999885559082,1984316
RREI.CA,Real Estate,2022-11-14 22:00:00,0.6119999885559082,0.6179999709129333,0.5910000205039978,0.597000002861023,0.597000002861023,997948
RREI.CA,Real Estate,2022-11-15 22:00:00,0.597000002861023,0.6190000176429749,0.5839999914169312,0.6140000224113464,0.6140000224113464,744653
RREI.CA,Real Estate,2022-11-16 22:00:00,0.6140000224113464,0.6200000047683716,0.6039999723434448,0.609000027179718,0.609000027179718,657549
RREI.CA,Real Estate,2022-11-19 22:00:00,0.609000027179718,0.6269999742507935,0.6060000061988831,0.6150000095367432,0.6150000095367432,779131
RREI.CA,Real Estate,2022-11-20 22:00:00,0.6150000095367432,0.6449999809265137,0.6069999933242798,0.6290000081062317,0.6290000081062317,2691594
RREI.CA,Real Estate,2022-11-21 22:00:00,0.6290000081062317,0.6420000195503235,0.6330000162124634,0.6389999985694885,0.6389999985694885,1300588
RREI.CA,Real Estate,2022-11-22 22:00:00,0.6389999985694885,0.6489999890327454,0.6359999775886536,0.6399999856948853,0.6399999856948853,1027578
RREI.CA,Real Estate,2022-11-23 22:00:00,0.6399999856948853,0.652999997138977,0.6320000290870667,0.6510000228881836,0.6510000228881836,1360623
RREI.CA,Real Estate,2022-11-26 22:00:00,0.6510000228881836,0.7400000095367432,0.6420000195503235,0.7200000286102295,0.7200000286102295,14021077
RREI.CA,Real Estate,2022-11-27 22:00:00,0.7200000286102295,0.7590000033378601,0.7120000123977661,0.7319999933242798,0.7319999933242798,7173104
RREI.CA,Real Estate,2022-11-28 22:00:00,0.7319999933242798,0.7950000166893005,0.7289999723434448,0.7749999761581421,0.7749999761581421,6950963
RREI.CA,Real Estate,2022-11-29 22:00:00,0.7749999761581421,0.800000011920929,0.7509999871253967,0.7680000066757202,0.7680000066757202,3225025
RREI.CA,Real Estate,2022-11-30 22:00:00,0.7680000066757202,0.800000011920929,0.7590000033378601,0.7639999985694885,0.7639999985694885,1567111
RREI.CA,Real Estate,2022-12-03 22:00:00,0.7639999985694885,0.8429999947547913,0.7799999713897705,0.8109999895095825,0.8109999895095825,4332871
RREI.CA,Real Estate,2022-12-04 22:00:00,0.8109999895095825,0.8389999866485596,0.7850000262260437,0.7910000085830688,0.7910000085830688,1264331
RREI.CA,Real Estate,2022-12-05 22:00:00,0.7910000085830688,0.8309999704360962,0.765999972820282,0.8220000267028809,0.8220000267028809,5061533
RREI.CA,Real Estate,2022-12-06 22:00:00,0.8220000267028809,0.8349999785423279,0.7900000214576721,0.800000011920929,0.800000011920929,1795676
RREI.CA,Real Estate,2022-12-07 22:00:00,0.800000011920929,0.8299999833106995,0.7940000295639038,0.8149999976158142,0.8149999976158142,1838795
RREI.CA,Real Estate,2022-12-10 22:00:00,0.8149999976158142,0.8989999890327454,0.8299999833106995,0.8569999933242798,0.8569999933242798,6649073
RREI.CA,Real Estate,2022-12-11 22:00:00,0.8569999933242798,0.8799999952316284,0.8199999928474426,0.8429999947547913,0.8429999947547913,1593006
RREI.CA,Real Estate,2022-12-12 22:00:00,0.8429999947547913,0.8830000162124634,0.8169999718666077,0.8650000095367432,0.8650000095367432,8140998
RREI.CA,Real Estate,2022-12-13 22:00:00,0.8650000095367432,0.8970000147819519,0.8519999980926514,0.8569999933242798,0.8569999933242798,2554636
RREI.CA,Real Estate,2022-12-14 22:00:00,0.8569999933242798,0.8989999890327454,0.8199999928474426,0.8360000252723694,0.8360000252723694,6459825
RREI.CA,Real Estate,2022-12-17 22:00:00,0.8360000252723694,0.8389999866485596,0.7730000019073486,0.7829999923706055,0.7829999923706055,4910675
RREI.CA,Real Estate,2022-12-18 22:00:00,0.7829999923706055,0.800000011920929,0.7409999966621399,0.7480000257492065,0.7480000257492065,3664508
RREI.CA,Real Estate,2022-12-19 22:00:00,0.7480000257492065,0.7680000066757202,0.7360000014305115,0.7419999837875366,0.7419999837875366,2773937
RREI.CA,Real Estate,2022-12-20 22:00:00,0.7419999837875366,0.75,0.7300000190734863,0.7419999837875366,0.7419999837875366,972620
RREI.CA,Real Estate,2022-12-21 22:00:00,0.7419999837875366,0.7599999904632568,0.7450000047683716,0.7490000128746033,0.7490000128746033,1733904
RREI.CA,Real Estate,2022-12-24 22:00:00,0.7490000128746033,0.7390000224113464,0.7200000286102295,0.7250000238418579,0.7250000238418579,1014450
RREI.CA,Real Estate,2022-12-25 22:00:00,0.7250000238418579,0.7549999952316284,0.7250000238418579,0.7429999709129333,0.7429999709129333,867547
RREI.CA,Real Estate,2022-12-26 22:00:00,0.7429999709129333,0.7580000162124634,0.7350000143051147,0.7400000095367432,0.7400000095367432,685542
RREI.CA,Real Estate,2022-12-27 22:00:00,0.7400000095367432,0.7599999904632568,0.7400000095367432,0.7450000047683716,0.7450000047683716,759397
RREI.CA,Real Estate,2022-12-28 22:00:00,0.7450000047683716,0.7900000214576721,0.7590000033378601,0.7799999713897705,0.7799999713897705,1982662
RREI.CA,Real Estate,2023-01-01 22:00:00,0.7799999713897705,0.8080000281333923,0.7889999747276306,0.8040000200271606,0.8040000200271606,735010
RREI.CA,Real Estate,2023-01-02 22:00:00,0.8040000200271606,0.828000009059906,0.8040000200271606,0.8090000152587891,0.8090000152587891,1585456
RREI.CA,Real Estate,2023-01-03 22:00:00,0.8090000152587891,0.8130000233650208,0.75,0.7730000019073486,0.7730000019073486,2616710
RREI.CA,Real Estate,2023-01-04 22:00:00,0.7730000019073486,0.7850000262260437,0.7599999904632568,0.7649999856948853,0.7649999856948853,1643280
RREI.CA,Real Estate,2023-01-08 22:00:00,0.7649999856948853,0.7990000247955322,0.7480000257492065,0.75,0.75,856378
RREI.CA,Real Estate,2023-01-09 22:00:00,0.75,0.75,0.7179999947547913,0.7239999771118164,0.7239999771118164,1869785
RREI.CA,Real Estate,2023-01-10 22:00:00,0.7239999771118164,0.7699999809265137,0.7229999899864197,0.7260000109672546,0.7260000109672546,1245888
RREI.CA,Real Estate,2023-01-11 22:00:00,0.7260000109672546,0.7269999980926514,0.6919999718666077,0.703000009059906,0.703000009059906,629680
RREI.CA,Real Estate,2023-01-14 22:00:00,0.703000009059906,0.7200000286102295,0.6850000023841858,0.703000009059906,0.703000009059906,575967
RREI.CA,Real Estate,2023-01-15 22:00:00,0.703000009059906,0.7590000033378601,0.6930000185966492,0.7450000047683716,0.7450000047683716,1545396
RREI.CA,Real Estate,2023-01-16 22:00:00,0.7450000047683716,0.7450000047683716,0.7300000190734863,0.7419999837875366,0.7419999837875366,441039
RREI.CA,Real Estate,2023-01-17 22:00:00,0.7419999837875366,0.7549999952316284,0.7229999899864197,0.7279999852180481,0.7279999852180481,1596546
RREI.CA,Real Estate,2023-01-18 22:00:00,0.7279999852180481,0.7639999985694885,0.7300000190734863,0.7350000143051147,0.7350000143051147,1900450
RREI.CA,Real Estate,2023-01-21 22:00:00,0.7350000143051147,0.781000018119812,0.7400000095367432,0.7540000081062317,0.7540000081062317,2448541
RREI.CA,Real Estate,2023-01-22 22:00:00,0.7540000081062317,0.777999997138977,0.7429999709129333,0.7440000176429749,0.7440000176429749,2376205
RREI.CA,Real Estate,2023-01-23 22:00:00,0.7440000176429749,0.7459999918937683,0.7120000123977661,0.7250000238418579,0.7250000238418579,1100759
RREI.CA,Real Estate,2023-01-24 22:00:00,0.7250000238418579,0.7450000047683716,0.7250000238418579,0.7250000238418579,0.7250000238418579,358300
RREI.CA,Real Estate,2023-01-28 22:00:00,0.7250000238418579,0.7369999885559082,0.718999981880188,0.722000002861023,0.722000002861023,1032828
RREI.CA,Real Estate,2023-01-29 22:00:00,0.722000002861023,0.7279999852180481,0.7099999785423279,0.7200000286102295,0.7200000286102295,623559
RREI.CA,Real Estate,2023-01-30 22:00:00,0.7200000286102295,0.7110000252723694,0.6899999976158142,0.6949999928474426,0.6949999928474426,770514
RREI.CA,Real Estate,2023-01-31 22:00:00,0.6949999928474426,0.7089999914169312,0.6809999942779541,0.6840000152587891,0.6840000152587891,559572
RREI.CA,Real Estate,2023-02-01 22:00:00,0.6840000152587891,0.6949999928474426,0.6700000166893005,0.6740000247955322,0.6740000247955322,539700
RREI.CA,Real Estate,2023-02-04 22:00:00,0.6740000247955322,0.699999988079071,0.6349999904632568,0.6740000247955322,0.6740000247955322,326661
RREI.CA,Real Estate,2023-02-05 22:00:00,0.6740000247955322,0.6700000166893005,0.6309999823570251,0.6430000066757202,0.6430000066757202,459143
RREI.CA,Real Estate,2023-02-06 22:00:00,0.6430000066757202,0.6629999876022339,0.6430000066757202,0.6539999842643738,0.6539999842643738,459687
RREI.CA,Real Estate,2023-02-07 22:00:00,0.6539999842643738,0.6700000166893005,0.6499999761581421,0.6539999842643738,0.6539999842643738,100844
RREI.CA,Real Estate,2023-02-08 22:00:00,0.6539999842643738,0.6800000071525574,0.6420000195503235,0.6539999842643738,0.6539999842643738,130450
RREI.CA,Real Estate,2023-02-11 22:00:00,0.6539999842643738,0.6790000200271606,0.6510000228881836,0.6629999876022339,0.6629999876022339,537950
RREI.CA,Real Estate,2023-02-12 22:00:00,0.6629999876022339,0.6830000281333923,0.6600000262260437,0.6629999876022339,0.6629999876022339,527340
RREI.CA,Real Estate,2023-02-13 22:00:00,0.6629999876022339,0.6790000200271606,0.6629999876022339,0.6629999876022339,0.6629999876022339,201960
RREI.CA,Real Estate,2023-02-14 22:00:00,0.6629999876022339,0.6779999732971191,0.6620000004768372,0.6629999876022339,0.6629999876022339,126436
RREI.CA,Real Estate,2023-02-15 22:00:00,0.6629999876022339,0.675000011920929,0.6539999842643738,0.656000018119812,0.656000018119812,597968
RREI.CA,Real Estate,2023-02-18 22:00:00,0.656000018119812,0.6650000214576721,0.6460000276565552,0.6489999890327454,0.6489999890327454,775956
RREI.CA,Real Estate,2023-02-19 22:00:00,0.6489999890327454,0.6549999713897705,0.6330000162124634,0.6380000114440918,0.6380000114440918,527834
RREI.CA,Real Estate,2023-02-20 22:00:00,0.6380000114440918,0.6489999890327454,0.6330000162124634,0.6380000114440918,0.6380000114440918,326829
RREI.CA,Real Estate,2023-02-21 22:00:00,0.6380000114440918,0.6499999761581421,0.625,0.6380000114440918,0.6380000114440918,174450
RREI.CA,Real Estate,2023-02-22 22:00:00,0.6380000114440918,0.6389999985694885,0.6200000047683716,0.6380000114440918,0.6380000114440918,333274
RREI.CA,Real Estate,2023-02-25 22:00:00,0.6380000114440918,0.6420000195503235,0.621999979019165,0.6380000114440918,0.6380000114440918,229074
RREI.CA,Real Estate,2023-02-26 22:00:00,0.6380000114440918,0.6430000066757202,0.6309999823570251,0.6380000114440918,0.6380000114440918,143410
RREI.CA,Real Estate,2023-02-27 22:00:00,0.6380000114440918,0.6790000200271606,0.6259999871253967,0.6629999876022339,0.6629999876022339,649090
RREI.CA,Real Estate,2023-02-28 22:00:00,0.6629999876022339,0.7440000176429749,0.6790000200271606,0.7229999899864197,0.7229999899864197,2048774
RREI.CA,Real Estate,2023-03-01 22:00:00,0.7229999899864197,0.7390000224113464,0.7049999833106995,0.7049999833106995,0.7049999833106995,1111285
RREI.CA,Real Estate,2023-03-04 22:00:00,0.7049999833106995,0.7289999723434448,0.7080000042915344,0.7229999899864197,0.7229999899864197,821025
RREI.CA,Real Estate,2023-03-05 22:00:00,0.7229999899864197,0.7559999823570251,0.7250000238418579,0.746999979019165,0.746999979019165,2030480
RREI.CA,Real Estate,2023-03-06 22:00:00,0.746999979019165,0.75,0.7149999737739563,0.7210000157356262,0.7210000157356262,1456785
RREI.CA,Real Estate,2023-03-07 22:00:00,0.7210000157356262,0.7250000238418579,0.7009999752044678,0.7210000157356262,0.7210000157356262,318706
RREI.CA,Real Estate,2023-03-08 22:00:00,0.7210000157356262,0.7210000157356262,0.7009999752044678,0.7210000157356262,0.7210000157356262,153488
RREI.CA,Real Estate,2023-03-11 22:00:00,0.7210000157356262,0.7149999737739563,0.6520000100135803,0.7210000157356262,0.7210000157356262,428248
RREI.CA,Real Estate,2023-03-12 22:00:00,0.7210000157356262,0.699999988079071,0.6499999761581421,0.7210000157356262,0.7210000157356262,353827
RREI.CA,Real Estate,2023-03-13 22:00:00,0.7210000157356262,0.6899999976158142,0.6349999904632568,0.656000018119812,0.656000018119812,608469
RREI.CA,Real Estate,2023-03-14 22:00:00,0.656000018119812,0.6759999990463257,0.5299999713897705,0.656000018119812,0.656000018119812,308968
RREI.CA,Real Estate,2023-03-15 22:00:00,0.656000018119812,0.609000027179718,0.5299999713897705,0.656000018119812,0.656000018119812,236068
RREI.CA,Real Estate,2023-03-18 22:00:00,0.656000018119812,0.6489999890327454,0.5509999990463257,0.5849999785423279,0.5849999785423279,598923
RREI.CA,Real Estate,2023-03-19 22:00:00,0.5849999785423279,0.609000027179718,0.5889999866485596,0.5929999947547913,0.5929999947547913,982601
RREI.CA,Real Estate,2023-03-20 22:00:00,0.5929999947547913,0.6700000166893005,0.5740000009536743,0.6480000019073486,0.6480000019073486,3257209
RREI.CA,Real Estate,2023-03-21 22:00:00,0.6480000019073486,0.6539999842643738,0.6200000047683716,0.6230000257492065,0.6230000257492065,471951
RREI.CA,Real Estate,2023-03-22 22:00:00,0.6230000257492065,0.6200000047683716,0.6119999885559082,0.6230000257492065,0.6230000257492065,7141
RREI.CA,Real Estate,2023-03-25 22:00:00,0.6230000257492065,0.6489999890327454,0.6100000143051147,0.6230000257492065,0.6230000257492065,328316
RREI.CA,Real Estate,2023-03-26 22:00:00,0.6230000257492065,0.6230000257492065,0.6060000061988831,0.6230000257492065,0.6230000257492065,185056
RREI.CA,Real Estate,2023-03-27 22:00:00,0.6230000257492065,0.6150000095367432,0.6000000238418579,0.6230000257492065,0.6230000257492065,459853
RREI.CA,Real Estate,2023-03-28 22:00:00,0.6230000257492065,0.6190000176429749,0.6050000190734863,0.6230000257492065,0.6230000257492065,104114
RREI.CA,Real Estate,2023-03-29 22:00:00,0.6230000257492065,0.6140000224113464,0.6050000190734863,0.6230000257492065,0.6230000257492065,137252
RREI.CA,Real Estate,2023-04-01 22:00:00,0.6230000257492065,0.628000020980835,0.5899999737739563,0.6230000257492065,0.6230000257492065,138800
RREI.CA,Real Estate,2023-04-02 22:00:00,0.6230000257492065,0.621999979019165,0.6100000143051147,0.6230000257492065,0.6230000257492065,222835
RREI.CA,Real Estate,2023-04-03 22:00:00,0.6230000257492065,0.6600000262260437,0.621999979019165,0.6570000052452087,0.6570000052452087,890864
RREI.CA,Real Estate,2023-04-04 22:00:00,0.6570000052452087,0.6740000247955322,0.6340000033378601,0.640999972820282,0.640999972820282,748464
RREI.CA,Real Estate,2023-04-05 22:00:00,0.640999972820282,0.640999972820282,0.6299999952316284,0.640999972820282,0.640999972820282,307112
RREI.CA,Real Estate,2023-04-08 22:00:00,0.640999972820282,0.6600000262260437,0.6320000290870667,0.6330000162124634,0.6330000162124634,493024
RREI.CA,Real Estate,2023-04-09 22:00:00,0.6330000162124634,0.6380000114440918,0.6159999966621399,0.6330000162124634,0.6330000162124634,153714
RREI.CA,Real Estate,2023-04-10 22:00:00,0.6330000162124634,0.6389999985694885,0.6159999966621399,0.6330000162124634,0.6330000162124634,410022
RREI.CA,Real Estate,2023-04-11 22:00:00,0.6330000162124634,0.6389999985694885,0.6150000095367432,0.6330000162124634,0.6330000162124634,66840
RREI.CA,Real Estate,2023-04-12 22:00:00,0.6330000162124634,0.6299999952316284,0.6140000224113464,0.6330000162124634,0.6330000162124634,123550
RREI.CA,Real Estate,2023-04-17 22:00:00,0.6330000162124634,0.6200000047683716,0.6069999933242798,0.6330000162124634,0.6330000162124634,107597
RREI.CA,Real Estate,2023-04-18 22:00:00,0.6330000162124634,0.6499999761581421,0.6100000143051147,0.6330000162124634,0.6330000162124634,334010
RREI.CA,Real Estate,2023-04-25 22:00:00,0.6330000162124634,0.6299999952316284,0.6150000095367432,0.6330000162124634,0.6330000162124634,343629
RREI.CA,Real Estate,2023-04-26 22:00:00,0.6330000162124634,0.6370000243186951,0.621999979019165,0.6320000290870667,0.6320000290870667,495376
RREI.CA,Real Estate,2023-04-29 21:00:00,0.6320000290870667,0.6420000195503235,0.6169999837875366,0.6320000290870667,0.6320000290870667,303654
RREI.CA,Real Estate,2023-04-30 21:00:00,0.6320000290870667,0.6320000290870667,0.6320000290870667,0.6320000290870667,0.6320000290870667,0
RREI.CA,Real Estate,2023-05-01 21:00:00,0.6320000290870667,0.6200000047683716,0.6000000238418579,0.6320000290870667,0.6320000290870667,370818
RREI.CA,Real Estate,2023-05-02 21:00:00,0.6320000290870667,0.6299999952316284,0.6110000014305115,0.6129999756813049,0.6129999756813049,614015
RREI.CA,Real Estate,2023-05-06 21:00:00,0.6129999756813049,0.625,0.6100000143051147,0.6209999918937683,0.6209999918937683,608448
RREI.CA,Real Estate,2023-05-07 21:00:00,0.6209999918937683,0.6299999952316284,0.6209999918937683,0.6209999918937683,0.6209999918937683,278457
RREI.CA,Real Estate,2023-05-08 21:00:00,0.6209999918937683,0.6470000147819519,0.6209999918937683,0.6349999904632568,0.6349999904632568,1484207
RREI.CA,Real Estate,2023-05-09 21:00:00,0.6349999904632568,0.6320000290870667,0.6050000190734863,0.6349999904632568,0.6349999904632568,465272
RREI.CA,Real Estate,2023-05-10 21:00:00,0.6349999904632568,0.6349999904632568,0.6209999918937683,0.6349999904632568,0.6349999904632568,216352
RREI.CA,Real Estate,2023-05-13 21:00:00,0.6349999904632568,0.6299999952316284,0.6129999756813049,0.6349999904632568,0.6349999904632568,309100
RREI.CA,Real Estate,2023-05-14 21:00:00,0.6349999904632568,0.6299999952316284,0.6129999756813049,0.6349999904632568,0.6349999904632568,245352
RREI.CA,Real Estate,2023-05-15 21:00:00,0.6349999904632568,0.6209999918937683,0.6029999852180481,0.6349999904632568,0.6349999904632568,464234
RREI.CA,Real Estate,2023-05-16 21:00:00,0.6349999904632568,0.6340000033378601,0.6060000061988831,0.6349999904632568,0.6349999904632568,221976
RREI.CA,Real Estate,2023-05-17 21:00:00,0.6349999904632568,0.6169999837875366,0.5950000286102295,0.6349999904632568,0.6349999904632568,220726
RREI.CA,Real Estate,2023-05-20 21:00:00,0.6349999904632568,0.6230000257492065,0.6110000014305115,0.6349999904632568,0.6349999904632568,367967
RREI.CA,Real Estate,2023-05-21 21:00:00,0.6349999904632568,0.675000011920929,0.6330000162124634,0.6629999876022339,0.6629999876022339,3097660
RREI.CA,Real Estate,2023-05-22 21:00:00,0.6629999876022339,0.746999979019165,0.6700000166893005,0.7279999852180481,0.7279999852180481,9072250
RREI.CA,Real Estate,2023-05-23 21:00:00,0.7279999852180481,0.734000027179718,0.699999988079071,0.7099999785423279,0.7099999785423279,3422823
RREI.CA,Real Estate,2023-05-24 21:00:00,0.7099999785423279,0.7200000286102295,0.7009999752044678,0.7059999704360962,0.7059999704360962,695688
RREI.CA,Real Estate,2023-05-27 21:00:00,0.7059999704360962,0.843999981880188,0.7120000123977661,0.7570000290870667,0.7570000290870667,8759322
RREI.CA,Real Estate,2023-05-28 21:00:00,0.7570000290870667,0.7889999747276306,0.7400000095367432,0.7590000033378601,0.7590000033378601,5660989
RREI.CA,Real Estate,2023-05-29 21:00:00,0.7590000033378601,0.777999997138977,0.7200000286102295,0.7379999756813049,0.7379999756813049,2193540
RREI.CA,Real Estate,2023-05-30 21:00:00,0.7379999756813049,0.7490000128746033,0.7179999947547913,0.7200000286102295,0.7200000286102295,1757150
RREI.CA,Real Estate,2023-05-31 21:00:00,0.7200000286102295,0.7540000081062317,0.7319999933242798,0.7450000047683716,0.7450000047683716,1868180
RREI.CA,Real Estate,2023-06-03 21:00:00,0.7450000047683716,0.7760000228881836,0.7450000047683716,0.7630000114440918,0.7630000114440918,2049599
RREI.CA,Real Estate,2023-06-04 21:00:00,0.7630000114440918,0.7699999809265137,0.7310000061988831,0.7450000047683716,0.7450000047683716,1223327
RREI.CA,Real Estate,2023-06-05 21:00:00,0.7450000047683716,0.7599999904632568,0.7350000143051147,0.7419999837875366,0.7419999837875366,1046879
RREI.CA,Real Estate,2023-06-06 21:00:00,0.7419999837875366,0.7590000033378601,0.7210000157356262,0.7260000109672546,0.7260000109672546,801351
RREI.CA,Real Estate,2023-06-07 21:00:00,0.7260000109672546,0.7350000143051147,0.7200000286102295,0.7210000157356262,0.7210000157356262,1029640
RREI.CA,Real Estate,2023-06-10 21:00:00,0.7210000157356262,0.7400000095367432,0.7129999995231628,0.722000002861023,0.722000002861023,535193
RREI.CA,Real Estate,2023-06-11 21:00:00,0.722000002861023,0.7450000047683716,0.7200000286102295,0.7400000095367432,0.7400000095367432,637895
RREI.CA,Real Estate,2023-06-12 21:00:00,0.7400000095367432,0.7789999842643738,0.7310000061988831,0.7350000143051147,0.7350000143051147,3866582
RREI.CA,Real Estate,2023-06-13 21:00:00,0.7350000143051147,0.7549999952316284,0.7239999771118164,0.7279999852180481,0.7279999852180481,1087001
RREI.CA,Real Estate,2023-06-14 21:00:00,0.7279999852180481,0.7480000257492065,0.7310000061988831,0.7369999885559082,0.7369999885559082,609893
RREI.CA,Real Estate,2023-06-17 21:00:00,0.7369999885559082,0.7889999747276306,0.7329999804496765,0.7730000019073486,0.7730000019073486,5179187
RREI.CA,Real Estate,2023-06-18 21:00:00,0.7730000019073486,0.7950000166893005,0.75,0.7519999742507935,0.7519999742507935,1749341
RREI.CA,Real Estate,2023-06-19 21:00:00,0.7519999742507935,0.765999972820282,0.7409999966621399,0.7450000047683716,0.7450000047683716,843949
RREI.CA,Real Estate,2023-06-20 21:00:00,0.7450000047683716,0.7440000176429749,0.722000002861023,0.7310000061988831,0.7310000061988831,1188646
RREI.CA,Real Estate,2023-06-21 21:00:00,0.7310000061988831,0.7319999933242798,0.7170000076293945,0.7310000061988831,0.7310000061988831,285713
RREI.CA,Real Estate,2023-06-24 21:00:00,0.7310000061988831,0.7400000095367432,0.7149999737739563,0.7269999980926514,0.7269999980926514,669464
RREI.CA,Real Estate,2023-06-25 21:00:00,0.7269999980926514,0.746999979019165,0.7200000286102295,0.7269999980926514,0.7269999980926514,331233
RREI.CA,Real Estate,2023-07-03 21:00:00,0.7269999980926514,0.7540000081062317,0.7200000286102295,0.7450000047683716,0.7450000047683716,716436
RREI.CA,Real Estate,2023-07-04 21:00:00,0.7450000047683716,0.7699999809265137,0.7400000095367432,0.7590000033378601,0.7590000033378601,1844102
RREI.CA,Real Estate,2023-07-05 21:00:00,0.7590000033378601,0.7549999952316284,0.7360000014305115,0.7440000176429749,0.7440000176429749,633921
RREI.CA,Real Estate,2023-07-08 21:00:00,0.7440000176429749,0.7390000224113464,0.7009999752044678,0.7099999785423279,0.7099999785423279,978700
RREI.CA,Real Estate,2023-07-09 21:00:00,0.7099999785423279,0.718999981880188,0.6899999976158142,0.6980000138282776,0.6980000138282776,478222
RREI.CA,Real Estate,2023-07-10 21:00:00,0.6980000138282776,0.7300000190734863,0.699999988079071,0.6980000138282776,0.6980000138282776,311817
RREI.CA,Real Estate,2023-07-11 21:00:00,0.6980000138282776,0.7260000109672546,0.703000009059906,0.6980000138282776,0.6980000138282776,84025
RREI.CA,Real Estate,2023-07-12 21:00:00,0.6980000138282776,0.7239999771118164,0.699999988079071,0.6980000138282776,0.6980000138282776,258607
RREI.CA,Real Estate,2023-07-15 21:00:00,0.6980000138282776,0.7559999823570251,0.6800000071525574,0.7360000014305115,0.7360000014305115,1462967
RREI.CA,Real Estate,2023-07-16 21:00:00,0.7360000014305115,0.7490000128746033,0.703000009059906,0.7260000109672546,0.7260000109672546,508975
RREI.CA,Real Estate,2023-07-17 21:00:00,0.7260000109672546,0.7390000224113464,0.7179999947547913,0.7260000109672546,0.7260000109672546,328776
RREI.CA,Real Estate,2023-07-18 21:00:00,0.7260000109672546,0.7260000109672546,0.7260000109672546,0.7260000109672546,0.7260000109672546,0
RREI.CA,Real Estate,2023-07-23 21:00:00,0.7369999885559082,0.7480000257492065,0.7269999980926514,0.7369999885559082,0.7369999885559082,77031
RREI.CA,Real Estate,2023-07-24 21:00:00,0.7369999885559082,0.7459999918937683,0.7260000109672546,0.7369999885559082,0.7369999885559082,157078
RREI.CA,Real Estate,2023-07-25 21:00:00,0.7369999885559082,0.7699999809265137,0.734000027179718,0.7360000014305115,0.7360000014305115,1615122
RREI.CA,Real Estate,2023-07-26 21:00:00,0.7360000014305115,0.7559999823570251,0.7300000190734863,0.7419999837875366,0.7419999837875366,861772
RREI.CA,Real Estate,2023-07-29 21:00:00,0.7419999837875366,0.7689999938011169,0.7450000047683716,0.7540000081062317,0.7540000081062317,783568
RREI.CA,Real Estate,2023-07-30 21:00:00,0.7540000081062317,0.7829999923706055,0.75,0.7649999856948853,0.7649999856948853,4040917
RREI.CA,Real Estate,2023-07-31 21:00:00,0.7649999856948853,0.7789999842643738,0.7570000290870667,0.7649999856948853,0.7649999856948853,839344
RREI.CA,Real Estate,2023-08-01 21:00:00,0.7649999856948853,0.7689999938011169,0.7269999980926514,0.7379999756813049,0.7379999756813049,920054
RREI.CA,Real Estate,2023-08-02 21:00:00,0.7379999756813049,0.7680000066757202,0.7400000095367432,0.7379999756813049,0.7379999756813049,303085
RREI.CA,Real Estate,2023-08-05 21:00:00,0.7379999756813049,0.7789999842643738,0.7429999709129333,0.7699999809265137,0.7699999809265137,856599
RREI.CA,Real Estate,2023-08-06 21:00:00,0.7699999809265137,0.7599999904632568,0.7559999823570251,0.7699999809265137,0.7699999809265137,126612
RREI.CA,Real Estate,2023-08-07 21:00:00,0.7699999809265137,0.7689999938011169,0.7450000047683716,0.7699999809265137,0.7699999809265137,344836
RREI.CA,Real Estate,2023-08-08 21:00:00,0.7699999809265137,0.7689999938011169,0.7459999918937683,0.7580000162124634,0.7580000162124634,483093
RREI.CA,Real Estate,2023-08-09 21:00:00,0.7580000162124634,0.7639999985694885,0.7400000095367432,0.7580000162124634,0.7580000162124634,395695
RREI.CA,Real Estate,2023-08-12 21:00:00,0.7580000162124634,0.7580000162124634,0.7369999885559082,0.7419999837875366,0.7419999837875366,632255
RREI.CA,Real Estate,2023-08-13 21:00:00,0.7419999837875366,0.7549999952316284,0.7379999756813049,0.7419999837875366,0.7419999837875366,193481
RREI.CA,Real Estate,2023-08-14 21:00:00,0.7419999837875366,0.7450000047683716,0.7400000095367432,0.7419999837875366,0.7419999837875366,45500
RREI.CA,Real Estate,2023-08-15 21:00:00,0.7419999837875366,0.75,0.7369999885559082,0.7400000095367432,0.7400000095367432,415398
RREI.CA,Real Estate,2023-08-16 21:00:00,0.7400000095367432,0.7450000047683716,0.7250000238418579,0.7400000095367432,0.7400000095367432,433700
RREI.CA,Real Estate,2023-08-19 21:00:00,0.7400000095367432,0.7390000224113464,0.7260000109672546,0.7400000095367432,0.7400000095367432,117268
RREI.CA,Real Estate,2023-08-20 21:00:00,0.7400000095367432,0.7639999985694885,0.7279999852180481,0.7400000095367432,0.7400000095367432,354500
RREI.CA,Real Estate,2023-08-21 21:00:00,0.7400000095367432,0.7670000195503235,0.7509999871253967,0.7590000033378601,0.7590000033378601,1206292
RREI.CA,Real Estate,2023-08-22 21:00:00,0.7590000033378601,0.800000011920929,0.7570000290870667,0.7609999775886536,0.7609999775886536,5397512
RREI.CA,Real Estate,2023-08-23 21:00:00,0.7609999775886536,0.7799999713897705,0.7409999966621399,0.7540000081062317,0.7540000081062317,1310056
RREI.CA,Real Estate,2023-08-26 21:00:00,0.7540000081062317,0.7799999713897705,0.7519999742507935,0.7599999904632568,0.7599999904632568,953724
RREI.CA,Real Estate,2023-08-27 21:00:00,0.7599999904632568,0.7649999856948853,0.7440000176429749,0.7490000128746033,0.7490000128746033,790355
RREI.CA,Real Estate,2023-08-28 21:00:00,0.7490000128746033,0.796999990940094,0.7440000176429749,0.7699999809265137,0.7699999809265137,2284512
RREI.CA,Real Estate,2023-08-29 21:00:00,0.7699999809265137,0.8180000185966492,0.7799999713897705,0.7850000262260437,0.7850000262260437,5904066
RREI.CA,Real Estate,2023-08-30 21:00:00,0.7850000262260437,0.7850000262260437,0.7850000262260437,0.7850000262260437,0.7850000262260437,0
RREI.CA,Real Estate,2023-09-02 21:00:00,0.7730000019073486,0.800000011920929,0.7620000243186951,0.7699999809265137,0.7699999809265137,1901293
RREI.CA,Real Estate,2023-09-03 21:00:00,0.7699999809265137,0.7870000004768372,0.7559999823570251,0.7699999809265137,0.7699999809265137,263375
RREI.CA,Real Estate,2023-09-04 21:00:00,0.7699999809265137,0.7900000214576721,0.7549999952316284,0.765999972820282,0.765999972820282,1608775
RREI.CA,Real Estate,2023-09-05 21:00:00,0.765999972820282,0.777999997138977,0.75,0.7509999871253967,0.7509999871253967,1229818
RREI.CA,Real Estate,2023-09-06 21:00:00,0.7509999871253967,0.7519999742507935,0.7459999918937683,0.7509999871253967,0.7509999871253967,327100
RREI.CA,Real Estate,2023-09-09 21:00:00,0.7509999871253967,0.7509999871253967,0.7509999871253967,0.7509999871253967,0.7509999871253967,0
RREI.CA,Real Estate,2023-09-10 21:00:00,0.7480000257492065,0.7450000047683716,0.7319999933242798,0.7369999885559082,0.7369999885559082,596121
RREI.CA,Real Estate,2023-09-11 21:00:00,0.7369999885559082,0.7350000143051147,0.7279999852180481,0.7300000190734863,0.7300000190734863,614461
RREI.CA,Real Estate,2023-09-12 21:00:00,0.7300000190734863,0.7549999952316284,0.7269999980926514,0.7409999966621399,0.7409999966621399,619673
RREI.CA,Real Estate,2023-09-13 21:00:00,0.7409999966621399,0.75,0.7400000095367432,0.7409999966621399,0.7409999966621399,311245
RREI.CA,Real Estate,2023-09-16 21:00:00,0.7409999966621399,0.7549999952316284,0.7409999966621399,0.7409999966621399,0.7409999966621399,275831
RREI.CA,Real Estate,2023-09-17 21:00:00,0.7409999966621399,0.7540000081062317,0.7419999837875366,0.7409999966621399,0.7409999966621399,313769
RREI.CA,Real Estate,2023-09-18 21:00:00,0.7409999966621399,0.7639999985694885,0.7350000143051147,0.7509999871253967,0.7509999871253967,1508045
RREI.CA,Real Estate,2023-09-19 21:00:00,0.7509999871253967,0.7509999871253967,0.7509999871253967,0.7509999871253967,0.7509999871253967,0
RREI.CA,Real Estate,2023-09-20 21:00:00,0.7509999871253967,0.7509999871253967,0.7509999871253967,0.7509999871253967,0.7509999871253967,0
RREI.CA,Real Estate,2023-09-23 21:00:00,0.7509999871253967,0.7509999871253967,0.7509999871253967,0.7509999871253967,0.7509999871253967,0
RREI.CA,Real Estate,2023-09-24 21:00:00,0.7310000061988831,0.7300000190734863,0.7200000286102295,0.722000002861023,0.722000002861023,653402
RREI.CA,Real Estate,2023-09-25 21:00:00,0.722000002861023,0.7279999852180481,0.7120000123977661,0.722000002861023,0.722000002861023,177143
RREI.CA,Real Estate,2023-09-26 21:00:00,0.722000002861023,0.722000002861023,0.722000002861023,0.722000002861023,0.722000002861023,0
RREI.CA,Real Estate,2023-09-30 21:00:00,0.722000002861023,0.722000002861023,0.722000002861023,0.722000002861023,0.722000002861023,0
RREI.CA,Real Estate,2023-10-01 21:00:00,0.722000002861023,0.718999981880188,0.6890000104904175,0.6909999847412109,0.6909999847412109,662433
RREI.CA,Real Estate,2023-10-02 21:00:00,0.6909999847412109,0.6930000185966492,0.675000011920929,0.6769999861717224,0.6769999861717224,990331
RREI.CA,Real Estate,2023-10-03 21:00:00,0.6769999861717224,0.6940000057220459,0.6710000038146973,0.6769999861717224,0.6769999861717224,109503
RREI.CA,Real Estate,2023-10-07 21:00:00,0.6769999861717224,0.6790000200271606,0.6110000014305115,0.6769999861717224,0.6769999861717224,331284
RREI.CA,Real Estate,2023-10-08 21:00:00,0.6769999861717224,0.6700000166893005,0.6240000128746033,0.6769999861717224,0.6769999861717224,106410
RREI.CA,Real Estate,2023-10-09 21:00:00,0.6769999861717224,0.6700000166893005,0.6520000100135803,0.6769999861717224,0.6769999861717224,61500
RREI.CA,Real Estate,2023-10-10 21:00:00,0.6769999861717224,0.7200000286102295,0.6499999761581421,0.6940000057220459,0.6940000057220459,749685
RREI.CA,Real Estate,2023-10-11 21:00:00,0.6940000057220459,0.718999981880188,0.6629999876022339,0.6940000057220459,0.6940000057220459,344498
RREI.CA,Real Estate,2023-10-14 21:00:00,0.6940000057220459,0.699999988079071,0.6110000014305115,0.6940000057220459,0.6940000057220459,281900
RREI.CA,Real Estate,2023-10-15 21:00:00,0.6940000057220459,0.6790000200271606,0.6610000133514404,0.6940000057220459,0.6940000057220459,386239
RREI.CA,Real Estate,2023-10-16 21:00:00,0.6940000057220459,0.6790000200271606,0.6629999876022339,0.6940000057220459,0.6940000057220459,219083
RREI.CA,Real Estate,2023-10-17 21:00:00,0.6940000057220459,0.6890000104904175,0.6499999761581421,0.6639999747276306,0.6639999747276306,663747
RREI.CA,Real Estate,2023-10-18 21:00:00,0.6639999747276306,0.6639999747276306,0.6639999747276306,0.6639999747276306,0.6639999747276306,0
RREI.CA,Real Estate,2023-10-21 21:00:00,0.6639999747276306,0.6899999976158142,0.671999990940094,0.6639999747276306,0.6639999747276306,144502
RREI.CA,Real Estate,2023-10-22 21:00:00,0.6639999747276306,0.6990000009536743,0.6830000281333923,0.6909999847412109,0.6909999847412109,678602
RREI.CA,Real Estate,2023-10-23 21:00:00,0.6909999847412109,0.7080000042915344,0.6769999861717224,0.6859999895095825,0.6859999895095825,816947
RREI.CA,Real Estate,2023-10-24 21:00:00,0.6859999895095825,0.7319999933242798,0.6880000233650208,0.7260000109672546,0.7260000109672546,1159690
RREI.CA,Real Estate,2023-10-25 21:00:00,0.7260000109672546,0.7630000114440918,0.7409999966621399,0.7490000128746033,0.7490000128746033,2462571
RREI.CA,Real Estate,2023-10-28 22:00:00,0.7490000128746033,0.7620000243186951,0.7429999709129333,0.7519999742507935,0.7519999742507935,1132968
RREI.CA,Real Estate,2023-10-29 22:00:00,0.7519999742507935,0.7630000114440918,0.7400000095367432,0.7450000047683716,0.7450000047683716,547527
RREI.CA,Real Estate,2023-10-30 22:00:00,0.7450000047683716,0.753000020980835,0.7300000190734863,0.7450000047683716,0.7450000047683716,211165
RREI.CA,Real Estate,2023-10-31 22:00:00,0.7450000047683716,0.7300000190734863,0.7139999866485596,0.7450000047683716,0.7450000047683716,321711
RREI.CA,Real Estate,2023-11-01 22:00:00,0.7450000047683716,0.7419999837875366,0.7149999737739563,0.7269999980926514,0.7269999980926514,473750
RREI.CA,Real Estate,2023-11-04 22:00:00,0.7269999980926514,0.7599999904632568,0.7260000109672546,0.7599999904632568,0.7599999904632568,2088980
RREI.CA,Real Estate,2023-11-05 22:00:00,0.7599999904632568,0.7960000038146973,0.7599999904632568,0.7670000195503235,0.7670000195503235,3144784
RREI.CA,Real Estate,2023-11-06 22:00:00,0.7670000195503235,0.7889999747276306,0.7609999775886536,0.7799999713897705,0.7799999713897705,1563222
RREI.CA,Real Estate,2023-11-07 22:00:00,0.7799999713897705,0.8299999833106995,0.7799999713897705,0.7839999794960022,0.7839999794960022,5603831
RREI.CA,Real Estate,2023-11-08 22:00:00,0.7839999794960022,0.8180000185966492,0.7699999809265137,0.7770000100135803,0.7770000100135803,2347901
RREI.CA,Real Estate,2023-11-11 22:00:00,0.7770000100135803,0.8180000185966492,0.7829999923706055,0.7919999957084656,0.7919999957084656,3265369
RREI.CA,Real Estate,2023-11-12 22:00:00,0.7919999957084656,0.8050000071525574,0.7919999957084656,0.7990000247955322,0.7990000247955322,415528
RREI.CA,Real Estate,2023-11-13 22:00:00,0.7990000247955322,0.824999988079071,0.7990000247955322,0.8059999942779541,0.8059999942779541,1803670
RREI.CA,Real Estate,2023-11-14 22:00:00,0.8059999942779541,0.8199999928474426,0.781000018119812,0.7850000262260437,0.7850000262260437,1315271
RREI.CA,Real Estate,2023-11-15 22:00:00,0.7850000262260437,0.800000011920929,0.7749999761581421,0.7829999923706055,0.7829999923706055,886089
RREI.CA,Real Estate,2023-11-18 22:00:00,0.7829999923706055,0.8080000281333923,0.7850000262260437,0.7870000004768372,0.7870000004768372,663335
RREI.CA,Real Estate,2023-11-19 22:00:00,0.7870000004768372,0.796999990940094,0.7739999890327454,0.7799999713897705,0.7799999713897705,640984
RREI.CA,Real Estate,2023-11-20 22:00:00,0.7799999713897705,0.8500000238418579,0.7670000195503235,0.8299999833106995,0.8299999833106995,4795404
RREI.CA,Real Estate,2023-11-21 22:00:00,0.8299999833106995,0.8479999899864197,0.8199999928474426,0.8309999704360962,0.8309999704360962,1532022
RREI.CA,Real Estate,2023-11-22 22:00:00,0.8309999704360962,0.8450000286102295,0.7929999828338623,0.7950000166893005,0.7950000166893005,3829641
RREI.CA,Real Estate,2023-11-25 22:00:00,0.7950000166893005,0.828000009059906,0.8050000071525574,0.8149999976158142,0.8149999976158142,1223870
RREI.CA,Real Estate,2023-11-26 22:00:00,0.8149999976158142,0.8199999928474426,0.800000011920929,0.800000011920929,0.800000011920929,2029670
RREI.CA,Real Estate,2023-11-27 22:00:00,0.800000011920929,0.8169999718666077,0.7919999957084656,0.7979999780654907,0.7979999780654907,1427863
RREI.CA,Real Estate,2023-11-28 22:00:00,0.7979999780654907,0.8500000238418579,0.7950000166893005,0.828000009059906,0.828000009059906,5696794
RREI.CA,Real Estate,2023-11-29 22:00:00,0.828000009059906,0.8299999833106995,0.8050000071525574,0.8100000023841858,0.8100000023841858,1065684
RREI.CA,Real Estate,2023-12-02 22:00:00,0.8100000023841858,0.8399999737739563,0.8090000152587891,0.8220000267028809,0.8220000267028809,2997132
RREI.CA,Real Estate,2023-12-03 22:00:00,0.8220000267028809,0.8769999742507935,0.8309999704360962,0.8460000157356262,0.8460000157356262,5302561
RREI.CA,Real Estate,2023-12-04 22:00:00,0.8460000157356262,0.8939999938011169,0.8529999852180481,0.8650000095367432,0.8650000095367432,7296378
RREI.CA,Real Estate,2023-12-05 22:00:00,0.8650000095367432,0.9890000224113464,0.8899999856948853,0.9240000247955322,0.9240000247955322,15107099
RREI.CA,Real Estate,2023-12-06 22:00:00,0.9240000247955322,0.949999988079071,0.8999999761581421,0.9459999799728394,0.9459999799728394,6674180
RREI.CA,Real Estate,2023-12-09 22:00:00,0.9459999799728394,1.059999942779541,0.9710000157356262,0.9980000257492065,0.9980000257492065,12016029
RREI.CA,Real Estate,2023-12-10 22:00:00,0.9980000257492065,1.0,0.9470000267028809,0.9520000219345093,0.9520000219345093,2753501
RREI.CA,Real Estate,2023-12-11 22:00:00,0.9520000219345093,1.0369999408721924,0.9520000219345093,0.9869999885559082,0.9869999885559082,5027485
RREI.CA,Real Estate,2023-12-12 22:00:00,0.9869999885559082,1.0190000534057617,0.9649999737739563,0.9679999947547913,0.9679999947547913,1277915
RREI.CA,Real Estate,2023-12-13 22:00:00,0.9679999947547913,1.0,0.9399999976158142,0.9490000009536743,0.9490000009536743,4055756
RREI.CA,Real Estate,2023-12-16 22:00:00,0.9490000009536743,1.0190000534057617,0.9539999961853027,0.9819999933242798,0.9819999933242798,4704761
RREI.CA,Real Estate,2023-12-17 22:00:00,0.9819999933242798,0.9990000128746033,0.9589999914169312,0.9620000123977661,0.9620000123977661,1654632
RREI.CA,Real Estate,2023-12-18 22:00:00,0.9620000123977661,0.9860000014305115,0.9089999794960022,0.9210000038146973,0.9210000038146973,8308304
RREI.CA,Real Estate,2023-12-19 22:00:00,0.9210000038146973,0.9290000200271606,0.902999997138977,0.9100000262260437,0.9100000262260437,1596855
RREI.CA,Real Estate,2023-12-20 22:00:00,0.9100000262260437,0.9380000233650208,0.902999997138977,0.9120000004768372,0.9120000004768372,742815
RREI.CA,Real Estate,2023-12-23 22:00:00,0.9120000004768372,0.9120000004768372,0.9120000004768372,0.9120000004768372,0.9120000004768372,0
RREI.CA,Real Estate,2023-12-24 22:00:00,0.8999999761581421,0.9020000100135803,0.8550000190734863,0.8799999952316284,0.8799999952316284,831493
RREI.CA,Real Estate,2023-12-25 22:00:00,0.8799999952316284,0.8999999761581421,0.8700000047683716,0.8820000290870667,0.8820000290870667,644463
RREI.CA,Real Estate,2023-12-26 22:00:00,0.8820000290870667,0.8970000147819519,0.8769999742507935,0.8840000033378601,0.8840000033378601,401432
RREI.CA,Real Estate,2023-12-27 22:00:00,0.8840000033378601,0.8960000276565552,0.8799999952316284,0.8859999775886536,0.8859999775886536,719136
RREI.CA,Real Estate,2023-12-30 22:00:00,0.8859999775886536,0.9290000200271606,0.8939999938011169,0.9120000004768372,0.9120000004768372,2485835
RREI.CA,Real Estate,2024-01-01 22:00:00,0.9120000004768372,0.9359999895095825,0.9129999876022339,0.9190000295639038,0.9190000295639038,1607481
RREI.CA,Real Estate,2024-01-02 22:00:00,0.9190000295639038,0.9629999995231628,0.9200000166893005,0.9559999704360962,0.9559999704360962,1632557
RREI.CA,Real Estate,2024-01-03 22:00:00,0.9559999704360962,0.9760000109672546,0.9300000071525574,0.9390000104904175,0.9390000104904175,1821263
RREI.CA,Real Estate,2024-01-07 22:00:00,0.9390000104904175,1.1200000047683716,0.949999988079071,1.0700000524520874,1.0700000524520874,15626404
RREI.CA,Real Estate,2024-01-08 22:00:00,1.0700000524520874,1.1100000143051147,1.0520000457763672,1.065000057220459,1.065000057220459,6835300
RREI.CA,Real Estate,2024-01-09 22:00:00,1.065000057220459,1.1200000047683716,1.0399999618530273,1.059999942779541,1.059999942779541,5820603
RREI.CA,Real Estate,2024-01-10 22:00:00,1.059999942779541,1.1200000047683716,1.0499999523162842,1.062000036239624,1.062000036239624,7194732
RREI.CA,Real Estate,2024-01-13 22:00:00,1.062000036239624,1.1080000400543213,1.065999984741211,1.0920000076293945,1.0920000076293945,4293197
RREI.CA,Real Estate,2024-01-14 22:00:00,1.0920000076293945,1.25,1.1050000190734863,1.1950000524520874,1.1950000524520874,14815165
RREI.CA,Real Estate,2024-01-15 22:00:00,1.1950000524520874,1.2899999618530273,1.2059999704360962,1.2430000305175781,1.2430000305175781,9278902
RREI.CA,Real Estate,2024-01-16 22:00:00,1.2430000305175781,1.2899999618530273,1.190000057220459,1.2029999494552612,1.2029999494552612,2993150
RREI.CA,Real Estate,2024-01-17 22:00:00,1.2029999494552612,1.218000054359436,1.159999966621399,1.1720000505447388,1.1720000505447388,2328849
RREI.CA,Real Estate,2024-01-20 22:00:00,1.1720000505447388,1.2999999523162842,1.2000000476837158,1.2389999628067017,1.2389999628067017,8817697
RREI.CA,Real Estate,2024-01-21 22:00:00,1.2389999628067017,1.2690000534057617,1.2009999752044678,1.215000033378601,1.215000033378601,3449175
RREI.CA,Real Estate,2024-01-22 22:00:00,1.215000033378601,1.2389999628067017,1.2000000476837158,1.2070000171661377,1.2070000171661377,2311011
RREI.CA,Real Estate,2024-01-23 22:00:00,1.2070000171661377,1.2899999618530273,1.1979999542236328,1.2510000467300415,1.2510000467300415,6126422
RREI.CA,Real Estate,2024-01-27 22:00:00,1.2510000467300415,1.36899995803833,1.2860000133514404,1.3040000200271606,1.3040000200271606,7199387
RREI.CA,Real Estate,2024-01-28 22:00:00,1.3040000200271606,1.3580000400543213,1.2599999904632568,1.2960000038146973,1.2960000038146973,5215157
RREI.CA,Real Estate,2024-01-29 22:00:00,1.2960000038146973,1.3370000123977661,1.2599999904632568,1.2949999570846558,1.2949999570846558,4200186
RREI.CA,Real Estate,2024-01-30 22:00:00,1.2949999570846558,1.3270000219345093,1.1050000190734863,1.24399995803833,1.24399995803833,4609675
RREI.CA,Real Estate,2024-01-31 22:00:00,1.24399995803833,1.25,1.149999976158142,1.2319999933242798,1.2319999933242798,3364861
RREI.CA,Real Estate,2024-02-03 22:00:00,1.2319999933242798,1.2799999713897705,1.1799999475479126,1.2079999446868896,1.2079999446868896,2117885
RREI.CA,Real Estate,2024-02-04 22:00:00,1.2079999446868896,1.2400000095367432,1.190000057220459,1.2130000591278076,1.2130000591278076,2301719
RREI.CA,Real Estate,2024-02-05 22:00:00,1.2130000591278076,1.2289999723434448,1.156000018119812,1.156000018119812,1.156000018119812,1965692
RREI.CA,Real Estate,2024-02-06 22:00:00,1.156000018119812,1.190000057220459,1.159999966621399,1.1740000247955322,1.1740000247955322,1273117
RREI.CA,Real Estate,2024-02-07 22:00:00,1.1740000247955322,1.2230000495910645,1.1640000343322754,1.194000005722046,1.194000005722046,959055
RREI.CA,Real Estate,2024-02-10 22:00:00,1.194000005722046,1.2230000495910645,1.1749999523162842,1.190000057220459,1.190000057220459,1881867
RREI.CA,Real Estate,2024-02-11 22:00:00,1.190000057220459,1.2740000486373901,1.1699999570846558,1.2510000467300415,1.2510000467300415,4381196
RREI.CA,Real Estate,2024-02-12 22:00:00,1.2510000467300415,1.36899995803833,1.2400000095367432,1.319000005722046,1.319000005722046,10532943
RREI.CA,Real Estate,2024-02-13 22:00:00,1.319000005722046,1.4450000524520874,1.3040000200271606,1.3880000114440918,1.3880000114440918,8256009
RREI.CA,Real Estate,2024-02-14 22:00:00,1.3880000114440918,1.4299999475479126,1.3630000352859497,1.378000020980835,1.378000020980835,5661286
RREI.CA,Real Estate,2024-02-17 22:00:00,1.378000020980835,1.378000020980835,1.378000020980835,1.378000020980835,1.378000020980835,0
RREI.CA,Real Estate,2024-02-18 22:00:00,1.3890000581741333,1.409999966621399,1.371999979019165,1.3839999437332153,1.3839999437332153,3183910
RREI.CA,Real Estate,2024-02-19 22:00:00,1.3839999437332153,1.4210000038146973,1.3799999952316284,1.4190000295639038,1.4190000295639038,2914349
RREI.CA,Real Estate,2024-02-20 22:00:00,1.4190000295639038,1.7020000219345093,1.4299999475479126,1.5410000085830688,1.5410000085830688,12189024
RREI.CA,Real Estate,2024-02-21 22:00:00,1.5410000085830688,1.6100000143051147,1.4700000286102295,1.5399999618530273,1.5399999618530273,5800627
RREI.CA,Real Estate,2024-02-24 22:00:00,1.5399999618530273,1.6690000295639038,1.4509999752044678,1.5440000295639038,1.5440000295639038,6455158
RREI.CA,Real Estate,2024-02-25 22:00:00,1.5440000295639038,1.7799999713897705,1.5210000276565552,1.6729999780654907,1.6729999780654907,10985950
RREI.CA,Real Estate,2024-02-26 22:00:00,1.6729999780654907,1.7000000476837158,1.6050000190734863,1.6089999675750732,1.6089999675750732,3235621
RREI.CA,Real Estate,2024-02-27 22:00:00,1.6089999675750732,1.649999976158142,1.4600000381469727,1.475000023841858,1.475000023841858,4787533
RREI.CA,Real Estate,2024-02-28 22:00:00,1.475000023841858,1.5,1.4010000228881836,1.4600000381469727,1.4600000381469727,2609899
RREI.CA,Real Estate,2024-03-02 22:00:00,1.4600000381469727,1.4839999675750732,1.409999966621399,1.4320000410079956,1.4320000410079956,1700173
RREI.CA,Real Estate,2024-03-03 22:00:00,1.4320000410079956,1.4830000400543213,1.4119999408721924,1.4800000190734863,1.4800000190734863,1472877
RREI.CA,Real Estate,2024-03-04 22:00:00,1.4800000190734863,1.5240000486373901,1.4800000190734863,1.4869999885559082,1.4869999885559082,2422132
RREI.CA,Real Estate,2024-03-05 22:00:00,1.4869999885559082,1.4800000190734863,1.225000023841858,1.3669999837875366,1.3669999837875366,3809276
RREI.CA,Real Estate,2024-03-06 22:00:00,1.3669999837875366,1.399999976158142,1.2510000467300415,1.340000033378601,1.340000033378601,1505536
RREI.CA,Real Estate,2024-03-09 22:00:00,1.340000033378601,1.4600000381469727,1.343000054359436,1.4470000267028809,1.4470000267028809,1637226
RREI.CA,Real Estate,2024-03-10 22:00:00,1.4470000267028809,1.5,1.3700000047683716,1.3860000371932983,1.3860000371932983,909516
RREI.CA,Real Estate,2024-03-11 22:00:00,1.3860000371932983,1.4170000553131104,1.309999942779541,1.343000054359436,1.343000054359436,976990
RREI.CA,Real Estate,2024-03-12 22:00:00,1.343000054359436,1.3890000581741333,1.2999999523162842,1.3079999685287476,1.3079999685287476,962894
RREI.CA,Real Estate,2024-03-13 22:00:00,1.3079999685287476,1.3489999771118164,1.281999945640564,1.3009999990463257,1.3009999990463257,1083859
RREI.CA,Real Estate,2024-03-16 22:00:00,1.3009999990463257,1.350000023841858,1.2599999904632568,1.2799999713897705,1.2799999713897705,1412293
RREI.CA,Real Estate,2024-03-17 22:00:00,1.2799999713897705,1.277999997138977,1.149999976158142,1.1799999475479126,1.1799999475479126,1541600
RREI.CA,Real Estate,2024-03-18 22:00:00,1.1799999475479126,1.1749999523162842,1.0700000524520874,1.1200000047683716,1.1200000047683716,909672
RREI.CA,Real Estate,2024-03-19 22:00:00,1.1200000047683716,1.2300000190734863,1.121000051498413,1.152999997138977,1.152999997138977,1630748
RREI.CA,Real Estate,2024-03-20 22:00:00,1.152999997138977,1.2300000190734863,1.1390000581741333,1.1640000343322754,1.1640000343322754,1170479
RREI.CA,Real Estate,2024-03-23 22:00:00,1.1640000343322754,1.2070000171661377,1.1399999856948853,1.187000036239624,1.187000036239624,874961
RREI.CA,Real Estate,2024-03-24 22:00:00,1.187000036239624,1.1959999799728394,1.156999945640564,1.1649999618530273,1.1649999618530273,928986
RREI.CA,Real Estate,2024-03-25 22:00:00,1.1649999618530273,1.1759999990463257,1.1469999551773071,1.156000018119812,1.156000018119812,1047231
RREI.CA,Real Estate,2024-03-26 22:00:00,1.156000018119812,1.149999976158142,1.090999960899353,1.1139999628067017,1.1139999628067017,735426
RREI.CA,Real Estate,2024-03-27 22:00:00,1.1139999628067017,1.1200000047683716,1.0700000524520874,1.1050000190734863,1.1050000190734863,646636
RREI.CA,Real Estate,2024-03-30 22:00:00,1.1050000190734863,1.1050000190734863,0.949999988079071,0.9929999709129333,0.9929999709129333,1214346
RREI.CA,Real Estate,2024-03-31 22:00:00,0.9929999709129333,1.0700000524520874,1.0099999904632568,1.027999997138977,1.027999997138977,739610
RREI.CA,Real Estate,2024-04-01 22:00:00,1.027999997138977,1.2330000400543213,1.059999942779541,1.2330000400543213,1.2330000400543213,7082212
RREI.CA,Real Estate,2024-04-02 22:00:00,1.2330000400543213,1.25,1.1319999694824219,1.152999997138977,1.152999997138977,5319762
RREI.CA,Real Estate,2024-04-03 22:00:00,1.152999997138977,1.187999963760376,1.1319999694824219,1.1679999828338623,1.1679999828338623,3233332
RREI.CA,Real Estate,2024-04-06 22:00:00,1.1679999828338623,1.190999984741211,1.1660000085830688,1.1770000457763672,1.1770000457763672,1529835
RREI.CA,Real Estate,2024-04-07 22:00:00,1.1770000457763672,1.190000057220459,1.1660000085830688,1.1790000200271606,1.1790000200271606,526087
RREI.CA,Real Estate,2024-04-14 22:00:00,1.1790000200271606,1.25,1.1799999475479126,1.2400000095367432,1.2400000095367432,2865106
RREI.CA,Real Estate,2024-04-15 22:00:00,1.2400000095367432,1.2799999713897705,1.215000033378601,1.2769999504089355,1.2769999504089355,4424595
RREI.CA,Real Estate,2024-04-16 22:00:00,1.2769999504089355,1.3170000314712524,1.2710000276565552,1.2860000133514404,1.2860000133514404,3420879
RREI.CA,Real Estate,2024-04-17 22:00:00,1.2860000133514404,1.309999942779541,1.1699999570846558,1.2039999961853027,1.2039999961853027,2144644
RREI.CA,Real Estate,2024-04-20 22:00:00,1.2039999961853027,1.246999979019165,1.1330000162124634,1.218999981880188,1.218999981880188,1735397
RREI.CA,Real Estate,2024-04-21 22:00:00,1.218999981880188,1.2450000047683716,1.1710000038146973,1.1990000009536743,1.1990000009536743,1000315
RREI.CA,Real Estate,2024-04-22 22:00:00,1.1990000009536743,1.2280000448226929,1.1349999904632568,1.1549999713897705,1.1549999713897705,812576
RREI.CA,Real Estate,2024-04-23 22:00:00,1.1549999713897705,1.125,1.0499999523162842,1.0670000314712524,1.0670000314712524,955513
RREI.CA,Real Estate,2024-04-27 21:00:00,1.0670000314712524,1.0670000314712524,1.0670000314712524,1.0670000314712524,1.0670000314712524,0
RREI.CA,Real Estate,2024-04-28 21:00:00,1.0099999904632568,1.0499999523162842,0.972000002861023,1.031000018119812,1.031000018119812,1116785
RREI.CA,Real Estate,2024-04-29 21:00:00,1.031000018119812,1.059999942779541,0.9049999713897705,0.9240000247955322,0.9240000247955322,1642085
RREI.CA,Real Estate,2024-05-01 21:00:00,0.9589999914169312,0.9850000143051147,0.9409999847412109,0.9610000252723694,0.9610000252723694,1213244
RREI.CA,Real Estate,2024-05-06 21:00:00,0.9610000252723694,0.9700000286102295,0.9300000071525574,0.9509999752044678,0.9509999752044678,1413480
RREI.CA,Real Estate,2024-05-07 21:00:00,0.9509999752044678,0.968999981880188,0.9100000262260437,0.9290000200271606,0.9290000200271606,805155
RREI.CA,Real Estate,2024-05-08 21:00:00,0.9290000200271606,0.9300000071525574,0.8999999761581421,0.9150000214576721,0.9150000214576721,827842
RREI.CA,Real Estate,2024-05-11 21:00:00,0.9150000214576721,0.9380000233650208,0.8650000095367432,0.8849999904632568,0.8849999904632568,732503
RREI.CA,Real Estate,2024-05-12 21:00:00,0.8849999904632568,0.875,0.8050000071525574,0.8289999961853027,0.8289999961853027,984255
RREI.CA,Real Estate,2024-05-13 21:00:00,0.8289999961853027,0.8679999709129333,0.824999988079071,0.8330000042915344,0.8330000042915344,900514
RREI.CA,Real Estate,2024-05-14 21:00:00,0.8330000042915344,0.8600000143051147,0.824999988079071,0.847000002861023,0.847000002861023,635644
RREI.CA,Real Estate,2024-05-15 21:00:00,0.847000002861023,0.8799999952316284,0.8309999704360962,0.8709999918937683,0.8709999918937683,726047
RREI.CA,Real Estate,2024-05-18 21:00:00,0.8709999918937683,0.9390000104904175,0.8799999952316284,0.9229999780654907,0.9229999780654907,1250061
RREI.CA,Real Estate,2024-05-19 21:00:00,0.9150000214576721,0.9490000009536743,0.9129999876022339,0.9290000200271606,0.9290000200271606,1023405
RREI.CA,Real Estate,2024-05-20 21:00:00,0.9290000200271606,0.9399999976158142,0.9110000133514404,0.9229999780654907,0.9229999780654907,623834
RREI.CA,Real Estate,2024-05-21 21:00:00,0.9229999780654907,0.9350000023841858,0.8870000243186951,0.9139999747276306,0.9139999747276306,420275
RREI.CA,Real Estate,2024-05-22 21:00:00,0.9139999747276306,0.9309999942779541,0.902999997138977,0.9139999747276306,0.9139999747276306,194892
RREI.CA,Real Estate,2024-05-25 21:00:00,0.9139999747276306,0.9139999747276306,0.9139999747276306,0.9139999747276306,0.9139999747276306,0
RREI.CA,Real Estate,2024-05-26 21:00:00,0.9279999732971191,0.9490000009536743,0.9120000004768372,0.9240000247955322,0.9240000247955322,634967
RREI.CA,Real Estate,2024-05-27 21:00:00,0.9240000247955322,0.925000011920929,0.8410000205039978,0.9240000247955322,0.9240000247955322,270723
RREI.CA,Real Estate,2024-05-28 21:00:00,0.9240000247955322,0.9290000200271606,0.8949999809265137,0.9240000247955322,0.9240000247955322,139650
RREI.CA,Real Estate,2024-05-29 21:00:00,0.9240000247955322,0.9200000166893005,0.8799999952316284,0.8949999809265137,0.8949999809265137,618842
RREI.CA,Real Estate,2024-06-01 21:00:00,0.8949999809265137,0.9210000038146973,0.8949999809265137,0.9129999876022339,0.9129999876022339,433704
RREI.CA,Real Estate,2024-06-02 21:00:00,0.9129999876022339,0.9200000166893005,0.8700000047683716,0.9129999876022339,0.9129999876022339,327740
RREI.CA,Real Estate,2024-06-03 21:00:00,0.9129999876022339,0.9139999747276306,0.8820000290870667,0.9039999842643738,0.9039999842643738,639956
RREI.CA,Real Estate,2024-06-04 21:00:00,0.9039999842643738,0.8980000019073486,0.8600000143051147,0.9039999842643738,0.9039999842643738,297071
RREI.CA,Real Estate,2024-06-05 21:00:00,0.9039999842643738,0.8970000147819519,0.8700000047683716,0.9039999842643738,0.9039999842643738,130026
RREI.CA,Real Estate,2024-06-08 21:00:00,0.9039999842643738,0.9039999842643738,0.8330000042915344,0.8600000143051147,0.8600000143051147,510698
RREI.CA,Real Estate,2024-06-09 21:00:00,0.8600000143051147,0.9049999713897705,0.8420000076293945,0.8600000143051147,0.8600000143051147,202479
RREI.CA,Real Estate,2024-06-10 21:00:00,0.8600000143051147,0.8999999761581421,0.8600000143051147,0.8600000143051147,0.8600000143051147,87705
RREI.CA,Real Estate,2024-06-11 21:00:00,0.8600000143051147,0.9300000071525574,0.8700000047683716,0.8999999761581421,0.8999999761581421,612721
RREI.CA,Real Estate,2024-06-12 21:00:00,0.8999999761581421,0.949999988079071,0.9200000166893005,0.9330000281333923,0.9330000281333923,1512464
RREI.CA,Real Estate,2024-06-22 21:00:00,0.9330000281333923,0.949999988079071,0.9279999732971191,0.9390000104904175,0.9390000104904175,388159
RREI.CA,Real Estate,2024-06-23 21:00:00,0.9390000104904175,1.0290000438690186,0.9599999785423279,0.9779999852180481,0.9779999852180481,2104245
RREI.CA,Real Estate,2024-06-24 21:00:00,0.9779999852180481,1.0,0.972000002861023,0.9829999804496765,0.9829999804496765,584413
RREI.CA,Real Estate,2024-06-25 21:00:00,0.9829999804496765,1.0260000228881836,0.9819999933242798,0.9990000128746033,0.9990000128746033,1561285
RREI.CA,Real Estate,2024-06-26 21:00:00,0.9990000128746033,1.0740000009536743,0.9929999709129333,1.0499999523162842,1.0499999523162842,2923451
RREI.CA,Real Estate,2024-07-01 21:00:00,1.0679999589920044,1.0820000171661377,1.0529999732971191,1.0549999475479126,1.0549999475479126,1354734
RREI.CA,Real Estate,2024-07-02 21:00:00,1.0549999475479126,1.059999942779541,1.0130000114440918,1.0160000324249268,1.0160000324249268,1712264
RREI.CA,Real Estate,2024-07-03 21:00:00,1.0160000324249268,1.0390000343322754,0.9909999966621399,1.0019999742507935,1.0019999742507935,1318097
RREI.CA,Real Estate,2024-07-06 21:00:00,1.0019999742507935,1.0399999618530273,1.00600004196167,1.0219999551773071,1.0219999551773071,856228
RREI.CA,Real Estate,2024-07-07 21:00:00,1.0219999551773071,1.059000015258789,1.0199999809265137,1.031000018119812,1.031000018119812,787741
RREI.CA,Real Estate,2024-07-08 21:00:00,1.031000018119812,1.1469999551773071,1.0290000438690186,1.0989999771118164,1.0989999771118164,5493917
RREI.CA,Real Estate,2024-07-09 21:00:00,1.0989999771118164,1.1200000047683716,1.0770000219345093,1.0839999914169312,1.0839999914169312,1716711
RREI.CA,Real Estate,2024-07-13 21:00:00,1.0839999914169312,1.11899995803833,1.0700000524520874,1.0750000476837158,1.0750000476837158,655362
RREI.CA,Real Estate,2024-07-14 21:00:00,1.0750000476837158,1.090000033378601,1.059999942779541,1.0729999542236328,1.0729999542236328,289371
RREI.CA,Real Estate,2024-07-15 21:00:00,1.0729999542236328,1.1200000047683716,1.0570000410079956,1.0920000076293945,1.0920000076293945,1267107
RREI.CA,Real Estate,2024-07-16 21:00:00,1.0920000076293945,1.1799999475479126,1.125,1.1540000438690186,1.1540000438690186,4263058
RREI.CA,Real Estate,2024-07-17 21:00:00,1.1540000438690186,1.1959999799728394,1.149999976158142,1.156999945640564,1.156999945640564,2603481
RREI.CA,Real Estate,2024-07-20 21:00:00,1.156999945640564,1.1629999876022339,1.1399999856948853,1.1449999809265137,1.1449999809265137,1583746
RREI.CA,Real Estate,2024-07-21 21:00:00,1.1449999809265137,1.1699999570846558,1.0010000467300415,1.13100004196167,1.13100004196167,1854746
RREI.CA,Real Estate,2024-07-22 21:00:00,1.13100004196167,1.1330000162124634,1.1039999723434448,1.1109999418258667,1.1109999418258667,1223046
RREI.CA,Real Estate,2024-07-23 21:00:00,1.1109999418258667,1.1720000505447388,1.1390000581741333,1.156000018119812,1.156000018119812,2613171
RREI.CA,Real Estate,2024-07-27 21:00:00,1.156000018119812,1.1699999570846558,1.1380000114440918,1.1460000276565552,1.1460000276565552,1363519
RREI.CA,Real Estate,2024-07-28 21:00:00,1.1460000276565552,1.159999966621399,1.1139999628067017,1.1169999837875366,1.1169999837875366,1145383
RREI.CA,Real Estate,2024-07-29 21:00:00,1.1169999837875366,1.1330000162124634,1.100000023841858,1.1039999723434448,1.1039999723434448,760443
RREI.CA,Real Estate,2024-07-30 21:00:00,1.1039999723434448,1.149999976158142,1.1160000562667847,1.1419999599456787,1.1419999599456787,792419
RREI.CA,Real Estate,2024-07-31 21:00:00,1.1419999599456787,1.190000057220459,1.0540000200271606,1.121999979019165,1.121999979019165,4887634
RREI.CA,Real Estate,2024-08-03 21:00:00,1.121999979019165,1.100000023841858,1.0099999904632568,1.0199999809265137,1.0199999809265137,2054500
RREI.CA,Real Estate,2024-08-04 21:00:00,1.0199999809265137,1.0199999809265137,0.8999999761581421,0.9800000190734863,0.9800000190734863,1902697
RREI.CA,Real Estate,2024-08-05 21:00:00,0.9800000190734863,1.0199999809265137,0.9800000190734863,1.0099999904632568,1.0099999904632568,1304500
RREI.CA,Real Estate,2024-08-06 21:00:00,1.0099999904632568,1.0800000429153442,1.0199999809265137,1.0399999618530273,1.0399999618530273,1981744
RREI.CA,Real Estate,2024-08-07 21:00:00,1.0399999618530273,1.059999942779541,0.9800000190734863,1.0499999523162842,1.0499999523162842,1180577
RREI.CA,Real Estate,2024-08-10 21:00:00,1.0499999523162842,1.090000033378601,1.059999942779541,1.0700000524520874,1.0700000524520874,496523
RREI.CA,Real Estate,2024-08-11 21:00:00,1.0700000524520874,1.100000023841858,1.059999942779541,1.0700000524520874,1.0700000524520874,1720635
RREI.CA,Real Estate,2024-08-12 21:00:00,1.0700000524520874,1.100000023841858,1.0399999618530273,1.0499999523162842,1.0499999523162842,828818
RREI.CA,Real Estate,2024-08-13 21:00:00,1.0499999523162842,1.090000033378601,1.0499999523162842,1.0700000524520874,1.0700000524520874,1192099
RREI.CA,Real Estate,2024-08-14 21:00:00,1.0700000524520874,1.1200000047683716,1.059999942779541,1.0700000524520874,1.0700000524520874,1458856
RREI.CA,Real Estate,2024-08-17 21:00:00,1.0700000524520874,1.1100000143051147,1.0399999618530273,1.0800000429153442,1.0800000429153442,955293
RREI.CA,Real Estate,2024-08-18 21:00:00,1.0800000429153442,1.090000033378601,1.059999942779541,1.0700000524520874,1.0700000524520874,733980
RREI.CA,Real Estate,2024-08-19 21:00:00,1.0700000524520874,1.1799999475479126,1.090000033378601,1.1299999952316284,1.1299999952316284,4408986
RREI.CA,Real Estate,2024-08-20 21:00:00,1.1299999952316284,1.2400000095367432,1.1100000143051147,1.2000000476837158,1.2000000476837158,5644804
RREI.CA,Real Estate,2024-08-21 21:00:00,1.2000000476837158,1.2899999618530273,1.190000057220459,1.2100000381469727,1.2100000381469727,10836242
RREI.CA,Real Estate,2024-08-24 21:00:00,1.2100000381469727,1.2899999618530273,1.2000000476837158,1.2100000381469727,1.2100000381469727,5380004
RREI.CA,Real Estate,2024-08-25 21:00:00,1.2100000381469727,1.2400000095367432,1.1699999570846558,1.190000057220459,1.190000057220459,2744146
RREI.CA,Real Estate,2024-08-26 21:00:00,1.190000057220459,1.2200000286102295,1.1799999475479126,1.2100000381469727,1.2100000381469727,3120388
RREI.CA,Real Estate,2024-08-27 21:00:00,1.2100000381469727,1.2400000095367432,1.1799999475479126,1.190000057220459,1.190000057220459,3396045
RREI.CA,Real Estate,2024-08-28 21:00:00,1.190000057220459,1.2000000476837158,1.159999966621399,1.1699999570846558,1.1699999570846558,3210836
RREI.CA,Real Estate,2024-08-31 21:00:00,1.1699999570846558,1.2000000476837158,1.1699999570846558,1.1799999475479126,1.1799999475479126,2361061
RREI.CA,Real Estate,2024-09-01 21:00:00,1.1799999475479126,1.2100000381469727,1.149999976158142,1.159999966621399,1.159999966621399,2770605
RREI.CA,Real Estate,2024-09-02 21:00:00,1.159999966621399,1.2200000286102295,1.159999966621399,1.1699999570846558,1.1699999570846558,3354907
RREI.CA,Real Estate,2024-09-03 21:00:00,1.1699999570846558,1.2300000190734863,1.159999966621399,1.2000000476837158,1.2000000476837158,3730014
RREI.CA,Real Estate,2024-09-04 21:00:00,1.2000000476837158,1.25,1.2000000476837158,1.2200000286102295,1.2200000286102295,2912367
RREI.CA,Real Estate,2024-09-07 21:00:00,1.2200000286102295,1.2599999904632568,1.2000000476837158,1.2100000381469727,1.2100000381469727,1901623
RREI.CA,Real Estate,2024-09-08 21:00:00,1.2100000381469727,1.2400000095367432,1.2000000476837158,1.2000000476837158,1.2000000476837158,1380981
RREI.CA,Real Estate,2024-09-09 21:00:00,1.2000000476837158,1.2000000476837158,1.159999966621399,1.1699999570846558,1.1699999570846558,1937453
RREI.CA,Real Estate,2024-09-10 21:00:00,1.1699999570846558,1.190000057220459,1.1399999856948853,1.1699999570846558,1.1699999570846558,2105217
RREI.CA,Real Estate,2024-09-11 21:00:00,1.1699999570846558,1.2100000381469727,1.149999976158142,1.159999966621399,1.159999966621399,1129080
RREI.CA,Real Estate,2024-09-15 21:00:00,1.159999966621399,1.1799999475479126,1.159999966621399,1.159999966621399,1.159999966621399,445758
RREI.CA,Real Estate,2024-09-16 21:00:00,1.159999966621399,1.159999966621399,1.100000023841858,1.1100000143051147,1.1100000143051147,1018594
RREI.CA,Real Estate,2024-09-17 21:00:00,1.1100000143051147,1.1399999856948853,1.0800000429153442,1.1100000143051147,1.1100000143051147,716325
RREI.CA,Real Estate,2024-09-18 21:00:00,1.1100000143051147,1.1399999856948853,1.090000033378601,1.100000023841858,1.100000023841858,1475402
RREI.CA,Real Estate,2024-09-21 21:00:00,1.100000023841858,1.149999976158142,1.1100000143051147,1.1399999856948853,1.1399999856948853,970746
RREI.CA,Real Estate,2024-09-22 21:00:00,1.1399999856948853,1.2100000381469727,1.1399999856948853,1.1699999570846558,1.1699999570846558,2822374
RREI.CA,Real Estate,2024-09-23 21:00:00,1.1799999475479126,1.2000000476837158,1.1699999570846558,1.1799999475479126,1.1799999475479126,780741
RREI.CA,Real Estate,2024-09-24 21:00:00,1.1699999570846558,1.2000000476837158,1.159999966621399,1.1799999475479126,1.1799999475479126,759572
RREI.CA,Real Estate,2024-09-25 21:00:00,1.1799999475479126,1.2000000476837158,1.1699999570846558,1.1799999475479126,1.1799999475479126,780741
RREI.CA,Real Estate,2024-09-28 21:00:00,1.1799999475479126,1.2100000381469727,1.1699999570846558,1.2000000476837158,1.2000000476837158,1923300
RREI.CA,Real Estate,2024-09-29 21:00:00,1.2000000476837158,1.2200000286102295,1.1799999475479126,1.1799999475479126,1.1799999475479126,1002662
RREI.CA,Real Estate,2024-09-30 21:00:00,1.1799999475479126,1.409999966621399,1.1799999475479126,1.409999966621399,1.409999966621399,18403923
RREI.CA,Real Estate,2024-10-01 21:00:00,1.409999966621399,1.600000023841858,1.3899999856948853,1.409999966621399,1.409999966621399,23208804
RREI.CA,Real Estate,2024-10-02 21:00:00,1.409999966621399,1.4800000190734863,1.3300000429153442,1.3899999856948853,1.3899999856948853,11611674
RREI.CA,Real Estate,2024-10-06 21:00:00,1.3899999856948853,1.4500000476837158,1.350000023841858,1.350000023841858,1.350000023841858,5896440
RREI.CA,Real Estate,2024-10-07 21:00:00,1.350000023841858,1.3899999856948853,1.2999999523162842,1.2999999523162842,1.2999999523162842,7732965
RREI.CA,Real Estate,2024-10-08 21:00:00,1.2999999523162842,1.559999942779541,1.2999999523162842,1.5499999523162842,1.5499999523162842,20677041
RREI.CA,Real Estate,2024-10-09 21:00:00,1.5499999523162842,1.6799999475479126,1.4700000286102295,1.5499999523162842,1.5499999523162842,19672922
RREI.CA,Real Estate,2024-10-12 21:00:00,1.5499999523162842,1.5800000429153442,1.4600000381469727,1.4800000190734863,1.4800000190734863,4895205
RREI.CA,Real Estate,2024-10-13 21:00:00,1.4800000190734863,1.600000023841858,1.3799999952316284,1.5800000429153442,1.5800000429153442,9649189
RREI.CA,Real Estate,2024-10-14 21:00:00,1.5800000429153442,1.649999976158142,1.5499999523162842,1.600000023841858,1.600000023841858,7208468
RREI.CA,Real Estate,2024-10-15 21:00:00,1.600000023841858,1.6399999856948853,1.5,1.5099999904632568,1.5099999904632568,8395515
RREI.CA,Real Estate,2024-10-16 21:00:00,1.5099999904632568,1.6200000047683716,1.5099999904632568,1.5099999904632568,1.5099999904632568,8491488
RREI.CA,Real Estate,2024-10-19 21:00:00,1.5099999904632568,1.5299999713897705,1.4299999475479126,1.440000057220459,1.440000057220459,3790452
RREI.CA,Real Estate,2024-10-20 21:00:00,1.440000057220459,1.4700000286102295,1.350000023841858,1.4299999475479126,1.4299999475479126,5751371
RREI.CA,Real Estate,2024-10-21 21:00:00,1.4299999475479126,1.6100000143051147,1.440000057220459,1.600000023841858,1.600000023841858,16730808
RREI.CA,Real Estate,2024-10-22 21:00:00,1.600000023841858,1.7000000476837158,1.5499999523162842,1.5499999523162842,1.5499999523162842,9661377
RREI.CA,Real Estate,2024-10-23 21:00:00,1.5499999523162842,1.5800000429153442,1.5,1.5199999809265137,1.5199999809265137,5109626
RREI.CA,Real Estate,2024-10-26 21:00:00,1.5199999809265137,1.5700000524520874,1.5199999809265137,1.559999942779541,1.559999942779541,4215709
RREI.CA,Real Estate,2024-10-27 21:00:00,1.559999942779541,1.6100000143051147,1.5299999713897705,1.5800000429153442,1.5800000429153442,6771353
RREI.CA,Real Estate,2024-10-28 21:00:00,1.5800000429153442,1.600000023841858,1.5299999713897705,1.5399999618530273,1.5399999618530273,4440482
RREI.CA,Real Estate,2024-10-29 21:00:00,1.5399999618530273,1.7300000190734863,1.5099999904632568,1.6399999856948853,1.6399999856948853,27447655
RREI.CA,Real Estate,2024-10-30 21:00:00,1.6399999856948853,1.6699999570846558,1.600000023841858,1.6200000047683716,1.6200000047683716,6607577
RREI.CA,Real Estate,2024-11-02 22:00:00,1.6200000047683716,1.7000000476837158,1.6200000047683716,1.6699999570846558,1.6699999570846558,7077013
RREI.CA,Real Estate,2024-11-03 22:00:00,1.6699999570846558,1.7599999904632568,1.6699999570846558,1.6699999570846558,1.6699999570846558,15718720
RREI.CA,Real Estate,2024-11-04 22:00:00,1.6699999570846558,1.7100000381469727,1.649999976158142,1.649999976158142,1.649999976158142,5510225
RREI.CA,Real Estate,2024-11-05 22:00:00,1.649999976158142,1.7999999523162842,1.6299999952316284,1.7999999523162842,1.7999999523162842,18012952
RREI.CA,Real Estate,2024-11-06 22:00:00,1.7999999523162842,1.850000023841858,1.7300000190734863,1.7300000190734863,1.7300000190734863,15435070
RREI.CA,Real Estate,2024-11-09 22:00:00,1.7300000190734863,1.7799999713897705,1.7200000286102295,1.7599999904632568,1.7599999904632568,8584049
RREI.CA,Real Estate,2024-11-10 22:00:00,1.7599999904632568,1.8600000143051147,1.7799999713897705,1.809999942779541,1.809999942779541,11810747
RREI.CA,Real Estate,2024-11-11 22:00:00,1.809999942779541,1.8300000429153442,1.7599999904632568,1.7799999713897705,1.7799999713897705,6423368
RREI.CA,Real Estate,2024-11-12 22:00:00,1.7799999713897705,1.7899999618530273,1.7100000381469727,1.7100000381469727,1.7100000381469727,6898599
RREI.CA,Real Estate,2024-11-13 22:00:00,1.7100000381469727,1.7599999904632568,1.7000000476837158,1.7400000095367432,1.7400000095367432,7195148
RREI.CA,Real Estate,2024-11-16 22:00:00,1.7400000095367432,1.7599999904632568,1.7000000476837158,1.7100000381469727,1.7100000381469727,3029376
RREI.CA,Real Estate,2024-11-17 22:00:00,1.7100000381469727,1.7200000286102295,1.6399999856948853,1.649999976158142,1.649999976158142,5355013
RREI.CA,Real Estate,2024-11-18 22:00:00,1.649999976158142,1.659999966621399,1.5800000429153442,1.5800000429153442,1.5800000429153442,5021916
RREI.CA,Real Estate,2024-11-19 22:00:00,1.5800000429153442,1.6299999952316284,1.5499999523162842,1.559999942779541,1.559999942779541,6133538
RREI.CA,Real Estate,2024-11-20 22:00:00,1.559999942779541,1.590000033378601,1.5299999713897705,1.5299999713897705,1.5299999713897705,2882603
RREI.CA,Real Estate,2024-11-23 22:00:00,1.5299999713897705,1.7100000381469727,1.5399999618530273,1.6699999570846558,1.6699999570846558,16716796
RREI.CA,Real Estate,2024-11-24 22:00:00,1.6699999570846558,1.7799999713897705,1.6399999856948853,1.7000000476837158,1.7000000476837158,19053129
RREI.CA,Real Estate,2024-11-25 22:00:00,1.7000000476837158,1.7400000095367432,1.6399999856948853,1.6699999570846558,1.6699999570846558,5215824
RREI.CA,Real Estate,2024-11-26 22:00:00,1.6699999570846558,1.7100000381469727,1.6399999856948853,1.6699999570846558,1.6699999570846558,3808598
RREI.CA,Real Estate,2024-11-27 22:00:00,1.6699999570846558,1.6799999475479126,1.6399999856948853,1.659999966621399,1.659999966621399,1965336
RREI.CA,Real Estate,2024-11-30 22:00:00,1.659999966621399,1.7100000381469727,1.6299999952316284,1.6399999856948853,1.6399999856948853,2315423
RREI.CA,Real Estate,2024-12-01 22:00:00,1.6399999856948853,1.7400000095367432,1.649999976158142,1.7400000095367432,1.7400000095367432,6429659
RREI.CA,Real Estate,2024-12-02 22:00:00,1.7400000095367432,1.9500000476837158,1.7999999523162842,1.8300000429153442,1.8300000429153442,32170613
RREI.CA,Real Estate,2024-12-03 22:00:00,1.8300000429153442,1.8799999952316284,1.7899999618530273,1.7899999618530273,1.7899999618530273,11298758
RREI.CA,Real Estate,2024-12-04 22:00:00,1.7899999618530273,1.8200000524520874,1.7599999904632568,1.7699999809265137,1.7699999809265137,5502679
RREI.CA,Real Estate,2024-12-07 22:00:00,1.7699999809265137,1.8200000524520874,1.7599999904632568,1.7699999809265137,1.7699999809265137,6379942
RREI.CA,Real Estate,2024-12-08 22:00:00,1.7699999809265137,1.850000023841858,1.7799999713897705,1.7899999618530273,1.7899999618530273,8662576
RREI.CA,Real Estate,2024-12-09 22:00:00,1.7899999618530273,1.8600000143051147,1.7899999618530273,1.8200000524520874,1.8200000524520874,8440700
RREI.CA,Real Estate,2024-12-10 22:00:00,1.8200000524520874,1.940000057220459,1.840000033378601,1.8899999856948853,1.8899999856948853,17578893
RREI.CA,Real Estate,2024-12-11 22:00:00,1.8899999856948853,1.9299999475479126,1.850000023841858,1.9299999475479126,1.9299999475479126,11202625
RREI.CA,Real Estate,2024-12-14 22:00:00,1.9299999475479126,2.0199999809265137,1.9299999475479126,1.940000057220459,1.940000057220459,21462065
RREI.CA,Real Estate,2024-12-15 22:00:00,1.940000057220459,1.9600000381469727,1.8600000143051147,1.8600000143051147,1.8600000143051147,12304163
RREI.CA,Real Estate,2024-12-16 22:00:00,1.8600000143051147,1.8899999856948853,1.8200000524520874,1.8300000429153442,1.8300000429153442,7079321
RREI.CA,Real Estate,2024-12-17 22:00:00,1.8300000429153442,1.840000033378601,1.75,1.7699999809265137,1.7699999809265137,4533566
RREI.CA,Real Estate,2024-12-18 22:00:00,1.7699999809265137,1.7899999618530273,1.7300000190734863,1.7799999713897705,1.7799999713897705,9982506
RREI.CA,Real Estate,2024-12-21 22:00:00,1.7799999713897705,1.8300000429153442,1.7599999904632568,1.7699999809265137,1.7699999809265137,3838663
RREI.CA,Real Estate,2024-12-22 22:00:00,1.7699999809265137,1.7699999809265137,1.649999976158142,1.659999966621399,1.659999966621399,7313112
RREI.CA,Real Estate,2024-12-23 22:00:00,1.659999966621399,1.690000057220459,1.6100000143051147,1.6399999856948853,1.6399999856948853,4138619
RREI.CA,Real Estate,2024-12-24 22:00:00,1.6399999856948853,1.7100000381469727,1.6100000143051147,1.649999976158142,1.649999976158142,5145583
RREI.CA,Real Estate,2024-12-25 22:00:00,1.649999976158142,1.6699999570846558,1.6399999856948853,1.649999976158142,1.649999976158142,2016323
RREI.CA,Real Estate,2024-12-28 22:00:00,1.649999976158142,1.690000057220459,1.6200000047683716,1.6200000047683716,1.6200000047683716,1689995
RREI.CA,Real Estate,2024-12-29 22:00:00,1.6200000047683716,1.649999976158142,1.5800000429153442,1.6299999952316284,1.6299999952316284,3810764
RREI.CA,Real Estate,2024-12-30 22:00:00,1.6299999952316284,1.659999966621399,1.6200000047683716,1.649999976158142,1.649999976158142,2221300
RREI.CA,Real Estate,2025-01-01 22:00:00,1.649999976158142,1.7400000095367432,1.649999976158142,1.7000000476837158,1.7000000476837158,5161033
RREI.CA,Real Estate,2025-01-04 22:00:00,1.7000000476837158,1.7300000190734863,1.7000000476837158,1.7100000381469727,1.7100000381469727,2312999
RREI.CA,Real Estate,2025-01-05 22:00:00,1.7100000381469727,1.7300000190734863,1.6399999856948853,1.649999976158142,1.649999976158142,4358288
RREI.CA,Real Estate,2025-01-07 22:00:00,1.649999976158142,1.690000057220459,1.6399999856948853,1.6399999856948853,1.6399999856948853,2973185
RREI.CA,Real Estate,2025-01-08 22:00:00,1.6399999856948853,1.659999966621399,1.6100000143051147,1.6299999952316284,1.6299999952316284,1762305
RREI.CA,Real Estate,2025-01-11 22:00:00,1.6299999952316284,1.6200000047683716,1.5800000429153442,1.600000023841858,1.600000023841858,2345163
RREI.CA,Real Estate,2025-01-12 22:00:00,1.600000023841858,1.649999976158142,1.559999942779541,1.559999942779541,1.559999942779541,3562280
RREI.CA,Real Estate,2025-01-13 22:00:00,1.559999942779541,1.5700000524520874,1.440000057220459,1.5,1.5,4404901
RREI.CA,Real Estate,2025-01-14 22:00:00,1.5,1.5700000524520874,1.4900000095367432,1.5499999523162842,1.5499999523162842,2522311
RREI.CA,Real Estate,2025-01-15 22:00:00,1.5499999523162842,1.5700000524520874,1.5299999713897705,1.5399999618530273,1.5399999618530273,1688783
RREI.CA,Real Estate,2025-01-18 22:00:00,1.5499999523162842,1.5800000429153442,1.5299999713897705,1.559999942779541,1.559999942779541,2927819
RREI.CA,Real Estate,2025-01-19 22:00:00,1.5299999713897705,1.6299999952316284,1.5299999713897705,1.5800000429153442,1.5800000429153442,6249130
RREI.CA,Real Estate,2025-01-20 22:00:00,1.5800000429153442,1.649999976158142,1.590000033378601,1.600000023841858,1.600000023841858,3738141
RREI.CA,Real Estate,2025-01-21 22:00:00,1.600000023841858,1.6200000047683716,1.5700000524520874,1.5800000429153442,1.5800000429153442,1775256
RREI.CA,Real Estate,2025-01-22 22:00:00,1.5800000429153442,1.600000023841858,1.5499999523162842,1.590000033378601,1.590000033378601,2336959
RREI.CA,Real Estate,2025-01-25 22:00:00,1.590000033378601,1.649999976158142,1.5800000429153442,1.5800000429153442,1.5800000429153442,3472700
RREI.CA,Real Estate,2025-01-26 22:00:00,1.5800000429153442,1.600000023841858,1.5499999523162842,1.5499999523162842,1.5499999523162842,1586070
RREI.CA,Real Estate,2025-01-27 22:00:00,1.5499999523162842,1.5700000524520874,1.5399999618530273,1.5499999523162842,1.5499999523162842,902456
RREI.CA,Real Estate,2025-01-28 22:00:00,1.5499999523162842,1.7200000286102295,1.5499999523162842,1.6299999952316284,1.6299999952316284,7414439
RREI.CA,Real Estate,2025-01-29 22:00:00,1.6299999952316284,1.659999966621399,1.5800000429153442,1.600000023841858,1.600000023841858,2431655
RREI.CA,Real Estate,2025-02-01 22:00:00,1.600000023841858,1.6399999856948853,1.5700000524520874,1.6299999952316284,1.6299999952316284,2296015
RREI.CA,Real Estate,2025-02-02 22:00:00,1.6299999952316284,1.7100000381469727,1.5800000429153442,1.690000057220459,1.690000057220459,6180244
RREI.CA,Real Estate,2025-02-03 22:00:00,1.690000057220459,1.75,1.659999966621399,1.659999966621399,1.659999966621399,6893551
RREI.CA,Real Estate,2025-02-04 22:00:00,1.659999966621399,1.690000057220459,1.6399999856948853,1.659999966621399,1.659999966621399,3001178
RREI.CA,Real Estate,2025-02-05 22:00:00,1.659999966621399,1.6799999475479126,1.6399999856948853,1.6399999856948853,1.6399999856948853,988250
RREI.CA,Real Estate,2025-02-08 22:00:00,1.6399999856948853,1.6699999570846558,1.6200000047683716,1.649999976158142,1.649999976158142,1356448
RREI.CA,Real Estate,2025-02-09 22:00:00,1.649999976158142,1.649999976158142,1.600000023841858,1.6100000143051147,1.6100000143051147,975045
RREI.CA,Real Estate,2025-02-10 22:00:00,1.6100000143051147,1.6299999952316284,1.5499999523162842,1.5499999523162842,1.5499999523162842,1336198
RREI.CA,Real Estate,2025-02-11 22:00:00,1.5499999523162842,1.559999942779541,1.4800000190734863,1.5299999713897705,1.5299999713897705,934689
RREI.CA,Real Estate,2025-02-12 22:00:00,1.5299999713897705,1.5700000524520874,1.5,1.5499999523162842,1.5499999523162842,1261612
RREI.CA,Real Estate,2025-02-15 22:00:00,1.5499999523162842,1.590000033378601,1.5499999523162842,1.5700000524520874,1.5700000524520874,1021314
RREI.CA,Real Estate,2025-02-16 22:00:00,1.5700000524520874,1.590000033378601,1.5399999618530273,1.5399999618530273,1.5399999618530273,908655
RREI.CA,Real Estate,2025-02-17 22:00:00,1.5399999618530273,1.5700000524520874,1.5399999618530273,1.5499999523162842,1.5499999523162842,572056
RREI.CA,Real Estate,2025-02-18 22:00:00,1.5499999523162842,1.5800000429153442,1.5499999523162842,1.5700000524520874,1.5700000524520874,660840
RREI.CA,Real Estate,2025-02-19 22:00:00,1.5700000524520874,1.5800000429153442,1.5299999713897705,1.5499999523162842,1.5499999523162842,965363
RREI.CA,Real Estate,2025-02-22 22:00:00,1.5499999523162842,1.5700000524520874,1.5399999618530273,1.5499999523162842,1.5499999523162842,756765
RREI.CA,Real Estate,2025-02-23 22:00:00,1.5499999523162842,1.659999966621399,1.5499999523162842,1.600000023841858,1.600000023841858,4362115
RREI.CA,Real Estate,2025-02-24 22:00:00,1.600000023841858,1.649999976158142,1.5800000429153442,1.590000033378601,1.590000033378601,1519753
RREI.CA,Real Estate,2025-02-25 22:00:00,1.590000033378601,1.6299999952316284,1.5800000429153442,1.590000033378601,1.590000033378601,861559
RREI.CA,Real Estate,2025-02-26 22:00:00,1.590000033378601,1.6100000143051147,1.5399999618530273,1.5499999523162842,1.5499999523162842,3374044
RREI.CA,Real Estate,2025-03-01 22:00:00,1.5499999523162842,1.5700000524520874,1.5399999618530273,1.5499999523162842,1.5499999523162842,463871
RREI.CA,Real Estate,2025-03-02 22:00:00,1.5499999523162842,1.5700000524520874,1.5399999618530273,1.559999942779541,1.559999942779541,568403
RREI.CA,Real Estate,2025-03-03 22:00:00,1.559999942779541,1.559999942779541,1.5399999618530273,1.5499999523162842,1.5499999523162842,499476
RREI.CA,Real Estate,2025-03-04 22:00:00,1.5499999523162842,1.5800000429153442,1.5,1.5499999523162842,1.5499999523162842,1868007
RREI.CA,Real Estate,2025-03-05 22:00:00,1.5499999523162842,1.5499999523162842,1.5199999809265137,1.5299999713897705,1.5299999713897705,283808
RREI.CA,Real Estate,2025-03-08 22:00:00,1.5299999713897705,1.5700000524520874,1.5199999809265137,1.5499999523162842,1.5499999523162842,492166
RREI.CA,Real Estate,2025-03-09 22:00:00,1.5499999523162842,1.6200000047683716,1.5499999523162842,1.5700000524520874,1.5700000524520874,1615755
RREI.CA,Real Estate,2025-03-10 22:00:00,1.5700000524520874,1.6100000143051147,1.5499999523162842,1.6100000143051147,1.6100000143051147,1391325
RREI.CA,Real Estate,2025-03-11 22:00:00,1.6100000143051147,1.6799999475479126,1.600000023841858,1.6399999856948853,1.6399999856948853,5905094
RREI.CA,Real Estate,2025-03-12 22:00:00,1.6399999856948853,1.7100000381469727,1.6100000143051147,1.649999976158142,1.649999976158142,4743963
RREI.CA,Real Estate,2025-03-15 22:00:00,1.649999976158142,1.690000057220459,1.6200000047683716,1.6200000047683716,1.6200000047683716,1248634
RREI.CA,Real Estate,2025-03-16 22:00:00,1.6200000047683716,1.7200000286102295,1.6200000047683716,1.6799999475479126,1.6799999475479126,3611965
RREI.CA,Real Estate,2025-03-17 22:00:00,1.6799999475479126,2.0,1.659999966621399,1.9299999475479126,1.9299999475479126,31743984
RREI.CA,Real Estate,2025-03-18 22:00:00,1.9299999475479126,1.940000057220459,1.8300000429153442,1.840000033378601,1.840000033378601,9169642
RREI.CA,Real Estate,2025-03-19 22:00:00,1.840000033378601,2.049999952316284,1.8200000524520874,1.8899999856948853,1.8899999856948853,17442459
RREI.CA,Real Estate,2025-03-22 22:00:00,1.8899999856948853,2.130000114440918,1.8799999952316284,2.0399999618530273,2.0399999618530273,21794975
RREI.CA,Real Estate,2025-03-23 22:00:00,2.0399999618530273,2.25,2.069999933242798,2.240000009536743,2.240000009536743,25356115
RREI.CA,Real Estate,2025-03-24 22:00:00,2.240000009536743,2.309999942779541,2.119999885559082,2.1500000953674316,2.1500000953674316,12441944
RREI.CA,Real Estate,2025-03-25 22:00:00,2.1500000953674316,2.2699999809265137,2.130000114440918,2.200000047683716,2.200000047683716,16835331
RREI.CA,Real Estate,2025-03-26 22:00:00,2.200000047683716,2.299999952316284,2.1600000858306885,2.2300000190734863,2.2300000190734863,9131800
RREI.CA,Real Estate,2025-04-02 22:00:00,2.2300000190734863,2.259999990463257,2.1500000953674316,2.2200000286102295,2.2200000286102295,6547611
RREI.CA,Real Estate,2025-04-05 22:00:00,2.2200000286102295,2.140000104904175,1.9800000190734863,2.0199999809265137,2.0199999809265137,7857117
RREI.CA,Real Estate,2025-04-06 22:00:00,2.0199999809265137,2.0899999141693115,1.9299999475479126,2.049999952316284,2.049999952316284,7653194
RREI.CA,Real Estate,2025-04-07 22:00:00,2.049999952316284,2.180000066757202,2.069999933242798,2.130000114440918,2.130000114440918,7615582
RREI.CA,Real Estate,2025-04-08 22:00:00,2.130000114440918,2.130000114440918,1.9500000476837158,1.9600000381469727,1.9600000381469727,5705042
RREI.CA,Real Estate,2025-04-09 22:00:00,1.9600000381469727,2.0899999141693115,2.0,2.009999990463257,2.009999990463257,2774569
RREI.CA,Real Estate,2025-04-12 22:00:00,2.009999990463257,2.1500000953674316,2.009999990463257,2.0999999046325684,2.0999999046325684,4110634
RREI.CA,Real Estate,2025-04-13 22:00:00,2.0999999046325684,2.1500000953674316,2.049999952316284,2.059999942779541,2.059999942779541,3986401
RREI.CA,Real Estate,2025-04-14 22:00:00,2.059999942779541,2.180000066757202,2.059999942779541,2.180000066757202,2.180000066757202,8408396
RREI.CA,Real Estate,2025-04-15 22:00:00,2.180000066757202,2.259999990463257,2.1600000858306885,2.240000009536743,2.240000009536743,18494776
RREI.CA,Real Estate,2025-04-16 22:00:00,2.240000009536743,2.390000104904175,2.2300000190734863,2.2799999713897705,2.2799999713897705,23922336
RREI.CA,Real Estate,2025-04-21 22:00:00,2.2799999713897705,2.3299999237060547,2.259999990463257,2.2799999713897705,2.2799999713897705,8458248
RREI.CA,Real Estate,2025-04-22 22:00:00,2.2799999713897705,2.4200000762939453,2.299999952316284,2.359999895095825,2.359999895095825,13658012
RREI.CA,Real Estate,2025-04-26 21:00:00,2.359999895095825,2.4700000286102295,2.369999885559082,2.4000000953674316,2.4000000953674316,8983043
RREI.CA,Real Estate,2025-04-27 21:00:00,2.4000000953674316,2.4100000858306885,2.3299999237060547,2.369999885559082,2.369999885559082,5396170
RREI.CA,Real Estate,2025-04-28 21:00:00,2.369999885559082,2.799999952316284,2.309999942779541,2.3399999141693115,2.3399999141693115,4060206
RREI.CA,Real Estate,2025-04-29 21:00:00,2.3399999141693115,2.359999895095825,2.319999933242798,2.3299999237060547,2.3299999237060547,2978388
RREI.CA,Real Estate,2025-05-03 21:00:00,2.3299999237060547,2.4600000381469727,2.319999933242798,2.390000104904175,2.390000104904175,8393001
RREI.CA,Real Estate,2025-05-04 21:00:00,2.390000104904175,2.4600000381469727,2.3499999046325684,2.3499999046325684,2.3499999046325684,4786935
RREI.CA,Real Estate,2025-05-05 21:00:00,2.3499999046325684,2.390000104904175,2.319999933242798,2.3499999046325684,2.3499999046325684,2359887
RREI.CA,Real Estate,2025-05-06 21:00:00,2.3499999046325684,2.380000114440918,2.2799999713897705,2.2899999618530273,2.2899999618530273,1953974
RREI.CA,Real Estate,2025-05-07 21:00:00,2.2899999618530273,2.299999952316284,2.1700000762939453,2.2100000381469727,2.2100000381469727,2776360
RREI.CA,Real Estate,2025-05-10 21:00:00,2.2100000381469727,2.2799999713897705,2.1700000762939453,2.259999990463257,2.259999990463257,3576086
RREI.CA,Real Estate,2025-05-11 21:00:00,2.259999990463257,2.380000114440918,2.2300000190734863,2.369999885559082,2.369999885559082,4886847
RREI.CA,Real Estate,2025-05-12 21:00:00,2.369999885559082,2.390000104904175,2.319999933242798,2.3299999237060547,2.3299999237060547,1161548
RREI.CA,Real Estate,2025-05-13 21:00:00,2.3299999237060547,2.450000047683716,2.3499999046325684,2.4000000953674316,2.4000000953674316,5320043
RREI.CA,Real Estate,2025-05-14 21:00:00,2.4000000953674316,2.4200000762939453,2.3499999046325684,2.380000114440918,2.380000114440918,1454853
RREI.CA,Real Estate,2025-05-17 21:00:00,2.380000114440918,2.4100000858306885,2.299999952316284,2.369999885559082,2.369999885559082,1104083
RREI.CA,Real Estate,2025-05-18 21:00:00,2.369999885559082,2.3499999046325684,2.259999990463257,2.2899999618530273,2.2899999618530273,2318073
RREI.CA,Real Estate,2025-05-19 21:00:00,2.2899999618530273,2.359999895095825,2.240000009536743,2.240000009536743,2.240000009536743,2111652
RREI.CA,Real Estate,2025-05-20 21:00:00,2.240000009536743,2.2899999618530273,2.2300000190734863,2.240000009536743,2.240000009536743,1363066
RREI.CA,Real Estate,2025-05-21 21:00:00,2.240000009536743,2.3499999046325684,2.240000009536743,2.299999952316284,2.299999952316284,3142549
RREI.CA,Real Estate,2025-05-24 21:00:00,2.299999952316284,2.3499999046325684,2.25,2.259999990463257,2.259999990463257,2341771
RREI.CA,Real Estate,2025-05-25 21:00:00,2.259999990463257,2.2699999809265137,2.200000047683716,2.200000047683716,2.200000047683716,6541549
RREI.CA,Real Estate,2025-05-26 21:00:00,2.200000047683716,2.240000009536743,2.180000066757202,2.2200000286102295,2.2200000286102295,2795113
RREI.CA,Real Estate,2025-05-27 21:00:00,2.2200000286102295,2.240000009536743,2.200000047683716,2.200000047683716,2.200000047683716,1932587
RREI.CA,Real Estate,2025-05-28 21:00:00,2.200000047683716,2.259999990463257,2.190000057220459,2.2200000286102295,2.2200000286102295,3431427
RREI.CA,Real Estate,2025-05-31 21:00:00,2.2200000286102295,2.319999933242798,2.2300000190734863,2.2699999809265137,2.2699999809265137,4581591
RREI.CA,Real Estate,2025-06-01 21:00:00,2.2699999809265137,2.3499999046325684,2.2699999809265137,2.3399999141693115,2.3399999141693115,3735800
RREI.CA,Real Estate,2025-06-02 21:00:00,2.3399999141693115,2.430000066757202,2.319999933242798,2.3299999237060547,2.3299999237060547,3501003
RREI.CA,Real Estate,2025-06-03 21:00:00,2.3299999237060547,2.359999895095825,2.2699999809265137,2.3299999237060547,2.3299999237060547,1494844
RREI.CA,Real Estate,2025-06-09 21:00:00,2.3299999237060547,2.380000114440918,2.299999952316284,2.319999933242798,2.319999933242798,3119010
RREI.CA,Real Estate,2025-06-10 21:00:00,2.319999933242798,2.359999895095825,2.2300000190734863,2.25,2.25,3408314
RREI.CA,Real Estate,2025-06-11 21:00:00,2.25,2.299999952316284,2.180000066757202,2.190000057220459,2.190000057220459,6813654
RREI.CA,Real Estate,2025-06-14 21:00:00,2.190000057220459,2.0999999046325684,1.9600000381469727,2.0299999713897705,2.0299999713897705,1726346
RREI.CA,Real Estate,2025-06-15 21:00:00,2.0299999713897705,2.0799999237060547,1.940000057220459,1.9500000476837158,1.9500000476837158,4172499
RREI.CA,Real Estate,2025-06-16 21:00:00,1.9500000476837158,1.9900000095367432,1.8200000524520874,1.850000023841858,1.850000023841858,3142194
RREI.CA,Real Estate,2025-06-17 21:00:00,1.850000023841858,1.8700000047683716,1.75,1.8200000524520874,1.8200000524520874,1627688
RREI.CA,Real Estate,2025-06-18 21:00:00,1.8200000524520874,1.8799999952316284,1.75,1.7699999809265137,1.7699999809265137,2620885
RREI.CA,Real Estate,2025-06-21 21:00:00,1.7699999809265137,1.840000033378601,1.659999966621399,1.8300000429153442,1.8300000429153442,1776088
RREI.CA,Real Estate,2025-06-22 21:00:00,1.8300000429153442,1.9299999475479126,1.840000033378601,1.909999966621399,1.909999966621399,2117321
RREI.CA,Real Estate,2025-06-23 21:00:00,1.909999966621399,2.0,1.940000057220459,1.9900000095367432,1.9900000095367432,1909282
RREI.CA,Real Estate,2025-06-24 21:00:00,1.9900000095367432,2.069999933242798,1.9800000190734863,2.049999952316284,2.049999952316284,2163229
RREI.CA,Real Estate,2025-06-28 21:00:00,2.049999952316284,2.0999999046325684,2.059999942779541,2.0799999237060547,2.0799999237060547,1574996
RREI.CA,Real Estate,2025-06-29 21:00:00,2.0799999237060547,2.1500000953674316,2.059999942779541,2.119999885559082,2.119999885559082,3465695
RREI.CA,Real Estate,2025-06-30 21:00:00,2.119999885559082,2.1500000953674316,2.0999999046325684,2.0999999046325684,2.0999999046325684,2190259
RREI.CA,Real Estate,2025-07-01 21:00:00,2.0999999046325684,2.1500000953674316,2.0799999237060547,2.109999895095825,2.109999895095825,1011167
RREI.CA,Real Estate,2025-07-05 21:00:00,2.109999895095825,2.259999990463257,2.140000104904175,2.25,2.25,6208394
RREI.CA,Real Estate,2025-07-06 21:00:00,2.25,2.2899999618530273,2.190000057220459,2.200000047683716,2.200000047683716,2281307
RREI.CA,Real Estate,2025-07-08 21:00:00,2.200000047683716,2.2200000286102295,2.0899999141693115,2.1600000858306885,2.1600000858306885,1737118
RREI.CA,Real Estate,2025-07-09 21:00:00,2.1600000858306885,2.2100000381469727,2.119999885559082,2.1600000858306885,2.1600000858306885,548843
RREI.CA,Real Estate,2025-07-12 21:00:00,2.1600000858306885,2.259999990463257,2.1600000858306885,2.190000057220459,2.190000057220459,1884998
RREI.CA,Real Estate,2025-07-13 21:00:00,2.190000057220459,2.2200000286102295,2.140000104904175,2.1700000762939453,2.1700000762939453,1757561
RREI.CA,Real Estate,2025-07-14 21:00:00,2.1700000762939453,2.2100000381469727,2.1500000953674316,2.1500000953674316,2.1500000953674316,1192060
RREI.CA,Real Estate,2025-07-15 21:00:00,2.1500000953674316,2.1700000762939453,2.0899999141693115,2.0999999046325684,2.0999999046325684,1456718
RREI.CA,Real Estate,2025-07-16 21:00:00,2.0999999046325684,2.130000114440918,2.0899999141693115,2.109999895095825,2.109999895095825,974872
RREI.CA,Real Estate,2025-07-19 21:00:00,2.109999895095825,2.1500000953674316,2.119999885559082,2.119999885559082,2.119999885559082,729278
RREI.CA,Real Estate,2025-07-20 21:00:00,2.119999885559082,2.140000104904175,2.0899999141693115,2.130000114440918,2.130000114440918,980398
RREI.CA,Real Estate,2025-07-21 21:00:00,2.130000114440918,2.299999952316284,2.0899999141693115,2.2899999618530273,2.2899999618530273,10878152
RREI.CA,Real Estate,2025-07-22 21:00:00,2.2899999618530273,2.2899999618530273,2.2899999618530273,2.2899999618530273,2.2899999618530273,0
RREI.CA,Real Estate,2025-07-26 21:00:00,2.319999933242798,2.390000104904175,2.2699999809265137,2.3499999046325684,2.3499999046325684,9995348
RREI.CA,Real Estate,2025-07-27 21:00:00,2.3499999046325684,2.390000104904175,2.2899999618530273,2.2899999618530273,2.2899999618530273,3836386
RREI.CA,Real Estate,2025-07-28 21:00:00,2.2899999618530273,2.430000066757202,2.2899999618530273,2.3499999046325684,2.3499999046325684,10064974
RREI.CA,Real Estate,2025-07-29 21:00:00,2.3499999046325684,2.390000104904175,2.200000047683716,2.2200000286102295,2.2200000286102295,3974661
RREI.CA,Real Estate,2025-07-30 21:00:00,2.2200000286102295,2.2899999618530273,2.2300000190734863,2.259999990463257,2.259999990463257,2380266
RREI.CA,Real Estate,2025-08-02 21:00:00,2.259999990463257,2.259999990463257,2.259999990463257,2.259999990463257,2.259999990463257,0
RREI.CA,Real Estate,2025-08-03 21:00:00,2.259999990463257,2.259999990463257,2.259999990463257,2.259999990463257,2.259999990463257,0
RREI.CA,Real Estate,2025-08-04 21:00:00,2.259999990463257,2.259999990463257,2.259999990463257,2.259999990463257,2.259999990463257,0
RREI.CA,Real Estate,2025-08-05 21:00:00,2.259999990463257,2.259999990463257,2.259999990463257,2.259999990463257,2.259999990463257,0
RREI.CA,Real Estate,2025-08-06 21:00:00,2.259999990463257,2.259999990463257,2.259999990463257,2.259999990463257,2.259999990463257,0
RREI.CA,Real Estate,2025-08-09 21:00:00,2.4800000190734863,2.5299999713897705,2.4700000286102295,2.5,2.5,5098437
RREI.CA,Real Estate,2025-08-10 21:00:00,2.5,2.5199999809265137,2.440000057220459,2.509999990463257,2.509999990463257,5051204
RREI.CA,Real Estate,2025-08-11 21:00:00,2.509999990463257,2.5999999046325684,2.509999990463257,2.5899999141693115,2.5899999141693115,5941968
RREI.CA,Real Estate,2025-08-12 21:00:00,2.5899999141693115,2.609999895095825,2.5299999713897705,2.5999999046325684,2.5999999046325684,6181408
RREI.CA,Real Estate,2025-08-13 21:00:00,2.5999999046325684,2.7100000381469727,2.5799999237060547,2.6500000953674316,2.6500000953674316,12184670
RREI.CA,Real Estate,2025-08-16 21:00:00,2.6500000953674316,2.700000047683716,2.5899999141693115,2.609999895095825,2.609999895095825,9118210
RREI.CA,Real Estate,2025-08-17 21:00:00,2.609999895095825,2.6500000953674316,2.5999999046325684,2.619999885559082,2.619999885559082,5670419
RREI.CA,Real Estate,2025-08-18 21:00:00,2.619999885559082,2.630000114440918,2.509999990463257,2.5299999713897705,2.5299999713897705,6406680
RREI.CA,Real Estate,2025-08-19 21:00:00,2.5299999713897705,2.549999952316284,2.490000009536743,2.509999990463257,2.509999990463257,1892228
RREI.CA,Real Estate,2025-08-20 21:00:00,2.509999990463257,2.5199999809265137,2.450000047683716,2.4600000381469727,2.4600000381469727,1787046
RREI.CA,Real Estate,2025-08-23 21:00:00,2.4600000381469727,2.5299999713897705,2.450000047683716,2.4700000286102295,2.4700000286102295,2131729
RREI.CA,Real Estate,2025-08-24 21:00:00,2.4700000286102295,2.5399999618530273,2.450000047683716,2.4600000381469727,2.4600000381469727,3416469
RREI.CA,Real Estate,2025-08-25 21:00:00,2.4600000381469727,2.509999990463257,2.430000066757202,2.440000057220459,2.440000057220459,2208215
RREI.CA,Real Estate,2025-08-26 21:00:00,2.440000057220459,2.490000009536743,2.430000066757202,2.4600000381469727,2.4600000381469727,1358159
RREI.CA,Real Estate,2025-08-27 21:00:00,2.4600000381469727,2.490000009536743,2.4200000762939453,2.430000066757202,2.430000066757202,1221294
RREI.CA,Real Estate,2025-08-30 21:00:00,2.430000066757202,2.490000009536743,2.369999885559082,2.390000104904175,2.390000104904175,7996405
RREI.CA,Real Estate,2025-08-31 21:00:00,2.390000104904175,2.440000057220459,2.380000114440918,2.4100000858306885,2.4100000858306885,2419601
RREI.CA,Real Estate,2025-09-01 21:00:00,2.4100000858306885,2.440000057220459,2.319999933242798,2.3299999237060547,2.3299999237060547,1743235
RREI.CA,Real Estate,2025-09-02 21:00:00,2.3299999237060547,2.3499999046325684,2.259999990463257,2.2699999809265137,2.2699999809265137,3437548
RREI.CA,Real Estate,2025-09-06 21:00:00,2.2699999809265137,2.309999942779541,2.25,2.259999990463257,2.259999990463257,1907646
RREI.CA,Real Estate,2025-09-07 21:00:00,2.259999990463257,2.319999933242798,2.25,2.2699999809265137,2.2699999809265137,631489
RREI.CA,Real Estate,2025-09-08 21:00:00,2.2699999809265137,2.309999942779541,2.2300000190734863,2.25,2.25,677910
RREI.CA,Real Estate,2025-09-09 21:00:00,2.25,2.2799999713897705,2.240000009536743,2.259999990463257,2.259999990463257,1152435
RREI.CA,Real Estate,2025-09-10 21:00:00,2.259999990463257,2.369999885559082,2.2699999809265137,2.309999942779541,2.309999942779541,3968598
RREI.CA,Real Estate,2025-09-13 21:00:00,2.309999942779541,2.359999895095825,2.309999942779541,2.3299999237060547,2.3299999237060547,2461371
RREI.CA,Real Estate,2025-09-14 21:00:00,2.3299999237060547,2.3499999046325684,2.2699999809265137,2.2799999713897705,2.2799999713897705,1727808
RREI.CA,Real Estate,2025-09-15 21:00:00,2.2799999713897705,2.299999952316284,2.130000114440918,2.200000047683716,2.200000047683716,3163575
RREI.CA,Real Estate,2025-09-16 21:00:00,2.200000047683716,2.259999990463257,2.1500000953674316,2.240000009536743,2.240000009536743,1906529
RREI.CA,Real Estate,2025-09-17 21:00:00,2.240000009536743,2.259999990463257,2.200000047683716,2.2100000381469727,2.2100000381469727,1164751
RREI.CA,Real Estate,2025-09-20 21:00:00,2.2100000381469727,2.25,2.1600000858306885,2.180000066757202,2.180000066757202,889498
RREI.CA,Real Estate,2025-09-21 21:00:00,2.180000066757202,2.190000057220459,2.130000114440918,2.1500000953674316,2.1500000953674316,941020
RREI.CA,Real Estate,2025-09-22 21:00:00,2.1500000953674316,2.180000066757202,2.0899999141693115,2.0999999046325684,2.0999999046325684,976346
RREI.CA,Real Estate,2025-09-23 21:00:00,2.0999999046325684,2.1700000762939453,2.109999895095825,2.140000104904175,2.140000104904175,930915
RREI.CA,Real Estate,2025-09-24 21:00:00,2.140000104904175,2.200000047683716,2.140000104904175,2.190000057220459,2.190000057220459,1380558
RREI.CA,Real Estate,2025-09-27 21:00:00,2.190000057220459,2.240000009536743,2.200000047683716,2.2100000381469727,2.2100000381469727,1121292
RREI.CA,Real Estate,2025-09-28 21:00:00,2.2100000381469727,2.2799999713897705,2.200000047683716,2.259999990463257,2.259999990463257,1890210
RREI.CA,Real Estate,2025-09-29 21:00:00,2.259999990463257,2.359999895095825,2.25,2.309999942779541,2.309999942779541,4014728
RREI.CA,Real Estate,2025-09-30 21:00:00,2.309999942779541,2.3299999237060547,2.259999990463257,2.2699999809265137,2.2699999809265137,1156693
RREI.CA,Real Estate,2025-10-01 21:00:00,2.2699999809265137,2.299999952316284,2.25,2.259999990463257,2.259999990463257,750805
RREI.CA,Real Estate,2025-10-04 21:00:00,2.259999990463257,2.299999952316284,2.25,2.25,2.25,1297883
RREI.CA,Real Estate,2025-10-05 21:00:00,2.25,2.3299999237060547,2.259999990463257,2.2899999618530273,2.2899999618530273,2468886
RREI.CA,Real Estate,2025-10-06 21:00:00,2.2899999618530273,2.359999895095825,2.2799999713897705,2.309999942779541,2.309999942779541,2308028
RREI.CA,Real Estate,2025-10-07 21:00:00,2.309999942779541,2.3399999141693115,2.2699999809265137,2.2699999809265137,2.2699999809265137,1958747
RREI.CA,Real Estate,2025-10-11 21:00:00,2.2699999809265137,2.2899999618530273,2.25,2.25,2.25,1350920
RREI.CA,Real Estate,2025-10-12 21:00:00,2.25,2.2799999713897705,2.2200000286102295,2.259999990463257,2.259999990463257,1266656
RREI.CA,Real Estate,2025-10-13 21:00:00,2.259999990463257,2.359999895095825,2.25,2.359999895095825,2.359999895095825,4974307
RREI.CA,Real Estate,2025-10-14 21:00:00,2.359999895095825,2.5,2.380000114440918,2.430000066757202,2.430000066757202,17042721
RREI.CA,Real Estate,2025-10-15 21:00:00,2.430000066757202,2.4600000381469727,2.4000000953674316,2.4000000953674316,2.4000000953674316,3298769
RREI.CA,Real Estate,2025-10-18 21:00:00,2.4000000953674316,2.4800000190734863,2.4000000953674316,2.450000047683716,2.450000047683716,4317473
RREI.CA,Real Estate,2025-10-19 21:00:00,2.450000047683716,2.4800000190734863,2.4200000762939453,2.440000057220459,2.440000057220459,2726488
RREI.CA,Real Estate,2025-10-20 21:00:00,2.440000057220459,2.450000047683716,2.380000114440918,2.4100000858306885,2.4100000858306885,2699724
RREI.CA,Real Estate,2025-10-21 21:00:00,2.4100000858306885,2.430000066757202,2.390000104904175,2.390000104904175,2.390000104904175,1737876
RREI.CA,Real Estate,2025-10-22 21:00:00,2.390000104904175,2.4200000762939453,2.380000114440918,2.380000114440918,2.380000114440918,1773906
RREI.CA,Real Estate,2025-10-25 21:00:00,2.380000114440918,2.4800000190734863,2.380000114440918,2.4700000286102295,2.4700000286102295,3948467
RREI.CA,Real Estate,2025-10-26 21:00:00,2.4700000286102295,2.5299999713897705,2.450000047683716,2.450000047683716,2.450000047683716,5316849
RREI.CA,Real Estate,2025-10-27 21:00:00,2.450000047683716,2.4800000190734863,2.380000114440918,2.380000114440918,2.380000114440918,2612362
RREI.CA,Real Estate,2025-10-28 21:00:00,2.380000114440918,2.4100000858306885,2.380000114440918,2.380000114440918,2.380000114440918,884877
RREI.CA,Real Estate,2025-10-29 21:00:00,2.380000114440918,2.4100000858306885,2.380000114440918,2.390000104904175,2.390000104904175,842158
RREI.CA,Real Estate,2025-11-01 22:00:00,2.390000104904175,2.490000009536743,2.4000000953674316,2.4800000190734863,2.4800000190734863,2850524
RREI.CA,Real Estate,2025-11-02 22:00:00,2.4800000190734863,2.5,2.450000047683716,2.4600000381469727,2.4600000381469727,2104870
RREI.CA,Real Estate,2025-11-03 22:00:00,2.4600000381469727,2.619999885559082,2.4700000286102295,2.619999885559082,2.619999885559082,13229053
RREI.CA,Real Estate,2025-11-04 22:00:00,2.619999885559082,2.640000104904175,2.490000009536743,2.559999942779541,2.559999942779541,4924431
RREI.CA,Real Estate,2025-11-05 22:00:00,2.559999942779541,2.740000009536743,2.559999942779541,2.569999933242798,2.569999933242798,20193300
RREI.CA,Real Estate,2025-11-08 22:00:00,2.569999933242798,2.5999999046325684,2.5299999713897705,2.5299999713897705,2.5299999713897705,3420796
RREI.CA,Real Estate,2025-11-09 22:00:00,2.5299999713897705,2.569999933242798,2.509999990463257,2.549999952316284,2.549999952316284,3099524
RREI.CA,Real Estate,2025-11-10 22:00:00,2.549999952316284,2.5899999141693115,2.509999990463257,2.5199999809265137,2.5199999809265137,1588901
RREI.CA,Real Estate,2025-11-11 22:00:00,2.5199999809265137,2.5799999237060547,2.509999990463257,2.5199999809265137,2.5199999809265137,1394552
RREI.CA,Real Estate,2025-11-12 22:00:00,2.5199999809265137,2.5399999618530273,2.430000066757202,2.450000047683716,2.450000047683716,4881836
RREI.CA,Real Estate,2025-11-15 22:00:00,2.450000047683716,2.490000009536743,2.430000066757202,2.430000066757202,2.430000066757202,1617716
RREI.CA,Real Estate,2025-11-16 22:00:00,2.430000066757202,2.4600000381469727,2.4100000858306885,2.430000066757202,2.430000066757202,1440795
RREI.CA,Real Estate,2025-11-17 22:00:00,2.430000066757202,2.5199999809265137,2.4100000858306885,2.4200000762939453,2.4200000762939453,2298260
RREI.CA,Real Estate,2025-11-18 22:00:00,2.4200000762939453,2.4700000286102295,2.359999895095825,2.390000104904175,2.390000104904175,1945911
RREI.CA,Real Estate,2025-11-19 22:00:00,2.390000104904175,2.440000057220459,2.4000000953674316,2.4000000953674316,2.4000000953674316,1192604
RREI.CA,Real Estate,2025-11-22 22:00:00,2.4000000953674316,2.4200000762939453,2.380000114440918,2.380000114440918,2.380000114440918,852395
RREI.CA,Real Estate,2025-11-23 22:00:00,2.380000114440918,2.4200000762939453,2.369999885559082,2.4000000953674316,2.4000000953674316,818532
RREI.CA,Real Estate,2025-11-24 22:00:00,2.4000000953674316,2.4200000762939453,2.309999942779541,2.309999942779541,2.309999942779541,1663938
RREI.CA,Real Estate,2025-11-25 22:00:00,2.309999942779541,2.3399999141693115,2.2699999809265137,2.2699999809265137,2.2699999809265137,1093731
RREI.CA,Real Estate,2025-11-26 22:00:00,2.2699999809265137,2.299999952316284,2.259999990463257,2.2899999618530273,2.2899999618530273,787761
RREI.CA,Real Estate,2025-11-29 22:00:00,2.2899999618530273,2.319999933242798,2.2799999713897705,2.299999952316284,2.299999952316284,704658
RREI.CA,Real Estate,2025-11-30 22:00:00,2.299999952316284,2.3299999237060547,2.2799999713897705,2.2899999618530273,2.2899999618530273,1009731
RREI.CA,Real Estate,2025-12-01 22:00:00,2.2899999618530273,2.309999942779541,2.240000009536743,2.25,2.25,2371701
RREI.CA,Real Estate,2025-12-02 22:00:00,2.25,2.2699999809265137,2.240000009536743,2.259999990463257,2.259999990463257,916395
RREI.CA,Real Estate,2025-12-03 22:00:00,2.259999990463257,2.2699999809265137,2.2100000381469727,2.2200000286102295,2.2200000286102295,1677423
RREI.CA,Real Estate,2025-12-06 22:00:00,2.2200000286102295,2.380000114440918,2.2300000190734863,2.319999933242798,2.319999933242798,4725930
RREI.CA,Real Estate,2025-12-07 22:00:00,2.319999933242798,2.490000009536743,2.3399999141693115,2.4000000953674316,2.4000000953674316,7376258
RREI.CA,Real Estate,2025-12-08 22:00:00,2.4000000953674316,2.450000047683716,2.359999895095825,2.359999895095825,2.359999895095825,3812253
RREI.CA,Real Estate,2025-12-09 22:00:00,2.359999895095825,2.450000047683716,2.359999895095825,2.369999885559082,2.369999885559082,3105984
RREI.CA,Real Estate,2025-12-10 22:00:00,2.369999885559082,2.4100000858306885,2.3299999237060547,2.3499999046325684,2.3499999046325684,1546551
RREI.CA,Real Estate,2025-12-13 22:00:00,2.3499999046325684,2.440000057220459,2.3499999046325684,2.380000114440918,2.380000114440918,2814081
RREI.CA,Real Estate,2025-12-14 22:00:00,2.380000114440918,2.440000057220459,2.3499999046325684,2.3499999046325684,2.3499999046325684,3602873
RREI.CA,Real Estate,2025-12-15 22:00:00,2.3499999046325684,2.390000104904175,2.319999933242798,2.319999933242798,2.319999933242798,2438799
RREI.CA,Real Estate,2025-12-16 22:00:00,2.319999933242798,2.430000066757202,2.309999942779541,2.3399999141693115,2.3399999141693115,4893063
RREI.CA,Real Estate,2025-12-17 22:00:00,2.3399999141693115,2.390000104904175,2.3399999141693115,2.3399999141693115,2.3399999141693115,2093684
RREI.CA,Real Estate,2025-12-20 22:00:00,2.3399999141693115,2.549999952316284,2.3499999046325684,2.5,2.5,12915171
RREI.CA,Real Estate,2025-12-21 22:00:00,2.5,2.640000104904175,2.4800000190734863,2.490000009536743,2.490000009536743,12827390
RREI.CA,Real Estate,2025-12-22 22:00:00,2.490000009536743,2.559999942779541,2.440000057220459,2.549999952316284,2.549999952316284,4580067
RREI.CA,Real Estate,2025-12-23 22:00:00,2.549999952316284,2.5899999141693115,2.5199999809265137,2.5299999713897705,2.5299999713897705,2052881
RREI.CA,Real Estate,2025-12-24 22:00:00,2.5299999713897705,2.569999933242798,2.5,2.509999990463257,2.509999990463257,2105032
RREI.CA,Real Estate,2025-12-27 22:00:00,2.509999990463257,2.5399999618530273,2.5,2.509999990463257,2.509999990463257,1769822
RREI.CA,Real Estate,2025-12-28 22:00:00,2.509999990463257,2.7899999618530273,2.509999990463257,2.75,2.75,25970539
RREI.CA,Real Estate,2025-12-29 22:00:00,2.75,2.9600000381469727,2.7100000381469727,2.9600000381469727,2.9600000381469727,42538327
RREI.CA,Real Estate,2025-12-30 22:00:00,2.9600000381469727,2.990000009536743,2.8299999237060547,2.940000057220459,2.940000057220459,11828737
RREI.CA,Real Estate,2026-01-03 22:00:00,2.940000057220459,3.109999895095825,2.9100000858306885,3.069999933242798,3.069999933242798,27547373
RREI.CA,Real Estate,2026-01-04 22:00:00,3.069999933242798,3.200000047683716,3.0,3.1700000762939453,3.1700000762939453,19274855
RREI.CA,Real Estate,2026-01-05 22:00:00,3.1700000762939453,3.200000047683716,3.109999895095825,3.140000104904175,3.140000104904175,12489110
RREI.CA,Real Estate,2026-01-07 22:00:00,3.140000104904175,3.25,3.0899999141693115,3.119999885559082,3.119999885559082,19277082
RREI.CA,Real Estate,2026-01-10 22:00:00,3.119999885559082,3.200000047683716,3.059999942779541,3.1700000762939453,3.1700000762939453,16110745
RREI.CA,Real Estate,2026-01-11 22:00:00,3.1700000762939453,3.180000066757202,3.0999999046325684,3.180000066757202,3.180000066757202,9565901
RREI.CA,Real Estate,2026-01-12 22:00:00,3.180000066757202,3.2300000190734863,3.109999895095825,3.140000104904175,3.140000104904175,14194334
RREI.CA,Real Estate,2026-01-13 22:00:00,3.140000104904175,3.1500000953674316,3.009999990463257,3.049999952316284,3.049999952316284,6215281
RREI.CA,Real Estate,2026-01-14 22:00:00,3.049999952316284,3.0899999141693115,2.819999933242798,2.8499999046325684,2.8499999046325684,9017318
RREI.CA,Real Estate,2026-01-17 22:00:00,2.8499999046325684,2.9200000762939453,2.8299999237060547,2.859999895095825,2.859999895095825,3418683
RREI.CA,Real Estate,2026-01-18 22:00:00,2.859999895095825,2.950000047683716,2.869999885559082,2.9100000858306885,2.9100000858306885,6162963
RREI.CA,Real Estate,2026-01-19 22:00:00,2.9100000858306885,3.0,2.880000114440918,3.0,3.0,12470233
RREI.CA,Real Estate,2026-01-20 22:00:00,3.0,3.0799999237060547,2.9800000190734863,3.0199999809265137,3.0199999809265137,13420986
RREI.CA,Real Estate,2026-01-21 22:00:00,3.0199999809265137,3.0299999713897705,2.950000047683716,2.950000047683716,2.950000047683716,5763911
RREI.CA,Real Estate,2026-01-24 22:00:00,2.950000047683716,2.9700000286102295,2.8499999046325684,2.869999885559082,2.869999885559082,4794877
RREI.CA,Real Estate,2026-01-25 22:00:00,2.869999885559082,2.880000114440918,2.75,2.759999990463257,2.759999990463257,4421104
RREI.CA,Real Estate,2026-01-26 22:00:00,2.759999990463257,2.8299999237060547,2.7200000286102295,2.7699999809265137,2.7699999809265137,4561329
RREI.CA,Real Estate,2026-01-27 22:00:00,2.7699999809265137,2.7899999618530273,2.5799999237060547,2.6500000953674316,2.6500000953674316,7897186
RREI.CA,Real Estate,2026-01-31 22:00:00,2.6500000953674316,2.740000009536743,2.6700000762939453,2.740000009536743,2.740000009536743,3624909
RREI.CA,Real Estate,2026-02-01 22:00:00,2.740000009536743,2.7899999618530273,2.5999999046325684,2.6700000762939453,2.6700000762939453,7908477
RREI.CA,Real Estate,2026-02-02 22:00:00,2.6700000762939453,2.75,2.6600000858306885,2.7100000381469727,2.7100000381469727,3674515
RREI.CA,Real Estate,2026-02-03 22:00:00,2.7100000381469727,2.7899999618530273,2.7200000286102295,2.740000009536743,2.740000009536743,3464831
RREI.CA,Real Estate,2026-02-04 22:00:00,2.740000009536743,2.759999990463257,2.680000066757202,2.7200000286102295,2.7200000286102295,2716172
RREI.CA,Real Estate,2026-02-07 22:00:00,2.7200000286102295,2.8499999046325684,2.7200000286102295,2.8399999141693115,2.8399999141693115,11687575
RREI.CA,Real Estate,2026-02-08 22:00:00,2.8399999141693115,2.8499999046325684,2.7699999809265137,2.799999952316284,2.799999952316284,2771926
RREI.CA,Real Estate,2026-02-09 22:00:00,2.799999952316284,2.8299999237060547,2.7300000190734863,2.740000009536743,2.740000009536743,3233499
RREI.CA,Real Estate,2026-02-10 22:00:00,2.740000009536743,2.7699999809265137,2.680000066757202,2.700000047683716,2.700000047683716,3106184
RREI.CA,Real Estate,2026-02-11 22:00:00,2.700000047683716,2.7200000286102295,2.6500000953674316,2.680000066757202,2.680000066757202,2034729
RREI.CA,Real Estate,2026-02-14 22:00:00,2.680000066757202,2.7200000286102295,2.6600000858306885,2.690000057220459,2.690000057220459,1393170
RREI.CA,Real Estate,2026-02-15 22:00:00,2.690000057220459,2.700000047683716,2.640000104904175,2.6600000858306885,2.6600000858306885,1571770
RREI.CA,Real Estate,2026-02-16 22:00:00,2.6600000858306885,2.740000009536743,2.609999895095825,2.7300000190734863,2.7300000190734863,3691213
RREI.CA,Real Estate,2026-02-17 22:00:00,2.7300000190734863,2.799999952316284,2.7200000286102295,2.7200000286102295,2.7200000286102295,4370713
RREI.CA,Real Estate,2026-02-18 22:00:00,2.7200000286102295,2.740000009536743,2.6500000953674316,2.6600000858306885,2.6600000858306885,2379668
RREI.CA,Real Estate,2026-02-21 22:00:00,2.6600000858306885,2.680000066757202,2.559999942779541,2.569999933242798,2.569999933242798,2186823
RREI.CA,Real Estate,2026-02-22 22:00:00,2.569999933242798,2.6700000762939453,2.5399999618530273,2.5999999046325684,2.5999999046325684,4213793
RREI.CA,Real Estate,2026-02-23 22:00:00,2.5999999046325684,2.5999999046325684,2.5299999713897705,2.549999952316284,2.549999952316284,2372016
RREI.CA,Real Estate,2026-02-24 22:00:00,2.549999952316284,2.549999952316284,2.359999895095825,2.4000000953674316,2.4000000953674316,2977419
RREI.CA,Real Estate,2026-02-25 22:00:00,2.4000000953674316,2.4800000190734863,2.4000000953674316,2.450000047683716,2.450000047683716,1176119
RREI.CA,Real Estate,2026-02-28 22:00:00,2.450000047683716,2.359999895095825,2.2300000190734863,2.3399999141693115,2.3399999141693115,2402831
RREI.CA,Real Estate,2026-03-01 22:00:00,2.3399999141693115,2.369999885559082,2.299999952316284,2.309999942779541,2.309999942779541,628969
RREI.CA,Real Estate,2026-03-02 22:00:00,2.309999942779541,2.390000104904175,2.2699999809265137,2.3299999237060547,2.3299999237060547,2811346
RREI.CA,Real Estate,2026-03-03 22:00:00,2.3299999237060547,2.380000114440918,2.2799999713897705,2.3499999046325684,2.3499999046325684,2145647
RREI.CA,Real Estate,2026-03-04 22:00:00,2.3499999046325684,2.390000104904175,2.3299999237060547,2.3399999141693115,2.3399999141693115,1359305
RREI.CA,Real Estate,2026-03-07 22:00:00,2.3399999141693115,2.359999895095825,2.299999952316284,2.309999942779541,2.309999942779541,985753
RREI.CA,Real Estate,2026-03-08 22:00:00,2.309999942779541,2.5,2.309999942779541,2.4700000286102295,2.4700000286102295,6160439
RREI.CA,Real Estate,2026-03-09 22:00:00,2.4700000286102295,2.5299999713897705,2.450000047683716,2.4700000286102295,2.4700000286102295,3548556
RREI.CA,Real Estate,2026-03-10 22:00:00,2.4700000286102295,2.509999990463257,2.4600000381469727,2.4700000286102295,2.4700000286102295,1441707
RREI.CA,Real Estate,2026-03-11 22:00:00,2.4700000286102295,2.4800000190734863,2.4200000762939453,2.430000066757202,2.430000066757202,1599289
RREI.CA,Real Estate,2026-03-14 22:00:00,2.430000066757202,2.4700000286102295,2.359999895095825,2.369999885559082,2.369999885559082,2037647
RREI.CA,Real Estate,2026-03-15 22:00:00,2.369999885559082,2.390000104904175,2.3299999237060547,2.3399999141693115,2.3399999141693115,821593
RREI.CA,Real Estate,2026-03-16 22:00:00,2.3399999141693115,2.4000000953674316,2.3499999046325684,2.390000104904175,2.390000104904175,410461
RREI.CA,Real Estate,2026-03-17 22:00:00,2.390000104904175,2.450000047683716,2.359999895095825,2.4200000762939453,2.4200000762939453,1792390
RREI.CA,Real Estate,2026-03-18 22:00:00,2.4200000762939453,2.4200000762939453,2.4200000762939453,2.4200000762939453,2.4200000762939453,0
RREI.CA,Real Estate,2026-03-23 22:00:00,2.4200000762939453,2.690000057220459,2.430000066757202,2.609999895095825,2.609999895095825,15023143
RREI.CA,Real Estate,2026-03-24 22:00:00,2.609999895095825,2.6500000953674316,2.569999933242798,2.609999895095825,2.609999895095825,5702525
RREI.CA,Real Estate,2026-03-25 22:00:00,2.609999895095825,2.640000104904175,2.559999942779541,2.569999933242798,2.569999933242798,2386392
RREI.CA,Real Estate,2026-03-28 22:00:00,2.569999933242798,2.5899999141693115,2.5399999618530273,2.559999942779541,2.559999942779541,1258012
RREI.CA,Real Estate,2026-03-29 22:00:00,2.559999942779541,2.5799999237060547,2.4600000381469727,2.509999990463257,2.509999990463257,1420388
RREI.CA,Real Estate,2026-03-30 22:00:00,2.509999990463257,2.549999952316284,2.450000047683716,2.4800000190734863,2.4800000190734863,2498438
RREI.CA,Real Estate,2026-03-31 22:00:00,2.4800000190734863,2.75,2.4800000190734863,2.680000066757202,2.680000066757202,9374634
RREI.CA,Real Estate,2026-04-01 22:00:00,2.680000066757202,2.700000047683716,2.6500000953674316,2.6700000762939453,2.6700000762939453,1866381
RREI.CA,Real Estate,2026-04-04 22:00:00,2.6700000762939453,2.7300000190734863,2.6700000762939453,2.700000047683716,2.700000047683716,1023154
RREI.CA,Real Estate,2026-04-05 22:00:00,2.700000047683716,2.8499999046325684,2.6600000858306885,2.799999952316284,2.799999952316284,7178499
RREI.CA,Real Estate,2026-04-06 22:00:00,2.799999952316284,3.069999933242798,2.799999952316284,3.0,3.0,22342242
RREI.CA,Real Estate,2026-04-07 22:00:00,3.0,3.049999952316284,2.940000057220459,3.0299999713897705,3.0299999713897705,4548476
RREI.CA,Real Estate,2026-04-08 22:00:00,3.0299999713897705,3.359999895095825,3.0299999713897705,3.2699999809265137,3.2699999809265137,24231141
RREI.CA,Real Estate,2026-04-13 22:00:00,3.2699999809265137,3.25,3.130000114440918,3.140000104904175,3.140000104904175,14671859
RREI.CA,Real Estate,2026-04-14 22:00:00,3.140000104904175,3.380000114440918,3.180000066757202,3.2200000286102295,3.2200000286102295,15832744
RREI.CA,Real Estate,2026-04-15 22:00:00,3.2200000286102295,3.309999942779541,3.190000057220459,3.240000009536743,3.240000009536743,7426416
RREI.CA,Real Estate,2026-04-18 22:00:00,3.240000009536743,3.490000009536743,3.25,3.450000047683716,3.450000047683716,12567313
RREI.CA,Real Estate,2026-04-19 22:00:00,3.450000047683716,4.119999885559082,3.4800000190734863,4.010000228881836,4.010000228881836,54429157
RREI.CA,Real Estate,2026-04-20 22:00:00,4.010000228881836,4.0,3.690000057220459,3.740000009536743,3.740000009536743,46694718
RREI.CA,Real Estate,2026-04-21 22:00:00,3.740000009536743,3.890000104904175,3.640000104904175,3.859999895095825,3.859999895095825,23047918
RREI.CA,Real Estate,2026-04-22 22:00:00,3.859999895095825,3.9100000858306885,3.7799999713897705,3.859999895095825,3.859999895095825,12682286
RREI.CA,Real Estate,2026-04-25 21:00:00,3.859999895095825,3.859999895095825,3.75,3.7699999809265137,3.7699999809265137,10740508
RREI.CA,Real Estate,2026-04-26 21:00:00,3.7699999809265137,3.8299999237060547,3.75,3.7899999618530273,3.7899999618530273,7869373
RREI.CA,Real Estate,2026-04-27 21:00:00,3.7899999618530273,3.950000047683716,3.759999990463257,3.759999990463257,3.759999990463257,23421621
RREI.CA,Real Estate,2026-04-28 21:00:00,3.759999990463257,3.869999885559082,3.740000009536743,3.819999933242798,3.819999933242798,10877427
RREI.CA,Real Estate,2026-04-29 21:00:00,3.819999933242798,3.859999895095825,3.7100000381469727,3.7200000286102295,3.7200000286102295,5620561
RREI.CA,Real Estate,2026-05-02 21:00:00,3.7200000286102295,3.759999990463257,3.700000047683716,3.7300000190734863,3.7300000190734863,3975588
RREI.CA,Real Estate,2026-05-03 21:00:00,3.7300000190734863,3.799999952316284,3.7200000286102295,3.740000009536743,3.740000009536743,6000535
RREI.CA,Real Estate,2026-05-04 21:00:00,3.740000009536743,3.759999990463257,3.700000047683716,3.7200000286102295,3.7200000286102295,4080930
RREI.CA,Real Estate,2026-05-05 21:00:00,3.7200000286102295,3.75,3.690000057220459,3.700000047683716,3.700000047683716,3687873
RREI.CA,Real Estate,2026-05-09 21:00:00,3.700000047683716,3.809999942779541,3.700000047683716,3.7799999713897705,3.7799999713897705,6905938
RREI.CA,Real Estate,2026-05-10 21:00:00,3.7799999713897705,3.8499999046325684,3.7300000190734863,3.7300000190734863,3.7300000190734863,9019127
RREI.CA,Real Estate,2026-05-11 21:00:00,3.7300000190734863,3.7899999618530273,3.700000047683716,3.7200000286102295,3.7200000286102295,3767498
RREI.CA,Real Estate,2026-05-12 21:00:00,3.7200000286102295,3.8399999141693115,3.7100000381469727,3.75,3.75,10434985
RREI.CA,Real Estate,2026-05-13 21:00:00,3.75,3.819999933242798,3.7100000381469727,3.7100000381469727,3.7100000381469727,6523362
RREI.CA,Real Estate,2026-05-16 21:00:00,3.7100000381469727,3.740000009536743,3.5999999046325684,3.5999999046325684,3.5999999046325684,4990625
RREI.CA,Real Estate,2026-05-17 21:00:00,3.5999999046325684,3.619999885559082,3.4000000953674316,3.4200000762939453,3.4200000762939453,5988277
RREI.CA,Real Estate,2026-05-18 21:00:00,3.4200000762939453,3.5399999618530273,3.4200000762939453,3.5,3.5,4300581
RREI.CA,Real Estate,2026-05-19 21:00:00,3.5,3.7200000286102295,3.3399999141693115,3.4000000953674316,3.4000000953674316,12687092
RREI.CA,Real Estate,2026-05-20 21:00:00,3.4000000953674316,3.4600000381469727,3.319999933242798,3.380000114440918,3.380000114440918,5899907
RREI.CA,Real Estate,2026-05-23 21:00:00,3.380000114440918,3.5,3.369999885559082,3.4100000858306885,3.4100000858306885,2064701
RREI.CA,Real Estate,2026-05-24 21:00:00,3.4100000858306885,3.4800000190734863,3.390000104904175,3.4000000953674316,3.4000000953674316,1967888
RREI.CA,Real Estate,2026-05-25 21:00:00,3.4000000953674316,3.4000000953674316,3.4000000953674316,3.4000000953674316,3.4000000953674316,0
RREI.CA,Real Estate,2026-05-26 21:00:00,3.4000000953674316,3.4000000953674316,3.4000000953674316,3.4000000953674316,3.4000000953674316,0
RREI.CA,Real Estate,2026-05-27 21:00:00,3.4000000953674316,3.4000000953674316,3.4000000953674316,3.4000000953674316,3.4000000953674316,0
RREI.CA,Real Estate,2026-05-31 21:00:00,3.4000000953674316,3.5299999713897705,3.4100000858306885,3.5,3.5,4012688
RREI.CA,Real Estate,2026-06-01 21:00:00,3.5,3.6600000858306885,3.5,3.5999999046325684,3.5999999046325684,6161329
RREI.CA,Real Estate,2026-06-02 21:00:00,3.5999999046325684,3.8499999046325684,3.630000114440918,3.7300000190734863,3.7300000190734863,21140958
RREI.CA,Real Estate,2026-06-03 21:00:00,3.7300000190734863,3.809999942779541,3.690000057220459,3.700000047683716,3.700000047683716,6116245
RREI.CA,Real Estate,2026-06-06 21:00:00,3.700000047683716,3.7100000381469727,3.559999942779541,3.5899999141693115,3.5899999141693115,4324593
RREI.CA,Real Estate,2026-06-07 21:00:00,3.5899999141693115,3.6600000858306885,3.5399999618530273,3.569999933242798,3.569999933242798,4904323
RREI.CA,Real Estate,2026-06-08 21:00:00,3.569999933242798,3.640000104904175,3.4800000190734863,3.5299999713897705,3.5299999713897705,5604980
RREI.CA,Real Estate,2026-06-09 21:00:00,3.5299999713897705,3.549999952316284,3.4200000762939453,3.4200000762939453,3.4200000762939453,4185952
RREI.CA,Real Estate,2026-06-10 21:00:00,3.4200000762939453,3.5,3.3499999046325684,3.390000104904175,3.390000104904175,2390607
RREI.CA,Real Estate,2026-06-13 21:00:00,3.390000104904175,3.5399999618530273,3.440000057220459,3.5299999713897705,3.5299999713897705,2709110
RREI.CA,Real Estate,2026-06-14 21:00:00,3.5299999713897705,3.619999885559082,3.4800000190734863,3.5,3.5,2778171
RREI.CA,Real Estate,2026-06-15 21:00:00,3.5,3.6700000762939453,3.5199999809265137,3.6500000953674316,3.6500000953674316,11241504
RREI.CA,Real Estate,2026-06-16 21:00:00,3.6500000953674316,3.6500000953674316,3.6500000953674316,3.6500000953674316,3.6500000953674316,0
RREI.CA,Real Estate,2026-06-17 21:00:00,3.6500000953674316,3.6500000953674316,3.6500000953674316,3.6500000953674316,3.6500000953674316,0
RREI.CA,Real Estate,2026-06-20 21:00:00,3.680000066757202,3.740000009536743,3.640000104904175,3.6600000858306885,3.6600000858306885,3294754
RREI.CA,Real Estate,2026-06-21 21:00:00,3.6600000858306885,3.6600000858306885,3.6600000858306885,3.6600000858306885,3.6600000858306885,0
RREI.CA,Real Estate,2026-06-22 21:00:00,3.609999895095825,3.630000114440918,3.5199999809265137,3.5399999618530273,3.5399999618530273,1903228
RREI.CA,Real Estate,2026-06-23 21:00:00,3.5399999618530273,3.559999942779541,3.4700000286102295,3.5399999618530273,3.5399999618530273,2208008
RREI.CA,Real Estate,2026-06-24 21:00:00,3.5399999618530273,3.5799999237060547,3.450000047683716,3.450000047683716,3.450000047683716,3120993
RREI.CA,Real Estate,2026-06-27 21:00:00,3.450000047683716,3.5,3.3399999141693115,3.4000000953674316,3.4000000953674316,1519717
RREI.CA,Real Estate,2026-06-28 21:00:00,3.4000000953674316,3.440000057220459,3.3399999141693115,3.4000000953674316,3.4000000953674316,1595553
RREI.CA,Real Estate,2026-06-29 21:00:00,3.4000000953674316,3.5199999809265137,3.4100000858306885,3.4800000190734863,3.4800000190734863,2306272
RREI.CA,Real Estate,2026-06-30 21:00:00,3.4800000190734863,3.5199999809265137,3.450000047683716,3.4700000286102295,3.4700000286102295,1717087
RREI.CA,Real Estate,2026-07-04 21:00:00,3.4700000286102295,3.569999933242798,3.490000009536743,3.549999952316284,3.549999952316284,3382404
RREI.CA,Real Estate,2026-07-05 21:00:00,3.549999952316284,3.619999885559082,3.549999952316284,3.5799999237060547,3.5799999237060547,3222703
RREI.CA,Real Estate,2026-07-06 21:00:00,3.5799999237060547,3.809999942779541,3.559999942779541,3.75,3.75,14012635
RREI.CA,Real Estate,2026-07-07 21:00:00,3.75,3.930000066757202,3.7300000190734863,3.759999990463257,3.759999990463257,20298093
RREI.CA,Real Estate,2026-07-08 21:00:00,3.759999990463257,3.8399999141693115,3.7300000190734863,3.759999990463257,3.759999990463257,8080757
RREI.CA,Real Estate,2026-07-11 21:00:00,3.759999990463257,3.930000066757202,3.7699999809265137,3.809999942779541,3.809999942779541,12019986
RREI.CA,Real Estate,2026-07-12 21:00:00,3.809999942779541,3.869999885559082,3.7899999618530273,3.8399999141693115,3.8399999141693115,5464707
RREI.CA,Real Estate,2026-07-13 21:00:00,3.8399999141693115,3.9700000286102295,3.759999990463257,3.940000057220459,3.940000057220459,15171201
RREI.CA,Real Estate,2026-07-14 21:00:00,3.940000057220459,4.110000133514404,3.9200000762939453,3.930000066757202,3.930000066757202,23716471
RREI.CA,Real Estate,2026-07-15 21:00:00,3.930000066757202,3.9700000286102295,3.8499999046325684,3.930000066757202,3.930000066757202,5764244
RREI.CA,Real Estate,2026-07-18 21:00:00,3.930000066757202,3.9700000286102295,3.799999952316284,3.799999952316284,3.799999952316284,10936368
RREI.CA,Real Estate,2026-07-19 21:00:00,3.799999952316284,3.8399999141693115,3.7699999809265137,3.7799999713897705,3.7799999713897705,5143205
RREI.CA,Real Estate,2026-07-20 21:00:00,3.7799999713897705,3.819999933242798,3.759999990463257,3.759999990463257,3.759999990463257,2773069
RREI.CA,Real Estate,2026-07-21 21:00:00,3.759999990463257,3.799999952316284,3.7200000286102295,3.740000009536743,3.740000009536743,3329609
RREI.CA,Real Estate,2026-07-25 21:00:00,3.740000009536743,3.940000057220459,3.759999990463257,3.8299999237060547,3.8299999237060547,9493884
RREI.CA,Real Estate,2026-07-26 21:00:00,3.8299999237060547,4.369999885559082,3.8499999046325684,4.369999885559082,4.369999885559082,42855414
RREI.CA,Real Estate,2026-07-27 21:00:00,4.369999885559082,4.639999866485596,4.260000228881836,4.519999980926514,4.519999980926514,23880752
RREI.CA,Real Estate,2026-07-28 21:00:00,4.519999980926514,4.980000019073486,4.539999961853027,4.980000019073486,4.980000019073486,47224628
RREI.CA,Real Estate,2026-07-29 21:00:00,4.980000019073486,4.949999809265137,4.570000171661377,4.599999904632568,4.599999904632568,44142417
RREI.CA,Real Estate,2026-08-01 21:00:00,4.599999904632568,4.75,4.599999904632568,4.610000133514404,4.610000133514404,8677976
RREI.CA,Real Estate,2026-08-02 21:00:00,4.610000133514404,4.710000038146973,4.460000038146973,4.5,4.5,6485880
RREI.CA,Real Estate,2026-08-03 21:00:00,4.5,4.619999885559082,4.380000114440918,4.46999979019165,4.46999979019165,3568134
RREI.CA,Real Estate,2026-08-04 21:00:00,4.46999979019165,4.78000020980835,4.449999809265137,4.599999904632568,4.599999904632568,10867987
RREI.CA,Real Estate,2026-08-05 21:00:00,4.599999904632568,4.679999828338623,4.5,4.519999980926514,4.519999980926514,3401294
