symbol,sector,raw_date_utc,open,high,low,close,adj_close,volume
RUBX.CA,Industrials,2022-01-01 22:00:00,4.170000076293945,4.09499979019165,3.9100000858306885,4.170000076293945,4.170000076293945,54196
RUBX.CA,Industrials,2022-01-02 22:00:00,4.170000076293945,4.195000171661377,3.934999942779541,3.9549999237060547,3.9549999237060547,83718
RUBX.CA,Industrials,2022-01-03 22:00:00,3.9549999237060547,4.179999828338623,3.950000047683716,3.9600000381469727,3.9600000381469727,16006
RUBX.CA,Industrials,2022-01-04 22:00:00,3.9600000381469727,4.170000076293945,3.8299999237060547,4.119999885559082,4.119999885559082,86061
RUBX.CA,Industrials,2022-01-08 22:00:00,4.119999885559082,4.119999885559082,4.119999885559082,4.119999885559082,4.119999885559082,0
RUBX.CA,Industrials,2022-01-09 22:00:00,4.320000171661377,4.579999923706055,4.0,4.46999979019165,4.46999979019165,540506
RUBX.CA,Industrials,2022-01-10 22:00:00,4.46999979019165,4.949999809265137,4.420000076293945,4.889999866485596,4.889999866485596,370870
RUBX.CA,Industrials,2022-01-11 22:00:00,4.889999866485596,5.099999904632568,4.599999904632568,4.699999809265137,4.699999809265137,251247
RUBX.CA,Industrials,2022-01-12 22:00:00,4.699999809265137,4.769999980926514,4.46999979019165,4.539999961853027,4.539999961853027,217791
RUBX.CA,Industrials,2022-01-15 22:00:00,4.539999961853027,4.800000190734863,4.400000095367432,4.670000076293945,4.670000076293945,262447
RUBX.CA,Industrials,2022-01-16 22:00:00,4.670000076293945,4.849999904632568,4.53000020980835,4.599999904632568,4.599999904632568,147712
RUBX.CA,Industrials,2022-01-17 22:00:00,4.599999904632568,4.849999904632568,4.619999885559082,4.599999904632568,4.599999904632568,44853
RUBX.CA,Industrials,2022-01-18 22:00:00,4.599999904632568,4.75,4.53000020980835,4.550000190734863,4.550000190734863,67167
RUBX.CA,Industrials,2022-01-19 22:00:00,4.550000190734863,4.590000152587891,4.46999979019165,4.550000190734863,4.550000190734863,36369
RUBX.CA,Industrials,2022-01-22 22:00:00,4.550000190734863,4.800000190734863,4.179999828338623,4.550000190734863,4.550000190734863,338158
RUBX.CA,Industrials,2022-01-23 22:00:00,4.550000190734863,4.599999904632568,4.289999961853027,4.550000190734863,4.550000190734863,63474
RUBX.CA,Industrials,2022-01-24 22:00:00,4.550000190734863,4.480000019073486,4.349999904632568,4.550000190734863,4.550000190734863,53833
RUBX.CA,Industrials,2022-01-25 22:00:00,4.550000190734863,4.380000114440918,4.300000190734863,4.550000190734863,4.550000190734863,9474
RUBX.CA,Industrials,2022-01-29 22:00:00,4.550000190734863,4.380000114440918,4.099999904632568,4.550000190734863,4.550000190734863,56095
RUBX.CA,Industrials,2022-01-30 22:00:00,4.550000190734863,4.289999961853027,4.119999885559082,4.550000190734863,4.550000190734863,20226
RUBX.CA,Industrials,2022-01-31 22:00:00,4.550000190734863,4.389999866485596,4.210000038146973,4.550000190734863,4.550000190734863,24977
RUBX.CA,Industrials,2022-02-01 22:00:00,4.550000190734863,4.400000095367432,4.230000019073486,4.269999980926514,4.269999980926514,78159
RUBX.CA,Industrials,2022-02-02 22:00:00,4.269999980926514,4.550000190734863,4.199999809265137,4.440000057220459,4.440000057220459,193115
RUBX.CA,Industrials,2022-02-05 22:00:00,4.440000057220459,4.539999961853027,4.389999866485596,4.440000057220459,4.440000057220459,31700
RUBX.CA,Industrials,2022-02-06 22:00:00,4.440000057220459,4.429999828338623,4.300000190734863,4.309999942779541,4.309999942779541,72116
RUBX.CA,Industrials,2022-02-07 22:00:00,4.309999942779541,4.309999942779541,4.199999809265137,4.309999942779541,4.309999942779541,28443
RUBX.CA,Industrials,2022-02-08 22:00:00,4.309999942779541,4.300000190734863,4.199999809265137,4.309999942779541,4.309999942779541,34691
RUBX.CA,Industrials,2022-02-09 22:00:00,4.309999942779541,4.25,4.130000114440918,4.309999942779541,4.309999942779541,6300
RUBX.CA,Industrials,2022-02-12 22:00:00,4.309999942779541,4.130000114440918,3.6500000953674316,4.309999942779541,4.309999942779541,28205
RUBX.CA,Industrials,2022-02-13 22:00:00,4.309999942779541,4.309999942779541,3.700000047683716,4.309999942779541,4.309999942779541,10655
RUBX.CA,Industrials,2022-02-14 22:00:00,4.309999942779541,4.150000095367432,3.799999952316284,4.309999942779541,4.309999942779541,1567
RUBX.CA,Industrials,2022-02-15 22:00:00,4.309999942779541,4.309999942779541,3.799999952316284,4.309999942779541,4.309999942779541,22000
RUBX.CA,Industrials,2022-02-16 22:00:00,4.309999942779541,4.230000019073486,3.7300000190734863,4.309999942779541,4.309999942779541,18040
RUBX.CA,Industrials,2022-02-19 22:00:00,4.309999942779541,4.309999942779541,3.7699999809265137,4.309999942779541,4.309999942779541,28034
RUBX.CA,Industrials,2022-02-20 22:00:00,4.309999942779541,4.309999942779541,3.5999999046325684,4.309999942779541,4.309999942779541,57281
RUBX.CA,Industrials,2022-02-21 22:00:00,4.309999942779541,4.309999942779541,3.5999999046325684,4.309999942779541,4.309999942779541,15581
RUBX.CA,Industrials,2022-02-22 22:00:00,4.309999942779541,3.9000000953674316,3.7100000381469727,4.309999942779541,4.309999942779541,25808
RUBX.CA,Industrials,2022-02-23 22:00:00,4.309999942779541,4.309999942779541,3.509999990463257,4.309999942779541,4.309999942779541,53975
RUBX.CA,Industrials,2022-02-26 22:00:00,4.309999942779541,4.309999942779541,3.5199999809265137,4.309999942779541,4.309999942779541,11162
RUBX.CA,Industrials,2022-02-27 22:00:00,4.309999942779541,4.309999942779541,3.569999933242798,4.309999942779541,4.309999942779541,12814
RUBX.CA,Industrials,2022-02-28 22:00:00,4.309999942779541,4.309999942779541,3.549999952316284,4.309999942779541,4.309999942779541,36801
RUBX.CA,Industrials,2022-03-01 22:00:00,4.309999942779541,4.309999942779541,3.5999999046325684,4.309999942779541,4.309999942779541,56101
RUBX.CA,Industrials,2022-03-02 22:00:00,4.309999942779541,4.0,3.7899999618530273,3.819999933242798,3.819999933242798,121201
RUBX.CA,Industrials,2022-03-05 22:00:00,3.819999933242798,3.880000114440918,3.740000009536743,3.819999933242798,3.819999933242798,17826
RUBX.CA,Industrials,2022-03-06 22:00:00,3.819999933242798,3.819999933242798,3.5199999809265137,3.819999933242798,3.819999933242798,33937
RUBX.CA,Industrials,2022-03-07 22:00:00,3.819999933242798,3.819999933242798,3.819999933242798,3.819999933242798,3.819999933242798,0
RUBX.CA,Industrials,2022-03-08 22:00:00,3.819999933242798,3.819999933242798,3.5199999809265137,3.819999933242798,3.819999933242798,24423
RUBX.CA,Industrials,2022-03-09 22:00:00,3.819999933242798,3.819999933242798,3.509999990463257,3.819999933242798,3.819999933242798,28788
RUBX.CA,Industrials,2022-03-12 22:00:00,3.819999933242798,3.819999933242798,3.5,3.819999933242798,3.819999933242798,5325
RUBX.CA,Industrials,2022-03-13 22:00:00,3.819999933242798,3.819999933242798,3.819999933242798,3.819999933242798,3.819999933242798,27129
RUBX.CA,Industrials,2022-03-14 22:00:00,3.819999933242798,3.819999933242798,3.059999942779541,3.819999933242798,3.819999933242798,73248
RUBX.CA,Industrials,2022-03-15 22:00:00,3.819999933242798,3.819999933242798,3.319999933242798,3.819999933242798,3.819999933242798,78606
RUBX.CA,Industrials,2022-03-16 22:00:00,3.819999933242798,3.819999933242798,3.299999952316284,3.819999933242798,3.819999933242798,35349
RUBX.CA,Industrials,2022-03-19 22:00:00,3.819999933242798,3.5999999046325684,3.309999942779541,3.390000104904175,3.390000104904175,472638
RUBX.CA,Industrials,2022-03-20 22:00:00,3.390000104904175,3.559999942779541,3.4000000953674316,3.450000047683716,3.450000047683716,114155
RUBX.CA,Industrials,2022-03-21 22:00:00,3.450000047683716,3.6500000953674316,3.440000057220459,3.450000047683716,3.450000047683716,68282
RUBX.CA,Industrials,2022-03-22 22:00:00,3.450000047683716,3.5,3.380000114440918,3.450000047683716,3.450000047683716,12785
RUBX.CA,Industrials,2022-03-23 22:00:00,3.450000047683716,3.5,3.299999952316284,3.450000047683716,3.450000047683716,61775
RUBX.CA,Industrials,2022-03-26 22:00:00,3.450000047683716,3.4700000286102295,3.069999933242798,3.0999999046325684,3.0999999046325684,145706
RUBX.CA,Industrials,2022-03-27 22:00:00,3.0999999046325684,3.1500000953674316,3.0,3.0999999046325684,3.0999999046325684,22400
RUBX.CA,Industrials,2022-03-28 22:00:00,3.0999999046325684,3.259999990463257,3.0199999809265137,3.0999999046325684,3.0999999046325684,58544
RUBX.CA,Industrials,2022-03-29 22:00:00,3.0999999046325684,3.3399999141693115,3.119999885559082,3.0999999046325684,3.0999999046325684,30835
RUBX.CA,Industrials,2022-03-30 22:00:00,3.0999999046325684,3.2799999713897705,3.0799999237060547,3.0999999046325684,3.0999999046325684,13429
RUBX.CA,Industrials,2022-04-02 22:00:00,3.0999999046325684,3.25,3.059999942779541,3.0999999046325684,3.0999999046325684,112
RUBX.CA,Industrials,2022-04-03 22:00:00,3.0999999046325684,3.1500000953674316,3.119999885559082,3.0999999046325684,3.0999999046325684,3073
RUBX.CA,Industrials,2022-04-04 22:00:00,3.0999999046325684,3.200000047683716,3.1500000953674316,3.0999999046325684,3.0999999046325684,30251
RUBX.CA,Industrials,2022-04-05 22:00:00,3.0999999046325684,3.25,3.119999885559082,3.0999999046325684,3.0999999046325684,2608
RUBX.CA,Industrials,2022-04-06 22:00:00,3.0999999046325684,3.069999933242798,3.0299999713897705,3.0999999046325684,3.0999999046325684,5607
RUBX.CA,Industrials,2022-04-09 22:00:00,3.0999999046325684,3.1700000762939453,2.5,2.549999952316284,2.549999952316284,173964
RUBX.CA,Industrials,2022-04-10 22:00:00,2.549999952316284,2.5999999046325684,2.319999933242798,2.549999952316284,2.549999952316284,49492
RUBX.CA,Industrials,2022-04-11 22:00:00,2.549999952316284,2.5,2.4000000953674316,2.549999952316284,2.549999952316284,8422
RUBX.CA,Industrials,2022-04-12 22:00:00,2.549999952316284,2.6500000953674316,2.4000000953674316,2.549999952316284,2.549999952316284,50634
RUBX.CA,Industrials,2022-04-13 22:00:00,2.549999952316284,2.569999933242798,2.3299999237060547,2.549999952316284,2.549999952316284,14467
RUBX.CA,Industrials,2022-04-16 22:00:00,2.549999952316284,2.450000047683716,2.109999895095825,2.549999952316284,2.549999952316284,34556
RUBX.CA,Industrials,2022-04-17 22:00:00,2.549999952316284,2.2899999618530273,2.0999999046325684,2.549999952316284,2.549999952316284,19136
RUBX.CA,Industrials,2022-04-18 22:00:00,2.549999952316284,2.5299999713897705,2.200000047683716,2.549999952316284,2.549999952316284,16339
RUBX.CA,Industrials,2022-04-19 22:00:00,2.549999952316284,2.549999952316284,2.3499999046325684,2.549999952316284,2.549999952316284,17784
RUBX.CA,Industrials,2022-04-20 22:00:00,2.549999952316284,2.7300000190734863,2.5,2.549999952316284,2.549999952316284,98705
RUBX.CA,Industrials,2022-04-25 22:00:00,2.549999952316284,2.6500000953674316,2.5999999046325684,2.549999952316284,2.549999952316284,33936
RUBX.CA,Industrials,2022-04-26 22:00:00,2.549999952316284,2.619999885559082,2.5,2.549999952316284,2.549999952316284,2170
RUBX.CA,Industrials,2022-04-27 22:00:00,2.549999952316284,2.680000066757202,2.619999885559082,2.549999952316284,2.549999952316284,4646
RUBX.CA,Industrials,2022-05-07 22:00:00,2.549999952316284,2.5999999046325684,2.440000057220459,2.549999952316284,2.549999952316284,515
RUBX.CA,Industrials,2022-05-08 22:00:00,2.549999952316284,2.6700000762939453,2.509999990463257,2.549999952316284,2.549999952316284,8871
RUBX.CA,Industrials,2022-05-09 22:00:00,2.549999952316284,2.549999952316284,2.549999952316284,2.549999952316284,2.549999952316284,0
RUBX.CA,Industrials,2022-05-10 22:00:00,2.549999952316284,2.4700000286102295,2.450000047683716,2.549999952316284,2.549999952316284,8500
RUBX.CA,Industrials,2022-05-11 22:00:00,2.549999952316284,2.549999952316284,2.4000000953674316,2.549999952316284,2.549999952316284,19072
RUBX.CA,Industrials,2022-05-14 22:00:00,2.549999952316284,2.5,2.5,2.549999952316284,2.549999952316284,7800
RUBX.CA,Industrials,2022-05-15 22:00:00,2.549999952316284,2.549999952316284,2.549999952316284,2.549999952316284,2.549999952316284,2
RUBX.CA,Industrials,2022-05-16 22:00:00,2.549999952316284,2.640000104904175,2.4200000762939453,2.549999952316284,2.549999952316284,9812
RUBX.CA,Industrials,2022-05-17 22:00:00,2.549999952316284,2.509999990463257,2.5,2.549999952316284,2.549999952316284,21734
RUBX.CA,Industrials,2022-05-18 22:00:00,2.549999952316284,2.549999952316284,2.130000114440918,2.549999952316284,2.549999952316284,11614
RUBX.CA,Industrials,2022-05-21 22:00:00,2.549999952316284,2.549999952316284,2.549999952316284,2.549999952316284,2.549999952316284,0
RUBX.CA,Industrials,2022-05-22 22:00:00,2.549999952316284,2.3499999046325684,2.3499999046325684,2.549999952316284,2.549999952316284,3948
RUBX.CA,Industrials,2022-05-23 22:00:00,2.549999952316284,2.5,2.5,2.549999952316284,2.549999952316284,6000
RUBX.CA,Industrials,2022-05-24 22:00:00,2.549999952316284,2.5,2.299999952316284,2.549999952316284,2.549999952316284,3841
RUBX.CA,Industrials,2022-05-25 22:00:00,2.549999952316284,2.5,2.4800000190734863,2.549999952316284,2.549999952316284,8098
RUBX.CA,Industrials,2022-05-28 22:00:00,2.549999952316284,2.549999952316284,2.549999952316284,2.549999952316284,2.549999952316284,0
RUBX.CA,Industrials,2022-05-29 22:00:00,2.549999952316284,2.549999952316284,2.549999952316284,2.549999952316284,2.549999952316284,0
RUBX.CA,Industrials,2022-05-30 22:00:00,2.549999952316284,2.549999952316284,2.549999952316284,2.549999952316284,2.549999952316284,0
RUBX.CA,Industrials,2022-05-31 22:00:00,2.549999952316284,2.5,2.430000066757202,2.549999952316284,2.549999952316284,17600
RUBX.CA,Industrials,2022-06-01 22:00:00,2.549999952316284,2.509999990463257,2.430000066757202,2.549999952316284,2.549999952316284,17118
RUBX.CA,Industrials,2022-06-04 22:00:00,2.549999952316284,2.549999952316284,2.549999952316284,2.549999952316284,2.549999952316284,0
RUBX.CA,Industrials,2022-06-05 22:00:00,2.7300000190734863,3.1500000953674316,2.6500000953674316,3.0799999237060547,3.0799999237060547,189747
RUBX.CA,Industrials,2022-06-06 22:00:00,3.0799999237060547,3.2300000190734863,3.0,3.190000057220459,3.190000057220459,121592
RUBX.CA,Industrials,2022-06-07 22:00:00,3.190000057220459,3.25,3.0299999713897705,3.190000057220459,3.190000057220459,63550
RUBX.CA,Industrials,2022-06-08 22:00:00,3.190000057220459,3.240000009536743,3.0299999713897705,3.190000057220459,3.190000057220459,12270
RUBX.CA,Industrials,2022-06-11 22:00:00,3.190000057220459,3.049999952316284,3.0,3.190000057220459,3.190000057220459,11870
RUBX.CA,Industrials,2022-06-12 22:00:00,3.190000057220459,3.190000057220459,3.0,3.190000057220459,3.190000057220459,9099
RUBX.CA,Industrials,2022-06-13 22:00:00,3.190000057220459,3.130000114440918,2.9000000953674316,3.190000057220459,3.190000057220459,3189
RUBX.CA,Industrials,2022-06-14 22:00:00,3.190000057220459,3.2300000190734863,3.0799999237060547,3.1700000762939453,3.1700000762939453,124457
RUBX.CA,Industrials,2022-06-15 22:00:00,3.1700000762939453,3.25,3.25,3.1700000762939453,3.1700000762939453,1
RUBX.CA,Industrials,2022-06-18 22:00:00,3.1700000762939453,3.1500000953674316,3.0399999618530273,3.1700000762939453,3.1700000762939453,7200
RUBX.CA,Industrials,2022-06-19 22:00:00,3.1700000762939453,3.049999952316284,2.9000000953674316,3.1700000762939453,3.1700000762939453,4094
RUBX.CA,Industrials,2022-06-20 22:00:00,3.1700000762939453,2.9000000953674316,2.8299999237060547,3.1700000762939453,3.1700000762939453,42
RUBX.CA,Industrials,2022-06-21 22:00:00,3.1700000762939453,2.869999885559082,2.869999885559082,3.1700000762939453,3.1700000762939453,42
RUBX.CA,Industrials,2022-06-22 22:00:00,3.1700000762939453,3.0999999046325684,2.9000000953674316,3.1700000762939453,3.1700000762939453,1130
RUBX.CA,Industrials,2022-06-25 22:00:00,3.1700000762939453,3.1700000762939453,3.1700000762939453,3.1700000762939453,3.1700000762939453,0
RUBX.CA,Industrials,2022-06-26 22:00:00,3.1700000762939453,3.0,2.9000000953674316,3.1700000762939453,3.1700000762939453,48326
RUBX.CA,Industrials,2022-06-27 22:00:00,3.1700000762939453,2.990000009536743,2.640000104904175,3.1700000762939453,3.1700000762939453,18500
RUBX.CA,Industrials,2022-06-28 22:00:00,3.1700000762939453,2.9000000953674316,2.7100000381469727,3.1700000762939453,3.1700000762939453,7262
RUBX.CA,Industrials,2022-07-02 22:00:00,3.1700000762939453,2.9000000953674316,2.9000000953674316,3.1700000762939453,3.1700000762939453,11550
RUBX.CA,Industrials,2022-07-03 22:00:00,3.1700000762939453,2.759999990463257,2.630000114440918,3.1700000762939453,3.1700000762939453,6100
RUBX.CA,Industrials,2022-07-04 22:00:00,3.1700000762939453,2.700000047683716,2.5799999237060547,3.1700000762939453,3.1700000762939453,10593
RUBX.CA,Industrials,2022-07-05 22:00:00,3.1700000762939453,2.890000104904175,2.700000047683716,3.1700000762939453,3.1700000762939453,8350
RUBX.CA,Industrials,2022-07-06 22:00:00,3.1700000762939453,3.0999999046325684,2.890000104904175,3.1700000762939453,3.1700000762939453,5121
RUBX.CA,Industrials,2022-07-16 22:00:00,3.1700000762939453,2.819999933242798,2.799999952316284,3.1700000762939453,3.1700000762939453,5500
RUBX.CA,Industrials,2022-07-17 22:00:00,3.1700000762939453,3.0,2.6500000953674316,3.1700000762939453,3.1700000762939453,1450
RUBX.CA,Industrials,2022-07-18 22:00:00,3.1700000762939453,2.799999952316284,2.799999952316284,3.1700000762939453,3.1700000762939453,60
RUBX.CA,Industrials,2022-07-19 22:00:00,3.1700000762939453,2.809999942779541,2.75,3.1700000762939453,3.1700000762939453,6443
RUBX.CA,Industrials,2022-07-20 22:00:00,3.1700000762939453,2.9600000381469727,2.950000047683716,3.1700000762939453,3.1700000762939453,3020
RUBX.CA,Industrials,2022-07-23 22:00:00,3.1700000762939453,3.1700000762939453,3.1700000762939453,3.1700000762939453,3.1700000762939453,0
RUBX.CA,Industrials,2022-07-24 22:00:00,3.1700000762939453,2.75,2.75,3.1700000762939453,3.1700000762939453,230
RUBX.CA,Industrials,2022-07-25 22:00:00,3.1700000762939453,3.1700000762939453,3.1700000762939453,3.1700000762939453,3.1700000762939453,0
RUBX.CA,Industrials,2022-07-26 22:00:00,3.1700000762939453,3.0,2.799999952316284,3.1700000762939453,3.1700000762939453,2515
RUBX.CA,Industrials,2022-07-27 22:00:00,3.1700000762939453,3.1700000762939453,3.1700000762939453,3.1700000762939453,3.1700000762939453,0
RUBX.CA,Industrials,2022-07-30 22:00:00,3.1700000762939453,3.0999999046325684,2.9000000953674316,3.1700000762939453,3.1700000762939453,21087
RUBX.CA,Industrials,2022-07-31 22:00:00,3.1700000762939453,2.9100000858306885,2.9100000858306885,3.1700000762939453,3.1700000762939453,1410
RUBX.CA,Industrials,2022-08-01 22:00:00,3.1700000762939453,3.049999952316284,2.9600000381469727,3.1700000762939453,3.1700000762939453,3690
RUBX.CA,Industrials,2022-08-02 22:00:00,3.1700000762939453,3.1700000762939453,3.1700000762939453,3.1700000762939453,3.1700000762939453,0
RUBX.CA,Industrials,2022-08-03 22:00:00,3.1700000762939453,3.740000009536743,3.0999999046325684,3.2899999618530273,3.2899999618530273,198718
RUBX.CA,Industrials,2022-08-06 22:00:00,3.2899999618530273,3.5799999237060547,3.200000047683716,3.240000009536743,3.240000009536743,257965
RUBX.CA,Industrials,2022-08-07 22:00:00,3.240000009536743,3.240000009536743,3.109999895095825,3.240000009536743,3.240000009536743,67110
RUBX.CA,Industrials,2022-08-08 22:00:00,3.240000009536743,3.190000057220459,3.0999999046325684,3.240000009536743,3.240000009536743,73722
RUBX.CA,Industrials,2022-08-09 22:00:00,3.240000009536743,3.4000000953674316,3.0999999046325684,3.1500000953674316,3.1500000953674316,119767
RUBX.CA,Industrials,2022-08-10 22:00:00,3.1500000953674316,3.7799999713897705,3.130000114440918,3.7100000381469727,3.7100000381469727,492054
RUBX.CA,Industrials,2022-08-13 22:00:00,3.7100000381469727,3.9600000381469727,3.4200000762939453,3.4700000286102295,3.4700000286102295,880714
RUBX.CA,Industrials,2022-08-14 22:00:00,3.4700000286102295,3.549999952316284,3.4200000762939453,3.4700000286102295,3.4700000286102295,238946
RUBX.CA,Industrials,2022-08-15 22:00:00,3.4700000286102295,3.7799999713897705,3.430000066757202,3.4600000381469727,3.4600000381469727,119568
RUBX.CA,Industrials,2022-08-16 22:00:00,3.4600000381469727,3.549999952316284,3.430000066757202,3.4600000381469727,3.4600000381469727,40520
RUBX.CA,Industrials,2022-08-17 22:00:00,3.4600000381469727,3.4600000381469727,3.4600000381469727,3.4600000381469727,3.4600000381469727,0
RUBX.CA,Industrials,2022-08-20 22:00:00,3.4600000381469727,3.690000057220459,3.440000057220459,3.5299999713897705,3.5299999713897705,208759
RUBX.CA,Industrials,2022-08-21 22:00:00,3.5299999713897705,3.630000114440918,3.5,3.5299999713897705,3.5299999713897705,49535
RUBX.CA,Industrials,2022-08-22 22:00:00,3.5299999713897705,3.5299999713897705,3.5299999713897705,3.5299999713897705,3.5299999713897705,0
RUBX.CA,Industrials,2022-08-23 22:00:00,3.380000114440918,3.440000057220459,3.259999990463257,3.380000114440918,3.380000114440918,28597
RUBX.CA,Industrials,2022-08-24 22:00:00,3.380000114440918,3.450000047683716,3.319999933242798,3.380000114440918,3.380000114440918,19000
RUBX.CA,Industrials,2022-08-27 22:00:00,3.380000114440918,3.390000104904175,3.259999990463257,3.380000114440918,3.380000114440918,21224
RUBX.CA,Industrials,2022-08-28 22:00:00,3.380000114440918,3.3399999141693115,3.200000047683716,3.380000114440918,3.380000114440918,26507
RUBX.CA,Industrials,2022-08-29 22:00:00,3.380000114440918,3.299999952316284,3.1700000762939453,3.380000114440918,3.380000114440918,22180
RUBX.CA,Industrials,2022-08-30 22:00:00,3.380000114440918,3.3299999237060547,3.180000066757202,3.380000114440918,3.380000114440918,17863
RUBX.CA,Industrials,2022-08-31 22:00:00,3.380000114440918,3.180000066757202,3.1600000858306885,3.380000114440918,3.380000114440918,22090
RUBX.CA,Industrials,2022-09-03 22:00:00,3.380000114440918,3.200000047683716,3.140000104904175,3.380000114440918,3.380000114440918,10434
RUBX.CA,Industrials,2022-09-04 22:00:00,3.380000114440918,3.3499999046325684,3.200000047683716,3.380000114440918,3.380000114440918,43051
RUBX.CA,Industrials,2022-09-05 22:00:00,3.380000114440918,3.309999942779541,3.299999952316284,3.380000114440918,3.380000114440918,31335
RUBX.CA,Industrials,2022-09-06 22:00:00,3.380000114440918,3.259999990463257,3.190000057220459,3.380000114440918,3.380000114440918,8500
RUBX.CA,Industrials,2022-09-07 22:00:00,3.380000114440918,3.3399999141693115,3.1500000953674316,3.380000114440918,3.380000114440918,56442
RUBX.CA,Industrials,2022-09-10 22:00:00,3.380000114440918,3.2799999713897705,3.2300000190734863,3.380000114440918,3.380000114440918,31924
RUBX.CA,Industrials,2022-09-11 22:00:00,3.380000114440918,3.2200000286102295,3.190000057220459,3.380000114440918,3.380000114440918,7750
RUBX.CA,Industrials,2022-09-12 22:00:00,3.380000114440918,3.2899999618530273,3.1500000953674316,3.380000114440918,3.380000114440918,49583
RUBX.CA,Industrials,2022-09-13 22:00:00,3.380000114440918,3.1700000762939453,3.109999895095825,3.380000114440918,3.380000114440918,13200
RUBX.CA,Industrials,2022-09-14 22:00:00,3.380000114440918,3.299999952316284,3.200000047683716,3.380000114440918,3.380000114440918,56700
RUBX.CA,Industrials,2022-09-17 22:00:00,3.380000114440918,3.3499999046325684,2.799999952316284,3.380000114440918,3.380000114440918,61103
RUBX.CA,Industrials,2022-09-18 22:00:00,3.380000114440918,3.049999952316284,2.740000009536743,3.380000114440918,3.380000114440918,30575
RUBX.CA,Industrials,2022-09-19 22:00:00,3.380000114440918,3.0999999046325684,2.930000066757202,3.380000114440918,3.380000114440918,11500
RUBX.CA,Industrials,2022-09-20 22:00:00,3.380000114440918,3.049999952316284,2.9800000190734863,3.380000114440918,3.380000114440918,500
RUBX.CA,Industrials,2022-09-21 22:00:00,3.380000114440918,3.049999952316284,2.880000114440918,3.380000114440918,3.380000114440918,9670
RUBX.CA,Industrials,2022-09-24 22:00:00,3.380000114440918,3.4800000190734863,3.0,3.380000114440918,3.380000114440918,70991
RUBX.CA,Industrials,2022-09-25 22:00:00,3.380000114440918,3.630000114440918,3.25,3.509999990463257,3.509999990463257,498886
RUBX.CA,Industrials,2022-09-26 22:00:00,3.509999990463257,3.5799999237060547,3.3499999046325684,3.450000047683716,3.450000047683716,235678
RUBX.CA,Industrials,2022-09-27 22:00:00,3.450000047683716,3.4200000762939453,3.200000047683716,3.2100000381469727,3.2100000381469727,128614
RUBX.CA,Industrials,2022-09-28 22:00:00,3.2100000381469727,3.3299999237060547,3.130000114440918,3.1700000762939453,3.1700000762939453,203432
RUBX.CA,Industrials,2022-10-01 22:00:00,3.1700000762939453,3.25,3.0999999046325684,3.1700000762939453,3.1700000762939453,27407
RUBX.CA,Industrials,2022-10-02 22:00:00,3.1700000762939453,3.140000104904175,2.9600000381469727,3.1700000762939453,3.1700000762939453,30901
RUBX.CA,Industrials,2022-10-03 22:00:00,3.1700000762939453,3.2100000381469727,3.0999999046325684,3.1700000762939453,3.1700000762939453,63731
RUBX.CA,Industrials,2022-10-04 22:00:00,3.1700000762939453,3.1500000953674316,2.9000000953674316,3.119999885559082,3.119999885559082,116334
RUBX.CA,Industrials,2022-10-08 22:00:00,3.119999885559082,3.180000066757202,3.009999990463257,3.119999885559082,3.119999885559082,15528
RUBX.CA,Industrials,2022-10-09 22:00:00,3.119999885559082,3.200000047683716,3.0799999237060547,3.119999885559082,3.119999885559082,47247
RUBX.CA,Industrials,2022-10-10 22:00:00,3.119999885559082,3.0799999237060547,2.9200000762939453,3.119999885559082,3.119999885559082,65005
RUBX.CA,Industrials,2022-10-11 22:00:00,3.119999885559082,3.119999885559082,2.8499999046325684,3.119999885559082,3.119999885559082,57850
RUBX.CA,Industrials,2022-10-12 22:00:00,3.119999885559082,2.9800000190734863,2.75,2.890000104904175,2.890000104904175,132720
RUBX.CA,Industrials,2022-10-15 22:00:00,2.890000104904175,3.0299999713897705,2.859999895095825,2.9700000286102295,2.9700000286102295,109463
RUBX.CA,Industrials,2022-10-16 22:00:00,2.9700000286102295,3.1700000762939453,2.9000000953674316,3.109999895095825,3.109999895095825,157979
RUBX.CA,Industrials,2022-10-17 22:00:00,3.109999895095825,3.1500000953674316,3.009999990463257,3.0299999713897705,3.0299999713897705,152839
RUBX.CA,Industrials,2022-10-18 22:00:00,3.0299999713897705,3.0299999713897705,2.990000009536743,3.0299999713897705,3.0299999713897705,17800
RUBX.CA,Industrials,2022-10-19 22:00:00,3.0299999713897705,3.0899999141693115,3.0,3.0299999713897705,3.0299999713897705,37150
RUBX.CA,Industrials,2022-10-22 22:00:00,3.0299999713897705,3.119999885559082,3.0,3.0299999713897705,3.0299999713897705,16281
RUBX.CA,Industrials,2022-10-23 22:00:00,3.0299999713897705,3.109999895095825,3.0,3.0299999713897705,3.0299999713897705,76560
RUBX.CA,Industrials,2022-10-24 22:00:00,3.0299999713897705,3.390000104904175,3.130000114440918,3.2899999618530273,3.2899999618530273,454411
RUBX.CA,Industrials,2022-10-25 22:00:00,3.2899999618530273,3.2899999618530273,3.2899999618530273,3.2899999618530273,3.2899999618530273,0
RUBX.CA,Industrials,2022-10-26 22:00:00,3.130000114440918,3.2799999713897705,3.0799999237060547,3.0999999046325684,3.0999999046325684,162944
RUBX.CA,Industrials,2022-10-29 22:00:00,3.0999999046325684,3.2200000286102295,3.0299999713897705,3.0999999046325684,3.0999999046325684,95598
RUBX.CA,Industrials,2022-10-30 22:00:00,3.0999999046325684,3.0999999046325684,3.009999990463257,3.0999999046325684,3.0999999046325684,41002
RUBX.CA,Industrials,2022-10-31 22:00:00,3.0999999046325684,3.0999999046325684,3.0399999618530273,3.0999999046325684,3.0999999046325684,21340
RUBX.CA,Industrials,2022-11-01 22:00:00,3.0999999046325684,3.0999999046325684,3.009999990463257,3.0999999046325684,3.0999999046325684,26908
RUBX.CA,Industrials,2022-11-02 22:00:00,3.0999999046325684,3.0999999046325684,2.930000066757202,3.0999999046325684,3.0999999046325684,32040
RUBX.CA,Industrials,2022-11-05 22:00:00,3.0999999046325684,3.0999999046325684,3.0,3.0999999046325684,3.0999999046325684,4265
RUBX.CA,Industrials,2022-11-06 22:00:00,3.0999999046325684,3.0999999046325684,3.009999990463257,3.0999999046325684,3.0999999046325684,3000
RUBX.CA,Industrials,2022-11-07 22:00:00,3.0999999046325684,3.0999999046325684,3.0,3.0999999046325684,3.0999999046325684,15584
RUBX.CA,Industrials,2022-11-08 22:00:00,3.0999999046325684,3.0999999046325684,3.0,3.0999999046325684,3.0999999046325684,20600
RUBX.CA,Industrials,2022-11-09 22:00:00,3.0999999046325684,3.0899999141693115,3.0,3.0999999046325684,3.0999999046325684,4250
RUBX.CA,Industrials,2022-11-12 22:00:00,3.0999999046325684,3.140000104904175,3.0,3.0999999046325684,3.0999999046325684,40802
RUBX.CA,Industrials,2022-11-13 22:00:00,3.0999999046325684,3.1500000953674316,3.0,3.0999999046325684,3.0999999046325684,5372
RUBX.CA,Industrials,2022-11-14 22:00:00,3.0999999046325684,3.140000104904175,3.009999990463257,3.0999999046325684,3.0999999046325684,23012
RUBX.CA,Industrials,2022-11-15 22:00:00,3.0999999046325684,3.1500000953674316,3.059999942779541,3.0999999046325684,3.0999999046325684,8027
RUBX.CA,Industrials,2022-11-16 22:00:00,3.0999999046325684,3.1500000953674316,3.069999933242798,3.0999999046325684,3.0999999046325684,38571
RUBX.CA,Industrials,2022-11-19 22:00:00,3.0999999046325684,3.140000104904175,3.049999952316284,3.0999999046325684,3.0999999046325684,23162
RUBX.CA,Industrials,2022-11-20 22:00:00,3.0999999046325684,3.299999952316284,3.009999990463257,3.25,3.25,146055
RUBX.CA,Industrials,2022-11-21 22:00:00,3.25,3.299999952316284,3.2100000381469727,3.25,3.25,33853
RUBX.CA,Industrials,2022-11-22 22:00:00,3.25,3.4000000953674316,3.2100000381469727,3.259999990463257,3.259999990463257,163619
RUBX.CA,Industrials,2022-11-23 22:00:00,3.259999990463257,3.3399999141693115,3.1500000953674316,3.259999990463257,3.259999990463257,26320
RUBX.CA,Industrials,2022-11-26 22:00:00,3.259999990463257,3.2899999618530273,3.180000066757202,3.259999990463257,3.259999990463257,24171
RUBX.CA,Industrials,2022-11-27 22:00:00,3.259999990463257,3.299999952316284,3.069999933242798,3.2300000190734863,3.2300000190734863,142779
RUBX.CA,Industrials,2022-11-28 22:00:00,3.2300000190734863,3.319999933242798,3.2100000381469727,3.2300000190734863,3.2300000190734863,90621
RUBX.CA,Industrials,2022-11-29 22:00:00,3.2300000190734863,3.299999952316284,3.2300000190734863,3.2300000190734863,3.2300000190734863,42670
RUBX.CA,Industrials,2022-11-30 22:00:00,3.2300000190734863,3.450000047683716,3.259999990463257,3.3299999237060547,3.3299999237060547,149416
RUBX.CA,Industrials,2022-12-03 22:00:00,3.3299999237060547,3.3499999046325684,3.259999990463257,3.3299999237060547,3.3299999237060547,28886
RUBX.CA,Industrials,2022-12-04 22:00:00,3.3299999237060547,3.3299999237060547,3.2200000286102295,3.3299999237060547,3.3299999237060547,35581
RUBX.CA,Industrials,2022-12-05 22:00:00,3.3299999237060547,3.3299999237060547,3.180000066757202,3.3299999237060547,3.3299999237060547,13899
RUBX.CA,Industrials,2022-12-06 22:00:00,3.3299999237060547,3.390000104904175,3.1600000858306885,3.3299999237060547,3.3299999237060547,68855
RUBX.CA,Industrials,2022-12-07 22:00:00,3.3299999237060547,3.4000000953674316,3.259999990463257,3.3299999237060547,3.3299999237060547,44690
RUBX.CA,Industrials,2022-12-10 22:00:00,3.3299999237060547,3.380000114440918,3.2200000286102295,3.3299999237060547,3.3299999237060547,15203
RUBX.CA,Industrials,2022-12-11 22:00:00,3.3299999237060547,3.3399999141693115,3.2200000286102295,3.3299999237060547,3.3299999237060547,24262
RUBX.CA,Industrials,2022-12-12 22:00:00,3.3299999237060547,3.359999895095825,3.2100000381469727,3.3299999237060547,3.3299999237060547,54632
RUBX.CA,Industrials,2022-12-13 22:00:00,3.3299999237060547,3.369999885559082,3.25,3.3299999237060547,3.3299999237060547,26785
RUBX.CA,Industrials,2022-12-14 22:00:00,3.3299999237060547,3.5999999046325684,3.2699999809265137,3.4200000762939453,3.4200000762939453,185621
RUBX.CA,Industrials,2022-12-17 22:00:00,3.4200000762939453,3.5799999237060547,3.309999942779541,3.4200000762939453,3.4200000762939453,16774
RUBX.CA,Industrials,2022-12-18 22:00:00,3.4200000762939453,3.4000000953674316,3.3299999237060547,3.4200000762939453,3.4200000762939453,6014
RUBX.CA,Industrials,2022-12-19 22:00:00,3.4200000762939453,3.450000047683716,3.3399999141693115,3.4200000762939453,3.4200000762939453,14337
RUBX.CA,Industrials,2022-12-20 22:00:00,3.4200000762939453,3.5,3.2799999713897705,3.4200000762939453,3.4200000762939453,24200
RUBX.CA,Industrials,2022-12-21 22:00:00,3.4200000762939453,3.440000057220459,3.200000047683716,3.4200000762939453,3.4200000762939453,35152
RUBX.CA,Industrials,2022-12-24 22:00:00,3.4200000762939453,3.4200000762939453,3.2200000286102295,3.4200000762939453,3.4200000762939453,17722
RUBX.CA,Industrials,2022-12-25 22:00:00,3.4200000762939453,3.4200000762939453,3.1600000858306885,3.4200000762939453,3.4200000762939453,5543
RUBX.CA,Industrials,2022-12-26 22:00:00,3.4200000762939453,3.4200000762939453,3.259999990463257,3.4200000762939453,3.4200000762939453,23585
RUBX.CA,Industrials,2022-12-27 22:00:00,3.4200000762939453,3.4200000762939453,3.2799999713897705,3.4200000762939453,3.4200000762939453,8506
RUBX.CA,Industrials,2022-12-28 22:00:00,3.4200000762939453,3.380000114440918,3.25,3.4200000762939453,3.4200000762939453,11462
RUBX.CA,Industrials,2023-01-01 22:00:00,3.4200000762939453,3.390000104904175,3.2799999713897705,3.4200000762939453,3.4200000762939453,7963
RUBX.CA,Industrials,2023-01-02 22:00:00,3.4200000762939453,3.4000000953674316,3.319999933242798,3.4200000762939453,3.4200000762939453,10872
RUBX.CA,Industrials,2023-01-03 22:00:00,3.4200000762939453,3.380000114440918,3.259999990463257,3.4200000762939453,3.4200000762939453,36191
RUBX.CA,Industrials,2023-01-04 22:00:00,3.4200000762939453,3.359999895095825,3.2200000286102295,3.4200000762939453,3.4200000762939453,45283
RUBX.CA,Industrials,2023-01-08 22:00:00,3.4200000762939453,3.4200000762939453,3.1700000762939453,3.4200000762939453,3.4200000762939453,36444
RUBX.CA,Industrials,2023-01-09 22:00:00,3.4200000762939453,3.4200000762939453,3.1700000762939453,3.4200000762939453,3.4200000762939453,49481
RUBX.CA,Industrials,2023-01-10 22:00:00,3.4200000762939453,3.4200000762939453,3.1700000762939453,3.4200000762939453,3.4200000762939453,10304
RUBX.CA,Industrials,2023-01-11 22:00:00,3.4200000762939453,3.4200000762939453,3.0999999046325684,3.4200000762939453,3.4200000762939453,10698
RUBX.CA,Industrials,2023-01-14 22:00:00,3.4200000762939453,3.4200000762939453,3.109999895095825,3.4200000762939453,3.4200000762939453,3429
RUBX.CA,Industrials,2023-01-15 22:00:00,3.4200000762939453,3.2899999618530273,3.0,3.0899999141693115,3.0899999141693115,262769
RUBX.CA,Industrials,2023-01-16 22:00:00,3.0899999141693115,3.200000047683716,3.0899999141693115,3.0899999141693115,3.0899999141693115,42399
RUBX.CA,Industrials,2023-01-17 22:00:00,3.0899999141693115,3.190000057220459,3.130000114440918,3.0899999141693115,3.0899999141693115,8123
RUBX.CA,Industrials,2023-01-18 22:00:00,3.0899999141693115,3.180000066757202,3.109999895095825,3.0899999141693115,3.0899999141693115,9029
RUBX.CA,Industrials,2023-01-21 22:00:00,3.0899999141693115,3.119999885559082,3.0899999141693115,3.0899999141693115,3.0899999141693115,14430
RUBX.CA,Industrials,2023-01-22 22:00:00,3.0899999141693115,3.1500000953674316,3.049999952316284,3.0899999141693115,3.0899999141693115,19844
RUBX.CA,Industrials,2023-01-23 22:00:00,3.0899999141693115,3.0999999046325684,3.0,3.0899999141693115,3.0899999141693115,14381
RUBX.CA,Industrials,2023-01-24 22:00:00,3.0899999141693115,3.130000114440918,3.0399999618530273,3.0899999141693115,3.0899999141693115,17483
RUBX.CA,Industrials,2023-01-28 22:00:00,3.0899999141693115,3.130000114440918,3.059999942779541,3.0899999141693115,3.0899999141693115,30332
RUBX.CA,Industrials,2023-01-29 22:00:00,3.0899999141693115,3.109999895095825,3.0,3.0899999141693115,3.0899999141693115,39433
RUBX.CA,Industrials,2023-01-30 22:00:00,3.0899999141693115,3.049999952316284,2.950000047683716,3.0899999141693115,3.0899999141693115,2002
RUBX.CA,Industrials,2023-01-31 22:00:00,3.0899999141693115,3.0,2.9200000762939453,3.0899999141693115,3.0899999141693115,3282
RUBX.CA,Industrials,2023-02-01 22:00:00,3.0899999141693115,3.059999942779541,2.9100000858306885,3.0899999141693115,3.0899999141693115,32822
RUBX.CA,Industrials,2023-02-04 22:00:00,3.0899999141693115,3.0,2.8399999141693115,3.0899999141693115,3.0899999141693115,30000
RUBX.CA,Industrials,2023-02-05 22:00:00,3.0899999141693115,3.0,2.9200000762939453,3.0899999141693115,3.0899999141693115,9619
RUBX.CA,Industrials,2023-02-06 22:00:00,3.0899999141693115,3.0,2.8399999141693115,3.0899999141693115,3.0899999141693115,27302
RUBX.CA,Industrials,2023-02-07 22:00:00,3.0899999141693115,3.069999933242798,2.9100000858306885,3.0899999141693115,3.0899999141693115,2227
RUBX.CA,Industrials,2023-02-08 22:00:00,3.0899999141693115,3.0399999618530273,2.940000057220459,3.0899999141693115,3.0899999141693115,3332
RUBX.CA,Industrials,2023-02-11 22:00:00,3.0899999141693115,3.069999933242798,2.950000047683716,3.0899999141693115,3.0899999141693115,16280
RUBX.CA,Industrials,2023-02-12 22:00:00,3.0899999141693115,3.140000104904175,3.009999990463257,3.0899999141693115,3.0899999141693115,40968
RUBX.CA,Industrials,2023-02-13 22:00:00,3.0899999141693115,3.130000114440918,3.009999990463257,3.0899999141693115,3.0899999141693115,30891
RUBX.CA,Industrials,2023-02-14 22:00:00,3.0899999141693115,3.109999895095825,3.0199999809265137,3.0899999141693115,3.0899999141693115,11100
RUBX.CA,Industrials,2023-02-15 22:00:00,3.0899999141693115,3.0799999237060547,3.0299999713897705,3.0899999141693115,3.0899999141693115,43634
RUBX.CA,Industrials,2023-02-18 22:00:00,3.0899999141693115,3.0,3.0,3.0899999141693115,3.0899999141693115,1459
RUBX.CA,Industrials,2023-02-19 22:00:00,3.0899999141693115,3.0899999141693115,2.930000066757202,3.0899999141693115,3.0899999141693115,16374
RUBX.CA,Industrials,2023-02-20 22:00:00,3.0899999141693115,3.0899999141693115,3.0899999141693115,3.0899999141693115,3.0899999141693115,0
RUBX.CA,Industrials,2023-02-21 22:00:00,3.0899999141693115,3.049999952316284,2.940000057220459,3.0899999141693115,3.0899999141693115,11574
RUBX.CA,Industrials,2023-02-22 22:00:00,3.0899999141693115,3.0399999618530273,2.930000066757202,3.0899999141693115,3.0899999141693115,16639
RUBX.CA,Industrials,2023-02-25 22:00:00,3.0899999141693115,3.0799999237060547,2.950000047683716,3.0899999141693115,3.0899999141693115,12649
RUBX.CA,Industrials,2023-02-26 22:00:00,3.0899999141693115,3.299999952316284,2.950000047683716,3.180000066757202,3.180000066757202,153399
RUBX.CA,Industrials,2023-02-27 22:00:00,3.180000066757202,3.2799999713897705,3.0199999809265137,3.180000066757202,3.180000066757202,42897
RUBX.CA,Industrials,2023-02-28 22:00:00,3.180000066757202,3.180000066757202,2.9800000190734863,3.180000066757202,3.180000066757202,23665
RUBX.CA,Industrials,2023-03-01 22:00:00,3.180000066757202,3.0799999237060547,3.0,3.180000066757202,3.180000066757202,24415
RUBX.CA,Industrials,2023-03-04 22:00:00,3.180000066757202,3.0399999618530273,2.9700000286102295,3.180000066757202,3.180000066757202,54781
RUBX.CA,Industrials,2023-03-05 22:00:00,3.180000066757202,3.130000114440918,3.0,3.180000066757202,3.180000066757202,11125
RUBX.CA,Industrials,2023-03-06 22:00:00,3.180000066757202,3.180000066757202,2.940000057220459,3.180000066757202,3.180000066757202,17030
RUBX.CA,Industrials,2023-03-07 22:00:00,3.180000066757202,3.119999885559082,2.859999895095825,3.0299999713897705,3.0299999713897705,138844
RUBX.CA,Industrials,2023-03-08 22:00:00,3.0299999713897705,3.049999952316284,2.9000000953674316,3.0299999713897705,3.0299999713897705,7827
RUBX.CA,Industrials,2023-03-11 22:00:00,3.0299999713897705,2.890000104904175,2.869999885559082,3.0299999713897705,3.0299999713897705,4980
RUBX.CA,Industrials,2023-03-12 22:00:00,3.0299999713897705,2.8499999046325684,2.700000047683716,3.0299999713897705,3.0299999713897705,26180
RUBX.CA,Industrials,2023-03-13 22:00:00,3.0299999713897705,2.8499999046325684,2.5199999809265137,3.0299999713897705,3.0299999713897705,5035
RUBX.CA,Industrials,2023-03-14 22:00:00,3.0299999713897705,2.7899999618530273,2.700000047683716,3.0299999713897705,3.0299999713897705,12000
RUBX.CA,Industrials,2023-03-15 22:00:00,3.0299999713897705,2.890000104904175,2.559999942779541,3.0299999713897705,3.0299999713897705,22978
RUBX.CA,Industrials,2023-03-18 22:00:00,3.0299999713897705,2.880000114440918,2.5,3.0299999713897705,3.0299999713897705,29471
RUBX.CA,Industrials,2023-03-19 22:00:00,3.0299999713897705,2.869999885559082,2.5799999237060547,3.0299999713897705,3.0299999713897705,441
RUBX.CA,Industrials,2023-03-20 22:00:00,3.0299999713897705,3.0799999237060547,2.6600000858306885,2.890000104904175,2.890000104904175,241014
RUBX.CA,Industrials,2023-03-21 22:00:00,2.890000104904175,3.299999952316284,2.990000009536743,3.0199999809265137,3.0199999809265137,328417
RUBX.CA,Industrials,2023-03-22 22:00:00,3.0199999809265137,3.140000104904175,2.990000009536743,3.0199999809265137,3.0199999809265137,92162
RUBX.CA,Industrials,2023-03-25 22:00:00,3.0199999809265137,3.069999933242798,2.940000057220459,3.0199999809265137,3.0199999809265137,28121
RUBX.CA,Industrials,2023-03-26 22:00:00,3.0199999809265137,3.0899999141693115,2.9700000286102295,3.0199999809265137,3.0199999809265137,78023
RUBX.CA,Industrials,2023-03-27 22:00:00,3.0199999809265137,3.0399999618530273,2.950000047683716,3.0199999809265137,3.0199999809265137,4758
RUBX.CA,Industrials,2023-03-28 22:00:00,3.0199999809265137,3.0899999141693115,2.940000057220459,3.0199999809265137,3.0199999809265137,7183
RUBX.CA,Industrials,2023-03-29 22:00:00,3.0199999809265137,3.0899999141693115,2.9000000953674316,3.0199999809265137,3.0199999809265137,21364
RUBX.CA,Industrials,2023-04-01 22:00:00,3.0199999809265137,2.990000009536743,2.990000009536743,3.0199999809265137,3.0199999809265137,158
RUBX.CA,Industrials,2023-04-02 22:00:00,3.0199999809265137,3.0,2.8499999046325684,3.0199999809265137,3.0199999809265137,55100
RUBX.CA,Industrials,2023-04-03 22:00:00,3.0199999809265137,3.0,2.9600000381469727,3.0199999809265137,3.0199999809265137,85139
RUBX.CA,Industrials,2023-04-04 22:00:00,3.0199999809265137,3.190000057220459,3.0,3.0199999809265137,3.0199999809265137,13398
RUBX.CA,Industrials,2023-04-05 22:00:00,3.0199999809265137,3.0,2.950000047683716,3.0199999809265137,3.0199999809265137,20802
RUBX.CA,Industrials,2023-04-08 22:00:00,3.0199999809265137,3.0199999809265137,3.0199999809265137,3.0199999809265137,3.0199999809265137,0
RUBX.CA,Industrials,2023-04-09 22:00:00,3.0199999809265137,2.9100000858306885,2.9000000953674316,3.0199999809265137,3.0199999809265137,5000
RUBX.CA,Industrials,2023-04-10 22:00:00,3.0199999809265137,2.930000066757202,2.9000000953674316,3.0199999809265137,3.0199999809265137,13789
RUBX.CA,Industrials,2023-04-11 22:00:00,3.0199999809265137,2.9200000762939453,2.9200000762939453,3.0199999809265137,3.0199999809265137,1211
RUBX.CA,Industrials,2023-04-12 22:00:00,3.0199999809265137,3.0199999809265137,3.0199999809265137,3.0199999809265137,3.0199999809265137,0
RUBX.CA,Industrials,2023-04-17 22:00:00,3.0199999809265137,2.9000000953674316,2.9000000953674316,3.0199999809265137,3.0199999809265137,2660
RUBX.CA,Industrials,2023-04-18 22:00:00,3.0199999809265137,3.0199999809265137,2.9000000953674316,3.0199999809265137,3.0199999809265137,8350
RUBX.CA,Industrials,2023-04-25 22:00:00,3.0199999809265137,2.9700000286102295,2.9100000858306885,3.0199999809265137,3.0199999809265137,1158
RUBX.CA,Industrials,2023-04-26 22:00:00,3.0199999809265137,3.0199999809265137,2.9200000762939453,3.0199999809265137,3.0199999809265137,29814
RUBX.CA,Industrials,2023-04-29 21:00:00,3.0199999809265137,3.009999990463257,2.930000066757202,3.0199999809265137,3.0199999809265137,9042
RUBX.CA,Industrials,2023-04-30 21:00:00,3.0199999809265137,3.0199999809265137,3.0199999809265137,3.0199999809265137,3.0199999809265137,0
RUBX.CA,Industrials,2023-05-01 21:00:00,3.0199999809265137,3.0199999809265137,2.869999885559082,3.0199999809265137,3.0199999809265137,5971
RUBX.CA,Industrials,2023-05-02 21:00:00,3.0199999809265137,3.0199999809265137,2.8399999141693115,3.0199999809265137,3.0199999809265137,10154
RUBX.CA,Industrials,2023-05-06 21:00:00,3.0199999809265137,3.0299999713897705,2.7699999809265137,3.0199999809265137,3.0199999809265137,57263
RUBX.CA,Industrials,2023-05-07 21:00:00,3.0199999809265137,3.180000066757202,2.990000009536743,3.0199999809265137,3.0199999809265137,40905
RUBX.CA,Industrials,2023-05-08 21:00:00,3.0199999809265137,3.0,2.940000057220459,3.0199999809265137,3.0199999809265137,65580
RUBX.CA,Industrials,2023-05-09 21:00:00,3.0199999809265137,3.0299999713897705,2.950000047683716,3.0199999809265137,3.0199999809265137,1650
RUBX.CA,Industrials,2023-05-10 21:00:00,3.0199999809265137,3.0,2.950000047683716,3.0199999809265137,3.0199999809265137,5139
RUBX.CA,Industrials,2023-05-13 21:00:00,3.0199999809265137,3.0,2.950000047683716,3.0199999809265137,3.0199999809265137,1017
RUBX.CA,Industrials,2023-05-14 21:00:00,3.0199999809265137,3.0899999141693115,2.9600000381469727,3.0199999809265137,3.0199999809265137,24821
RUBX.CA,Industrials,2023-05-15 21:00:00,3.0199999809265137,3.0199999809265137,2.930000066757202,3.0199999809265137,3.0199999809265137,17866
RUBX.CA,Industrials,2023-05-16 21:00:00,3.0199999809265137,3.0199999809265137,2.8499999046325684,3.0199999809265137,3.0199999809265137,49910
RUBX.CA,Industrials,2023-05-17 21:00:00,3.0199999809265137,3.0199999809265137,2.8399999141693115,3.0199999809265137,3.0199999809265137,61
RUBX.CA,Industrials,2023-05-20 21:00:00,3.0199999809265137,3.0,2.859999895095825,3.0199999809265137,3.0199999809265137,10106
RUBX.CA,Industrials,2023-05-21 21:00:00,3.0199999809265137,3.0,2.9100000858306885,3.0199999809265137,3.0199999809265137,150
RUBX.CA,Industrials,2023-05-22 21:00:00,3.0199999809265137,2.990000009536743,2.880000114440918,3.0199999809265137,3.0199999809265137,31022
RUBX.CA,Industrials,2023-05-23 21:00:00,3.0199999809265137,2.9800000190734863,2.9200000762939453,3.0199999809265137,3.0199999809265137,4864
RUBX.CA,Industrials,2023-05-24 21:00:00,3.0199999809265137,2.9800000190734863,2.9200000762939453,3.0199999809265137,3.0199999809265137,5533
RUBX.CA,Industrials,2023-05-27 21:00:00,3.0199999809265137,3.1700000762939453,2.940000057220459,3.0199999809265137,3.0199999809265137,60096
RUBX.CA,Industrials,2023-05-28 21:00:00,3.0199999809265137,3.1700000762939453,3.069999933242798,3.0199999809265137,3.0199999809265137,66060
RUBX.CA,Industrials,2023-05-29 21:00:00,3.0199999809265137,3.140000104904175,3.0399999618530273,3.0199999809265137,3.0199999809265137,51860
RUBX.CA,Industrials,2023-05-30 21:00:00,3.0199999809265137,3.130000114440918,3.0399999618530273,3.0199999809265137,3.0199999809265137,59904
RUBX.CA,Industrials,2023-05-31 21:00:00,3.0199999809265137,3.130000114440918,3.0399999618530273,3.0199999809265137,3.0199999809265137,26343
RUBX.CA,Industrials,2023-06-03 21:00:00,3.0199999809265137,3.0999999046325684,3.0,3.0199999809265137,3.0199999809265137,34615
RUBX.CA,Industrials,2023-06-04 21:00:00,3.0199999809265137,3.109999895095825,3.049999952316284,3.0199999809265137,3.0199999809265137,41567
RUBX.CA,Industrials,2023-06-05 21:00:00,3.0199999809265137,3.3299999237060547,3.109999895095825,3.2799999713897705,3.2799999713897705,242920
RUBX.CA,Industrials,2023-06-06 21:00:00,3.2799999713897705,3.380000114440918,3.1700000762939453,3.240000009536743,3.240000009536743,144051
RUBX.CA,Industrials,2023-06-07 21:00:00,3.240000009536743,3.240000009536743,3.059999942779541,3.240000009536743,3.240000009536743,55811
RUBX.CA,Industrials,2023-06-10 21:00:00,3.240000009536743,3.240000009536743,3.0799999237060547,3.240000009536743,3.240000009536743,39100
RUBX.CA,Industrials,2023-06-11 21:00:00,3.240000009536743,3.130000114440918,3.069999933242798,3.240000009536743,3.240000009536743,24797
RUBX.CA,Industrials,2023-06-12 21:00:00,3.240000009536743,3.240000009536743,3.049999952316284,3.240000009536743,3.240000009536743,13312
RUBX.CA,Industrials,2023-06-13 21:00:00,3.240000009536743,3.140000104904175,3.049999952316284,3.240000009536743,3.240000009536743,28871
RUBX.CA,Industrials,2023-06-14 21:00:00,3.240000009536743,3.240000009536743,3.049999952316284,3.240000009536743,3.240000009536743,1623
RUBX.CA,Industrials,2023-06-17 21:00:00,3.240000009536743,3.240000009536743,3.0399999618530273,3.240000009536743,3.240000009536743,1940
RUBX.CA,Industrials,2023-06-18 21:00:00,3.240000009536743,3.240000009536743,3.049999952316284,3.240000009536743,3.240000009536743,27326
RUBX.CA,Industrials,2023-06-19 21:00:00,3.240000009536743,3.4800000190734863,3.049999952316284,3.180000066757202,3.180000066757202,247299
RUBX.CA,Industrials,2023-06-20 21:00:00,3.180000066757202,3.180000066757202,3.059999942779541,3.180000066757202,3.180000066757202,67644
RUBX.CA,Industrials,2023-06-21 21:00:00,3.180000066757202,3.180000066757202,3.0,3.180000066757202,3.180000066757202,38071
RUBX.CA,Industrials,2023-06-24 21:00:00,3.180000066757202,3.180000066757202,2.549999952316284,3.180000066757202,3.180000066757202,72166
RUBX.CA,Industrials,2023-06-25 21:00:00,3.180000066757202,3.180000066757202,2.819999933242798,3.180000066757202,3.180000066757202,56141
RUBX.CA,Industrials,2023-07-03 21:00:00,3.180000066757202,3.180000066757202,3.0,3.180000066757202,3.180000066757202,13829
RUBX.CA,Industrials,2023-07-04 21:00:00,3.180000066757202,3.180000066757202,2.9200000762939453,3.180000066757202,3.180000066757202,5021
RUBX.CA,Industrials,2023-07-05 21:00:00,3.180000066757202,3.180000066757202,2.9600000381469727,3.180000066757202,3.180000066757202,10291
RUBX.CA,Industrials,2023-07-08 21:00:00,3.180000066757202,3.180000066757202,2.859999895095825,3.180000066757202,3.180000066757202,19392
RUBX.CA,Industrials,2023-07-09 21:00:00,3.180000066757202,3.0399999618530273,2.799999952316284,3.180000066757202,3.180000066757202,8009
RUBX.CA,Industrials,2023-07-10 21:00:00,3.180000066757202,3.180000066757202,2.8299999237060547,3.180000066757202,3.180000066757202,2823
RUBX.CA,Industrials,2023-07-11 21:00:00,3.180000066757202,3.180000066757202,2.9000000953674316,3.180000066757202,3.180000066757202,488
RUBX.CA,Industrials,2023-07-12 21:00:00,3.180000066757202,3.180000066757202,2.9000000953674316,3.180000066757202,3.180000066757202,14438
RUBX.CA,Industrials,2023-07-15 21:00:00,3.180000066757202,3.0,2.9000000953674316,3.180000066757202,3.180000066757202,23698
RUBX.CA,Industrials,2023-07-16 21:00:00,3.180000066757202,2.990000009536743,2.9000000953674316,3.180000066757202,3.180000066757202,13522
RUBX.CA,Industrials,2023-07-17 21:00:00,3.180000066757202,3.180000066757202,2.9100000858306885,3.180000066757202,3.180000066757202,10801
RUBX.CA,Industrials,2023-07-18 21:00:00,3.180000066757202,3.180000066757202,3.180000066757202,3.180000066757202,3.180000066757202,0
RUBX.CA,Industrials,2023-07-23 21:00:00,3.180000066757202,3.0399999618530273,2.930000066757202,3.180000066757202,3.180000066757202,3169
RUBX.CA,Industrials,2023-07-24 21:00:00,3.180000066757202,3.180000066757202,2.9000000953674316,3.180000066757202,3.180000066757202,7961
RUBX.CA,Industrials,2023-07-25 21:00:00,3.180000066757202,3.180000066757202,2.859999895095825,3.180000066757202,3.180000066757202,20710
RUBX.CA,Industrials,2023-07-26 21:00:00,3.180000066757202,3.0799999237060547,2.9000000953674316,3.180000066757202,3.180000066757202,22357
RUBX.CA,Industrials,2023-07-29 21:00:00,3.180000066757202,3.180000066757202,2.930000066757202,3.180000066757202,3.180000066757202,6709
RUBX.CA,Industrials,2023-07-30 21:00:00,3.180000066757202,3.180000066757202,2.9100000858306885,3.180000066757202,3.180000066757202,1554
RUBX.CA,Industrials,2023-07-31 21:00:00,3.180000066757202,3.180000066757202,2.930000066757202,3.180000066757202,3.180000066757202,18265
RUBX.CA,Industrials,2023-08-01 21:00:00,3.180000066757202,3.180000066757202,2.9000000953674316,3.180000066757202,3.180000066757202,24943
RUBX.CA,Industrials,2023-08-02 21:00:00,3.180000066757202,3.180000066757202,2.9000000953674316,3.180000066757202,3.180000066757202,28731
RUBX.CA,Industrials,2023-08-05 21:00:00,3.180000066757202,3.049999952316284,2.950000047683716,3.180000066757202,3.180000066757202,18044
RUBX.CA,Industrials,2023-08-06 21:00:00,3.180000066757202,3.0799999237060547,2.9100000858306885,3.180000066757202,3.180000066757202,19427
RUBX.CA,Industrials,2023-08-07 21:00:00,3.180000066757202,3.049999952316284,2.9100000858306885,3.180000066757202,3.180000066757202,10391
RUBX.CA,Industrials,2023-08-08 21:00:00,3.180000066757202,3.140000104904175,2.940000057220459,3.180000066757202,3.180000066757202,97300
RUBX.CA,Industrials,2023-08-09 21:00:00,3.180000066757202,3.1600000858306885,3.049999952316284,3.180000066757202,3.180000066757202,77928
RUBX.CA,Industrials,2023-08-12 21:00:00,3.180000066757202,3.180000066757202,3.0199999809265137,3.180000066757202,3.180000066757202,40129
RUBX.CA,Industrials,2023-08-13 21:00:00,3.180000066757202,3.180000066757202,2.950000047683716,3.180000066757202,3.180000066757202,50986
RUBX.CA,Industrials,2023-08-14 21:00:00,3.180000066757202,3.1500000953674316,2.9800000190734863,3.180000066757202,3.180000066757202,71868
RUBX.CA,Industrials,2023-08-15 21:00:00,3.180000066757202,3.180000066757202,3.0,3.180000066757202,3.180000066757202,26979
RUBX.CA,Industrials,2023-08-16 21:00:00,3.180000066757202,3.180000066757202,2.9600000381469727,3.180000066757202,3.180000066757202,28478
RUBX.CA,Industrials,2023-08-19 21:00:00,3.180000066757202,3.0,2.9000000953674316,3.180000066757202,3.180000066757202,19123
RUBX.CA,Industrials,2023-08-20 21:00:00,3.180000066757202,3.069999933242798,2.940000057220459,3.180000066757202,3.180000066757202,16249
RUBX.CA,Industrials,2023-08-21 21:00:00,3.180000066757202,3.4800000190734863,2.930000066757202,3.2899999618530273,3.2899999618530273,620980
RUBX.CA,Industrials,2023-08-22 21:00:00,3.2899999618530273,3.8499999046325684,3.2899999618530273,3.640000104904175,3.640000104904175,1460391
RUBX.CA,Industrials,2023-08-23 21:00:00,3.640000104904175,3.8499999046325684,3.5799999237060547,3.6700000762939453,3.6700000762939453,544247
RUBX.CA,Industrials,2023-08-26 21:00:00,3.6700000762939453,4.190000057220459,3.5799999237060547,4.03000020980835,4.03000020980835,830148
RUBX.CA,Industrials,2023-08-27 21:00:00,4.03000020980835,4.150000095367432,3.950000047683716,4.070000171661377,4.070000171661377,601441
RUBX.CA,Industrials,2023-08-28 21:00:00,4.070000171661377,4.300000190734863,4.0,4.230000019073486,4.230000019073486,486273
RUBX.CA,Industrials,2023-08-29 21:00:00,4.230000019073486,4.900000095367432,4.179999828338623,4.630000114440918,4.630000114440918,525103
RUBX.CA,Industrials,2023-08-30 21:00:00,4.630000114440918,4.630000114440918,4.630000114440918,4.630000114440918,4.630000114440918,0
RUBX.CA,Industrials,2023-09-02 21:00:00,4.579999923706055,4.940000057220459,4.579999923706055,4.679999828338623,4.679999828338623,407752
RUBX.CA,Industrials,2023-09-03 21:00:00,4.679999828338623,4.800000190734863,4.590000152587891,4.619999885559082,4.619999885559082,112506
RUBX.CA,Industrials,2023-09-04 21:00:00,4.619999885559082,4.989999771118164,4.550000190734863,4.900000095367432,4.900000095367432,420591
RUBX.CA,Industrials,2023-09-05 21:00:00,4.900000095367432,5.0,4.699999809265137,4.900000095367432,4.900000095367432,63536
RUBX.CA,Industrials,2023-09-06 21:00:00,4.900000095367432,4.96999979019165,4.519999980926514,4.769999980926514,4.769999980926514,180282
RUBX.CA,Industrials,2023-09-09 21:00:00,4.769999980926514,4.769999980926514,4.769999980926514,4.769999980926514,4.769999980926514,0
RUBX.CA,Industrials,2023-09-10 21:00:00,4.769999980926514,4.789999961853027,4.5,4.550000190734863,4.550000190734863,72303
RUBX.CA,Industrials,2023-09-11 21:00:00,4.550000190734863,5.349999904632568,4.590000152587891,5.199999809265137,5.199999809265137,573289
RUBX.CA,Industrials,2023-09-12 21:00:00,5.199999809265137,5.590000152587891,5.019999980926514,5.289999961853027,5.289999961853027,429567
RUBX.CA,Industrials,2023-09-13 21:00:00,5.289999961853027,5.659999847412109,5.300000190734863,5.380000114440918,5.380000114440918,328032
RUBX.CA,Industrials,2023-09-16 21:00:00,5.380000114440918,5.71999979019165,5.150000095367432,5.659999847412109,5.659999847412109,628649
RUBX.CA,Industrials,2023-09-17 21:00:00,5.659999847412109,5.800000190734863,5.53000020980835,5.670000076293945,5.670000076293945,194898
RUBX.CA,Industrials,2023-09-18 21:00:00,5.670000076293945,5.739999771118164,5.409999847412109,5.559999942779541,5.559999942779541,383683
RUBX.CA,Industrials,2023-09-19 21:00:00,5.559999942779541,5.559999942779541,5.559999942779541,5.559999942779541,5.559999942779541,0
RUBX.CA,Industrials,2023-09-20 21:00:00,5.559999942779541,5.559999942779541,5.559999942779541,5.559999942779541,5.559999942779541,0
RUBX.CA,Industrials,2023-09-23 21:00:00,5.559999942779541,5.559999942779541,5.559999942779541,5.559999942779541,5.559999942779541,0
RUBX.CA,Industrials,2023-09-24 21:00:00,4.900000095367432,5.199999809265137,4.610000133514404,4.789999961853027,4.789999961853027,240490
RUBX.CA,Industrials,2023-09-25 21:00:00,4.789999961853027,5.0,4.550000190734863,4.940000057220459,4.940000057220459,125431
RUBX.CA,Industrials,2023-09-26 21:00:00,4.940000057220459,4.940000057220459,4.940000057220459,4.940000057220459,4.940000057220459,0
RUBX.CA,Industrials,2023-09-30 21:00:00,4.940000057220459,4.940000057220459,4.940000057220459,4.940000057220459,4.940000057220459,0
RUBX.CA,Industrials,2023-10-01 21:00:00,4.900000095367432,4.809999942779541,4.349999904632568,4.539999961853027,4.539999961853027,68379
RUBX.CA,Industrials,2023-10-02 21:00:00,4.539999961853027,4.630000114440918,4.300000190734863,4.539999961853027,4.539999961853027,26797
RUBX.CA,Industrials,2023-10-03 21:00:00,4.539999961853027,4.989999771118164,4.590000152587891,4.920000076293945,4.920000076293945,177350
RUBX.CA,Industrials,2023-10-07 21:00:00,4.920000076293945,5.199999809265137,4.599999904632568,4.78000020980835,4.78000020980835,228125
RUBX.CA,Industrials,2023-10-08 21:00:00,4.78000020980835,5.0,4.699999809265137,4.78000020980835,4.78000020980835,16720
RUBX.CA,Industrials,2023-10-09 21:00:00,4.78000020980835,4.96999979019165,4.730000019073486,4.880000114440918,4.880000114440918,115886
RUBX.CA,Industrials,2023-10-10 21:00:00,4.880000114440918,4.900000095367432,4.699999809265137,4.809999942779541,4.809999942779541,135574
RUBX.CA,Industrials,2023-10-11 21:00:00,4.809999942779541,4.989999771118164,4.690000057220459,4.820000171661377,4.820000171661377,303406
RUBX.CA,Industrials,2023-10-14 21:00:00,4.820000171661377,5.059999942779541,4.71999979019165,4.809999942779541,4.809999942779541,121023
RUBX.CA,Industrials,2023-10-15 21:00:00,4.809999942779541,4.699999809265137,4.119999885559082,4.5,4.5,92986
RUBX.CA,Industrials,2023-10-16 21:00:00,4.5,4.590000152587891,4.300000190734863,4.460000038146973,4.460000038146973,99283
RUBX.CA,Industrials,2023-10-17 21:00:00,4.460000038146973,4.579999923706055,4.309999942779541,4.440000057220459,4.440000057220459,83244
RUBX.CA,Industrials,2023-10-18 21:00:00,4.440000057220459,4.440000057220459,4.440000057220459,4.440000057220459,4.440000057220459,0
RUBX.CA,Industrials,2023-10-21 21:00:00,4.260000228881836,4.5,4.210000038146973,4.409999847412109,4.409999847412109,132396
RUBX.CA,Industrials,2023-10-22 21:00:00,4.409999847412109,5.050000190734863,4.409999847412109,4.96999979019165,4.96999979019165,397878
RUBX.CA,Industrials,2023-10-23 21:00:00,4.96999979019165,4.849999904632568,4.53000020980835,4.639999866485596,4.639999866485596,117518
RUBX.CA,Industrials,2023-10-24 21:00:00,4.639999866485596,4.840000152587891,4.550000190734863,4.630000114440918,4.630000114440918,67895
RUBX.CA,Industrials,2023-10-25 21:00:00,4.630000114440918,4.699999809265137,4.429999828338623,4.519999980926514,4.519999980926514,137859
RUBX.CA,Industrials,2023-10-28 22:00:00,4.519999980926514,5.150000095367432,4.53000020980835,4.940000057220459,4.940000057220459,553700
RUBX.CA,Industrials,2023-10-29 22:00:00,4.940000057220459,5.230000019073486,4.900000095367432,5.0,5.0,230769
RUBX.CA,Industrials,2023-10-30 22:00:00,5.0,5.389999866485596,4.909999847412109,5.309999942779541,5.309999942779541,353416
RUBX.CA,Industrials,2023-10-31 22:00:00,5.309999942779541,5.800000190734863,5.0,5.099999904632568,5.099999904632568,350486
RUBX.CA,Industrials,2023-11-01 22:00:00,5.099999904632568,5.5,5.159999847412109,5.269999980926514,5.269999980926514,361066
RUBX.CA,Industrials,2023-11-04 22:00:00,5.269999980926514,5.699999809265137,5.320000171661377,5.539999961853027,5.539999961853027,571923
RUBX.CA,Industrials,2023-11-05 22:00:00,5.539999961853027,6.179999828338623,5.559999942779541,5.650000095367432,5.650000095367432,675990
RUBX.CA,Industrials,2023-11-06 22:00:00,5.650000095367432,5.78000020980835,5.519999980926514,5.53000020980835,5.53000020980835,334652
RUBX.CA,Industrials,2023-11-07 22:00:00,5.53000020980835,5.78000020980835,5.25,5.320000171661377,5.320000171661377,374269
RUBX.CA,Industrials,2023-11-08 22:00:00,5.320000171661377,5.449999809265137,5.159999847412109,5.239999771118164,5.239999771118164,209353
RUBX.CA,Industrials,2023-11-11 22:00:00,5.239999771118164,5.409999847412109,5.179999828338623,5.25,5.25,179637
RUBX.CA,Industrials,2023-11-12 22:00:00,5.25,5.449999809265137,5.150000095367432,5.320000171661377,5.320000171661377,229975
RUBX.CA,Industrials,2023-11-13 22:00:00,5.320000171661377,5.570000171661377,5.239999771118164,5.46999979019165,5.46999979019165,181989
RUBX.CA,Industrials,2023-11-14 22:00:00,5.46999979019165,5.849999904632568,5.610000133514404,5.710000038146973,5.710000038146973,401694
RUBX.CA,Industrials,2023-11-15 22:00:00,5.710000038146973,6.159999847412109,5.699999809265137,5.96999979019165,5.96999979019165,574112
RUBX.CA,Industrials,2023-11-18 22:00:00,5.96999979019165,6.360000133514404,6.010000228881836,6.199999809265137,6.199999809265137,283412
RUBX.CA,Industrials,2023-11-19 22:00:00,6.199999809265137,6.329999923706055,6.0,6.050000190734863,6.050000190734863,223929
RUBX.CA,Industrials,2023-11-20 22:00:00,6.050000190734863,6.25,5.820000171661377,5.949999809265137,5.949999809265137,160107
RUBX.CA,Industrials,2023-11-21 22:00:00,5.949999809265137,6.309999942779541,5.880000114440918,6.25,6.25,463061
RUBX.CA,Industrials,2023-11-22 22:00:00,6.25,6.360000133514404,6.090000152587891,6.130000114440918,6.130000114440918,100276
RUBX.CA,Industrials,2023-11-25 22:00:00,6.130000114440918,6.46999979019165,6.050000190734863,6.309999942779541,6.309999942779541,638572
RUBX.CA,Industrials,2023-11-26 22:00:00,6.309999942779541,6.849999904632568,6.25,6.690000057220459,6.690000057220459,413259
RUBX.CA,Industrials,2023-11-27 22:00:00,6.690000057220459,7.199999809265137,6.590000152587891,7.050000190734863,7.050000190734863,556740
RUBX.CA,Industrials,2023-11-28 22:00:00,7.050000190734863,7.920000076293945,6.96999979019165,7.199999809265137,7.199999809265137,654923
RUBX.CA,Industrials,2023-11-29 22:00:00,7.199999809265137,7.449999809265137,6.900000095367432,7.079999923706055,7.079999923706055,356946
RUBX.CA,Industrials,2023-12-02 22:00:00,7.079999923706055,7.25,6.5,6.590000152587891,6.590000152587891,331991
RUBX.CA,Industrials,2023-12-03 22:00:00,6.590000152587891,6.989999771118164,6.400000095367432,6.579999923706055,6.579999923706055,211516
RUBX.CA,Industrials,2023-12-04 22:00:00,6.579999923706055,7.139999866485596,6.650000095367432,7.090000152587891,7.090000152587891,474287
RUBX.CA,Industrials,2023-12-05 22:00:00,7.090000152587891,7.190000057220459,6.800000190734863,6.920000076293945,6.920000076293945,242103
RUBX.CA,Industrials,2023-12-06 22:00:00,6.920000076293945,7.360000133514404,6.900000095367432,7.0,7.0,136018
RUBX.CA,Industrials,2023-12-09 22:00:00,7.0,7.139999866485596,6.800000190734863,6.960000038146973,6.960000038146973,156906
RUBX.CA,Industrials,2023-12-10 22:00:00,6.960000038146973,7.0,6.449999809265137,6.960000038146973,6.960000038146973,41976
RUBX.CA,Industrials,2023-12-11 22:00:00,6.960000038146973,7.139999866485596,6.699999809265137,7.099999904632568,7.099999904632568,265617
RUBX.CA,Industrials,2023-12-12 22:00:00,7.099999904632568,7.449999809265137,6.96999979019165,7.050000190734863,7.050000190734863,499239
RUBX.CA,Industrials,2023-12-13 22:00:00,7.050000190734863,7.300000190734863,6.5,6.519999980926514,6.519999980926514,575897
RUBX.CA,Industrials,2023-12-16 22:00:00,6.519999980926514,6.840000152587891,6.539999961853027,6.659999847412109,6.659999847412109,117801
RUBX.CA,Industrials,2023-12-17 22:00:00,6.659999847412109,6.900000095367432,6.480000019073486,6.5,6.5,322562
RUBX.CA,Industrials,2023-12-18 22:00:00,6.5,6.630000114440918,6.409999847412109,6.510000228881836,6.510000228881836,81026
RUBX.CA,Industrials,2023-12-19 22:00:00,6.510000228881836,6.570000171661377,6.150000095367432,6.340000152587891,6.340000152587891,143915
RUBX.CA,Industrials,2023-12-20 22:00:00,6.340000152587891,6.699999809265137,6.349999904632568,6.619999885559082,6.619999885559082,301553
RUBX.CA,Industrials,2023-12-23 22:00:00,6.619999885559082,6.619999885559082,6.619999885559082,6.619999885559082,6.619999885559082,0
RUBX.CA,Industrials,2023-12-24 22:00:00,6.489999771118164,6.5,6.010000228881836,6.090000152587891,6.090000152587891,180165
RUBX.CA,Industrials,2023-12-25 22:00:00,6.090000152587891,6.389999866485596,6.099999904632568,6.260000228881836,6.260000228881836,60134
RUBX.CA,Industrials,2023-12-26 22:00:00,6.260000228881836,6.440000057220459,6.25,6.340000152587891,6.340000152587891,67883
RUBX.CA,Industrials,2023-12-27 22:00:00,6.340000152587891,6.699999809265137,6.199999809265137,6.289999961853027,6.289999961853027,210251
RUBX.CA,Industrials,2023-12-30 22:00:00,6.289999961853027,6.460000038146973,6.230000019073486,6.320000171661377,6.320000171661377,82647
RUBX.CA,Industrials,2024-01-01 22:00:00,6.320000171661377,6.75,6.380000114440918,6.46999979019165,6.46999979019165,92923
RUBX.CA,Industrials,2024-01-02 22:00:00,6.46999979019165,6.639999866485596,6.300000190734863,6.420000076293945,6.420000076293945,164423
RUBX.CA,Industrials,2024-01-03 22:00:00,6.420000076293945,6.699999809265137,6.25,6.679999828338623,6.679999828338623,202576
RUBX.CA,Industrials,2024-01-07 22:00:00,6.679999828338623,6.980000019073486,6.559999942779541,6.869999885559082,6.869999885559082,425620
RUBX.CA,Industrials,2024-01-08 22:00:00,6.869999885559082,6.989999771118164,6.699999809265137,6.730000019073486,6.730000019073486,365172
RUBX.CA,Industrials,2024-01-09 22:00:00,6.730000019073486,6.849999904632568,6.510000228881836,6.599999904632568,6.599999904632568,128515
RUBX.CA,Industrials,2024-01-10 22:00:00,6.599999904632568,6.889999866485596,6.480000019073486,6.519999980926514,6.519999980926514,174971
RUBX.CA,Industrials,2024-01-13 22:00:00,6.519999980926514,6.690000057220459,6.440000057220459,6.53000020980835,6.53000020980835,117490
RUBX.CA,Industrials,2024-01-14 22:00:00,6.53000020980835,6.699999809265137,6.409999847412109,6.449999809265137,6.449999809265137,128410
RUBX.CA,Industrials,2024-01-15 22:00:00,6.449999809265137,6.739999771118164,6.489999771118164,6.570000171661377,6.570000171661377,328415
RUBX.CA,Industrials,2024-01-16 22:00:00,6.570000171661377,6.659999847412109,6.349999904632568,6.440000057220459,6.440000057220459,153526
RUBX.CA,Industrials,2024-01-17 22:00:00,6.440000057220459,6.679999828338623,6.440000057220459,6.619999885559082,6.619999885559082,219086
RUBX.CA,Industrials,2024-01-20 22:00:00,6.619999885559082,6.699999809265137,6.489999771118164,6.510000228881836,6.510000228881836,233976
RUBX.CA,Industrials,2024-01-21 22:00:00,6.510000228881836,6.630000114440918,6.329999923706055,6.380000114440918,6.380000114440918,241531
RUBX.CA,Industrials,2024-01-22 22:00:00,6.380000114440918,6.5,6.329999923706055,6.409999847412109,6.409999847412109,55915
RUBX.CA,Industrials,2024-01-23 22:00:00,6.409999847412109,6.630000114440918,6.380000114440918,6.460000038146973,6.460000038146973,219860
RUBX.CA,Industrials,2024-01-27 22:00:00,6.460000038146973,6.769999980926514,6.46999979019165,6.510000228881836,6.510000228881836,175658
RUBX.CA,Industrials,2024-01-28 22:00:00,6.510000228881836,6.579999923706055,6.159999847412109,6.21999979019165,6.21999979019165,165554
RUBX.CA,Industrials,2024-01-29 22:00:00,6.21999979019165,6.940000057220459,6.300000190734863,6.869999885559082,6.869999885559082,397483
RUBX.CA,Industrials,2024-01-30 22:00:00,6.869999885559082,7.21999979019165,6.25,6.409999847412109,6.409999847412109,432715
RUBX.CA,Industrials,2024-01-31 22:00:00,6.409999847412109,6.71999979019165,6.25,6.550000190734863,6.550000190734863,164628
RUBX.CA,Industrials,2024-02-03 22:00:00,6.550000190734863,6.829999923706055,6.539999961853027,6.610000133514404,6.610000133514404,201883
RUBX.CA,Industrials,2024-02-04 22:00:00,6.610000133514404,6.869999885559082,6.599999904632568,6.730000019073486,6.730000019073486,117821
RUBX.CA,Industrials,2024-02-05 22:00:00,6.730000019073486,6.900000095367432,6.429999828338623,6.539999961853027,6.539999961853027,282667
RUBX.CA,Industrials,2024-02-06 22:00:00,6.539999961853027,6.789999961853027,6.349999904632568,6.480000019073486,6.480000019073486,121281
RUBX.CA,Industrials,2024-02-07 22:00:00,6.480000019073486,6.690000057220459,6.400000095367432,6.480000019073486,6.480000019073486,57765
RUBX.CA,Industrials,2024-02-10 22:00:00,6.480000019073486,6.650000095367432,6.429999828338623,6.550000190734863,6.550000190734863,120072
RUBX.CA,Industrials,2024-02-11 22:00:00,6.550000190734863,6.75,6.400000095367432,6.489999771118164,6.489999771118164,173106
RUBX.CA,Industrials,2024-02-12 22:00:00,6.489999771118164,6.690000057220459,6.429999828338623,6.5,6.5,224178
RUBX.CA,Industrials,2024-02-13 22:00:00,6.5,7.320000171661377,6.659999847412109,7.269999980926514,7.269999980926514,1072859
RUBX.CA,Industrials,2024-02-14 22:00:00,7.269999980926514,7.650000095367432,6.800000190734863,7.090000152587891,7.090000152587891,659236
RUBX.CA,Industrials,2024-02-17 22:00:00,7.090000152587891,7.090000152587891,7.090000152587891,7.090000152587891,7.090000152587891,0
RUBX.CA,Industrials,2024-02-18 22:00:00,7.03000020980835,7.21999979019165,6.849999904632568,6.929999828338623,6.929999828338623,334411
RUBX.CA,Industrials,2024-02-19 22:00:00,6.929999828338623,7.590000152587891,6.860000133514404,6.920000076293945,6.920000076293945,403487
RUBX.CA,Industrials,2024-02-20 22:00:00,6.920000076293945,7.190000057220459,6.929999828338623,6.960000038146973,6.960000038146973,223884
RUBX.CA,Industrials,2024-02-21 22:00:00,6.960000038146973,7.059999942779541,6.519999980926514,6.579999923706055,6.579999923706055,174062
RUBX.CA,Industrials,2024-02-24 22:00:00,6.579999923706055,6.800000190734863,6.03000020980835,6.420000076293945,6.420000076293945,83191
RUBX.CA,Industrials,2024-02-25 22:00:00,6.420000076293945,6.539999961853027,6.0,6.360000133514404,6.360000133514404,59115
RUBX.CA,Industrials,2024-02-26 22:00:00,6.360000133514404,7.099999904632568,6.25,7.019999980926514,7.019999980926514,306370
RUBX.CA,Industrials,2024-02-27 22:00:00,7.019999980926514,7.699999809265137,7.090000152587891,7.510000228881836,7.510000228881836,1095350
RUBX.CA,Industrials,2024-02-28 22:00:00,7.510000228881836,8.300000190734863,7.5,8.039999961853027,8.039999961853027,747540
RUBX.CA,Industrials,2024-03-02 22:00:00,8.039999961853027,8.399999618530273,8.149999618530273,8.199999809265137,8.199999809265137,387772
RUBX.CA,Industrials,2024-03-03 22:00:00,8.199999809265137,8.449999809265137,8.109999656677246,8.369999885559082,8.369999885559082,175006
RUBX.CA,Industrials,2024-03-04 22:00:00,8.369999885559082,8.619999885559082,7.21999979019165,7.949999809265137,7.949999809265137,401130
RUBX.CA,Industrials,2024-03-05 22:00:00,7.949999809265137,8.199999809265137,7.309999942779541,7.949999809265137,7.949999809265137,25731
RUBX.CA,Industrials,2024-03-06 22:00:00,7.949999809265137,8.5,7.329999923706055,8.180000305175781,8.180000305175781,296813
RUBX.CA,Industrials,2024-03-09 22:00:00,8.180000305175781,8.600000381469727,8.149999618530273,8.5,8.5,509641
RUBX.CA,Industrials,2024-03-10 22:00:00,8.5,8.449999809265137,8.0,8.09000015258789,8.09000015258789,119212
RUBX.CA,Industrials,2024-03-11 22:00:00,8.09000015258789,8.149999618530273,7.599999904632568,7.920000076293945,7.920000076293945,151957
RUBX.CA,Industrials,2024-03-12 22:00:00,7.920000076293945,8.09000015258789,7.389999866485596,7.800000190734863,7.800000190734863,58691
RUBX.CA,Industrials,2024-03-13 22:00:00,7.800000190734863,7.96999979019165,6.690000057220459,7.800000190734863,7.800000190734863,26669
RUBX.CA,Industrials,2024-03-16 22:00:00,7.800000190734863,8.5,7.260000228881836,8.4399995803833,8.4399995803833,370861
RUBX.CA,Industrials,2024-03-17 22:00:00,8.4399995803833,8.390000343322754,7.610000133514404,7.809999942779541,7.809999942779541,135991
RUBX.CA,Industrials,2024-03-18 22:00:00,7.809999942779541,7.789999961853027,6.900000095367432,7.170000076293945,7.170000076293945,151382
RUBX.CA,Industrials,2024-03-19 22:00:00,7.170000076293945,7.800000190734863,6.909999847412109,7.0,7.0,218156
RUBX.CA,Industrials,2024-03-20 22:00:00,7.0,7.179999828338623,6.579999923706055,6.960000038146973,6.960000038146973,134744
RUBX.CA,Industrials,2024-03-23 22:00:00,6.960000038146973,7.0,6.699999809265137,6.840000152587891,6.840000152587891,132705
RUBX.CA,Industrials,2024-03-24 22:00:00,6.840000152587891,6.989999771118164,6.619999885559082,6.849999904632568,6.849999904632568,146433
RUBX.CA,Industrials,2024-03-25 22:00:00,6.849999904632568,6.909999847412109,6.199999809265137,6.639999866485596,6.639999866485596,158503
RUBX.CA,Industrials,2024-03-26 22:00:00,6.639999866485596,6.739999771118164,5.519999980926514,6.21999979019165,6.21999979019165,285938
RUBX.CA,Industrials,2024-03-27 22:00:00,6.21999979019165,6.570000171661377,5.800000190734863,6.110000133514404,6.110000133514404,102651
RUBX.CA,Industrials,2024-03-30 22:00:00,6.110000133514404,6.110000133514404,5.349999904632568,6.110000133514404,6.110000133514404,52771
RUBX.CA,Industrials,2024-03-31 22:00:00,6.110000133514404,6.0,5.5,5.760000228881836,5.760000228881836,344064
RUBX.CA,Industrials,2024-04-01 22:00:00,5.760000228881836,5.909999847412109,5.550000190734863,5.610000133514404,5.610000133514404,132254
RUBX.CA,Industrials,2024-04-02 22:00:00,5.610000133514404,5.599999904632568,5.130000114440918,5.190000057220459,5.190000057220459,277252
RUBX.CA,Industrials,2024-04-03 22:00:00,5.190000057220459,5.659999847412109,5.190000057220459,5.539999961853027,5.539999961853027,256356
RUBX.CA,Industrials,2024-04-06 22:00:00,5.539999961853027,6.389999866485596,5.53000020980835,5.940000057220459,5.940000057220459,208159
RUBX.CA,Industrials,2024-04-07 22:00:00,5.940000057220459,6.050000190734863,5.800000190734863,5.960000038146973,5.960000038146973,67647
RUBX.CA,Industrials,2024-04-14 22:00:00,5.960000038146973,6.289999961853027,5.940000057220459,6.079999923706055,6.079999923706055,219710
RUBX.CA,Industrials,2024-04-15 22:00:00,6.079999923706055,6.239999771118164,5.769999980926514,5.840000152587891,5.840000152587891,171709
RUBX.CA,Industrials,2024-04-16 22:00:00,5.840000152587891,5.980000019073486,5.550000190734863,5.599999904632568,5.599999904632568,246771
RUBX.CA,Industrials,2024-04-17 22:00:00,5.599999904632568,5.78000020980835,5.019999980926514,5.230000019073486,5.230000019073486,210586
RUBX.CA,Industrials,2024-04-20 22:00:00,5.230000019073486,5.599999904632568,5.230000019073486,5.230000019073486,5.230000019073486,60196
RUBX.CA,Industrials,2024-04-21 22:00:00,5.230000019073486,5.320000171661377,5.150000095367432,5.179999828338623,5.179999828338623,108855
RUBX.CA,Industrials,2024-04-22 22:00:00,5.179999828338623,5.25,4.579999923706055,4.800000190734863,4.800000190734863,106869
RUBX.CA,Industrials,2024-04-23 22:00:00,4.800000190734863,4.900000095367432,4.429999828338623,4.650000095367432,4.650000095367432,77273
RUBX.CA,Industrials,2024-04-27 21:00:00,4.650000095367432,4.650000095367432,4.650000095367432,4.650000095367432,4.650000095367432,0
RUBX.CA,Industrials,2024-04-28 21:00:00,4.360000133514404,4.599999904632568,3.9700000286102295,4.420000076293945,4.420000076293945,398851
RUBX.CA,Industrials,2024-04-29 21:00:00,4.420000076293945,4.670000076293945,3.880000114440918,3.990000009536743,3.990000009536743,871475
RUBX.CA,Industrials,2024-05-01 21:00:00,4.260000228881836,4.639999866485596,4.25,4.5,4.5,289842
RUBX.CA,Industrials,2024-05-06 21:00:00,4.5,4.570000171661377,3.799999952316284,4.380000114440918,4.380000114440918,231908
RUBX.CA,Industrials,2024-05-07 21:00:00,4.380000114440918,4.539999961853027,4.25,4.300000190734863,4.300000190734863,89718
RUBX.CA,Industrials,2024-05-08 21:00:00,4.300000190734863,4.360000133514404,4.070000171661377,4.300000190734863,4.300000190734863,30331
RUBX.CA,Industrials,2024-05-11 21:00:00,4.300000190734863,4.300000190734863,4.0,4.099999904632568,4.099999904632568,220021
RUBX.CA,Industrials,2024-05-12 21:00:00,4.099999904632568,4.139999866485596,3.809999942779541,4.099999904632568,4.099999904632568,45309
RUBX.CA,Industrials,2024-05-13 21:00:00,4.099999904632568,4.300000190734863,4.019999980926514,4.230000019073486,4.230000019073486,106594
RUBX.CA,Industrials,2024-05-14 21:00:00,4.230000019073486,4.25,4.130000114440918,4.230000019073486,4.230000019073486,18942
RUBX.CA,Industrials,2024-05-15 21:00:00,4.230000019073486,4.360000133514404,4.179999828338623,4.260000228881836,4.260000228881836,87327
RUBX.CA,Industrials,2024-05-18 21:00:00,4.260000228881836,4.550000190734863,4.349999904632568,4.440000057220459,4.440000057220459,129002
RUBX.CA,Industrials,2024-05-19 21:00:00,4.460000038146973,4.519999980926514,4.28000020980835,4.480000019073486,4.480000019073486,157758
RUBX.CA,Industrials,2024-05-20 21:00:00,4.480000019073486,4.800000190734863,4.429999828338623,4.670000076293945,4.670000076293945,274125
RUBX.CA,Industrials,2024-05-21 21:00:00,4.670000076293945,4.710000038146973,4.460000038146973,4.53000020980835,4.53000020980835,160141
RUBX.CA,Industrials,2024-05-22 21:00:00,4.53000020980835,4.679999828338623,4.539999961853027,4.610000133514404,4.610000133514404,69946
RUBX.CA,Industrials,2024-05-25 21:00:00,4.610000133514404,4.610000133514404,4.610000133514404,4.610000133514404,4.610000133514404,0
RUBX.CA,Industrials,2024-05-26 21:00:00,4.610000133514404,4.659999847412109,4.400000095367432,4.610000133514404,4.610000133514404,35814
RUBX.CA,Industrials,2024-05-27 21:00:00,4.610000133514404,4.590000152587891,4.380000114440918,4.610000133514404,4.610000133514404,48463
RUBX.CA,Industrials,2024-05-28 21:00:00,4.610000133514404,4.590000152587891,4.320000171661377,4.610000133514404,4.610000133514404,48064
RUBX.CA,Industrials,2024-05-29 21:00:00,4.610000133514404,4.570000171661377,4.269999980926514,4.329999923706055,4.329999923706055,113893
RUBX.CA,Industrials,2024-06-01 21:00:00,4.329999923706055,4.480000019073486,4.179999828338623,4.269999980926514,4.269999980926514,81108
RUBX.CA,Industrials,2024-06-02 21:00:00,4.269999980926514,4.199999809265137,4.059999942779541,4.269999980926514,4.269999980926514,15839
RUBX.CA,Industrials,2024-06-03 21:00:00,4.269999980926514,4.170000076293945,4.0,4.039999961853027,4.039999961853027,118769
RUBX.CA,Industrials,2024-06-04 21:00:00,4.039999961853027,4.239999771118164,4.0,4.130000114440918,4.130000114440918,89194
RUBX.CA,Industrials,2024-06-05 21:00:00,4.130000114440918,4.150000095367432,4.0,4.130000114440918,4.130000114440918,18858
RUBX.CA,Industrials,2024-06-08 21:00:00,4.130000114440918,4.099999904632568,3.9000000953674316,4.130000114440918,4.130000114440918,29178
RUBX.CA,Industrials,2024-06-09 21:00:00,4.130000114440918,4.130000114440918,3.8299999237060547,4.130000114440918,4.130000114440918,18075
RUBX.CA,Industrials,2024-06-10 21:00:00,4.130000114440918,4.070000171661377,3.859999895095825,3.9100000858306885,3.9100000858306885,90870
RUBX.CA,Industrials,2024-06-11 21:00:00,3.9100000858306885,4.059999942779541,3.9100000858306885,3.9800000190734863,3.9800000190734863,126216
RUBX.CA,Industrials,2024-06-12 21:00:00,3.9800000190734863,4.190000057220459,3.9800000190734863,4.059999942779541,4.059999942779541,128391
RUBX.CA,Industrials,2024-06-22 21:00:00,4.059999942779541,4.300000190734863,4.070000171661377,4.21999979019165,4.21999979019165,95495
RUBX.CA,Industrials,2024-06-23 21:00:00,4.21999979019165,4.429999828338623,4.170000076293945,4.349999904632568,4.349999904632568,111498
RUBX.CA,Industrials,2024-06-24 21:00:00,4.349999904632568,4.679999828338623,4.360000133514404,4.610000133514404,4.610000133514404,217443
RUBX.CA,Industrials,2024-06-25 21:00:00,4.610000133514404,4.760000228881836,4.449999809265137,4.550000190734863,4.550000190734863,66229
RUBX.CA,Industrials,2024-06-26 21:00:00,4.550000190734863,4.539999961853027,4.03000020980835,4.289999961853027,4.289999961853027,136531
RUBX.CA,Industrials,2024-07-01 21:00:00,4.289999961853027,4.400000095367432,4.159999847412109,4.289999961853027,4.289999961853027,39155
RUBX.CA,Industrials,2024-07-02 21:00:00,4.289999961853027,4.539999961853027,4.300000190734863,4.380000114440918,4.380000114440918,176261
RUBX.CA,Industrials,2024-07-03 21:00:00,4.380000114440918,4.440000057220459,4.300000190734863,4.400000095367432,4.400000095367432,125034
RUBX.CA,Industrials,2024-07-06 21:00:00,4.400000095367432,4.550000190734863,4.329999923706055,4.489999771118164,4.489999771118164,103353
RUBX.CA,Industrials,2024-07-07 21:00:00,4.489999771118164,4.5,4.320000171661377,4.489999771118164,4.489999771118164,56355
RUBX.CA,Industrials,2024-07-08 21:00:00,4.489999771118164,4.570000171661377,4.360000133514404,4.53000020980835,4.53000020980835,136595
RUBX.CA,Industrials,2024-07-09 21:00:00,4.53000020980835,4.71999979019165,4.53000020980835,4.630000114440918,4.630000114440918,165363
RUBX.CA,Industrials,2024-07-13 21:00:00,4.630000114440918,4.789999961853027,4.650000095367432,4.739999771118164,4.739999771118164,116289
RUBX.CA,Industrials,2024-07-14 21:00:00,4.739999771118164,5.0,4.619999885559082,4.78000020980835,4.78000020980835,174245
RUBX.CA,Industrials,2024-07-15 21:00:00,4.78000020980835,4.96999979019165,4.670000076293945,4.789999961853027,4.789999961853027,76606
RUBX.CA,Industrials,2024-07-16 21:00:00,4.789999961853027,4.960000038146973,4.670000076293945,4.78000020980835,4.78000020980835,75420
RUBX.CA,Industrials,2024-07-17 21:00:00,4.78000020980835,5.199999809265137,4.739999771118164,5.099999904632568,5.099999904632568,177391
RUBX.CA,Industrials,2024-07-20 21:00:00,5.099999904632568,5.21999979019165,5.019999980926514,5.099999904632568,5.099999904632568,46674
RUBX.CA,Industrials,2024-07-21 21:00:00,5.099999904632568,5.289999961853027,5.099999904632568,5.130000114440918,5.130000114440918,121975
RUBX.CA,Industrials,2024-07-22 21:00:00,5.130000114440918,5.400000095367432,5.050000190734863,5.309999942779541,5.309999942779541,178336
RUBX.CA,Industrials,2024-07-23 21:00:00,5.309999942779541,5.389999866485596,5.130000114440918,5.230000019073486,5.230000019073486,86961
RUBX.CA,Industrials,2024-07-27 21:00:00,5.230000019073486,5.5,5.099999904632568,5.440000057220459,5.440000057220459,291685
RUBX.CA,Industrials,2024-07-28 21:00:00,5.440000057220459,5.940000057220459,5.210000038146973,5.690000057220459,5.690000057220459,333581
RUBX.CA,Industrials,2024-07-29 21:00:00,5.690000057220459,5.900000095367432,5.510000228881836,5.769999980926514,5.769999980926514,336278
RUBX.CA,Industrials,2024-07-30 21:00:00,5.769999980926514,6.920000076293945,5.760000228881836,6.71999979019165,6.71999979019165,1050103
RUBX.CA,Industrials,2024-07-31 21:00:00,6.71999979019165,6.989999771118164,6.420000076293945,6.809999942779541,6.809999942779541,448297
RUBX.CA,Industrials,2024-08-03 21:00:00,6.809999942779541,7.159999847412109,6.340000152587891,7.099999904632568,7.099999904632568,624004
RUBX.CA,Industrials,2024-08-04 21:00:00,7.099999904632568,7.0,6.199999809265137,6.360000133514404,6.360000133514404,493000
RUBX.CA,Industrials,2024-08-05 21:00:00,6.360000133514404,7.059999942779541,6.349999904632568,6.840000152587891,6.840000152587891,582830
RUBX.CA,Industrials,2024-08-06 21:00:00,6.840000152587891,7.130000114440918,6.849999904632568,6.909999847412109,6.909999847412109,398562
RUBX.CA,Industrials,2024-08-07 21:00:00,6.909999847412109,6.989999771118164,6.590000152587891,6.659999847412109,6.659999847412109,211090
RUBX.CA,Industrials,2024-08-10 21:00:00,6.659999847412109,7.059999942779541,6.53000020980835,6.670000076293945,6.670000076293945,67648
RUBX.CA,Industrials,2024-08-11 21:00:00,6.670000076293945,6.789999961853027,5.809999942779541,6.619999885559082,6.619999885559082,484064
RUBX.CA,Industrials,2024-08-12 21:00:00,6.619999885559082,6.710000038146973,6.300000190734863,6.389999866485596,6.389999866485596,67209
RUBX.CA,Industrials,2024-08-13 21:00:00,6.389999866485596,7.0,6.389999866485596,6.619999885559082,6.619999885559082,349014
RUBX.CA,Industrials,2024-08-14 21:00:00,6.619999885559082,6.820000171661377,6.539999961853027,6.610000133514404,6.610000133514404,49278
RUBX.CA,Industrials,2024-08-17 21:00:00,6.610000133514404,6.889999866485596,6.480000019073486,6.710000038146973,6.710000038146973,80604
RUBX.CA,Industrials,2024-08-18 21:00:00,6.710000038146973,7.489999771118164,6.670000076293945,7.400000095367432,7.400000095367432,605403
RUBX.CA,Industrials,2024-08-19 21:00:00,7.400000095367432,8.539999961853027,7.260000228881836,7.920000076293945,7.920000076293945,1110242
RUBX.CA,Industrials,2024-08-20 21:00:00,7.920000076293945,8.25,7.570000171661377,7.96999979019165,7.96999979019165,844076
RUBX.CA,Industrials,2024-08-21 21:00:00,7.96999979019165,8.170000076293945,7.670000076293945,7.809999942779541,7.809999942779541,332591
RUBX.CA,Industrials,2024-08-24 21:00:00,7.809999942779541,8.300000190734863,7.699999809265137,8.109999656677246,8.109999656677246,251237
RUBX.CA,Industrials,2024-08-25 21:00:00,8.109999656677246,8.489999771118164,8.010000228881836,8.079999923706055,8.079999923706055,474047
RUBX.CA,Industrials,2024-08-26 21:00:00,8.079999923706055,8.720000267028809,7.96999979019165,8.489999771118164,8.489999771118164,573579
RUBX.CA,Industrials,2024-08-27 21:00:00,8.489999771118164,9.0,8.420000076293945,8.670000076293945,8.670000076293945,275862
RUBX.CA,Industrials,2024-08-28 21:00:00,8.670000076293945,8.850000381469727,8.449999809265137,8.489999771118164,8.489999771118164,128376
RUBX.CA,Industrials,2024-08-31 21:00:00,8.489999771118164,8.890000343322754,8.319999694824219,8.390000343322754,8.390000343322754,362691
RUBX.CA,Industrials,2024-09-01 21:00:00,8.390000343322754,8.649999618530273,8.149999618530273,8.270000457763672,8.270000457763672,164887
RUBX.CA,Industrials,2024-09-02 21:00:00,8.270000457763672,8.569999694824219,8.170000076293945,8.289999961853027,8.289999961853027,155454
RUBX.CA,Industrials,2024-09-03 21:00:00,8.289999961853027,8.380000114440918,7.949999809265137,8.100000381469727,8.100000381469727,76979
RUBX.CA,Industrials,2024-09-04 21:00:00,8.100000381469727,8.350000381469727,7.829999923706055,8.100000381469727,8.100000381469727,209089
RUBX.CA,Industrials,2024-09-07 21:00:00,8.100000381469727,8.239999771118164,7.900000095367432,8.149999618530273,8.149999618530273,108063
RUBX.CA,Industrials,2024-09-08 21:00:00,8.149999618530273,8.149999618530273,7.889999866485596,7.96999979019165,7.96999979019165,95007
RUBX.CA,Industrials,2024-09-09 21:00:00,7.96999979019165,8.5,7.210000038146973,7.96999979019165,7.96999979019165,578574
RUBX.CA,Industrials,2024-09-10 21:00:00,7.96999979019165,8.149999618530273,7.679999828338623,7.829999923706055,7.829999923706055,154228
RUBX.CA,Industrials,2024-09-11 21:00:00,7.829999923706055,7.929999828338623,7.519999980926514,7.639999866485596,7.639999866485596,84906
RUBX.CA,Industrials,2024-09-15 21:00:00,7.639999866485596,7.940000057220459,7.110000133514404,7.150000095367432,7.150000095367432,180828
RUBX.CA,Industrials,2024-09-16 21:00:00,7.150000095367432,7.360000133514404,6.900000095367432,6.989999771118164,6.989999771118164,304442
RUBX.CA,Industrials,2024-09-17 21:00:00,6.989999771118164,7.21999979019165,6.989999771118164,7.0,7.0,162678
RUBX.CA,Industrials,2024-09-18 21:00:00,7.0,7.340000152587891,6.909999847412109,6.980000019073486,6.980000019073486,572227
RUBX.CA,Industrials,2024-09-21 21:00:00,6.980000019073486,7.150000095367432,6.949999809265137,7.0,7.0,220708
RUBX.CA,Industrials,2024-09-22 21:00:00,7.0,7.110000133514404,6.909999847412109,6.980000019073486,6.980000019073486,179715
RUBX.CA,Industrials,2024-09-23 21:00:00,7.039999961853027,7.369999885559082,6.949999809265137,7.070000171661377,7.070000171661377,446077
RUBX.CA,Industrials,2024-09-24 21:00:00,6.920000076293945,7.150000095367432,6.869999885559082,7.039999961853027,7.039999961853027,116536
RUBX.CA,Industrials,2024-09-25 21:00:00,7.039999961853027,7.369999885559082,6.949999809265137,7.070000171661377,7.070000171661377,446077
RUBX.CA,Industrials,2024-09-28 21:00:00,7.070000171661377,7.5,7.039999961853027,7.260000228881836,7.260000228881836,559871
RUBX.CA,Industrials,2024-09-29 21:00:00,7.260000228881836,7.429999828338623,7.25,7.28000020980835,7.28000020980835,220629
RUBX.CA,Industrials,2024-09-30 21:00:00,7.28000020980835,7.400000095367432,7.210000038146973,7.239999771118164,7.239999771118164,114280
RUBX.CA,Industrials,2024-10-01 21:00:00,7.239999771118164,7.360000133514404,7.079999923706055,7.139999866485596,7.139999866485596,107669
RUBX.CA,Industrials,2024-10-02 21:00:00,7.139999866485596,7.269999980926514,7.110000133514404,7.230000019073486,7.230000019073486,98478
RUBX.CA,Industrials,2024-10-06 21:00:00,7.230000019073486,7.800000190734863,7.0,7.670000076293945,7.670000076293945,279182
RUBX.CA,Industrials,2024-10-07 21:00:00,7.670000076293945,7.75,7.059999942779541,7.230000019073486,7.230000019073486,149580
RUBX.CA,Industrials,2024-10-08 21:00:00,7.230000019073486,7.75,6.920000076293945,7.550000190734863,7.550000190734863,226728
RUBX.CA,Industrials,2024-10-09 21:00:00,7.550000190734863,8.25,7.329999923706055,7.460000038146973,7.460000038146973,456507
RUBX.CA,Industrials,2024-10-12 21:00:00,7.460000038146973,7.599999904632568,7.199999809265137,7.309999942779541,7.309999942779541,99715
RUBX.CA,Industrials,2024-10-13 21:00:00,7.309999942779541,7.480000019073486,7.099999904632568,7.260000228881836,7.260000228881836,150071
RUBX.CA,Industrials,2024-10-14 21:00:00,7.260000228881836,7.429999828338623,7.079999923706055,7.110000133514404,7.110000133514404,200107
RUBX.CA,Industrials,2024-10-15 21:00:00,7.110000133514404,7.239999771118164,7.070000171661377,7.130000114440918,7.130000114440918,80919
RUBX.CA,Industrials,2024-10-16 21:00:00,7.130000114440918,7.21999979019165,6.989999771118164,7.03000020980835,7.03000020980835,102599
RUBX.CA,Industrials,2024-10-19 21:00:00,7.03000020980835,7.050000190734863,6.519999980926514,6.630000114440918,6.630000114440918,306662
RUBX.CA,Industrials,2024-10-20 21:00:00,6.630000114440918,6.800000190734863,6.420000076293945,6.75,6.75,189785
RUBX.CA,Industrials,2024-10-21 21:00:00,6.75,7.119999885559082,6.800000190734863,7.070000171661377,7.070000171661377,130010
RUBX.CA,Industrials,2024-10-22 21:00:00,7.070000171661377,7.300000190734863,6.900000095367432,7.21999979019165,7.21999979019165,207278
RUBX.CA,Industrials,2024-10-23 21:00:00,7.21999979019165,7.21999979019165,6.940000057220459,7.010000228881836,7.010000228881836,161160
RUBX.CA,Industrials,2024-10-26 21:00:00,7.010000228881836,7.190000057220459,6.860000133514404,6.929999828338623,6.929999828338623,216169
RUBX.CA,Industrials,2024-10-27 21:00:00,6.929999828338623,7.099999904632568,6.75,6.800000190734863,6.800000190734863,75540
RUBX.CA,Industrials,2024-10-28 21:00:00,6.800000190734863,7.0,6.71999979019165,6.78000020980835,6.78000020980835,91827
RUBX.CA,Industrials,2024-10-29 21:00:00,6.78000020980835,6.900000095367432,6.550000190734863,6.590000152587891,6.590000152587891,132558
RUBX.CA,Industrials,2024-10-30 21:00:00,6.590000152587891,6.730000019073486,6.550000190734863,6.630000114440918,6.630000114440918,130400
RUBX.CA,Industrials,2024-11-02 22:00:00,6.630000114440918,6.929999828338623,6.650000095367432,6.789999961853027,6.789999961853027,47377
RUBX.CA,Industrials,2024-11-03 22:00:00,6.789999961853027,6.989999771118164,6.570000171661377,6.690000057220459,6.690000057220459,144840
RUBX.CA,Industrials,2024-11-04 22:00:00,6.690000057220459,6.880000114440918,6.690000057220459,6.690000057220459,6.690000057220459,28217
RUBX.CA,Industrials,2024-11-05 22:00:00,6.690000057220459,6.880000114440918,6.75,6.820000171661377,6.820000171661377,72576
RUBX.CA,Industrials,2024-11-06 22:00:00,6.820000171661377,7.099999904632568,6.849999904632568,7.010000228881836,7.010000228881836,214039
RUBX.CA,Industrials,2024-11-09 22:00:00,7.010000228881836,7.139999866485596,6.949999809265137,7.010000228881836,7.010000228881836,24221
RUBX.CA,Industrials,2024-11-10 22:00:00,7.010000228881836,6.96999979019165,6.699999809265137,6.769999980926514,6.769999980926514,102162
RUBX.CA,Industrials,2024-11-11 22:00:00,6.769999980926514,6.940000057220459,6.619999885559082,6.730000019073486,6.730000019073486,92930
RUBX.CA,Industrials,2024-11-12 22:00:00,6.730000019073486,6.880000114440918,6.619999885559082,6.639999866485596,6.639999866485596,88654
RUBX.CA,Industrials,2024-11-13 22:00:00,6.639999866485596,6.849999904632568,6.650000095367432,6.710000038146973,6.710000038146973,92549
RUBX.CA,Industrials,2024-11-16 22:00:00,6.710000038146973,7.349999904632568,6.619999885559082,7.260000228881836,7.260000228881836,507248
RUBX.CA,Industrials,2024-11-17 22:00:00,7.260000228881836,7.349999904632568,6.980000019073486,7.019999980926514,7.019999980926514,200452
RUBX.CA,Industrials,2024-11-18 22:00:00,7.019999980926514,7.25,6.920000076293945,7.010000228881836,7.010000228881836,121693
RUBX.CA,Industrials,2024-11-19 22:00:00,7.010000228881836,7.010000228881836,6.730000019073486,6.909999847412109,6.909999847412109,82178
RUBX.CA,Industrials,2024-11-20 22:00:00,6.909999847412109,7.0,6.599999904632568,6.690000057220459,6.690000057220459,271647
RUBX.CA,Industrials,2024-11-23 22:00:00,6.690000057220459,6.900000095367432,6.659999847412109,6.71999979019165,6.71999979019165,99132
RUBX.CA,Industrials,2024-11-24 22:00:00,6.71999979019165,6.800000190734863,6.599999904632568,6.659999847412109,6.659999847412109,66194
RUBX.CA,Industrials,2024-11-25 22:00:00,6.659999847412109,6.989999771118164,6.650000095367432,6.760000228881836,6.760000228881836,84477
RUBX.CA,Industrials,2024-11-26 22:00:00,6.760000228881836,6.889999866485596,6.5,6.590000152587891,6.590000152587891,78743
RUBX.CA,Industrials,2024-11-27 22:00:00,6.590000152587891,6.71999979019165,6.429999828338623,6.53000020980835,6.53000020980835,46002
RUBX.CA,Industrials,2024-11-30 22:00:00,6.53000020980835,6.650000095367432,6.489999771118164,6.539999961853027,6.539999961853027,73240
RUBX.CA,Industrials,2024-12-01 22:00:00,6.539999961853027,6.630000114440918,6.489999771118164,6.510000228881836,6.510000228881836,92484
RUBX.CA,Industrials,2024-12-02 22:00:00,6.510000228881836,6.610000133514404,6.309999942779541,6.380000114440918,6.380000114440918,189200
RUBX.CA,Industrials,2024-12-03 22:00:00,6.380000114440918,6.829999923706055,6.400000095367432,6.670000076293945,6.670000076293945,99354
RUBX.CA,Industrials,2024-12-04 22:00:00,6.670000076293945,7.139999866485596,6.639999866485596,7.110000133514404,7.110000133514404,371068
RUBX.CA,Industrials,2024-12-07 22:00:00,7.110000133514404,7.300000190734863,6.820000171661377,7.269999980926514,7.269999980926514,366615
RUBX.CA,Industrials,2024-12-08 22:00:00,7.269999980926514,7.579999923706055,7.099999904632568,7.449999809265137,7.449999809265137,299144
RUBX.CA,Industrials,2024-12-09 22:00:00,7.449999809265137,7.739999771118164,7.25,7.670000076293945,7.670000076293945,358221
RUBX.CA,Industrials,2024-12-10 22:00:00,7.670000076293945,7.789999961853027,7.5,7.590000152587891,7.590000152587891,321829
RUBX.CA,Industrials,2024-12-11 22:00:00,7.590000152587891,8.0,7.519999980926514,7.869999885559082,7.869999885559082,292254
RUBX.CA,Industrials,2024-12-14 22:00:00,7.869999885559082,7.989999771118164,7.349999904632568,7.53000020980835,7.53000020980835,136779
RUBX.CA,Industrials,2024-12-15 22:00:00,7.53000020980835,7.800000190734863,7.420000076293945,7.570000171661377,7.570000171661377,199553
RUBX.CA,Industrials,2024-12-16 22:00:00,7.570000171661377,7.710000038146973,7.420000076293945,7.639999866485596,7.639999866485596,166042
RUBX.CA,Industrials,2024-12-17 22:00:00,7.639999866485596,7.619999885559082,7.349999904632568,7.480000019073486,7.480000019073486,98919
RUBX.CA,Industrials,2024-12-18 22:00:00,7.480000019073486,8.289999961853027,7.369999885559082,8.239999771118164,8.239999771118164,934048
RUBX.CA,Industrials,2024-12-21 22:00:00,8.239999771118164,9.079999923706055,8.380000114440918,8.920000076293945,8.920000076293945,1081082
RUBX.CA,Industrials,2024-12-22 22:00:00,8.920000076293945,10.699999809265137,8.119999885559082,10.239999771118164,10.239999771118164,4032032
RUBX.CA,Industrials,2024-12-23 22:00:00,10.239999771118164,11.449999809265137,10.0600004196167,10.15999984741211,10.15999984741211,3753466
RUBX.CA,Industrials,2024-12-24 22:00:00,10.15999984741211,10.5,9.399999618530273,9.40999984741211,9.40999984741211,1793086
RUBX.CA,Industrials,2024-12-25 22:00:00,9.40999984741211,10.5,9.5600004196167,9.670000076293945,9.670000076293945,2336383
RUBX.CA,Industrials,2024-12-28 22:00:00,9.670000076293945,10.170000076293945,9.25,9.369999885559082,9.369999885559082,783519
RUBX.CA,Industrials,2024-12-29 22:00:00,9.369999885559082,9.479999542236328,8.729999542236328,8.800000190734863,8.800000190734863,1203819
RUBX.CA,Industrials,2024-12-30 22:00:00,8.800000190734863,9.170000076293945,8.65999984741211,8.779999732971191,8.779999732971191,629699
RUBX.CA,Industrials,2025-01-01 22:00:00,8.779999732971191,9.239999771118164,8.699999809265137,8.800000190734863,8.800000190734863,614864
RUBX.CA,Industrials,2025-01-04 22:00:00,8.800000190734863,9.600000381469727,8.829999923706055,9.489999771118164,9.489999771118164,1119149
RUBX.CA,Industrials,2025-01-05 22:00:00,9.489999771118164,9.869999885559082,9.229999542236328,9.430000305175781,9.430000305175781,685198
RUBX.CA,Industrials,2025-01-07 22:00:00,9.430000305175781,9.5600004196167,9.130000114440918,9.199999809265137,9.199999809265137,264072
RUBX.CA,Industrials,2025-01-08 22:00:00,9.199999809265137,9.380000114440918,8.899999618530273,9.09000015258789,9.09000015258789,356398
RUBX.CA,Industrials,2025-01-11 22:00:00,9.09000015258789,10.399999618530273,8.90999984741211,9.979999542236328,9.979999542236328,1179051
RUBX.CA,Industrials,2025-01-12 22:00:00,9.979999542236328,10.5,9.550000190734863,9.649999618530273,9.649999618530273,732966
RUBX.CA,Industrials,2025-01-13 22:00:00,9.649999618530273,11.239999771118164,9.5,11.069999694824219,11.069999694824219,1489512
RUBX.CA,Industrials,2025-01-14 22:00:00,11.069999694824219,12.510000228881836,11.25,12.479999542236328,12.479999542236328,1657014
RUBX.CA,Industrials,2025-01-15 22:00:00,12.479999542236328,13.140000343322754,12.149999618530273,12.149999618530273,12.149999618530273,1469252
RUBX.CA,Industrials,2025-01-18 22:00:00,12.479999542236328,13.479999542236328,12.149999618530273,13.380000114440918,13.380000114440918,2598079
RUBX.CA,Industrials,2025-01-19 22:00:00,12.989999771118164,13.1899995803833,11.0600004196167,12.949999809265137,12.949999809265137,1118469
RUBX.CA,Industrials,2025-01-20 22:00:00,12.949999809265137,12.989999771118164,12.199999809265137,12.489999771118164,12.489999771118164,445134
RUBX.CA,Industrials,2025-01-21 22:00:00,12.489999771118164,12.5,11.649999618530273,11.670000076293945,11.670000076293945,683632
RUBX.CA,Industrials,2025-01-22 22:00:00,11.670000076293945,12.390000343322754,11.6899995803833,12.1899995803833,12.1899995803833,836246
RUBX.CA,Industrials,2025-01-25 22:00:00,12.1899995803833,12.5,12.119999885559082,12.279999732971191,12.279999732971191,363701
RUBX.CA,Industrials,2025-01-26 22:00:00,12.279999732971191,12.399999618530273,12.109999656677246,12.369999885559082,12.369999885559082,272655
RUBX.CA,Industrials,2025-01-27 22:00:00,12.369999885559082,12.890000343322754,12.039999961853027,12.369999885559082,12.369999885559082,255273
RUBX.CA,Industrials,2025-01-28 22:00:00,12.369999885559082,12.5,11.729999542236328,11.960000038146973,11.960000038146973,205295
RUBX.CA,Industrials,2025-01-29 22:00:00,11.960000038146973,12.199999809265137,11.6899995803833,11.779999732971191,11.779999732971191,97691
RUBX.CA,Industrials,2025-02-01 22:00:00,11.779999732971191,11.970000267028809,10.829999923706055,11.0600004196167,11.0600004196167,168448
RUBX.CA,Industrials,2025-02-02 22:00:00,11.0600004196167,11.550000190734863,10.859999656677246,11.420000076293945,11.420000076293945,371264
RUBX.CA,Industrials,2025-02-03 22:00:00,11.420000076293945,11.949999809265137,11.119999885559082,11.90999984741211,11.90999984741211,274588
RUBX.CA,Industrials,2025-02-04 22:00:00,11.90999984741211,12.1899995803833,11.399999618530273,11.65999984741211,11.65999984741211,305705
RUBX.CA,Industrials,2025-02-05 22:00:00,11.65999984741211,11.699999809265137,11.210000038146973,11.239999771118164,11.239999771118164,110160
RUBX.CA,Industrials,2025-02-08 22:00:00,11.239999771118164,11.699999809265137,11.149999618530273,11.470000267028809,11.470000267028809,134834
RUBX.CA,Industrials,2025-02-09 22:00:00,11.470000267028809,11.699999809265137,11.229999542236328,11.4399995803833,11.4399995803833,100838
RUBX.CA,Industrials,2025-02-10 22:00:00,11.4399995803833,12.0,11.5,11.579999923706055,11.579999923706055,336084
RUBX.CA,Industrials,2025-02-11 22:00:00,11.579999923706055,12.25,11.369999885559082,11.720000267028809,11.720000267028809,428655
RUBX.CA,Industrials,2025-02-12 22:00:00,11.720000267028809,12.15999984741211,11.100000381469727,11.680000305175781,11.680000305175781,318935
RUBX.CA,Industrials,2025-02-15 22:00:00,11.680000305175781,12.069999694824219,11.319999694824219,11.630000114440918,11.630000114440918,272354
RUBX.CA,Industrials,2025-02-16 22:00:00,11.630000114440918,11.800000190734863,11.239999771118164,11.25,11.25,181252
RUBX.CA,Industrials,2025-02-17 22:00:00,11.25,11.869999885559082,11.300000190734863,11.380000114440918,11.380000114440918,162359
RUBX.CA,Industrials,2025-02-18 22:00:00,11.380000114440918,11.5,11.239999771118164,11.34000015258789,11.34000015258789,89911
RUBX.CA,Industrials,2025-02-19 22:00:00,11.34000015258789,11.739999771118164,11.199999809265137,11.25,11.25,321547
RUBX.CA,Industrials,2025-02-22 22:00:00,11.25,11.579999923706055,11.199999809265137,11.5,11.5,74070
RUBX.CA,Industrials,2025-02-23 22:00:00,11.5,11.550000190734863,11.100000381469727,11.119999885559082,11.119999885559082,198565
RUBX.CA,Industrials,2025-02-24 22:00:00,11.119999885559082,11.300000190734863,11.010000228881836,11.079999923706055,11.079999923706055,147657
RUBX.CA,Industrials,2025-02-25 22:00:00,11.079999923706055,11.25,11.039999961853027,11.170000076293945,11.170000076293945,91430
RUBX.CA,Industrials,2025-02-26 22:00:00,11.170000076293945,11.40999984741211,11.039999961853027,11.229999542236328,11.229999542236328,236709
RUBX.CA,Industrials,2025-03-01 22:00:00,11.229999542236328,11.25,10.899999618530273,10.970000267028809,10.970000267028809,58709
RUBX.CA,Industrials,2025-03-02 22:00:00,10.970000267028809,11.100000381469727,10.699999809265137,10.84000015258789,10.84000015258789,51507
RUBX.CA,Industrials,2025-03-03 22:00:00,10.84000015258789,11.0,10.449999809265137,10.5600004196167,10.5600004196167,108337
RUBX.CA,Industrials,2025-03-04 22:00:00,10.5600004196167,11.460000038146973,10.5600004196167,10.739999771118164,10.739999771118164,138997
RUBX.CA,Industrials,2025-03-05 22:00:00,10.739999771118164,11.09000015258789,10.520000457763672,10.609999656677246,10.609999656677246,88989
RUBX.CA,Industrials,2025-03-08 22:00:00,10.609999656677246,10.600000381469727,10.170000076293945,10.350000381469727,10.350000381469727,116923
RUBX.CA,Industrials,2025-03-09 22:00:00,10.350000381469727,10.59000015258789,10.25,10.420000076293945,10.420000076293945,79428
RUBX.CA,Industrials,2025-03-10 22:00:00,10.420000076293945,10.579999923706055,10.050000190734863,10.109999656677246,10.109999656677246,155684
RUBX.CA,Industrials,2025-03-11 22:00:00,10.109999656677246,10.25,10.0,10.100000381469727,10.100000381469727,105969
RUBX.CA,Industrials,2025-03-12 22:00:00,10.100000381469727,10.289999961853027,9.960000038146973,10.020000457763672,10.020000457763672,102444
RUBX.CA,Industrials,2025-03-15 22:00:00,10.020000457763672,10.199999809265137,9.300000190734863,9.489999771118164,9.489999771118164,416545
RUBX.CA,Industrials,2025-03-16 22:00:00,9.489999771118164,9.890000343322754,9.5,9.670000076293945,9.670000076293945,91093
RUBX.CA,Industrials,2025-03-17 22:00:00,9.670000076293945,9.890000343322754,9.399999618530273,9.640000343322754,9.640000343322754,118552
RUBX.CA,Industrials,2025-03-18 22:00:00,9.640000343322754,9.649999618530273,9.329999923706055,9.420000076293945,9.420000076293945,106134
RUBX.CA,Industrials,2025-03-19 22:00:00,9.420000076293945,9.739999771118164,9.380000114440918,9.600000381469727,9.600000381469727,46771
RUBX.CA,Industrials,2025-03-22 22:00:00,9.600000381469727,9.600000381469727,9.359999656677246,9.40999984741211,9.40999984741211,45108
RUBX.CA,Industrials,2025-03-23 22:00:00,9.40999984741211,9.449999809265137,9.0,9.140000343322754,9.140000343322754,97442
RUBX.CA,Industrials,2025-03-24 22:00:00,9.140000343322754,10.640000343322754,9.09000015258789,10.15999984741211,10.15999984741211,506307
RUBX.CA,Industrials,2025-03-25 22:00:00,10.15999984741211,10.390000343322754,9.989999771118164,10.25,10.25,152239
RUBX.CA,Industrials,2025-03-26 22:00:00,10.25,10.380000114440918,10.0,10.119999885559082,10.119999885559082,112354
RUBX.CA,Industrials,2025-04-02 22:00:00,10.119999885559082,10.270000457763672,9.949999809265137,10.109999656677246,10.109999656677246,68331
RUBX.CA,Industrials,2025-04-05 22:00:00,10.109999656677246,10.029999732971191,9.0600004196167,9.520000457763672,9.520000457763672,191491
RUBX.CA,Industrials,2025-04-06 22:00:00,9.520000457763672,9.899999618530273,9.420000076293945,9.600000381469727,9.600000381469727,34776
RUBX.CA,Industrials,2025-04-07 22:00:00,9.600000381469727,9.800000190734863,9.399999618530273,9.550000190734863,9.550000190734863,63189
RUBX.CA,Industrials,2025-04-08 22:00:00,9.550000190734863,9.600000381469727,9.0,9.079999923706055,9.079999923706055,65472
RUBX.CA,Industrials,2025-04-09 22:00:00,9.079999923706055,9.649999618530273,9.300000190734863,9.529999732971191,9.529999732971191,154108
RUBX.CA,Industrials,2025-04-12 22:00:00,9.529999732971191,9.600000381469727,9.350000381469727,9.399999618530273,9.399999618530273,87665
RUBX.CA,Industrials,2025-04-13 22:00:00,9.399999618530273,9.529999732971191,9.270000457763672,9.329999923706055,9.329999923706055,154582
RUBX.CA,Industrials,2025-04-14 22:00:00,9.329999923706055,9.430000305175781,9.229999542236328,9.3100004196167,9.3100004196167,66249
RUBX.CA,Industrials,2025-04-15 22:00:00,9.3100004196167,10.899999618530273,9.399999618530273,10.25,10.25,1247653
RUBX.CA,Industrials,2025-04-16 22:00:00,10.25,10.65999984741211,10.149999618530273,10.229999542236328,10.229999542236328,405613
RUBX.CA,Industrials,2025-04-21 22:00:00,10.229999542236328,11.0,10.0,10.579999923706055,10.579999923706055,2908737
RUBX.CA,Industrials,2025-04-22 22:00:00,10.579999923706055,10.739999771118164,10.350000381469727,10.399999618530273,10.399999618530273,318801
RUBX.CA,Industrials,2025-04-26 21:00:00,10.399999618530273,10.699999809265137,10.350000381469727,10.40999984741211,10.40999984741211,229280
RUBX.CA,Industrials,2025-04-27 21:00:00,10.40999984741211,10.579999923706055,10.220000267028809,10.279999732971191,10.279999732971191,108610
RUBX.CA,Industrials,2025-04-28 21:00:00,10.279999732971191,10.350000381469727,10.050000190734863,10.140000343322754,10.140000343322754,141937
RUBX.CA,Industrials,2025-04-29 21:00:00,10.140000343322754,10.229999542236328,10.029999732971191,10.100000381469727,10.100000381469727,76292
RUBX.CA,Industrials,2025-05-03 21:00:00,10.100000381469727,10.199999809265137,9.920000076293945,9.989999771118164,9.989999771118164,221875
RUBX.CA,Industrials,2025-05-04 21:00:00,9.989999771118164,10.149999618530273,9.800000190734863,9.9399995803833,9.9399995803833,162649
RUBX.CA,Industrials,2025-05-05 21:00:00,9.9399995803833,10.399999618530273,9.890000343322754,10.210000038146973,10.210000038146973,296022
RUBX.CA,Industrials,2025-05-06 21:00:00,10.210000038146973,10.460000038146973,9.90999984741211,9.979999542236328,9.979999542236328,237967
RUBX.CA,Industrials,2025-05-07 21:00:00,9.979999542236328,10.4399995803833,10.0,10.369999885559082,10.369999885559082,451364
RUBX.CA,Industrials,2025-05-10 21:00:00,10.369999885559082,11.199999809265137,10.449999809265137,10.90999984741211,10.90999984741211,1123145
RUBX.CA,Industrials,2025-05-11 21:00:00,10.90999984741211,10.970000267028809,10.4399995803833,10.449999809265137,10.449999809265137,361426
RUBX.CA,Industrials,2025-05-12 21:00:00,10.449999809265137,10.9399995803833,10.199999809265137,10.220000267028809,10.220000267028809,366273
RUBX.CA,Industrials,2025-05-13 21:00:00,10.220000267028809,10.399999618530273,10.0,10.239999771118164,10.239999771118164,198977
RUBX.CA,Industrials,2025-05-14 21:00:00,10.239999771118164,10.289999961853027,10.010000228881836,10.039999961853027,10.039999961853027,134345
RUBX.CA,Industrials,2025-05-17 21:00:00,10.039999961853027,10.199999809265137,10.020000457763672,10.079999923706055,10.079999923706055,100367
RUBX.CA,Industrials,2025-05-18 21:00:00,10.079999923706055,10.170000076293945,9.930000305175781,10.0,10.0,145249
RUBX.CA,Industrials,2025-05-19 21:00:00,10.0,10.100000381469727,9.800000190734863,9.979999542236328,9.979999542236328,149470
RUBX.CA,Industrials,2025-05-20 21:00:00,9.979999542236328,10.09000015258789,9.890000343322754,9.899999618530273,9.899999618530273,112008
RUBX.CA,Industrials,2025-05-21 21:00:00,9.899999618530273,10.319999694824219,9.699999809265137,9.739999771118164,9.739999771118164,539715
RUBX.CA,Industrials,2025-05-24 21:00:00,9.739999771118164,9.949999809265137,9.739999771118164,9.819999694824219,9.819999694824219,248304
RUBX.CA,Industrials,2025-05-25 21:00:00,9.819999694824219,10.149999618530273,9.829999923706055,9.979999542236328,9.979999542236328,186652
RUBX.CA,Industrials,2025-05-26 21:00:00,9.979999542236328,10.119999885559082,9.84000015258789,9.850000381469727,9.850000381469727,268806
RUBX.CA,Industrials,2025-05-27 21:00:00,9.850000381469727,9.899999618530273,9.300000190734863,9.569999694824219,9.569999694824219,241327
RUBX.CA,Industrials,2025-05-28 21:00:00,9.569999694824219,9.630000114440918,9.140000343322754,9.210000038146973,9.210000038146973,347011
RUBX.CA,Industrials,2025-05-31 21:00:00,9.210000038146973,9.430000305175781,9.149999618530273,9.1899995803833,9.1899995803833,138976
RUBX.CA,Industrials,2025-06-01 21:00:00,9.1899995803833,9.300000190734863,9.029999732971191,9.079999923706055,9.079999923706055,88089
RUBX.CA,Industrials,2025-06-02 21:00:00,9.079999923706055,9.5,9.100000381469727,9.229999542236328,9.229999542236328,295313
RUBX.CA,Industrials,2025-06-03 21:00:00,9.229999542236328,9.390000343322754,9.210000038146973,9.239999771118164,9.239999771118164,61229
RUBX.CA,Industrials,2025-06-09 21:00:00,9.239999771118164,9.350000381469727,9.210000038146973,9.279999732971191,9.279999732971191,62272
RUBX.CA,Industrials,2025-06-10 21:00:00,9.279999732971191,9.600000381469727,9.390000343322754,9.520000457763672,9.520000457763672,218570
RUBX.CA,Industrials,2025-06-11 21:00:00,9.520000457763672,9.520000457763672,9.25,9.300000190734863,9.300000190734863,139264
RUBX.CA,Industrials,2025-06-14 21:00:00,9.300000190734863,9.100000381469727,8.5,8.739999771118164,8.739999771118164,76441
RUBX.CA,Industrials,2025-06-15 21:00:00,8.739999771118164,9.029999732971191,8.680000305175781,8.800000190734863,8.800000190734863,48312
RUBX.CA,Industrials,2025-06-16 21:00:00,8.800000190734863,8.869999885559082,8.399999618530273,8.489999771118164,8.489999771118164,111110
RUBX.CA,Industrials,2025-06-17 21:00:00,8.489999771118164,8.930000305175781,8.279999732971191,8.569999694824219,8.569999694824219,93301
RUBX.CA,Industrials,2025-06-18 21:00:00,8.569999694824219,8.739999771118164,8.199999809265137,8.34000015258789,8.34000015258789,75310
RUBX.CA,Industrials,2025-06-21 21:00:00,8.34000015258789,8.5,8.069999694824219,8.350000381469727,8.350000381469727,56679
RUBX.CA,Industrials,2025-06-22 21:00:00,8.350000381469727,8.710000038146973,8.3100004196167,8.550000190734863,8.550000190734863,93800
RUBX.CA,Industrials,2025-06-23 21:00:00,8.550000190734863,8.949999809265137,8.699999809265137,8.720000267028809,8.720000267028809,121204
RUBX.CA,Industrials,2025-06-24 21:00:00,8.720000267028809,9.140000343322754,8.699999809265137,9.069999694824219,9.069999694824219,194229
RUBX.CA,Industrials,2025-06-28 21:00:00,9.069999694824219,9.520000457763672,9.079999923706055,9.289999961853027,9.289999961853027,169260
RUBX.CA,Industrials,2025-06-29 21:00:00,9.289999961853027,9.5,9.109999656677246,9.119999885559082,9.119999885559082,119937
RUBX.CA,Industrials,2025-06-30 21:00:00,9.119999885559082,9.369999885559082,9.109999656677246,9.119999885559082,9.119999885559082,30309
RUBX.CA,Industrials,2025-07-01 21:00:00,9.119999885559082,9.380000114440918,9.079999923706055,9.119999885559082,9.119999885559082,96835
RUBX.CA,Industrials,2025-07-05 21:00:00,9.119999885559082,9.279999732971191,9.09000015258789,9.180000305175781,9.180000305175781,57504
RUBX.CA,Industrials,2025-07-06 21:00:00,9.180000305175781,9.9399995803833,9.180000305175781,9.460000038146973,9.460000038146973,709912
RUBX.CA,Industrials,2025-07-08 21:00:00,9.460000038146973,9.800000190734863,9.399999618530273,9.619999885559082,9.619999885559082,145374
RUBX.CA,Industrials,2025-07-09 21:00:00,9.619999885559082,9.699999809265137,9.520000457763672,9.5600004196167,9.5600004196167,49784
RUBX.CA,Industrials,2025-07-12 21:00:00,9.5600004196167,9.640000343322754,9.3100004196167,9.390000343322754,9.390000343322754,103051
RUBX.CA,Industrials,2025-07-13 21:00:00,9.390000343322754,9.75,9.149999618530273,9.699999809265137,9.699999809265137,250905
RUBX.CA,Industrials,2025-07-14 21:00:00,9.699999809265137,9.880000114440918,9.600000381469727,9.619999885559082,9.619999885559082,151547
RUBX.CA,Industrials,2025-07-15 21:00:00,9.619999885559082,9.699999809265137,9.40999984741211,9.449999809265137,9.449999809265137,203999
RUBX.CA,Industrials,2025-07-16 21:00:00,9.449999809265137,10.4399995803833,9.4399995803833,9.949999809265137,9.949999809265137,1798045
RUBX.CA,Industrials,2025-07-19 21:00:00,9.949999809265137,11.0,9.829999923706055,10.569999694824219,10.569999694824219,1415526
RUBX.CA,Industrials,2025-07-20 21:00:00,10.569999694824219,10.760000228881836,10.350000381469727,10.5,10.5,641181
RUBX.CA,Industrials,2025-07-21 21:00:00,10.5,10.859999656677246,10.15999984741211,10.3100004196167,10.3100004196167,771807
RUBX.CA,Industrials,2025-07-22 21:00:00,10.3100004196167,10.3100004196167,10.3100004196167,10.3100004196167,10.3100004196167,0
RUBX.CA,Industrials,2025-07-26 21:00:00,10.260000228881836,10.5,10.079999923706055,10.15999984741211,10.15999984741211,364772
RUBX.CA,Industrials,2025-07-27 21:00:00,10.15999984741211,11.149999618530273,9.760000228881836,11.069999694824219,11.069999694824219,2362953
RUBX.CA,Industrials,2025-07-28 21:00:00,11.069999694824219,11.869999885559082,11.0,11.0600004196167,11.0600004196167,2672971
RUBX.CA,Industrials,2025-07-29 21:00:00,11.0600004196167,11.229999542236328,10.300000190734863,10.34000015258789,10.34000015258789,985083
RUBX.CA,Industrials,2025-07-30 21:00:00,10.34000015258789,11.050000190734863,10.430000305175781,10.800000190734863,10.800000190734863,660792
RUBX.CA,Industrials,2025-08-02 21:00:00,10.800000190734863,10.800000190734863,10.800000190734863,10.800000190734863,10.800000190734863,0
RUBX.CA,Industrials,2025-08-03 21:00:00,10.800000190734863,10.800000190734863,10.800000190734863,10.800000190734863,10.800000190734863,0
RUBX.CA,Industrials,2025-08-04 21:00:00,10.800000190734863,10.800000190734863,10.800000190734863,10.800000190734863,10.800000190734863,0
RUBX.CA,Industrials,2025-08-05 21:00:00,10.800000190734863,10.800000190734863,10.800000190734863,10.800000190734863,10.800000190734863,0
RUBX.CA,Industrials,2025-08-06 21:00:00,10.800000190734863,10.800000190734863,10.800000190734863,10.800000190734863,10.800000190734863,0
RUBX.CA,Industrials,2025-08-09 21:00:00,10.4399995803833,10.569999694824219,10.359999656677246,10.470000267028809,10.470000267028809,227536
RUBX.CA,Industrials,2025-08-10 21:00:00,10.470000267028809,11.789999961853027,10.460000038146973,11.25,11.25,1326658
RUBX.CA,Industrials,2025-08-11 21:00:00,11.25,11.5,10.930000305175781,11.270000457763672,11.270000457763672,400413
RUBX.CA,Industrials,2025-08-12 21:00:00,11.270000457763672,11.699999809265137,10.899999618530273,11.270000457763672,11.270000457763672,1486895
RUBX.CA,Industrials,2025-08-13 21:00:00,11.270000457763672,11.300000190734863,10.819999694824219,11.039999961853027,11.039999961853027,455200
RUBX.CA,Industrials,2025-08-16 21:00:00,11.039999961853027,11.239999771118164,10.84000015258789,11.020000457763672,11.020000457763672,536108
RUBX.CA,Industrials,2025-08-17 21:00:00,11.020000457763672,11.199999809265137,10.800000190734863,10.869999885559082,10.869999885559082,621720
RUBX.CA,Industrials,2025-08-18 21:00:00,10.869999885559082,11.59000015258789,10.710000038146973,11.520000457763672,11.520000457763672,1039383
RUBX.CA,Industrials,2025-08-19 21:00:00,11.520000457763672,11.510000228881836,10.989999771118164,11.079999923706055,11.079999923706055,551383
RUBX.CA,Industrials,2025-08-20 21:00:00,11.079999923706055,11.25,10.890000343322754,10.930000305175781,10.930000305175781,390344
RUBX.CA,Industrials,2025-08-23 21:00:00,10.930000305175781,11.260000228881836,10.859999656677246,10.979999542236328,10.979999542236328,463300
RUBX.CA,Industrials,2025-08-24 21:00:00,10.979999542236328,11.289999961853027,10.979999542236328,11.050000190734863,11.050000190734863,485450
RUBX.CA,Industrials,2025-08-25 21:00:00,11.050000190734863,11.170000076293945,10.609999656677246,10.699999809265137,10.699999809265137,366163
RUBX.CA,Industrials,2025-08-26 21:00:00,10.699999809265137,10.9399995803833,10.569999694824219,10.720000267028809,10.720000267028809,170266
RUBX.CA,Industrials,2025-08-27 21:00:00,10.720000267028809,11.149999618530273,10.619999885559082,10.720000267028809,10.720000267028809,422838
RUBX.CA,Industrials,2025-08-30 21:00:00,10.720000267028809,11.0,10.5600004196167,10.600000381469727,10.600000381469727,477182
RUBX.CA,Industrials,2025-08-31 21:00:00,10.600000381469727,11.369999885559082,10.65999984741211,11.050000190734863,11.050000190734863,870547
RUBX.CA,Industrials,2025-09-01 21:00:00,11.050000190734863,11.25,10.899999618530273,10.989999771118164,10.989999771118164,315420
RUBX.CA,Industrials,2025-09-02 21:00:00,10.989999771118164,12.579999923706055,11.25,11.880000114440918,11.880000114440918,4383740
RUBX.CA,Industrials,2025-09-06 21:00:00,11.880000114440918,12.699999809265137,12.0,12.260000228881836,12.260000228881836,1891646
RUBX.CA,Industrials,2025-09-07 21:00:00,12.260000228881836,12.390000343322754,11.859999656677246,11.890000343322754,11.890000343322754,717492
RUBX.CA,Industrials,2025-09-08 21:00:00,11.890000343322754,12.289999961853027,11.890000343322754,12.239999771118164,12.239999771118164,932984
RUBX.CA,Industrials,2025-09-09 21:00:00,12.239999771118164,12.460000038146973,12.0,12.09000015258789,12.09000015258789,629526
RUBX.CA,Industrials,2025-09-10 21:00:00,12.09000015258789,12.600000381469727,12.119999885559082,12.329999923706055,12.329999923706055,1446897
RUBX.CA,Industrials,2025-09-13 21:00:00,12.329999923706055,12.420000076293945,12.010000228881836,12.020000457763672,12.020000457763672,324094
RUBX.CA,Industrials,2025-09-14 21:00:00,12.020000457763672,12.140000343322754,11.710000038146973,11.760000228881836,11.760000228881836,421036
RUBX.CA,Industrials,2025-09-15 21:00:00,11.760000228881836,11.739999771118164,11.0,11.170000076293945,11.170000076293945,447113
RUBX.CA,Industrials,2025-09-16 21:00:00,11.170000076293945,11.199999809265137,10.699999809265137,10.989999771118164,10.989999771118164,409244
RUBX.CA,Industrials,2025-09-17 21:00:00,10.989999771118164,11.300000190734863,10.989999771118164,11.239999771118164,11.239999771118164,468398
RUBX.CA,Industrials,2025-09-20 21:00:00,11.239999771118164,11.550000190734863,11.149999618530273,11.180000305175781,11.180000305175781,216701
RUBX.CA,Industrials,2025-09-21 21:00:00,11.180000305175781,11.25,10.930000305175781,11.0,11.0,191541
RUBX.CA,Industrials,2025-09-22 21:00:00,11.0,11.220000267028809,10.899999618530273,10.970000267028809,10.970000267028809,105736
RUBX.CA,Industrials,2025-09-23 21:00:00,10.970000267028809,11.140000343322754,10.90999984741211,10.970000267028809,10.970000267028809,102641
RUBX.CA,Industrials,2025-09-24 21:00:00,10.970000267028809,11.09000015258789,10.710000038146973,10.8100004196167,10.8100004196167,190758
RUBX.CA,Industrials,2025-09-27 21:00:00,10.8100004196167,10.970000267028809,10.649999618530273,10.779999732971191,10.779999732971191,283515
RUBX.CA,Industrials,2025-09-28 21:00:00,10.779999732971191,11.239999771118164,10.729999542236328,11.0600004196167,11.0600004196167,500252
RUBX.CA,Industrials,2025-09-29 21:00:00,11.0600004196167,11.119999885559082,10.850000381469727,10.850000381469727,10.850000381469727,329491
RUBX.CA,Industrials,2025-09-30 21:00:00,10.850000381469727,11.09000015258789,10.75,10.789999961853027,10.789999961853027,424762
RUBX.CA,Industrials,2025-10-01 21:00:00,10.789999961853027,10.989999771118164,10.489999771118164,10.5,10.5,826458
RUBX.CA,Industrials,2025-10-04 21:00:00,10.5,10.630000114440918,10.40999984741211,10.569999694824219,10.569999694824219,194964
RUBX.CA,Industrials,2025-10-05 21:00:00,10.569999694824219,10.890000343322754,10.520000457763672,10.630000114440918,10.630000114440918,496776
RUBX.CA,Industrials,2025-10-06 21:00:00,10.630000114440918,10.789999961853027,10.5600004196167,10.579999923706055,10.579999923706055,159360
RUBX.CA,Industrials,2025-10-07 21:00:00,10.579999923706055,10.600000381469727,10.470000267028809,10.510000228881836,10.510000228881836,202907
RUBX.CA,Industrials,2025-10-11 21:00:00,10.510000228881836,10.5600004196167,10.359999656677246,10.380000114440918,10.380000114440918,185206
RUBX.CA,Industrials,2025-10-12 21:00:00,10.380000114440918,10.600000381469727,10.359999656677246,10.539999961853027,10.539999961853027,319371
RUBX.CA,Industrials,2025-10-13 21:00:00,10.539999961853027,12.0,10.640000343322754,11.079999923706055,11.079999923706055,2655955
RUBX.CA,Industrials,2025-10-14 21:00:00,11.079999923706055,11.180000305175781,10.949999809265137,10.989999771118164,10.989999771118164,260689
RUBX.CA,Industrials,2025-10-15 21:00:00,10.989999771118164,11.350000381469727,11.0,11.050000190734863,11.050000190734863,275907
RUBX.CA,Industrials,2025-10-18 21:00:00,11.050000190734863,11.170000076293945,10.8100004196167,10.930000305175781,10.930000305175781,342410
RUBX.CA,Industrials,2025-10-19 21:00:00,10.930000305175781,11.1899995803833,10.920000076293945,10.9399995803833,10.9399995803833,427428
RUBX.CA,Industrials,2025-10-20 21:00:00,10.9399995803833,11.069999694824219,10.800000190734863,10.819999694824219,10.819999694824219,236220
RUBX.CA,Industrials,2025-10-21 21:00:00,10.819999694824219,11.15999984741211,10.699999809265137,10.890000343322754,10.890000343322754,246998
RUBX.CA,Industrials,2025-10-22 21:00:00,10.890000343322754,11.289999961853027,10.899999618530273,10.90999984741211,10.90999984741211,468899
RUBX.CA,Industrials,2025-10-25 21:00:00,10.90999984741211,11.100000381469727,10.949999809265137,10.960000038146973,10.960000038146973,255499
RUBX.CA,Industrials,2025-10-26 21:00:00,10.960000038146973,11.140000343322754,10.960000038146973,11.010000228881836,11.010000228881836,273268
RUBX.CA,Industrials,2025-10-27 21:00:00,11.010000228881836,11.15999984741211,10.8100004196167,10.90999984741211,10.90999984741211,276702
RUBX.CA,Industrials,2025-10-28 21:00:00,10.90999984741211,11.029999732971191,10.800000190734863,10.8100004196167,10.8100004196167,146108
RUBX.CA,Industrials,2025-10-29 21:00:00,10.8100004196167,11.0,10.800000190734863,10.8100004196167,10.8100004196167,145749
RUBX.CA,Industrials,2025-11-01 22:00:00,10.8100004196167,10.9399995803833,10.619999885559082,10.739999771118164,10.739999771118164,100959
RUBX.CA,Industrials,2025-11-02 22:00:00,10.739999771118164,10.869999885559082,10.600000381469727,10.630000114440918,10.630000114440918,135929
RUBX.CA,Industrials,2025-11-03 22:00:00,10.630000114440918,11.050000190734863,10.550000190734863,10.800000190734863,10.800000190734863,862450
RUBX.CA,Industrials,2025-11-04 22:00:00,10.800000190734863,10.970000267028809,10.630000114440918,10.680000305175781,10.680000305175781,111004
RUBX.CA,Industrials,2025-11-05 22:00:00,10.680000305175781,10.949999809265137,10.649999618530273,10.710000038146973,10.710000038146973,279784
RUBX.CA,Industrials,2025-11-08 22:00:00,10.710000038146973,10.829999923706055,10.5600004196167,10.600000381469727,10.600000381469727,166771
RUBX.CA,Industrials,2025-11-09 22:00:00,10.600000381469727,10.609999656677246,10.399999618530273,10.40999984741211,10.40999984741211,192325
RUBX.CA,Industrials,2025-11-10 22:00:00,10.40999984741211,10.800000190734863,10.449999809265137,10.550000190734863,10.550000190734863,348995
RUBX.CA,Industrials,2025-11-11 22:00:00,10.550000190734863,10.699999809265137,10.399999618530273,10.40999984741211,10.40999984741211,203274
RUBX.CA,Industrials,2025-11-12 22:00:00,10.40999984741211,10.5,10.25,10.270000457763672,10.270000457763672,264141
RUBX.CA,Industrials,2025-11-15 22:00:00,10.270000457763672,10.5,10.15999984741211,10.199999809265137,10.199999809265137,382844
RUBX.CA,Industrials,2025-11-16 22:00:00,10.199999809265137,10.369999885559082,10.109999656677246,10.270000457763672,10.270000457763672,218351
RUBX.CA,Industrials,2025-11-17 22:00:00,10.270000457763672,10.369999885559082,10.220000267028809,10.260000228881836,10.260000228881836,155731
RUBX.CA,Industrials,2025-11-18 22:00:00,10.260000228881836,10.880000114440918,10.199999809265137,10.5600004196167,10.5600004196167,1358610
RUBX.CA,Industrials,2025-11-19 22:00:00,10.5600004196167,10.850000381469727,10.5,10.630000114440918,10.630000114440918,415587
RUBX.CA,Industrials,2025-11-22 22:00:00,10.630000114440918,10.75,10.369999885559082,10.470000267028809,10.470000267028809,190899
RUBX.CA,Industrials,2025-11-23 22:00:00,10.470000267028809,10.600000381469727,10.329999923706055,10.369999885559082,10.369999885559082,113207
RUBX.CA,Industrials,2025-11-24 22:00:00,10.369999885559082,10.5,9.859999656677246,9.90999984741211,9.90999984741211,292961
RUBX.CA,Industrials,2025-11-25 22:00:00,9.90999984741211,10.029999732971191,9.640000343322754,9.6899995803833,9.6899995803833,349523
RUBX.CA,Industrials,2025-11-26 22:00:00,9.6899995803833,9.819999694824219,9.65999984741211,9.699999809265137,9.699999809265137,106220
RUBX.CA,Industrials,2025-11-29 22:00:00,9.699999809265137,10.130000114440918,9.710000038146973,10.069999694824219,10.069999694824219,360955
RUBX.CA,Industrials,2025-11-30 22:00:00,10.069999694824219,10.199999809265137,9.859999656677246,10.109999656677246,10.109999656677246,290736
RUBX.CA,Industrials,2025-12-01 22:00:00,10.109999656677246,10.1899995803833,9.84000015258789,9.850000381469727,9.850000381469727,371086
RUBX.CA,Industrials,2025-12-02 22:00:00,9.850000381469727,9.989999771118164,9.710000038146973,9.760000228881836,9.760000228881836,219915
RUBX.CA,Industrials,2025-12-03 22:00:00,9.760000228881836,9.949999809265137,9.729999542236328,9.800000190734863,9.800000190734863,236064
RUBX.CA,Industrials,2025-12-06 22:00:00,9.800000190734863,10.600000381469727,9.859999656677246,10.199999809265137,10.199999809265137,823897
RUBX.CA,Industrials,2025-12-07 22:00:00,9.546748161315918,9.780736923217773,9.45315170288086,9.490591049194336,9.490591049194336,289642
RUBX.CA,Industrials,2025-12-08 22:00:00,9.490591049194336,9.67778205871582,9.45315170288086,9.490591049194336,9.490591049194336,125935
RUBX.CA,Industrials,2025-12-09 22:00:00,9.490591049194336,9.584185600280762,9.462512016296387,9.518669128417969,9.518669128417969,132303
RUBX.CA,Industrials,2025-12-10 22:00:00,9.518669128417969,9.584185600280762,9.45315170288086,9.556108474731445,9.556108474731445,145296
RUBX.CA,Industrials,2025-12-13 22:00:00,9.556108474731445,9.621623992919922,9.45315170288086,9.490591049194336,9.490591049194336,344375
RUBX.CA,Industrials,2025-12-14 22:00:00,9.490591049194336,9.56546688079834,9.387635231018066,9.406354904174805,9.406354904174805,223390
RUBX.CA,Industrials,2025-12-15 22:00:00,9.406354904174805,9.799455642700195,9.359557151794434,9.724579811096191,9.724579811096191,274078
RUBX.CA,Industrials,2025-12-16 22:00:00,9.725000381469727,9.890000343322754,9.609999656677246,9.869999885559082,9.869999885559082,383009
RUBX.CA,Industrials,2025-12-17 22:00:00,9.869999885559082,10.300000190734863,9.800000190734863,10.220000267028809,10.220000267028809,434511
RUBX.CA,Industrials,2025-12-20 22:00:00,10.220000267028809,10.800000190734863,10.079999923706055,10.550000190734863,10.550000190734863,1096227
RUBX.CA,Industrials,2025-12-21 22:00:00,10.550000190734863,10.75,10.420000076293945,10.680000305175781,10.680000305175781,282363
RUBX.CA,Industrials,2025-12-22 22:00:00,10.680000305175781,10.829999923706055,10.520000457763672,10.569999694824219,10.569999694824219,391492
RUBX.CA,Industrials,2025-12-23 22:00:00,10.569999694824219,10.800000190734863,10.449999809265137,10.579999923706055,10.579999923706055,572095
RUBX.CA,Industrials,2025-12-24 22:00:00,10.579999923706055,10.699999809265137,10.5,10.510000228881836,10.510000228881836,144130
RUBX.CA,Industrials,2025-12-27 22:00:00,10.510000228881836,10.640000343322754,10.470000267028809,10.489999771118164,10.489999771118164,175702
RUBX.CA,Industrials,2025-12-28 22:00:00,10.489999771118164,10.699999809265137,10.3100004196167,10.539999961853027,10.539999961853027,180985
RUBX.CA,Industrials,2025-12-29 22:00:00,10.539999961853027,10.59000015258789,10.239999771118164,10.279999732971191,10.279999732971191,197644
RUBX.CA,Industrials,2025-12-30 22:00:00,10.279999732971191,10.350000381469727,10.199999809265137,10.239999771118164,10.239999771118164,164268
RUBX.CA,Industrials,2026-01-03 22:00:00,10.239999771118164,10.3100004196167,10.010000228881836,10.0600004196167,10.0600004196167,120355
RUBX.CA,Industrials,2026-01-04 22:00:00,10.0600004196167,10.180000305175781,9.850000381469727,9.880000114440918,9.880000114440918,140594
RUBX.CA,Industrials,2026-01-05 22:00:00,9.880000114440918,10.390000343322754,9.869999885559082,10.180000305175781,10.180000305175781,122176
RUBX.CA,Industrials,2026-01-07 22:00:00,10.180000305175781,10.289999961853027,9.90999984741211,10.0,10.0,77044
RUBX.CA,Industrials,2026-01-10 22:00:00,10.0,10.199999809265137,9.8100004196167,9.869999885559082,9.869999885559082,180940
RUBX.CA,Industrials,2026-01-11 22:00:00,9.869999885559082,9.970000267028809,9.770000457763672,9.800000190734863,9.800000190734863,299231
RUBX.CA,Industrials,2026-01-12 22:00:00,9.800000190734863,9.819999694824219,9.539999961853027,9.630000114440918,9.630000114440918,178232
RUBX.CA,Industrials,2026-01-13 22:00:00,9.630000114440918,9.779999732971191,8.550000190734863,9.130000114440918,9.130000114440918,470505
RUBX.CA,Industrials,2026-01-14 22:00:00,9.130000114440918,9.5,9.199999809265137,9.270000457763672,9.270000457763672,134507
RUBX.CA,Industrials,2026-01-17 22:00:00,9.270000457763672,9.699999809265137,9.270000457763672,9.3100004196167,9.3100004196167,114179
RUBX.CA,Industrials,2026-01-18 22:00:00,9.3100004196167,9.880000114440918,9.470000267028809,9.729999542236328,9.729999542236328,245541
RUBX.CA,Industrials,2026-01-19 22:00:00,9.729999542236328,9.949999809265137,9.600000381469727,9.65999984741211,9.65999984741211,128285
RUBX.CA,Industrials,2026-01-20 22:00:00,9.65999984741211,9.800000190734863,9.449999809265137,9.479999542236328,9.479999542236328,308778
RUBX.CA,Industrials,2026-01-21 22:00:00,9.479999542236328,9.649999618530273,9.369999885559082,9.59000015258789,9.59000015258789,177439
RUBX.CA,Industrials,2026-01-24 22:00:00,9.59000015258789,9.649999618530273,9.399999618530273,9.489999771118164,9.489999771118164,58635
RUBX.CA,Industrials,2026-01-25 22:00:00,9.489999771118164,9.5,9.199999809265137,9.25,9.25,239187
RUBX.CA,Industrials,2026-01-26 22:00:00,9.25,9.390000343322754,9.100000381469727,9.130000114440918,9.130000114440918,293866
RUBX.CA,Industrials,2026-01-27 22:00:00,9.130000114440918,9.300000190734863,8.800000190734863,8.970000267028809,8.970000267028809,244364
RUBX.CA,Industrials,2026-01-31 22:00:00,8.970000267028809,9.600000381469727,8.899999618530273,9.579999923706055,9.579999923706055,469944
RUBX.CA,Industrials,2026-02-01 22:00:00,9.579999923706055,9.890000343322754,9.3100004196167,9.8100004196167,9.8100004196167,313442
RUBX.CA,Industrials,2026-02-02 22:00:00,9.8100004196167,9.800000190734863,9.420000076293945,9.460000038146973,9.460000038146973,870603
RUBX.CA,Industrials,2026-02-03 22:00:00,9.460000038146973,9.65999984741211,9.399999618530273,9.510000228881836,9.510000228881836,171992
RUBX.CA,Industrials,2026-02-04 22:00:00,9.510000228881836,9.789999961853027,9.380000114440918,9.710000038146973,9.710000038146973,305615
RUBX.CA,Industrials,2026-02-07 22:00:00,9.710000038146973,10.170000076293945,9.579999923706055,9.890000343322754,9.890000343322754,1336517
RUBX.CA,Industrials,2026-02-08 22:00:00,9.890000343322754,10.460000038146973,9.859999656677246,10.140000343322754,10.140000343322754,1833878
RUBX.CA,Industrials,2026-02-09 22:00:00,10.140000343322754,10.300000190734863,9.920000076293945,10.199999809265137,10.199999809265137,618961
RUBX.CA,Industrials,2026-02-10 22:00:00,10.199999809265137,10.350000381469727,9.800000190734863,9.850000381469727,9.850000381469727,549550
RUBX.CA,Industrials,2026-02-11 22:00:00,9.850000381469727,9.949999809265137,9.710000038146973,9.779999732971191,9.779999732971191,212748
RUBX.CA,Industrials,2026-02-14 22:00:00,9.779999732971191,10.600000381469727,9.760000228881836,10.59000015258789,10.59000015258789,1734115
RUBX.CA,Industrials,2026-02-15 22:00:00,10.59000015258789,10.600000381469727,10.210000038146973,10.270000457763672,10.270000457763672,295382
RUBX.CA,Industrials,2026-02-16 22:00:00,10.270000457763672,10.710000038146973,10.100000381469727,10.40999984741211,10.40999984741211,1110443
RUBX.CA,Industrials,2026-02-17 22:00:00,10.40999984741211,10.579999923706055,10.260000228881836,10.369999885559082,10.369999885559082,328264
RUBX.CA,Industrials,2026-02-18 22:00:00,10.369999885559082,10.359999656677246,9.899999618530273,9.90999984741211,9.90999984741211,337968
RUBX.CA,Industrials,2026-02-21 22:00:00,9.90999984741211,9.949999809265137,9.449999809265137,9.510000228881836,9.510000228881836,228470
RUBX.CA,Industrials,2026-02-22 22:00:00,9.510000228881836,9.729999542236328,9.460000038146973,9.619999885559082,9.619999885559082,168864
RUBX.CA,Industrials,2026-02-23 22:00:00,9.619999885559082,9.75,9.390000343322754,9.40999984741211,9.40999984741211,304234
RUBX.CA,Industrials,2026-02-24 22:00:00,9.40999984741211,9.489999771118164,8.989999771118164,9.039999961853027,9.039999961853027,293167
RUBX.CA,Industrials,2026-02-25 22:00:00,9.039999961853027,9.229999542236328,9.010000228881836,9.079999923706055,9.079999923706055,73803
RUBX.CA,Industrials,2026-02-28 22:00:00,9.079999923706055,8.829999923706055,8.109999656677246,8.710000038146973,8.710000038146973,161231
RUBX.CA,Industrials,2026-03-01 22:00:00,8.710000038146973,9.100000381469727,8.6899995803833,9.0,9.0,79206
RUBX.CA,Industrials,2026-03-02 22:00:00,9.0,9.119999885559082,8.699999809265137,8.850000381469727,8.850000381469727,214233
RUBX.CA,Industrials,2026-03-03 22:00:00,8.850000381469727,9.0,8.800000190734863,8.880000114440918,8.880000114440918,261309
RUBX.CA,Industrials,2026-03-04 22:00:00,8.880000114440918,9.079999923706055,8.890000343322754,8.949999809265137,8.949999809265137,89524
RUBX.CA,Industrials,2026-03-07 22:00:00,8.949999809265137,9.199999809265137,8.850000381469727,8.989999771118164,8.989999771118164,192712
RUBX.CA,Industrials,2026-03-08 22:00:00,8.989999771118164,9.1899995803833,8.989999771118164,9.09000015258789,9.09000015258789,67068
RUBX.CA,Industrials,2026-03-09 22:00:00,9.09000015258789,9.25,9.0600004196167,9.15999984741211,9.15999984741211,47091
RUBX.CA,Industrials,2026-03-10 22:00:00,9.15999984741211,9.220000267028809,9.0,9.180000305175781,9.180000305175781,133604
RUBX.CA,Industrials,2026-03-11 22:00:00,9.180000305175781,9.239999771118164,9.029999732971191,9.109999656677246,9.109999656677246,58582
RUBX.CA,Industrials,2026-03-14 22:00:00,9.109999656677246,9.149999618530273,9.0,9.010000228881836,9.010000228881836,81358
RUBX.CA,Industrials,2026-03-15 22:00:00,9.010000228881836,9.069999694824219,8.800000190734863,9.010000228881836,9.010000228881836,25899
RUBX.CA,Industrials,2026-03-16 22:00:00,9.010000228881836,9.069999694824219,8.880000114440918,8.90999984741211,8.90999984741211,49231
RUBX.CA,Industrials,2026-03-17 22:00:00,8.90999984741211,8.989999771118164,8.899999618530273,8.920000076293945,8.920000076293945,60170
RUBX.CA,Industrials,2026-03-18 22:00:00,8.920000076293945,8.920000076293945,8.920000076293945,8.920000076293945,8.920000076293945,0
RUBX.CA,Industrials,2026-03-23 22:00:00,8.920000076293945,9.039999961853027,8.880000114440918,8.899999618530273,8.899999618530273,144117
RUBX.CA,Industrials,2026-03-24 22:00:00,8.899999618530273,9.09000015258789,8.880000114440918,9.0600004196167,9.0600004196167,223803
RUBX.CA,Industrials,2026-03-25 22:00:00,9.0600004196167,9.220000267028809,9.0,9.069999694824219,9.069999694824219,165630
RUBX.CA,Industrials,2026-03-28 22:00:00,9.069999694824219,9.010000228881836,8.869999885559082,8.949999809265137,8.949999809265137,66780
RUBX.CA,Industrials,2026-03-29 22:00:00,8.949999809265137,8.960000038146973,8.729999542236328,8.760000228881836,8.760000228881836,63011
RUBX.CA,Industrials,2026-03-30 22:00:00,8.760000228881836,8.859999656677246,8.600000381469727,8.760000228881836,8.760000228881836,62186
RUBX.CA,Industrials,2026-03-31 22:00:00,8.760000228881836,9.0,8.640000343322754,8.859999656677246,8.859999656677246,191155
RUBX.CA,Industrials,2026-04-01 22:00:00,8.859999656677246,8.930000305175781,8.75,8.800000190734863,8.800000190734863,110294
RUBX.CA,Industrials,2026-04-04 22:00:00,8.800000190734863,8.880000114440918,8.770000457763672,8.850000381469727,8.850000381469727,49708
RUBX.CA,Industrials,2026-04-05 22:00:00,8.850000381469727,9.100000381469727,8.850000381469727,8.970000267028809,8.970000267028809,189012
RUBX.CA,Industrials,2026-04-06 22:00:00,8.970000267028809,9.010000228881836,8.84000015258789,8.949999809265137,8.949999809265137,77384
RUBX.CA,Industrials,2026-04-07 22:00:00,8.949999809265137,9.1899995803833,8.949999809265137,9.149999618530273,9.149999618530273,192636
RUBX.CA,Industrials,2026-04-08 22:00:00,9.149999618530273,9.380000114440918,9.079999923706055,9.279999732971191,9.279999732971191,450700
RUBX.CA,Industrials,2026-04-13 22:00:00,9.279999732971191,9.329999923706055,9.149999618530273,9.1899995803833,9.1899995803833,109732
RUBX.CA,Industrials,2026-04-14 22:00:00,9.1899995803833,9.270000457763672,9.119999885559082,9.210000038146973,9.210000038146973,119506
RUBX.CA,Industrials,2026-04-15 22:00:00,9.210000038146973,9.40999984741211,9.1899995803833,9.220000267028809,9.220000267028809,288981
RUBX.CA,Industrials,2026-04-18 22:00:00,9.220000267028809,9.640000343322754,9.220000267028809,9.430000305175781,9.430000305175781,351739
RUBX.CA,Industrials,2026-04-19 22:00:00,9.430000305175781,9.529999732971191,9.25,9.380000114440918,9.380000114440918,173383
RUBX.CA,Industrials,2026-04-20 22:00:00,9.380000114440918,9.539999961853027,9.270000457763672,9.399999618530273,9.399999618530273,126784
RUBX.CA,Industrials,2026-04-21 22:00:00,9.399999618530273,10.380000114440918,9.399999618530273,10.300000190734863,10.300000190734863,2045027
RUBX.CA,Industrials,2026-04-22 22:00:00,10.300000190734863,10.949999809265137,9.899999618530273,10.90999984741211,10.90999984741211,1150281
RUBX.CA,Industrials,2026-04-25 21:00:00,10.90999984741211,11.380000114440918,10.600000381469727,10.869999885559082,10.869999885559082,1333059
RUBX.CA,Industrials,2026-04-26 21:00:00,10.869999885559082,11.289999961853027,10.800000190734863,11.25,11.25,473611
RUBX.CA,Industrials,2026-04-27 21:00:00,11.25,12.899999618530273,11.069999694824219,11.979999542236328,11.979999542236328,4538935
RUBX.CA,Industrials,2026-04-28 21:00:00,11.979999542236328,13.899999618530273,11.609999656677246,11.75,11.75,19566875
RUBX.CA,Industrials,2026-04-29 21:00:00,11.75,11.979999542236328,11.300000190734863,11.5,11.5,4152964
RUBX.CA,Industrials,2026-05-02 21:00:00,11.5,11.630000114440918,11.170000076293945,11.399999618530273,11.399999618530273,2876731
RUBX.CA,Industrials,2026-05-03 21:00:00,11.399999618530273,11.6899995803833,11.260000228881836,11.3100004196167,11.3100004196167,3123150
RUBX.CA,Industrials,2026-05-04 21:00:00,11.3100004196167,11.430000305175781,11.210000038146973,11.289999961853027,11.289999961853027,1882557
RUBX.CA,Industrials,2026-05-05 21:00:00,11.289999961853027,11.479999542236328,11.210000038146973,11.239999771118164,11.239999771118164,1796667
RUBX.CA,Industrials,2026-05-09 21:00:00,11.239999771118164,11.460000038146973,11.199999809265137,11.229999542236328,11.229999542236328,1172882
RUBX.CA,Industrials,2026-05-10 21:00:00,11.229999542236328,11.680000305175781,11.069999694824219,11.579999923706055,11.579999923706055,3996271
RUBX.CA,Industrials,2026-05-11 21:00:00,11.579999923706055,11.609999656677246,11.25,11.300000190734863,11.300000190734863,1015594
RUBX.CA,Industrials,2026-05-12 21:00:00,11.300000190734863,11.390000343322754,11.170000076293945,11.1899995803833,11.1899995803833,739262
RUBX.CA,Industrials,2026-05-13 21:00:00,11.1899995803833,11.369999885559082,11.1899995803833,11.210000038146973,11.210000038146973,1035600
RUBX.CA,Industrials,2026-05-16 21:00:00,11.210000038146973,11.359999656677246,11.050000190734863,11.079999923706055,11.079999923706055,820764
RUBX.CA,Industrials,2026-05-17 21:00:00,11.079999923706055,11.550000190734863,9.800000190734863,11.550000190734863,11.550000190734863,2656941
RUBX.CA,Industrials,2026-05-18 21:00:00,11.550000190734863,11.550000190734863,11.0600004196167,11.09000015258789,11.09000015258789,2084902
RUBX.CA,Industrials,2026-05-19 21:00:00,11.09000015258789,11.100000381469727,10.260000228881836,10.319999694824219,10.319999694824219,1680229
RUBX.CA,Industrials,2026-05-20 21:00:00,10.319999694824219,10.600000381469727,10.109999656677246,10.149999618530273,10.149999618530273,964361
RUBX.CA,Industrials,2026-05-23 21:00:00,10.149999618530273,10.489999771118164,10.180000305175781,10.220000267028809,10.220000267028809,690451
RUBX.CA,Industrials,2026-05-24 21:00:00,10.220000267028809,10.399999618530273,10.15999984741211,10.15999984741211,10.15999984741211,949063
RUBX.CA,Industrials,2026-05-25 21:00:00,10.15999984741211,10.15999984741211,10.15999984741211,10.15999984741211,10.15999984741211,0
RUBX.CA,Industrials,2026-05-26 21:00:00,10.15999984741211,10.15999984741211,10.15999984741211,10.15999984741211,10.15999984741211,0
RUBX.CA,Industrials,2026-05-27 21:00:00,10.15999984741211,10.15999984741211,10.15999984741211,10.15999984741211,10.15999984741211,0
RUBX.CA,Industrials,2026-05-31 21:00:00,10.15999984741211,10.350000381469727,10.180000305175781,10.199999809265137,10.199999809265137,676054
RUBX.CA,Industrials,2026-06-01 21:00:00,10.199999809265137,10.510000228881836,10.199999809265137,10.390000343322754,10.390000343322754,908119
RUBX.CA,Industrials,2026-06-02 21:00:00,10.390000343322754,10.65999984741211,10.229999542236328,10.300000190734863,10.300000190734863,859392
RUBX.CA,Industrials,2026-06-03 21:00:00,10.300000190734863,10.390000343322754,10.119999885559082,10.199999809265137,10.199999809265137,1017635
RUBX.CA,Industrials,2026-06-06 21:00:00,10.199999809265137,10.350000381469727,10.180000305175781,10.1899995803833,10.1899995803833,443796
RUBX.CA,Industrials,2026-06-07 21:00:00,10.1899995803833,10.350000381469727,10.100000381469727,10.229999542236328,10.229999542236328,1036653
RUBX.CA,Industrials,2026-06-08 21:00:00,10.229999542236328,10.760000228881836,10.210000038146973,10.479999542236328,10.479999542236328,2511866
RUBX.CA,Industrials,2026-06-09 21:00:00,10.479999542236328,10.600000381469727,10.109999656677246,10.119999885559082,10.119999885559082,789447
RUBX.CA,Industrials,2026-06-10 21:00:00,10.119999885559082,10.149999618530273,9.800000190734863,9.869999885559082,9.869999885559082,486661
RUBX.CA,Industrials,2026-06-13 21:00:00,9.869999885559082,10.1899995803833,9.880000114440918,10.029999732971191,10.029999732971191,768525
RUBX.CA,Industrials,2026-06-14 21:00:00,10.029999732971191,10.15999984741211,9.800000190734863,9.859999656677246,9.859999656677246,694071
RUBX.CA,Industrials,2026-06-15 21:00:00,9.859999656677246,10.199999809265137,9.800000190734863,9.960000038146973,9.960000038146973,626090
RUBX.CA,Industrials,2026-06-16 21:00:00,9.960000038146973,9.960000038146973,9.960000038146973,9.960000038146973,9.960000038146973,0
RUBX.CA,Industrials,2026-06-17 21:00:00,9.960000038146973,9.960000038146973,9.960000038146973,9.960000038146973,9.960000038146973,0
RUBX.CA,Industrials,2026-06-20 21:00:00,9.920000076293945,10.039999961853027,9.960000038146973,9.970000267028809,9.970000267028809,287123
RUBX.CA,Industrials,2026-06-21 21:00:00,9.970000267028809,9.970000267028809,9.970000267028809,9.970000267028809,9.970000267028809,0
RUBX.CA,Industrials,2026-06-22 21:00:00,10.449999809265137,10.600000381469727,10.270000457763672,10.3100004196167,10.3100004196167,805526
RUBX.CA,Industrials,2026-06-23 21:00:00,10.3100004196167,10.569999694824219,10.260000228881836,10.329999923706055,10.329999923706055,712380
RUBX.CA,Industrials,2026-06-24 21:00:00,10.329999923706055,10.6899995803833,10.380000114440918,10.510000228881836,10.510000228881836,1049320
RUBX.CA,Industrials,2026-06-27 21:00:00,10.510000228881836,12.449999809265137,10.550000190734863,11.699999809265137,11.699999809265137,11644270
RUBX.CA,Industrials,2026-06-28 21:00:00,11.699999809265137,11.890000343322754,11.149999618530273,11.220000267028809,11.220000267028809,5947306
RUBX.CA,Industrials,2026-06-29 21:00:00,11.220000267028809,11.550000190734863,11.069999694824219,11.119999885559082,11.119999885559082,2295424
RUBX.CA,Industrials,2026-06-30 21:00:00,11.119999885559082,13.25,11.220000267028809,12.380000114440918,12.380000114440918,16483375
RUBX.CA,Industrials,2026-07-04 21:00:00,12.380000114440918,14.229999542236328,12.699999809265137,13.25,13.25,12696492
RUBX.CA,Industrials,2026-07-05 21:00:00,13.25,14.289999961853027,12.699999809265137,13.399999618530273,13.399999618530273,14407190
RUBX.CA,Industrials,2026-07-06 21:00:00,13.399999618530273,13.539999961853027,12.850000381469727,13.050000190734863,13.050000190734863,4959083
RUBX.CA,Industrials,2026-07-07 21:00:00,13.050000190734863,13.75,12.869999885559082,12.899999618530273,12.899999618530273,5646623
RUBX.CA,Industrials,2026-07-08 21:00:00,12.899999618530273,13.239999771118164,12.850000381469727,13.029999732971191,13.029999732971191,2549927
RUBX.CA,Industrials,2026-07-11 21:00:00,13.029999732971191,13.5,13.0,13.25,13.25,3326884
RUBX.CA,Industrials,2026-07-12 21:00:00,13.25,13.65999984741211,13.149999618530273,13.199999809265137,13.199999809265137,3532254
RUBX.CA,Industrials,2026-07-13 21:00:00,13.199999809265137,14.350000381469727,13.119999885559082,14.140000343322754,14.140000343322754,13557085
RUBX.CA,Industrials,2026-07-14 21:00:00,14.140000343322754,14.850000381469727,14.199999809265137,14.260000228881836,14.260000228881836,7063095
RUBX.CA,Industrials,2026-07-15 21:00:00,14.260000228881836,14.550000190734863,13.899999618530273,13.9399995803833,13.9399995803833,2687869
RUBX.CA,Industrials,2026-07-18 21:00:00,13.9399995803833,14.140000343322754,13.449999809265137,13.479999542236328,13.479999542236328,1716106
RUBX.CA,Industrials,2026-07-19 21:00:00,13.479999542236328,13.699999809265137,13.380000114440918,13.399999618530273,13.399999618530273,1369266
RUBX.CA,Industrials,2026-07-20 21:00:00,13.399999618530273,14.300000190734863,13.399999618530273,13.65999984741211,13.65999984741211,4062009
RUBX.CA,Industrials,2026-07-21 21:00:00,13.65999984741211,13.880000114440918,13.199999809265137,13.199999809265137,13.199999809265137,1739905
RUBX.CA,Industrials,2026-07-25 21:00:00,13.199999809265137,13.350000381469727,13.050000190734863,13.350000381469727,13.350000381469727,935325
RUBX.CA,Industrials,2026-07-26 21:00:00,13.350000381469727,13.5,13.119999885559082,13.140000343322754,13.140000343322754,880216
RUBX.CA,Industrials,2026-07-27 21:00:00,13.140000343322754,13.399999618530273,13.029999732971191,13.069999694824219,13.069999694824219,1270308
RUBX.CA,Industrials,2026-07-28 21:00:00,13.069999694824219,13.199999809265137,12.510000228881836,12.800000190734863,12.800000190734863,996271
RUBX.CA,Industrials,2026-07-29 21:00:00,12.800000190734863,12.899999618530273,12.40999984741211,12.4399995803833,12.4399995803833,705183
RUBX.CA,Industrials,2026-08-01 21:00:00,12.4399995803833,12.75,12.020000457763672,12.420000076293945,12.420000076293945,1728876
RUBX.CA,Industrials,2026-08-02 21:00:00,12.420000076293945,12.619999885559082,12.220000267028809,12.239999771118164,12.239999771118164,807099
RUBX.CA,Industrials,2026-08-03 21:00:00,12.239999771118164,12.989999771118164,12.199999809265137,12.699999809265137,12.699999809265137,1466965
RUBX.CA,Industrials,2026-08-04 21:00:00,12.699999809265137,13.100000381469727,12.569999694824219,12.569999694824219,12.569999694824219,967035
RUBX.CA,Industrials,2026-08-05 21:00:00,12.569999694824219,12.65999984741211,12.319999694824219,12.40999984741211,12.40999984741211,963258
