symbol,sector,raw_date_utc,open,high,low,close,adj_close,volume
SAUD.CA,Banking,2022-01-01 22:00:00,4.28389310836792,4.387193202972412,4.289968967437744,4.320352077484131,3.81036114692688,128114
SAUD.CA,Banking,2022-01-02 22:00:00,4.320352077484131,4.4965691566467285,4.375040054321289,4.450994968414307,3.9255824089050293,337723
SAUD.CA,Banking,2022-01-03 22:00:00,4.450994968414307,4.897614002227783,4.466186046600342,4.806467056274414,4.23909330368042,823718
SAUD.CA,Banking,2022-01-04 22:00:00,4.806467056274414,4.861155033111572,4.724434852600098,4.806467056274414,4.23909330368042,47824
SAUD.CA,Banking,2022-01-08 22:00:00,4.806467056274414,4.806467056274414,4.806467056274414,4.806467056274414,4.23909330368042,0
SAUD.CA,Banking,2022-01-09 22:00:00,4.7213969230651855,4.754817008972168,4.639365196228027,4.7213969230651855,4.164065361022949,28654
SAUD.CA,Banking,2022-01-10 22:00:00,4.7213969230651855,4.724434852600098,4.578600883483887,4.6424031257629395,4.094396114349365,156140
SAUD.CA,Banking,2022-01-11 22:00:00,4.6424031257629395,4.7092437744140625,4.602906227111816,4.6424031257629395,4.094396114349365,34767
SAUD.CA,Banking,2022-01-12 22:00:00,4.6424031257629395,4.691014766693115,4.578600883483887,4.6424031257629395,4.094396114349365,54541
SAUD.CA,Banking,2022-01-15 22:00:00,4.6424031257629395,4.618096828460693,4.502645015716553,4.551257133483887,4.014009475708008,105364
SAUD.CA,Banking,2022-01-16 22:00:00,4.551257133483887,4.64847993850708,4.557332992553711,4.618096828460693,4.0729594230651855,152750
SAUD.CA,Banking,2022-01-17 22:00:00,4.618096828460693,4.660633087158203,4.572524070739746,4.618096828460693,4.0729594230651855,51115
SAUD.CA,Banking,2022-01-18 22:00:00,4.618096828460693,4.684937953948975,4.557332992553711,4.684937953948975,4.1319098472595215,120366
SAUD.CA,Banking,2022-01-19 22:00:00,4.684937953948975,4.6940531730651855,4.557332992553711,4.684937953948975,4.1319098472595215,19271
SAUD.CA,Banking,2022-01-22 22:00:00,4.684937953948975,4.675824165344238,4.557332992553711,4.557332992553711,4.0193681716918945,178907
SAUD.CA,Banking,2022-01-23 22:00:00,4.557332992553711,4.633288860321045,4.514798164367676,4.5482177734375,4.01132869720459,109514
SAUD.CA,Banking,2022-01-24 22:00:00,4.5482177734375,4.560370922088623,4.526950836181641,4.526950836181641,3.99257230758667,129796
SAUD.CA,Banking,2022-01-25 22:00:00,4.526950836181641,4.7092437744140625,4.526950836181641,4.526950836181641,3.99257230758667,35319
SAUD.CA,Banking,2022-01-29 22:00:00,4.526950836181641,4.639365196228027,4.454032897949219,4.454032897949219,3.9282617568969727,98323
SAUD.CA,Banking,2022-01-30 22:00:00,4.454032897949219,4.526950836181641,4.375040054321289,4.4084601402282715,3.888068914413452,133601
SAUD.CA,Banking,2022-01-31 22:00:00,4.4084601402282715,4.444919109344482,4.405422210693359,4.4084601402282715,3.888068914413452,36021
SAUD.CA,Banking,2022-02-01 22:00:00,4.4084601402282715,4.587715148925781,4.4358038902282715,4.4084601402282715,3.888068914413452,5750
SAUD.CA,Banking,2022-02-02 22:00:00,4.4084601402282715,4.472262859344482,4.3993449211120605,4.46922492980957,3.9416604042053223,75840
SAUD.CA,Banking,2022-02-05 22:00:00,4.46922492980957,4.70620584487915,4.4084601402282715,4.46922492980957,3.9416604042053223,17493
SAUD.CA,Banking,2022-02-06 22:00:00,4.46922492980957,4.511760234832764,4.46922492980957,4.46922492980957,3.9416604042053223,24464
SAUD.CA,Banking,2022-02-07 22:00:00,4.46922492980957,4.584677219390869,4.46922492980957,4.46922492980957,3.9416604042053223,14926
SAUD.CA,Banking,2022-02-08 22:00:00,4.46922492980957,4.572524070739746,4.554295063018799,4.46922492980957,3.9416604042053223,12507
SAUD.CA,Banking,2022-02-09 22:00:00,4.46922492980957,4.557332992553711,4.499607086181641,4.46922492980957,3.9416604042053223,62602
SAUD.CA,Banking,2022-02-12 22:00:00,4.46922492980957,4.557332992553711,4.256548881530762,4.34161901473999,3.8291175365448,118918
SAUD.CA,Banking,2022-02-13 22:00:00,4.34161901473999,4.390231132507324,4.256548881530762,4.34161901473999,3.8291175365448,53011
SAUD.CA,Banking,2022-02-14 22:00:00,4.34161901473999,4.405422210693359,4.335543155670166,4.34161901473999,3.8291175365448,13484
SAUD.CA,Banking,2022-02-15 22:00:00,4.34161901473999,4.4965691566467285,4.362886905670166,4.34161901473999,3.8291175365448,14554
SAUD.CA,Banking,2022-02-16 22:00:00,4.34161901473999,4.7578558921813965,4.4965691566467285,4.687976837158203,4.134590148925781,650041
SAUD.CA,Banking,2022-02-19 22:00:00,4.687976837158203,4.687976837158203,4.572524070739746,4.687976837158203,4.134590148925781,22769
SAUD.CA,Banking,2022-02-20 22:00:00,4.687976837158203,4.830772876739502,4.566448211669922,4.733550071716309,4.174783706665039,102935
SAUD.CA,Banking,2022-02-21 22:00:00,4.733550071716309,4.7092437744140625,4.572524070739746,4.645441055297852,4.097075462341309,97441
SAUD.CA,Banking,2022-02-22 22:00:00,4.645441055297852,4.70620584487915,4.608983039855957,4.645441055297852,4.097075462341309,25070
SAUD.CA,Banking,2022-02-23 22:00:00,4.645441055297852,4.70012903213501,4.28389310836792,4.4753007888793945,3.947019100189209,212805
SAUD.CA,Banking,2022-02-26 22:00:00,4.4753007888793945,4.584677219390869,4.271739959716797,4.560370922088623,4.022047519683838,98346
SAUD.CA,Banking,2022-02-27 22:00:00,4.560370922088623,4.560370922088623,4.499607086181641,4.5239129066467285,3.9898929595947266,87409
SAUD.CA,Banking,2022-02-28 22:00:00,4.5239129066467285,4.615058898925781,4.557332992553711,4.557332992553711,4.0193681716918945,137043
SAUD.CA,Banking,2022-03-01 22:00:00,4.557332992553711,4.605945110321045,4.499607086181641,4.557332992553711,4.0193681716918945,33608
SAUD.CA,Banking,2022-03-02 22:00:00,4.557332992553711,4.557332992553711,4.4965691566467285,4.557332992553711,4.0193681716918945,30850
SAUD.CA,Banking,2022-03-05 22:00:00,4.557332992553711,4.596829891204834,4.508720874786377,4.539103984832764,4.003291130065918,177248
SAUD.CA,Banking,2022-03-06 22:00:00,4.539103984832764,4.557332992553711,4.420612812042236,4.539103984832764,4.003291130065918,34931
SAUD.CA,Banking,2022-03-07 22:00:00,4.539103984832764,4.539103984832764,4.539103984832764,4.539103984832764,4.003291130065918,0
SAUD.CA,Banking,2022-03-08 22:00:00,4.46314811706543,4.542141914367676,4.466186046600342,4.4844160079956055,3.9550585746765137,80185
SAUD.CA,Banking,2022-03-09 22:00:00,4.4844160079956055,4.599867820739746,4.466186046600342,4.581638813018799,4.040804862976074,154415
SAUD.CA,Banking,2022-03-12 22:00:00,4.581638813018799,4.587715148925781,4.511760234832764,4.560370922088623,4.022047519683838,294040
SAUD.CA,Banking,2022-03-13 22:00:00,4.560370922088623,4.560370922088623,4.517836093902588,4.517836093902588,3.9845333099365234,130856
SAUD.CA,Banking,2022-03-14 22:00:00,4.517836093902588,4.554295063018799,4.511760234832764,4.517836093902588,3.9845333099365234,57494
SAUD.CA,Banking,2022-03-15 22:00:00,4.517836093902588,4.608983039855957,4.478339195251465,4.569486141204834,4.030086517333984,79105
SAUD.CA,Banking,2022-03-16 22:00:00,4.569486141204834,4.618096828460693,4.557332992553711,4.569486141204834,4.030086517333984,91000
SAUD.CA,Banking,2022-03-19 22:00:00,4.569486141204834,4.618096828460693,4.563408851623535,4.593791961669922,4.051523208618164,156529
SAUD.CA,Banking,2022-03-20 22:00:00,4.593791961669922,4.7700090408325195,4.602906227111816,4.751779079437256,4.190860748291016,162637
SAUD.CA,Banking,2022-03-21 22:00:00,4.751779079437256,4.815581798553467,4.6940531730651855,4.712282180786133,4.156026363372803,207911
SAUD.CA,Banking,2022-03-22 22:00:00,4.712282180786133,4.736588001251221,4.663671016693115,4.712282180786133,4.156026363372803,42478
SAUD.CA,Banking,2022-03-23 22:00:00,4.712282180786133,4.754817008972168,4.660633087158203,4.67886209487915,4.126551151275635,166271
SAUD.CA,Banking,2022-03-26 22:00:00,4.67886209487915,4.64847993850708,4.557332992553711,4.569486141204834,4.030086517333984,195308
SAUD.CA,Banking,2022-03-27 22:00:00,4.569486141204834,4.575562000274658,4.529988765716553,4.569486141204834,4.030086517333984,64587
SAUD.CA,Banking,2022-03-28 22:00:00,4.569486141204834,4.766970157623291,4.526950836181641,4.6819000244140625,4.129230499267578,128966
SAUD.CA,Banking,2022-03-29 22:00:00,4.6819000244140625,4.703167915344238,4.618096828460693,4.672784805297852,4.121191024780273,64797
SAUD.CA,Banking,2022-03-30 22:00:00,4.672784805297852,4.7092437744140625,4.587715148925781,4.602906227111816,4.059561729431152,91247
SAUD.CA,Banking,2022-04-02 22:00:00,4.602906227111816,4.7700090408325195,4.64847993850708,4.763932228088379,4.201579570770264,198382
SAUD.CA,Banking,2022-04-03 22:00:00,4.763932228088379,4.766970157623291,4.684937953948975,4.763932228088379,4.201579570770264,25159
SAUD.CA,Banking,2022-04-04 22:00:00,4.763932228088379,4.763932228088379,4.687976837158203,4.7092437744140625,4.153346538543701,69948
SAUD.CA,Banking,2022-04-05 22:00:00,4.7092437744140625,4.852040767669678,4.633288860321045,4.830772876739502,4.2605299949646,261119
SAUD.CA,Banking,2022-04-06 22:00:00,4.830772876739502,5.013065814971924,4.712282180786133,5.0039520263671875,4.413266181945801,558405
SAUD.CA,Banking,2022-04-09 22:00:00,5.0039520263671875,4.982684135437012,4.897614002227783,5.0039520263671875,4.413266181945801,32097
SAUD.CA,Banking,2022-04-10 22:00:00,5.0039520263671875,4.994836807250977,4.842926025390625,5.0039520263671875,4.413266181945801,58267
SAUD.CA,Banking,2022-04-11 22:00:00,5.0039520263671875,4.921919822692871,4.809504985809326,5.0039520263671875,4.413266181945801,23118
SAUD.CA,Banking,2022-04-12 22:00:00,5.0039520263671875,4.88546085357666,4.809504985809326,5.0039520263671875,4.413266181945801,6424
SAUD.CA,Banking,2022-04-13 22:00:00,5.0039520263671875,4.85811710357666,4.724434852600098,4.733550071716309,4.174783706665039,143909
SAUD.CA,Banking,2022-04-16 22:00:00,4.733550071716309,4.80039119720459,4.438841819763184,4.536065101623535,4.000610828399658,147941
SAUD.CA,Banking,2022-04-17 22:00:00,4.536065101623535,4.572524070739746,4.481377124786377,4.536065101623535,4.000610828399658,58033
SAUD.CA,Banking,2022-04-18 22:00:00,4.536065101623535,4.67886209487915,4.557332992553711,4.536065101623535,4.000610828399658,38726
SAUD.CA,Banking,2022-04-19 22:00:00,4.536065101623535,4.830772876739502,4.560370922088623,4.80039119720459,4.233734607696533,96154
SAUD.CA,Banking,2022-04-20 22:00:00,4.80039119720459,4.9796462059021,4.745703220367432,4.80039119720459,4.233734607696533,23760
SAUD.CA,Banking,2022-04-25 22:00:00,4.80039119720459,4.861155033111572,4.718358993530273,4.80039119720459,4.233734607696533,6793
SAUD.CA,Banking,2022-04-26 22:00:00,4.80039119720459,4.7700090408325195,4.72747278213501,4.80039119720459,4.233734607696533,27298
SAUD.CA,Banking,2022-04-27 22:00:00,4.80039119720459,4.830772876739502,4.773046970367432,4.7973527908325195,4.23105525970459,110205
SAUD.CA,Banking,2022-05-07 22:00:00,4.7973527908325195,4.824697017669678,4.724434852600098,4.7973527908325195,4.23105525970459,37034
SAUD.CA,Banking,2022-05-08 22:00:00,4.7973527908325195,4.80039119720459,4.636326789855957,4.675824165344238,4.123871803283691,76817
SAUD.CA,Banking,2022-05-09 22:00:00,4.675824165344238,4.712282180786133,4.654555797576904,4.697091102600098,4.142628192901611,691045
SAUD.CA,Banking,2022-05-10 22:00:00,4.697091102600098,4.751779079437256,4.636326789855957,4.697091102600098,4.142628192901611,11335
SAUD.CA,Banking,2022-05-11 22:00:00,4.697091102600098,4.745703220367432,4.587715148925781,4.697091102600098,4.142628192901611,37969
SAUD.CA,Banking,2022-05-14 22:00:00,4.697091102600098,4.7092437744140625,4.563408851623535,4.697091102600098,4.142628192901611,45292
SAUD.CA,Banking,2022-05-15 22:00:00,4.697091102600098,4.697091102600098,4.593791961669922,4.697091102600098,4.142628192901611,51688
SAUD.CA,Banking,2022-05-16 22:00:00,4.697091102600098,4.7213969230651855,4.62113618850708,4.697091102600098,4.142628192901611,26706
SAUD.CA,Banking,2022-05-17 22:00:00,4.697091102600098,4.67886209487915,4.587715148925781,4.697091102600098,4.142628192901611,47593
SAUD.CA,Banking,2022-05-18 22:00:00,4.697091102600098,4.675824165344238,4.557332992553711,4.557332992553711,4.0193681716918945,205896
SAUD.CA,Banking,2022-05-21 22:00:00,4.557332992553711,4.64847993850708,4.560370922088623,4.557332992553711,4.0193681716918945,18240
SAUD.CA,Banking,2022-05-22 22:00:00,4.557332992553711,4.651517868041992,4.557332992553711,4.557332992553711,4.0193681716918945,148155
SAUD.CA,Banking,2022-05-23 22:00:00,4.557332992553711,4.560370922088623,4.526950836181641,4.557332992553711,4.0193681716918945,51638
SAUD.CA,Banking,2022-05-24 22:00:00,4.557332992553711,4.572524070739746,4.526950836181641,4.529988765716553,3.9952516555786133,201812
SAUD.CA,Banking,2022-05-25 22:00:00,4.529988765716553,4.554295063018799,4.511760234832764,4.529988765716553,3.9952516555786133,64909
SAUD.CA,Banking,2022-05-28 22:00:00,4.529988765716553,4.557332992553711,4.472262859344482,4.529988765716553,3.9952516555786133,54459
SAUD.CA,Banking,2022-05-29 22:00:00,4.529988765716553,4.542141914367676,4.4965691566467285,4.529988765716553,3.9952516555786133,47155
SAUD.CA,Banking,2022-05-30 22:00:00,4.529988765716553,4.5239129066467285,4.405422210693359,4.4965691566467285,3.9657769203186035,264569
SAUD.CA,Banking,2022-05-31 22:00:00,4.4965691566467285,4.554295063018799,4.405422210693359,4.4965691566467285,3.9657769203186035,28184
SAUD.CA,Banking,2022-06-01 22:00:00,4.4965691566467285,4.466186046600342,4.384153842926025,4.4965691566467285,3.9657769203186035,43301
SAUD.CA,Banking,2022-06-04 22:00:00,4.4965691566467285,4.4965691566467285,4.4965691566467285,4.4965691566467285,3.9657769203186035,0
SAUD.CA,Banking,2022-06-05 22:00:00,4.4965691566467285,4.384153842926025,4.25351095199585,4.320352077484131,3.81036114692688,109488
SAUD.CA,Banking,2022-06-06 22:00:00,4.320352077484131,4.450994968414307,4.359848976135254,4.396306991577148,3.877350091934204,78769
SAUD.CA,Banking,2022-06-07 22:00:00,4.396306991577148,4.539103984832764,4.36896276473999,4.396306991577148,3.877350091934204,27154
SAUD.CA,Banking,2022-06-08 22:00:00,4.396306991577148,4.542141914367676,4.405422210693359,4.49049186706543,3.9604172706604004,113158
SAUD.CA,Banking,2022-06-11 22:00:00,4.49049186706543,4.4965691566467285,4.423651218414307,4.49049186706543,3.9604172706604004,5763
SAUD.CA,Banking,2022-06-12 22:00:00,4.49049186706543,4.5208740234375,4.4358038902282715,4.49049186706543,3.9604172706604004,41465
SAUD.CA,Banking,2022-06-13 22:00:00,4.49049186706543,4.4965691566467285,4.4084601402282715,4.49049186706543,3.9604172706604004,55578
SAUD.CA,Banking,2022-06-14 22:00:00,4.49049186706543,4.4965691566467285,4.454032897949219,4.49049186706543,3.9604172706604004,229584
SAUD.CA,Banking,2022-06-15 22:00:00,4.49061393737793,4.64847993850708,4.375040054321289,4.4844160079956055,3.9550585746765137,92447
SAUD.CA,Banking,2022-06-18 22:00:00,4.4844160079956055,4.557332992553711,4.323997974395752,4.4844160079956055,3.9550585746765137,62105
SAUD.CA,Banking,2022-06-19 22:00:00,4.4844160079956055,4.462540149688721,4.305768013000488,4.4844160079956055,3.9550585746765137,33994
SAUD.CA,Banking,2022-06-20 22:00:00,4.4844160079956055,4.364101886749268,4.203683853149414,4.25108003616333,3.7492661476135254,87606
SAUD.CA,Banking,2022-06-21 22:00:00,4.25108003616333,4.258371829986572,4.203683853149414,4.25108003616333,3.7492661476135254,15697
SAUD.CA,Banking,2022-06-22 22:00:00,4.25108003616333,4.254725933074951,4.090662002563477,4.25108003616333,3.7492661476135254,24959
SAUD.CA,Banking,2022-06-25 22:00:00,4.25108003616333,4.247434139251709,4.083370208740234,4.163578987121582,3.6720943450927734,232400
SAUD.CA,Banking,2022-06-26 22:00:00,4.163578987121582,4.123475074768066,4.090662002563477,4.163578987121582,3.6720943450927734,60191
SAUD.CA,Banking,2022-06-27 22:00:00,4.163578987121582,4.152641773223877,3.4635729789733887,4.01409912109375,3.540259599685669,88417
SAUD.CA,Banking,2022-06-28 22:00:00,4.01409912109375,4.134411811828613,4.010453224182129,4.01409912109375,3.540259599685669,9794
SAUD.CA,Banking,2022-07-02 22:00:00,4.01409912109375,4.152641773223877,3.9375360012054443,3.944827079772949,3.4791646003723145,148540
SAUD.CA,Banking,2022-07-03 22:00:00,3.944827079772949,3.9922239780426025,3.9047229290008545,3.944827079772949,3.4791646003723145,24652
SAUD.CA,Banking,2022-07-04 22:00:00,3.944827079772949,3.9594109058380127,3.944827079772949,3.944827079772949,3.4791646003723145,24509
SAUD.CA,Banking,2022-07-05 22:00:00,3.944827079772949,4.0031609535217285,3.912014961242676,3.944827079772949,3.4791646003723145,17087
SAUD.CA,Banking,2022-07-06 22:00:00,3.944827079772949,4.119829177856445,4.00680685043335,3.944827079772949,3.4791646003723145,27093
SAUD.CA,Banking,2022-07-16 22:00:00,3.944827079772949,4.050558090209961,4.017745018005371,3.944827079772949,3.4791646003723145,21975
SAUD.CA,Banking,2022-07-17 22:00:00,3.944827079772949,4.138058185577393,4.04691219329834,3.944827079772949,3.4791646003723145,6322
SAUD.CA,Banking,2022-07-18 22:00:00,3.944827079772949,4.148995876312256,4.010453224182129,3.944827079772949,3.4791646003723145,11001
SAUD.CA,Banking,2022-07-19 22:00:00,3.944827079772949,4.1890997886657715,4.021390914916992,4.148995876312256,3.6592323780059814,197505
SAUD.CA,Banking,2022-07-20 22:00:00,4.148995876312256,4.225559234619141,4.148995876312256,4.148995876312256,3.6592323780059814,46433
SAUD.CA,Banking,2022-07-23 22:00:00,4.148995876312256,4.2109761238098145,4.159934043884277,4.207330226898193,3.7106807231903076,158565
SAUD.CA,Banking,2022-07-24 22:00:00,4.207330226898193,4.185454845428467,4.116182804107666,4.156288146972656,3.665663957595825,512698
SAUD.CA,Banking,2022-07-25 22:00:00,4.156288146972656,4.232851028442383,4.141704082489014,4.185454845428467,3.69138765335083,153565
SAUD.CA,Banking,2022-07-26 22:00:00,4.185454845428467,4.192746162414551,4.1745171546936035,4.192746162414551,3.6978182792663574,190656
SAUD.CA,Banking,2022-07-27 22:00:00,4.192746162414551,4.2766008377075195,4.141704082489014,4.2109761238098145,3.7138965129852295,262058
SAUD.CA,Banking,2022-07-30 22:00:00,4.2109761238098145,4.21826696395874,4.170870780944824,4.2109761238098145,3.7138965129852295,61639
SAUD.CA,Banking,2022-07-31 22:00:00,4.2109761238098145,4.280247211456299,4.170870780944824,4.21826696395874,3.7203264236450195,102167
SAUD.CA,Banking,2022-08-01 22:00:00,4.21826696395874,4.302122116088867,4.2146220207214355,4.21826696395874,3.7203264236450195,37343
SAUD.CA,Banking,2022-08-02 22:00:00,4.21826696395874,4.323997974395752,4.247434139251709,4.21826696395874,3.7203264236450195,18401
SAUD.CA,Banking,2022-08-03 22:00:00,4.21826696395874,4.415143966674805,4.302122116088867,4.21826696395874,3.7203264236450195,55207
SAUD.CA,Banking,2022-08-06 22:00:00,4.21826696395874,4.418789863586426,4.338581085205078,4.375040054321289,3.858593702316284,171934
SAUD.CA,Banking,2022-08-07 22:00:00,4.375040054321289,4.375040054321289,4.309413909912109,4.356810092926025,3.842515707015991,88190
SAUD.CA,Banking,2022-08-08 22:00:00,4.356810092926025,4.4479570388793945,4.393269062042236,4.356810092926025,3.842515707015991,45467
SAUD.CA,Banking,2022-08-09 22:00:00,4.356810092926025,4.411498069763184,4.331288814544678,4.356810092926025,3.842515707015991,51941
SAUD.CA,Banking,2022-08-10 22:00:00,4.356810092926025,4.411498069763184,4.375040054321289,4.393269062042236,3.8746707439422607,143935
SAUD.CA,Banking,2022-08-13 22:00:00,4.393269062042236,4.5463948249816895,4.393269062042236,4.393269062042236,3.8746707439422607,31814
SAUD.CA,Banking,2022-08-14 22:00:00,4.393269062042236,4.5463948249816895,4.375040054321289,4.393269062042236,3.8746707439422607,87507
SAUD.CA,Banking,2022-08-15 22:00:00,4.393269062042236,4.528165817260742,4.327642917633057,4.37868595123291,3.861809253692627,133861
SAUD.CA,Banking,2022-08-16 22:00:00,4.37868595123291,4.4479570388793945,4.375040054321289,4.37868595123291,3.861809253692627,4753
SAUD.CA,Banking,2022-08-17 22:00:00,4.37868595123291,4.37868595123291,4.37868595123291,4.37868595123291,3.861809253692627,0
SAUD.CA,Banking,2022-08-20 22:00:00,4.415143966674805,4.593791961669922,4.4844160079956055,4.557332992553711,4.0193681716918945,207157
SAUD.CA,Banking,2022-08-21 22:00:00,4.557332992553711,4.539103984832764,4.488061904907227,4.557332992553711,4.0193681716918945,54694
SAUD.CA,Banking,2022-08-22 22:00:00,4.557332992553711,4.557332992553711,4.557332992553711,4.557332992553711,4.0193681716918945,0
SAUD.CA,Banking,2022-08-23 22:00:00,4.4005608558654785,4.5463948249816895,4.393269062042236,4.415143966674805,3.89396333694458,81851
SAUD.CA,Banking,2022-08-24 22:00:00,4.415143966674805,4.5208740234375,4.4479570388793945,4.415143966674805,3.89396333694458,11997
SAUD.CA,Banking,2022-08-27 22:00:00,4.415143966674805,4.4844160079956055,4.393269062042236,4.415143966674805,3.89396333694458,45081
SAUD.CA,Banking,2022-08-28 22:00:00,4.415143966674805,4.509936809539795,4.433373928070068,4.444311141967773,3.919687509536743,68131
SAUD.CA,Banking,2022-08-29 22:00:00,4.444311141967773,4.4844160079956055,4.411498069763184,4.462540149688721,3.935765027999878,156769
SAUD.CA,Banking,2022-08-30 22:00:00,4.462540149688721,4.466186046600342,4.4479570388793945,4.462540149688721,3.935765027999878,27293
SAUD.CA,Banking,2022-08-31 22:00:00,4.462540149688721,4.451602935791016,4.338581085205078,4.393269062042236,3.8746707439422607,116326
SAUD.CA,Banking,2022-09-03 22:00:00,4.393269062042236,4.4479570388793945,4.320352077484131,4.393269062042236,3.8746707439422607,63449
SAUD.CA,Banking,2022-09-04 22:00:00,4.393269062042236,4.4479570388793945,4.385976791381836,4.429728031158447,3.9068260192871094,207327
SAUD.CA,Banking,2022-09-05 22:00:00,4.429728031158447,4.466186046600342,4.429728031158447,4.466186046600342,3.9389801025390625,140188
SAUD.CA,Banking,2022-09-06 22:00:00,4.466186046600342,4.539103984832764,4.411498069763184,4.5208740234375,3.987212657928467,212712
SAUD.CA,Banking,2022-09-07 22:00:00,4.5208740234375,4.575562000274658,4.528165817260742,4.550041198730469,4.012937068939209,160463
SAUD.CA,Banking,2022-09-10 22:00:00,4.550041198730469,4.64847993850708,4.575562000274658,4.637541770935059,4.090108394622803,89797
SAUD.CA,Banking,2022-09-11 22:00:00,4.637541770935059,4.739625930786133,4.593791961669922,4.710459232330322,4.1544189453125,310740
SAUD.CA,Banking,2022-09-12 22:00:00,4.710459232330322,4.739625930786133,4.557332992553711,4.597437858581543,4.054738521575928,291535
SAUD.CA,Banking,2022-09-13 22:00:00,4.597437858581543,4.688583850860596,4.506290912628174,4.557332992553711,4.0193681716918945,159320
SAUD.CA,Banking,2022-09-14 22:00:00,4.557332992553711,4.637541770935059,4.560978889465332,4.557332992553711,4.0193681716918945,47478
SAUD.CA,Banking,2022-09-17 22:00:00,4.557332992553711,4.612020969390869,4.5208740234375,4.535458087921143,4.000075340270996,65893
SAUD.CA,Banking,2022-09-18 22:00:00,4.535458087921143,4.579207897186279,4.513583183288574,4.535458087921143,4.000075340270996,35385
SAUD.CA,Banking,2022-09-19 22:00:00,4.535458087921143,4.695876121520996,4.5208740234375,4.6812920570373535,4.128694534301758,72822
SAUD.CA,Banking,2022-09-20 22:00:00,4.6812920570373535,4.677647113800049,4.528165817260742,4.568271160125732,4.029015064239502,97532
SAUD.CA,Banking,2022-09-21 22:00:00,4.568271160125732,4.663063049316406,4.502645015716553,4.5208740234375,3.987212657928467,201515
SAUD.CA,Banking,2022-09-24 22:00:00,4.5208740234375,4.64847993850708,4.5208740234375,4.5208740234375,3.987212657928467,19443
SAUD.CA,Banking,2022-09-25 22:00:00,4.5208740234375,4.684937953948975,4.535458087921143,4.557332992553711,4.0193681716918945,115977
SAUD.CA,Banking,2022-09-26 22:00:00,4.557332992553711,4.666708946228027,4.5463948249816895,4.55368709564209,4.016152381896973,71267
SAUD.CA,Banking,2022-09-27 22:00:00,4.55368709564209,4.699522018432617,4.575562000274658,4.630249977111816,4.083677768707275,108251
SAUD.CA,Banking,2022-09-28 22:00:00,4.630249977111816,4.666708946228027,4.58650016784668,4.663063049316406,4.112617492675781,73069
SAUD.CA,Banking,2022-10-01 22:00:00,4.663063049316406,4.684937953948975,4.557332992553711,4.659417152404785,4.109401702880859,225466
SAUD.CA,Banking,2022-10-02 22:00:00,4.659417152404785,4.921919822692871,4.593791961669922,4.677647113800049,4.1254801750183105,14747568
SAUD.CA,Banking,2022-10-03 22:00:00,4.677647113800049,4.921919822692871,4.739625930786133,4.743271827697754,4.1833577156066895,591678
SAUD.CA,Banking,2022-10-04 22:00:00,4.743271827697754,4.903689861297607,4.7578558921813965,4.743271827697754,4.1833577156066895,29578
SAUD.CA,Banking,2022-10-08 22:00:00,4.743271827697754,4.849001884460449,4.779730796813965,4.743271827697754,4.1833577156066895,29052
SAUD.CA,Banking,2022-10-09 22:00:00,4.743271827697754,4.900043964385986,4.750564098358154,4.772439002990723,4.209082126617432,83009
SAUD.CA,Banking,2022-10-10 22:00:00,4.772439002990723,4.903689861297607,4.739625930786133,4.746918201446533,4.1865739822387695,102826
SAUD.CA,Banking,2022-10-11 22:00:00,4.746918201446533,4.779730796813965,4.710459232330322,4.728689193725586,4.170496940612793,83478
SAUD.CA,Banking,2022-10-12 22:00:00,4.728689193725586,4.7578558921813965,4.735980033874512,4.728689193725586,4.170496940612793,54639
SAUD.CA,Banking,2022-10-15 22:00:00,4.728689193725586,4.812543869018555,4.710459232330322,4.728689193725586,4.170496940612793,52656
SAUD.CA,Banking,2022-10-16 22:00:00,4.728689193725586,4.812543869018555,4.7213969230651855,4.728689193725586,4.170496940612793,61562
SAUD.CA,Banking,2022-10-17 22:00:00,4.728689193725586,4.794313907623291,4.743271827697754,4.728689193725586,4.170496940612793,21668
SAUD.CA,Banking,2022-10-18 22:00:00,4.728689193725586,4.82348108291626,4.739625930786133,4.801606178283691,4.234806060791016,371453
SAUD.CA,Banking,2022-10-19 22:00:00,4.801606178283691,5.060462951660156,4.82348108291626,4.92556619644165,4.344133377075195,519969
SAUD.CA,Banking,2022-10-22 22:00:00,4.92556619644165,5.0312957763671875,4.79066801071167,4.827126979827881,4.257314682006836,118462
SAUD.CA,Banking,2022-10-23 22:00:00,4.827126979827881,4.88546085357666,4.743271827697754,4.801606178283691,4.234806060791016,288781
SAUD.CA,Banking,2022-10-24 22:00:00,4.801606178283691,4.932857036590576,4.776084899902344,4.910982131958008,4.331271171569824,279801
SAUD.CA,Banking,2022-10-25 22:00:00,4.910982131958008,4.910982131958008,4.910982131958008,4.910982131958008,4.331271171569824,0
SAUD.CA,Banking,2022-10-26 22:00:00,4.940148830413818,5.013065814971924,4.921919822692871,4.994836807250977,4.405227184295654,333366
SAUD.CA,Banking,2022-10-29 22:00:00,4.994836807250977,5.067753791809082,4.994836807250977,4.998483180999756,4.408442974090576,148587
SAUD.CA,Banking,2022-10-30 22:00:00,4.998483180999756,5.09327507019043,4.958377838134766,5.053171157836914,4.4566755294799805,65603
SAUD.CA,Banking,2022-10-31 22:00:00,5.053171157836914,5.067753791809082,4.962024211883545,5.053171157836914,4.4566755294799805,14062
SAUD.CA,Banking,2022-11-01 22:00:00,5.053171157836914,5.067753791809082,4.958377838134766,5.053171157836914,4.4566755294799805,47173
SAUD.CA,Banking,2022-11-02 22:00:00,5.053171157836914,5.064107894897461,4.943795204162598,4.95108699798584,4.366641998291016,82877
SAUD.CA,Banking,2022-11-05 22:00:00,4.95108699798584,4.943795204162598,4.812543869018555,4.859940052032471,4.286253929138184,82496
SAUD.CA,Banking,2022-11-06 22:00:00,4.859940052032471,4.921919822692871,4.849001884460449,4.896399021148682,4.318409442901611,252444
SAUD.CA,Banking,2022-11-07 22:00:00,4.896399021148682,4.940148830413818,4.878169059753418,4.8927531242370605,4.3151936531066895,239309
SAUD.CA,Banking,2022-11-08 22:00:00,4.8927531242370605,4.921919822692871,4.779730796813965,4.863585948944092,4.2894697189331055,134577
SAUD.CA,Banking,2022-11-09 22:00:00,4.863585948944092,4.900043964385986,4.88546085357666,4.863585948944092,4.2894697189331055,5828
SAUD.CA,Banking,2022-11-12 22:00:00,4.863585948944092,4.976607799530029,4.921919822692871,4.929211139678955,4.347348213195801,233020
SAUD.CA,Banking,2022-11-13 22:00:00,4.929211139678955,5.104213237762451,4.929211139678955,5.09327507019043,4.4920454025268555,131820
SAUD.CA,Banking,2022-11-14 22:00:00,5.09327507019043,5.089630126953125,5.002129077911377,5.09327507019043,4.4920454025268555,21191
SAUD.CA,Banking,2022-11-15 22:00:00,5.09327507019043,5.359424114227295,5.067753791809082,5.330256938934326,4.701052665710449,187648
SAUD.CA,Banking,2022-11-16 22:00:00,5.330256938934326,5.632863998413086,5.330256938934326,5.574530124664307,4.9164910316467285,205865
SAUD.CA,Banking,2022-11-19 22:00:00,5.574530124664307,6.012033939361572,5.505258083343506,5.818802833557129,5.131929397583008,220235
SAUD.CA,Banking,2022-11-20 22:00:00,5.818802833557129,6.449538230895996,6.033908843994141,6.310995101928711,5.566020965576172,364456
SAUD.CA,Banking,2022-11-21 22:00:00,6.310995101928711,6.890687942504883,6.416725158691406,6.4349541664123535,5.675347805023193,1687069
SAUD.CA,Banking,2022-11-22 22:00:00,6.4349541664123535,6.533392906188965,6.325578212738037,6.376620769500732,5.623899936676025,463563
SAUD.CA,Banking,2022-11-23 22:00:00,6.376620769500732,6.540685176849365,6.329224109649658,6.383912086486816,5.630331039428711,451793
SAUD.CA,Banking,2022-11-26 22:00:00,6.383912086486816,6.562560081481934,6.39484977722168,6.540685176849365,5.768597602844238,386385
SAUD.CA,Banking,2022-11-27 22:00:00,6.540685176849365,6.737561225891113,6.442245960235596,6.5734968185424805,5.797536373138428,749286
SAUD.CA,Banking,2022-11-28 22:00:00,6.5734968185424805,6.799540996551514,6.562560081481934,6.748498916625977,5.951879978179932,557513
SAUD.CA,Banking,2022-11-29 22:00:00,6.748498916625977,6.9162092208862305,6.752144813537598,6.817770004272461,6.012974262237549,378691
SAUD.CA,Banking,2022-11-30 22:00:00,6.817770004272461,6.919855117797852,6.774020195007324,6.861520767211914,6.051560878753662,467326
SAUD.CA,Banking,2022-12-03 22:00:00,6.861520767211914,7.032876968383789,6.890687942504883,6.963604927062988,6.141594409942627,493874
SAUD.CA,Banking,2022-12-04 22:00:00,6.963604927062988,7.109439849853516,6.963604927062988,7.098502159118652,6.260568141937256,543363
SAUD.CA,Banking,2022-12-05 22:00:00,7.098502159118652,7.641736030578613,7.036521911621094,7.488609790802002,6.604625701904297,1344901
SAUD.CA,Banking,2022-12-06 22:00:00,7.488999843597412,8.34000015258789,7.730000019073486,8.100000381469727,7.143845081329346,1229356
SAUD.CA,Banking,2022-12-07 22:00:00,8.100000381469727,8.25,7.900000095367432,8.069999694824219,7.117386341094971,949709
SAUD.CA,Banking,2022-12-10 22:00:00,8.069999694824219,8.149999618530273,7.769999980926514,7.920000076293945,6.985093116760254,933073
SAUD.CA,Banking,2022-12-11 22:00:00,7.920000076293945,7.929999828338623,7.550000190734863,7.849999904632568,6.923355579376221,544883
SAUD.CA,Banking,2022-12-12 22:00:00,7.849999904632568,8.050000190734863,7.900000095367432,7.96999979019165,7.029190540313721,257368
SAUD.CA,Banking,2022-12-13 22:00:00,7.96999979019165,8.0,7.840000152587891,7.889999866485596,6.958634376525879,648031
SAUD.CA,Banking,2022-12-14 22:00:00,7.889999866485596,8.5,7.900000095367432,8.430000305175781,7.4348907470703125,2596682
SAUD.CA,Banking,2022-12-17 22:00:00,8.430000305175781,9.100000381469727,8.460000038146973,8.90999984741211,7.858229637145996,1969200
SAUD.CA,Banking,2022-12-18 22:00:00,8.90999984741211,9.079999923706055,8.550000190734863,8.65999984741211,7.637740135192871,825827
SAUD.CA,Banking,2022-12-19 22:00:00,8.65999984741211,8.989999771118164,8.430000305175781,8.489999771118164,7.487807750701904,646274
SAUD.CA,Banking,2022-12-20 22:00:00,8.489999771118164,8.600000381469727,8.34000015258789,8.369999885559082,7.3819732666015625,253034
SAUD.CA,Banking,2022-12-21 22:00:00,8.369999885559082,8.550000190734863,8.210000038146973,8.25,7.2761383056640625,371738
SAUD.CA,Banking,2022-12-24 22:00:00,8.25,8.350000381469727,8.050000190734863,8.149999618530273,7.1879425048828125,326287
SAUD.CA,Banking,2022-12-25 22:00:00,8.149999618530273,8.279999732971191,8.0600004196167,8.229999542236328,7.2584991455078125,164818
SAUD.CA,Banking,2022-12-26 22:00:00,8.229999542236328,8.300000190734863,8.130000114440918,8.1899995803833,7.223220348358154,105677
SAUD.CA,Banking,2022-12-27 22:00:00,8.1899995803833,8.390000343322754,8.130000114440918,8.3100004196167,7.329056262969971,174238
SAUD.CA,Banking,2022-12-28 22:00:00,8.3100004196167,8.369999885559082,8.220000267028809,8.260000228881836,7.284958362579346,100154
SAUD.CA,Banking,2023-01-01 22:00:00,8.260000228881836,8.520000457763672,8.260000228881836,8.399999618530273,7.408431529998779,206091
SAUD.CA,Banking,2023-01-02 22:00:00,8.399999618530273,8.479999542236328,8.329999923706055,8.350000381469727,7.364334583282471,169462
SAUD.CA,Banking,2023-01-03 22:00:00,8.350000381469727,8.479999542236328,8.100000381469727,8.430000305175781,7.4348907470703125,538493
SAUD.CA,Banking,2023-01-04 22:00:00,8.430000305175781,8.5,8.300000190734863,8.34000015258789,7.3555145263671875,468569
SAUD.CA,Banking,2023-01-08 22:00:00,8.34000015258789,8.550000190734863,8.25,8.300000190734863,7.3202362060546875,350636
SAUD.CA,Banking,2023-01-09 22:00:00,8.300000190734863,8.390000343322754,8.1899995803833,8.210000038146973,7.240860462188721,254246
SAUD.CA,Banking,2023-01-10 22:00:00,8.210000038146973,8.9399995803833,8.199999809265137,8.449999809265137,7.452529430389404,653346
SAUD.CA,Banking,2023-01-11 22:00:00,8.449999809265137,8.600000381469727,8.3100004196167,8.359999656677246,7.373153209686279,167389
SAUD.CA,Banking,2023-01-14 22:00:00,8.359999656677246,8.6899995803833,8.350000381469727,8.489999771118164,7.487807750701904,190094
SAUD.CA,Banking,2023-01-15 22:00:00,8.489999771118164,8.710000038146973,8.449999809265137,8.550000190734863,7.5407257080078125,253294
SAUD.CA,Banking,2023-01-16 22:00:00,8.550000190734863,8.649999618530273,8.460000038146973,8.520000457763672,7.514267444610596,143815
SAUD.CA,Banking,2023-01-17 22:00:00,8.520000457763672,8.649999618530273,8.40999984741211,8.510000228881836,7.5054473876953125,205763
SAUD.CA,Banking,2023-01-18 22:00:00,8.510000228881836,8.640000343322754,8.430000305175781,8.520000457763672,7.514267444610596,154492
SAUD.CA,Banking,2023-01-21 22:00:00,8.520000457763672,8.90999984741211,8.5,8.890000343322754,7.840590476989746,429324
SAUD.CA,Banking,2023-01-22 22:00:00,8.890000343322754,9.050000190734863,8.710000038146973,8.819999694824219,7.778853416442871,364709
SAUD.CA,Banking,2023-01-23 22:00:00,8.819999694824219,9.0,8.75,8.989999771118164,7.928786277770996,302449
SAUD.CA,Banking,2023-01-24 22:00:00,8.989999771118164,9.300000190734863,9.0,9.229999542236328,8.14045524597168,431453
SAUD.CA,Banking,2023-01-28 22:00:00,9.229999542236328,9.75,9.229999542236328,9.680000305175781,8.537335395812988,773504
SAUD.CA,Banking,2023-01-29 22:00:00,9.680000305175781,9.859999656677246,9.3100004196167,9.5600004196167,8.431501388549805,575312
SAUD.CA,Banking,2023-01-30 22:00:00,9.5600004196167,9.770000457763672,9.069999694824219,9.229999542236328,8.14045524597168,462457
SAUD.CA,Banking,2023-01-31 22:00:00,9.229999542236328,9.430000305175781,8.9399995803833,9.050000190734863,7.981703281402588,174540
SAUD.CA,Banking,2023-02-01 22:00:00,9.050000190734863,9.300000190734863,8.970000267028809,9.020000457763672,7.955245018005371,154754
SAUD.CA,Banking,2023-02-04 22:00:00,9.020000457763672,9.180000305175781,8.510000228881836,8.789999961853027,7.752394676208496,80028
SAUD.CA,Banking,2023-02-05 22:00:00,8.789999961853027,9.180000305175781,8.800000190734863,8.970000267028809,7.911147117614746,66491
SAUD.CA,Banking,2023-02-06 22:00:00,8.970000267028809,9.149999618530273,8.789999961853027,8.850000381469727,7.805312633514404,310789
SAUD.CA,Banking,2023-02-07 22:00:00,8.850000381469727,9.0,8.800000190734863,8.800000190734863,7.761214733123779,134041
SAUD.CA,Banking,2023-02-08 22:00:00,8.800000190734863,9.09000015258789,8.819999694824219,8.949999809265137,7.893507480621338,487280
SAUD.CA,Banking,2023-02-11 22:00:00,8.949999809265137,9.0600004196167,8.899999618530273,9.0,7.937605381011963,94666
SAUD.CA,Banking,2023-02-12 22:00:00,9.0,9.050000190734863,8.850000381469727,8.880000114440918,7.831770420074463,127940
SAUD.CA,Banking,2023-02-13 22:00:00,8.880000114440918,8.989999771118164,8.619999885559082,8.829999923706055,7.787672519683838,340235
SAUD.CA,Banking,2023-02-14 22:00:00,8.829999923706055,9.050000190734863,8.800000190734863,9.010000228881836,7.946425437927246,282804
SAUD.CA,Banking,2023-02-15 22:00:00,9.010000228881836,9.069999694824219,8.84000015258789,8.949999809265137,7.893507480621338,162832
SAUD.CA,Banking,2023-02-18 22:00:00,8.949999809265137,9.3100004196167,9.100000381469727,9.1899995803833,8.10517692565918,515285
SAUD.CA,Banking,2023-02-19 22:00:00,9.1899995803833,9.4399995803833,9.0,9.079999923706055,8.008162498474121,550582
SAUD.CA,Banking,2023-02-20 22:00:00,9.079999923706055,9.229999542236328,8.819999694824219,8.979999542236328,7.919966220855713,481326
SAUD.CA,Banking,2023-02-21 22:00:00,8.979999542236328,9.199999809265137,8.90999984741211,8.9399995803833,7.884687423706055,280247
SAUD.CA,Banking,2023-02-22 22:00:00,8.9399995803833,9.09000015258789,8.880000114440918,8.989999771118164,7.928786277770996,295258
SAUD.CA,Banking,2023-02-25 22:00:00,8.989999771118164,9.100000381469727,8.989999771118164,9.0600004196167,7.990522861480713,153108
SAUD.CA,Banking,2023-02-26 22:00:00,9.0600004196167,9.100000381469727,8.9399995803833,8.970000267028809,7.911147117614746,176251
SAUD.CA,Banking,2023-02-27 22:00:00,8.970000267028809,9.069999694824219,8.899999618530273,8.9399995803833,7.884687423706055,196306
SAUD.CA,Banking,2023-02-28 22:00:00,8.9399995803833,9.010000228881836,8.899999618530273,8.960000038146973,7.902327537536621,246799
SAUD.CA,Banking,2023-03-01 22:00:00,8.960000038146973,9.100000381469727,8.90999984741211,8.930000305175781,7.875869274139404,137736
SAUD.CA,Banking,2023-03-04 22:00:00,8.930000305175781,9.050000190734863,8.510000228881836,8.829999923706055,7.787672519683838,239420
SAUD.CA,Banking,2023-03-05 22:00:00,8.829999923706055,9.0,8.8100004196167,8.880000114440918,7.831770420074463,122540
SAUD.CA,Banking,2023-03-06 22:00:00,8.880000114440918,8.920000076293945,8.75,8.789999961853027,7.752394676208496,122334
SAUD.CA,Banking,2023-03-07 22:00:00,8.789999961853027,8.850000381469727,8.640000343322754,8.829999923706055,7.787672519683838,68488
SAUD.CA,Banking,2023-03-08 22:00:00,8.829999923706055,9.050000190734863,8.760000228881836,8.989999771118164,7.928786277770996,99992
SAUD.CA,Banking,2023-03-11 22:00:00,8.989999771118164,9.029999732971191,8.75,8.819999694824219,7.778853416442871,348825
SAUD.CA,Banking,2023-03-12 22:00:00,8.819999694824219,8.789999961853027,7.699999809265137,7.840000152587891,6.914536952972412,974567
SAUD.CA,Banking,2023-03-13 22:00:00,7.840000152587891,7.889999866485596,7.150000095367432,7.760000228881836,6.843979835510254,122105
SAUD.CA,Banking,2023-03-14 22:00:00,7.760000228881836,8.0600004196167,7.300000190734863,7.550000190734863,6.658769607543945,175207
SAUD.CA,Banking,2023-03-15 22:00:00,7.550000190734863,7.480000019073486,7.150000095367432,7.239999771118164,6.38536262512207,190181
SAUD.CA,Banking,2023-03-18 22:00:00,7.239999771118164,7.46999979019165,7.099999904632568,7.139999866485596,6.29716682434082,215418
SAUD.CA,Banking,2023-03-19 22:00:00,7.139999866485596,7.440000057220459,7.150000095367432,7.349999904632568,6.482378005981445,203467
SAUD.CA,Banking,2023-03-20 22:00:00,7.349999904632568,7.5,7.210000038146973,7.440000057220459,6.56175422668457,82529
SAUD.CA,Banking,2023-03-21 22:00:00,7.440000057220459,7.570000171661377,7.269999980926514,7.340000152587891,6.47355842590332,145374
SAUD.CA,Banking,2023-03-22 22:00:00,7.340000152587891,7.449999809265137,7.300000190734863,7.340000152587891,6.47355842590332,34860
SAUD.CA,Banking,2023-03-25 22:00:00,7.340000152587891,7.650000095367432,7.349999904632568,7.590000152587891,6.694047451019287,115278
SAUD.CA,Banking,2023-03-26 22:00:00,7.590000152587891,7.659999847412109,7.5,7.510000228881836,6.623490810394287,101905
SAUD.CA,Banking,2023-03-27 22:00:00,7.510000228881836,7.579999923706055,7.360000133514404,7.46999979019165,6.588212490081787,44496
SAUD.CA,Banking,2023-03-28 22:00:00,7.46999979019165,7.630000114440918,7.5,7.590000152587891,6.694047451019287,55714
SAUD.CA,Banking,2023-03-29 22:00:00,7.590000152587891,7.650000095367432,7.5,7.539999961853027,6.649949550628662,199647
SAUD.CA,Banking,2023-04-01 22:00:00,7.539999961853027,7.699999809265137,7.550000190734863,7.670000076293945,6.764604091644287,124126
SAUD.CA,Banking,2023-04-02 22:00:00,7.670000076293945,7.960000038146973,7.599999904632568,7.909999847412109,6.976273059844971,94815
SAUD.CA,Banking,2023-04-03 22:00:00,7.909999847412109,8.039999961853027,7.800000190734863,7.920000076293945,6.985093116760254,239493
SAUD.CA,Banking,2023-04-04 22:00:00,7.920000076293945,8.100000381469727,7.949999809265137,7.980000019073486,7.038010597229004,143855
SAUD.CA,Banking,2023-04-05 22:00:00,7.980000019073486,8.050000190734863,7.949999809265137,8.0,7.055649280548096,118654
SAUD.CA,Banking,2023-04-08 22:00:00,8.0,8.050000190734863,7.849999904632568,7.889999866485596,6.958634376525879,52695
SAUD.CA,Banking,2023-04-09 22:00:00,7.889999866485596,8.050000190734863,7.849999904632568,7.96999979019165,7.029190540313721,125192
SAUD.CA,Banking,2023-04-10 22:00:00,7.96999979019165,8.100000381469727,7.900000095367432,8.050000190734863,7.099747180938721,73877
SAUD.CA,Banking,2023-04-11 22:00:00,8.050000190734863,8.100000381469727,7.900000095367432,8.010000228881836,7.064469337463379,114109
SAUD.CA,Banking,2023-04-12 22:00:00,8.010000228881836,8.0,7.909999847412109,7.980000019073486,7.038010597229004,39827
SAUD.CA,Banking,2023-04-17 22:00:00,7.980000019073486,8.289999961853027,7.940000057220459,8.130000114440918,7.170303821563721,207600
SAUD.CA,Banking,2023-04-18 22:00:00,8.130000114440918,8.300000190734863,8.149999618530273,8.199999809265137,7.2320404052734375,162012
SAUD.CA,Banking,2023-04-25 22:00:00,8.199999809265137,8.449999809265137,8.180000305175781,8.300000190734863,7.3202362060546875,116183
SAUD.CA,Banking,2023-04-26 22:00:00,8.300000190734863,8.479999542236328,8.210000038146973,8.399999618530273,7.408431529998779,52266
SAUD.CA,Banking,2023-04-29 21:00:00,8.399999618530273,8.630000114440918,8.300000190734863,8.350000381469727,7.364334583282471,222490
SAUD.CA,Banking,2023-04-30 21:00:00,8.350000381469727,8.350000381469727,8.350000381469727,8.350000381469727,7.364334583282471,0
SAUD.CA,Banking,2023-05-01 21:00:00,8.170000076293945,8.289999961853027,8.050000190734863,8.100000381469727,7.143845081329346,158803
SAUD.CA,Banking,2023-05-02 21:00:00,8.100000381469727,8.25,7.980000019073486,8.029999732971191,7.082108020782471,152265
SAUD.CA,Banking,2023-05-06 21:00:00,8.029999732971191,8.140000343322754,7.909999847412109,8.020000457763672,7.073288917541504,63337
SAUD.CA,Banking,2023-05-07 21:00:00,8.020000457763672,8.140000343322754,8.0,8.109999656677246,7.1526641845703125,141193
SAUD.CA,Banking,2023-05-08 21:00:00,8.109999656677246,8.149999618530273,8.020000457763672,8.0600004196167,7.108567237854004,47046
SAUD.CA,Banking,2023-05-09 21:00:00,8.0600004196167,8.130000114440918,7.96999979019165,8.029999732971191,7.082108020782471,38384
SAUD.CA,Banking,2023-05-10 21:00:00,8.029999732971191,8.109999656677246,8.0,8.020000457763672,7.073288917541504,61983
SAUD.CA,Banking,2023-05-13 21:00:00,8.020000457763672,8.399999618530273,7.909999847412109,8.390000343322754,7.3996124267578125,356244
SAUD.CA,Banking,2023-05-14 21:00:00,8.390000343322754,8.789999961853027,8.119999885559082,8.229999542236328,7.2584991455078125,452487
SAUD.CA,Banking,2023-05-15 21:00:00,8.229999542236328,8.25,7.960000038146973,8.010000228881836,7.064469337463379,413298
SAUD.CA,Banking,2023-05-16 21:00:00,8.010000228881836,8.149999618530273,7.809999942779541,7.860000133514404,6.932175636291504,352598
SAUD.CA,Banking,2023-05-17 21:00:00,7.860000133514404,7.960000038146973,7.710000038146973,7.869999885559082,6.940995216369629,94406
SAUD.CA,Banking,2023-05-20 21:00:00,7.869999885559082,8.050000190734863,7.869999885559082,7.869999885559082,6.940995216369629,50073
SAUD.CA,Banking,2023-05-21 21:00:00,7.869999885559082,8.0,7.820000171661377,7.869999885559082,6.940995216369629,63731
SAUD.CA,Banking,2023-05-22 21:00:00,7.869999885559082,7.960000038146973,7.820000171661377,7.869999885559082,6.940995216369629,42368
SAUD.CA,Banking,2023-05-23 21:00:00,7.869999885559082,8.050000190734863,7.849999904632568,7.980000019073486,7.038010597229004,57005
SAUD.CA,Banking,2023-05-24 21:00:00,7.980000019073486,8.100000381469727,7.949999809265137,8.09000015258789,7.135025501251221,97161
SAUD.CA,Banking,2023-05-27 21:00:00,8.09000015258789,8.15999984741211,8.0,8.09000015258789,7.135025501251221,100873
SAUD.CA,Banking,2023-05-28 21:00:00,8.09000015258789,8.1899995803833,8.0,8.029999732971191,7.082108020782471,197057
SAUD.CA,Banking,2023-05-29 21:00:00,8.029999732971191,8.199999809265137,8.029999732971191,8.149999618530273,7.1879425048828125,237333
SAUD.CA,Banking,2023-05-30 21:00:00,8.149999618530273,8.420000076293945,8.210000038146973,8.3100004196167,7.329056262969971,458840
SAUD.CA,Banking,2023-05-31 21:00:00,8.3100004196167,8.5,8.220000267028809,8.289999961853027,7.3114166259765625,113159
SAUD.CA,Banking,2023-06-03 21:00:00,8.289999961853027,8.350000381469727,8.220000267028809,8.270000457763672,7.293777942657471,68564
SAUD.CA,Banking,2023-06-04 21:00:00,8.270000457763672,8.350000381469727,8.020000457763672,8.0600004196167,7.108567237854004,105397
SAUD.CA,Banking,2023-06-05 21:00:00,8.0600004196167,8.130000114440918,8.029999732971191,8.119999885559082,7.161484241485596,188076
SAUD.CA,Banking,2023-06-06 21:00:00,8.119999885559082,8.199999809265137,7.980000019073486,8.0,7.055649280548096,239382
SAUD.CA,Banking,2023-06-07 21:00:00,8.0,8.270000457763672,7.96999979019165,8.239999771118164,7.2673187255859375,163275
SAUD.CA,Banking,2023-06-10 21:00:00,8.239999771118164,8.279999732971191,8.100000381469727,8.170000076293945,7.205582141876221,60079
SAUD.CA,Banking,2023-06-11 21:00:00,8.170000076293945,8.25,8.069999694824219,8.1899995803833,7.223220348358154,80792
SAUD.CA,Banking,2023-06-12 21:00:00,8.1899995803833,9.0,8.09000015258789,8.510000228881836,7.5054473876953125,1137909
SAUD.CA,Banking,2023-06-13 21:00:00,8.510000228881836,8.699999809265137,8.319999694824219,8.380000114440918,7.3907928466796875,244948
SAUD.CA,Banking,2023-06-14 21:00:00,8.380000114440918,8.5,8.229999542236328,8.34000015258789,7.3555145263671875,114112
SAUD.CA,Banking,2023-06-17 21:00:00,8.34000015258789,8.489999771118164,8.220000267028809,8.25,7.2761383056640625,88469
SAUD.CA,Banking,2023-06-18 21:00:00,8.25,8.699999809265137,8.25,8.3100004196167,7.329056262969971,356270
SAUD.CA,Banking,2023-06-19 21:00:00,8.3100004196167,8.569999694824219,8.279999732971191,8.3100004196167,7.329056262969971,105102
SAUD.CA,Banking,2023-06-20 21:00:00,8.3100004196167,8.489999771118164,8.270000457763672,8.3100004196167,7.329056262969971,125033
SAUD.CA,Banking,2023-06-21 21:00:00,8.3100004196167,8.399999618530273,8.260000228881836,8.350000381469727,7.364334583282471,78607
SAUD.CA,Banking,2023-06-24 21:00:00,8.350000381469727,8.399999618530273,8.25,8.359999656677246,7.373153209686279,65544
SAUD.CA,Banking,2023-06-25 21:00:00,8.359999656677246,8.399999618530273,8.260000228881836,8.369999885559082,7.3819732666015625,145519
SAUD.CA,Banking,2023-07-03 21:00:00,8.369999885559082,8.399999618530273,8.239999771118164,8.300000190734863,7.3202362060546875,69819
SAUD.CA,Banking,2023-07-04 21:00:00,8.300000190734863,8.350000381469727,7.900000095367432,8.050000190734863,7.099747180938721,710583
SAUD.CA,Banking,2023-07-05 21:00:00,8.050000190734863,8.199999809265137,8.0,8.0,7.055649280548096,203140
SAUD.CA,Banking,2023-07-08 21:00:00,8.0,8.199999809265137,7.789999961853027,7.809999942779541,6.888077735900879,124992
SAUD.CA,Banking,2023-07-09 21:00:00,7.809999942779541,8.0,7.800000190734863,7.889999866485596,6.958634376525879,96751
SAUD.CA,Banking,2023-07-10 21:00:00,7.889999866485596,8.069999694824219,7.840000152587891,8.010000228881836,7.064469337463379,106031
SAUD.CA,Banking,2023-07-11 21:00:00,8.010000228881836,8.100000381469727,7.900000095367432,8.010000228881836,7.064469337463379,21125
SAUD.CA,Banking,2023-07-12 21:00:00,8.010000228881836,8.0600004196167,7.900000095367432,7.949999809265137,7.011551380157471,166519
SAUD.CA,Banking,2023-07-15 21:00:00,7.949999809265137,8.100000381469727,7.889999866485596,7.900000095367432,6.967453956604004,127522
SAUD.CA,Banking,2023-07-16 21:00:00,7.900000095367432,8.039999961853027,7.909999847412109,7.949999809265137,7.011551380157471,73378
SAUD.CA,Banking,2023-07-17 21:00:00,7.949999809265137,8.029999732971191,7.920000076293945,7.949999809265137,7.011551380157471,71366
SAUD.CA,Banking,2023-07-18 21:00:00,7.949999809265137,7.949999809265137,7.949999809265137,7.949999809265137,7.011551380157471,0
SAUD.CA,Banking,2023-07-23 21:00:00,7.96999979019165,8.359999656677246,8.0,8.119999885559082,7.161484241485596,347365
SAUD.CA,Banking,2023-07-24 21:00:00,8.119999885559082,8.239999771118164,8.079999923706055,8.199999809265137,7.2320404052734375,409911
SAUD.CA,Banking,2023-07-25 21:00:00,8.199999809265137,8.300000190734863,8.0600004196167,8.300000190734863,7.3202362060546875,179439
SAUD.CA,Banking,2023-07-26 21:00:00,8.300000190734863,8.3100004196167,8.1899995803833,8.289999961853027,7.3114166259765625,100868
SAUD.CA,Banking,2023-07-29 21:00:00,8.289999961853027,8.289999961853027,8.100000381469727,8.289999961853027,7.3114166259765625,36534
SAUD.CA,Banking,2023-07-30 21:00:00,8.289999961853027,8.279999732971191,8.109999656677246,8.140000343322754,7.179123401641846,66904
SAUD.CA,Banking,2023-07-31 21:00:00,8.140000343322754,8.260000228881836,8.100000381469727,8.109999656677246,7.1526641845703125,334936
SAUD.CA,Banking,2023-08-01 21:00:00,8.109999656677246,8.260000228881836,8.119999885559082,8.239999771118164,7.2673187255859375,70889
SAUD.CA,Banking,2023-08-02 21:00:00,8.239999771118164,8.239999771118164,8.109999656677246,8.130000114440918,7.170303821563721,36969
SAUD.CA,Banking,2023-08-05 21:00:00,8.130000114440918,8.220000267028809,8.119999885559082,8.15999984741211,7.1967620849609375,52116
SAUD.CA,Banking,2023-08-06 21:00:00,8.15999984741211,8.279999732971191,8.119999885559082,8.25,7.2761383056640625,68661
SAUD.CA,Banking,2023-08-07 21:00:00,8.25,8.300000190734863,8.199999809265137,8.289999961853027,7.3114166259765625,95070
SAUD.CA,Banking,2023-08-08 21:00:00,8.289999961853027,8.359999656677246,8.25,8.350000381469727,7.364334583282471,102398
SAUD.CA,Banking,2023-08-09 21:00:00,8.350000381469727,8.359999656677246,8.130000114440918,8.220000267028809,7.249680042266846,960245
SAUD.CA,Banking,2023-08-12 21:00:00,8.220000267028809,8.380000114440918,8.170000076293945,8.220000267028809,7.249680042266846,19234
SAUD.CA,Banking,2023-08-13 21:00:00,8.220000267028809,8.430000305175781,8.260000228881836,8.369999885559082,7.3819732666015625,51934
SAUD.CA,Banking,2023-08-14 21:00:00,8.369999885559082,8.399999618530273,8.279999732971191,8.380000114440918,7.3907928466796875,91100
SAUD.CA,Banking,2023-08-15 21:00:00,8.380000114440918,8.4399995803833,8.3100004196167,8.359999656677246,7.373153209686279,179690
SAUD.CA,Banking,2023-08-16 21:00:00,8.359999656677246,8.399999618530273,8.239999771118164,8.3100004196167,7.329056262969971,76556
SAUD.CA,Banking,2023-08-19 21:00:00,8.3100004196167,8.529999732971191,8.3100004196167,8.5,7.496627330780029,242545
SAUD.CA,Banking,2023-08-20 21:00:00,8.5,8.59000015258789,8.369999885559082,8.539999961853027,7.531905651092529,88327
SAUD.CA,Banking,2023-08-21 21:00:00,8.539999961853027,8.699999809265137,8.430000305175781,8.680000305175781,7.655379772186279,235281
SAUD.CA,Banking,2023-08-22 21:00:00,8.680000305175781,8.739999771118164,8.539999961853027,8.649999618530273,7.628921031951904,180031
SAUD.CA,Banking,2023-08-23 21:00:00,8.649999618530273,8.890000343322754,8.600000381469727,8.869999885559082,7.822951316833496,261641
SAUD.CA,Banking,2023-08-26 21:00:00,8.869999885559082,9.100000381469727,8.699999809265137,9.100000381469727,8.025801658630371,486103
SAUD.CA,Banking,2023-08-27 21:00:00,9.100000381469727,9.3100004196167,8.899999618530273,9.289999961853027,8.19337272644043,359319
SAUD.CA,Banking,2023-08-28 21:00:00,9.289999961853027,9.4399995803833,9.119999885559082,9.279999732971191,8.184553146362305,306182
SAUD.CA,Banking,2023-08-29 21:00:00,9.279999732971191,9.390000343322754,9.199999809265137,9.369999885559082,8.26392936706543,143494
SAUD.CA,Banking,2023-08-30 21:00:00,9.369999885559082,9.369999885559082,9.369999885559082,9.369999885559082,8.26392936706543,0
SAUD.CA,Banking,2023-09-02 21:00:00,9.380000114440918,9.430000305175781,9.199999809265137,9.300000190734863,8.202192306518555,63949
SAUD.CA,Banking,2023-09-03 21:00:00,9.300000190734863,9.399999618530273,9.199999809265137,9.300000190734863,8.202192306518555,58989
SAUD.CA,Banking,2023-09-04 21:00:00,9.300000190734863,9.40999984741211,9.229999542236328,9.390000343322754,8.28156852722168,123781
SAUD.CA,Banking,2023-09-05 21:00:00,9.390000343322754,9.40999984741211,9.100000381469727,9.239999771118164,8.149274826049805,200519
SAUD.CA,Banking,2023-09-06 21:00:00,9.239999771118164,9.319999694824219,9.119999885559082,9.25,8.15809440612793,115152
SAUD.CA,Banking,2023-09-09 21:00:00,9.25,9.25,9.25,9.25,8.15809440612793,0
SAUD.CA,Banking,2023-09-10 21:00:00,9.25,9.399999618530273,9.210000038146973,9.380000114440918,8.272748947143555,71585
SAUD.CA,Banking,2023-09-11 21:00:00,9.380000114440918,9.40999984741211,9.199999809265137,9.399999618530273,8.290387153625488,123196
SAUD.CA,Banking,2023-09-12 21:00:00,9.399999618530273,9.430000305175781,9.260000228881836,9.40999984741211,8.29920768737793,67284
SAUD.CA,Banking,2023-09-13 21:00:00,9.40999984741211,9.4399995803833,9.25,9.40999984741211,8.29920768737793,27558
SAUD.CA,Banking,2023-09-16 21:00:00,9.40999984741211,9.489999771118164,9.369999885559082,9.420000076293945,8.308027267456055,59666
SAUD.CA,Banking,2023-09-17 21:00:00,9.420000076293945,9.489999771118164,9.270000457763672,9.430000305175781,8.31684684753418,94202
SAUD.CA,Banking,2023-09-18 21:00:00,9.430000305175781,9.5,9.369999885559082,9.479999542236328,8.360943794250488,90121
SAUD.CA,Banking,2023-09-19 21:00:00,9.479999542236328,9.479999542236328,9.479999542236328,9.479999542236328,8.360943794250488,0
SAUD.CA,Banking,2023-09-20 21:00:00,9.479999542236328,9.479999542236328,9.479999542236328,9.479999542236328,8.360943794250488,0
SAUD.CA,Banking,2023-09-23 21:00:00,9.479999542236328,9.479999542236328,9.479999542236328,9.479999542236328,8.360943794250488,0
SAUD.CA,Banking,2023-09-24 21:00:00,9.149999618530273,9.399999618530273,9.050000190734863,9.09000015258789,8.016982078552246,264397
SAUD.CA,Banking,2023-09-25 21:00:00,9.09000015258789,9.289999961853027,9.100000381469727,9.239999771118164,8.149274826049805,172509
SAUD.CA,Banking,2023-09-26 21:00:00,9.239999771118164,9.239999771118164,9.239999771118164,9.239999771118164,8.149274826049805,0
SAUD.CA,Banking,2023-09-30 21:00:00,9.239999771118164,9.239999771118164,9.239999771118164,9.239999771118164,8.149274826049805,0
SAUD.CA,Banking,2023-10-01 21:00:00,9.140000343322754,9.199999809265137,9.010000228881836,9.039999961853027,7.972884178161621,75680
SAUD.CA,Banking,2023-10-02 21:00:00,9.039999961853027,9.149999618530273,8.859999656677246,8.890000343322754,7.840590476989746,62242
SAUD.CA,Banking,2023-10-03 21:00:00,8.890000343322754,9.100000381469727,8.8100004196167,8.890000343322754,7.840590476989746,8631
SAUD.CA,Banking,2023-10-07 21:00:00,8.890000343322754,9.020000457763672,8.600000381469727,8.630000114440918,7.611281871795654,107846
SAUD.CA,Banking,2023-10-08 21:00:00,8.630000114440918,8.880000114440918,8.5,8.630000114440918,7.611281871795654,42848
SAUD.CA,Banking,2023-10-09 21:00:00,8.630000114440918,8.800000190734863,8.5,8.630000114440918,7.611281871795654,31725
SAUD.CA,Banking,2023-10-10 21:00:00,8.630000114440918,8.899999618530273,8.619999885559082,8.65999984741211,7.637740135192871,107997
SAUD.CA,Banking,2023-10-11 21:00:00,8.65999984741211,8.930000305175781,8.619999885559082,8.65999984741211,7.637740135192871,31556
SAUD.CA,Banking,2023-10-14 21:00:00,8.65999984741211,8.880000114440918,8.710000038146973,8.779999732971191,7.743574619293213,68574
SAUD.CA,Banking,2023-10-15 21:00:00,8.779999732971191,9.25,8.720000267028809,8.970000267028809,7.911147117614746,236359
SAUD.CA,Banking,2023-10-16 21:00:00,8.970000267028809,9.239999771118164,8.819999694824219,9.199999809265137,8.113996505737305,232225
SAUD.CA,Banking,2023-10-17 21:00:00,9.199999809265137,9.600000381469727,9.069999694824219,9.399999618530273,8.290387153625488,546094
SAUD.CA,Banking,2023-10-18 21:00:00,9.399999618530273,9.399999618530273,9.399999618530273,9.399999618530273,8.290387153625488,0
SAUD.CA,Banking,2023-10-21 21:00:00,9.239999771118164,9.369999885559082,9.149999618530273,9.210000038146973,8.122817039489746,143580
SAUD.CA,Banking,2023-10-22 21:00:00,9.210000038146973,9.359999656677246,9.220000267028809,9.270000457763672,8.175734519958496,70015
SAUD.CA,Banking,2023-10-23 21:00:00,9.270000457763672,9.649999618530273,9.300000190734863,9.390000343322754,8.28156852722168,342598
SAUD.CA,Banking,2023-10-24 21:00:00,9.390000343322754,10.390000343322754,9.40999984741211,10.359999656677246,9.137064933776855,973044
SAUD.CA,Banking,2023-10-25 21:00:00,10.359999656677246,10.489999771118164,10.0,10.09000015258789,8.898938179016113,420222
SAUD.CA,Banking,2023-10-28 22:00:00,10.09000015258789,10.489999771118164,10.050000190734863,10.199999809265137,8.995952606201172,173785
SAUD.CA,Banking,2023-10-29 22:00:00,10.199999809265137,10.420000076293945,9.979999542236328,10.0,8.819561958312988,304192
SAUD.CA,Banking,2023-10-30 22:00:00,10.0,10.0,9.75,9.869999885559082,8.704907417297363,94509
SAUD.CA,Banking,2023-10-31 22:00:00,9.869999885559082,10.0,9.5,9.850000381469727,8.687268257141113,131339
SAUD.CA,Banking,2023-11-01 22:00:00,9.850000381469727,10.079999923706055,9.609999656677246,9.720000267028809,8.572614669799805,268162
SAUD.CA,Banking,2023-11-04 22:00:00,9.720000267028809,9.899999618530273,9.699999809265137,9.760000228881836,8.607892990112305,179893
SAUD.CA,Banking,2023-11-05 22:00:00,9.760000228881836,9.970000267028809,9.710000038146973,9.899999618530273,8.731366157531738,75744
SAUD.CA,Banking,2023-11-06 22:00:00,9.899999618530273,10.09000015258789,9.829999923706055,10.039999961853027,8.854840278625488,183673
SAUD.CA,Banking,2023-11-07 22:00:00,10.039999961853027,10.5,10.0,10.039999961853027,8.854840278625488,559436
SAUD.CA,Banking,2023-11-08 22:00:00,10.039999961853027,10.350000381469727,10.050000190734863,10.069999694824219,8.881299018859863,215059
SAUD.CA,Banking,2023-11-11 22:00:00,10.069999694824219,10.300000190734863,10.039999961853027,10.069999694824219,8.881299018859863,187670
SAUD.CA,Banking,2023-11-12 22:00:00,10.069999694824219,10.390000343322754,10.149999618530273,10.279999732971191,9.066509246826172,173617
SAUD.CA,Banking,2023-11-13 22:00:00,10.279999732971191,10.5,10.140000343322754,10.260000228881836,9.048870086669922,278040
SAUD.CA,Banking,2023-11-14 22:00:00,10.260000228881836,11.1899995803833,10.399999618530273,11.0,9.701518058776855,922957
SAUD.CA,Banking,2023-11-15 22:00:00,11.0,11.15999984741211,10.899999618530273,11.0600004196167,9.754435539245605,216069
SAUD.CA,Banking,2023-11-18 22:00:00,11.0600004196167,11.84000015258789,11.100000381469727,11.510000228881836,10.151315689086914,488535
SAUD.CA,Banking,2023-11-19 22:00:00,11.510000228881836,11.640000343322754,11.220000267028809,11.319999694824219,9.983743667602539,106686
SAUD.CA,Banking,2023-11-20 22:00:00,11.319999694824219,11.369999885559082,11.0,11.279999732971191,9.948465347290039,139474
SAUD.CA,Banking,2023-11-21 22:00:00,11.279999732971191,11.430000305175781,11.130000114440918,11.279999732971191,9.948465347290039,110697
SAUD.CA,Banking,2023-11-22 22:00:00,11.279999732971191,11.399999618530273,11.199999809265137,11.3100004196167,9.97492504119873,121200
SAUD.CA,Banking,2023-11-25 22:00:00,11.3100004196167,11.960000038146973,11.229999542236328,11.630000114440918,10.257150650024414,347583
SAUD.CA,Banking,2023-11-26 22:00:00,11.630000114440918,12.079999923706055,11.5,11.600000381469727,10.230692863464355,364458
SAUD.CA,Banking,2023-11-27 22:00:00,11.600000381469727,11.989999771118164,11.25,11.510000228881836,10.151315689086914,162378
SAUD.CA,Banking,2023-11-28 22:00:00,11.510000228881836,11.699999809265137,11.399999618530273,11.5,10.142496109008789,77775
SAUD.CA,Banking,2023-11-29 22:00:00,11.5,11.649999618530273,11.3100004196167,11.460000038146973,10.107217788696289,222274
SAUD.CA,Banking,2023-12-02 22:00:00,11.460000038146973,11.739999771118164,11.40999984741211,11.619999885559082,10.248330116271973,147388
SAUD.CA,Banking,2023-12-03 22:00:00,11.619999885559082,11.75,11.5,11.630000114440918,10.257150650024414,151022
SAUD.CA,Banking,2023-12-04 22:00:00,11.630000114440918,11.770000457763672,11.579999923706055,11.649999618530273,10.274789810180664,265357
SAUD.CA,Banking,2023-12-05 22:00:00,11.649999618530273,11.84000015258789,11.399999618530273,11.470000267028809,10.116037368774414,95525
SAUD.CA,Banking,2023-12-06 22:00:00,11.470000267028809,11.600000381469727,11.25,11.350000381469727,10.01020336151123,66481
SAUD.CA,Banking,2023-12-09 22:00:00,11.350000381469727,11.699999809265137,11.289999961853027,11.609999656677246,10.239510536193848,160822
SAUD.CA,Banking,2023-12-10 22:00:00,11.609999656677246,11.619999885559082,11.029999732971191,11.5,10.142496109008789,252881
SAUD.CA,Banking,2023-12-11 22:00:00,11.5,11.75,11.350000381469727,11.699999809265137,10.318887710571289,665674
SAUD.CA,Banking,2023-12-12 22:00:00,11.699999809265137,11.760000228881836,11.609999656677246,11.699999809265137,10.318887710571289,100886
SAUD.CA,Banking,2023-12-13 22:00:00,11.699999809265137,11.9399995803833,11.699999809265137,11.75,10.362985610961914,82165
SAUD.CA,Banking,2023-12-16 22:00:00,11.75,12.359999656677246,11.609999656677246,12.279999732971191,10.830422401428223,195908
SAUD.CA,Banking,2023-12-17 22:00:00,12.279999732971191,12.789999961853027,12.399999618530273,12.479999542236328,11.006813049316406,367791
SAUD.CA,Banking,2023-12-18 22:00:00,12.479999542236328,12.65999984741211,12.300000190734863,12.399999618530273,10.93625545501709,136141
SAUD.CA,Banking,2023-12-19 22:00:00,12.399999618530273,12.550000190734863,12.199999809265137,12.470000267028809,10.997993469238281,50739
SAUD.CA,Banking,2023-12-20 22:00:00,12.470000267028809,12.5600004196167,12.109999656677246,12.380000114440918,10.918618202209473,89913
SAUD.CA,Banking,2023-12-23 22:00:00,12.380000114440918,12.380000114440918,12.380000114440918,12.380000114440918,10.918618202209473,0
SAUD.CA,Banking,2023-12-24 22:00:00,11.760000228881836,11.989999771118164,11.5,11.5600004196167,10.195413589477539,183409
SAUD.CA,Banking,2023-12-25 22:00:00,11.5600004196167,11.6899995803833,11.0,11.0600004196167,9.754435539245605,415835
SAUD.CA,Banking,2023-12-26 22:00:00,11.0600004196167,11.800000190734863,11.149999618530273,11.510000228881836,10.151315689086914,273473
SAUD.CA,Banking,2023-12-27 22:00:00,11.510000228881836,11.789999961853027,11.420000076293945,11.510000228881836,10.151315689086914,114926
SAUD.CA,Banking,2023-12-30 22:00:00,11.510000228881836,11.699999809265137,11.479999542236328,11.5,10.142496109008789,67271
SAUD.CA,Banking,2024-01-01 22:00:00,11.5,11.850000381469727,11.510000228881836,11.770000457763672,10.380624771118164,129114
SAUD.CA,Banking,2024-01-02 22:00:00,11.770000457763672,12.289999961853027,9.899999618530273,10.699999809265137,9.436930656433105,302628
SAUD.CA,Banking,2024-01-03 22:00:00,10.699999809265137,12.25,11.65999984741211,12.109999656677246,10.680489540100098,317982
SAUD.CA,Banking,2024-01-07 22:00:00,12.109999656677246,12.399999618530273,12.050000190734863,12.140000343322754,10.706948280334473,77727
SAUD.CA,Banking,2024-01-08 22:00:00,12.140000343322754,12.789999961853027,12.050000190734863,12.239999771118164,10.795143127441406,162633
SAUD.CA,Banking,2024-01-09 22:00:00,12.239999771118164,13.100000381469727,12.239999771118164,12.960000038146973,11.430152893066406,332119
SAUD.CA,Banking,2024-01-10 22:00:00,12.960000038146973,13.25,12.800000190734863,13.119999885559082,11.57126522064209,154963
SAUD.CA,Banking,2024-01-13 22:00:00,13.119999885559082,13.260000228881836,12.899999618530273,13.220000267028809,11.65946102142334,323773
SAUD.CA,Banking,2024-01-14 22:00:00,13.220000267028809,13.850000381469727,13.069999694824219,13.829999923706055,12.197453498840332,548525
SAUD.CA,Banking,2024-01-15 22:00:00,13.829999923706055,14.229999542236328,13.699999809265137,14.079999923706055,12.417943000793457,417201
SAUD.CA,Banking,2024-01-16 22:00:00,14.079999923706055,14.920000076293945,13.720000267028809,14.449999809265137,12.744266510009766,671982
SAUD.CA,Banking,2024-01-17 22:00:00,14.449999809265137,15.300000190734863,14.15999984741211,15.25,13.44983196258545,479392
SAUD.CA,Banking,2024-01-20 22:00:00,15.25,16.489999771118164,15.020000457763672,15.819999694824219,13.952546119689941,403207
SAUD.CA,Banking,2024-01-21 22:00:00,15.819999694824219,16.0,15.0,15.479999542236328,13.652681350708008,316807
SAUD.CA,Banking,2024-01-22 22:00:00,15.479999542236328,16.200000762939453,15.260000228881836,15.40999984741211,13.590944290161133,437533
SAUD.CA,Banking,2024-01-23 22:00:00,15.40999984741211,16.0,15.199999809265137,16.0,14.111298561096191,296207
SAUD.CA,Banking,2024-01-27 22:00:00,16.0,15.899999618530273,13.5,14.949999809265137,13.185245513916016,329760
SAUD.CA,Banking,2024-01-28 22:00:00,14.949999809265137,15.899999618530273,15.170000076293945,15.869999885559082,13.996644020080566,503395
SAUD.CA,Banking,2024-01-29 22:00:00,15.869999885559082,16.299999237060547,15.550000190734863,16.219999313354492,14.305328369140625,382840
SAUD.CA,Banking,2024-01-30 22:00:00,16.219999313354492,16.25,15.0,15.109999656677246,13.3263578414917,381827
SAUD.CA,Banking,2024-01-31 22:00:00,15.109999656677246,15.699999809265137,14.319999694824219,15.65999984741211,13.811433792114258,284581
SAUD.CA,Banking,2024-02-03 22:00:00,15.65999984741211,15.75,13.770000457763672,15.460000038146973,13.635043144226074,176165
SAUD.CA,Banking,2024-02-04 22:00:00,15.460000038146973,15.5600004196167,15.100000381469727,15.34000015258789,13.529208183288574,124768
SAUD.CA,Banking,2024-02-05 22:00:00,15.34000015258789,15.579999923706055,13.319999694824219,14.960000038146973,13.194064140319824,522021
SAUD.CA,Banking,2024-02-06 22:00:00,14.960000038146973,14.970000267028809,13.600000381469727,14.5,12.78836441040039,207158
SAUD.CA,Banking,2024-02-07 22:00:00,14.5,15.100000381469727,14.5,15.0,13.22934341430664,145699
SAUD.CA,Banking,2024-02-10 22:00:00,15.0,15.1899995803833,14.779999732971191,15.010000228881836,13.23816204071045,134646
SAUD.CA,Banking,2024-02-11 22:00:00,15.010000228881836,15.149999618530273,14.699999809265137,14.84000015258789,13.088229179382324,75881
SAUD.CA,Banking,2024-02-12 22:00:00,14.84000015258789,15.029999732971191,14.510000228881836,15.0,13.22934341430664,175591
SAUD.CA,Banking,2024-02-13 22:00:00,15.0,15.300000190734863,14.819999694824219,15.270000457763672,13.4674711227417,157386
SAUD.CA,Banking,2024-02-14 22:00:00,15.270000457763672,15.600000381469727,15.270000457763672,15.430000305175781,13.6085844039917,39078
SAUD.CA,Banking,2024-02-17 22:00:00,15.430000305175781,15.430000305175781,15.430000305175781,15.430000305175781,13.6085844039917,0
SAUD.CA,Banking,2024-02-18 22:00:00,15.520000457763672,15.770000457763672,15.479999542236328,15.600000381469727,13.758516311645508,140598
SAUD.CA,Banking,2024-02-19 22:00:00,15.600000381469727,15.75,15.550000190734863,15.65999984741211,13.811433792114258,153867
SAUD.CA,Banking,2024-02-20 22:00:00,15.65999984741211,15.789999961853027,15.420000076293945,15.510000228881836,13.6791410446167,98016
SAUD.CA,Banking,2024-02-21 22:00:00,15.510000228881836,15.59000015258789,15.199999809265137,15.319999694824219,13.511568069458008,52191
SAUD.CA,Banking,2024-02-24 22:00:00,15.319999694824219,15.600000381469727,14.130000114440918,14.539999961853027,12.82364273071289,147990
SAUD.CA,Banking,2024-02-25 22:00:00,14.539999961853027,15.0,14.369999885559082,14.8100004196167,13.061771392822266,83432
SAUD.CA,Banking,2024-02-26 22:00:00,14.8100004196167,14.989999771118164,14.40999984741211,14.6899995803833,12.95593547821045,121163
SAUD.CA,Banking,2024-02-27 22:00:00,14.6899995803833,14.75,14.399999618530273,14.539999961853027,12.82364273071289,39107
SAUD.CA,Banking,2024-02-28 22:00:00,14.539999961853027,14.5,14.039999961853027,14.0600004196167,12.400303840637207,229966
SAUD.CA,Banking,2024-03-02 22:00:00,14.0600004196167,14.4399995803833,13.800000190734863,13.90999984741211,12.268010139465332,89922
SAUD.CA,Banking,2024-03-03 22:00:00,13.90999984741211,14.989999771118164,14.029999732971191,14.380000114440918,12.682530403137207,126754
SAUD.CA,Banking,2024-03-04 22:00:00,14.380000114440918,14.760000228881836,14.3100004196167,14.65999984741211,12.92947769165039,29369
SAUD.CA,Banking,2024-03-05 22:00:00,14.65999984741211,16.450000762939453,14.65999984741211,15.050000190734863,13.273441314697266,626132
SAUD.CA,Banking,2024-03-06 22:00:00,15.050000190734863,15.789999961853027,15.050000190734863,15.300000190734863,13.493929862976074,308528
SAUD.CA,Banking,2024-03-09 22:00:00,15.300000190734863,16.190000534057617,15.40999984741211,16.020000457763672,14.128938674926758,344318
SAUD.CA,Banking,2024-03-10 22:00:00,16.020000457763672,17.700000762939453,16.0,16.350000381469727,14.419983863830566,1166312
SAUD.CA,Banking,2024-03-11 22:00:00,16.350000381469727,17.389999389648438,15.5,15.800000190734863,13.934907913208008,323022
SAUD.CA,Banking,2024-03-12 22:00:00,15.800000190734863,16.479999542236328,14.3100004196167,14.579999923706055,12.85892105102539,308272
SAUD.CA,Banking,2024-03-13 22:00:00,14.579999923706055,15.0,14.149999618530273,14.710000038146973,12.973575592041016,189767
SAUD.CA,Banking,2024-03-16 22:00:00,14.710000038146973,15.079999923706055,14.25,14.289999961853027,12.603153228759766,201309
SAUD.CA,Banking,2024-03-17 22:00:00,14.289999961853027,14.260000228881836,11.5,12.579999923706055,11.095008850097656,721546
SAUD.CA,Banking,2024-03-18 22:00:00,12.579999923706055,12.600000381469727,11.65999984741211,12.09000015258789,10.662850379943848,215239
SAUD.CA,Banking,2024-03-19 22:00:00,12.09000015258789,12.600000381469727,12.0,12.0600004196167,10.636391639709473,333436
SAUD.CA,Banking,2024-03-20 22:00:00,12.0600004196167,12.899999618530273,12.25,12.699999809265137,11.20084285736084,150994
SAUD.CA,Banking,2024-03-23 22:00:00,12.699999809265137,12.859999656677246,12.260000228881836,12.319999694824219,10.865699768066406,496161
SAUD.CA,Banking,2024-03-24 22:00:00,12.319999694824219,12.4399995803833,12.069999694824219,12.34000015258789,10.883338928222656,136533
SAUD.CA,Banking,2024-03-25 22:00:00,12.34000015258789,12.5,12.329999923706055,12.390000343322754,10.927437782287598,115190
SAUD.CA,Banking,2024-03-26 22:00:00,12.390000343322754,12.300000190734863,11.960000038146973,12.0,10.583474159240723,97183
SAUD.CA,Banking,2024-03-27 22:00:00,12.0,12.130000114440918,11.569999694824219,11.670000076293945,10.292428016662598,103584
SAUD.CA,Banking,2024-03-30 22:00:00,11.670000076293945,11.899999618530273,11.199999809265137,11.40999984741211,10.063119888305664,78778
SAUD.CA,Banking,2024-03-31 22:00:00,11.40999984741211,11.569999694824219,11.109999656677246,11.350000381469727,10.01020336151123,136248
SAUD.CA,Banking,2024-04-01 22:00:00,11.350000381469727,11.859999656677246,11.399999618530273,11.489999771118164,10.133676528930664,76439
SAUD.CA,Banking,2024-04-02 22:00:00,11.489999771118164,11.670000076293945,11.4399995803833,11.529999732971191,10.168954849243164,34785
SAUD.CA,Banking,2024-04-03 22:00:00,11.529999732971191,11.75,11.4399995803833,11.649999618530273,10.274789810180664,141818
SAUD.CA,Banking,2024-04-06 22:00:00,11.649999618530273,11.869999885559082,11.619999885559082,11.739999771118164,10.354165077209473,42574
SAUD.CA,Banking,2024-04-07 22:00:00,11.739999771118164,11.869999885559082,11.680000305175781,11.729999542236328,10.345345497131348,78441
SAUD.CA,Banking,2024-04-14 22:00:00,11.729999542236328,11.970000267028809,11.760000228881836,11.9399995803833,10.530556678771973,58823
SAUD.CA,Banking,2024-04-15 22:00:00,11.9399995803833,12.569999694824219,11.8100004196167,12.270000457763672,10.821602821350098,212220
SAUD.CA,Banking,2024-04-16 22:00:00,12.270000457763672,12.479999542236328,12.25,12.420000076293945,10.953895568847656,74821
SAUD.CA,Banking,2024-04-17 22:00:00,12.420000076293945,12.489999771118164,11.8100004196167,11.989999771118164,10.574654579162598,141356
SAUD.CA,Banking,2024-04-20 22:00:00,11.989999771118164,12.390000343322754,11.819999694824219,12.15999984741211,10.724587440490723,85783
SAUD.CA,Banking,2024-04-21 22:00:00,12.15999984741211,12.390000343322754,11.979999542236328,12.079999923706055,10.654030799865723,39441
SAUD.CA,Banking,2024-04-22 22:00:00,12.079999923706055,12.100000381469727,11.5,11.6899995803833,10.310067176818848,61466
SAUD.CA,Banking,2024-04-23 22:00:00,11.6899995803833,11.6899995803833,11.229999542236328,11.430000305175781,10.08076000213623,113515
SAUD.CA,Banking,2024-04-27 21:00:00,11.430000305175781,11.430000305175781,11.430000305175781,11.430000305175781,10.08076000213623,0
SAUD.CA,Banking,2024-04-28 21:00:00,11.119999885559082,11.380000114440918,11.020000457763672,11.319999694824219,9.983743667602539,384277
SAUD.CA,Banking,2024-04-29 21:00:00,11.319999694824219,11.399999618530273,10.899999618530273,10.949999809265137,9.65742015838623,91845
SAUD.CA,Banking,2024-05-01 21:00:00,10.789999961853027,11.289999961853027,10.829999923706055,11.15999984741211,9.842630386352539,119002
SAUD.CA,Banking,2024-05-06 21:00:00,11.15999984741211,11.300000190734863,11.039999961853027,11.220000267028809,9.895548820495605,88302
SAUD.CA,Banking,2024-05-07 21:00:00,11.220000267028809,11.359999656677246,11.069999694824219,11.270000457763672,9.93964672088623,66852
SAUD.CA,Banking,2024-05-08 21:00:00,11.270000457763672,11.239999771118164,10.90999984741211,10.979999542236328,9.683878898620605,48830
SAUD.CA,Banking,2024-05-11 21:00:00,10.979999542236328,11.210000038146973,10.899999618530273,10.920000076293945,9.630962371826172,36393
SAUD.CA,Banking,2024-05-12 21:00:00,10.920000076293945,10.949999809265137,10.600000381469727,10.720000267028809,9.454570770263672,54814
SAUD.CA,Banking,2024-05-13 21:00:00,10.720000267028809,10.899999618530273,10.630000114440918,10.760000228881836,9.489848136901855,48701
SAUD.CA,Banking,2024-05-14 21:00:00,10.760000228881836,10.84000015258789,10.609999656677246,10.699999809265137,9.436930656433105,30449
SAUD.CA,Banking,2024-05-15 21:00:00,10.699999809265137,10.84000015258789,10.600000381469727,10.670000076293945,9.410472869873047,87742
SAUD.CA,Banking,2024-05-18 21:00:00,10.670000076293945,11.220000267028809,10.729999542236328,11.119999885559082,9.807353019714355,87536
SAUD.CA,Banking,2024-05-19 21:00:00,11.050000190734863,11.289999961853027,10.949999809265137,11.109999656677246,9.798532485961914,41337
SAUD.CA,Banking,2024-05-20 21:00:00,11.109999656677246,11.130000114440918,10.869999885559082,10.920000076293945,9.630962371826172,97390
SAUD.CA,Banking,2024-05-21 21:00:00,10.920000076293945,11.0,10.710000038146973,10.8100004196167,9.53394603729248,67423
SAUD.CA,Banking,2024-05-22 21:00:00,10.8100004196167,10.989999771118164,10.729999542236328,10.850000381469727,9.569225311279297,73899
SAUD.CA,Banking,2024-05-25 21:00:00,10.850000381469727,10.850000381469727,10.850000381469727,10.850000381469727,9.569225311279297,0
SAUD.CA,Banking,2024-05-26 21:00:00,10.800000190734863,10.880000114440918,10.65999984741211,10.699999809265137,9.436930656433105,97194
SAUD.CA,Banking,2024-05-27 21:00:00,10.699999809265137,10.779999732971191,10.649999618530273,10.6899995803833,9.42811107635498,54330
SAUD.CA,Banking,2024-05-28 21:00:00,10.6899995803833,10.729999542236328,10.65999984741211,10.710000038146973,9.44575023651123,49853
SAUD.CA,Banking,2024-05-29 21:00:00,10.710000038146973,11.050000190734863,10.680000305175781,10.9399995803833,9.648599624633789,180245
SAUD.CA,Banking,2024-06-01 21:00:00,10.9399995803833,11.5,10.770000457763672,11.039999961853027,9.736795425415039,262892
SAUD.CA,Banking,2024-06-02 21:00:00,11.039999961853027,11.350000381469727,10.84000015258789,11.270000457763672,9.93964672088623,58015
SAUD.CA,Banking,2024-06-03 21:00:00,11.270000457763672,11.539999961853027,11.170000076293945,11.300000190734863,9.966105461120605,115148
SAUD.CA,Banking,2024-06-04 21:00:00,11.300000190734863,11.300000190734863,10.789999961853027,10.90999984741211,9.62214183807373,141934
SAUD.CA,Banking,2024-06-05 21:00:00,10.90999984741211,11.199999809265137,10.619999885559082,10.699999809265137,9.436930656433105,92413
SAUD.CA,Banking,2024-06-08 21:00:00,10.699999809265137,10.699999809265137,10.319999694824219,10.4399995803833,9.207622528076172,107637
SAUD.CA,Banking,2024-06-09 21:00:00,10.4399995803833,10.600000381469727,10.289999961853027,10.300000190734863,9.084148406982422,203877
SAUD.CA,Banking,2024-06-10 21:00:00,10.300000190734863,10.579999923706055,10.260000228881836,10.279999732971191,9.066509246826172,355643
SAUD.CA,Banking,2024-06-11 21:00:00,10.279999732971191,10.5,10.239999771118164,10.260000228881836,9.048870086669922,204057
SAUD.CA,Banking,2024-06-12 21:00:00,10.260000228881836,10.350000381469727,9.970000267028809,10.09000015258789,8.898938179016113,1202215
SAUD.CA,Banking,2024-06-22 21:00:00,10.09000015258789,10.359999656677246,10.100000381469727,10.140000343322754,8.943036079406738,764950
SAUD.CA,Banking,2024-06-23 21:00:00,10.140000343322754,10.329999923706055,10.130000114440918,10.170000076293945,8.969494819641113,623262
SAUD.CA,Banking,2024-06-24 21:00:00,10.170000076293945,10.210000038146973,10.100000381469727,10.199999809265137,8.995952606201172,271151
SAUD.CA,Banking,2024-06-25 21:00:00,10.199999809265137,10.25,10.15999984741211,10.180000305175781,8.978314399719238,380861
SAUD.CA,Banking,2024-06-26 21:00:00,10.180000305175781,10.920000076293945,10.25,10.550000190734863,9.304637908935547,1389689
SAUD.CA,Banking,2024-07-01 21:00:00,10.729999542236328,10.800000190734863,10.5,10.510000228881836,9.269359588623047,226613
SAUD.CA,Banking,2024-07-02 21:00:00,10.510000228881836,10.680000305175781,10.399999618530273,10.420000076293945,9.189983367919922,165402
SAUD.CA,Banking,2024-07-03 21:00:00,10.420000076293945,10.550000190734863,10.319999694824219,10.369999885559082,9.145885467529297,155175
SAUD.CA,Banking,2024-07-06 21:00:00,10.369999885559082,10.579999923706055,10.369999885559082,10.470000267028809,9.234081268310547,109967
SAUD.CA,Banking,2024-07-07 21:00:00,10.470000267028809,10.649999618530273,10.399999618530273,10.489999771118164,9.251720428466797,196919
SAUD.CA,Banking,2024-07-08 21:00:00,10.489999771118164,10.979999542236328,10.65999984741211,10.710000038146973,9.44575023651123,495197
SAUD.CA,Banking,2024-07-09 21:00:00,10.710000038146973,10.800000190734863,10.510000228881836,10.550000190734863,9.304637908935547,188104
SAUD.CA,Banking,2024-07-13 21:00:00,10.550000190734863,10.699999809265137,10.010000228881836,10.609999656677246,9.35755443572998,365342
SAUD.CA,Banking,2024-07-14 21:00:00,10.609999656677246,10.699999809265137,10.5,10.529999732971191,9.28699779510498,63327
SAUD.CA,Banking,2024-07-15 21:00:00,10.529999732971191,10.600000381469727,10.449999809265137,10.489999771118164,9.251720428466797,50014
SAUD.CA,Banking,2024-07-16 21:00:00,10.489999771118164,10.600000381469727,10.449999809265137,10.550000190734863,9.304637908935547,57579
SAUD.CA,Banking,2024-07-17 21:00:00,10.550000190734863,10.75,10.539999961853027,10.630000114440918,9.375194549560547,74950
SAUD.CA,Banking,2024-07-20 21:00:00,10.630000114440918,10.75,10.630000114440918,10.699999809265137,9.436930656433105,80373
SAUD.CA,Banking,2024-07-21 21:00:00,10.699999809265137,10.979999542236328,10.739999771118164,10.770000457763672,9.498668670654297,136702
SAUD.CA,Banking,2024-07-22 21:00:00,10.770000457763672,10.970000267028809,10.720000267028809,10.930000305175781,9.63978099822998,143778
SAUD.CA,Banking,2024-07-23 21:00:00,10.930000305175781,11.369999885559082,11.100000381469727,11.109999656677246,9.798532485961914,522111
SAUD.CA,Banking,2024-07-27 21:00:00,11.109999656677246,11.239999771118164,10.970000267028809,11.010000228881836,9.71033763885498,94655
SAUD.CA,Banking,2024-07-28 21:00:00,11.010000228881836,11.100000381469727,10.8100004196167,10.819999694824219,9.542765617370605,279482
SAUD.CA,Banking,2024-07-29 21:00:00,10.819999694824219,11.170000076293945,10.8100004196167,11.069999694824219,9.76325511932373,112457
SAUD.CA,Banking,2024-07-30 21:00:00,11.069999694824219,11.260000228881836,10.899999618530273,10.979999542236328,9.683878898620605,330051
SAUD.CA,Banking,2024-07-31 21:00:00,10.979999542236328,11.100000381469727,10.819999694824219,10.859999656677246,9.578043937683105,192988
SAUD.CA,Banking,2024-08-03 21:00:00,10.859999656677246,10.859999656677246,10.430000305175781,10.5,9.260540008544922,139720
SAUD.CA,Banking,2024-08-04 21:00:00,10.5,10.449999809265137,10.0,10.069999694824219,8.881299018859863,541519
SAUD.CA,Banking,2024-08-05 21:00:00,10.069999694824219,10.289999961853027,10.15999984741211,10.199999809265137,8.995952606201172,115174
SAUD.CA,Banking,2024-08-06 21:00:00,10.199999809265137,10.5,10.210000038146973,10.390000343322754,9.163525581359863,153169
SAUD.CA,Banking,2024-08-07 21:00:00,10.390000343322754,10.5,10.270000457763672,10.380000114440918,9.154705047607422,100037
SAUD.CA,Banking,2024-08-10 21:00:00,10.380000114440918,10.800000190734863,10.359999656677246,10.699999809265137,9.436930656433105,84577
SAUD.CA,Banking,2024-08-11 21:00:00,10.699999809265137,10.970000267028809,10.539999961853027,10.770000457763672,9.498668670654297,236046
SAUD.CA,Banking,2024-08-12 21:00:00,10.770000457763672,10.970000267028809,10.649999618530273,10.729999542236328,9.46338939666748,193170
SAUD.CA,Banking,2024-08-13 21:00:00,10.729999542236328,10.890000343322754,10.649999618530273,10.729999542236328,9.46338939666748,27280
SAUD.CA,Banking,2024-08-14 21:00:00,10.729999542236328,10.800000190734863,10.609999656677246,10.640000343322754,9.384013175964355,91478
SAUD.CA,Banking,2024-08-17 21:00:00,10.640000343322754,10.800000190734863,10.550000190734863,10.59000015258789,9.339916229248047,137296
SAUD.CA,Banking,2024-08-18 21:00:00,10.59000015258789,10.720000267028809,10.520000457763672,10.680000305175781,9.419292449951172,135976
SAUD.CA,Banking,2024-08-19 21:00:00,10.680000305175781,11.0,10.609999656677246,10.979999542236328,9.683878898620605,262091
SAUD.CA,Banking,2024-08-20 21:00:00,10.979999542236328,11.699999809265137,10.989999771118164,11.319999694824219,9.983743667602539,1121828
SAUD.CA,Banking,2024-08-21 21:00:00,11.319999694824219,11.489999771118164,11.239999771118164,11.279999732971191,9.948465347290039,373720
SAUD.CA,Banking,2024-08-24 21:00:00,11.279999732971191,11.430000305175781,11.260000228881836,11.3100004196167,9.97492504119873,135134
SAUD.CA,Banking,2024-08-25 21:00:00,11.3100004196167,11.300000190734863,11.050000190734863,11.079999923706055,9.772074699401855,314820
SAUD.CA,Banking,2024-08-26 21:00:00,11.079999923706055,11.229999542236328,11.050000190734863,11.170000076293945,9.85145092010498,82654
SAUD.CA,Banking,2024-08-27 21:00:00,11.170000076293945,11.239999771118164,11.0,11.010000228881836,9.71033763885498,221399
SAUD.CA,Banking,2024-08-28 21:00:00,11.010000228881836,11.300000190734863,11.029999732971191,11.0600004196167,9.754435539245605,160599
SAUD.CA,Banking,2024-08-31 21:00:00,11.0600004196167,11.300000190734863,11.039999961853027,11.199999809265137,9.877909660339355,112444
SAUD.CA,Banking,2024-09-01 21:00:00,11.199999809265137,11.449999809265137,11.140000343322754,11.1899995803833,9.869089126586914,167598
SAUD.CA,Banking,2024-09-02 21:00:00,11.1899995803833,11.34000015258789,11.140000343322754,11.180000305175781,9.860270500183105,126670
SAUD.CA,Banking,2024-09-03 21:00:00,11.180000305175781,11.329999923706055,11.109999656677246,11.149999618530273,9.83381175994873,66596
SAUD.CA,Banking,2024-09-04 21:00:00,11.149999618530273,11.300000190734863,11.130000114440918,11.239999771118164,9.913187026977539,108183
SAUD.CA,Banking,2024-09-07 21:00:00,11.239999771118164,11.300000190734863,11.050000190734863,11.0600004196167,9.754435539245605,163412
SAUD.CA,Banking,2024-09-08 21:00:00,11.0600004196167,11.199999809265137,11.069999694824219,11.119999885559082,9.807353019714355,57619
SAUD.CA,Banking,2024-09-09 21:00:00,11.119999885559082,11.199999809265137,11.039999961853027,11.119999885559082,9.807353019714355,81609
SAUD.CA,Banking,2024-09-10 21:00:00,11.119999885559082,11.300000190734863,11.050000190734863,11.270000457763672,9.93964672088623,230429
SAUD.CA,Banking,2024-09-11 21:00:00,11.270000457763672,11.699999809265137,11.300000190734863,11.350000381469727,10.01020336151123,647221
SAUD.CA,Banking,2024-09-15 21:00:00,11.350000381469727,11.739999771118164,11.220000267028809,11.220000267028809,9.895548820495605,527162
SAUD.CA,Banking,2024-09-16 21:00:00,11.220000267028809,11.399999618530273,11.039999961853027,11.109999656677246,9.798532485961914,352062
SAUD.CA,Banking,2024-09-17 21:00:00,11.109999656677246,11.199999809265137,11.069999694824219,11.109999656677246,9.798532485961914,76276
SAUD.CA,Banking,2024-09-18 21:00:00,11.109999656677246,11.300000190734863,11.069999694824219,11.079999923706055,9.772074699401855,236528
SAUD.CA,Banking,2024-09-21 21:00:00,11.079999923706055,11.25,11.109999656677246,11.119999885559082,9.807353019714355,268754
SAUD.CA,Banking,2024-09-22 21:00:00,11.119999885559082,11.300000190734863,11.119999885559082,11.199999809265137,9.877909660339355,416569
SAUD.CA,Banking,2024-09-23 21:00:00,11.199999809265137,11.529999732971191,11.199999809265137,11.399999618530273,10.054300308227539,902875
SAUD.CA,Banking,2024-09-24 21:00:00,11.199999809265137,11.489999771118164,11.140000343322754,11.199999809265137,9.877909660339355,615011
SAUD.CA,Banking,2024-09-25 21:00:00,11.199999809265137,11.529999732971191,11.199999809265137,11.399999618530273,10.054300308227539,902875
SAUD.CA,Banking,2024-09-28 21:00:00,11.399999618530273,12.100000381469727,11.470000267028809,11.859999656677246,10.460000038146973,2237062
SAUD.CA,Banking,2024-09-29 21:00:00,11.859999656677246,12.130000114440918,11.729999542236328,11.800000190734863,10.407083511352539,975096
SAUD.CA,Banking,2024-09-30 21:00:00,11.800000190734863,11.920000076293945,11.710000038146973,11.770000457763672,10.380624771118164,299740
SAUD.CA,Banking,2024-10-01 21:00:00,11.770000457763672,11.770000457763672,11.390000343322754,11.399999618530273,10.054300308227539,661735
SAUD.CA,Banking,2024-10-02 21:00:00,11.399999618530273,11.979999542236328,11.399999618530273,11.9399995803833,10.530556678771973,976585
SAUD.CA,Banking,2024-10-06 21:00:00,11.9399995803833,12.350000381469727,12.100000381469727,12.229999542236328,10.786323547363281,1184680
SAUD.CA,Banking,2024-10-07 21:00:00,12.229999542236328,12.600000381469727,11.699999809265137,12.380000114440918,10.918618202209473,831477
SAUD.CA,Banking,2024-10-08 21:00:00,12.380000114440918,12.399999618530273,12.0600004196167,12.279999732971191,10.830422401428223,308358
SAUD.CA,Banking,2024-10-09 21:00:00,12.279999732971191,12.65999984741211,12.050000190734863,12.170000076293945,10.733406066894531,540992
SAUD.CA,Banking,2024-10-12 21:00:00,12.170000076293945,12.350000381469727,11.869999885559082,11.979999542236328,10.565834999084473,418879
SAUD.CA,Banking,2024-10-13 21:00:00,11.979999542236328,12.229999542236328,11.729999542236328,12.119999885559082,10.689308166503906,323773
SAUD.CA,Banking,2024-10-14 21:00:00,12.119999885559082,12.270000457763672,12.020000457763672,12.180000305175781,10.742226600646973,360879
SAUD.CA,Banking,2024-10-15 21:00:00,12.180000305175781,12.630000114440918,12.109999656677246,12.600000381469727,11.112648010253906,1479128
SAUD.CA,Banking,2024-10-16 21:00:00,12.600000381469727,13.0,12.5,12.890000343322754,11.368415832519531,1235455
SAUD.CA,Banking,2024-10-19 21:00:00,12.890000343322754,13.390000343322754,12.699999809265137,13.109999656677246,11.562445640563965,987711
SAUD.CA,Banking,2024-10-20 21:00:00,13.109999656677246,13.390000343322754,12.760000228881836,13.289999961853027,11.721198081970215,568783
SAUD.CA,Banking,2024-10-21 21:00:00,13.289999961853027,14.199999809265137,13.289999961853027,13.979999542236328,12.329747200012207,1447894
SAUD.CA,Banking,2024-10-22 21:00:00,13.979999542236328,14.130000114440918,13.600000381469727,13.600000381469727,11.994604110717773,350832
SAUD.CA,Banking,2024-10-23 21:00:00,13.600000381469727,14.59000015258789,13.5600004196167,13.90999984741211,12.268010139465332,564081
SAUD.CA,Banking,2024-10-26 21:00:00,13.90999984741211,14.229999542236328,13.739999771118164,13.920000076293945,12.276830673217773,317128
SAUD.CA,Banking,2024-10-27 21:00:00,13.920000076293945,14.289999961853027,13.600000381469727,13.640000343322754,12.02988338470459,476386
SAUD.CA,Banking,2024-10-28 21:00:00,13.640000343322754,13.779999732971191,13.260000228881836,13.380000114440918,11.800573348999023,389051
SAUD.CA,Banking,2024-10-29 21:00:00,13.380000114440918,13.75,13.109999656677246,13.199999809265137,11.641820907592773,251743
SAUD.CA,Banking,2024-10-30 21:00:00,13.199999809265137,14.239999771118164,13.109999656677246,13.90999984741211,12.268010139465332,631645
SAUD.CA,Banking,2024-11-02 22:00:00,13.90999984741211,14.800000190734863,13.970000267028809,14.0,12.347386360168457,1297587
SAUD.CA,Banking,2024-11-03 22:00:00,14.0,14.270000457763672,13.699999809265137,13.800000190734863,12.170995712280273,398550
SAUD.CA,Banking,2024-11-04 22:00:00,13.800000190734863,14.350000381469727,13.579999923706055,13.609999656677246,12.003422737121582,577607
SAUD.CA,Banking,2024-11-05 22:00:00,13.609999656677246,13.850000381469727,13.460000038146973,13.510000228881836,11.915227890014648,424932
SAUD.CA,Banking,2024-11-06 22:00:00,13.510000228881836,13.75,13.430000305175781,13.4399995803833,11.853490829467773,652509
SAUD.CA,Banking,2024-11-09 22:00:00,13.4399995803833,13.800000190734863,13.5,13.600000381469727,11.994604110717773,583049
SAUD.CA,Banking,2024-11-10 22:00:00,13.600000381469727,13.729999542236328,13.460000038146973,13.5,11.906408309936523,897264
SAUD.CA,Banking,2024-11-11 22:00:00,13.5,13.9399995803833,13.460000038146973,13.9399995803833,12.294468879699707,1101459
SAUD.CA,Banking,2024-11-12 22:00:00,13.9399995803833,14.300000190734863,13.880000114440918,13.979999542236328,12.329747200012207,1776392
SAUD.CA,Banking,2024-11-13 22:00:00,13.979999542236328,14.25,13.9399995803833,13.979999542236328,12.329747200012207,1699681
SAUD.CA,Banking,2024-11-16 22:00:00,13.979999542236328,14.149999618530273,13.930000305175781,14.0,12.347386360168457,1175849
SAUD.CA,Banking,2024-11-17 22:00:00,14.0,14.489999771118164,14.050000190734863,14.149999618530273,12.479680061340332,1977604
SAUD.CA,Banking,2024-11-18 22:00:00,14.149999618530273,14.270000457763672,13.850000381469727,14.0,12.347386360168457,1201082
SAUD.CA,Banking,2024-11-19 22:00:00,14.0,14.420000076293945,14.050000190734863,14.170000076293945,12.497319221496582,1838799
SAUD.CA,Banking,2024-11-20 22:00:00,14.170000076293945,14.329999923706055,13.949999809265137,14.170000076293945,12.497319221496582,731229
SAUD.CA,Banking,2024-11-23 22:00:00,14.170000076293945,14.350000381469727,13.9399995803833,13.949999809265137,12.303288459777832,866740
SAUD.CA,Banking,2024-11-24 22:00:00,13.949999809265137,14.1899995803833,13.699999809265137,13.710000038146973,12.091618537902832,496169
SAUD.CA,Banking,2024-11-25 22:00:00,13.710000038146973,13.899999618530273,13.520000457763672,13.5600004196167,11.959325790405273,509140
SAUD.CA,Banking,2024-11-26 22:00:00,13.5600004196167,13.729999542236328,13.039999961853027,13.199999809265137,11.641820907592773,511722
SAUD.CA,Banking,2024-11-27 22:00:00,13.199999809265137,13.390000343322754,12.90999984741211,13.130000114440918,11.580084800720215,454484
SAUD.CA,Banking,2024-11-30 22:00:00,13.130000114440918,13.449999809265137,13.25,13.300000190734863,11.73001766204834,314869
SAUD.CA,Banking,2024-12-01 22:00:00,13.300000190734863,13.640000343322754,13.300000190734863,13.59000015258789,11.985784530639648,312339
SAUD.CA,Banking,2024-12-02 22:00:00,13.59000015258789,13.609999656677246,13.40999984741211,13.420000076293945,11.835851669311523,266037
SAUD.CA,Banking,2024-12-03 22:00:00,13.420000076293945,13.619999885559082,13.420000076293945,13.609999656677246,12.003422737121582,261926
SAUD.CA,Banking,2024-12-04 22:00:00,13.609999656677246,14.029999732971191,13.510000228881836,13.930000305175781,12.285649299621582,762758
SAUD.CA,Banking,2024-12-07 22:00:00,13.930000305175781,14.149999618530273,13.859999656677246,14.020000457763672,12.365026473999023,580261
SAUD.CA,Banking,2024-12-08 22:00:00,14.020000457763672,14.449999809265137,14.020000457763672,14.029999732971191,12.373845100402832,1956705
SAUD.CA,Banking,2024-12-09 22:00:00,14.029999732971191,14.279999732971191,13.5,13.5600004196167,11.959325790405273,917834
SAUD.CA,Banking,2024-12-10 22:00:00,13.5600004196167,13.720000267028809,13.470000267028809,13.539999961853027,11.941686630249023,370802
SAUD.CA,Banking,2024-12-11 22:00:00,13.539999961853027,13.640000343322754,13.369999885559082,13.40999984741211,11.827032089233398,278343
SAUD.CA,Banking,2024-12-14 22:00:00,13.40999984741211,13.5,13.300000190734863,13.399999618530273,11.818212509155273,8223052
SAUD.CA,Banking,2024-12-15 22:00:00,13.399999618530273,13.670000076293945,13.449999809265137,13.5,11.906408309936523,670318
SAUD.CA,Banking,2024-12-16 22:00:00,13.5,13.600000381469727,13.199999809265137,13.270000457763672,11.703558921813965,356897
SAUD.CA,Banking,2024-12-17 22:00:00,13.270000457763672,13.350000381469727,13.0,13.140000343322754,11.58890438079834,344279
SAUD.CA,Banking,2024-12-18 22:00:00,13.140000343322754,13.050000190734863,12.600000381469727,12.989999771118164,11.456610679626465,318777
SAUD.CA,Banking,2024-12-21 22:00:00,12.989999771118164,13.25,13.0,13.010000228881836,11.474250793457031,70314
SAUD.CA,Banking,2024-12-22 22:00:00,13.010000228881836,13.149999618530273,12.890000343322754,12.899999618530273,11.37723445892334,92714
SAUD.CA,Banking,2024-12-23 22:00:00,12.899999618530273,13.050000190734863,12.800000190734863,12.8100004196167,11.297859191894531,194051
SAUD.CA,Banking,2024-12-24 22:00:00,12.8100004196167,12.970000267028809,12.800000190734863,12.800000190734863,11.28903865814209,203627
SAUD.CA,Banking,2024-12-25 22:00:00,12.800000190734863,12.899999618530273,12.699999809265137,12.699999809265137,11.20084285736084,141121
SAUD.CA,Banking,2024-12-28 22:00:00,12.699999809265137,12.789999961853027,12.5600004196167,12.5600004196167,11.077370643615723,108519
SAUD.CA,Banking,2024-12-29 22:00:00,12.5600004196167,12.640000343322754,12.460000038146973,12.5,11.024452209472656,112243
SAUD.CA,Banking,2024-12-30 22:00:00,12.5,12.8100004196167,12.449999809265137,12.800000190734863,11.28903865814209,197708
SAUD.CA,Banking,2025-01-01 22:00:00,12.800000190734863,13.069999694824219,12.75,13.020000457763672,11.48306941986084,155197
SAUD.CA,Banking,2025-01-04 22:00:00,13.020000457763672,13.180000305175781,12.75,12.829999923706055,11.315497398376465,170039
SAUD.CA,Banking,2025-01-05 22:00:00,12.829999923706055,13.0,12.699999809265137,12.770000457763672,11.262580871582031,150833
SAUD.CA,Banking,2025-01-07 22:00:00,12.770000457763672,12.819999694824219,12.520000457763672,12.539999961853027,11.059730529785156,155942
SAUD.CA,Banking,2025-01-08 22:00:00,12.539999961853027,12.699999809265137,12.399999618530273,12.460000038146973,10.989173889160156,267956
SAUD.CA,Banking,2025-01-11 22:00:00,12.460000038146973,12.479999542236328,12.289999961853027,12.319999694824219,10.865699768066406,203580
SAUD.CA,Banking,2025-01-12 22:00:00,12.319999694824219,12.489999771118164,11.729999542236328,11.90999984741211,10.504097938537598,219344
SAUD.CA,Banking,2025-01-13 22:00:00,11.90999984741211,12.149999618530273,11.649999618530273,12.029999732971191,10.609932899475098,125999
SAUD.CA,Banking,2025-01-14 22:00:00,12.029999732971191,12.210000038146973,11.970000267028809,12.039999961853027,10.618752479553223,180457
SAUD.CA,Banking,2025-01-15 22:00:00,12.039999961853027,12.220000267028809,12.09000015258789,12.15999984741211,10.724587440490723,107791
SAUD.CA,Banking,2025-01-18 22:00:00,12.039999961853027,12.470000267028809,12.09000015258789,12.380000114440918,10.918618202209473,198692
SAUD.CA,Banking,2025-01-19 22:00:00,12.350000381469727,12.420000076293945,12.0,12.079999923706055,10.654030799865723,206481
SAUD.CA,Banking,2025-01-20 22:00:00,12.079999923706055,12.300000190734863,12.029999732971191,12.15999984741211,10.724587440490723,112648
SAUD.CA,Banking,2025-01-21 22:00:00,12.15999984741211,12.34000015258789,12.119999885559082,12.220000267028809,10.777504920959473,136786
SAUD.CA,Banking,2025-01-22 22:00:00,12.220000267028809,12.380000114440918,12.100000381469727,12.15999984741211,10.724587440490723,120459
SAUD.CA,Banking,2025-01-25 22:00:00,12.15999984741211,12.34000015258789,12.149999618530273,12.270000457763672,10.821602821350098,160719
SAUD.CA,Banking,2025-01-26 22:00:00,12.270000457763672,12.25,11.920000076293945,12.010000228881836,10.592293739318848,245359
SAUD.CA,Banking,2025-01-27 22:00:00,12.010000228881836,12.119999885559082,11.890000343322754,11.899999618530273,10.495278358459473,341872
SAUD.CA,Banking,2025-01-28 22:00:00,11.899999618530273,12.039999961853027,11.880000114440918,11.9399995803833,10.530556678771973,215117
SAUD.CA,Banking,2025-01-29 22:00:00,11.9399995803833,12.039999961853027,11.90999984741211,11.979999542236328,10.565834999084473,139036
SAUD.CA,Banking,2025-02-01 22:00:00,11.979999542236328,12.0600004196167,11.960000038146973,12.010000228881836,10.592293739318848,86947
SAUD.CA,Banking,2025-02-02 22:00:00,12.010000228881836,12.0600004196167,11.850000381469727,11.899999618530273,10.495278358459473,128295
SAUD.CA,Banking,2025-02-03 22:00:00,11.899999618530273,12.0600004196167,11.899999618530273,12.0,10.583474159240723,113697
SAUD.CA,Banking,2025-02-04 22:00:00,12.0,12.029999732971191,11.899999618530273,11.979999542236328,10.565834999084473,55396
SAUD.CA,Banking,2025-02-05 22:00:00,11.979999542236328,12.050000190734863,11.960000038146973,12.010000228881836,10.592293739318848,90299
SAUD.CA,Banking,2025-02-08 22:00:00,12.010000228881836,12.239999771118164,12.0,12.029999732971191,10.609932899475098,138814
SAUD.CA,Banking,2025-02-09 22:00:00,12.029999732971191,12.399999618530273,11.930000305175781,12.229999542236328,10.786323547363281,196590
SAUD.CA,Banking,2025-02-10 22:00:00,12.229999542236328,12.210000038146973,12.0,12.0,10.583474159240723,113530
SAUD.CA,Banking,2025-02-11 22:00:00,12.0,12.0,11.720000267028809,12.0,10.583474159240723,137379
SAUD.CA,Banking,2025-02-12 22:00:00,12.0,12.149999618530273,11.949999809265137,12.010000228881836,10.592293739318848,121874
SAUD.CA,Banking,2025-02-15 22:00:00,12.010000228881836,12.180000305175781,12.0,12.0,10.583474159240723,692010
SAUD.CA,Banking,2025-02-16 22:00:00,12.0,12.260000228881836,12.0,12.0600004196167,10.636391639709473,2009530
SAUD.CA,Banking,2025-02-17 22:00:00,12.0600004196167,12.130000114440918,12.029999732971191,12.050000190734863,10.627572059631348,370124
SAUD.CA,Banking,2025-02-18 22:00:00,12.050000190734863,12.109999656677246,12.0,12.010000228881836,10.592293739318848,826561
SAUD.CA,Banking,2025-02-19 22:00:00,12.010000228881836,12.039999961853027,12.0,12.0,10.583474159240723,565040
SAUD.CA,Banking,2025-02-22 22:00:00,12.0,12.15999984741211,11.989999771118164,12.0,10.583474159240723,525627
SAUD.CA,Banking,2025-02-23 22:00:00,12.0,12.09000015258789,12.0,12.020000457763672,10.601113319396973,146243
SAUD.CA,Banking,2025-02-24 22:00:00,12.020000457763672,12.0600004196167,11.899999618530273,11.970000267028809,10.557015419006348,208760
SAUD.CA,Banking,2025-02-25 22:00:00,11.970000267028809,12.039999961853027,11.960000038146973,11.989999771118164,10.574654579162598,67093
SAUD.CA,Banking,2025-02-26 22:00:00,11.989999771118164,11.989999771118164,11.899999618530273,11.930000305175781,10.521738052368164,144149
SAUD.CA,Banking,2025-03-01 22:00:00,11.930000305175781,12.0,11.899999618530273,11.930000305175781,10.521738052368164,74925
SAUD.CA,Banking,2025-03-02 22:00:00,11.930000305175781,11.979999542236328,11.899999618530273,11.899999618530273,10.495278358459473,102335
SAUD.CA,Banking,2025-03-03 22:00:00,11.899999618530273,11.970000267028809,11.880000114440918,11.890000343322754,10.486458778381348,193225
SAUD.CA,Banking,2025-03-04 22:00:00,11.890000343322754,11.949999809265137,11.859999656677246,11.869999885559082,10.468819618225098,183693
SAUD.CA,Banking,2025-03-05 22:00:00,11.869999885559082,11.949999809265137,11.869999885559082,11.890000343322754,10.486458778381348,108161
SAUD.CA,Banking,2025-03-08 22:00:00,11.890000343322754,11.949999809265137,11.859999656677246,11.859999656677246,10.460000038146973,206584
SAUD.CA,Banking,2025-03-09 22:00:00,11.859999656677246,11.899999618530273,11.8100004196167,11.84000015258789,10.442360877990723,147830
SAUD.CA,Banking,2025-03-10 22:00:00,11.84000015258789,11.850000381469727,11.729999542236328,11.770000457763672,10.380624771118164,186950
SAUD.CA,Banking,2025-03-11 22:00:00,11.770000457763672,11.819999694824219,11.729999542236328,11.779999732971191,10.389443397521973,111429
SAUD.CA,Banking,2025-03-12 22:00:00,11.779999732971191,11.949999809265137,11.75,11.890000343322754,10.486458778381348,102899
SAUD.CA,Banking,2025-03-15 22:00:00,11.890000343322754,12.109999656677246,11.869999885559082,12.0,10.583474159240723,368531
SAUD.CA,Banking,2025-03-16 22:00:00,12.0,12.09000015258789,11.989999771118164,12.020000457763672,10.601113319396973,116125
SAUD.CA,Banking,2025-03-17 22:00:00,12.020000457763672,12.029999732971191,11.699999809265137,11.739999771118164,10.354165077209473,383055
SAUD.CA,Banking,2025-03-18 22:00:00,11.739999771118164,11.930000305175781,11.720000267028809,11.829999923706055,10.433542251586914,154363
SAUD.CA,Banking,2025-03-19 22:00:00,11.829999923706055,11.970000267028809,11.75,11.869999885559082,10.468819618225098,94140
SAUD.CA,Banking,2025-03-22 22:00:00,11.869999885559082,11.989999771118164,11.850000381469727,11.880000114440918,10.477640151977539,82229
SAUD.CA,Banking,2025-03-23 22:00:00,11.880000114440918,12.119999885559082,11.850000381469727,11.890000343322754,10.486458778381348,112230
SAUD.CA,Banking,2025-03-24 22:00:00,11.890000343322754,11.989999771118164,11.850000381469727,11.890000343322754,10.486458778381348,86986
SAUD.CA,Banking,2025-03-25 22:00:00,11.890000343322754,12.1899995803833,11.899999618530273,11.970000267028809,10.557015419006348,338126
SAUD.CA,Banking,2025-03-26 22:00:00,11.970000267028809,12.180000305175781,12.010000228881836,12.109999656677246,10.680489540100098,144432
SAUD.CA,Banking,2025-04-02 22:00:00,12.109999656677246,12.199999809265137,12.0,12.109999656677246,10.680489540100098,136991
SAUD.CA,Banking,2025-04-05 22:00:00,12.109999656677246,12.0,11.720000267028809,11.829999923706055,10.433542251586914,225332
SAUD.CA,Banking,2025-04-06 22:00:00,11.829999923706055,11.899999618530273,11.699999809265137,11.800000190734863,10.407083511352539,235010
SAUD.CA,Banking,2025-04-07 22:00:00,11.800000190734863,11.949999809265137,11.800000190734863,11.800000190734863,10.407083511352539,313668
SAUD.CA,Banking,2025-04-08 22:00:00,11.800000190734863,11.920000076293945,11.680000305175781,11.699999809265137,10.318887710571289,184751
SAUD.CA,Banking,2025-04-09 22:00:00,11.699999809265137,12.0,11.779999732971191,12.0,10.583474159240723,249806
SAUD.CA,Banking,2025-04-12 22:00:00,12.0,12.180000305175781,11.920000076293945,12.140000343322754,10.706948280334473,651803
SAUD.CA,Banking,2025-04-13 22:00:00,12.140000343322754,11.489999771118164,11.010000228881836,11.199999809265137,10.621596336364746,1545483
SAUD.CA,Banking,2025-04-14 22:00:00,11.199999809265137,11.25,10.899999618530273,10.899999618530273,10.337088584899902,1285540
SAUD.CA,Banking,2025-04-15 22:00:00,10.899999618530273,10.989999771118164,10.899999618530273,10.90999984741211,10.346572875976562,209015
SAUD.CA,Banking,2025-04-16 22:00:00,10.90999984741211,11.050000190734863,10.90999984741211,10.949999809265137,10.384507179260254,114773
SAUD.CA,Banking,2025-04-21 22:00:00,10.949999809265137,11.0,10.899999618530273,10.960000038146973,10.393990516662598,104026
SAUD.CA,Banking,2025-04-22 22:00:00,10.960000038146973,11.149999618530273,10.949999809265137,11.010000228881836,10.44140911102295,120757
SAUD.CA,Banking,2025-04-26 21:00:00,11.010000228881836,11.680000305175781,10.979999542236328,11.479999542236328,10.88713550567627,7600455
SAUD.CA,Banking,2025-04-27 21:00:00,11.479999542236328,11.920000076293945,11.449999809265137,11.579999923706055,10.981971740722656,1899705
SAUD.CA,Banking,2025-04-28 21:00:00,11.579999923706055,11.699999809265137,11.5,11.619999885559082,11.019906044006348,290369
SAUD.CA,Banking,2025-04-29 21:00:00,11.619999885559082,11.789999961853027,11.539999961853027,11.6899995803833,11.08629035949707,405570
SAUD.CA,Banking,2025-05-03 21:00:00,11.6899995803833,11.800000190734863,11.649999618530273,11.770000457763672,11.16215991973877,340852
SAUD.CA,Banking,2025-05-04 21:00:00,11.770000457763672,11.819999694824219,11.6899995803833,11.699999809265137,11.09577465057373,514395
SAUD.CA,Banking,2025-05-05 21:00:00,11.699999809265137,12.0,11.680000305175781,11.699999809265137,11.09577465057373,984397
SAUD.CA,Banking,2025-05-06 21:00:00,11.699999809265137,11.899999618530273,11.600000381469727,11.600000381469727,11.00093936920166,794608
SAUD.CA,Banking,2025-05-07 21:00:00,11.600000381469727,11.779999732971191,11.470000267028809,11.6899995803833,11.08629035949707,276608
SAUD.CA,Banking,2025-05-10 21:00:00,11.6899995803833,11.84000015258789,11.680000305175781,11.699999809265137,11.09577465057373,142796
SAUD.CA,Banking,2025-05-11 21:00:00,11.699999809265137,11.84000015258789,11.699999809265137,11.800000190734863,11.190610885620117,358311
SAUD.CA,Banking,2025-05-12 21:00:00,11.800000190734863,12.020000457763672,11.670000076293945,11.760000228881836,11.152676582336426,948638
SAUD.CA,Banking,2025-05-13 21:00:00,11.760000228881836,11.850000381469727,11.699999809265137,11.699999809265137,11.09577465057373,662150
SAUD.CA,Banking,2025-05-14 21:00:00,11.699999809265137,11.789999961853027,11.609999656677246,11.699999809265137,11.09577465057373,217191
SAUD.CA,Banking,2025-05-17 21:00:00,11.699999809265137,11.75,11.520000457763672,11.550000190734863,10.953521728515625,170954
SAUD.CA,Banking,2025-05-18 21:00:00,11.550000190734863,11.600000381469727,11.399999618530273,11.470000267028809,10.877653121948242,112406
SAUD.CA,Banking,2025-05-19 21:00:00,11.470000267028809,11.640000343322754,11.449999809265137,11.449999809265137,10.858685493469238,132437
SAUD.CA,Banking,2025-05-20 21:00:00,11.449999809265137,11.5,11.300000190734863,11.319999694824219,10.735398292541504,238016
SAUD.CA,Banking,2025-05-21 21:00:00,11.319999694824219,11.680000305175781,11.319999694824219,11.319999694824219,10.735398292541504,2470205
SAUD.CA,Banking,2025-05-24 21:00:00,11.319999694824219,11.510000228881836,11.119999885559082,11.130000114440918,10.555211067199707,1375016
SAUD.CA,Banking,2025-05-25 21:00:00,11.130000114440918,11.239999771118164,11.079999923706055,11.15999984741211,10.583662033081055,561420
SAUD.CA,Banking,2025-05-26 21:00:00,11.15999984741211,11.289999961853027,11.15999984741211,11.25,10.669013977050781,250100
SAUD.CA,Banking,2025-05-27 21:00:00,11.25,11.270000457763672,11.149999618530273,11.170000076293945,10.593145370483398,292775
SAUD.CA,Banking,2025-05-28 21:00:00,11.170000076293945,11.199999809265137,11.0600004196167,11.149999618530273,10.574177742004395,275209
SAUD.CA,Banking,2025-05-31 21:00:00,11.149999618530273,11.25,11.0600004196167,11.09000015258789,10.517276763916016,208294
SAUD.CA,Banking,2025-06-01 21:00:00,11.09000015258789,11.180000305175781,11.069999694824219,11.079999923706055,10.507793426513672,422265
SAUD.CA,Banking,2025-06-02 21:00:00,11.079999923706055,11.170000076293945,11.069999694824219,11.09000015258789,10.517276763916016,455467
SAUD.CA,Banking,2025-06-03 21:00:00,11.09000015258789,11.40999984741211,11.079999923706055,11.329999923706055,10.744882583618164,558334
SAUD.CA,Banking,2025-06-09 21:00:00,11.329999923706055,11.619999885559082,11.350000381469727,11.550000190734863,10.953521728515625,393155
SAUD.CA,Banking,2025-06-10 21:00:00,11.550000190734863,11.6899995803833,11.5,11.6899995803833,11.08629035949707,532124
SAUD.CA,Banking,2025-06-11 21:00:00,11.6899995803833,11.680000305175781,11.350000381469727,11.399999618530273,10.811266899108887,184937
SAUD.CA,Banking,2025-06-14 21:00:00,11.399999618530273,11.079999923706055,10.829999923706055,10.9399995803833,10.375022888183594,347389
SAUD.CA,Banking,2025-06-15 21:00:00,10.9399995803833,11.119999885559082,10.949999809265137,11.0,10.431924819946289,98867
SAUD.CA,Banking,2025-06-16 21:00:00,11.0,11.15999984741211,10.800000190734863,10.859999656677246,10.299154281616211,191377
SAUD.CA,Banking,2025-06-17 21:00:00,10.859999656677246,10.949999809265137,10.75,10.930000305175781,10.365540504455566,98123
SAUD.CA,Banking,2025-06-18 21:00:00,10.930000305175781,10.930000305175781,10.829999923706055,10.899999618530273,10.337088584899902,113907
SAUD.CA,Banking,2025-06-21 21:00:00,10.899999618530273,11.279999732971191,10.760000228881836,11.25,10.669013977050781,218753
SAUD.CA,Banking,2025-06-22 21:00:00,11.25,11.479999542236328,11.079999923706055,11.34000015258789,10.754365921020508,191205
SAUD.CA,Banking,2025-06-23 21:00:00,11.34000015258789,11.699999809265137,11.359999656677246,11.600000381469727,11.00093936920166,322655
SAUD.CA,Banking,2025-06-24 21:00:00,11.600000381469727,11.649999618530273,11.510000228881836,11.600000381469727,11.00093936920166,57135
SAUD.CA,Banking,2025-06-28 21:00:00,11.600000381469727,11.6899995803833,11.529999732971191,11.59000015258789,10.991455078125,238461
SAUD.CA,Banking,2025-06-29 21:00:00,11.59000015258789,11.619999885559082,11.510000228881836,11.539999961853027,10.944037437438965,171765
SAUD.CA,Banking,2025-06-30 21:00:00,11.539999961853027,11.680000305175781,11.449999809265137,11.510000228881836,10.915587425231934,103753
SAUD.CA,Banking,2025-07-01 21:00:00,11.510000228881836,11.600000381469727,11.380000114440918,11.479999542236328,10.88713550567627,222084
SAUD.CA,Banking,2025-07-05 21:00:00,11.479999542236328,11.649999618530273,11.489999771118164,11.569999694824219,10.972488403320312,113248
SAUD.CA,Banking,2025-07-06 21:00:00,11.569999694824219,11.630000114440918,11.5,11.609999656677246,11.010421752929688,139679
SAUD.CA,Banking,2025-07-08 21:00:00,11.609999656677246,11.609999656677246,11.5,11.5600004196167,10.963005065917969,91123
SAUD.CA,Banking,2025-07-09 21:00:00,11.5600004196167,11.630000114440918,11.489999771118164,11.5,10.906103134155273,139388
SAUD.CA,Banking,2025-07-12 21:00:00,11.5,11.75,11.510000228881836,11.699999809265137,11.09577465057373,361535
SAUD.CA,Banking,2025-07-13 21:00:00,11.699999809265137,11.970000267028809,11.6899995803833,11.800000190734863,11.190610885620117,475695
SAUD.CA,Banking,2025-07-14 21:00:00,11.800000190734863,12.09000015258789,11.800000190734863,11.899999618530273,11.285445213317871,804961
SAUD.CA,Banking,2025-07-15 21:00:00,11.899999618530273,12.010000228881836,11.770000457763672,12.0,11.380281448364258,432471
SAUD.CA,Banking,2025-07-16 21:00:00,12.0,12.069999694824219,11.789999961853027,12.0,11.380281448364258,692212
SAUD.CA,Banking,2025-07-19 21:00:00,12.0,12.1899995803833,12.0,12.010000228881836,11.389765739440918,1024921
SAUD.CA,Banking,2025-07-20 21:00:00,12.010000228881836,12.239999771118164,12.0,12.239999771118164,11.607887268066406,438921
SAUD.CA,Banking,2025-07-21 21:00:00,12.239999771118164,12.800000190734863,12.1899995803833,12.539999961853027,11.892394065856934,2090913
SAUD.CA,Banking,2025-07-22 21:00:00,12.539999961853027,12.539999961853027,12.539999961853027,12.539999961853027,11.892394065856934,0
SAUD.CA,Banking,2025-07-26 21:00:00,12.5,12.699999809265137,12.359999656677246,12.6899995803833,12.034647941589355,493029
SAUD.CA,Banking,2025-07-27 21:00:00,12.6899995803833,12.789999961853027,12.5,12.600000381469727,11.949295997619629,584641
SAUD.CA,Banking,2025-07-28 21:00:00,12.600000381469727,12.680000305175781,12.5,12.649999618530273,11.996713638305664,207614
SAUD.CA,Banking,2025-07-29 21:00:00,12.649999618530273,12.649999618530273,12.350000381469727,12.449999809265137,11.807042121887207,208392
SAUD.CA,Banking,2025-07-30 21:00:00,12.449999809265137,12.579999923706055,12.260000228881836,12.489999771118164,11.844976425170898,165244
SAUD.CA,Banking,2025-08-02 21:00:00,12.489999771118164,12.489999771118164,12.489999771118164,12.489999771118164,11.844976425170898,0
SAUD.CA,Banking,2025-08-03 21:00:00,12.489999771118164,12.489999771118164,12.489999771118164,12.489999771118164,11.844976425170898,0
SAUD.CA,Banking,2025-08-04 21:00:00,12.489999771118164,12.489999771118164,12.489999771118164,12.489999771118164,11.844976425170898,0
SAUD.CA,Banking,2025-08-05 21:00:00,12.489999771118164,12.489999771118164,12.489999771118164,12.489999771118164,11.844976425170898,0
SAUD.CA,Banking,2025-08-06 21:00:00,12.489999771118164,12.489999771118164,12.489999771118164,12.489999771118164,11.844976425170898,0
SAUD.CA,Banking,2025-08-09 21:00:00,12.789999961853027,13.130000114440918,12.720000267028809,13.020000457763672,12.34760570526123,587721
SAUD.CA,Banking,2025-08-10 21:00:00,13.020000457763672,13.109999656677246,12.869999885559082,12.920000076293945,12.25277042388916,257213
SAUD.CA,Banking,2025-08-11 21:00:00,12.920000076293945,13.010000228881836,12.869999885559082,12.899999618530273,12.233802795410156,95405
SAUD.CA,Banking,2025-08-12 21:00:00,12.899999618530273,13.09000015258789,12.880000114440918,13.0,12.328638076782227,161169
SAUD.CA,Banking,2025-08-13 21:00:00,13.0,13.100000381469727,12.920000076293945,13.050000190734863,12.376056671142578,120616
SAUD.CA,Banking,2025-08-16 21:00:00,13.050000190734863,13.210000038146973,12.930000305175781,13.199999809265137,12.518309593200684,498091
SAUD.CA,Banking,2025-08-17 21:00:00,13.199999809265137,13.25,13.0,13.140000343322754,12.461408615112305,495638
SAUD.CA,Banking,2025-08-18 21:00:00,13.140000343322754,13.25,13.010000228881836,13.199999809265137,12.518309593200684,89262
SAUD.CA,Banking,2025-08-19 21:00:00,13.199999809265137,13.300000190734863,13.050000190734863,13.140000343322754,12.461408615112305,110591
SAUD.CA,Banking,2025-08-20 21:00:00,13.140000343322754,13.289999961853027,13.050000190734863,13.09000015258789,12.41399097442627,97666
SAUD.CA,Banking,2025-08-23 21:00:00,13.09000015258789,13.199999809265137,12.930000305175781,12.970000267028809,12.300188064575195,241824
SAUD.CA,Banking,2025-08-24 21:00:00,12.970000267028809,13.0,12.850000381469727,12.920000076293945,12.25277042388916,68806
SAUD.CA,Banking,2025-08-25 21:00:00,12.920000076293945,13.0,12.600000381469727,12.65999984741211,12.006196975708008,134462
SAUD.CA,Banking,2025-08-26 21:00:00,12.65999984741211,12.890000343322754,12.550000190734863,12.6899995803833,12.034647941589355,34417
SAUD.CA,Banking,2025-08-27 21:00:00,12.6899995803833,12.869999885559082,12.710000038146973,12.75,12.091548919677734,29869
SAUD.CA,Banking,2025-08-30 21:00:00,12.75,12.84000015258789,12.649999618530273,12.680000305175781,12.025164604187012,52660
SAUD.CA,Banking,2025-08-31 21:00:00,12.680000305175781,13.25,12.600000381469727,13.119999885559082,12.4424409866333,268891
SAUD.CA,Banking,2025-09-01 21:00:00,13.119999885559082,13.199999809265137,12.800000190734863,12.920000076293945,12.25277042388916,291589
SAUD.CA,Banking,2025-09-02 21:00:00,12.920000076293945,13.0,12.75,12.779999732971191,12.119999885559082,96597
SAUD.CA,Banking,2025-09-06 21:00:00,12.779999732971191,13.0,12.619999885559082,12.649999618530273,11.996713638305664,559089
SAUD.CA,Banking,2025-09-07 21:00:00,12.649999618530273,12.9399995803833,12.609999656677246,12.649999618530273,11.996713638305664,119611
SAUD.CA,Banking,2025-09-08 21:00:00,12.649999618530273,13.0,12.619999885559082,12.75,12.091548919677734,198608
SAUD.CA,Banking,2025-09-09 21:00:00,12.75,12.989999771118164,12.600000381469727,12.979999542236328,12.309670448303223,209429
SAUD.CA,Banking,2025-09-10 21:00:00,12.979999542236328,13.0,12.819999694824219,12.880000114440918,12.214836120605469,97372
SAUD.CA,Banking,2025-09-13 21:00:00,12.880000114440918,13.0,12.8100004196167,12.9399995803833,12.271737098693848,77511
SAUD.CA,Banking,2025-09-14 21:00:00,12.9399995803833,13.0,12.800000190734863,12.8100004196167,12.14845085144043,101625
SAUD.CA,Banking,2025-09-15 21:00:00,12.8100004196167,12.930000305175781,12.649999618530273,12.680000305175781,12.025164604187012,80254
SAUD.CA,Banking,2025-09-16 21:00:00,12.680000305175781,12.899999618530273,12.600000381469727,12.640000343322754,11.98723030090332,59370
SAUD.CA,Banking,2025-09-17 21:00:00,12.640000343322754,12.880000114440918,12.5600004196167,12.630000114440918,11.977746963500977,54830
SAUD.CA,Banking,2025-09-20 21:00:00,12.630000114440918,12.699999809265137,12.5,12.5,11.854459762573242,126431
SAUD.CA,Banking,2025-09-21 21:00:00,12.5,12.5,12.300000190734863,12.319999694824219,11.683755874633789,73411
SAUD.CA,Banking,2025-09-22 21:00:00,12.319999694824219,12.489999771118164,12.34000015258789,12.380000114440918,11.740657806396484,46153
SAUD.CA,Banking,2025-09-23 21:00:00,12.380000114440918,12.600000381469727,12.260000228881836,12.289999961853027,11.655304908752441,187949
SAUD.CA,Banking,2025-09-24 21:00:00,12.289999961853027,12.5,12.199999809265137,12.279999732971191,11.645821571350098,266965
SAUD.CA,Banking,2025-09-27 21:00:00,12.279999732971191,12.449999809265137,12.149999618530273,12.199999809265137,11.569952964782715,190156
SAUD.CA,Banking,2025-09-28 21:00:00,12.199999809265137,12.369999885559082,12.149999618530273,12.300000190734863,11.664789199829102,142408
SAUD.CA,Banking,2025-09-29 21:00:00,12.300000190734863,12.5,12.199999809265137,12.380000114440918,11.740657806396484,195720
SAUD.CA,Banking,2025-09-30 21:00:00,12.380000114440918,12.5,12.300000190734863,12.319999694824219,11.683755874633789,269006
SAUD.CA,Banking,2025-10-01 21:00:00,12.319999694824219,12.460000038146973,12.319999694824219,12.390000343322754,11.750141143798828,74886
SAUD.CA,Banking,2025-10-04 21:00:00,12.390000343322754,13.390000343322754,12.579999923706055,13.09000015258789,12.41399097442627,1107908
SAUD.CA,Banking,2025-10-05 21:00:00,13.09000015258789,13.180000305175781,12.75,13.0,12.328638076782227,795284
SAUD.CA,Banking,2025-10-06 21:00:00,13.0,13.029999732971191,12.829999923706055,13.0,12.328638076782227,211129
SAUD.CA,Banking,2025-10-07 21:00:00,13.0,13.199999809265137,12.869999885559082,12.970000267028809,12.300188064575195,302840
SAUD.CA,Banking,2025-10-11 21:00:00,12.970000267028809,13.0,12.899999618530273,12.970000267028809,12.300188064575195,156886
SAUD.CA,Banking,2025-10-12 21:00:00,12.970000267028809,13.0,12.850000381469727,12.899999618530273,12.233802795410156,582995
SAUD.CA,Banking,2025-10-13 21:00:00,12.899999618530273,13.069999694824219,12.899999618530273,13.050000190734863,12.376056671142578,636791
SAUD.CA,Banking,2025-10-14 21:00:00,13.050000190734863,13.15999984741211,12.989999771118164,13.0600004196167,12.385540008544922,259262
SAUD.CA,Banking,2025-10-15 21:00:00,13.0600004196167,13.319999694824219,13.0,13.279999732971191,12.594178199768066,304070
SAUD.CA,Banking,2025-10-18 21:00:00,13.279999732971191,13.699999809265137,13.300000190734863,13.5,12.802817344665527,573814
SAUD.CA,Banking,2025-10-19 21:00:00,13.5,13.800000190734863,13.550000190734863,13.630000114440918,12.926103591918945,458047
SAUD.CA,Banking,2025-10-20 21:00:00,13.630000114440918,13.770000457763672,13.5,13.600000381469727,12.897652626037598,213844
SAUD.CA,Banking,2025-10-21 21:00:00,13.600000381469727,13.779999732971191,13.420000076293945,13.600000381469727,12.897652626037598,199616
SAUD.CA,Banking,2025-10-22 21:00:00,13.600000381469727,14.100000381469727,13.529999732971191,13.899999618530273,13.182159423828125,841025
SAUD.CA,Banking,2025-10-25 21:00:00,13.899999618530273,14.380000114440918,13.949999809265137,14.010000228881836,13.286478996276855,606693
SAUD.CA,Banking,2025-10-26 21:00:00,14.010000228881836,14.989999771118164,14.0,14.039999961853027,13.314929962158203,1843388
SAUD.CA,Banking,2025-10-27 21:00:00,14.039999961853027,14.1899995803833,13.829999923706055,13.899999618530273,13.182159423828125,546731
SAUD.CA,Banking,2025-10-28 21:00:00,13.899999618530273,14.079999923706055,13.760000228881836,13.960000038146973,13.23906135559082,511952
SAUD.CA,Banking,2025-10-29 21:00:00,13.960000038146973,14.329999923706055,13.949999809265137,14.100000381469727,13.371830940246582,1042390
SAUD.CA,Banking,2025-11-01 22:00:00,14.100000381469727,14.449999809265137,14.020000457763672,14.100000381469727,13.371830940246582,1488753
SAUD.CA,Banking,2025-11-02 22:00:00,14.100000381469727,14.25,13.949999809265137,14.25,13.514084815979004,2121699
SAUD.CA,Banking,2025-11-03 22:00:00,14.25,14.300000190734863,14.109999656677246,14.1899995803833,13.457182884216309,642606
SAUD.CA,Banking,2025-11-04 22:00:00,14.1899995803833,14.399999618530273,13.699999809265137,14.199999809265137,13.466666221618652,1336349
SAUD.CA,Banking,2025-11-05 22:00:00,14.199999809265137,14.579999923706055,14.170000076293945,14.3100004196167,13.5709867477417,2502399
SAUD.CA,Banking,2025-11-08 22:00:00,14.3100004196167,14.399999618530273,14.270000457763672,14.350000381469727,13.608920097351074,513898
SAUD.CA,Banking,2025-11-09 22:00:00,14.350000381469727,14.350000381469727,14.170000076293945,14.180000305175781,13.447699546813965,632876
SAUD.CA,Banking,2025-11-10 22:00:00,14.180000305175781,15.84000015258789,14.300000190734863,15.8100004196167,14.993521690368652,12484140
SAUD.CA,Banking,2025-11-11 22:00:00,15.8100004196167,16.299999237060547,15.569999694824219,16.200000762939453,15.363381385803223,3337799
SAUD.CA,Banking,2025-11-12 22:00:00,16.200000762939453,16.729999542236328,15.899999618530273,15.960000038146973,15.135774612426758,2299460
SAUD.CA,Banking,2025-11-15 22:00:00,15.960000038146973,16.200000762939453,15.600000381469727,15.989999771118164,15.164225578308105,1142572
SAUD.CA,Banking,2025-11-16 22:00:00,15.989999771118164,15.899999618530273,15.5,15.600000381469727,14.794366836547852,705635
SAUD.CA,Banking,2025-11-17 22:00:00,15.600000381469727,15.600000381469727,15.260000228881836,15.5,14.699530601501465,199686
SAUD.CA,Banking,2025-11-18 22:00:00,15.5,15.600000381469727,15.210000038146973,15.380000114440918,14.58572769165039,736638
SAUD.CA,Banking,2025-11-19 22:00:00,15.380000114440918,15.460000038146973,15.260000228881836,15.319999694824219,14.528825759887695,141546
SAUD.CA,Banking,2025-11-22 22:00:00,15.319999694824219,15.800000190734863,15.300000190734863,15.520000457763672,14.718498229980469,410181
SAUD.CA,Banking,2025-11-23 22:00:00,15.520000457763672,15.699999809265137,15.100000381469727,15.100000381469727,14.320188522338867,458075
SAUD.CA,Banking,2025-11-24 22:00:00,15.100000381469727,15.699999809265137,15.0600004196167,15.119999885559082,14.339155197143555,492186
SAUD.CA,Banking,2025-11-25 22:00:00,15.119999885559082,15.300000190734863,15.069999694824219,15.119999885559082,14.339155197143555,108843
SAUD.CA,Banking,2025-11-26 22:00:00,15.119999885559082,15.25,14.920000076293945,15.0,14.22535228729248,436669
SAUD.CA,Banking,2025-11-29 22:00:00,15.0,15.1899995803833,14.920000076293945,15.0,14.22535228729248,320519
SAUD.CA,Banking,2025-11-30 22:00:00,15.0,15.470000267028809,14.949999809265137,15.029999732971191,14.253802299499512,621287
SAUD.CA,Banking,2025-12-01 22:00:00,15.029999732971191,15.390000343322754,15.020000457763672,15.079999923706055,14.301220893859863,168822
SAUD.CA,Banking,2025-12-02 22:00:00,15.079999923706055,15.979999542236328,15.069999694824219,15.789999961853027,14.974554061889648,992141
SAUD.CA,Banking,2025-12-03 22:00:00,15.789999961853027,15.899999618530273,15.529999732971191,15.640000343322754,14.832301139831543,921973
SAUD.CA,Banking,2025-12-06 22:00:00,15.640000343322754,15.850000381469727,15.510000228881836,15.539999961853027,14.737464904785156,60373
SAUD.CA,Banking,2025-12-07 22:00:00,15.539999961853027,15.649999618530273,15.359999656677246,15.430000305175781,14.633146286010742,320808
SAUD.CA,Banking,2025-12-08 22:00:00,15.430000305175781,15.600000381469727,15.25,15.390000343322754,14.59521198272705,548662
SAUD.CA,Banking,2025-12-09 22:00:00,15.390000343322754,15.529999732971191,15.300000190734863,15.399999618530273,14.604694366455078,173064
SAUD.CA,Banking,2025-12-10 22:00:00,15.399999618530273,15.569999694824219,15.390000343322754,15.399999618530273,14.604694366455078,426265
SAUD.CA,Banking,2025-12-13 22:00:00,15.399999618530273,15.550000190734863,15.329999923706055,15.399999618530273,14.604694366455078,357408
SAUD.CA,Banking,2025-12-14 22:00:00,15.399999618530273,15.890000343322754,15.399999618530273,15.680000305175781,14.870235443115234,531263
SAUD.CA,Banking,2025-12-15 22:00:00,15.680000305175781,15.800000190734863,15.470000267028809,15.550000190734863,14.7469482421875,355233
SAUD.CA,Banking,2025-12-16 22:00:00,15.550000190734863,15.640000343322754,15.300000190734863,15.380000114440918,14.58572769165039,185750
SAUD.CA,Banking,2025-12-17 22:00:00,15.380000114440918,15.5,15.1899995803833,15.199999809265137,14.415022850036621,431201
SAUD.CA,Banking,2025-12-20 22:00:00,15.199999809265137,15.5,15.0,15.3100004196167,14.519343376159668,134229
SAUD.CA,Banking,2025-12-21 22:00:00,15.3100004196167,15.539999961853027,15.119999885559082,15.270000457763672,14.481409072875977,159915
SAUD.CA,Banking,2025-12-22 22:00:00,15.270000457763672,15.550000190734863,15.100000381469727,15.130000114440918,14.348638534545898,213506
SAUD.CA,Banking,2025-12-23 22:00:00,15.130000114440918,15.489999771118164,15.199999809265137,15.25,14.462441444396973,478119
SAUD.CA,Banking,2025-12-24 22:00:00,15.25,15.5,15.220000267028809,15.5,14.699530601501465,233379
SAUD.CA,Banking,2025-12-27 22:00:00,15.5,15.510000228881836,15.300000190734863,15.319999694824219,14.528825759887695,93272
SAUD.CA,Banking,2025-12-28 22:00:00,15.319999694824219,15.399999618530273,15.210000038146973,15.279999732971191,14.490891456604004,131900
SAUD.CA,Banking,2025-12-29 22:00:00,15.279999732971191,15.470000267028809,15.15999984741211,15.300000190734863,14.509859085083008,255572
SAUD.CA,Banking,2025-12-30 22:00:00,15.300000190734863,15.4399995803833,15.199999809265137,15.390000343322754,14.59521198272705,245757
SAUD.CA,Banking,2026-01-03 22:00:00,15.390000343322754,15.4399995803833,15.199999809265137,15.300000190734863,14.509859085083008,134300
SAUD.CA,Banking,2026-01-04 22:00:00,15.300000190734863,15.390000343322754,15.100000381469727,15.109999656677246,14.329670906066895,101906
SAUD.CA,Banking,2026-01-05 22:00:00,15.109999656677246,15.390000343322754,15.100000381469727,15.270000457763672,14.481409072875977,97582
SAUD.CA,Banking,2026-01-07 22:00:00,15.270000457763672,15.390000343322754,15.140000343322754,15.210000038146973,14.424507141113281,373905
SAUD.CA,Banking,2026-01-10 22:00:00,15.210000038146973,15.859999656677246,15.130000114440918,15.770000457763672,14.955587387084961,998086
SAUD.CA,Banking,2026-01-11 22:00:00,15.770000457763672,15.949999809265137,15.600000381469727,15.649999618530273,14.84178352355957,1151192
SAUD.CA,Banking,2026-01-12 22:00:00,15.649999618530273,16.25,15.449999809265137,15.850000381469727,15.031455993652344,1749065
SAUD.CA,Banking,2026-01-13 22:00:00,15.850000381469727,15.979999542236328,15.100000381469727,15.130000114440918,14.348638534545898,565966
SAUD.CA,Banking,2026-01-14 22:00:00,15.130000114440918,15.930000305175781,15.149999618530273,15.229999542236328,14.443473815917969,818323
SAUD.CA,Banking,2026-01-17 22:00:00,15.229999542236328,16.100000381469727,15.300000190734863,15.75,14.936619758605957,458493
SAUD.CA,Banking,2026-01-18 22:00:00,15.75,16.06999969482422,15.670000076293945,15.899999618530273,15.078872680664062,1127647
SAUD.CA,Banking,2026-01-19 22:00:00,15.899999618530273,15.899999618530273,15.5,15.609999656677246,14.803849220275879,673921
SAUD.CA,Banking,2026-01-20 22:00:00,15.609999656677246,15.789999961853027,15.399999618530273,15.699999809265137,14.889202117919922,782208
SAUD.CA,Banking,2026-01-21 22:00:00,15.699999809265137,16.860000610351562,15.550000190734863,16.610000610351562,15.752206802368164,3453838
SAUD.CA,Banking,2026-01-24 22:00:00,16.610000610351562,17.100000381469727,16.459999084472656,16.770000457763672,15.90394401550293,1266249
SAUD.CA,Banking,2026-01-25 22:00:00,16.770000457763672,16.93000030517578,16.260000228881836,16.6299991607666,15.771172523498535,722684
SAUD.CA,Banking,2026-01-26 22:00:00,16.6299991607666,17.149999618530273,16.600000381469727,17.1200008392334,16.235868453979492,2274295
SAUD.CA,Banking,2026-01-27 22:00:00,17.1200008392334,17.700000762939453,17.15999984741211,17.40999984741211,16.51089096069336,1754519
SAUD.CA,Banking,2026-01-31 22:00:00,17.40999984741211,17.59000015258789,17.219999313354492,17.459999084472656,16.55830955505371,392702
SAUD.CA,Banking,2026-02-01 22:00:00,17.459999084472656,17.75,17.110000610351562,17.15999984741211,16.273801803588867,814271
SAUD.CA,Banking,2026-02-02 22:00:00,17.15999984741211,17.780000686645508,17.25,17.59000015258789,16.681596755981445,1441936
SAUD.CA,Banking,2026-02-03 22:00:00,17.59000015258789,17.700000762939453,17.399999618530273,17.520000457763672,16.615211486816406,289797
SAUD.CA,Banking,2026-02-04 22:00:00,17.520000457763672,18.100000381469727,17.520000457763672,17.920000076293945,16.99455451965332,1273953
SAUD.CA,Banking,2026-02-07 22:00:00,17.920000076293945,18.299999237060547,17.899999618530273,18.059999465942383,17.127323150634766,823633
SAUD.CA,Banking,2026-02-08 22:00:00,18.059999465942383,18.280000686645508,17.75,18.0,17.070423126220703,467667
SAUD.CA,Banking,2026-02-09 22:00:00,18.0,18.09000015258789,17.559999465942383,17.649999618530273,16.738496780395508,710410
SAUD.CA,Banking,2026-02-10 22:00:00,17.649999618530273,18.049999237060547,17.399999618530273,17.600000381469727,16.69108009338379,893365
SAUD.CA,Banking,2026-02-11 22:00:00,17.600000381469727,17.959999084472656,17.299999237060547,17.75,16.83333396911621,661099
SAUD.CA,Banking,2026-02-14 22:00:00,17.75,18.600000381469727,17.799999237060547,18.219999313354492,17.27906036376953,1840597
SAUD.CA,Banking,2026-02-15 22:00:00,18.219999313354492,18.690000534057617,18.200000762939453,18.489999771118164,17.53511619567871,866660
SAUD.CA,Banking,2026-02-16 22:00:00,18.489999771118164,18.700000762939453,18.200000762939453,18.389999389648438,17.44028091430664,893767
SAUD.CA,Banking,2026-02-17 22:00:00,18.389999389648438,18.780000686645508,18.399999618530273,18.549999237060547,17.592018127441406,364361
SAUD.CA,Banking,2026-02-18 22:00:00,18.549999237060547,18.75,18.100000381469727,18.459999084472656,17.50666618347168,490819
SAUD.CA,Banking,2026-02-21 22:00:00,18.459999084472656,18.780000686645508,17.799999237060547,18.020000457763672,17.08938980102539,405629
SAUD.CA,Banking,2026-02-22 22:00:00,18.020000457763672,19.200000762939453,18.030000686645508,19.170000076293945,18.18000030517578,1952293
SAUD.CA,Banking,2026-02-23 22:00:00,19.170000076293945,19.649999618530273,18.899999618530273,19.399999618530273,18.398120880126953,886254
SAUD.CA,Banking,2026-02-24 22:00:00,19.399999618530273,19.450000762939453,18.600000381469727,18.690000534057617,17.724788665771484,514013
SAUD.CA,Banking,2026-02-25 22:00:00,18.690000534057617,19.0,18.43000030517578,18.959999084472656,17.980844497680664,354892
SAUD.CA,Banking,2026-02-28 22:00:00,18.959999084472656,18.850000381469727,17.700000762939453,18.719999313354492,17.753238677978516,514784
SAUD.CA,Banking,2026-03-01 22:00:00,18.719999313354492,18.8799991607666,18.5,18.510000228881836,17.55408477783203,105715
SAUD.CA,Banking,2026-03-02 22:00:00,18.510000228881836,18.690000534057617,18.1299991607666,18.190000534057617,17.2506103515625,311776
SAUD.CA,Banking,2026-03-03 22:00:00,18.190000534057617,18.399999618530273,17.709999084472656,18.18000030517578,17.241127014160156,690536
SAUD.CA,Banking,2026-03-04 22:00:00,18.18000030517578,18.5,18.0,18.280000686645508,17.335962295532227,252224
SAUD.CA,Banking,2026-03-07 22:00:00,18.280000686645508,18.299999237060547,17.850000381469727,17.8799991607666,16.956619262695312,279284
SAUD.CA,Banking,2026-03-08 22:00:00,17.8799991607666,18.190000534057617,17.450000762939453,17.940000534057617,17.013521194458008,955911
SAUD.CA,Banking,2026-03-09 22:00:00,17.940000534057617,18.260000228881836,17.940000534057617,18.110000610351562,17.174741744995117,346069
SAUD.CA,Banking,2026-03-10 22:00:00,18.110000610351562,18.350000381469727,17.940000534057617,18.0,17.070423126220703,263806
SAUD.CA,Banking,2026-03-11 22:00:00,18.0,18.5,18.020000457763672,18.31999969482422,17.3738956451416,359449
SAUD.CA,Banking,2026-03-14 22:00:00,18.31999969482422,18.479999542236328,18.049999237060547,18.3799991607666,17.430797576904297,149810
SAUD.CA,Banking,2026-03-15 22:00:00,18.3799991607666,18.399999618530273,18.0,18.0,17.070423126220703,332227
SAUD.CA,Banking,2026-03-16 22:00:00,18.0,18.5,18.0,18.479999542236328,17.525632858276367,380707
SAUD.CA,Banking,2026-03-17 22:00:00,18.479999542236328,19.399999618530273,18.309999465942383,18.84000015258789,17.867042541503906,667729
SAUD.CA,Banking,2026-03-18 22:00:00,18.84000015258789,18.84000015258789,18.84000015258789,18.84000015258789,17.867042541503906,0
SAUD.CA,Banking,2026-03-23 22:00:00,18.84000015258789,19.299999237060547,18.809999465942383,18.920000076293945,17.94291114807129,284043
SAUD.CA,Banking,2026-03-24 22:00:00,18.920000076293945,19.34000015258789,19.0,19.25,18.255868911743164,338036
SAUD.CA,Banking,2026-03-25 22:00:00,19.25,19.889999389648438,19.0,19.790000915527344,18.767982482910156,1147647
SAUD.CA,Banking,2026-03-28 22:00:00,19.790000915527344,21.0,19.299999237060547,19.3799991607666,18.379154205322266,2080857
SAUD.CA,Banking,2026-03-29 22:00:00,19.3799991607666,19.649999618530273,19.010000228881836,19.200000762939453,18.208452224731445,564200
SAUD.CA,Banking,2026-03-30 22:00:00,19.200000762939453,19.709999084472656,19.110000610351562,19.5,18.492958068847656,534695
SAUD.CA,Banking,2026-03-31 22:00:00,19.5,20.479999542236328,19.639999389648438,20.079999923706055,19.043004989624023,1348850
SAUD.CA,Banking,2026-04-01 22:00:00,20.079999923706055,21.200000762939453,20.100000381469727,20.950000762939453,19.86807632446289,1272447
SAUD.CA,Banking,2026-04-04 22:00:00,20.950000762939453,21.860000610351562,21.0,21.489999771118164,20.38018798828125,882162
SAUD.CA,Banking,2026-04-05 22:00:00,21.489999771118164,21.65999984741211,21.34000015258789,21.479999542236328,20.370704650878906,531141
SAUD.CA,Banking,2026-04-06 22:00:00,21.479999542236328,21.68000030517578,20.299999237060547,20.350000381469727,19.299060821533203,754211
SAUD.CA,Banking,2026-04-07 22:00:00,20.350000381469727,21.200000762939453,20.670000076293945,21.0,19.91549301147461,718725
SAUD.CA,Banking,2026-04-08 22:00:00,21.0,21.329999923706055,20.719999313354492,21.299999237060547,20.19999885559082,999208
SAUD.CA,Banking,2026-04-13 22:00:00,21.299999237060547,21.100000381469727,20.040000915527344,20.979999542236328,20.979999542236328,738196
SAUD.CA,Banking,2026-04-14 22:00:00,20.979999542236328,21.3700008392334,20.989999771118164,21.309999465942383,21.309999465942383,617199
SAUD.CA,Banking,2026-04-15 22:00:00,21.309999465942383,22.200000762939453,21.299999237060547,22.200000762939453,22.200000762939453,967923
SAUD.CA,Banking,2026-04-18 22:00:00,22.200000762939453,22.450000762939453,21.799999237060547,22.0,22.0,491918
SAUD.CA,Banking,2026-04-19 22:00:00,22.0,22.0,21.549999237060547,21.729999542236328,21.729999542236328,289452
SAUD.CA,Banking,2026-04-20 22:00:00,21.729999542236328,21.989999771118164,21.649999618530273,21.670000076293945,21.670000076293945,275508
SAUD.CA,Banking,2026-04-21 22:00:00,21.670000076293945,22.0,21.459999084472656,21.979999542236328,21.979999542236328,363746
SAUD.CA,Banking,2026-04-22 22:00:00,21.979999542236328,22.299999237060547,21.68000030517578,22.049999237060547,22.049999237060547,232621
SAUD.CA,Banking,2026-04-25 21:00:00,22.049999237060547,22.389999389648438,21.899999618530273,21.950000762939453,21.950000762939453,312799
SAUD.CA,Banking,2026-04-26 21:00:00,21.950000762939453,22.149999618530273,21.950000762939453,22.0,22.0,163959
SAUD.CA,Banking,2026-04-27 21:00:00,22.0,22.110000610351562,21.610000610351562,21.809999465942383,21.809999465942383,327251
SAUD.CA,Banking,2026-04-28 21:00:00,21.809999465942383,22.049999237060547,21.649999618530273,22.010000228881836,22.010000228881836,275628
SAUD.CA,Banking,2026-04-29 21:00:00,22.010000228881836,22.5,21.799999237060547,22.31999969482422,22.31999969482422,589998
SAUD.CA,Banking,2026-05-02 21:00:00,22.31999969482422,23.469999313354492,22.3700008392334,23.40999984741211,23.40999984741211,1348751
SAUD.CA,Banking,2026-05-03 21:00:00,23.40999984741211,23.799999237060547,23.399999618530273,23.43000030517578,23.43000030517578,634505
SAUD.CA,Banking,2026-05-04 21:00:00,23.43000030517578,24.299999237060547,23.040000915527344,24.18000030517578,24.18000030517578,715762
SAUD.CA,Banking,2026-05-05 21:00:00,24.18000030517578,24.5,23.860000610351562,24.3700008392334,24.3700008392334,723236
SAUD.CA,Banking,2026-05-09 21:00:00,24.3700008392334,24.799999237060547,24.389999389648438,24.790000915527344,24.790000915527344,352693
SAUD.CA,Banking,2026-05-10 21:00:00,24.790000915527344,25.100000381469727,24.649999618530273,24.700000762939453,24.700000762939453,482291
SAUD.CA,Banking,2026-05-11 21:00:00,24.700000762939453,24.8799991607666,23.700000762939453,23.81999969482422,23.81999969482422,1426446
SAUD.CA,Banking,2026-05-12 21:00:00,23.81999969482422,24.0,23.15999984741211,23.610000610351562,23.610000610351562,1564572
SAUD.CA,Banking,2026-05-13 21:00:00,23.610000610351562,23.850000381469727,23.1200008392334,23.600000381469727,23.600000381469727,721190
SAUD.CA,Banking,2026-05-16 21:00:00,23.600000381469727,23.700000762939453,22.600000381469727,22.670000076293945,22.670000076293945,1018184
SAUD.CA,Banking,2026-05-17 21:00:00,22.670000076293945,22.829999923706055,22.200000762939453,22.270000457763672,22.270000457763672,653005
SAUD.CA,Banking,2026-05-18 21:00:00,22.270000457763672,22.790000915527344,22.299999237060547,22.780000686645508,22.780000686645508,333930
SAUD.CA,Banking,2026-05-19 21:00:00,22.780000686645508,22.899999618530273,22.200000762939453,22.200000762939453,22.200000762939453,483906
SAUD.CA,Banking,2026-05-20 21:00:00,22.200000762939453,22.5,21.799999237060547,22.309999465942383,22.309999465942383,465246
SAUD.CA,Banking,2026-05-23 21:00:00,22.309999465942383,22.690000534057617,22.1200008392334,22.5,22.5,298834
SAUD.CA,Banking,2026-05-24 21:00:00,22.5,22.950000762939453,22.25,22.950000762939453,22.950000762939453,409260
SAUD.CA,Banking,2026-05-25 21:00:00,22.950000762939453,22.950000762939453,22.950000762939453,22.950000762939453,22.950000762939453,0
SAUD.CA,Banking,2026-05-26 21:00:00,22.950000762939453,22.950000762939453,22.950000762939453,22.950000762939453,22.950000762939453,0
SAUD.CA,Banking,2026-05-27 21:00:00,22.950000762939453,22.950000762939453,22.950000762939453,22.950000762939453,22.950000762939453,0
SAUD.CA,Banking,2026-05-31 21:00:00,22.950000762939453,23.270000457763672,22.360000610351562,22.510000228881836,22.510000228881836,778985
SAUD.CA,Banking,2026-06-01 21:00:00,22.510000228881836,23.0,22.469999313354492,22.8799991607666,22.8799991607666,460292
SAUD.CA,Banking,2026-06-02 21:00:00,22.8799991607666,22.959999084472656,22.420000076293945,22.5,22.5,343489
SAUD.CA,Banking,2026-06-03 21:00:00,22.5,22.950000762939453,22.350000381469727,22.90999984741211,22.90999984741211,376124
SAUD.CA,Banking,2026-06-06 21:00:00,22.90999984741211,22.860000610351562,22.399999618530273,22.40999984741211,22.40999984741211,346544
SAUD.CA,Banking,2026-06-07 21:00:00,22.40999984741211,22.450000762939453,22.200000762939453,22.229999542236328,22.229999542236328,327444
SAUD.CA,Banking,2026-06-08 21:00:00,22.229999542236328,22.3799991607666,22.110000610351562,22.15999984741211,22.15999984741211,339495
SAUD.CA,Banking,2026-06-09 21:00:00,22.15999984741211,22.200000762939453,21.399999618530273,21.43000030517578,21.43000030517578,677078
SAUD.CA,Banking,2026-06-10 21:00:00,21.43000030517578,21.43000030517578,20.81999969482422,21.399999618530273,21.399999618530273,759762
SAUD.CA,Banking,2026-06-13 21:00:00,21.399999618530273,21.799999237060547,21.5,21.530000686645508,21.530000686645508,348508
SAUD.CA,Banking,2026-06-14 21:00:00,21.530000686645508,22.09000015258789,21.540000915527344,22.0,22.0,432551
SAUD.CA,Banking,2026-06-15 21:00:00,22.0,22.0,21.719999313354492,21.959999084472656,21.959999084472656,245010
SAUD.CA,Banking,2026-06-16 21:00:00,21.959999084472656,21.959999084472656,21.959999084472656,21.959999084472656,21.959999084472656,0
SAUD.CA,Banking,2026-06-17 21:00:00,21.959999084472656,21.959999084472656,21.959999084472656,21.959999084472656,21.959999084472656,0
SAUD.CA,Banking,2026-06-20 21:00:00,22.040000915527344,22.190000534057617,21.75,21.75,21.75,206813
SAUD.CA,Banking,2026-06-21 21:00:00,21.75,21.75,21.75,21.75,21.75,0
SAUD.CA,Banking,2026-06-22 21:00:00,21.5,21.860000610351562,21.3799991607666,21.579999923706055,21.579999923706055,264859
SAUD.CA,Banking,2026-06-23 21:00:00,21.579999923706055,21.690000534057617,21.010000228881836,21.030000686645508,21.030000686645508,158885
SAUD.CA,Banking,2026-06-24 21:00:00,21.030000686645508,21.299999237060547,20.969999313354492,21.100000381469727,21.100000381469727,312183
SAUD.CA,Banking,2026-06-27 21:00:00,21.100000381469727,21.25,19.989999771118164,20.049999237060547,20.049999237060547,382228
SAUD.CA,Banking,2026-06-28 21:00:00,20.049999237060547,21.0,20.0,20.43000030517578,20.43000030517578,208144
SAUD.CA,Banking,2026-06-29 21:00:00,20.43000030517578,21.190000534057617,20.5,21.06999969482422,21.06999969482422,325595
SAUD.CA,Banking,2026-06-30 21:00:00,21.06999969482422,21.299999237060547,21.010000228881836,21.09000015258789,21.09000015258789,221494
SAUD.CA,Banking,2026-07-04 21:00:00,21.09000015258789,21.459999084472656,21.09000015258789,21.360000610351562,21.360000610351562,251093
SAUD.CA,Banking,2026-07-05 21:00:00,21.360000610351562,21.84000015258789,21.280000686645508,21.559999465942383,21.559999465942383,347106
SAUD.CA,Banking,2026-07-06 21:00:00,21.559999465942383,21.729999542236328,21.5,21.709999084472656,21.709999084472656,215971
SAUD.CA,Banking,2026-07-07 21:00:00,21.709999084472656,21.729999542236328,21.149999618530273,21.15999984741211,21.15999984741211,245860
SAUD.CA,Banking,2026-07-08 21:00:00,21.15999984741211,21.799999237060547,21.030000686645508,21.739999771118164,21.739999771118164,238648
SAUD.CA,Banking,2026-07-11 21:00:00,21.739999771118164,21.799999237060547,21.5,21.670000076293945,21.670000076293945,181519
SAUD.CA,Banking,2026-07-12 21:00:00,21.670000076293945,21.770000457763672,21.5,21.540000915527344,21.540000915527344,96807
SAUD.CA,Banking,2026-07-13 21:00:00,21.540000915527344,21.690000534057617,21.25,21.579999923706055,21.579999923706055,184850
SAUD.CA,Banking,2026-07-14 21:00:00,21.579999923706055,21.68000030517578,21.31999969482422,21.40999984741211,21.40999984741211,195062
SAUD.CA,Banking,2026-07-15 21:00:00,21.40999984741211,21.700000762939453,21.299999237060547,21.690000534057617,21.690000534057617,294242
SAUD.CA,Banking,2026-07-18 21:00:00,21.690000534057617,21.75,21.309999465942383,21.59000015258789,21.59000015258789,448313
SAUD.CA,Banking,2026-07-19 21:00:00,21.59000015258789,21.729999542236328,21.40999984741211,21.59000015258789,21.59000015258789,247981
SAUD.CA,Banking,2026-07-20 21:00:00,21.59000015258789,22.100000381469727,21.540000915527344,21.950000762939453,21.950000762939453,1113917
SAUD.CA,Banking,2026-07-21 21:00:00,21.950000762939453,22.15999984741211,21.709999084472656,22.110000610351562,22.110000610351562,722543
SAUD.CA,Banking,2026-07-25 21:00:00,22.110000610351562,22.75,22.239999771118164,22.59000015258789,22.59000015258789,1878930
SAUD.CA,Banking,2026-07-26 21:00:00,22.59000015258789,22.65999984741211,22.389999389648438,22.579999923706055,22.579999923706055,589579
SAUD.CA,Banking,2026-07-27 21:00:00,22.579999923706055,22.6299991607666,22.149999618530273,22.219999313354492,22.219999313354492,688856
SAUD.CA,Banking,2026-07-28 21:00:00,22.219999313354492,22.389999389648438,22.030000686645508,22.290000915527344,22.290000915527344,343860
SAUD.CA,Banking,2026-07-29 21:00:00,22.290000915527344,22.489999771118164,21.610000610351562,21.969999313354492,21.969999313354492,548867
SAUD.CA,Banking,2026-08-01 21:00:00,21.969999313354492,21.969999313354492,21.399999618530273,21.770000457763672,21.770000457763672,873394
SAUD.CA,Banking,2026-08-02 21:00:00,21.770000457763672,21.889999389648438,21.65999984741211,21.670000076293945,21.670000076293945,663807
SAUD.CA,Banking,2026-08-03 21:00:00,21.670000076293945,22.100000381469727,21.610000610351562,21.829999923706055,21.829999923706055,855317
SAUD.CA,Banking,2026-08-04 21:00:00,21.829999923706055,22.799999237060547,21.850000381469727,22.719999313354492,22.719999313354492,1571865
SAUD.CA,Banking,2026-08-05 21:00:00,22.719999313354492,22.780000686645508,22.299999237060547,22.450000762939453,22.450000762939453,729539
