symbol,sector,raw_date_utc,open,high,low,close,adj_close,volume
UNIT.CA,Real Estate,2022-01-01 22:00:00,4.557051181793213,4.81364107131958,4.526259899139404,4.700741767883301,4.649691104888916,1207841
UNIT.CA,Real Estate,2022-01-02 22:00:00,4.700741767883301,4.782851219177246,4.567314147949219,4.618631839752197,4.568472862243652,753566
UNIT.CA,Real Estate,2022-01-03 22:00:00,4.618631839752197,4.711005210876465,4.567314147949219,4.587841987609863,4.538017272949219,386579
UNIT.CA,Real Estate,2022-01-04 22:00:00,4.587841987609863,4.680213928222656,4.557051181793213,4.587841987609863,4.538017272949219,965942
UNIT.CA,Real Estate,2022-01-08 22:00:00,4.587841987609863,4.587841987609863,4.587841987609863,4.587841987609863,4.538017272949219,0
UNIT.CA,Real Estate,2022-01-09 22:00:00,4.464677810668945,4.546786785125732,4.423624038696289,4.433887004852295,4.385734558105469,600874
UNIT.CA,Real Estate,2022-01-10 22:00:00,4.433887004852295,4.546786785125732,4.413360118865967,4.444150924682617,4.3958868980407715,450635
UNIT.CA,Real Estate,2022-01-11 22:00:00,4.444150924682617,4.505733013153076,4.259405136108398,4.320987224578857,4.2740607261657715,540759
UNIT.CA,Real Estate,2022-01-12 22:00:00,4.320987224578857,4.372304916381836,4.208086967468262,4.279932975769043,4.233452320098877,148405
UNIT.CA,Real Estate,2022-01-15 22:00:00,4.279932975769043,4.33125114440918,4.1670331954956055,4.208086967468262,4.162386417388916,241842
UNIT.CA,Real Estate,2022-01-16 22:00:00,4.208086967468262,4.290195941925049,4.156768798828125,4.259405136108398,4.213147163391113,326911
UNIT.CA,Real Estate,2022-01-17 22:00:00,4.259405136108398,4.382568836212158,4.208086967468262,4.351778030395508,4.3045172691345215,292354
UNIT.CA,Real Estate,2022-01-18 22:00:00,4.351778030395508,4.392833232879639,4.279932975769043,4.33125114440918,4.284213066101074,571617
UNIT.CA,Real Estate,2022-01-19 22:00:00,4.33125114440918,4.36204195022583,4.249142169952393,4.269669055938721,4.223299980163574,257102
UNIT.CA,Real Estate,2022-01-22 22:00:00,4.269669055938721,4.259405136108398,4.1054511070251465,4.156768798828125,4.111625671386719,373250
UNIT.CA,Real Estate,2022-01-23 22:00:00,4.156768798828125,4.177296161651611,3.9514970779418945,4.013078212738037,3.9694955348968506,374491
UNIT.CA,Real Estate,2022-01-24 22:00:00,4.013078212738037,4.084924221038818,3.9617600440979004,3.99255108833313,3.9491913318634033,237766
UNIT.CA,Real Estate,2022-01-25 22:00:00,3.99255108833313,4.1054511070251465,3.920706033706665,3.930968999862671,3.888278007507324,375178
UNIT.CA,Real Estate,2022-01-29 22:00:00,3.930968999862671,4.002814769744873,3.859123945236206,3.8796510696411133,3.837517499923706,135091
UNIT.CA,Real Estate,2022-01-30 22:00:00,3.8796510696411133,4.013078212738037,3.848860025405884,3.9514970779418945,3.908583164215088,175805
UNIT.CA,Real Estate,2022-01-31 22:00:00,3.9514970779418945,4.1054511070251465,3.9514970779418945,4.074659824371338,4.0304083824157715,303962
UNIT.CA,Real Estate,2022-02-01 22:00:00,4.074659824371338,4.1670331954956055,4.084924221038818,4.1054511070251465,4.06086540222168,284226
UNIT.CA,Real Estate,2022-02-02 22:00:00,4.1054511070251465,4.156768798828125,4.013078212738037,4.0438690185546875,3.9999520778656006,243818
UNIT.CA,Real Estate,2022-02-05 22:00:00,4.0438690185546875,4.136241912841797,4.0438690185546875,4.084924221038818,4.040561199188232,222298
UNIT.CA,Real Estate,2022-02-06 22:00:00,4.084924221038818,4.1054511070251465,3.930968999862671,3.99255108833313,3.9491913318634033,722289
UNIT.CA,Real Estate,2022-02-07 22:00:00,3.99255108833313,4.074659824371338,3.9617600440979004,3.99255108833313,3.9491913318634033,66615
UNIT.CA,Real Estate,2022-02-08 22:00:00,3.99255108833313,4.064396858215332,3.941232919692993,3.9514970779418945,3.908583164215088,119766
UNIT.CA,Real Estate,2022-02-09 22:00:00,3.9514970779418945,4.002814769744873,3.859123945236206,3.8693881034851074,3.8273658752441406,244051
UNIT.CA,Real Estate,2022-02-12 22:00:00,3.8693881034851074,3.7667510509490967,3.5306880474090576,3.5512149333953857,3.512648105621338,625173
UNIT.CA,Real Estate,2022-02-13 22:00:00,3.5512149333953857,3.5922698974609375,3.4691059589385986,3.5820059776306152,3.543104887008667,313696
UNIT.CA,Real Estate,2022-02-14 22:00:00,3.5820059776306152,3.65385103225708,3.5306880474090576,3.6230599880218506,3.5837130546569824,227786
UNIT.CA,Real Estate,2022-02-15 22:00:00,3.6230599880218506,3.6641149520874023,3.5922698974609375,3.6127970218658447,3.573561429977417,210084
UNIT.CA,Real Estate,2022-02-16 22:00:00,3.6127970218658447,3.6127970218658447,3.4793701171875,3.489633083343506,3.451735258102417,921130
UNIT.CA,Real Estate,2022-02-19 22:00:00,3.489633083343506,3.561479091644287,3.417788028717041,3.4280519485473633,3.3908228874206543,834865
UNIT.CA,Real Estate,2022-02-20 22:00:00,3.4280519485473633,3.6127970218658447,3.417788028717041,3.571742057800293,3.532952308654785,1940025
UNIT.CA,Real Estate,2022-02-21 22:00:00,3.571742057800293,3.5409510135650635,3.417788028717041,3.489633083343506,3.451735258102417,820075
UNIT.CA,Real Estate,2022-02-22 22:00:00,3.489633083343506,3.6230599880218506,3.4691059589385986,3.5409510135650635,3.502495765686035,811233
UNIT.CA,Real Estate,2022-02-23 22:00:00,3.5409510135650635,3.3664700984954834,3.0996150970458984,3.1509339809417725,3.1167144775390625,876822
UNIT.CA,Real Estate,2022-02-26 22:00:00,3.1509339809417725,3.345942974090576,3.2227790355682373,3.284360885620117,3.248692274093628,365309
UNIT.CA,Real Estate,2022-02-27 22:00:00,3.284360885620117,3.284360885620117,3.1817240715026855,3.2227790355682373,3.187779188156128,245704
UNIT.CA,Real Estate,2022-02-28 22:00:00,3.2227790355682373,3.3151519298553467,3.2330429553985596,3.284360885620117,3.248692274093628,381059
UNIT.CA,Real Estate,2022-03-01 22:00:00,3.284360885620117,3.3254148960113525,3.2433059215545654,3.274096965789795,3.238539695739746,387366
UNIT.CA,Real Estate,2022-03-02 22:00:00,3.274096965789795,3.4485790729522705,3.274096965789795,3.3664700984954834,3.3299098014831543,1411749
UNIT.CA,Real Estate,2022-03-05 22:00:00,3.3664700984954834,3.4280519485473633,3.356205940246582,3.3869969844818115,3.3502137660980225,298634
UNIT.CA,Real Estate,2022-03-06 22:00:00,3.3869969844818115,3.3767330646514893,3.0996150970458984,3.1509339809417725,3.1167144775390625,693266
UNIT.CA,Real Estate,2022-03-07 22:00:00,3.1509339809417725,3.1509339809417725,3.1509339809417725,3.1509339809417725,3.1167144775390625,0
UNIT.CA,Real Estate,2022-03-08 22:00:00,3.212515115737915,3.3048880100250244,3.1817240715026855,3.191987991333008,3.157322645187378,297714
UNIT.CA,Real Estate,2022-03-09 22:00:00,3.191987991333008,3.2638330459594727,3.1817240715026855,3.2330429553985596,3.1979315280914307,234154
UNIT.CA,Real Estate,2022-03-12 22:00:00,3.2330429553985596,3.2330429553985596,3.1817240715026855,3.20225191116333,3.1674749851226807,140893
UNIT.CA,Real Estate,2022-03-13 22:00:00,3.20225191116333,3.20225191116333,3.1817240715026855,3.1817240715026855,3.147170066833496,156542
UNIT.CA,Real Estate,2022-03-14 22:00:00,3.1817240715026855,3.1817240715026855,3.079087972640991,3.0996150970458984,3.065952777862549,305369
UNIT.CA,Real Estate,2022-03-15 22:00:00,3.0996150970458984,3.253570079803467,3.1611969470977783,3.2330429553985596,3.1979315280914307,373792
UNIT.CA,Real Estate,2022-03-16 22:00:00,3.2330429553985596,3.345942974090576,3.253570079803467,3.294624090194702,3.2588438987731934,586984
UNIT.CA,Real Estate,2022-03-19 22:00:00,3.294624090194702,3.3664700984954834,3.284360885620117,3.345942974090576,3.309605598449707,281322
UNIT.CA,Real Estate,2022-03-20 22:00:00,3.345942974090576,3.5306880474090576,3.345942974090576,3.438314914703369,3.4009742736816406,1136416
UNIT.CA,Real Estate,2022-03-21 22:00:00,3.438314914703369,3.643588066101074,3.489633083343506,3.499897003173828,3.4618875980377197,775253
UNIT.CA,Real Estate,2022-03-22 22:00:00,3.499897003173828,3.5512149333953857,3.417788028717041,3.5409510135650635,3.502495765686035,271100
UNIT.CA,Real Estate,2022-03-23 22:00:00,3.5409510135650635,3.6025331020355225,3.3869969844818115,3.4280519485473633,3.3908228874206543,353145
UNIT.CA,Real Estate,2022-03-26 22:00:00,3.4280519485473633,3.4280519485473633,3.3151519298553467,3.345942974090576,3.309605598449707,773968
UNIT.CA,Real Estate,2022-03-27 22:00:00,3.345942974090576,3.3664700984954834,3.1714611053466797,3.1817240715026855,3.147170066833496,132274
UNIT.CA,Real Estate,2022-03-28 22:00:00,3.1817240715026855,3.2638330459594727,3.1509339809417725,3.2433059215545654,3.208083152770996,143225
UNIT.CA,Real Estate,2022-03-29 22:00:00,3.2433059215545654,3.294624090194702,3.1714611053466797,3.1817240715026855,3.147170066833496,187350
UNIT.CA,Real Estate,2022-03-30 22:00:00,3.1817240715026855,3.2227790355682373,3.1611969470977783,3.1817240715026855,3.147170066833496,68747
UNIT.CA,Real Estate,2022-04-02 22:00:00,3.1817240715026855,3.2638330459594727,3.191987991333008,3.1817240715026855,3.147170066833496,63876
UNIT.CA,Real Estate,2022-04-03 22:00:00,3.1817240715026855,3.294624090194702,3.2227790355682373,3.2638330459594727,3.2283873558044434,165274
UNIT.CA,Real Estate,2022-04-04 22:00:00,3.2638330459594727,3.335679054260254,3.253570079803467,3.284360885620117,3.248692274093628,142304
UNIT.CA,Real Estate,2022-04-05 22:00:00,3.284360885620117,3.284360885620117,3.1817240715026855,3.212515115737915,3.177626848220825,108180
UNIT.CA,Real Estate,2022-04-06 22:00:00,3.212515115737915,3.2638330459594727,3.130405902862549,3.14067006111145,3.1065618991851807,296874
UNIT.CA,Real Estate,2022-04-09 22:00:00,3.14067006111145,3.1611969470977783,2.9867160320281982,3.0688250064849854,3.0354971885681152,339964
UNIT.CA,Real Estate,2022-04-10 22:00:00,3.0688250064849854,3.0482969284057617,2.8738160133361816,2.8840789794921875,2.852757453918457,242078
UNIT.CA,Real Estate,2022-04-11 22:00:00,2.8840789794921875,2.996978998184204,2.8840789794921875,2.935396909713745,2.903517961502075,162129
UNIT.CA,Real Estate,2022-04-12 22:00:00,2.935396909713745,3.0482969284057617,2.8943428993225098,2.9456610679626465,2.913670778274536,160977
UNIT.CA,Real Estate,2022-04-13 22:00:00,2.9456610679626465,3.0277700424194336,2.8738160133361816,2.8840789794921875,2.852757453918457,226089
UNIT.CA,Real Estate,2022-04-16 22:00:00,2.8840789794921875,3.0072429180145264,2.699333906173706,2.7403879165649414,2.7106268405914307,203037
UNIT.CA,Real Estate,2022-04-17 22:00:00,2.7403879165649414,2.9251339435577393,2.483798027038574,2.83276104927063,2.801996946334839,693081
UNIT.CA,Real Estate,2022-04-18 22:00:00,2.83276104927063,3.130405902862549,2.8019700050354004,3.058561086654663,3.0253446102142334,443063
UNIT.CA,Real Estate,2022-04-19 22:00:00,3.058561086654663,3.284360885620117,3.0688250064849854,3.2433059215545654,3.208083152770996,391245
UNIT.CA,Real Estate,2022-04-20 22:00:00,3.2433059215545654,3.438314914703369,3.212515115737915,3.335679054260254,3.299453020095825,699761
UNIT.CA,Real Estate,2022-04-25 22:00:00,3.335679054260254,3.3869969844818115,3.1817240715026855,3.191987991333008,3.157322645187378,174724
UNIT.CA,Real Estate,2022-04-26 22:00:00,3.191987991333008,3.1817240715026855,3.0893518924713135,3.130405902862549,3.096409320831299,374748
UNIT.CA,Real Estate,2022-04-27 22:00:00,3.130405902862549,3.253570079803467,3.130405902862549,3.2227790355682373,3.187779188156128,207678
UNIT.CA,Real Estate,2022-05-07 22:00:00,3.2227790355682373,3.2227790355682373,3.0996150970458984,3.191987991333008,3.157322645187378,140541
UNIT.CA,Real Estate,2022-05-08 22:00:00,3.191987991333008,3.3254148960113525,3.1714611053466797,3.212515115737915,3.177626848220825,338585
UNIT.CA,Real Estate,2022-05-09 22:00:00,3.212515115737915,3.3254148960113525,3.1611969470977783,3.1714611053466797,3.1370186805725098,340243
UNIT.CA,Real Estate,2022-05-10 22:00:00,3.1714611053466797,3.253570079803467,3.1509339809417725,3.191987991333008,3.157322645187378,142064
UNIT.CA,Real Estate,2022-05-11 22:00:00,3.191987991333008,3.2227790355682373,3.0996150970458984,3.130405902862549,3.096409320831299,323273
UNIT.CA,Real Estate,2022-05-14 22:00:00,3.130405902862549,3.191987991333008,3.0893518924713135,3.0996150970458984,3.065952777862549,130197
UNIT.CA,Real Estate,2022-05-15 22:00:00,3.0996150970458984,3.120142936706543,2.9559249877929688,3.0482969284057617,3.0151920318603516,152249
UNIT.CA,Real Estate,2022-05-16 22:00:00,3.0482969284057617,3.130405902862549,3.0277700424194336,3.0482969284057617,3.0151920318603516,87964
UNIT.CA,Real Estate,2022-05-17 22:00:00,3.0482969284057617,3.14067006111145,3.038033962249756,3.079087972640991,3.0456485748291016,273231
UNIT.CA,Real Estate,2022-05-18 22:00:00,3.079087972640991,3.130405902862549,2.976452112197876,3.0277700424194336,2.9948880672454834,318040
UNIT.CA,Real Estate,2022-05-21 22:00:00,3.0277700424194336,3.120142936706543,3.038033962249756,3.0688250064849854,3.0354971885681152,120871
UNIT.CA,Real Estate,2022-05-22 22:00:00,3.0688250064849854,3.079087972640991,2.996978998184204,3.0688250064849854,3.0354971885681152,75828
UNIT.CA,Real Estate,2022-05-23 22:00:00,3.0688250064849854,3.0688250064849854,2.9559249877929688,3.0688250064849854,3.0354971885681152,70649
UNIT.CA,Real Estate,2022-05-24 22:00:00,3.0688250064849854,3.0688250064849854,2.843024969100952,3.0688250064849854,3.0354971885681152,101808
UNIT.CA,Real Estate,2022-05-25 22:00:00,3.0688250064849854,2.9661879539489746,2.8224968910217285,2.843024969100952,2.8121492862701416,351987
UNIT.CA,Real Estate,2022-05-28 22:00:00,2.843024969100952,2.9251339435577393,2.699333906173706,2.7198610305786133,2.6903228759765625,159198
UNIT.CA,Real Estate,2022-05-29 22:00:00,2.7198610305786133,2.843024969100952,2.7506520748138428,2.7198610305786133,2.6903228759765625,98751
UNIT.CA,Real Estate,2022-05-30 22:00:00,2.7198610305786133,2.8224968910217285,2.7198610305786133,2.7506520748138428,2.7207796573638916,125097
UNIT.CA,Real Estate,2022-05-31 22:00:00,2.7506520748138428,2.8224968910217285,2.6480159759521484,2.678807020187378,2.649714708328247,126154
UNIT.CA,Real Estate,2022-06-01 22:00:00,2.678807020187378,2.8738160133361816,2.627487897872925,2.7917070388793945,2.7613887786865234,271614
UNIT.CA,Real Estate,2022-06-04 22:00:00,2.7917070388793945,2.7917070388793945,2.7917070388793945,2.7917070388793945,2.7613887786865234,0
UNIT.CA,Real Estate,2022-06-05 22:00:00,2.935396909713745,3.0688250064849854,2.9559249877929688,2.976452112197876,2.944127321243286,808188
UNIT.CA,Real Estate,2022-06-06 22:00:00,2.976452112197876,3.0175058841705322,2.976452112197876,2.9867160320281982,2.954279899597168,153389
UNIT.CA,Real Estate,2022-06-07 22:00:00,2.9867160320281982,3.1509339809417725,3.0482969284057617,3.0688250064849854,3.0354971885681152,697666
UNIT.CA,Real Estate,2022-06-08 22:00:00,3.0688250064849854,3.130405902862549,3.0072429180145264,3.038033962249756,3.005040407180786,257916
UNIT.CA,Real Estate,2022-06-11 22:00:00,3.038033962249756,3.0688250064849854,2.9046061038970947,3.038033962249756,3.005040407180786,378561
UNIT.CA,Real Estate,2022-06-12 22:00:00,3.038033962249756,3.1817240715026855,3.0072429180145264,3.058561086654663,3.0253446102142334,805867
UNIT.CA,Real Estate,2022-06-13 22:00:00,3.058561086654663,3.20225191116333,3.038033962249756,3.1611969470977783,3.126865863800049,703973
UNIT.CA,Real Estate,2022-06-14 22:00:00,3.1611969470977783,3.3048880100250244,3.14067006111145,3.1611969470977783,3.126865863800049,490165
UNIT.CA,Real Estate,2022-06-15 22:00:00,3.1611969470977783,3.1714611053466797,3.0688250064849854,3.0893518924713135,3.0558011531829834,160916
UNIT.CA,Real Estate,2022-06-18 22:00:00,3.0893518924713135,3.0996150970458984,2.976452112197876,2.9867160320281982,2.954279899597168,216759
UNIT.CA,Real Estate,2022-06-19 22:00:00,2.9867160320281982,3.0175058841705322,2.9046061038970947,2.935396909713745,2.903517961502075,172323
UNIT.CA,Real Estate,2022-06-20 22:00:00,2.935396909713745,3.0277700424194336,2.9559249877929688,2.9867160320281982,2.954279899597168,237142
UNIT.CA,Real Estate,2022-06-21 22:00:00,2.9867160320281982,3.0072429180145264,2.9046061038970947,2.9251339435577393,2.893366575241089,262436
UNIT.CA,Real Estate,2022-06-22 22:00:00,2.9251339435577393,2.976452112197876,2.8738160133361816,2.9456610679626465,2.913670778274536,446715
UNIT.CA,Real Estate,2022-06-25 22:00:00,2.9456610679626465,3.2330429553985596,3.0072429180145264,3.0996150970458984,3.065952777862549,832869
UNIT.CA,Real Estate,2022-06-26 22:00:00,3.0996150970458984,3.14067006111145,2.914870023727417,2.9251339435577393,2.893366575241089,763382
UNIT.CA,Real Estate,2022-06-27 22:00:00,2.9251339435577393,2.9661879539489746,2.8224968910217285,2.8738160133361816,2.8426060676574707,295003
UNIT.CA,Real Estate,2022-06-28 22:00:00,2.8738160133361816,2.976452112197876,2.8840789794921875,2.8943428993225098,2.862910032272339,274159
UNIT.CA,Real Estate,2022-07-02 22:00:00,2.8943428993225098,2.9251339435577393,2.771178960800171,2.7917070388793945,2.7613887786865234,153851
UNIT.CA,Real Estate,2022-07-03 22:00:00,2.7917070388793945,2.8019700050354004,2.6480159759521484,2.7198610305786133,2.6903228759765625,185062
UNIT.CA,Real Estate,2022-07-04 22:00:00,2.7198610305786133,2.8840789794921875,2.771178960800171,2.7917070388793945,2.7613887786865234,280843
UNIT.CA,Real Estate,2022-07-05 22:00:00,2.7917070388793945,2.8738160133361816,2.771178960800171,2.7917070388793945,2.7613887786865234,96984
UNIT.CA,Real Estate,2022-07-06 22:00:00,2.7917070388793945,2.9456610679626465,2.7917070388793945,2.853287935256958,2.822300910949707,173059
UNIT.CA,Real Estate,2022-07-16 22:00:00,2.853287935256958,2.914870023727417,2.8738160133361816,2.853287935256958,2.822300910949707,34950
UNIT.CA,Real Estate,2022-07-17 22:00:00,2.853287935256958,2.976452112197876,2.9046061038970947,2.9251339435577393,2.893366575241089,116680
UNIT.CA,Real Estate,2022-07-18 22:00:00,2.9251339435577393,2.976452112197876,2.8840789794921875,2.976452112197876,2.944127321243286,261616
UNIT.CA,Real Estate,2022-07-19 22:00:00,2.976452112197876,3.0277700424194336,2.935396909713745,2.9867160320281982,2.954279899597168,552420
UNIT.CA,Real Estate,2022-07-20 22:00:00,2.9867160320281982,3.0688250064849854,2.976452112197876,2.996978998184204,2.9644312858581543,485029
UNIT.CA,Real Estate,2022-07-23 22:00:00,2.996978998184204,3.0482969284057617,2.9559249877929688,2.976452112197876,2.944127321243286,225546
UNIT.CA,Real Estate,2022-07-24 22:00:00,2.976452112197876,3.0277700424194336,2.976452112197876,2.976452112197876,2.944127321243286,286155
UNIT.CA,Real Estate,2022-07-25 22:00:00,2.976452112197876,3.120142936706543,2.976452112197876,3.0277700424194336,2.9948880672454834,899551
UNIT.CA,Real Estate,2022-07-26 22:00:00,3.0277700424194336,3.2638330459594727,3.079087972640991,3.130405902862549,3.096409320831299,1384025
UNIT.CA,Real Estate,2022-07-27 22:00:00,3.130405902862549,3.1817240715026855,3.0482969284057617,3.0996150970458984,3.065952777862549,405782
UNIT.CA,Real Estate,2022-07-30 22:00:00,3.0996150970458984,3.1817240715026855,3.079087972640991,3.0893518924713135,3.0558011531829834,398270
UNIT.CA,Real Estate,2022-07-31 22:00:00,3.0893518924713135,3.1817240715026855,3.0072429180145264,3.038033962249756,3.005040407180786,344631
UNIT.CA,Real Estate,2022-08-01 22:00:00,3.038033962249756,3.0996150970458984,3.0175058841705322,3.038033962249756,3.005040407180786,211698
UNIT.CA,Real Estate,2022-08-02 22:00:00,3.038033962249756,3.0996150970458984,3.0277700424194336,3.038033962249756,3.005040407180786,172496
UNIT.CA,Real Estate,2022-08-03 22:00:00,3.038033962249756,3.212515115737915,3.0482969284057617,3.1817240715026855,3.147170066833496,638710
UNIT.CA,Real Estate,2022-08-06 22:00:00,3.1817240715026855,3.5306880474090576,3.1817240715026855,3.4588420391082764,3.421278476715088,1653482
UNIT.CA,Real Estate,2022-08-07 22:00:00,3.4588420391082764,3.694905996322632,3.489633083343506,3.5512149333953857,3.512648105621338,1496140
UNIT.CA,Real Estate,2022-08-08 22:00:00,3.5512149333953857,3.6230599880218506,3.4075241088867188,3.4280519485473633,3.3908228874206543,481820
UNIT.CA,Real Estate,2022-08-09 22:00:00,3.4280519485473633,3.561479091644287,3.356205940246582,3.4075241088867188,3.3705179691314697,217299
UNIT.CA,Real Estate,2022-08-10 22:00:00,3.4075241088867188,3.643588066101074,3.4485790729522705,3.5922698974609375,3.5532572269439697,752806
UNIT.CA,Real Estate,2022-08-13 22:00:00,3.5922698974609375,3.8283329010009766,3.6846420764923096,3.7462239265441895,3.7055394649505615,903982
UNIT.CA,Real Estate,2022-08-14 22:00:00,3.7462239265441895,3.756488084793091,3.489633083343506,3.5922698974609375,3.5532572269439697,574625
UNIT.CA,Real Estate,2022-08-15 22:00:00,3.5922698974609375,3.643588066101074,3.4691059589385986,3.499897003173828,3.4618875980377197,388614
UNIT.CA,Real Estate,2022-08-16 22:00:00,3.499897003173828,3.5922698974609375,3.4793701171875,3.499897003173828,3.4618875980377197,375021
UNIT.CA,Real Estate,2022-08-17 22:00:00,3.499897003173828,3.499897003173828,3.499897003173828,3.499897003173828,3.4618875980377197,0
UNIT.CA,Real Estate,2022-08-20 22:00:00,3.5512149333953857,3.6743791103363037,3.561479091644287,3.633323907852173,3.593865394592285,367984
UNIT.CA,Real Estate,2022-08-21 22:00:00,3.633323907852173,3.6641149520874023,3.489633083343506,3.5820059776306152,3.543104887008667,327578
UNIT.CA,Real Estate,2022-08-22 22:00:00,3.5820059776306152,3.5820059776306152,3.5820059776306152,3.5820059776306152,3.543104887008667,0
UNIT.CA,Real Estate,2022-08-23 22:00:00,3.571742057800293,3.6127970218658447,3.397260904312134,3.4691059589385986,3.4314310550689697,268282
UNIT.CA,Real Estate,2022-08-24 22:00:00,3.4691059589385986,3.643588066101074,3.4485790729522705,3.5820059776306152,3.543104887008667,345620
UNIT.CA,Real Estate,2022-08-27 22:00:00,3.5820059776306152,3.643588066101074,3.5204238891601562,3.5922698974609375,3.5532572269439697,171576
UNIT.CA,Real Estate,2022-08-28 22:00:00,3.5922698974609375,3.848860025405884,3.5101609230041504,3.5409510135650635,3.502495765686035,1679527
UNIT.CA,Real Estate,2022-08-29 22:00:00,3.5409510135650635,3.694905996322632,3.5409510135650635,3.5820059776306152,3.543104887008667,795614
UNIT.CA,Real Estate,2022-08-30 22:00:00,3.5820059776306152,3.643588066101074,3.5101609230041504,3.5409510135650635,3.502495765686035,324420
UNIT.CA,Real Estate,2022-08-31 22:00:00,3.5409510135650635,3.5409510135650635,3.3869969844818115,3.4485790729522705,3.4111270904541016,241078
UNIT.CA,Real Estate,2022-09-03 22:00:00,3.4485790729522705,3.571742057800293,3.356205940246582,3.5409510135650635,3.502495765686035,319802
UNIT.CA,Real Estate,2022-09-04 22:00:00,3.5409510135650635,3.5922698974609375,3.4793701171875,3.571742057800293,3.532952308654785,166527
UNIT.CA,Real Estate,2022-09-05 22:00:00,3.571742057800293,3.643588066101074,3.5409510135650635,3.6025331020355225,3.5634090900421143,401799
UNIT.CA,Real Estate,2022-09-06 22:00:00,3.6025331020355225,3.643588066101074,3.5306880474090576,3.571742057800293,3.532952308654785,263784
UNIT.CA,Real Estate,2022-09-07 22:00:00,3.571742057800293,3.6127970218658447,3.5306880474090576,3.5820059776306152,3.543104887008667,511594
UNIT.CA,Real Estate,2022-09-10 22:00:00,3.5820059776306152,3.643588066101074,3.571742057800293,3.5922698974609375,3.5532572269439697,320605
UNIT.CA,Real Estate,2022-09-11 22:00:00,3.5922698974609375,3.643588066101074,3.5409510135650635,3.561479091644287,3.522800922393799,326881
UNIT.CA,Real Estate,2022-09-12 22:00:00,3.561479091644287,3.5922698974609375,3.489633083343506,3.499897003173828,3.4618875980377197,849150
UNIT.CA,Real Estate,2022-09-13 22:00:00,3.499897003173828,3.5204238891601562,3.4075241088867188,3.4280519485473633,3.3908228874206543,180783
UNIT.CA,Real Estate,2022-09-14 22:00:00,3.4280519485473633,3.499897003173828,3.417788028717041,3.4280519485473633,3.3908228874206543,237805
UNIT.CA,Real Estate,2022-09-17 22:00:00,3.4280519485473633,3.438314914703369,3.1509339809417725,3.2330429553985596,3.1979315280914307,147580
UNIT.CA,Real Estate,2022-09-18 22:00:00,3.2330429553985596,3.3254148960113525,3.0893518924713135,3.3151519298553467,3.279148817062378,145031
UNIT.CA,Real Estate,2022-09-19 22:00:00,3.3151519298553467,3.345942974090576,3.1817240715026855,3.3151519298553467,3.279148817062378,217490
UNIT.CA,Real Estate,2022-09-20 22:00:00,3.3151519298553467,3.335679054260254,3.20225191116333,3.2330429553985596,3.1979315280914307,715668
UNIT.CA,Real Estate,2022-09-21 22:00:00,3.2330429553985596,3.345942974090576,3.1611969470977783,3.3151519298553467,3.279148817062378,430308
UNIT.CA,Real Estate,2022-09-24 22:00:00,3.3151519298553467,3.3048880100250244,3.212515115737915,3.3151519298553467,3.279148817062378,69981
UNIT.CA,Real Estate,2022-09-25 22:00:00,3.3151519298553467,3.4280519485473633,3.212515115737915,3.2638330459594727,3.2283873558044434,267095
UNIT.CA,Real Estate,2022-09-26 22:00:00,3.2638330459594727,3.3767330646514893,3.2638330459594727,3.274096965789795,3.238539695739746,276268
UNIT.CA,Real Estate,2022-09-27 22:00:00,3.274096965789795,3.294624090194702,3.191987991333008,3.2227790355682373,3.187779188156128,229680
UNIT.CA,Real Estate,2022-09-28 22:00:00,3.2227790355682373,3.284360885620117,3.1817240715026855,3.20225191116333,3.1674749851226807,665559
UNIT.CA,Real Estate,2022-10-01 22:00:00,3.20225191116333,3.212515115737915,3.0688250064849854,3.0893518924713135,3.0558011531829834,261143
UNIT.CA,Real Estate,2022-10-02 22:00:00,3.0893518924713135,3.1509339809417725,3.079087972640991,3.0996150970458984,3.065952777862549,176869
UNIT.CA,Real Estate,2022-10-03 22:00:00,3.0996150970458984,3.1817240715026855,3.120142936706543,3.130405902862549,3.096409320831299,128960
UNIT.CA,Real Estate,2022-10-04 22:00:00,3.130405902862549,3.1714611053466797,3.0482969284057617,3.0688250064849854,3.0354971885681152,211234
UNIT.CA,Real Estate,2022-10-08 22:00:00,3.0688250064849854,3.1098790168762207,3.0175058841705322,3.0688250064849854,3.0354971885681152,233656
UNIT.CA,Real Estate,2022-10-09 22:00:00,3.0688250064849854,3.130405902862549,3.0277700424194336,3.038033962249756,3.005040407180786,137351
UNIT.CA,Real Estate,2022-10-10 22:00:00,3.038033962249756,3.0175058841705322,2.935396909713745,3.038033962249756,3.005040407180786,73574
UNIT.CA,Real Estate,2022-10-11 22:00:00,3.038033962249756,3.0072429180145264,2.935396909713745,2.976452112197876,2.944127321243286,243076
UNIT.CA,Real Estate,2022-10-12 22:00:00,2.976452112197876,3.079087972640991,2.976452112197876,3.058561086654663,3.0253446102142334,142916
UNIT.CA,Real Estate,2022-10-15 22:00:00,3.058561086654663,3.1611969470977783,3.079087972640991,3.0893518924713135,3.0558011531829834,244358
UNIT.CA,Real Estate,2022-10-16 22:00:00,3.0893518924713135,3.1509339809417725,3.079087972640991,3.0893518924713135,3.0558011531829834,181163
UNIT.CA,Real Estate,2022-10-17 22:00:00,3.0893518924713135,3.130405902862549,3.0482969284057617,3.0893518924713135,3.0558011531829834,182553
UNIT.CA,Real Estate,2022-10-18 22:00:00,3.0893518924713135,3.130405902862549,3.0277700424194336,3.0688250064849854,3.0354971885681152,180421
UNIT.CA,Real Estate,2022-10-19 22:00:00,3.0688250064849854,3.1098790168762207,3.058561086654663,3.079087972640991,3.0456485748291016,145232
UNIT.CA,Real Estate,2022-10-22 22:00:00,3.079087972640991,3.2433059215545654,3.079087972640991,3.14067006111145,3.1065618991851807,1141934
UNIT.CA,Real Estate,2022-10-23 22:00:00,3.14067006111145,3.2638330459594727,3.120142936706543,3.130405902862549,3.096409320831299,864315
UNIT.CA,Real Estate,2022-10-24 22:00:00,3.130405902862549,3.1611969470977783,3.079087972640991,3.1098790168762207,3.0761053562164307,155140
UNIT.CA,Real Estate,2022-10-25 22:00:00,3.1098790168762207,3.1098790168762207,3.1098790168762207,3.1098790168762207,3.0761053562164307,0
UNIT.CA,Real Estate,2022-10-26 22:00:00,3.0996150970458984,3.253570079803467,3.0996150970458984,3.130405902862549,3.096409320831299,397063
UNIT.CA,Real Estate,2022-10-29 22:00:00,3.130405902862549,3.20225191116333,3.0482969284057617,3.058561086654663,3.0253446102142334,171864
UNIT.CA,Real Estate,2022-10-30 22:00:00,3.058561086654663,3.0996150970458984,3.0277700424194336,3.058561086654663,3.0253446102142334,408687
UNIT.CA,Real Estate,2022-10-31 22:00:00,3.058561086654663,3.130405902862549,3.079087972640991,3.058561086654663,3.0253446102142334,82896
UNIT.CA,Real Estate,2022-11-01 22:00:00,3.058561086654663,3.0893518924713135,3.0072429180145264,3.0175058841705322,2.9847352504730225,125391
UNIT.CA,Real Estate,2022-11-02 22:00:00,3.0175058841705322,3.0482969284057617,2.935396909713745,2.9867160320281982,2.954279899597168,117880
UNIT.CA,Real Estate,2022-11-05 22:00:00,2.9867160320281982,3.0072429180145264,2.9251339435577393,2.9559249877929688,2.923823118209839,263617
UNIT.CA,Real Estate,2022-11-06 22:00:00,2.9559249877929688,3.058561086654663,2.9559249877929688,2.976452112197876,2.944127321243286,267506
UNIT.CA,Real Estate,2022-11-07 22:00:00,2.976452112197876,3.0482969284057617,2.935396909713745,2.9456610679626465,2.913670778274536,130489
UNIT.CA,Real Estate,2022-11-08 22:00:00,2.9456610679626465,2.996978998184204,2.9046061038970947,2.9456610679626465,2.913670778274536,100937
UNIT.CA,Real Estate,2022-11-09 22:00:00,2.9456610679626465,3.0072429180145264,2.935396909713745,2.9456610679626465,2.913670778274536,95560
UNIT.CA,Real Estate,2022-11-12 22:00:00,2.9456610679626465,3.0482969284057617,2.9661879539489746,2.996978998184204,2.9644312858581543,310717
UNIT.CA,Real Estate,2022-11-13 22:00:00,2.996978998184204,3.0072429180145264,2.9559249877929688,2.996978998184204,2.9644312858581543,100294
UNIT.CA,Real Estate,2022-11-14 22:00:00,2.996978998184204,3.079087972640991,2.9867160320281982,3.0688250064849854,3.0354971885681152,372945
UNIT.CA,Real Estate,2022-11-15 22:00:00,3.0688250064849854,3.1817240715026855,3.038033962249756,3.120142936706543,3.0862576961517334,512516
UNIT.CA,Real Estate,2022-11-16 22:00:00,3.120142936706543,3.253570079803467,3.1817240715026855,3.20225191116333,3.1674749851226807,521326
UNIT.CA,Real Estate,2022-11-19 22:00:00,3.20225191116333,3.3048880100250244,3.212515115737915,3.284360885620117,3.248692274093628,541139
UNIT.CA,Real Estate,2022-11-20 22:00:00,3.284360885620117,3.294624090194702,3.212515115737915,3.284360885620117,3.248692274093628,257027
UNIT.CA,Real Estate,2022-11-21 22:00:00,3.284360885620117,3.335679054260254,3.2330429553985596,3.3151519298553467,3.279148817062378,338819
UNIT.CA,Real Estate,2022-11-22 22:00:00,3.3151519298553467,3.489633083343506,3.253570079803467,3.3869969844818115,3.3502137660980225,777850
UNIT.CA,Real Estate,2022-11-23 22:00:00,3.3869969844818115,3.438314914703369,3.284360885620117,3.3254148960113525,3.2893004417419434,344806
UNIT.CA,Real Estate,2022-11-26 22:00:00,3.3254148960113525,3.417788028717041,3.3254148960113525,3.3767330646514893,3.3400611877441406,295642
UNIT.CA,Real Estate,2022-11-27 22:00:00,3.3767330646514893,3.3664700984954834,3.284360885620117,3.3151519298553467,3.279148817062378,314860
UNIT.CA,Real Estate,2022-11-28 22:00:00,3.3151519298553467,3.417788028717041,3.294624090194702,3.397260904312134,3.360366106033325,352234
UNIT.CA,Real Estate,2022-11-29 22:00:00,3.397260904312134,3.499897003173828,3.3869969844818115,3.397260904312134,3.360366106033325,583027
UNIT.CA,Real Estate,2022-11-30 22:00:00,3.397260904312134,3.4793701171875,3.4075241088867188,3.438314914703369,3.4009742736816406,141249
UNIT.CA,Real Estate,2022-12-03 22:00:00,3.438314914703369,3.6025331020355225,3.489633083343506,3.5409510135650635,3.502495765686035,512154
UNIT.CA,Real Estate,2022-12-04 22:00:00,3.5409510135650635,3.6127970218658447,3.4793701171875,3.499897003173828,3.4618875980377197,416702
UNIT.CA,Real Estate,2022-12-05 22:00:00,3.499897003173828,3.561479091644287,3.438314914703369,3.5409510135650635,3.502495765686035,232083
UNIT.CA,Real Estate,2022-12-06 22:00:00,3.5409510135650635,3.65385103225708,3.5409510135650635,3.5922698974609375,3.5532572269439697,526286
UNIT.CA,Real Estate,2022-12-07 22:00:00,3.5922698974609375,3.756488084793091,3.5922698974609375,3.6641149520874023,3.6243221759796143,735744
UNIT.CA,Real Estate,2022-12-10 22:00:00,3.6641149520874023,3.756488084793091,3.5922698974609375,3.6641149520874023,3.6243221759796143,390241
UNIT.CA,Real Estate,2022-12-11 22:00:00,3.6641149520874023,3.777014970779419,3.633323907852173,3.705169916152954,3.664931297302246,577703
UNIT.CA,Real Estate,2022-12-12 22:00:00,3.705169916152954,3.777014970779419,3.694905996322632,3.735960006713867,3.6953868865966797,463871
UNIT.CA,Real Estate,2022-12-13 22:00:00,3.735960006713867,3.9104421138763428,3.694905996322632,3.859123945236206,3.817213296890259,802538
UNIT.CA,Real Estate,2022-12-14 22:00:00,3.859123945236206,4.177296161651611,3.8796510696411133,4.033606052398682,3.989800453186035,1287202
UNIT.CA,Real Estate,2022-12-17 22:00:00,4.033606052398682,4.249142169952393,3.9720239639282227,4.013078212738037,3.9694955348968506,646799
UNIT.CA,Real Estate,2022-12-18 22:00:00,4.013078212738037,4.064396858215332,3.8078060150146484,3.9104421138763428,3.867974042892456,535689
UNIT.CA,Real Estate,2022-12-19 22:00:00,3.9104421138763428,4.033606052398682,3.859123945236206,3.8796510696411133,3.837517499923706,339562
UNIT.CA,Real Estate,2022-12-20 22:00:00,3.8796510696411133,3.8899149894714355,3.8078060150146484,3.8283329010009766,3.786756753921509,144474
UNIT.CA,Real Estate,2022-12-21 22:00:00,3.8283329010009766,3.9514970779418945,3.777014970779419,3.787278890609741,3.7461485862731934,212928
UNIT.CA,Real Estate,2022-12-24 22:00:00,3.787278890609741,3.756488084793091,3.6127970218658447,3.643588066101074,3.604018211364746,265447
UNIT.CA,Real Estate,2022-12-25 22:00:00,3.643588066101074,3.7667510509490967,3.5922698974609375,3.7462239265441895,3.7055394649505615,359496
UNIT.CA,Real Estate,2022-12-26 22:00:00,3.7462239265441895,3.8283329010009766,3.6127970218658447,3.7667510509490967,3.725843667984009,660891
UNIT.CA,Real Estate,2022-12-27 22:00:00,3.7667510509490967,3.9617600440979004,3.7462239265441895,3.9104421138763428,3.867974042892456,319216
UNIT.CA,Real Estate,2022-12-28 22:00:00,3.9104421138763428,4.074659824371338,3.9617600440979004,3.99255108833313,3.9491913318634033,440706
UNIT.CA,Real Estate,2023-01-01 22:00:00,3.99255108833313,4.269669055938721,4.013078212738037,4.218350887298584,4.172538757324219,592574
UNIT.CA,Real Estate,2023-01-02 22:00:00,4.218350887298584,4.577578067779541,4.269669055938721,4.464677810668945,4.4161906242370605,1217389
UNIT.CA,Real Estate,2023-01-03 22:00:00,4.464677810668945,4.557051181793213,4.177296161651611,4.351778030395508,4.3045172691345215,826934
UNIT.CA,Real Estate,2023-01-04 22:00:00,4.351778030395508,4.464677810668945,4.269669055938721,4.290195941925049,4.243603706359863,112422
UNIT.CA,Real Estate,2023-01-08 22:00:00,4.290195941925049,4.310723781585693,4.1054511070251465,4.177296161651611,4.131930351257324,702273
UNIT.CA,Real Estate,2023-01-09 22:00:00,4.177296161651611,4.197824001312256,4.1054511070251465,4.115715026855469,4.071017742156982,372890
UNIT.CA,Real Estate,2023-01-10 22:00:00,4.115715026855469,4.290195941925049,4.033606052398682,4.064396858215332,4.020256996154785,331539
UNIT.CA,Real Estate,2023-01-11 22:00:00,4.064396858215332,4.1054511070251465,3.9104421138763428,4.033606052398682,3.989800453186035,157644
UNIT.CA,Real Estate,2023-01-14 22:00:00,4.033606052398682,4.1670331954956055,4.002814769744873,4.033606052398682,3.989800453186035,65665
UNIT.CA,Real Estate,2023-01-15 22:00:00,4.033606052398682,4.1670331954956055,4.002814769744873,4.05413293838501,4.010104656219482,371220
UNIT.CA,Real Estate,2023-01-16 22:00:00,4.05413293838501,4.208086967468262,4.1054511070251465,4.1054511070251465,4.06086540222168,574503
UNIT.CA,Real Estate,2023-01-17 22:00:00,4.1054511070251465,4.33125114440918,4.156768798828125,4.249142169952393,4.202995777130127,763483
UNIT.CA,Real Estate,2023-01-18 22:00:00,4.249142169952393,5.090758800506592,4.310723781585693,5.090758800506592,5.035472393035889,7423006
UNIT.CA,Real Estate,2023-01-21 22:00:00,5.090758800506592,5.316558837890625,4.885487079620361,5.183132171630859,5.126842498779297,3469916
UNIT.CA,Real Estate,2023-01-22 22:00:00,5.183132171630859,5.234449863433838,4.793114185333252,4.8444318771362305,4.791820526123047,1127007
UNIT.CA,Real Estate,2023-01-23 22:00:00,4.8444318771362305,4.967596054077148,4.731532096862793,4.762322902679443,4.7106032371521,567786
UNIT.CA,Real Estate,2023-01-24 22:00:00,4.762322902679443,4.875223159790039,4.618631839752197,4.700741767883301,4.649691104888916,866112
UNIT.CA,Real Estate,2023-01-28 22:00:00,4.700741767883301,4.926540851593018,4.721269130706787,4.772586822509766,4.7207560539245605,867516
UNIT.CA,Real Estate,2023-01-29 22:00:00,4.772586822509766,4.916277885437012,4.526259899139404,4.618631839752197,4.568472862243652,1159213
UNIT.CA,Real Estate,2023-01-30 22:00:00,4.618631839752197,4.63916015625,4.413360118865967,4.433887004852295,4.385734558105469,455962
UNIT.CA,Real Estate,2023-01-31 22:00:00,4.433887004852295,4.485205173492432,4.1670331954956055,4.320987224578857,4.2740607261657715,383533
UNIT.CA,Real Estate,2023-02-01 22:00:00,4.320987224578857,4.36204195022583,4.013078212738037,4.05413293838501,4.010104656219482,1233357
UNIT.CA,Real Estate,2023-02-04 22:00:00,4.05413293838501,4.197824001312256,3.9001779556274414,4.146505832672119,4.101474285125732,644930
UNIT.CA,Real Estate,2023-02-05 22:00:00,4.146505832672119,4.423624038696289,4.1670331954956055,4.341515064239502,4.294365406036377,669447
UNIT.CA,Real Estate,2023-02-06 22:00:00,4.341515064239502,4.741796016693115,4.444150924682617,4.628896236419678,4.578625679016113,1445860
UNIT.CA,Real Estate,2023-02-07 22:00:00,4.628896236419678,4.823904991149902,4.515995979309082,4.526259899139404,4.477104187011719,686582
UNIT.CA,Real Estate,2023-02-08 22:00:00,4.526259899139404,4.6904778480529785,4.454413890838623,4.515995979309082,4.466951370239258,508394
UNIT.CA,Real Estate,2023-02-11 22:00:00,4.515995979309082,4.721269130706787,4.53652286529541,4.587841987609863,4.538017272949219,531419
UNIT.CA,Real Estate,2023-02-12 22:00:00,4.587841987609863,4.6904778480529785,4.526259899139404,4.577578067779541,4.527864933013916,420627
UNIT.CA,Real Estate,2023-02-13 22:00:00,4.577578067779541,4.741796016693115,4.587841987609863,4.721269130706787,4.669995307922363,659863
UNIT.CA,Real Estate,2023-02-14 22:00:00,4.721269130706787,4.94706916809082,4.731532096862793,4.81364107131958,4.761364459991455,787192
UNIT.CA,Real Estate,2023-02-15 22:00:00,4.81364107131958,4.8444318771362305,4.680213928222656,4.711005210876465,4.6598429679870605,304982
UNIT.CA,Real Estate,2023-02-18 22:00:00,4.711005210876465,4.731532096862793,4.526259899139404,4.53652286529541,4.487255573272705,346088
UNIT.CA,Real Estate,2023-02-19 22:00:00,4.53652286529541,4.618631839752197,4.269669055938721,4.310723781585693,4.263908863067627,407509
UNIT.CA,Real Estate,2023-02-20 22:00:00,4.310723781585693,4.4030961990356445,4.156768798828125,4.382568836212158,4.334973335266113,211941
UNIT.CA,Real Estate,2023-02-21 22:00:00,4.382568836212158,4.413360118865967,4.197824001312256,4.208086967468262,4.162386417388916,153513
UNIT.CA,Real Estate,2023-02-22 22:00:00,4.208086967468262,4.300459861755371,4.156768798828125,4.249142169952393,4.202995777130127,117153
UNIT.CA,Real Estate,2023-02-25 22:00:00,4.249142169952393,4.310723781585693,4.228614807128906,4.269669055938721,4.223299980163574,139476
UNIT.CA,Real Estate,2023-02-26 22:00:00,4.269669055938721,4.36204195022583,4.269669055938721,4.33125114440918,4.284213066101074,124622
UNIT.CA,Real Estate,2023-02-27 22:00:00,4.33125114440918,4.351778030395508,4.146505832672119,4.228614807128906,4.18269157409668,216536
UNIT.CA,Real Estate,2023-02-28 22:00:00,4.228614807128906,4.444150924682617,4.290195941925049,4.382568836212158,4.334973335266113,230941
UNIT.CA,Real Estate,2023-03-01 22:00:00,4.382568836212158,4.515995979309082,4.33125114440918,4.413360118865967,4.3654303550720215,368564
UNIT.CA,Real Estate,2023-03-04 22:00:00,4.413360118865967,4.587841987609863,4.341515064239502,4.423624038696289,4.375582695007324,213471
UNIT.CA,Real Estate,2023-03-05 22:00:00,4.423624038696289,4.772586822509766,4.464677810668945,4.474942207336426,4.42634391784668,691549
UNIT.CA,Real Estate,2023-03-06 22:00:00,4.474942207336426,4.66995096206665,4.4030961990356445,4.413360118865967,4.3654303550720215,559514
UNIT.CA,Real Estate,2023-03-07 22:00:00,4.413360118865967,4.505733013153076,4.279932975769043,4.392833232879639,4.345126628875732,202518
UNIT.CA,Real Estate,2023-03-08 22:00:00,4.392833232879639,4.598104953765869,4.413360118865967,4.567314147949219,4.517712593078613,449995
UNIT.CA,Real Estate,2023-03-11 22:00:00,4.567314147949219,4.94706916809082,4.515995979309082,4.649423122406006,4.5989298820495605,2769251
UNIT.CA,Real Estate,2023-03-12 22:00:00,4.649423122406006,4.793114185333252,3.9514970779418945,4.05413293838501,4.010104656219482,1235015
UNIT.CA,Real Estate,2023-03-13 22:00:00,4.05413293838501,4.290195941925049,3.9001779556274414,4.177296161651611,4.131930351257324,1003680
UNIT.CA,Real Estate,2023-03-14 22:00:00,4.177296161651611,4.351778030395508,3.438314914703369,3.7256970405578613,3.6852355003356934,905077
UNIT.CA,Real Estate,2023-03-15 22:00:00,3.7256970405578613,3.797542095184326,3.1817240715026855,3.6846420764923096,3.6446263790130615,709437
UNIT.CA,Real Estate,2023-03-18 22:00:00,3.6846420764923096,3.8693881034851074,3.5204238891601562,3.7667510509490967,3.725843667984009,346650
UNIT.CA,Real Estate,2023-03-19 22:00:00,3.7667510509490967,3.982287883758545,3.705169916152954,3.982287883758545,3.939039707183838,800798
UNIT.CA,Real Estate,2023-03-20 22:00:00,3.982287883758545,4.0438690185546875,3.930968999862671,3.99255108833313,3.9491913318634033,852763
UNIT.CA,Real Estate,2023-03-21 22:00:00,3.99255108833313,4.084924221038818,3.859123945236206,3.9104421138763428,3.867974042892456,876144
UNIT.CA,Real Estate,2023-03-22 22:00:00,3.9104421138763428,3.920706033706665,3.7667510509490967,3.8693881034851074,3.8273658752441406,435756
UNIT.CA,Real Estate,2023-03-25 22:00:00,3.8693881034851074,4.023342132568359,3.848860025405884,3.9720239639282227,3.928887128829956,920857
UNIT.CA,Real Estate,2023-03-26 22:00:00,3.9720239639282227,4.36204195022583,4.05413293838501,4.1670331954956055,4.12177848815918,4302944
UNIT.CA,Real Estate,2023-03-27 22:00:00,4.1670331954956055,4.249142169952393,4.074659824371338,4.156768798828125,4.111625671386719,1729889
UNIT.CA,Real Estate,2023-03-28 22:00:00,4.156768798828125,4.464677810668945,4.187560081481934,4.372304916381836,4.3248209953308105,3414616
UNIT.CA,Real Estate,2023-03-29 22:00:00,4.372304916381836,4.433887004852295,4.208086967468262,4.238877773284912,4.192842960357666,2370026
UNIT.CA,Real Estate,2023-04-01 22:00:00,4.238877773284912,4.341515064239502,4.177296161651611,4.290195941925049,4.243603706359863,1341418
UNIT.CA,Real Estate,2023-04-02 22:00:00,4.290195941925049,4.505733013153076,4.320987224578857,4.444150924682617,4.3958868980407715,3848031
UNIT.CA,Real Estate,2023-04-03 22:00:00,4.444150924682617,4.711005210876465,4.474942207336426,4.66995096206665,4.619234561920166,3921427
UNIT.CA,Real Estate,2023-04-04 22:00:00,4.66995096206665,4.803378105163574,4.577578067779541,4.63916015625,4.588778018951416,2775056
UNIT.CA,Real Estate,2023-04-05 22:00:00,4.63916015625,4.711005210876465,4.505733013153076,4.526259899139404,4.477104187011719,1565416
UNIT.CA,Real Estate,2023-04-08 22:00:00,4.526259899139404,4.587841987609863,4.4030961990356445,4.444150924682617,4.3958868980407715,1429364
UNIT.CA,Real Estate,2023-04-09 22:00:00,4.444150924682617,4.557051181793213,4.413360118865967,4.526259899139404,4.477104187011719,1499786
UNIT.CA,Real Estate,2023-04-10 22:00:00,4.526259899139404,4.926540851593018,4.515995979309082,4.793114185333252,4.741060256958008,4239015
UNIT.CA,Real Estate,2023-04-11 22:00:00,4.793114185333252,4.875223159790039,4.63916015625,4.659687042236328,4.609082221984863,1868873
UNIT.CA,Real Estate,2023-04-12 22:00:00,4.659687042236328,4.700741767883301,4.598104953765869,4.63916015625,4.588778018951416,1009157
UNIT.CA,Real Estate,2023-04-17 22:00:00,4.63916015625,4.721269130706787,4.608368873596191,4.659687042236328,4.609082221984863,1464433
UNIT.CA,Real Estate,2023-04-18 22:00:00,4.659687042236328,4.7520599365234375,4.618631839752197,4.628896236419678,4.578625679016113,1039428
UNIT.CA,Real Estate,2023-04-25 22:00:00,4.628896236419678,4.967596054077148,4.628896236419678,4.8444318771362305,4.791820526123047,2827791
UNIT.CA,Real Estate,2023-04-26 22:00:00,4.8444318771362305,5.080495834350586,4.875223159790039,4.977859973907471,4.923799514770508,3243515
UNIT.CA,Real Estate,2023-04-29 21:00:00,4.977859973907471,5.059968948364258,4.700741767883301,4.762322902679443,4.7106032371521,2479132
UNIT.CA,Real Estate,2023-04-30 21:00:00,4.762322902679443,4.762322902679443,4.762322902679443,4.762322902679443,4.7106032371521,0
UNIT.CA,Real Estate,2023-05-01 21:00:00,4.557051181793213,4.772586822509766,4.515995979309082,4.6904778480529785,4.639538764953613,2112136
UNIT.CA,Real Estate,2023-05-02 21:00:00,4.6904778480529785,4.782851219177246,4.618631839752197,4.680213928222656,4.629385948181152,2427948
UNIT.CA,Real Estate,2023-05-06 21:00:00,4.680213928222656,4.875223159790039,4.618631839752197,4.782851219177246,4.7309088706970215,2571217
UNIT.CA,Real Estate,2023-05-07 21:00:00,4.782851219177246,5.059968948364258,4.823904991149902,5.018914222717285,4.964407920837402,3608882
UNIT.CA,Real Estate,2023-05-08 21:00:00,5.018914222717285,5.059968948364258,4.782851219177246,4.793114185333252,4.741060256958008,2915943
UNIT.CA,Real Estate,2023-05-09 21:00:00,4.793114185333252,4.875223159790039,4.741796016693115,4.854695796966553,4.80197286605835,2406626
UNIT.CA,Real Estate,2023-05-10 21:00:00,4.854695796966553,4.926540851593018,4.731532096862793,4.741796016693115,4.6902995109558105,1552164
UNIT.CA,Real Estate,2023-05-13 21:00:00,4.741796016693115,4.916277885437012,4.731532096862793,4.772586822509766,4.7207560539245605,1724834
UNIT.CA,Real Estate,2023-05-14 21:00:00,4.772586822509766,4.875223159790039,4.567314147949219,4.608368873596191,4.558321475982666,1324083
UNIT.CA,Real Estate,2023-05-15 21:00:00,4.608368873596191,4.66995096206665,4.515995979309082,4.587841987609863,4.538017272949219,2226766
UNIT.CA,Real Estate,2023-05-16 21:00:00,4.587841987609863,4.66995096206665,4.372304916381836,4.413360118865967,4.3654303550720215,980473
UNIT.CA,Real Estate,2023-05-17 21:00:00,4.413360118865967,4.495469093322754,4.320987224578857,4.423624038696289,4.375582695007324,893586
UNIT.CA,Real Estate,2023-05-20 21:00:00,4.423624038696289,4.63916015625,4.454413890838623,4.474942207336426,4.42634391784668,662438
UNIT.CA,Real Estate,2023-05-21 21:00:00,4.474942207336426,4.567314147949219,4.382568836212158,4.413360118865967,4.3654303550720215,683097
UNIT.CA,Real Estate,2023-05-22 21:00:00,4.413360118865967,4.495469093322754,4.197824001312256,4.433887004852295,4.385734558105469,1070406
UNIT.CA,Real Estate,2023-05-23 21:00:00,4.433887004852295,4.649423122406006,4.495469093322754,4.515995979309082,4.466951370239258,1930674
UNIT.CA,Real Estate,2023-05-24 21:00:00,4.515995979309082,4.66995096206665,4.557051181793213,4.567314147949219,4.517712593078613,1043980
UNIT.CA,Real Estate,2023-05-27 21:00:00,4.567314147949219,4.721269130706787,4.63916015625,4.680213928222656,4.629385948181152,1158639
UNIT.CA,Real Estate,2023-05-28 21:00:00,4.680213928222656,4.967596054077148,4.721269130706787,4.854695796966553,4.80197286605835,3561357
UNIT.CA,Real Estate,2023-05-29 21:00:00,4.854695796966553,4.967596054077148,4.823904991149902,4.94706916809082,4.893343448638916,2743793
UNIT.CA,Real Estate,2023-05-30 21:00:00,4.94706916809082,5.1215500831604,4.782851219177246,4.81364107131958,4.761364459991455,4123106
UNIT.CA,Real Estate,2023-05-31 21:00:00,4.81364107131958,4.93680477142334,4.834168910980225,4.916277885437012,4.862886428833008,1385417
UNIT.CA,Real Estate,2023-06-03 21:00:00,4.916277885437012,5.090758800506592,4.916277885437012,5.018914222717285,4.964407920837402,2711082
UNIT.CA,Real Estate,2023-06-04 21:00:00,5.018914222717285,5.285768032073975,5.070231914520264,5.070231914520264,5.0151686668396,4718019
UNIT.CA,Real Estate,2023-06-05 21:00:00,5.070231914520264,5.183132171630859,4.957332134246826,4.977859973907471,4.923799514770508,1564303
UNIT.CA,Real Estate,2023-06-06 21:00:00,4.977859973907471,5.059968948364258,4.8444318771362305,4.854695796966553,4.80197286605835,936610
UNIT.CA,Real Estate,2023-06-07 21:00:00,4.854695796966553,4.967596054077148,4.782851219177246,4.834168910980225,4.7816691398620605,919297
UNIT.CA,Real Estate,2023-06-10 21:00:00,4.834168910980225,4.94706916809082,4.6904778480529785,4.711005210876465,4.6598429679870605,1507024
UNIT.CA,Real Estate,2023-06-11 21:00:00,4.711005210876465,4.823904991149902,4.6904778480529785,4.741796016693115,4.6902995109558105,1288584
UNIT.CA,Real Estate,2023-06-12 21:00:00,4.741796016693115,4.793114185333252,4.649423122406006,4.66995096206665,4.619234561920166,727519
UNIT.CA,Real Estate,2023-06-13 21:00:00,4.66995096206665,4.772586822509766,4.577578067779541,4.618631839752197,4.568472862243652,844966
UNIT.CA,Real Estate,2023-06-14 21:00:00,4.618631839752197,4.803378105163574,4.63916015625,4.680213928222656,4.629385948181152,1162544
UNIT.CA,Real Estate,2023-06-17 21:00:00,4.680213928222656,4.885487079620361,4.721269130706787,4.782851219177246,4.7309088706970215,1760538
UNIT.CA,Real Estate,2023-06-18 21:00:00,4.659999847412109,4.730000019073486,4.309999942779541,4.539999961853027,4.490694999694824,1122651
UNIT.CA,Real Estate,2023-06-19 21:00:00,4.539999961853027,4.590000152587891,4.429999828338623,4.489999771118164,4.441237926483154,682685
UNIT.CA,Real Estate,2023-06-20 21:00:00,4.489999771118164,4.559999942779541,4.340000152587891,4.349999904632568,4.30275821685791,709814
UNIT.CA,Real Estate,2023-06-21 21:00:00,4.349999904632568,4.429999828338623,4.329999923706055,4.369999885559082,4.322541236877441,576588
UNIT.CA,Real Estate,2023-06-24 21:00:00,4.369999885559082,4.5,4.309999942779541,4.329999923706055,4.282975673675537,359246
UNIT.CA,Real Estate,2023-06-25 21:00:00,4.329999923706055,4.389999866485596,4.260000228881836,4.360000133514404,4.312649726867676,313920
UNIT.CA,Real Estate,2023-07-03 21:00:00,4.360000133514404,4.5,4.360000133514404,4.369999885559082,4.322541236877441,483702
UNIT.CA,Real Estate,2023-07-04 21:00:00,4.369999885559082,4.539999961853027,4.400000095367432,4.409999847412109,4.362106800079346,484078
UNIT.CA,Real Estate,2023-07-05 21:00:00,4.409999847412109,4.429999828338623,4.25,4.260000228881836,4.213736057281494,382371
UNIT.CA,Real Estate,2023-07-08 21:00:00,4.260000228881836,4.349999904632568,3.930000066757202,4.010000228881836,3.9664509296417236,941400
UNIT.CA,Real Estate,2023-07-09 21:00:00,4.010000228881836,4.119999885559082,3.950000047683716,4.099999904632568,4.055473327636719,418400
UNIT.CA,Real Estate,2023-07-10 21:00:00,4.099999904632568,4.179999828338623,4.03000020980835,4.079999923706055,4.0356903076171875,702260
UNIT.CA,Real Estate,2023-07-11 21:00:00,4.079999923706055,4.150000095367432,4.039999961853027,4.090000152587891,4.045582294464111,592663
UNIT.CA,Real Estate,2023-07-12 21:00:00,4.090000152587891,4.170000076293945,4.070000171661377,4.130000114440918,4.085147857666016,527269
UNIT.CA,Real Estate,2023-07-15 21:00:00,4.130000114440918,4.300000190734863,4.119999885559082,4.199999809265137,4.1543869972229,800901
UNIT.CA,Real Estate,2023-07-16 21:00:00,4.199999809265137,4.300000190734863,4.190000057220459,4.210000038146973,4.164278984069824,808447
UNIT.CA,Real Estate,2023-07-17 21:00:00,4.210000038146973,4.300000190734863,4.210000038146973,4.239999771118164,4.193952560424805,1007492
UNIT.CA,Real Estate,2023-07-18 21:00:00,4.239999771118164,4.239999771118164,4.239999771118164,4.239999771118164,4.193952560424805,0
UNIT.CA,Real Estate,2023-07-23 21:00:00,4.300000190734863,4.329999923706055,4.170000076293945,4.210000038146973,4.164278984069824,740281
UNIT.CA,Real Estate,2023-07-24 21:00:00,4.210000038146973,4.239999771118164,4.119999885559082,4.150000095367432,4.104930400848389,315915
UNIT.CA,Real Estate,2023-07-25 21:00:00,4.150000095367432,4.179999828338623,4.070000171661377,4.090000152587891,4.045582294464111,231358
UNIT.CA,Real Estate,2023-07-26 21:00:00,4.090000152587891,4.170000076293945,4.099999904632568,4.150000095367432,4.104930400848389,246733
UNIT.CA,Real Estate,2023-07-29 21:00:00,4.150000095367432,4.25,4.139999866485596,4.150000095367432,4.104930400848389,714823
UNIT.CA,Real Estate,2023-07-30 21:00:00,4.150000095367432,4.210000038146973,4.119999885559082,4.130000114440918,4.085147857666016,284008
UNIT.CA,Real Estate,2023-07-31 21:00:00,4.130000114440918,4.159999847412109,4.099999904632568,4.110000133514404,4.065364837646484,210790
UNIT.CA,Real Estate,2023-08-01 21:00:00,4.110000133514404,4.179999828338623,4.079999923706055,4.130000114440918,4.085147857666016,379643
UNIT.CA,Real Estate,2023-08-02 21:00:00,4.130000114440918,4.199999809265137,4.110000133514404,4.119999885559082,4.075255870819092,388996
UNIT.CA,Real Estate,2023-08-05 21:00:00,4.119999885559082,4.289999961853027,4.179999828338623,4.28000020980835,4.233518600463867,1106129
UNIT.CA,Real Estate,2023-08-06 21:00:00,4.28000020980835,4.380000114440918,4.260000228881836,4.300000190734863,4.253301620483398,745279
UNIT.CA,Real Estate,2023-08-07 21:00:00,4.300000190734863,4.320000171661377,4.199999809265137,4.230000019073486,4.184061527252197,577658
UNIT.CA,Real Estate,2023-08-08 21:00:00,4.230000019073486,4.329999923706055,4.150000095367432,4.25,4.2038445472717285,616910
UNIT.CA,Real Estate,2023-08-09 21:00:00,4.25,4.300000190734863,4.159999847412109,4.170000076293945,4.12471342086792,847513
UNIT.CA,Real Estate,2023-08-12 21:00:00,4.170000076293945,4.25,4.150000095367432,4.239999771118164,4.193952560424805,461280
UNIT.CA,Real Estate,2023-08-13 21:00:00,4.239999771118164,4.300000190734863,4.199999809265137,4.28000020980835,4.233518600463867,886828
UNIT.CA,Real Estate,2023-08-14 21:00:00,4.28000020980835,4.550000190734863,4.300000190734863,4.449999809265137,4.40167236328125,4353387
UNIT.CA,Real Estate,2023-08-15 21:00:00,4.449999809265137,4.559999942779541,4.329999923706055,4.340000152587891,4.292867183685303,2688730
UNIT.CA,Real Estate,2023-08-16 21:00:00,4.340000152587891,4.510000228881836,4.340000152587891,4.369999885559082,4.322541236877441,1537929
UNIT.CA,Real Estate,2023-08-19 21:00:00,4.369999885559082,4.539999961853027,4.360000133514404,4.400000095367432,4.35221529006958,2784142
UNIT.CA,Real Estate,2023-08-20 21:00:00,4.400000095367432,4.53000020980835,4.380000114440918,4.440000057220459,4.391780853271484,1385540
UNIT.CA,Real Estate,2023-08-21 21:00:00,4.440000057220459,4.539999961853027,4.429999828338623,4.449999809265137,4.40167236328125,1496806
UNIT.CA,Real Estate,2023-08-22 21:00:00,4.449999809265137,4.659999847412109,4.369999885559082,4.400000095367432,4.35221529006958,7419374
UNIT.CA,Real Estate,2023-08-23 21:00:00,4.400000095367432,4.449999809265137,4.300000190734863,4.389999866485596,4.3423237800598145,1068853
UNIT.CA,Real Estate,2023-08-26 21:00:00,4.389999866485596,4.46999979019165,4.369999885559082,4.369999885559082,4.322541236877441,968958
UNIT.CA,Real Estate,2023-08-27 21:00:00,4.369999885559082,4.429999828338623,4.340000152587891,4.349999904632568,4.30275821685791,1121845
UNIT.CA,Real Estate,2023-08-28 21:00:00,4.349999904632568,4.449999809265137,4.320000171661377,4.349999904632568,4.30275821685791,836291
UNIT.CA,Real Estate,2023-08-29 21:00:00,4.349999904632568,4.400000095367432,4.329999923706055,4.340000152587891,4.292867183685303,726081
UNIT.CA,Real Estate,2023-08-30 21:00:00,4.340000152587891,4.340000152587891,4.340000152587891,4.340000152587891,4.292867183685303,0
UNIT.CA,Real Estate,2023-09-02 21:00:00,4.329999923706055,4.53000020980835,4.320000171661377,4.380000114440918,4.332432746887207,1559026
UNIT.CA,Real Estate,2023-09-03 21:00:00,4.380000114440918,4.409999847412109,4.349999904632568,4.380000114440918,4.332432746887207,312889
UNIT.CA,Real Estate,2023-09-04 21:00:00,4.380000114440918,4.670000076293945,4.389999866485596,4.53000020980835,4.480803966522217,4620126
UNIT.CA,Real Estate,2023-09-05 21:00:00,4.53000020980835,4.699999809265137,4.449999809265137,4.559999942779541,4.510477542877197,4524162
UNIT.CA,Real Estate,2023-09-06 21:00:00,4.559999942779541,4.579999923706055,4.46999979019165,4.510000228881836,4.4610209465026855,1990438
UNIT.CA,Real Estate,2023-09-09 21:00:00,4.510000228881836,4.510000228881836,4.510000228881836,4.510000228881836,4.4610209465026855,0
UNIT.CA,Real Estate,2023-09-10 21:00:00,4.420000076293945,4.510000228881836,4.300000190734863,4.340000152587891,4.292867183685303,1630354
UNIT.CA,Real Estate,2023-09-11 21:00:00,4.340000152587891,4.380000114440918,4.269999980926514,4.289999961853027,4.243410110473633,670197
UNIT.CA,Real Estate,2023-09-12 21:00:00,4.289999961853027,4.340000152587891,4.25,4.320000171661377,4.2730841636657715,664125
UNIT.CA,Real Estate,2023-09-13 21:00:00,4.320000171661377,4.380000114440918,4.300000190734863,4.300000190734863,4.253301620483398,877198
UNIT.CA,Real Estate,2023-09-16 21:00:00,4.300000190734863,4.400000095367432,4.28000020980835,4.28000020980835,4.233518600463867,1012840
UNIT.CA,Real Estate,2023-09-17 21:00:00,4.28000020980835,4.340000152587891,4.28000020980835,4.329999923706055,4.282975673675537,645192
UNIT.CA,Real Estate,2023-09-18 21:00:00,4.329999923706055,4.400000095367432,4.309999942779541,4.320000171661377,4.2730841636657715,946757
UNIT.CA,Real Estate,2023-09-19 21:00:00,4.320000171661377,4.320000171661377,4.320000171661377,4.320000171661377,4.2730841636657715,0
UNIT.CA,Real Estate,2023-09-20 21:00:00,4.320000171661377,4.320000171661377,4.320000171661377,4.320000171661377,4.2730841636657715,0
UNIT.CA,Real Estate,2023-09-23 21:00:00,4.320000171661377,4.320000171661377,4.320000171661377,4.320000171661377,4.2730841636657715,0
UNIT.CA,Real Estate,2023-09-24 21:00:00,4.119999885559082,4.170000076293945,4.0,4.099999904632568,4.055473327636719,563500
UNIT.CA,Real Estate,2023-09-25 21:00:00,4.099999904632568,4.21999979019165,4.079999923706055,4.090000152587891,4.045582294464111,820004
UNIT.CA,Real Estate,2023-09-26 21:00:00,4.090000152587891,4.090000152587891,4.090000152587891,4.090000152587891,4.045582294464111,0
UNIT.CA,Real Estate,2023-09-30 21:00:00,4.090000152587891,4.090000152587891,4.090000152587891,4.090000152587891,4.045582294464111,0
UNIT.CA,Real Estate,2023-10-01 21:00:00,4.110000133514404,4.159999847412109,4.019999980926514,4.110000133514404,4.065364837646484,570371
UNIT.CA,Real Estate,2023-10-02 21:00:00,4.110000133514404,4.150000095367432,4.010000228881836,4.03000020980835,3.986233711242676,464897
UNIT.CA,Real Estate,2023-10-03 21:00:00,4.03000020980835,4.079999923706055,4.0,4.059999942779541,4.0159077644348145,1015161
UNIT.CA,Real Estate,2023-10-07 21:00:00,4.059999942779541,4.070000171661377,3.609999895095825,3.9100000858306885,3.867537021636963,957153
UNIT.CA,Real Estate,2023-10-08 21:00:00,3.9100000858306885,3.990000009536743,3.7699999809265137,3.9600000381469727,3.9169938564300537,659681
UNIT.CA,Real Estate,2023-10-09 21:00:00,3.9600000381469727,4.019999980926514,3.9000000953674316,3.930000066757202,3.887319803237915,458521
UNIT.CA,Real Estate,2023-10-10 21:00:00,3.930000066757202,4.010000228881836,3.940000057220459,3.9600000381469727,3.9169938564300537,674780
UNIT.CA,Real Estate,2023-10-11 21:00:00,3.9600000381469727,4.019999980926514,3.950000047683716,3.950000047683716,3.907102584838867,872627
UNIT.CA,Real Estate,2023-10-14 21:00:00,3.950000047683716,4.059999942779541,3.990000009536743,4.039999961853027,3.9961249828338623,551621
UNIT.CA,Real Estate,2023-10-15 21:00:00,4.039999961853027,4.079999923706055,4.0,4.03000020980835,3.986233711242676,567953
UNIT.CA,Real Estate,2023-10-16 21:00:00,4.03000020980835,4.170000076293945,4.019999980926514,4.170000076293945,4.12471342086792,1450739
UNIT.CA,Real Estate,2023-10-17 21:00:00,4.170000076293945,4.199999809265137,4.070000171661377,4.079999923706055,4.0356903076171875,755316
UNIT.CA,Real Estate,2023-10-18 21:00:00,4.079999923706055,4.079999923706055,4.079999923706055,4.079999923706055,4.0356903076171875,0
UNIT.CA,Real Estate,2023-10-21 21:00:00,4.139999866485596,4.269999980926514,4.130000114440918,4.199999809265137,4.1543869972229,1354703
UNIT.CA,Real Estate,2023-10-22 21:00:00,4.199999809265137,4.28000020980835,4.199999809265137,4.239999771118164,4.193952560424805,1079444
UNIT.CA,Real Estate,2023-10-23 21:00:00,4.239999771118164,4.269999980926514,4.139999866485596,4.179999828338623,4.134604454040527,703774
UNIT.CA,Real Estate,2023-10-24 21:00:00,4.179999828338623,4.5,4.230000019073486,4.5,4.45112943649292,2185909
UNIT.CA,Real Estate,2023-10-25 21:00:00,4.5,4.670000076293945,4.440000057220459,4.639999866485596,4.589608669281006,2926238
UNIT.CA,Real Estate,2023-10-28 22:00:00,4.639999866485596,5.090000152587891,4.739999771118164,5.0,4.945699214935303,6261190
UNIT.CA,Real Estate,2023-10-29 22:00:00,5.0,5.150000095367432,4.769999980926514,4.789999961853027,4.737979888916016,2814189
UNIT.CA,Real Estate,2023-10-30 22:00:00,4.789999961853027,4.889999866485596,4.610000133514404,4.630000114440918,4.579717636108398,1595952
UNIT.CA,Real Estate,2023-10-31 22:00:00,4.630000114440918,4.679999828338623,4.409999847412109,4.510000228881836,4.4610209465026855,2394026
UNIT.CA,Real Estate,2023-11-01 22:00:00,4.510000228881836,4.639999866485596,4.559999942779541,4.599999904632568,4.550043106079102,674906
UNIT.CA,Real Estate,2023-11-04 22:00:00,4.599999904632568,4.800000190734863,4.599999904632568,4.690000057220459,4.639065742492676,1218045
UNIT.CA,Real Estate,2023-11-05 22:00:00,4.690000057220459,5.400000095367432,4.71999979019165,5.21999979019165,5.1633100509643555,7886169
UNIT.CA,Real Estate,2023-11-06 22:00:00,5.21999979019165,5.289999961853027,5.059999942779541,5.099999904632568,5.044613361358643,2331994
UNIT.CA,Real Estate,2023-11-07 22:00:00,5.099999904632568,5.230000019073486,5.010000228881836,5.050000190734863,4.995156288146973,1712060
UNIT.CA,Real Estate,2023-11-08 22:00:00,5.050000190734863,5.239999771118164,4.849999904632568,4.940000057220459,4.886351108551025,2840451
UNIT.CA,Real Estate,2023-11-11 22:00:00,4.940000057220459,5.170000076293945,4.960000038146973,5.099999904632568,5.044613361358643,2253296
UNIT.CA,Real Estate,2023-11-12 22:00:00,5.099999904632568,5.480000019073486,5.130000114440918,5.309999942779541,5.25233268737793,4641998
UNIT.CA,Real Estate,2023-11-13 22:00:00,5.309999942779541,5.579999923706055,5.329999923706055,5.349999904632568,5.291898250579834,2737511
UNIT.CA,Real Estate,2023-11-14 22:00:00,5.349999904632568,5.429999828338623,5.150000095367432,5.25,5.192984104156494,1906654
UNIT.CA,Real Estate,2023-11-15 22:00:00,5.25,5.320000171661377,5.150000095367432,5.199999809265137,5.143527030944824,1286748
UNIT.CA,Real Estate,2023-11-18 22:00:00,5.199999809265137,5.489999771118164,5.25,5.489999771118164,5.43037748336792,2335629
UNIT.CA,Real Estate,2023-11-19 22:00:00,5.489999771118164,5.900000095367432,5.579999923706055,5.860000133514404,5.796359539031982,4673760
UNIT.CA,Real Estate,2023-11-20 22:00:00,5.860000133514404,6.309999942779541,5.800000190734863,6.300000190734863,6.231581211090088,4732339
UNIT.CA,Real Estate,2023-11-21 22:00:00,6.300000190734863,6.400000095367432,6.130000114440918,6.130000114440918,6.063427448272705,3456350
UNIT.CA,Real Estate,2023-11-22 22:00:00,6.130000114440918,6.289999961853027,6.139999866485596,6.190000057220459,6.122775554656982,1762921
UNIT.CA,Real Estate,2023-11-25 22:00:00,6.190000057220459,6.300000190734863,6.130000114440918,6.170000076293945,6.102993011474609,1340471
UNIT.CA,Real Estate,2023-11-26 22:00:00,6.170000076293945,6.480000019073486,6.119999885559082,6.400000095367432,6.330495357513428,2265689
UNIT.CA,Real Estate,2023-11-27 22:00:00,6.400000095367432,6.46999979019165,6.300000190734863,6.320000171661377,6.251364231109619,1998583
UNIT.CA,Real Estate,2023-11-28 22:00:00,6.320000171661377,6.369999885559082,5.809999942779541,6.199999809265137,6.132667064666748,1120362
UNIT.CA,Real Estate,2023-11-29 22:00:00,6.199999809265137,6.340000152587891,6.070000171661377,6.199999809265137,6.132667064666748,912759
UNIT.CA,Real Estate,2023-12-02 22:00:00,6.199999809265137,6.28000020980835,5.949999809265137,6.199999809265137,6.132667064666748,1036145
UNIT.CA,Real Estate,2023-12-03 22:00:00,6.199999809265137,6.230000019073486,6.019999980926514,6.099999904632568,6.033752918243408,1026747
UNIT.CA,Real Estate,2023-12-04 22:00:00,6.099999904632568,6.230000019073486,6.010000228881836,6.039999961853027,5.974404811859131,1539731
UNIT.CA,Real Estate,2023-12-05 22:00:00,6.039999961853027,6.170000076293945,6.0,6.010000228881836,5.944730758666992,1417445
UNIT.CA,Real Estate,2023-12-06 22:00:00,6.010000228881836,6.039999961853027,5.820000171661377,5.900000095367432,5.835925102233887,910738
UNIT.CA,Real Estate,2023-12-09 22:00:00,5.900000095367432,5.960000038146973,5.659999847412109,5.690000057220459,5.6282057762146,808794
UNIT.CA,Real Estate,2023-12-10 22:00:00,5.690000057220459,5.789999961853027,5.380000114440918,5.400000095367432,5.341355323791504,1278738
UNIT.CA,Real Estate,2023-12-11 22:00:00,5.400000095367432,5.510000228881836,5.329999923706055,5.400000095367432,5.341355323791504,760850
UNIT.CA,Real Estate,2023-12-12 22:00:00,5.400000095367432,5.630000114440918,5.389999866485596,5.53000020980835,5.469943523406982,454819
UNIT.CA,Real Estate,2023-12-13 22:00:00,5.53000020980835,5.730000019073486,5.570000171661377,5.630000114440918,5.568857669830322,465486
UNIT.CA,Real Estate,2023-12-16 22:00:00,5.630000114440918,5.739999771118164,5.619999885559082,5.659999847412109,5.598531246185303,200715
UNIT.CA,Real Estate,2023-12-17 22:00:00,5.659999847412109,5.789999961853027,5.650000095367432,5.75,5.687554359436035,586305
UNIT.CA,Real Estate,2023-12-18 22:00:00,5.75,6.139999866485596,5.739999771118164,5.900000095367432,5.835925102233887,1620117
UNIT.CA,Real Estate,2023-12-19 22:00:00,5.900000095367432,6.079999923706055,5.650000095367432,5.690000057220459,5.6282057762146,349590
UNIT.CA,Real Estate,2023-12-20 22:00:00,5.690000057220459,5.840000152587891,5.630000114440918,5.659999847412109,5.598531246185303,366484
UNIT.CA,Real Estate,2023-12-23 22:00:00,5.659999847412109,5.659999847412109,5.659999847412109,5.659999847412109,5.598531246185303,0
UNIT.CA,Real Estate,2023-12-24 22:00:00,5.519999980926514,5.539999961853027,5.260000228881836,5.429999828338623,5.371029376983643,145116
UNIT.CA,Real Estate,2023-12-25 22:00:00,5.429999828338623,5.519999980926514,5.409999847412109,5.440000057220459,5.380920886993408,117811
UNIT.CA,Real Estate,2023-12-26 22:00:00,5.440000057220459,5.570000171661377,5.420000076293945,5.550000190734863,5.489726543426514,114747
UNIT.CA,Real Estate,2023-12-27 22:00:00,5.550000190734863,5.690000057220459,5.550000190734863,5.590000152587891,5.529292106628418,260934
UNIT.CA,Real Estate,2023-12-30 22:00:00,5.590000152587891,5.599999904632568,5.409999847412109,5.5,5.4402689933776855,182676
UNIT.CA,Real Estate,2024-01-01 22:00:00,5.5,5.800000190734863,5.46999979019165,5.789999961853027,5.7271199226379395,441031
UNIT.CA,Real Estate,2024-01-02 22:00:00,5.789999961853027,5.900000095367432,5.730000019073486,5.889999866485596,5.826033592224121,321701
UNIT.CA,Real Estate,2024-01-03 22:00:00,5.889999866485596,5.949999809265137,5.789999961853027,5.849999904632568,5.786468029022217,152187
UNIT.CA,Real Estate,2024-01-07 22:00:00,5.849999904632568,5.949999809265137,5.789999961853027,5.809999942779541,5.7469024658203125,224400
UNIT.CA,Real Estate,2024-01-08 22:00:00,5.809999942779541,5.940000057220459,5.809999942779541,5.849999904632568,5.786468029022217,374889
UNIT.CA,Real Estate,2024-01-09 22:00:00,5.849999904632568,6.300000190734863,5.880000114440918,6.03000020980835,5.964513301849365,1568067
UNIT.CA,Real Estate,2024-01-10 22:00:00,6.03000020980835,6.159999847412109,5.900000095367432,5.980000019073486,5.915056228637695,644686
UNIT.CA,Real Estate,2024-01-13 22:00:00,5.980000019073486,6.099999904632568,5.929999828338623,6.010000228881836,5.944730758666992,472552
UNIT.CA,Real Estate,2024-01-14 22:00:00,6.010000228881836,6.179999828338623,6.0,6.019999980926514,5.9546217918396,614201
UNIT.CA,Real Estate,2024-01-15 22:00:00,6.019999980926514,6.28000020980835,6.0,6.170000076293945,6.102993011474609,1007091
UNIT.CA,Real Estate,2024-01-16 22:00:00,6.170000076293945,6.360000133514404,6.139999866485596,6.179999828338623,6.112884044647217,771296
UNIT.CA,Real Estate,2024-01-17 22:00:00,6.179999828338623,6.25,6.090000152587891,6.130000114440918,6.063427448272705,311582
UNIT.CA,Real Estate,2024-01-20 22:00:00,6.130000114440918,6.300000190734863,6.110000133514404,6.21999979019165,6.152449607849121,708481
UNIT.CA,Real Estate,2024-01-21 22:00:00,6.21999979019165,6.429999828338623,6.170000076293945,6.210000038146973,6.142558574676514,1181436
UNIT.CA,Real Estate,2024-01-22 22:00:00,6.210000038146973,6.329999923706055,6.139999866485596,6.150000095367432,6.083209991455078,370117
UNIT.CA,Real Estate,2024-01-23 22:00:00,6.150000095367432,6.400000095367432,6.130000114440918,6.210000038146973,6.142558574676514,972065
UNIT.CA,Real Estate,2024-01-27 22:00:00,6.210000038146973,6.75,6.309999942779541,6.690000057220459,6.617345809936523,2626095
UNIT.CA,Real Estate,2024-01-28 22:00:00,6.690000057220459,6.889999866485596,6.599999904632568,6.710000038146973,6.6371283531188965,1338665
UNIT.CA,Real Estate,2024-01-29 22:00:00,6.710000038146973,7.480000019073486,6.769999980926514,7.440000057220459,7.359200477600098,2589385
UNIT.CA,Real Estate,2024-01-30 22:00:00,7.440000057220459,7.869999885559082,6.800000190734863,7.0,6.923978805541992,2195845
UNIT.CA,Real Estate,2024-01-31 22:00:00,7.0,7.480000019073486,6.650000095367432,7.480000019073486,7.398766040802002,1385305
UNIT.CA,Real Estate,2024-02-03 22:00:00,7.480000019073486,7.659999847412109,7.260000228881836,7.619999885559082,7.537245750427246,1117671
UNIT.CA,Real Estate,2024-02-04 22:00:00,7.619999885559082,7.840000152587891,7.599999904632568,7.599999904632568,7.517462730407715,848543
UNIT.CA,Real Estate,2024-02-05 22:00:00,7.599999904632568,7.849999904632568,7.260000228881836,7.619999885559082,7.537245750427246,1110776
UNIT.CA,Real Estate,2024-02-06 22:00:00,7.619999885559082,7.650000095367432,7.400000095367432,7.5,7.418549060821533,557954
UNIT.CA,Real Estate,2024-02-07 22:00:00,7.5,7.559999942779541,7.340000152587891,7.559999942779541,7.4778971672058105,377955
UNIT.CA,Real Estate,2024-02-10 22:00:00,7.559999942779541,7.650000095367432,7.420000076293945,7.5,7.418549060821533,420186
UNIT.CA,Real Estate,2024-02-11 22:00:00,7.5,7.699999809265137,7.260000228881836,7.659999847412109,7.57681131362915,674249
UNIT.CA,Real Estate,2024-02-12 22:00:00,7.659999847412109,7.840000152587891,7.570000171661377,7.619999885559082,7.537245750427246,791497
UNIT.CA,Real Estate,2024-02-13 22:00:00,7.619999885559082,7.699999809265137,7.550000190734863,7.679999828338623,7.596593856811523,936199
UNIT.CA,Real Estate,2024-02-14 22:00:00,7.679999828338623,7.75,7.199999809265137,7.349999904632568,7.270177841186523,920706
UNIT.CA,Real Estate,2024-02-17 22:00:00,7.349999904632568,7.349999904632568,7.349999904632568,7.349999904632568,7.270177841186523,0
UNIT.CA,Real Estate,2024-02-18 22:00:00,7.449999809265137,7.619999885559082,7.489999771118164,7.579999923706055,7.497680187225342,797781
UNIT.CA,Real Estate,2024-02-19 22:00:00,7.579999923706055,8.079999923706055,7.519999980926514,7.849999904632568,7.764747619628906,1884688
UNIT.CA,Real Estate,2024-02-20 22:00:00,7.849999904632568,8.0,7.710000038146973,7.71999979019165,7.636159420013428,491858
UNIT.CA,Real Estate,2024-02-21 22:00:00,7.71999979019165,7.849999904632568,7.670000076293945,7.71999979019165,7.636159420013428,280180
UNIT.CA,Real Estate,2024-02-24 22:00:00,7.71999979019165,7.760000228881836,7.28000020980835,7.340000152587891,7.260286808013916,328319
UNIT.CA,Real Estate,2024-02-25 22:00:00,7.340000152587891,7.550000190734863,7.21999979019165,7.349999904632568,7.270177841186523,130931
UNIT.CA,Real Estate,2024-02-26 22:00:00,7.349999904632568,7.489999771118164,7.119999885559082,7.199999809265137,7.121806621551514,270614
UNIT.CA,Real Estate,2024-02-27 22:00:00,7.199999809265137,7.349999904632568,6.849999904632568,6.960000038146973,6.884413242340088,258049
UNIT.CA,Real Estate,2024-02-28 22:00:00,6.960000038146973,6.900000095367432,5.75,6.650000095367432,6.577780246734619,191185
UNIT.CA,Real Estate,2024-03-02 22:00:00,6.650000095367432,7.46999979019165,6.650000095367432,6.900000095367432,6.8250651359558105,569762
UNIT.CA,Real Estate,2024-03-03 22:00:00,6.900000095367432,7.400000095367432,7.0,7.159999847412109,7.082241058349609,573592
UNIT.CA,Real Estate,2024-03-04 22:00:00,7.159999847412109,7.28000020980835,6.929999828338623,7.0,6.923978805541992,567656
UNIT.CA,Real Estate,2024-03-05 22:00:00,7.0,7.03000020980835,6.010000228881836,6.159999847412109,6.093101501464844,371559
UNIT.CA,Real Estate,2024-03-06 22:00:00,6.159999847412109,6.599999904632568,6.159999847412109,6.289999961853027,6.221689701080322,364365
UNIT.CA,Real Estate,2024-03-09 22:00:00,6.289999961853027,6.570000171661377,6.170000076293945,6.289999961853027,6.221689701080322,254016
UNIT.CA,Real Estate,2024-03-10 22:00:00,6.289999961853027,6.360000133514404,5.920000076293945,6.03000020980835,5.964513301849365,222864
UNIT.CA,Real Estate,2024-03-11 22:00:00,6.03000020980835,6.099999904632568,5.699999809265137,5.929999828338623,5.865599155426025,124837
UNIT.CA,Real Estate,2024-03-12 22:00:00,5.929999828338623,6.0,5.599999904632568,5.690000057220459,5.6282057762146,168751
UNIT.CA,Real Estate,2024-03-13 22:00:00,5.690000057220459,5.940000057220459,5.699999809265137,5.860000133514404,5.796359539031982,65912
UNIT.CA,Real Estate,2024-03-16 22:00:00,5.860000133514404,5.920000076293945,5.75,5.789999961853027,5.7271199226379395,75596
UNIT.CA,Real Estate,2024-03-17 22:00:00,5.789999961853027,5.679999828338623,5.199999809265137,5.409999847412109,5.351246356964111,76138
UNIT.CA,Real Estate,2024-03-18 22:00:00,5.409999847412109,5.400000095367432,5.039999961853027,5.079999923706055,5.024830341339111,112898
UNIT.CA,Real Estate,2024-03-19 22:00:00,5.079999923706055,5.400000095367432,5.139999866485596,5.199999809265137,5.143527030944824,158188
UNIT.CA,Real Estate,2024-03-20 22:00:00,5.199999809265137,5.46999979019165,5.21999979019165,5.409999847412109,5.351246356964111,194610
UNIT.CA,Real Estate,2024-03-23 22:00:00,5.409999847412109,5.409999847412109,5.28000020980835,5.320000171661377,5.262224197387695,120950
UNIT.CA,Real Estate,2024-03-24 22:00:00,5.320000171661377,5.420000076293945,5.269999980926514,5.380000114440918,5.321572303771973,182960
UNIT.CA,Real Estate,2024-03-25 22:00:00,5.380000114440918,5.440000057220459,5.340000152587891,5.400000095367432,5.341355323791504,62095
UNIT.CA,Real Estate,2024-03-26 22:00:00,5.400000095367432,5.409999847412109,5.230000019073486,5.28000020980835,5.222658634185791,97077
UNIT.CA,Real Estate,2024-03-27 22:00:00,5.28000020980835,5.28000020980835,5.170000076293945,5.28000020980835,5.222658634185791,32679
UNIT.CA,Real Estate,2024-03-30 22:00:00,5.28000020980835,5.28000020980835,4.949999809265137,5.090000152587891,5.034721851348877,67262
UNIT.CA,Real Estate,2024-03-31 22:00:00,5.090000152587891,5.28000020980835,5.079999923706055,5.090000152587891,5.034721851348877,34492
UNIT.CA,Real Estate,2024-04-01 22:00:00,5.090000152587891,5.380000114440918,5.269999980926514,5.329999923706055,5.272115230560303,75560
UNIT.CA,Real Estate,2024-04-02 22:00:00,5.329999923706055,5.460000038146973,5.199999809265137,5.269999980926514,5.212767124176025,85677
UNIT.CA,Real Estate,2024-04-03 22:00:00,5.269999980926514,5.46999979019165,5.320000171661377,5.400000095367432,5.341355323791504,63232
UNIT.CA,Real Estate,2024-04-06 22:00:00,5.400000095367432,5.449999809265137,5.360000133514404,5.400000095367432,5.341355323791504,51525
UNIT.CA,Real Estate,2024-04-07 22:00:00,5.400000095367432,5.599999904632568,5.420000076293945,5.489999771118164,5.43037748336792,105553
UNIT.CA,Real Estate,2024-04-14 22:00:00,5.489999771118164,5.670000076293945,5.28000020980835,5.590000152587891,5.529292106628418,150741
UNIT.CA,Real Estate,2024-04-15 22:00:00,5.590000152587891,6.349999904632568,5.579999923706055,6.059999942779541,5.994187355041504,1144271
UNIT.CA,Real Estate,2024-04-16 22:00:00,6.059999942779541,6.199999809265137,5.920000076293945,5.989999771118164,5.924947738647461,348406
UNIT.CA,Real Estate,2024-04-17 22:00:00,5.989999771118164,6.199999809265137,5.579999923706055,5.699999809265137,5.638096809387207,436852
UNIT.CA,Real Estate,2024-04-20 22:00:00,5.699999809265137,6.099999904632568,5.800000190734863,5.860000133514404,5.796359539031982,125366
UNIT.CA,Real Estate,2024-04-21 22:00:00,5.860000133514404,5.900000095367432,5.619999885559082,5.75,5.687554359436035,70741
UNIT.CA,Real Estate,2024-04-22 22:00:00,5.75,5.789999961853027,5.400000095367432,5.440000057220459,5.380920886993408,123819
UNIT.CA,Real Estate,2024-04-23 22:00:00,5.440000057220459,5.630000114440918,5.170000076293945,5.230000019073486,5.173201560974121,121613
UNIT.CA,Real Estate,2024-04-27 21:00:00,5.230000019073486,5.230000019073486,5.230000019073486,5.230000019073486,5.173201560974121,0
UNIT.CA,Real Estate,2024-04-28 21:00:00,5.230000019073486,5.25,5.010000228881836,5.110000133514404,5.054504871368408,217242
UNIT.CA,Real Estate,2024-04-29 21:00:00,5.110000133514404,5.28000020980835,4.800000190734863,4.880000114440918,4.82700252532959,344811
UNIT.CA,Real Estate,2024-05-01 21:00:00,4.880000114440918,5.050000190734863,4.900000095367432,5.0,4.945699214935303,71504
UNIT.CA,Real Estate,2024-05-06 21:00:00,5.0,5.099999904632568,5.0,5.0,4.945699214935303,52583
UNIT.CA,Real Estate,2024-05-07 21:00:00,5.0,5.130000114440918,4.960000038146973,5.0,4.945699214935303,43597
UNIT.CA,Real Estate,2024-05-08 21:00:00,5.0,5.050000190734863,4.829999923706055,5.0,4.945699214935303,51865
UNIT.CA,Real Estate,2024-05-11 21:00:00,5.0,5.0,4.5,4.590000152587891,4.540152072906494,182715
UNIT.CA,Real Estate,2024-05-12 21:00:00,4.590000152587891,4.940000057220459,4.349999904632568,4.679999828338623,4.62917423248291,99087
UNIT.CA,Real Estate,2024-05-13 21:00:00,4.679999828338623,4.880000114440918,4.599999904632568,4.710000038146973,4.658848762512207,122593
UNIT.CA,Real Estate,2024-05-14 21:00:00,4.710000038146973,4.900000095367432,4.630000114440918,4.800000190734863,4.747871398925781,102544
UNIT.CA,Real Estate,2024-05-15 21:00:00,4.800000190734863,4.949999809265137,4.710000038146973,4.829999923706055,4.77754545211792,113342
UNIT.CA,Real Estate,2024-05-18 21:00:00,4.829999923706055,5.139999866485596,4.880000114440918,5.050000190734863,4.995156288146973,157682
UNIT.CA,Real Estate,2024-05-19 21:00:00,5.050000190734863,5.139999866485596,5.0,5.010000228881836,4.955590724945068,282539
UNIT.CA,Real Estate,2024-05-20 21:00:00,5.010000228881836,5.099999904632568,4.949999809265137,5.010000228881836,4.955590724945068,52088
UNIT.CA,Real Estate,2024-05-21 21:00:00,5.010000228881836,5.489999771118164,4.929999828338623,5.260000228881836,5.202876091003418,534022
UNIT.CA,Real Estate,2024-05-22 21:00:00,5.260000228881836,5.480000019073486,5.21999979019165,5.25,5.192984104156494,113136
UNIT.CA,Real Estate,2024-05-25 21:00:00,5.25,5.25,5.25,5.25,5.192984104156494,0
UNIT.CA,Real Estate,2024-05-26 21:00:00,5.21999979019165,5.46999979019165,5.130000114440918,5.190000057220459,5.133635997772217,144355
UNIT.CA,Real Estate,2024-05-27 21:00:00,5.190000057220459,5.210000038146973,5.070000171661377,5.119999885559082,5.064395904541016,201959
UNIT.CA,Real Estate,2024-05-28 21:00:00,5.119999885559082,5.199999809265137,5.099999904632568,5.119999885559082,5.064395904541016,43311
UNIT.CA,Real Estate,2024-05-29 21:00:00,5.119999885559082,5.150000095367432,4.960000038146973,5.019999980926514,4.965482234954834,92568
UNIT.CA,Real Estate,2024-06-01 21:00:00,5.019999980926514,5.179999828338623,5.03000020980835,5.090000152587891,5.034721851348877,103820
UNIT.CA,Real Estate,2024-06-02 21:00:00,5.090000152587891,5.179999828338623,5.070000171661377,5.110000133514404,5.054504871368408,77177
UNIT.CA,Real Estate,2024-06-03 21:00:00,5.110000133514404,5.139999866485596,5.039999961853027,5.079999923706055,5.024830341339111,106951
UNIT.CA,Real Estate,2024-06-04 21:00:00,5.079999923706055,5.079999923706055,4.800000190734863,4.960000038146973,4.906133651733398,99468
UNIT.CA,Real Estate,2024-06-05 21:00:00,4.960000038146973,5.070000171661377,4.900000095367432,4.960000038146973,4.906133651733398,31284
UNIT.CA,Real Estate,2024-06-08 21:00:00,4.960000038146973,5.260000228881836,4.800000190734863,5.039999961853027,4.985264778137207,251629
UNIT.CA,Real Estate,2024-06-09 21:00:00,5.039999961853027,5.309999942779541,5.050000190734863,5.190000057220459,5.133635997772217,630437
UNIT.CA,Real Estate,2024-06-10 21:00:00,5.190000057220459,5.599999904632568,5.190000057220459,5.369999885559082,5.311680793762207,678185
UNIT.CA,Real Estate,2024-06-11 21:00:00,5.369999885559082,6.110000133514404,5.5,5.710000038146973,5.647988796234131,1166178
UNIT.CA,Real Estate,2024-06-12 21:00:00,5.710000038146973,5.829999923706055,5.559999942779541,5.590000152587891,5.529292106628418,160360
UNIT.CA,Real Estate,2024-06-22 21:00:00,5.590000152587891,5.699999809265137,5.5,5.630000114440918,5.568857669830322,154137
UNIT.CA,Real Estate,2024-06-23 21:00:00,5.630000114440918,5.699999809265137,5.400000095367432,5.440000057220459,5.380920886993408,222017
UNIT.CA,Real Estate,2024-06-24 21:00:00,5.440000057220459,5.53000020980835,5.409999847412109,5.460000038146973,5.400703430175781,89649
UNIT.CA,Real Estate,2024-06-25 21:00:00,5.460000038146973,5.699999809265137,5.5,5.690000057220459,5.6282057762146,398267
UNIT.CA,Real Estate,2024-06-26 21:00:00,5.690000057220459,5.760000228881836,5.5,5.53000020980835,5.469943523406982,205643
UNIT.CA,Real Estate,2024-07-01 21:00:00,5.579999923706055,5.650000095367432,5.559999942779541,5.579999923706055,5.519400119781494,133845
UNIT.CA,Real Estate,2024-07-02 21:00:00,5.579999923706055,5.619999885559082,5.5,5.510000228881836,5.450160980224609,224600
UNIT.CA,Real Estate,2024-07-03 21:00:00,5.510000228881836,5.699999809265137,5.460000038146973,5.5,5.4402689933776855,591081
UNIT.CA,Real Estate,2024-07-06 21:00:00,5.5,5.639999866485596,5.519999980926514,5.570000171661377,5.509509086608887,118400
UNIT.CA,Real Estate,2024-07-07 21:00:00,5.570000171661377,5.610000133514404,5.5,5.519999980926514,5.460052013397217,344728
UNIT.CA,Real Estate,2024-07-08 21:00:00,5.519999980926514,5.590000152587891,5.440000057220459,5.510000228881836,5.450160980224609,211865
UNIT.CA,Real Estate,2024-07-09 21:00:00,5.510000228881836,5.599999904632568,5.409999847412109,5.409999847412109,5.351246356964111,372341
UNIT.CA,Real Estate,2024-07-13 21:00:00,5.409999847412109,5.5,5.349999904632568,5.420000076293945,5.361137866973877,66982
UNIT.CA,Real Estate,2024-07-14 21:00:00,5.420000076293945,5.550000190734863,5.309999942779541,5.46999979019165,5.410594940185547,247625
UNIT.CA,Real Estate,2024-07-15 21:00:00,5.46999979019165,5.570000171661377,5.400000095367432,5.5,5.4402689933776855,142660
UNIT.CA,Real Estate,2024-07-16 21:00:00,5.5,5.630000114440918,5.449999809265137,5.599999904632568,5.539183139801025,242097
UNIT.CA,Real Estate,2024-07-17 21:00:00,5.599999904632568,5.900000095367432,5.619999885559082,5.630000114440918,5.568857669830322,341889
UNIT.CA,Real Estate,2024-07-20 21:00:00,5.630000114440918,5.789999961853027,5.630000114440918,5.699999809265137,5.638096809387207,344487
UNIT.CA,Real Estate,2024-07-21 21:00:00,5.699999809265137,6.820000171661377,5.769999980926514,6.190000057220459,6.122775554656982,1999515
UNIT.CA,Real Estate,2024-07-22 21:00:00,6.190000057220459,6.300000190734863,6.099999904632568,6.159999847412109,6.093101501464844,741679
UNIT.CA,Real Estate,2024-07-23 21:00:00,6.159999847412109,6.360000133514404,6.079999923706055,6.099999904632568,6.033752918243408,762232
UNIT.CA,Real Estate,2024-07-27 21:00:00,6.099999904632568,6.46999979019165,6.079999923706055,6.190000057220459,6.122775554656982,489292
UNIT.CA,Real Estate,2024-07-28 21:00:00,6.190000057220459,6.28000020980835,6.099999904632568,6.119999885559082,6.0535359382629395,269769
UNIT.CA,Real Estate,2024-07-29 21:00:00,6.119999885559082,6.239999771118164,6.130000114440918,6.199999809265137,6.132667064666748,143713
UNIT.CA,Real Estate,2024-07-30 21:00:00,6.199999809265137,6.28000020980835,6.139999866485596,6.190000057220459,6.122775554656982,108713
UNIT.CA,Real Estate,2024-07-31 21:00:00,6.190000057220459,6.199999809265137,6.079999923706055,6.110000133514404,6.043644428253174,270786
UNIT.CA,Real Estate,2024-08-03 21:00:00,6.110000133514404,6.050000190734863,5.769999980926514,5.820000171661377,5.756793975830078,374573
UNIT.CA,Real Estate,2024-08-04 21:00:00,5.820000171661377,5.739999771118164,5.019999980926514,5.369999885559082,5.311680793762207,372584
UNIT.CA,Real Estate,2024-08-05 21:00:00,5.369999885559082,5.71999979019165,5.420000076293945,5.650000095367432,5.588640213012695,435077
UNIT.CA,Real Estate,2024-08-06 21:00:00,5.650000095367432,5.679999828338623,5.53000020980835,5.559999942779541,5.499617576599121,300881
UNIT.CA,Real Estate,2024-08-07 21:00:00,5.559999942779541,5.659999847412109,5.5,5.599999904632568,5.539183139801025,116319
UNIT.CA,Real Estate,2024-08-10 21:00:00,5.599999904632568,5.960000038146973,5.599999904632568,5.820000171661377,5.756793975830078,302017
UNIT.CA,Real Estate,2024-08-11 21:00:00,5.820000171661377,6.099999904632568,5.760000228881836,5.789999961853027,5.7271199226379395,348982
UNIT.CA,Real Estate,2024-08-12 21:00:00,5.789999961853027,5.96999979019165,5.699999809265137,5.769999980926514,5.707336902618408,106586
UNIT.CA,Real Estate,2024-08-13 21:00:00,5.769999980926514,5.940000057220459,5.71999979019165,5.809999942779541,5.7469024658203125,94434
UNIT.CA,Real Estate,2024-08-14 21:00:00,5.809999942779541,5.809999942779541,5.550000190734863,5.699999809265137,5.638096809387207,120769
UNIT.CA,Real Estate,2024-08-17 21:00:00,5.699999809265137,5.949999809265137,5.679999828338623,5.920000076293945,5.855708122253418,190371
UNIT.CA,Real Estate,2024-08-18 21:00:00,5.920000076293945,6.190000057220459,5.78000020980835,5.889999866485596,5.826033592224121,814853
UNIT.CA,Real Estate,2024-08-19 21:00:00,5.889999866485596,6.059999942779541,5.929999828338623,5.989999771118164,5.924947738647461,261447
UNIT.CA,Real Estate,2024-08-20 21:00:00,5.989999771118164,6.340000152587891,6.0,6.179999828338623,6.112884044647217,989684
UNIT.CA,Real Estate,2024-08-21 21:00:00,6.179999828338623,6.360000133514404,6.039999961853027,6.079999923706055,6.013970375061035,594947
UNIT.CA,Real Estate,2024-08-24 21:00:00,6.079999923706055,6.380000114440918,6.110000133514404,6.150000095367432,6.083209991455078,422263
UNIT.CA,Real Estate,2024-08-25 21:00:00,6.150000095367432,6.260000228881836,6.059999942779541,6.090000152587891,6.023861885070801,356716
UNIT.CA,Real Estate,2024-08-26 21:00:00,6.090000152587891,6.659999847412109,6.090000152587891,6.420000076293945,6.350277900695801,1652889
UNIT.CA,Real Estate,2024-08-27 21:00:00,6.420000076293945,6.869999885559082,6.420000076293945,6.5,6.429409027099609,1886698
UNIT.CA,Real Estate,2024-08-28 21:00:00,6.5,6.760000228881836,6.440000057220459,6.46999979019165,6.3997344970703125,1318875
UNIT.CA,Real Estate,2024-08-31 21:00:00,6.46999979019165,6.579999923706055,6.349999904632568,6.519999980926514,6.449192047119141,278186
UNIT.CA,Real Estate,2024-09-01 21:00:00,6.519999980926514,6.670000076293945,6.260000228881836,6.289999961853027,6.221689701080322,290444
UNIT.CA,Real Estate,2024-09-02 21:00:00,6.289999961853027,6.380000114440918,6.070000171661377,6.090000152587891,6.023861885070801,360740
UNIT.CA,Real Estate,2024-09-03 21:00:00,6.090000152587891,6.289999961853027,6.070000171661377,6.110000133514404,6.043644428253174,403235
UNIT.CA,Real Estate,2024-09-04 21:00:00,6.110000133514404,6.230000019073486,6.099999904632568,6.119999885559082,6.0535359382629395,241865
UNIT.CA,Real Estate,2024-09-07 21:00:00,6.119999885559082,6.150000095367432,5.909999847412109,6.019999980926514,5.9546217918396,116587
UNIT.CA,Real Estate,2024-09-08 21:00:00,6.019999980926514,6.139999866485596,5.789999961853027,6.03000020980835,5.964513301849365,75796
UNIT.CA,Real Estate,2024-09-09 21:00:00,6.03000020980835,6.079999923706055,5.840000152587891,5.900000095367432,5.835925102233887,125052
UNIT.CA,Real Estate,2024-09-10 21:00:00,5.900000095367432,5.949999809265137,5.829999923706055,5.900000095367432,5.835925102233887,168572
UNIT.CA,Real Estate,2024-09-11 21:00:00,5.900000095367432,5.929999828338623,5.849999904632568,5.889999866485596,5.826033592224121,190429
UNIT.CA,Real Estate,2024-09-15 21:00:00,5.889999866485596,5.949999809265137,5.650000095367432,5.730000019073486,5.667771339416504,406021
UNIT.CA,Real Estate,2024-09-16 21:00:00,5.730000019073486,6.139999866485596,5.630000114440918,5.96999979019165,5.90516471862793,669728
UNIT.CA,Real Estate,2024-09-17 21:00:00,5.96999979019165,6.079999923706055,5.889999866485596,5.949999809265137,5.885382175445557,142054
UNIT.CA,Real Estate,2024-09-18 21:00:00,5.949999809265137,6.019999980926514,5.909999847412109,5.940000057220459,5.875490665435791,175636
UNIT.CA,Real Estate,2024-09-21 21:00:00,5.940000057220459,6.090000152587891,5.909999847412109,5.96999979019165,5.90516471862793,145049
UNIT.CA,Real Estate,2024-09-22 21:00:00,5.96999979019165,6.050000190734863,5.860000133514404,5.96999979019165,5.90516471862793,384509
UNIT.CA,Real Estate,2024-09-23 21:00:00,6.079999923706055,6.170000076293945,5.960000038146973,6.019999980926514,5.9546217918396,288156
UNIT.CA,Real Estate,2024-09-24 21:00:00,6.050000190734863,6.179999828338623,6.050000190734863,6.079999923706055,6.013970375061035,274825
UNIT.CA,Real Estate,2024-09-25 21:00:00,6.079999923706055,6.170000076293945,5.960000038146973,6.019999980926514,5.9546217918396,288156
UNIT.CA,Real Estate,2024-09-28 21:00:00,6.019999980926514,6.090000152587891,5.920000076293945,5.940000057220459,5.875490665435791,236969
UNIT.CA,Real Estate,2024-09-29 21:00:00,5.940000057220459,6.099999904632568,5.900000095367432,5.989999771118164,5.924947738647461,270504
UNIT.CA,Real Estate,2024-09-30 21:00:00,5.989999771118164,6.039999961853027,5.929999828338623,5.940000057220459,5.875490665435791,138038
UNIT.CA,Real Estate,2024-10-01 21:00:00,5.940000057220459,5.980000019073486,5.699999809265137,5.710000038146973,5.647988796234131,344468
UNIT.CA,Real Estate,2024-10-02 21:00:00,5.710000038146973,5.840000152587891,5.639999866485596,5.800000190734863,5.737011432647705,93747
UNIT.CA,Real Estate,2024-10-06 21:00:00,5.800000190734863,6.090000152587891,5.820000171661377,5.880000114440918,5.816142559051514,131596
UNIT.CA,Real Estate,2024-10-07 21:00:00,5.880000114440918,6.0,5.599999904632568,5.650000095367432,5.588640213012695,289000
UNIT.CA,Real Estate,2024-10-08 21:00:00,5.650000095367432,5.789999961853027,5.599999904632568,5.650000095367432,5.588640213012695,51848
UNIT.CA,Real Estate,2024-10-09 21:00:00,5.650000095367432,5.769999980926514,5.630000114440918,5.650000095367432,5.588640213012695,32674
UNIT.CA,Real Estate,2024-10-12 21:00:00,5.650000095367432,5.699999809265137,5.53000020980835,5.630000114440918,5.568857669830322,93200
UNIT.CA,Real Estate,2024-10-13 21:00:00,5.630000114440918,5.630000114440918,5.369999885559082,5.489999771118164,5.43037748336792,117782
UNIT.CA,Real Estate,2024-10-14 21:00:00,5.489999771118164,5.579999923706055,5.420000076293945,5.510000228881836,5.450160980224609,153320
UNIT.CA,Real Estate,2024-10-15 21:00:00,5.510000228881836,5.639999866485596,5.5,5.550000190734863,5.489726543426514,140756
UNIT.CA,Real Estate,2024-10-16 21:00:00,5.550000190734863,5.570000171661377,5.420000076293945,5.559999942779541,5.499617576599121,127660
UNIT.CA,Real Estate,2024-10-19 21:00:00,5.559999942779541,5.559999942779541,5.230000019073486,5.409999847412109,5.351246356964111,65391
UNIT.CA,Real Estate,2024-10-20 21:00:00,5.409999847412109,5.539999961853027,5.409999847412109,5.409999847412109,5.351246356964111,25144
UNIT.CA,Real Estate,2024-10-21 21:00:00,5.409999847412109,5.679999828338623,5.420000076293945,5.599999904632568,5.539183139801025,157936
UNIT.CA,Real Estate,2024-10-22 21:00:00,5.599999904632568,5.96999979019165,5.599999904632568,5.920000076293945,5.855708122253418,635558
UNIT.CA,Real Estate,2024-10-23 21:00:00,5.920000076293945,6.019999980926514,5.849999904632568,5.869999885559082,5.806251049041748,451552
UNIT.CA,Real Estate,2024-10-26 21:00:00,5.869999885559082,5.909999847412109,5.760000228881836,5.800000190734863,5.737011432647705,107765
UNIT.CA,Real Estate,2024-10-27 21:00:00,5.800000190734863,5.840000152587891,5.710000038146973,5.789999961853027,5.7271199226379395,177918
UNIT.CA,Real Estate,2024-10-28 21:00:00,5.789999961853027,5.829999923706055,5.579999923706055,5.679999828338623,5.618314266204834,84764
UNIT.CA,Real Estate,2024-10-29 21:00:00,5.679999828338623,5.739999771118164,5.599999904632568,5.599999904632568,5.539183139801025,102011
UNIT.CA,Real Estate,2024-10-30 21:00:00,5.599999904632568,5.769999980926514,5.599999904632568,5.599999904632568,5.539183139801025,35154
UNIT.CA,Real Estate,2024-11-02 22:00:00,5.599999904632568,5.909999847412109,5.699999809265137,5.889999866485596,5.826033592224121,129186
UNIT.CA,Real Estate,2024-11-03 22:00:00,5.889999866485596,5.940000057220459,5.730000019073486,5.889999866485596,5.826033592224121,42473
UNIT.CA,Real Estate,2024-11-04 22:00:00,5.889999866485596,5.900000095367432,5.75,5.840000152587891,5.776576995849609,84962
UNIT.CA,Real Estate,2024-11-05 22:00:00,5.840000152587891,5.920000076293945,5.800000190734863,5.860000133514404,5.796359539031982,144569
UNIT.CA,Real Estate,2024-11-06 22:00:00,5.860000133514404,6.050000190734863,5.849999904632568,5.869999885559082,5.806251049041748,721694
UNIT.CA,Real Estate,2024-11-09 22:00:00,5.869999885559082,6.300000190734863,5.909999847412109,6.260000228881836,6.192015647888184,1157167
UNIT.CA,Real Estate,2024-11-10 22:00:00,6.260000228881836,6.269999980926514,6.050000190734863,6.110000133514404,6.043644428253174,506891
UNIT.CA,Real Estate,2024-11-11 22:00:00,6.110000133514404,6.130000114440918,6.03000020980835,6.099999904632568,6.033752918243408,207339
UNIT.CA,Real Estate,2024-11-12 22:00:00,6.099999904632568,6.150000095367432,6.0,6.039999961853027,5.974404811859131,355612
UNIT.CA,Real Estate,2024-11-13 22:00:00,6.039999961853027,6.25,6.010000228881836,6.110000133514404,6.043644428253174,270875
UNIT.CA,Real Estate,2024-11-16 22:00:00,6.110000133514404,6.300000190734863,6.03000020980835,6.039999961853027,5.974404811859131,596605
UNIT.CA,Real Estate,2024-11-17 22:00:00,6.039999961853027,6.159999847412109,5.949999809265137,6.019999980926514,5.9546217918396,201324
UNIT.CA,Real Estate,2024-11-18 22:00:00,6.019999980926514,6.0,5.860000133514404,5.929999828338623,5.865599155426025,76788
UNIT.CA,Real Estate,2024-11-19 22:00:00,5.929999828338623,6.03000020980835,5.869999885559082,5.889999866485596,5.826033592224121,64834
UNIT.CA,Real Estate,2024-11-20 22:00:00,5.889999866485596,5.909999847412109,5.849999904632568,5.860000133514404,5.796359539031982,143778
UNIT.CA,Real Estate,2024-11-23 22:00:00,5.860000133514404,5.940000057220459,5.760000228881836,5.820000171661377,5.756793975830078,83021
UNIT.CA,Real Estate,2024-11-24 22:00:00,5.820000171661377,5.889999866485596,5.739999771118164,5.820000171661377,5.756793975830078,30583
UNIT.CA,Real Estate,2024-11-25 22:00:00,5.820000171661377,5.929999828338623,5.75,5.849999904632568,5.786468029022217,150814
UNIT.CA,Real Estate,2024-11-26 22:00:00,5.849999904632568,5.940000057220459,5.699999809265137,5.789999961853027,5.7271199226379395,196281
UNIT.CA,Real Estate,2024-11-27 22:00:00,5.789999961853027,5.800000190734863,5.650000095367432,5.699999809265137,5.638096809387207,95659
UNIT.CA,Real Estate,2024-11-30 22:00:00,5.699999809265137,5.869999885559082,5.679999828338623,5.840000152587891,5.776576995849609,246751
UNIT.CA,Real Estate,2024-12-01 22:00:00,5.840000152587891,6.03000020980835,5.829999923706055,5.860000133514404,5.796359539031982,289973
UNIT.CA,Real Estate,2024-12-02 22:00:00,5.860000133514404,5.949999809265137,5.820000171661377,5.849999904632568,5.786468029022217,153626
UNIT.CA,Real Estate,2024-12-03 22:00:00,5.849999904632568,5.960000038146973,5.809999942779541,5.869999885559082,5.806251049041748,232617
UNIT.CA,Real Estate,2024-12-04 22:00:00,5.869999885559082,6.150000095367432,5.920000076293945,6.099999904632568,6.033752918243408,1046326
UNIT.CA,Real Estate,2024-12-07 22:00:00,6.099999904632568,7.320000171661377,6.150000095367432,7.320000171661377,7.240503787994385,4338936
UNIT.CA,Real Estate,2024-12-08 22:00:00,7.320000171661377,8.399999618530273,7.599999904632568,7.610000133514404,7.5273542404174805,6559949
UNIT.CA,Real Estate,2024-12-09 22:00:00,7.610000133514404,7.829999923706055,7.179999828338623,7.199999809265137,7.121806621551514,2796629
UNIT.CA,Real Estate,2024-12-10 22:00:00,7.199999809265137,7.949999809265137,7.230000019073486,7.610000133514404,7.5273542404174805,3396628
UNIT.CA,Real Estate,2024-12-11 22:00:00,7.610000133514404,7.769999980926514,7.139999866485596,7.199999809265137,7.121806621551514,1330886
UNIT.CA,Real Estate,2024-12-14 22:00:00,7.199999809265137,7.389999866485596,6.820000171661377,7.210000038146973,7.1316986083984375,1489512
UNIT.CA,Real Estate,2024-12-15 22:00:00,7.210000038146973,7.289999961853027,6.909999847412109,6.940000057220459,6.864630699157715,943071
UNIT.CA,Real Estate,2024-12-16 22:00:00,6.940000057220459,7.28000020980835,6.679999828338623,6.710000038146973,6.6371283531188965,1630907
UNIT.CA,Real Estate,2024-12-17 22:00:00,6.710000038146973,6.860000133514404,6.420000076293945,6.440000057220459,6.370060920715332,893043
UNIT.CA,Real Estate,2024-12-18 22:00:00,6.440000057220459,6.78000020980835,6.309999942779541,6.679999828338623,6.6074538230896,898045
UNIT.CA,Real Estate,2024-12-21 22:00:00,6.679999828338623,6.989999771118164,6.429999828338623,6.480000019073486,6.409626483917236,1341588
UNIT.CA,Real Estate,2024-12-22 22:00:00,6.480000019073486,6.539999961853027,6.239999771118164,6.269999980926514,6.201906681060791,662975
UNIT.CA,Real Estate,2024-12-23 22:00:00,6.269999980926514,6.360000133514404,5.940000057220459,6.119999885559082,6.0535359382629395,918186
UNIT.CA,Real Estate,2024-12-24 22:00:00,6.119999885559082,6.199999809265137,6.070000171661377,6.099999904632568,6.033752918243408,464440
UNIT.CA,Real Estate,2024-12-25 22:00:00,6.099999904632568,6.360000133514404,6.050000190734863,6.179999828338623,6.112884044647217,938635
UNIT.CA,Real Estate,2024-12-28 22:00:00,6.179999828338623,6.210000038146973,6.070000171661377,6.090000152587891,6.023861885070801,177917
UNIT.CA,Real Estate,2024-12-29 22:00:00,6.090000152587891,6.150000095367432,5.769999980926514,5.889999866485596,5.826033592224121,320941
UNIT.CA,Real Estate,2024-12-30 22:00:00,5.889999866485596,6.039999961853027,5.889999866485596,6.010000228881836,5.944730758666992,164215
UNIT.CA,Real Estate,2025-01-01 22:00:00,6.010000228881836,6.349999904632568,6.010000228881836,6.150000095367432,6.083209991455078,954942
UNIT.CA,Real Estate,2025-01-04 22:00:00,6.150000095367432,6.230000019073486,6.070000171661377,6.159999847412109,6.093101501464844,410113
UNIT.CA,Real Estate,2025-01-05 22:00:00,6.159999847412109,6.260000228881836,6.099999904632568,6.150000095367432,6.083209991455078,255804
UNIT.CA,Real Estate,2025-01-07 22:00:00,6.150000095367432,6.21999979019165,6.050000190734863,6.099999904632568,6.033752918243408,342979
UNIT.CA,Real Estate,2025-01-08 22:00:00,6.099999904632568,6.190000057220459,6.070000171661377,6.099999904632568,6.033752918243408,160003
UNIT.CA,Real Estate,2025-01-11 22:00:00,6.099999904632568,6.079999923706055,5.949999809265137,6.019999980926514,5.9546217918396,327036
UNIT.CA,Real Estate,2025-01-12 22:00:00,6.019999980926514,6.099999904632568,5.929999828338623,5.96999979019165,5.90516471862793,181877
UNIT.CA,Real Estate,2025-01-13 22:00:00,5.96999979019165,6.019999980926514,5.800000190734863,5.929999828338623,5.865599155426025,167073
UNIT.CA,Real Estate,2025-01-14 22:00:00,5.929999828338623,6.150000095367432,6.0,6.0,5.934839248657227,438741
UNIT.CA,Real Estate,2025-01-15 22:00:00,6.0,6.21999979019165,6.050000190734863,6.199999809265137,6.132667064666748,652643
UNIT.CA,Real Estate,2025-01-18 22:00:00,6.0,6.449999809265137,6.050000190734863,6.300000190734863,6.231581211090088,1531259
UNIT.CA,Real Estate,2025-01-19 22:00:00,6.300000190734863,6.429999828338623,6.110000133514404,6.159999847412109,6.093101501464844,262989
UNIT.CA,Real Estate,2025-01-20 22:00:00,6.159999847412109,6.230000019073486,6.099999904632568,6.119999885559082,6.0535359382629395,312637
UNIT.CA,Real Estate,2025-01-21 22:00:00,6.119999885559082,6.25,6.119999885559082,6.150000095367432,6.083209991455078,155559
UNIT.CA,Real Estate,2025-01-22 22:00:00,6.150000095367432,6.190000057220459,6.090000152587891,6.110000133514404,6.043644428253174,224405
UNIT.CA,Real Estate,2025-01-25 22:00:00,6.110000133514404,6.159999847412109,6.090000152587891,6.090000152587891,6.023861885070801,56422
UNIT.CA,Real Estate,2025-01-26 22:00:00,6.090000152587891,6.139999866485596,5.949999809265137,5.989999771118164,5.924947738647461,134729
UNIT.CA,Real Estate,2025-01-27 22:00:00,5.989999771118164,6.039999961853027,5.920000076293945,5.980000019073486,5.915056228637695,75197
UNIT.CA,Real Estate,2025-01-28 22:00:00,5.980000019073486,6.150000095367432,5.909999847412109,6.059999942779541,5.994187355041504,438619
UNIT.CA,Real Estate,2025-01-29 22:00:00,6.059999942779541,6.099999904632568,5.949999809265137,5.989999771118164,5.924947738647461,179449
UNIT.CA,Real Estate,2025-02-01 22:00:00,5.989999771118164,5.96999979019165,5.949999809265137,5.989999771118164,5.924947738647461,45091
UNIT.CA,Real Estate,2025-02-02 22:00:00,5.989999771118164,6.039999961853027,5.940000057220459,6.0,5.934839248657227,113836
UNIT.CA,Real Estate,2025-02-03 22:00:00,6.0,6.019999980926514,5.929999828338623,5.96999979019165,5.90516471862793,93968
UNIT.CA,Real Estate,2025-02-04 22:00:00,5.96999979019165,6.489999771118164,5.960000038146973,6.25,6.182124137878418,3642047
UNIT.CA,Real Estate,2025-02-05 22:00:00,6.25,6.380000114440918,6.159999847412109,6.210000038146973,6.142558574676514,915758
UNIT.CA,Real Estate,2025-02-08 22:00:00,6.210000038146973,6.349999904632568,6.170000076293945,6.199999809265137,6.132667064666748,531631
UNIT.CA,Real Estate,2025-02-09 22:00:00,6.199999809265137,6.25,6.059999942779541,6.210000038146973,6.142558574676514,280600
UNIT.CA,Real Estate,2025-02-10 22:00:00,6.210000038146973,6.210000038146973,5.889999866485596,5.960000038146973,5.895273685455322,358528
UNIT.CA,Real Estate,2025-02-11 22:00:00,5.960000038146973,6.0,5.5,5.900000095367432,5.835925102233887,364943
UNIT.CA,Real Estate,2025-02-12 22:00:00,5.900000095367432,6.0,5.900000095367432,5.900000095367432,5.835925102233887,126879
UNIT.CA,Real Estate,2025-02-15 22:00:00,5.900000095367432,6.190000057220459,5.900000095367432,6.110000133514404,6.043644428253174,165724
UNIT.CA,Real Estate,2025-02-16 22:00:00,6.110000133514404,6.099999904632568,6.019999980926514,6.019999980926514,5.9546217918396,193159
UNIT.CA,Real Estate,2025-02-17 22:00:00,6.019999980926514,6.159999847412109,6.03000020980835,6.050000190734863,5.9842963218688965,55932
UNIT.CA,Real Estate,2025-02-18 22:00:00,6.050000190734863,6.150000095367432,5.96999979019165,6.0,5.934839248657227,236140
UNIT.CA,Real Estate,2025-02-19 22:00:00,6.0,6.050000190734863,5.949999809265137,5.96999979019165,5.90516471862793,258497
UNIT.CA,Real Estate,2025-02-22 22:00:00,5.96999979019165,6.670000076293945,5.820000171661377,6.519999980926514,6.449192047119141,1991451
UNIT.CA,Real Estate,2025-02-23 22:00:00,6.519999980926514,7.340000152587891,6.460000038146973,7.099999904632568,7.022892951965332,3659022
UNIT.CA,Real Estate,2025-02-24 22:00:00,7.099999904632568,7.420000076293945,6.860000133514404,7.25,7.171264171600342,1452345
UNIT.CA,Real Estate,2025-02-25 22:00:00,7.25,7.550000190734863,7.090000152587891,7.28000020980835,7.2009382247924805,1557906
UNIT.CA,Real Estate,2025-02-26 22:00:00,7.28000020980835,7.25,6.869999885559082,7.039999961853027,6.9635443687438965,779923
UNIT.CA,Real Estate,2025-03-01 22:00:00,7.039999961853027,7.75,7.0,7.550000190734863,7.468006134033203,1911934
UNIT.CA,Real Estate,2025-03-02 22:00:00,7.550000190734863,7.929999828338623,7.400000095367432,7.559999942779541,7.4778971672058105,2663627
UNIT.CA,Real Estate,2025-03-03 22:00:00,7.559999942779541,7.5,7.300000190734863,7.420000076293945,7.339417934417725,183501
UNIT.CA,Real Estate,2025-03-04 22:00:00,7.420000076293945,7.539999961853027,7.130000114440918,7.309999942779541,7.230612277984619,95717
UNIT.CA,Real Estate,2025-03-05 22:00:00,7.309999942779541,7.550000190734863,7.329999923706055,7.460000038146973,7.378983497619629,344592
UNIT.CA,Real Estate,2025-03-08 22:00:00,7.460000038146973,7.710000038146973,7.320000171661377,7.489999771118164,7.408657073974609,1531876
UNIT.CA,Real Estate,2025-03-09 22:00:00,7.489999771118164,7.760000228881836,7.550000190734863,7.579999923706055,7.497680187225342,1456260
UNIT.CA,Real Estate,2025-03-10 22:00:00,7.579999923706055,7.610000133514404,7.369999885559082,7.429999828338623,7.349308967590332,649977
UNIT.CA,Real Estate,2025-03-11 22:00:00,7.429999828338623,7.639999866485596,7.340000152587891,7.480000019073486,7.398766040802002,574251
UNIT.CA,Real Estate,2025-03-12 22:00:00,7.480000019073486,8.09000015258789,7.360000133514404,7.920000076293945,7.833987712860107,4292328
UNIT.CA,Real Estate,2025-03-15 22:00:00,7.920000076293945,8.100000381469727,7.670000076293945,7.710000038146973,7.62626838684082,1152840
UNIT.CA,Real Estate,2025-03-16 22:00:00,7.710000038146973,7.900000095367432,7.380000114440918,7.460000038146973,7.378983497619629,565588
UNIT.CA,Real Estate,2025-03-17 22:00:00,7.460000038146973,7.570000171661377,7.28000020980835,7.489999771118164,7.408657073974609,476614
UNIT.CA,Real Estate,2025-03-18 22:00:00,7.489999771118164,7.650000095367432,7.300000190734863,7.320000171661377,7.240503787994385,316653
UNIT.CA,Real Estate,2025-03-19 22:00:00,7.320000171661377,8.199999809265137,7.420000076293945,8.149999618530273,8.06148910522461,3190848
UNIT.CA,Real Estate,2025-03-22 22:00:00,8.149999618530273,8.539999961853027,8.180000305175781,8.529999732971191,8.437362670898438,3423743
UNIT.CA,Real Estate,2025-03-23 22:00:00,8.529999732971191,8.800000190734863,8.319999694824219,8.770000457763672,8.67475700378418,1911965
UNIT.CA,Real Estate,2025-03-24 22:00:00,8.770000457763672,9.199999809265137,8.670000076293945,9.170000076293945,9.070412635803223,2572217
UNIT.CA,Real Estate,2025-03-25 22:00:00,9.170000076293945,9.3100004196167,8.470000267028809,8.5,8.407689094543457,1811313
UNIT.CA,Real Estate,2025-03-26 22:00:00,8.5,8.9399995803833,8.5,8.569999694824219,8.4769287109375,1433121
UNIT.CA,Real Estate,2025-04-02 22:00:00,8.569999694824219,9.5,8.119999885559082,9.460000038146973,9.35726261138916,1485306
UNIT.CA,Real Estate,2025-04-05 22:00:00,9.460000038146973,9.170000076293945,8.630000114440918,8.979999542236328,8.882475852966309,785618
UNIT.CA,Real Estate,2025-04-06 22:00:00,8.979999542236328,8.850000381469727,8.350000381469727,8.649999618530273,8.556059837341309,1362341
UNIT.CA,Real Estate,2025-04-07 22:00:00,8.649999618530273,8.979999542236328,8.529999732971191,8.550000190734863,8.457145690917969,3945869
UNIT.CA,Real Estate,2025-04-08 22:00:00,8.550000190734863,8.569999694824219,7.650000095367432,7.679999828338623,7.596593856811523,2520685
UNIT.CA,Real Estate,2025-04-09 22:00:00,7.679999828338623,8.180000305175781,7.739999771118164,7.78000020980835,7.6955084800720215,1596497
UNIT.CA,Real Estate,2025-04-12 22:00:00,7.78000020980835,7.909999847412109,7.639999866485596,7.769999980926514,7.685616493225098,537556
UNIT.CA,Real Estate,2025-04-13 22:00:00,7.769999980926514,8.069999694824219,7.75,7.909999847412109,7.824096202850342,932996
UNIT.CA,Real Estate,2025-04-14 22:00:00,7.909999847412109,8.15999984741211,7.860000133514404,7.880000114440918,7.794422149658203,792911
UNIT.CA,Real Estate,2025-04-15 22:00:00,7.880000114440918,7.980000019073486,7.71999979019165,7.75,7.665833950042725,411390
UNIT.CA,Real Estate,2025-04-16 22:00:00,7.75,8.09000015258789,7.739999771118164,7.829999923706055,7.744965076446533,1278802
UNIT.CA,Real Estate,2025-04-21 22:00:00,7.829999923706055,8.180000305175781,7.860000133514404,7.940000057220459,7.853770732879639,792396
UNIT.CA,Real Estate,2025-04-22 22:00:00,7.940000057220459,8.0600004196167,7.849999904632568,7.869999885559082,7.7845306396484375,936567
UNIT.CA,Real Estate,2025-04-26 21:00:00,7.869999885559082,7.949999809265137,7.71999979019165,7.75,7.665833950042725,409188
UNIT.CA,Real Estate,2025-04-27 21:00:00,7.75,7.860000133514404,7.690000057220459,7.699999809265137,7.616376876831055,362565
UNIT.CA,Real Estate,2025-04-28 21:00:00,7.699999809265137,7.789999961853027,7.53000020980835,7.559999942779541,7.4778971672058105,411486
UNIT.CA,Real Estate,2025-04-29 21:00:00,7.559999942779541,7.659999847412109,7.550000190734863,7.599999904632568,7.517462730407715,387391
UNIT.CA,Real Estate,2025-05-03 21:00:00,7.599999904632568,7.960000038146973,7.630000114440918,7.820000171661377,7.735074043273926,859713
UNIT.CA,Real Estate,2025-05-04 21:00:00,7.820000171661377,8.199999809265137,7.769999980926514,7.929999828338623,7.843878746032715,1689227
UNIT.CA,Real Estate,2025-05-05 21:00:00,7.929999828338623,8.149999618530273,7.940000057220459,7.96999979019165,7.883444309234619,630834
UNIT.CA,Real Estate,2025-05-06 21:00:00,7.96999979019165,8.359999656677246,7.949999809265137,8.020000457763672,7.932901859283447,1890540
UNIT.CA,Real Estate,2025-05-07 21:00:00,8.020000457763672,8.149999618530273,7.980000019073486,8.010000228881836,7.923010349273682,389132
UNIT.CA,Real Estate,2025-05-10 21:00:00,8.010000228881836,8.199999809265137,7.909999847412109,7.929999828338623,7.843878746032715,225364
UNIT.CA,Real Estate,2025-05-11 21:00:00,7.929999828338623,8.069999694824219,7.800000190734863,7.889999866485596,7.8043131828308105,197595
UNIT.CA,Real Estate,2025-05-12 21:00:00,7.889999866485596,8.0,7.760000228881836,7.789999961853027,7.705399513244629,221455
UNIT.CA,Real Estate,2025-05-13 21:00:00,7.789999961853027,7.860000133514404,7.650000095367432,7.710000038146973,7.62626838684082,370156
UNIT.CA,Real Estate,2025-05-14 21:00:00,7.710000038146973,7.820000171661377,7.610000133514404,7.659999847412109,7.57681131362915,238036
UNIT.CA,Real Estate,2025-05-17 21:00:00,7.659999847412109,7.800000190734863,7.53000020980835,7.619999885559082,7.537245750427246,164818
UNIT.CA,Real Estate,2025-05-18 21:00:00,7.619999885559082,7.71999979019165,7.449999809265137,7.480000019073486,7.398766040802002,127644
UNIT.CA,Real Estate,2025-05-19 21:00:00,7.480000019073486,7.599999904632568,7.440000057220459,7.510000228881836,7.428440570831299,155967
UNIT.CA,Real Estate,2025-05-20 21:00:00,7.510000228881836,7.590000152587891,7.409999847412109,7.480000019073486,7.398766040802002,235378
UNIT.CA,Real Estate,2025-05-21 21:00:00,7.480000019073486,7.639999866485596,7.360000133514404,7.510000228881836,7.428440570831299,173724
UNIT.CA,Real Estate,2025-05-24 21:00:00,7.510000228881836,7.769999980926514,7.449999809265137,7.590000152587891,7.507571697235107,487926
UNIT.CA,Real Estate,2025-05-25 21:00:00,7.590000152587891,7.739999771118164,7.400000095367432,7.440000057220459,7.359200477600098,326096
UNIT.CA,Real Estate,2025-05-26 21:00:00,7.440000057220459,7.599999904632568,7.369999885559082,7.510000228881836,7.428440570831299,382109
UNIT.CA,Real Estate,2025-05-27 21:00:00,7.510000228881836,7.570000171661377,7.460000038146973,7.489999771118164,7.408657073974609,96545
UNIT.CA,Real Estate,2025-05-28 21:00:00,7.489999771118164,7.650000095367432,7.510000228881836,7.619999885559082,7.537245750427246,272435
UNIT.CA,Real Estate,2025-05-31 21:00:00,7.619999885559082,7.889999866485596,7.610000133514404,7.730000019073486,7.646050930023193,756589
UNIT.CA,Real Estate,2025-06-01 21:00:00,7.730000019073486,7.789999961853027,7.5,7.559999942779541,7.4778971672058105,417994
UNIT.CA,Real Estate,2025-06-02 21:00:00,7.559999942779541,7.800000190734863,7.539999961853027,7.769999980926514,7.685616493225098,458343
UNIT.CA,Real Estate,2025-06-03 21:00:00,7.769999980926514,7.96999979019165,7.820000171661377,7.940000057220459,7.853770732879639,972086
UNIT.CA,Real Estate,2025-06-09 21:00:00,7.940000057220459,8.079999923706055,7.949999809265137,8.050000190734863,7.962575912475586,721638
UNIT.CA,Real Estate,2025-06-10 21:00:00,8.050000190734863,8.100000381469727,7.949999809265137,8.0,7.913118839263916,1152435
UNIT.CA,Real Estate,2025-06-11 21:00:00,8.0,8.079999923706055,7.829999923706055,7.849999904632568,7.764747619628906,806639
UNIT.CA,Real Estate,2025-06-14 21:00:00,7.849999904632568,7.599999904632568,6.849999904632568,7.539999961853027,7.4581146240234375,335354
UNIT.CA,Real Estate,2025-06-15 21:00:00,7.539999961853027,7.690000057220459,7.389999866485596,7.510000228881836,7.428440570831299,209436
UNIT.CA,Real Estate,2025-06-16 21:00:00,7.510000228881836,7.599999904632568,7.320000171661377,7.380000114440918,7.29985237121582,357386
UNIT.CA,Real Estate,2025-06-17 21:00:00,7.380000114440918,7.489999771118164,7.210000038146973,7.369999885559082,7.2899603843688965,259977
UNIT.CA,Real Estate,2025-06-18 21:00:00,7.369999885559082,7.5,7.150000095367432,7.210000038146973,7.1316986083984375,353421
UNIT.CA,Real Estate,2025-06-21 21:00:00,7.210000038146973,7.400000095367432,7.0,7.21999979019165,7.141589641571045,102969
UNIT.CA,Real Estate,2025-06-22 21:00:00,7.21999979019165,7.5,7.21999979019165,7.380000114440918,7.29985237121582,482428
UNIT.CA,Real Estate,2025-06-23 21:00:00,7.380000114440918,7.75,7.5,7.699999809265137,7.616376876831055,594222
UNIT.CA,Real Estate,2025-06-24 21:00:00,7.699999809265137,7.900000095367432,7.619999885559082,7.840000152587891,7.754856586456299,473328
UNIT.CA,Real Estate,2025-06-28 21:00:00,7.840000152587891,8.069999694824219,7.869999885559082,7.880000114440918,7.794422149658203,675091
UNIT.CA,Real Estate,2025-06-29 21:00:00,7.880000114440918,7.980000019073486,7.800000190734863,7.869999885559082,7.7845306396484375,105493
UNIT.CA,Real Estate,2025-06-30 21:00:00,7.869999885559082,7.909999847412109,7.679999828338623,7.730000019073486,7.646050930023193,110548
UNIT.CA,Real Estate,2025-07-01 21:00:00,7.730000019073486,7.820000171661377,7.679999828338623,7.75,7.665833950042725,93860
UNIT.CA,Real Estate,2025-07-05 21:00:00,7.75,8.199999809265137,7.920000076293945,8.050000190734863,7.962575912475586,632158
UNIT.CA,Real Estate,2025-07-06 21:00:00,8.050000190734863,8.119999885559082,7.909999847412109,8.0,7.913118839263916,413363
UNIT.CA,Real Estate,2025-07-08 21:00:00,8.0,8.100000381469727,7.730000019073486,8.0600004196167,7.972467422485352,179799
UNIT.CA,Real Estate,2025-07-09 21:00:00,8.0600004196167,8.100000381469727,7.909999847412109,8.079999923706055,7.992249965667725,141496
UNIT.CA,Real Estate,2025-07-12 21:00:00,8.079999923706055,8.09000015258789,7.909999847412109,7.960000038146973,7.873553276062012,100981
UNIT.CA,Real Estate,2025-07-13 21:00:00,7.960000038146973,8.039999961853027,7.949999809265137,7.980000019073486,7.893336296081543,153055
UNIT.CA,Real Estate,2025-07-14 21:00:00,7.980000019073486,8.039999961853027,7.900000095367432,7.989999771118164,7.90322732925415,270767
UNIT.CA,Real Estate,2025-07-15 21:00:00,7.989999771118164,8.010000228881836,7.929999828338623,7.980000019073486,7.893336296081543,131275
UNIT.CA,Real Estate,2025-07-16 21:00:00,7.980000019073486,8.470000267028809,7.980000019073486,8.199999809265137,8.110946655273438,1246309
UNIT.CA,Real Estate,2025-07-19 21:00:00,8.199999809265137,8.4399995803833,8.210000038146973,8.229999542236328,8.140620231628418,524052
UNIT.CA,Real Estate,2025-07-20 21:00:00,8.229999542236328,8.359999656677246,8.199999809265137,8.260000228881836,8.170295715332031,243453
UNIT.CA,Real Estate,2025-07-21 21:00:00,8.260000228881836,8.260000228881836,8.050000190734863,8.100000381469727,8.012033462524414,60534
UNIT.CA,Real Estate,2025-07-22 21:00:00,8.100000381469727,8.100000381469727,8.100000381469727,8.100000381469727,8.012033462524414,0
UNIT.CA,Real Estate,2025-07-26 21:00:00,8.1899995803833,8.25,8.0600004196167,8.170000076293945,8.081273078918457,242400
UNIT.CA,Real Estate,2025-07-27 21:00:00,8.170000076293945,8.1899995803833,8.029999732971191,8.100000381469727,8.012033462524414,137101
UNIT.CA,Real Estate,2025-07-28 21:00:00,8.100000381469727,8.210000038146973,8.0,8.069999694824219,7.982358455657959,160551
UNIT.CA,Real Estate,2025-07-29 21:00:00,8.069999694824219,8.399999618530273,8.050000190734863,8.260000228881836,8.170295715332031,443161
UNIT.CA,Real Estate,2025-07-30 21:00:00,8.260000228881836,8.449999809265137,8.199999809265137,8.4399995803833,8.348340034484863,565779
UNIT.CA,Real Estate,2025-08-02 21:00:00,8.4399995803833,8.4399995803833,8.4399995803833,8.4399995803833,8.348340034484863,0
UNIT.CA,Real Estate,2025-08-03 21:00:00,8.4399995803833,8.4399995803833,8.4399995803833,8.4399995803833,8.348340034484863,0
UNIT.CA,Real Estate,2025-08-04 21:00:00,8.4399995803833,8.4399995803833,8.4399995803833,8.4399995803833,8.348340034484863,0
UNIT.CA,Real Estate,2025-08-05 21:00:00,8.4399995803833,8.4399995803833,8.4399995803833,8.4399995803833,8.348340034484863,0
UNIT.CA,Real Estate,2025-08-06 21:00:00,8.4399995803833,8.4399995803833,8.4399995803833,8.4399995803833,8.348340034484863,0
UNIT.CA,Real Estate,2025-08-09 21:00:00,9.0,9.050000190734863,8.8100004196167,9.0,8.90225887298584,212714
UNIT.CA,Real Estate,2025-08-10 21:00:00,9.0,9.0600004196167,8.829999923706055,8.850000381469727,8.753888130187988,84965
UNIT.CA,Real Estate,2025-08-11 21:00:00,8.850000381469727,8.880000114440918,8.760000228881836,8.800000190734863,8.70443058013916,67817
UNIT.CA,Real Estate,2025-08-12 21:00:00,8.800000190734863,8.819999694824219,8.640000343322754,8.699999809265137,8.60551643371582,73726
UNIT.CA,Real Estate,2025-08-13 21:00:00,8.699999809265137,8.890000343322754,8.6899995803833,8.699999809265137,8.60551643371582,22540
UNIT.CA,Real Estate,2025-08-16 21:00:00,8.699999809265137,8.8100004196167,8.569999694824219,8.680000305175781,8.585734367370605,102214
UNIT.CA,Real Estate,2025-08-17 21:00:00,8.680000305175781,8.789999961853027,8.600000381469727,8.699999809265137,8.60551643371582,186388
UNIT.CA,Real Estate,2025-08-18 21:00:00,8.699999809265137,8.710000038146973,8.539999961853027,8.600000381469727,8.506603240966797,151996
UNIT.CA,Real Estate,2025-08-19 21:00:00,8.600000381469727,8.699999809265137,8.600000381469727,8.600000381469727,8.506603240966797,182619
UNIT.CA,Real Estate,2025-08-20 21:00:00,8.600000381469727,8.930000305175781,8.609999656677246,8.770000457763672,8.67475700378418,112894
UNIT.CA,Real Estate,2025-08-23 21:00:00,8.770000457763672,9.25,8.850000381469727,9.100000381469727,9.00117301940918,591090
UNIT.CA,Real Estate,2025-08-24 21:00:00,9.100000381469727,9.199999809265137,9.050000190734863,9.119999885559082,9.020955085754395,211888
UNIT.CA,Real Estate,2025-08-25 21:00:00,9.119999885559082,9.680000305175781,8.850000381469727,9.600000381469727,9.495742797851562,983405
UNIT.CA,Real Estate,2025-08-26 21:00:00,9.600000381469727,10.470000267028809,9.8100004196167,10.130000114440918,10.019987106323242,1912539
UNIT.CA,Real Estate,2025-08-27 21:00:00,10.130000114440918,10.399999618530273,9.84000015258789,10.09000015258789,9.98042106628418,549862
UNIT.CA,Real Estate,2025-08-30 21:00:00,10.09000015258789,10.380000114440918,9.850000381469727,9.90999984741211,9.802375793457031,334040
UNIT.CA,Real Estate,2025-08-31 21:00:00,9.90999984741211,10.699999809265137,9.670000076293945,10.550000190734863,10.435425758361816,1182098
UNIT.CA,Real Estate,2025-09-01 21:00:00,10.550000190734863,10.890000343322754,10.569999694824219,10.720000267028809,10.6035795211792,313209
UNIT.CA,Real Estate,2025-09-02 21:00:00,10.720000267028809,10.989999771118164,10.5,10.5,10.385968208312988,331900
UNIT.CA,Real Estate,2025-09-06 21:00:00,10.5,10.779999732971191,10.3100004196167,10.329999923706055,10.217814445495605,157461
UNIT.CA,Real Estate,2025-09-07 21:00:00,10.329999923706055,10.970000267028809,10.109999656677246,10.510000228881836,10.395859718322754,354786
UNIT.CA,Real Estate,2025-09-08 21:00:00,10.510000228881836,10.850000381469727,10.40999984741211,10.40999984741211,10.296945571899414,261633
UNIT.CA,Real Estate,2025-09-09 21:00:00,10.40999984741211,10.609999656677246,10.100000381469727,10.279999732971191,10.168357849121094,144389
UNIT.CA,Real Estate,2025-09-10 21:00:00,10.279999732971191,10.640000343322754,10.170000076293945,10.470000267028809,10.356294631958008,288617
UNIT.CA,Real Estate,2025-09-13 21:00:00,10.470000267028809,10.630000114440918,10.130000114440918,10.34000015258789,10.227705955505371,97747
UNIT.CA,Real Estate,2025-09-14 21:00:00,10.34000015258789,10.430000305175781,10.15999984741211,10.300000190734863,10.188140869140625,91697
UNIT.CA,Real Estate,2025-09-15 21:00:00,10.300000190734863,10.390000343322754,9.609999656677246,10.039999961853027,9.930964469909668,165700
UNIT.CA,Real Estate,2025-09-16 21:00:00,10.039999961853027,10.180000305175781,9.920000076293945,10.09000015258789,9.98042106628418,93082
UNIT.CA,Real Estate,2025-09-17 21:00:00,10.09000015258789,10.199999809265137,10.0,10.029999732971191,9.921072006225586,72683
UNIT.CA,Real Estate,2025-09-20 21:00:00,10.029999732971191,10.199999809265137,10.029999732971191,10.0600004196167,9.9507474899292,71537
UNIT.CA,Real Estate,2025-09-21 21:00:00,10.0600004196167,10.199999809265137,9.800000190734863,10.149999618530273,10.039769172668457,73744
UNIT.CA,Real Estate,2025-09-22 21:00:00,10.149999618530273,10.6899995803833,10.020000457763672,10.369999885559082,10.257380485534668,107516
UNIT.CA,Real Estate,2025-09-23 21:00:00,10.369999885559082,10.640000343322754,10.09000015258789,10.550000190734863,10.435425758361816,188422
UNIT.CA,Real Estate,2025-09-24 21:00:00,10.550000190734863,10.649999618530273,10.270000457763672,10.529999732971191,10.415642738342285,47865
UNIT.CA,Real Estate,2025-09-27 21:00:00,10.529999732971191,10.949999809265137,10.319999694824219,10.770000457763672,10.653037071228027,131214
UNIT.CA,Real Estate,2025-09-28 21:00:00,10.770000457763672,10.949999809265137,10.720000267028809,10.890000343322754,10.771733283996582,51357
UNIT.CA,Real Estate,2025-09-29 21:00:00,10.890000343322754,10.899999618530273,10.699999809265137,10.890000343322754,10.771733283996582,26502
UNIT.CA,Real Estate,2025-09-30 21:00:00,10.890000343322754,11.300000190734863,10.819999694824219,11.210000038146973,11.088257789611816,473213
UNIT.CA,Real Estate,2025-10-01 21:00:00,11.210000038146973,11.5,11.069999694824219,11.140000343322754,11.019018173217773,467142
UNIT.CA,Real Estate,2025-10-04 21:00:00,11.140000343322754,11.699999809265137,11.100000381469727,11.460000038146973,11.335542678833008,292951
UNIT.CA,Real Estate,2025-10-05 21:00:00,11.460000038146973,11.390000343322754,11.0,11.199999809265137,11.07836627960205,208500
UNIT.CA,Real Estate,2025-10-06 21:00:00,11.199999809265137,11.649999618530273,11.079999923706055,11.40999984741211,11.28608512878418,440267
UNIT.CA,Real Estate,2025-10-07 21:00:00,11.40999984741211,11.600000381469727,11.300000190734863,11.350000381469727,11.226737976074219,251240
UNIT.CA,Real Estate,2025-10-11 21:00:00,11.350000381469727,11.5,11.350000381469727,11.420000076293945,11.295977592468262,146294
UNIT.CA,Real Estate,2025-10-12 21:00:00,11.420000076293945,11.9399995803833,11.449999809265137,11.520000457763672,11.394891738891602,342475
UNIT.CA,Real Estate,2025-10-13 21:00:00,11.520000457763672,11.699999809265137,11.3100004196167,11.369999885559082,11.246520042419434,84529
UNIT.CA,Real Estate,2025-10-14 21:00:00,11.369999885559082,11.399999618530273,11.109999656677246,11.3100004196167,11.187171936035156,65223
UNIT.CA,Real Estate,2025-10-15 21:00:00,11.3100004196167,11.359999656677246,11.100000381469727,11.15999984741211,11.038800239562988,193947
UNIT.CA,Real Estate,2025-10-18 21:00:00,11.15999984741211,11.380000114440918,11.119999885559082,11.289999961853027,11.167388916015625,116959
UNIT.CA,Real Estate,2025-10-19 21:00:00,11.289999961853027,11.289999961853027,11.050000190734863,11.069999694824219,10.949777603149414,213408
UNIT.CA,Real Estate,2025-10-20 21:00:00,11.069999694824219,11.300000190734863,10.699999809265137,11.270000457763672,11.14760684967041,287390
UNIT.CA,Real Estate,2025-10-21 21:00:00,11.270000457763672,11.649999618530273,11.0,11.09000015258789,10.969561576843262,238282
UNIT.CA,Real Estate,2025-10-22 21:00:00,11.09000015258789,12.0,11.130000114440918,11.65999984741211,11.533370971679688,685974
UNIT.CA,Real Estate,2025-10-25 21:00:00,11.65999984741211,11.729999542236328,11.5,11.649999618530273,11.523478507995605,84260
UNIT.CA,Real Estate,2025-10-26 21:00:00,11.649999618530273,11.949999809265137,11.630000114440918,11.649999618530273,11.523478507995605,227262
UNIT.CA,Real Estate,2025-10-27 21:00:00,11.649999618530273,11.850000381469727,11.199999809265137,11.3100004196167,11.187171936035156,100352
UNIT.CA,Real Estate,2025-10-28 21:00:00,11.3100004196167,11.510000228881836,11.25,11.390000343322754,11.266303062438965,27250
UNIT.CA,Real Estate,2025-10-29 21:00:00,11.390000343322754,11.489999771118164,11.199999809265137,11.210000038146973,11.088257789611816,120553
UNIT.CA,Real Estate,2025-11-01 22:00:00,11.210000038146973,11.5,11.0600004196167,11.40999984741211,11.28608512878418,162655
UNIT.CA,Real Estate,2025-11-02 22:00:00,11.40999984741211,11.479999542236328,11.149999618530273,11.40999984741211,11.28608512878418,76414
UNIT.CA,Real Estate,2025-11-03 22:00:00,11.40999984741211,11.59000015258789,11.210000038146973,11.399999618530273,11.276193618774414,31906
UNIT.CA,Real Estate,2025-11-04 22:00:00,11.399999618530273,11.359999656677246,11.1899995803833,11.260000228881836,11.137715339660645,30128
UNIT.CA,Real Estate,2025-11-05 22:00:00,11.260000228881836,11.329999923706055,10.699999809265137,11.0600004196167,10.939887046813965,131092
UNIT.CA,Real Estate,2025-11-08 22:00:00,11.0600004196167,11.270000457763672,11.0,11.149999618530273,11.028908729553223,37228
UNIT.CA,Real Estate,2025-11-09 22:00:00,11.149999618530273,11.270000457763672,11.0,11.25,11.127823829650879,147832
UNIT.CA,Real Estate,2025-11-10 22:00:00,11.25,11.270000457763672,11.109999656677246,11.25,11.127823829650879,18728
UNIT.CA,Real Estate,2025-11-11 22:00:00,11.25,11.34000015258789,11.069999694824219,11.270000457763672,11.14760684967041,59595
UNIT.CA,Real Estate,2025-11-12 22:00:00,11.270000457763672,11.270000457763672,11.0600004196167,11.100000381469727,10.979453086853027,61161
UNIT.CA,Real Estate,2025-11-15 22:00:00,11.100000381469727,11.430000305175781,11.039999961853027,11.260000228881836,11.137715339660645,49115
UNIT.CA,Real Estate,2025-11-16 22:00:00,11.260000228881836,11.369999885559082,11.100000381469727,11.229999542236328,11.108039855957031,71653
UNIT.CA,Real Estate,2025-11-17 22:00:00,11.229999542236328,11.289999961853027,10.699999809265137,10.829999923706055,10.712384223937988,105933
UNIT.CA,Real Estate,2025-11-18 22:00:00,10.829999923706055,11.119999885559082,10.880000114440918,11.100000381469727,10.979453086853027,59021
UNIT.CA,Real Estate,2025-11-19 22:00:00,11.100000381469727,11.199999809265137,10.819999694824219,11.0,10.880537986755371,87540
UNIT.CA,Real Estate,2025-11-22 22:00:00,11.0,11.0,10.850000381469727,10.989999771118164,10.870646476745605,48989
UNIT.CA,Real Estate,2025-11-23 22:00:00,10.989999771118164,11.199999809265137,10.850000381469727,11.079999923706055,10.95966911315918,85040
UNIT.CA,Real Estate,2025-11-24 22:00:00,11.079999923706055,11.0,10.760000228881836,10.8100004196167,10.692602157592773,105042
UNIT.CA,Real Estate,2025-11-25 22:00:00,10.8100004196167,10.989999771118164,10.3100004196167,10.539999961853027,10.42553424835205,98423
UNIT.CA,Real Estate,2025-11-26 22:00:00,10.539999961853027,10.789999961853027,10.399999618530273,10.430000305175781,10.316728591918945,107954
UNIT.CA,Real Estate,2025-11-29 22:00:00,10.430000305175781,10.779999732971191,10.449999809265137,10.65999984741211,10.544230461120605,52039
UNIT.CA,Real Estate,2025-11-30 22:00:00,10.65999984741211,10.800000190734863,10.4399995803833,10.489999771118164,10.376076698303223,76890
UNIT.CA,Real Estate,2025-12-01 22:00:00,10.489999771118164,10.619999885559082,9.920000076293945,10.390000343322754,10.2771635055542,87338
UNIT.CA,Real Estate,2025-12-02 22:00:00,10.390000343322754,10.880000114440918,10.3100004196167,10.6899995803833,10.573904991149902,201648
UNIT.CA,Real Estate,2025-12-03 22:00:00,10.6899995803833,10.850000381469727,10.449999809265137,10.550000190734863,10.435425758361816,151011
UNIT.CA,Real Estate,2025-12-06 22:00:00,10.550000190734863,10.890000343322754,10.489999771118164,10.8100004196167,10.692602157592773,46617
UNIT.CA,Real Estate,2025-12-07 22:00:00,10.8100004196167,11.199999809265137,10.600000381469727,11.039999961853027,10.920104026794434,262676
UNIT.CA,Real Estate,2025-12-08 22:00:00,11.039999961853027,11.390000343322754,10.90999984741211,11.329999923706055,11.206954956054688,176547
UNIT.CA,Real Estate,2025-12-09 22:00:00,11.329999923706055,11.390000343322754,10.710000038146973,11.039999961853027,10.920104026794434,70313
UNIT.CA,Real Estate,2025-12-10 22:00:00,11.039999961853027,11.140000343322754,10.9399995803833,11.039999961853027,10.920104026794434,55726
UNIT.CA,Real Estate,2025-12-13 22:00:00,11.039999961853027,11.100000381469727,10.800000190734863,11.0,10.880537986755371,116461
UNIT.CA,Real Estate,2025-12-14 22:00:00,11.0,11.119999885559082,10.84000015258789,10.989999771118164,10.870646476745605,321736
UNIT.CA,Real Estate,2025-12-15 22:00:00,10.989999771118164,11.0,10.850000381469727,11.0,10.880537986755371,36446
UNIT.CA,Real Estate,2025-12-16 22:00:00,11.0,11.0,10.600000381469727,10.880000114440918,10.761841773986816,72199
UNIT.CA,Real Estate,2025-12-17 22:00:00,10.880000114440918,10.979999542236328,10.289999961853027,10.5,10.385968208312988,142286
UNIT.CA,Real Estate,2025-12-20 22:00:00,10.5,10.720000267028809,10.539999961853027,10.6899995803833,10.573904991149902,31730
UNIT.CA,Real Estate,2025-12-21 22:00:00,10.6899995803833,10.859999656677246,10.510000228881836,10.6899995803833,10.573904991149902,130409
UNIT.CA,Real Estate,2025-12-22 22:00:00,10.6899995803833,10.949999809265137,10.609999656677246,10.899999618530273,10.781623840332031,125705
UNIT.CA,Real Estate,2025-12-23 22:00:00,10.899999618530273,11.09000015258789,10.75,10.930000305175781,10.811299324035645,169963
UNIT.CA,Real Estate,2025-12-24 22:00:00,10.930000305175781,11.300000190734863,10.949999809265137,11.220000267028809,11.098149299621582,282815
UNIT.CA,Real Estate,2025-12-27 22:00:00,11.220000267028809,11.350000381469727,11.0,11.15999984741211,11.038800239562988,152068
UNIT.CA,Real Estate,2025-12-28 22:00:00,11.15999984741211,11.25,10.600000381469727,11.0600004196167,10.939887046813965,244465
UNIT.CA,Real Estate,2025-12-29 22:00:00,11.0600004196167,11.180000305175781,10.760000228881836,10.9399995803833,10.821189880371094,159383
UNIT.CA,Real Estate,2025-12-30 22:00:00,10.9399995803833,11.100000381469727,10.609999656677246,10.729999542236328,10.613470077514648,168478
UNIT.CA,Real Estate,2026-01-03 22:00:00,10.729999542236328,11.0,10.609999656677246,10.949999809265137,10.83108139038086,84933
UNIT.CA,Real Estate,2026-01-04 22:00:00,10.949999809265137,11.0,10.760000228881836,10.960000038146973,10.840972900390625,130859
UNIT.CA,Real Estate,2026-01-05 22:00:00,10.960000038146973,11.130000114440918,10.670000076293945,10.800000190734863,10.682710647583008,155371
UNIT.CA,Real Estate,2026-01-07 22:00:00,10.800000190734863,10.949999809265137,10.609999656677246,10.699999809265137,10.583796501159668,233804
UNIT.CA,Real Estate,2026-01-10 22:00:00,10.699999809265137,10.930000305175781,10.40999984741211,10.699999809265137,10.583796501159668,23265
UNIT.CA,Real Estate,2026-01-11 22:00:00,10.699999809265137,10.930000305175781,10.600000381469727,10.699999809265137,10.583796501159668,67968
UNIT.CA,Real Estate,2026-01-12 22:00:00,10.699999809265137,10.850000381469727,10.600000381469727,10.680000305175781,10.564013481140137,65917
UNIT.CA,Real Estate,2026-01-13 22:00:00,10.680000305175781,10.75,10.109999656677246,10.390000343322754,10.2771635055542,78973
UNIT.CA,Real Estate,2026-01-14 22:00:00,10.390000343322754,10.630000114440918,10.180000305175781,10.390000343322754,10.2771635055542,27274
UNIT.CA,Real Estate,2026-01-17 22:00:00,10.390000343322754,10.640000343322754,10.220000267028809,10.5600004196167,10.445317268371582,42210
UNIT.CA,Real Estate,2026-01-18 22:00:00,10.5600004196167,10.680000305175781,10.4399995803833,10.5600004196167,10.445317268371582,28557
UNIT.CA,Real Estate,2026-01-19 22:00:00,10.5600004196167,10.5600004196167,10.369999885559082,10.4399995803833,10.326620101928711,35746
UNIT.CA,Real Estate,2026-01-20 22:00:00,10.4399995803833,10.4399995803833,10.260000228881836,10.4399995803833,10.326620101928711,12161
UNIT.CA,Real Estate,2026-01-21 22:00:00,10.4399995803833,10.4399995803833,10.199999809265137,10.289999961853027,10.17824935913086,42155
UNIT.CA,Real Estate,2026-01-24 22:00:00,10.289999961853027,10.430000305175781,10.239999771118164,10.289999961853027,10.17824935913086,12647
UNIT.CA,Real Estate,2026-01-25 22:00:00,10.289999961853027,10.239999771118164,10.0,10.289999961853027,10.17824935913086,19243
UNIT.CA,Real Estate,2026-01-26 22:00:00,10.289999961853027,10.260000228881836,9.199999809265137,9.199999809265137,9.100086212158203,446051
UNIT.CA,Real Estate,2026-01-27 22:00:00,9.199999809265137,9.430000305175781,8.220000267028809,8.359999656677246,8.269208908081055,606906
UNIT.CA,Real Estate,2026-01-31 22:00:00,8.359999656677246,10.029999732971191,8.649999618530273,10.029999732971191,9.921072006225586,1297899
UNIT.CA,Real Estate,2026-02-01 22:00:00,10.029999732971191,10.390000343322754,9.40999984741211,9.420000076293945,9.317697525024414,1772745
UNIT.CA,Real Estate,2026-02-02 22:00:00,9.420000076293945,9.979999542236328,9.430000305175781,9.539999961853027,9.436393737792969,713631
UNIT.CA,Real Estate,2026-02-03 22:00:00,9.539999961853027,9.899999618530273,9.550000190734863,9.609999656677246,9.505633354187012,356745
UNIT.CA,Real Estate,2026-02-04 22:00:00,9.609999656677246,9.739999771118164,9.220000267028809,9.369999885559082,9.268239974975586,192331
UNIT.CA,Real Estate,2026-02-07 22:00:00,9.369999885559082,9.680000305175781,9.420000076293945,9.649999618530273,9.545199394226074,224818
UNIT.CA,Real Estate,2026-02-08 22:00:00,9.649999618530273,9.84000015258789,9.550000190734863,9.819999694824219,9.713353157043457,208233
UNIT.CA,Real Estate,2026-02-09 22:00:00,9.819999694824219,11.449999809265137,9.800000190734863,10.710000038146973,10.593688011169434,2162438
UNIT.CA,Real Estate,2026-02-10 22:00:00,10.710000038146973,10.850000381469727,10.279999732971191,10.329999923706055,10.217814445495605,396524
UNIT.CA,Real Estate,2026-02-11 22:00:00,10.329999923706055,10.5,10.220000267028809,10.380000114440918,10.267271995544434,257780
UNIT.CA,Real Estate,2026-02-14 22:00:00,10.380000114440918,10.59000015258789,10.359999656677246,10.449999809265137,10.336511611938477,103450
UNIT.CA,Real Estate,2026-02-15 22:00:00,10.449999809265137,10.5,10.149999618530273,10.210000038146973,10.09911823272705,66398
UNIT.CA,Real Estate,2026-02-16 22:00:00,10.210000038146973,10.5,10.020000457763672,10.220000267028809,10.109009742736816,95144
UNIT.CA,Real Estate,2026-02-17 22:00:00,10.220000267028809,10.369999885559082,10.010000228881836,10.140000343322754,10.029878616333008,57196
UNIT.CA,Real Estate,2026-02-18 22:00:00,10.140000343322754,10.34000015258789,10.0,10.020000457763672,9.911181449890137,61436
UNIT.CA,Real Estate,2026-02-21 22:00:00,10.020000457763672,10.149999618530273,9.789999961853027,9.8100004196167,9.703462600708008,142814
UNIT.CA,Real Estate,2026-02-22 22:00:00,9.8100004196167,10.109999656677246,9.529999732971191,9.979999542236328,9.871615409851074,107709
UNIT.CA,Real Estate,2026-02-23 22:00:00,9.979999542236328,10.380000114440918,9.800000190734863,10.09000015258789,9.98042106628418,275812
UNIT.CA,Real Estate,2026-02-24 22:00:00,10.09000015258789,10.199999809265137,9.699999809265137,9.890000343322754,9.782593727111816,41144
UNIT.CA,Real Estate,2026-02-25 22:00:00,9.890000343322754,9.949999809265137,9.229999542236328,9.539999961853027,9.436393737792969,68554
UNIT.CA,Real Estate,2026-02-28 22:00:00,9.539999961853027,9.260000228881836,8.630000114440918,9.079999923706055,8.981389999389648,89191
UNIT.CA,Real Estate,2026-03-01 22:00:00,9.079999923706055,9.300000190734863,9.010000228881836,9.079999923706055,8.981389999389648,48544
UNIT.CA,Real Estate,2026-03-02 22:00:00,9.079999923706055,9.460000038146973,8.899999618530273,8.989999771118164,8.892367362976074,56752
UNIT.CA,Real Estate,2026-03-03 22:00:00,8.989999771118164,9.270000457763672,8.930000305175781,8.989999771118164,8.892367362976074,28843
UNIT.CA,Real Estate,2026-03-04 22:00:00,8.989999771118164,10.300000190734863,9.109999656677246,10.0600004196167,9.9507474899292,456569
UNIT.CA,Real Estate,2026-03-07 22:00:00,10.0600004196167,10.699999809265137,9.989999771118164,10.09000015258789,9.98042106628418,343445
UNIT.CA,Real Estate,2026-03-08 22:00:00,10.09000015258789,10.050000190734863,9.800000190734863,9.850000381469727,9.743027687072754,69697
UNIT.CA,Real Estate,2026-03-09 22:00:00,9.850000381469727,10.100000381469727,9.8100004196167,9.850000381469727,9.743027687072754,24924
UNIT.CA,Real Estate,2026-03-10 22:00:00,9.850000381469727,10.0,9.859999656677246,9.850000381469727,9.743027687072754,14062
UNIT.CA,Real Estate,2026-03-11 22:00:00,9.850000381469727,10.180000305175781,9.859999656677246,9.850000381469727,9.743027687072754,17019
UNIT.CA,Real Estate,2026-03-14 22:00:00,9.850000381469727,10.140000343322754,9.819999694824219,9.890000343322754,9.782593727111816,37089
UNIT.CA,Real Estate,2026-03-15 22:00:00,9.890000343322754,10.0,9.800000190734863,9.890000343322754,9.782593727111816,7573
UNIT.CA,Real Estate,2026-03-16 22:00:00,9.890000343322754,9.979999542236328,9.5,9.890000343322754,9.782593727111816,19976
UNIT.CA,Real Estate,2026-03-17 22:00:00,9.890000343322754,9.890000343322754,9.420000076293945,9.890000343322754,9.782593727111816,20604
UNIT.CA,Real Estate,2026-03-18 22:00:00,9.890000343322754,9.890000343322754,9.890000343322754,9.890000343322754,9.782593727111816,0
UNIT.CA,Real Estate,2026-03-23 22:00:00,9.890000343322754,9.899999618530273,9.630000114440918,9.890000343322754,9.782593727111816,8761
UNIT.CA,Real Estate,2026-03-24 22:00:00,9.890000343322754,9.880000114440918,9.65999984741211,9.729999542236328,9.624330520629883,41503
UNIT.CA,Real Estate,2026-03-25 22:00:00,9.729999542236328,9.729999542236328,9.550000190734863,9.600000381469727,9.495742797851562,36604
UNIT.CA,Real Estate,2026-03-28 22:00:00,9.600000381469727,9.699999809265137,9.449999809265137,9.600000381469727,9.495742797851562,9949
UNIT.CA,Real Estate,2026-03-29 22:00:00,9.600000381469727,9.699999809265137,9.220000267028809,9.390000343322754,9.288023948669434,67310
UNIT.CA,Real Estate,2026-03-30 22:00:00,9.390000343322754,9.600000381469727,9.149999618530273,9.350000381469727,9.248457908630371,81137
UNIT.CA,Real Estate,2026-03-31 22:00:00,9.350000381469727,10.399999618530273,9.270000457763672,9.800000190734863,9.693571090698242,234864
UNIT.CA,Real Estate,2026-04-01 22:00:00,9.800000190734863,9.899999618530273,9.5600004196167,9.729999542236328,9.624330520629883,115731
UNIT.CA,Real Estate,2026-04-04 22:00:00,9.729999542236328,9.960000038146973,9.630000114440918,9.8100004196167,9.703462600708008,81542
UNIT.CA,Real Estate,2026-04-05 22:00:00,9.8100004196167,10.399999618530273,9.649999618530273,9.880000114440918,9.77270221710205,251190
UNIT.CA,Real Estate,2026-04-06 22:00:00,9.880000114440918,10.319999694824219,9.899999618530273,10.170000076293945,10.059552192687988,210439
UNIT.CA,Real Estate,2026-04-07 22:00:00,10.170000076293945,10.229999542236328,10.0,10.039999961853027,9.930964469909668,49064
UNIT.CA,Real Estate,2026-04-08 22:00:00,10.039999961853027,10.029999732971191,9.75,9.960000038146973,9.85183334350586,32252
UNIT.CA,Real Estate,2026-04-13 22:00:00,9.960000038146973,10.140000343322754,9.850000381469727,10.020000457763672,9.911181449890137,46986
UNIT.CA,Real Estate,2026-04-14 22:00:00,10.020000457763672,10.119999885559082,9.899999618530273,10.0,9.891398429870605,81958
UNIT.CA,Real Estate,2026-04-15 22:00:00,10.0,10.220000267028809,9.100000381469727,10.140000343322754,10.029878616333008,161332
UNIT.CA,Real Estate,2026-04-18 22:00:00,10.140000343322754,10.9399995803833,10.039999961853027,10.479999542236328,10.366185188293457,350026
UNIT.CA,Real Estate,2026-04-19 22:00:00,10.479999542236328,10.600000381469727,10.1899995803833,10.3100004196167,10.19803237915039,34937
UNIT.CA,Real Estate,2026-04-20 22:00:00,10.3100004196167,10.850000381469727,10.270000457763672,10.539999961853027,10.42553424835205,155344
UNIT.CA,Real Estate,2026-04-21 22:00:00,10.539999961853027,10.649999618530273,10.3100004196167,10.489999771118164,10.376076698303223,50835
UNIT.CA,Real Estate,2026-04-22 22:00:00,10.489999771118164,10.579999923706055,10.300000190734863,10.489999771118164,10.376076698303223,32234
UNIT.CA,Real Estate,2026-04-25 21:00:00,10.489999771118164,10.829999923706055,10.390000343322754,10.4399995803833,10.326620101928711,135580
UNIT.CA,Real Estate,2026-04-26 21:00:00,10.4399995803833,10.600000381469727,10.40999984741211,10.4399995803833,10.326620101928711,4127
UNIT.CA,Real Estate,2026-04-27 21:00:00,10.4399995803833,10.59000015258789,10.020000457763672,10.1899995803833,10.079334259033203,147122
UNIT.CA,Real Estate,2026-04-28 21:00:00,10.1899995803833,10.449999809265137,10.149999618530273,10.329999923706055,10.217814445495605,63786
UNIT.CA,Real Estate,2026-04-29 21:00:00,10.329999923706055,10.460000038146973,10.170000076293945,10.40999984741211,10.296945571899414,43255
UNIT.CA,Real Estate,2026-05-02 21:00:00,10.40999984741211,10.579999923706055,10.3100004196167,10.380000114440918,10.267271995544434,50376
UNIT.CA,Real Estate,2026-05-03 21:00:00,10.380000114440918,10.699999809265137,10.380000114440918,10.510000228881836,10.395859718322754,73472
UNIT.CA,Real Estate,2026-05-04 21:00:00,10.510000228881836,11.350000381469727,10.4399995803833,11.100000381469727,10.979453086853027,646694
UNIT.CA,Real Estate,2026-05-05 21:00:00,11.100000381469727,11.470000267028809,11.079999923706055,11.130000114440918,11.009126663208008,216608
UNIT.CA,Real Estate,2026-05-09 21:00:00,11.130000114440918,11.59000015258789,10.949999809265137,11.510000228881836,11.385000228881836,260460
UNIT.CA,Real Estate,2026-05-10 21:00:00,11.510000228881836,11.829999923706055,11.010000228881836,11.510000228881836,11.385000228881836,162057
UNIT.CA,Real Estate,2026-05-11 21:00:00,11.510000228881836,13.8100004196167,11.279999732971191,13.380000114440918,13.380000114440918,4458729
UNIT.CA,Real Estate,2026-05-12 21:00:00,13.380000114440918,13.34000015258789,12.84000015258789,13.0600004196167,13.0600004196167,400778
UNIT.CA,Real Estate,2026-05-13 21:00:00,13.0600004196167,14.09000015258789,13.100000381469727,13.130000114440918,13.130000114440918,939950
UNIT.CA,Real Estate,2026-05-16 21:00:00,13.130000114440918,13.520000457763672,12.5,12.5600004196167,12.5600004196167,182537
UNIT.CA,Real Estate,2026-05-17 21:00:00,12.5600004196167,12.75,12.069999694824219,12.609999656677246,12.609999656677246,302594
UNIT.CA,Real Estate,2026-05-18 21:00:00,12.609999656677246,14.399999618530273,12.25,13.289999961853027,13.289999961853027,826090
UNIT.CA,Real Estate,2026-05-19 21:00:00,13.289999961853027,13.779999732971191,12.329999923706055,12.539999961853027,12.539999961853027,224100
UNIT.CA,Real Estate,2026-05-20 21:00:00,12.539999961853027,13.989999771118164,12.5,12.789999961853027,12.789999961853027,479115
UNIT.CA,Real Estate,2026-05-23 21:00:00,12.789999961853027,13.1899995803833,12.619999885559082,12.779999732971191,12.779999732971191,64403
UNIT.CA,Real Estate,2026-05-24 21:00:00,12.779999732971191,13.470000267028809,12.5,12.920000076293945,12.920000076293945,187751
UNIT.CA,Real Estate,2026-05-25 21:00:00,12.920000076293945,12.920000076293945,12.920000076293945,12.920000076293945,12.920000076293945,0
UNIT.CA,Real Estate,2026-05-26 21:00:00,12.920000076293945,12.920000076293945,12.920000076293945,12.920000076293945,12.920000076293945,0
UNIT.CA,Real Estate,2026-05-27 21:00:00,12.920000076293945,12.920000076293945,12.920000076293945,12.920000076293945,12.920000076293945,0
UNIT.CA,Real Estate,2026-05-31 21:00:00,12.920000076293945,14.300000190734863,13.170000076293945,13.529999732971191,13.529999732971191,604494
UNIT.CA,Real Estate,2026-06-01 21:00:00,13.529999732971191,15.300000190734863,13.350000381469727,14.720000267028809,14.720000267028809,1784205
UNIT.CA,Real Estate,2026-06-02 21:00:00,14.720000267028809,15.800000190734863,14.25,14.289999961853027,14.289999961853027,2153451
UNIT.CA,Real Estate,2026-06-03 21:00:00,14.289999961853027,14.880000114440918,13.800000190734863,13.829999923706055,13.829999923706055,543111
UNIT.CA,Real Estate,2026-06-06 21:00:00,13.829999923706055,14.699999809265137,13.5600004196167,13.75,13.75,565613
UNIT.CA,Real Estate,2026-06-07 21:00:00,13.75,14.479999542236328,13.539999961853027,14.1899995803833,14.1899995803833,752727
UNIT.CA,Real Estate,2026-06-08 21:00:00,14.1899995803833,14.470000267028809,13.800000190734863,13.880000114440918,13.880000114440918,616420
UNIT.CA,Real Estate,2026-06-09 21:00:00,13.880000114440918,14.949999809265137,13.609999656677246,13.850000381469727,13.850000381469727,631238
UNIT.CA,Real Estate,2026-06-10 21:00:00,13.850000381469727,13.979999542236328,13.300000190734863,13.680000305175781,13.680000305175781,131386
UNIT.CA,Real Estate,2026-06-13 21:00:00,13.680000305175781,14.1899995803833,13.729999542236328,13.819999694824219,13.819999694824219,90244
UNIT.CA,Real Estate,2026-06-14 21:00:00,13.819999694824219,14.0,13.399999618530273,13.479999542236328,13.479999542236328,97235
UNIT.CA,Real Estate,2026-06-15 21:00:00,13.479999542236328,13.859999656677246,13.300000190734863,13.640000343322754,13.640000343322754,185208
UNIT.CA,Real Estate,2026-06-16 21:00:00,13.640000343322754,13.640000343322754,13.640000343322754,13.640000343322754,13.640000343322754,0
UNIT.CA,Real Estate,2026-06-17 21:00:00,13.640000343322754,13.640000343322754,13.640000343322754,13.640000343322754,13.640000343322754,0
UNIT.CA,Real Estate,2026-06-20 21:00:00,13.819999694824219,13.979999542236328,13.600000381469727,13.699999809265137,13.699999809265137,56174
UNIT.CA,Real Estate,2026-06-21 21:00:00,13.699999809265137,13.699999809265137,13.699999809265137,13.699999809265137,13.699999809265137,0
UNIT.CA,Real Estate,2026-06-22 21:00:00,13.319999694824219,13.59000015258789,13.119999885559082,13.260000228881836,13.260000228881836,47927
UNIT.CA,Real Estate,2026-06-23 21:00:00,13.260000228881836,13.369999885559082,13.010000228881836,13.09000015258789,13.09000015258789,154859
UNIT.CA,Real Estate,2026-06-24 21:00:00,13.09000015258789,13.199999809265137,12.90999984741211,12.960000038146973,12.960000038146973,84716
UNIT.CA,Real Estate,2026-06-27 21:00:00,12.960000038146973,13.09000015258789,12.5,12.65999984741211,12.65999984741211,57477
UNIT.CA,Real Estate,2026-06-28 21:00:00,12.65999984741211,12.869999885559082,12.0,12.430000305175781,12.430000305175781,113333
UNIT.CA,Real Estate,2026-06-29 21:00:00,12.430000305175781,13.600000381469727,12.65999984741211,12.859999656677246,12.859999656677246,548979
UNIT.CA,Real Estate,2026-06-30 21:00:00,12.859999656677246,13.25,12.800000190734863,12.949999809265137,12.949999809265137,123733
UNIT.CA,Real Estate,2026-07-04 21:00:00,12.949999809265137,13.600000381469727,13.119999885559082,13.40999984741211,13.40999984741211,434526
UNIT.CA,Real Estate,2026-07-05 21:00:00,13.40999984741211,16.09000015258789,13.449999809265137,16.09000015258789,16.09000015258789,2581825
UNIT.CA,Real Estate,2026-07-06 21:00:00,16.09000015258789,19.299999237060547,17.270000457763672,17.520000457763672,17.520000457763672,4977410
UNIT.CA,Real Estate,2026-07-07 21:00:00,17.520000457763672,17.8700008392334,16.520000457763672,16.75,16.75,1274866
UNIT.CA,Real Estate,2026-07-08 21:00:00,16.75,20.100000381469727,16.639999389648438,20.100000381469727,20.100000381469727,8580531
UNIT.CA,Real Estate,2026-07-11 21:00:00,20.100000381469727,20.969999313354492,18.899999618530273,19.510000228881836,19.510000228881836,3003280
UNIT.CA,Real Estate,2026-07-12 21:00:00,19.510000228881836,19.979999542236328,19.030000686645508,19.059999465942383,19.059999465942383,599559
UNIT.CA,Real Estate,2026-07-13 21:00:00,19.059999465942383,21.389999389648438,19.010000228881836,19.780000686645508,19.780000686645508,4055316
UNIT.CA,Real Estate,2026-07-14 21:00:00,19.780000686645508,19.969999313354492,19.299999237060547,19.389999389648438,19.389999389648438,1040119
UNIT.CA,Real Estate,2026-07-15 21:00:00,19.389999389648438,20.25,19.25,19.25,19.25,725865
UNIT.CA,Real Estate,2026-07-18 21:00:00,19.25,19.989999771118164,19.110000610351562,19.489999771118164,19.489999771118164,1029091
UNIT.CA,Real Estate,2026-07-19 21:00:00,19.489999771118164,19.5,18.899999618530273,18.920000076293945,18.920000076293945,558086
UNIT.CA,Real Estate,2026-07-20 21:00:00,18.920000076293945,19.100000381469727,18.399999618530273,18.5,18.5,266840
UNIT.CA,Real Estate,2026-07-21 21:00:00,18.5,18.700000762939453,17.899999618530273,18.110000610351562,18.110000610351562,827701
UNIT.CA,Real Estate,2026-07-25 21:00:00,18.110000610351562,18.950000762939453,18.010000228881836,18.079999923706055,18.079999923706055,650958
UNIT.CA,Real Estate,2026-07-26 21:00:00,18.079999923706055,18.469999313354492,18.0,18.010000228881836,18.010000228881836,271278
UNIT.CA,Real Estate,2026-07-27 21:00:00,18.010000228881836,18.799999237060547,17.920000076293945,18.079999923706055,18.079999923706055,528107
UNIT.CA,Real Estate,2026-07-28 21:00:00,18.079999923706055,18.290000915527344,17.799999237060547,17.899999618530273,17.899999618530273,109232
UNIT.CA,Real Estate,2026-07-29 21:00:00,17.899999618530273,18.139999389648438,17.31999969482422,17.450000762939453,17.450000762939453,178043
UNIT.CA,Real Estate,2026-08-01 21:00:00,17.450000762939453,18.5,17.510000228881836,18.040000915527344,18.040000915527344,668189
UNIT.CA,Real Estate,2026-08-02 21:00:00,18.040000915527344,18.68000030517578,18.049999237060547,18.1200008392334,18.1200008392334,424737
UNIT.CA,Real Estate,2026-08-03 21:00:00,18.1200008392334,19.799999237060547,17.799999237060547,18.520000457763672,18.520000457763672,1275510
UNIT.CA,Real Estate,2026-08-04 21:00:00,18.520000457763672,18.799999237060547,18.100000381469727,18.1200008392334,18.1200008392334,370223
UNIT.CA,Real Estate,2026-08-05 21:00:00,18.1200008392334,18.420000076293945,17.850000381469727,17.940000534057617,17.940000534057617,139306
