date,open,high,low,close,volume
2022-01-02,0.9409999847412109,0.9739999771118164,0.949999988079071,0.9660000205039978,374852
2022-01-03,0.9660000205039978,0.9789999723434448,0.9599999785423279,0.9660000205039978,165631
2022-01-04,0.9660000205039978,0.9700000286102295,0.9409999847412109,0.9660000205039978,156522
2022-01-05,0.9660000205039978,0.9950000047683716,0.9700000286102295,0.9900000095367432,655409
2022-01-09,0.9900000095367432,0.9900000095367432,0.9900000095367432,0.9900000095367432,0
2022-01-10,0.9900000095367432,1.0,0.9700000286102295,0.9769999980926514,1084594
2022-01-11,0.9769999980926514,0.9900000095367432,0.9309999942779541,0.9390000104904175,1511777
2022-01-12,0.9390000104904175,0.9589999914169312,0.9399999976158142,0.9419999718666077,725449
2022-01-13,0.9419999718666077,0.9490000009536743,0.9319999814033508,0.9419999718666077,297901
2022-01-16,0.9419999718666077,0.9399999976158142,0.9300000071525574,0.9419999718666077,273656
2022-01-17,0.9419999718666077,0.9490000009536743,0.9350000023841858,0.9419999718666077,93302
2022-01-18,0.9419999718666077,0.9589999914169312,0.9359999895095825,0.9419999718666077,67201
2022-01-19,0.9419999718666077,0.949999988079071,0.9399999976158142,0.9419999718666077,109988
2022-01-20,0.9419999718666077,0.949999988079071,0.9399999976158142,0.9419999718666077,293374
2022-01-23,0.9419999718666077,0.949999988079071,0.9399999976158142,0.9399999976158142,510542
2022-01-24,0.9399999976158142,0.949999988079071,0.9229999780654907,0.9399999976158142,240230
2022-01-25,0.9399999976158142,0.9490000009536743,0.9300000071525574,0.9399999976158142,106278
2022-01-26,0.9399999976158142,0.9639999866485596,0.9300000071525574,0.9599999785423279,672904
2022-01-30,0.9599999785423279,0.9549999833106995,0.9309999942779541,0.9599999785423279,237303
2022-01-31,0.9599999785423279,0.949999988079071,0.9399999976158142,0.9599999785423279,156210
2022-02-01,0.9599999785423279,0.9580000042915344,0.9359999895095825,0.9599999785423279,212217
2022-02-02,0.9599999785423279,0.9679999947547913,0.949999988079071,0.953000009059906,444653
2022-02-03,0.953000009059906,0.9599999785423279,0.9440000057220459,0.953000009059906,190315
2022-02-06,0.953000009059906,0.949999988079071,0.9399999976158142,0.953000009059906,309865
2022-02-07,0.953000009059906,0.9649999737739563,0.9399999976158142,0.953000009059906,96068
2022-02-08,0.953000009059906,0.949999988079071,0.9399999976158142,0.953000009059906,120500
2022-02-09,0.953000009059906,0.9580000042915344,0.9430000185966492,0.953000009059906,218207
2022-02-10,0.953000009059906,0.9509999752044678,0.949999988079071,0.949999988079071,415160
2022-02-13,0.949999988079071,0.9490000009536743,0.9210000038146973,0.921999990940094,626605
2022-02-14,0.921999990940094,0.9290000200271606,0.9020000100135803,0.9100000262260437,376017
2022-02-15,0.9100000262260437,0.9290000200271606,0.9110000133514404,0.9100000262260437,32316
2022-02-16,0.9100000262260437,0.9319999814033508,0.9169999957084656,0.9100000262260437,9971
2022-02-17,0.9100000262260437,0.925000011920929,0.9089999794960022,0.9100000262260437,189496
2022-02-20,0.9100000262260437,0.8999999761581421,0.8700000047683716,0.9100000262260437,123704
2022-02-21,0.9100000262260437,0.9340000152587891,0.8899999856948853,0.9100000262260437,157184
2022-02-22,0.9100000262260437,0.8999999761581421,0.8799999952316284,0.8980000019073486,673345
2022-02-23,0.8980000019073486,0.9190000295639038,0.8999999761581421,0.8980000019073486,15818
2022-02-24,0.8980000019073486,0.8949999809265137,0.8009999990463257,0.8980000019073486,308183
2022-02-27,0.8980000019073486,0.8899999856948853,0.8500000238418579,0.8980000019073486,245089
2022-02-28,0.8980000019073486,0.8980000019073486,0.8500000238418579,0.8980000019073486,168545
2022-03-01,0.8980000019073486,0.9179999828338623,0.8999999761581421,0.8980000019073486,255774
2022-03-02,0.8980000019073486,0.8999999761581421,0.8659999966621399,0.8809999823570251,479999
2022-03-03,0.8809999823570251,0.8989999890327454,0.8799999952316284,0.8809999823570251,108710
2022-03-06,0.8809999823570251,0.8989999890327454,0.8500000238418579,0.8809999823570251,316880
2022-03-07,0.8809999823570251,0.8999999761581421,0.8500000238418579,0.8809999823570251,158379
2022-03-08,0.8809999823570251,0.8809999823570251,0.8809999823570251,0.8809999823570251,0
2022-03-09,0.8809999823570251,0.8539999723434448,0.847000002861023,0.8809999823570251,14015
2022-03-10,0.8809999823570251,0.8650000095367432,0.8500000238418579,0.8809999823570251,169614
2022-03-13,0.8809999823570251,0.8809999823570251,0.8450000286102295,0.8809999823570251,37928
2022-03-14,0.8809999823570251,0.8809999823570251,0.8809999823570251,0.8809999823570251,59700
2022-03-15,0.8809999823570251,0.8399999737739563,0.8059999942779541,0.8809999823570251,44434
2022-03-16,0.8809999823570251,0.8600000143051147,0.8399999737739563,0.8809999823570251,51301
2022-03-17,0.8809999823570251,0.8790000081062317,0.8500000238418579,0.8809999823570251,83895
2022-03-20,0.8809999823570251,0.8700000047683716,0.8500000238418579,0.8809999823570251,11452
2022-03-21,0.8809999823570251,0.8999999761581421,0.8650000095367432,0.8809999823570251,250899
2022-03-22,0.8809999823570251,0.9089999794960022,0.871999979019165,0.8809999823570251,149341
2022-03-23,0.8809999823570251,0.9200000166893005,0.8659999966621399,0.8809999823570251,268145
2022-03-24,0.8809999823570251,0.9079999923706055,0.8880000114440918,0.8809999823570251,123778
2022-03-27,0.8809999823570251,0.9039999842643738,0.8669999837875366,0.8809999823570251,27978
2022-03-28,0.8809999823570251,0.8700000047683716,0.8500000238418579,0.8809999823570251,255905
2022-03-29,0.8809999823570251,0.8880000114440918,0.8500000238418579,0.8809999823570251,101813
2022-03-30,0.8809999823570251,0.8899999856948853,0.8450000286102295,0.8809999823570251,135392
2022-03-31,0.8809999823570251,0.8939999938011169,0.8399999737739563,0.8809999823570251,91413
2022-04-03,0.8809999823570251,0.8799999952316284,0.8500000238418579,0.8809999823570251,29222
2022-04-04,0.8809999823570251,0.8799999952316284,0.8510000109672546,0.8809999823570251,190259
2022-04-05,0.8809999823570251,0.8700000047683716,0.8700000047683716,0.8809999823570251,1115
2022-04-06,0.8809999823570251,0.8790000081062317,0.8500000238418579,0.8809999823570251,24930
2022-04-07,0.8809999823570251,0.8790000081062317,0.8500000238418579,0.8809999823570251,42616
2022-04-10,0.8809999823570251,0.8489999771118164,0.8320000171661377,0.8809999823570251,87672
2022-04-11,0.8809999823570251,0.8640000224113464,0.8299999833106995,0.8809999823570251,26618
2022-04-12,0.8809999823570251,0.8299999833106995,0.800000011920929,0.8809999823570251,108306
2022-04-13,0.8809999823570251,0.8299999833106995,0.7049999833106995,0.8809999823570251,145429
2022-04-14,0.8809999823570251,0.8199999928474426,0.7549999952316284,0.8809999823570251,119524
2022-04-17,0.8809999823570251,0.800000011920929,0.7250000238418579,0.8809999823570251,69730
2022-04-18,0.8809999823570251,0.7900000214576721,0.7289999723434448,0.8809999823570251,78883
2022-04-19,0.8809999823570251,0.7799999713897705,0.7300000190734863,0.8809999823570251,103613
2022-04-20,0.8809999823570251,0.7799999713897705,0.75,0.8809999823570251,89383
2022-04-21,0.8809999823570251,0.8569999933242798,0.7900000214576721,0.8809999823570251,269206
2022-04-26,0.8809999823570251,0.8389999866485596,0.800000011920929,0.8809999823570251,127979
2022-04-27,0.8809999823570251,0.859000027179718,0.800000011920929,0.8809999823570251,23481
2022-04-28,0.8809999823570251,0.8500000238418579,0.8100000023841858,0.8479999899864197,753806
2022-05-08,0.8479999899864197,0.8550000190734863,0.8109999895095825,0.8500000238418579,430603
2022-05-09,0.8500000238418579,0.859000027179718,0.8090000152587891,0.8500000238418579,2637
2022-05-10,0.8500000238418579,0.8500000238418579,0.8109999895095825,0.8500000238418579,167623
2022-05-11,0.8500000238418579,0.8519999980926514,0.8159999847412109,0.8500000238418579,753715
2022-05-12,0.8500000238418579,0.8500000238418579,0.8199999928474426,0.8500000238418579,279379
2022-05-15,0.8500000238418579,0.8600000143051147,0.8320000171661377,0.8500000238418579,180214
2022-05-16,0.8500000238418579,0.859000027179718,0.8500000238418579,0.8500000238418579,120686
2022-05-17,0.8500000238418579,0.8619999885559082,0.8330000042915344,0.8500000238418579,192465
2022-05-18,0.8500000238418579,0.925000011920929,0.8690000176429749,0.9160000085830688,2282540
2022-05-19,0.9160000085830688,0.921999990940094,0.8299999833106995,0.8989999890327454,1138498
2022-05-22,0.8989999890327454,0.9179999828338623,0.8700000047683716,0.8989999890327454,30630
2022-05-23,0.8989999890327454,0.9200000166893005,0.8799999952316284,0.8989999890327454,320516
2022-05-24,0.8989999890327454,0.9200000166893005,0.8799999952316284,0.902999997138977,1218695
2022-05-25,0.902999997138977,0.9179999828338623,0.8410000205039978,0.902999997138977,63534
2022-05-26,0.902999997138977,0.8690000176429749,0.8330000042915344,0.902999997138977,150950
2022-05-29,0.902999997138977,0.8799999952316284,0.8209999799728394,0.902999997138977,60353
2022-05-30,0.902999997138977,0.8600000143051147,0.8199999928474426,0.902999997138977,148019
2022-05-31,0.902999997138977,0.8529999852180481,0.8299999833106995,0.902999997138977,86455
2022-06-01,0.902999997138977,0.8479999899864197,0.8349999785423279,0.902999997138977,239279
2022-06-02,0.902999997138977,0.8450000286102295,0.8140000104904175,0.902999997138977,46399
2022-06-05,0.902999997138977,0.902999997138977,0.902999997138977,0.902999997138977,0
2022-06-06,0.902999997138977,0.8690000176429749,0.8330000042915344,0.902999997138977,273300
2022-06-07,0.902999997138977,0.902999997138977,0.8309999704360962,0.902999997138977,26
2022-06-08,0.902999997138977,0.8700000047683716,0.8500000238418579,0.8529999852180481,3146597
2022-06-09,0.8529999852180481,0.8659999966621399,0.8569999933242798,0.8579999804496765,599537
2022-06-12,0.8579999804496765,0.8600000143051147,0.8349999785423279,0.8579999804496765,284307
2022-06-13,0.8579999804496765,0.8399999737739563,0.800000011920929,0.8220000267028809,489111
2022-06-14,0.8220000267028809,0.8349999785423279,0.8199999928474426,0.8220000267028809,214122
2022-06-15,0.8220000267028809,0.8550000190734863,0.8209999799728394,0.8220000267028809,83818
2022-06-16,0.8220000267028809,0.8399999737739563,0.8109999895095825,0.8220000267028809,48945
2022-06-19,0.8220000267028809,0.8220000267028809,0.8199999928474426,0.8220000267028809,82439
2022-06-20,0.8220000267028809,0.8379999995231628,0.8100000023841858,0.8220000267028809,18912
2022-06-21,0.8220000267028809,0.8389999866485596,0.800000011920929,0.8220000267028809,156595
2022-06-22,0.8220000267028809,0.8130000233650208,0.8050000071525574,0.8220000267028809,34068
2022-06-23,0.8220000267028809,0.8130000233650208,0.7770000100135803,0.7910000085830688,580431
2022-06-26,0.7910000085830688,0.8029999732971191,0.7519999742507935,0.7910000085830688,307192
2022-06-27,0.7910000085830688,0.7850000262260437,0.75,0.7910000085830688,19299
2022-06-28,0.7910000085830688,0.7739999890327454,0.7200000286102295,0.7910000085830688,38826
2022-06-29,0.7910000085830688,0.8050000071525574,0.75,0.7910000085830688,204133
2022-07-03,0.7910000085830688,0.7889999747276306,0.6399999856948853,0.7910000085830688,90404
2022-07-04,0.7910000085830688,0.7400000095367432,0.7099999785423279,0.7910000085830688,74705
2022-07-05,0.7910000085830688,0.7390000224113464,0.699999988079071,0.718999981880188,1868793
2022-07-06,0.718999981880188,0.7699999809265137,0.699999988079071,0.718999981880188,175906
2022-07-07,0.718999981880188,0.7689999938011169,0.7139999866485596,0.718999981880188,273176
2022-07-17,0.718999981880188,0.7699999809265137,0.7120000123977661,0.718999981880188,175419
2022-07-18,0.718999981880188,0.7599999904632568,0.7310000061988831,0.718999981880188,169125
2022-07-19,0.718999981880188,0.7450000047683716,0.7250000238418579,0.718999981880188,193802
2022-07-20,0.718999981880188,0.7450000047683716,0.6399999856948853,0.718999981880188,88317
2022-07-21,0.718999981880188,0.7549999952316284,0.7200000286102295,0.75,405016
2022-07-24,0.75,0.800000011920929,0.7409999966621399,0.7900000214576721,603890
2022-07-25,0.7900000214576721,0.7990000247955322,0.7710000276565552,0.7900000214576721,267010
2022-07-26,0.7900000214576721,0.7990000247955322,0.765999972820282,0.7900000214576721,224148
2022-07-27,0.7900000214576721,0.7879999876022339,0.7519999742507935,0.7900000214576721,194089
2022-07-28,0.7900000214576721,0.7639999985694885,0.7429999709129333,0.7900000214576721,77706
2022-07-31,0.7900000214576721,0.7699999809265137,0.75,0.753000020980835,953115
2022-08-01,0.753000020980835,0.7749999761581421,0.7509999871253967,0.7519999742507935,485324
2022-08-02,0.7519999742507935,0.7590000033378601,0.7490000128746033,0.7519999742507935,124159
2022-08-03,0.7519999742507935,0.7699999809265137,0.7450000047683716,0.7519999742507935,278361
2022-08-04,0.7519999742507935,0.7839999794960022,0.75,0.7519999742507935,208645
2022-08-07,0.7519999742507935,0.800000011920929,0.7710000276565552,0.7960000038146973,926298
2022-08-08,0.7960000038146973,0.8199999928474426,0.7910000085830688,0.8090000152587891,7318197
2022-08-09,0.8090000152587891,0.8119999766349792,0.7929999828338623,0.8090000152587891,285582
2022-08-10,0.8090000152587891,0.8080000281333923,0.7710000276565552,0.8090000152587891,233903
2022-08-11,0.8090000152587891,0.8050000071525574,0.7770000100135803,0.8090000152587891,184517
2022-08-14,0.8090000152587891,0.8700000047683716,0.7900000214576721,0.8460000157356262,1708678
2022-08-15,0.8460000157356262,0.8799999952316284,0.8320000171661377,0.8460000157356262,332082
2022-08-16,0.8460000157356262,0.8650000095367432,0.8199999928474426,0.8230000138282776,668550
2022-08-17,0.8230000138282776,0.8799999952316284,0.8199999928474426,0.8389999866485596,3835276
2022-08-18,0.8389999866485596,0.8389999866485596,0.8389999866485596,0.8389999866485596,0
2022-08-21,0.8299999833106995,0.8479999899864197,0.824999988079071,0.8289999961853027,646106
2022-08-22,0.8289999961853027,0.8489999771118164,0.8100000023841858,0.8140000104904175,1412705
2022-08-23,0.8140000104904175,0.8140000104904175,0.8140000104904175,0.8140000104904175,0
2022-08-24,0.7770000100135803,0.7960000038146973,0.7609999775886536,0.7630000114440918,437253
2022-08-25,0.7630000114440918,0.800000011920929,0.7680000066757202,0.7940000295639038,434297
2022-08-28,0.7940000295639038,0.800000011920929,0.7699999809265137,0.7940000295639038,370929
2022-08-29,0.7940000295639038,0.7990000247955322,0.7599999904632568,0.7630000114440918,771866
2022-08-30,0.7630000114440918,0.7799999713897705,0.7609999775886536,0.7670000195503235,562795
2022-08-31,0.7670000195503235,0.7799999713897705,0.7599999904632568,0.7609999775886536,623708
2022-09-01,0.7609999775886536,0.7749999761581421,0.7450000047683716,0.7609999775886536,172854
2022-09-04,0.7609999775886536,0.7649999856948853,0.7450000047683716,0.7599999904632568,676415
2022-09-05,0.7599999904632568,0.7799999713897705,0.7599999904632568,0.7739999890327454,1389707
2022-09-06,0.7739999890327454,0.7879999876022339,0.7699999809265137,0.7799999713897705,509425
2022-09-07,0.7799999713897705,0.796999990940094,0.7649999856948853,0.7760000228881836,602823
2022-09-08,0.7760000228881836,0.7749999761581421,0.7639999985694885,0.7760000228881836,243733
2022-09-11,0.7760000228881836,0.7799999713897705,0.7639999985694885,0.7760000228881836,298930
2022-09-12,0.7760000228881836,0.7799999713897705,0.7630000114440918,0.7639999985694885,433908
2022-09-13,0.7639999985694885,0.777999997138977,0.7630000114440918,0.7639999985694885,202879
2022-09-14,0.7639999985694885,0.7680000066757202,0.7480000257492065,0.75,1001175
2022-09-15,0.75,0.7599999904632568,0.7400000095367432,0.7400000095367432,608770
2022-09-18,0.7400000095367432,0.75,0.6899999976158142,0.6930000185966492,804630
2022-09-19,0.6930000185966492,0.7229999899864197,0.6940000057220459,0.6930000185966492,253051
2022-09-20,0.6930000185966492,0.7200000286102295,0.7049999833106995,0.6930000185966492,117380
2022-09-21,0.6930000185966492,0.7369999885559082,0.7099999785423279,0.6930000185966492,324776
2022-09-22,0.6930000185966492,0.7250000238418579,0.7080000042915344,0.7229999899864197,501251
2022-09-25,0.7229999899864197,0.7300000190734863,0.7099999785423279,0.7229999899864197,65435
2022-09-26,0.7229999899864197,0.7279999852180481,0.7120000123977661,0.7229999899864197,159781
2022-09-27,0.7229999899864197,0.7279999852180481,0.7149999737739563,0.7229999899864197,86950
2022-09-28,0.7229999899864197,0.7350000143051147,0.6930000185966492,0.7229999899864197,101015
2022-09-29,0.7229999899864197,0.7279999852180481,0.7009999752044678,0.7229999899864197,81215
2022-10-02,0.7229999899864197,0.7289999723434448,0.7049999833106995,0.7229999899864197,240006
2022-10-03,0.7229999899864197,0.7239999771118164,0.699999988079071,0.7229999899864197,215913
2022-10-04,0.7229999899864197,0.7200000286102295,0.703000009059906,0.7229999899864197,242621
2022-10-05,0.7229999899864197,0.7200000286102295,0.6949999928474426,0.7229999899864197,403773
2022-10-09,0.7229999899864197,0.7110000252723694,0.699999988079071,0.7229999899864197,67133
2022-10-10,0.7229999899864197,0.7139999866485596,0.6850000023841858,0.7229999899864197,162643
2022-10-11,0.7229999899864197,0.7039999961853027,0.6850000023841858,0.7229999899864197,128329
2022-10-12,0.7229999899864197,0.699999988079071,0.6520000100135803,0.7229999899864197,401755
2022-10-13,0.7229999899864197,0.6940000057220459,0.656000018119812,0.7229999899864197,273638
2022-10-16,0.7229999899864197,0.7099999785423279,0.6899999976158142,0.7229999899864197,169986
2022-10-17,0.7229999899864197,0.7120000123977661,0.6930000185966492,0.7229999899864197,134345
2022-10-18,0.7229999899864197,0.7099999785423279,0.699999988079071,0.7229999899864197,181350
2022-10-19,0.7229999899864197,0.7099999785423279,0.6949999928474426,0.7229999899864197,176752
2022-10-20,0.7229999899864197,0.7039999961853027,0.6800000071525574,0.7229999899864197,106195
2022-10-23,0.7229999899864197,0.7099999785423279,0.6930000185966492,0.7229999899864197,157010
2022-10-24,0.7229999899864197,0.7099999785423279,0.6859999895095825,0.7229999899864197,318845
2022-10-25,0.7229999899864197,0.7059999704360962,0.6859999895095825,0.7229999899864197,154976
2022-10-26,0.7229999899864197,0.7229999899864197,0.7229999899864197,0.7229999899864197,0
2022-10-27,0.7229999899864197,0.7269999980926514,0.6899999976158142,0.7160000205039978,774566
2022-10-30,0.7160000205039978,0.7260000109672546,0.699999988079071,0.7160000205039978,188883
2022-10-31,0.7160000205039978,0.7049999833106995,0.6800000071525574,0.7160000205039978,227214
2022-11-01,0.7160000205039978,0.7120000123977661,0.699999988079071,0.7160000205039978,177532
2022-11-02,0.7160000205039978,0.7099999785423279,0.6880000233650208,0.7160000205039978,176752
2022-11-03,0.7160000205039978,0.7070000171661377,0.6769999861717224,0.6809999942779541,1027580
2022-11-06,0.6809999942779541,0.6949999928474426,0.6620000004768372,0.6809999942779541,225558
2022-11-07,0.6809999942779541,0.6819999814033508,0.6639999747276306,0.6809999942779541,253200
2022-11-08,0.6809999942779541,0.6850000023841858,0.6600000262260437,0.6809999942779541,284130
2022-11-09,0.6809999942779541,0.6800000071525574,0.6600000262260437,0.6759999990463257,1291661
2022-11-10,0.6759999990463257,0.6890000104904175,0.6700000166893005,0.6759999990463257,366963
2022-11-13,0.6759999990463257,0.6930000185966492,0.6850000023841858,0.6899999976158142,767794
2022-11-14,0.6899999976158142,0.6940000057220459,0.6809999942779541,0.6899999976158142,214592
2022-11-15,0.6899999976158142,0.6980000138282776,0.671999990940094,0.6899999976158142,93570
2022-11-16,0.6899999976158142,0.7049999833106995,0.6899999976158142,0.703000009059906,443953
2022-11-17,0.703000009059906,0.777999997138977,0.6909999847412109,0.75,5201881
2022-11-20,0.75,0.7699999809265137,0.7419999837875366,0.7440000176429749,1806489
2022-11-21,0.7440000176429749,0.7699999809265137,0.7279999852180481,0.7390000224113464,2149051
2022-11-22,0.7390000224113464,0.7620000243186951,0.7459999918937683,0.7590000033378601,1507521
2022-11-23,0.7590000033378601,0.7799999713897705,0.75,0.7580000162124634,1697993
2022-11-24,0.7580000162124634,0.7699999809265137,0.7509999871253967,0.7620000243186951,603556
2022-11-27,0.7620000243186951,0.7799999713897705,0.7599999904632568,0.7649999856948853,2514174
2022-11-28,0.7649999856948853,0.7799999713897705,0.7609999775886536,0.7680000066757202,1479559
2022-11-29,0.7680000066757202,0.777999997138977,0.7630000114440918,0.7739999890327454,1177018
2022-11-30,0.7739999890327454,0.7990000247955322,0.7710000276565552,0.7789999842643738,2021056
2022-12-01,0.7789999842643738,0.8009999990463257,0.7749999761581421,0.7829999923706055,3021179
2022-12-04,0.7829999923706055,0.8149999976158142,0.781000018119812,0.8109999895095825,1871725
2022-12-05,0.8109999895095825,0.8240000009536743,0.7900000214576721,0.8040000200271606,957037
2022-12-06,0.8040000200271606,0.8700000047683716,0.7919999957084656,0.859000027179718,3060065
2022-12-07,0.859000027179718,0.8790000081062317,0.8500000238418579,0.8619999885559082,700759
2022-12-08,0.8619999885559082,0.8730000257492065,0.8450000286102295,0.8650000095367432,924201
2022-12-11,0.8650000095367432,0.8899999856948853,0.8529999852180481,0.8539999723434448,1556245
2022-12-12,0.8539999723434448,0.8790000081062317,0.8259999752044678,0.8569999933242798,636036
2022-12-13,0.8569999933242798,0.9259999990463257,0.8410000205039978,0.9169999957084656,2605100
2022-12-14,0.9169999957084656,0.949999988079071,0.8999999761581421,0.925000011920929,1764108
2022-12-15,0.925000011920929,0.9480000138282776,0.9020000100135803,0.9079999923706055,1299884
2022-12-18,0.9079999923706055,0.9300000071525574,0.8999999761581421,0.9079999923706055,619470
2022-12-19,0.9079999923706055,0.925000011920929,0.8500000238418579,0.8790000081062317,1571445
2022-12-20,0.8790000081062317,0.8989999890327454,0.8740000128746033,0.8799999952316284,735626
2022-12-21,0.8799999952316284,0.8899999856948853,0.8619999885559082,0.8809999823570251,440323
2022-12-22,0.8809999823570251,0.8989999890327454,0.8669999837875366,0.8930000066757202,1687467
2022-12-25,0.8930000066757202,0.8949999809265137,0.8519999980926514,0.8539999723434448,789379
2022-12-26,0.8539999723434448,0.8700000047683716,0.8519999980926514,0.8610000014305115,410908
2022-12-27,0.8610000014305115,0.8849999904632568,0.8579999804496765,0.8619999885559082,683007
2022-12-28,0.8619999885559082,0.875,0.8539999723434448,0.8619999885559082,335231
2022-12-29,0.8619999885559082,0.8849999904632568,0.8700000047683716,0.875,686013
2023-01-02,0.875,0.9200000166893005,0.8700000047683716,0.9089999794960022,1742220
2023-01-03,0.9089999794960022,0.9300000071525574,0.9010000228881836,0.9110000133514404,1069855
2023-01-04,0.9110000133514404,0.9179999828338623,0.8700000047683716,0.8999999761581421,1792077
2023-01-05,0.8999999761581421,0.9139999747276306,0.8899999856948853,0.9039999842643738,1441583
2023-01-09,0.9039999842643738,0.9139999747276306,0.8970000147819519,0.8999999761581421,567703
2023-01-10,0.8999999761581421,0.906000018119812,0.8640000224113464,0.8709999918937683,477707
2023-01-11,0.8709999918937683,0.8899999856948853,0.8500000238418579,0.8539999723434448,1086405
2023-01-12,0.8539999723434448,0.875,0.8240000009536743,0.8539999723434448,331107
2023-01-15,0.8539999723434448,0.8690000176429749,0.8410000205039978,0.8539999723434448,254669
2023-01-16,0.8539999723434448,0.8650000095367432,0.8410000205039978,0.8539999723434448,234634
2023-01-17,0.8539999723434448,0.878000020980835,0.8500000238418579,0.8539999723434448,352554
2023-01-18,0.8539999723434448,0.8700000047683716,0.8410000205039978,0.8489999771118164,532583
2023-01-19,0.8489999771118164,0.9049999713897705,0.843999981880188,0.8790000081062317,959675
2023-01-22,0.8790000081062317,0.8999999761581421,0.8669999837875366,0.878000020980835,675550
2023-01-23,0.878000020980835,0.8820000290870667,0.8550000190734863,0.8569999933242798,764130
2023-01-24,0.8569999933242798,0.8679999709129333,0.8450000286102295,0.8489999771118164,700481
2023-01-25,0.8489999771118164,0.8629999756813049,0.8460000157356262,0.8500000238418579,385415
2023-01-29,0.8500000238418579,0.8600000143051147,0.8320000171661377,0.8370000123977661,976854
2023-01-30,0.8370000123977661,0.8569999933242798,0.8050000071525574,0.8159999847412109,1135715
2023-01-31,0.8159999847412109,0.8289999961853027,0.7940000295639038,0.796999990940094,430784
2023-02-01,0.796999990940094,0.8190000057220459,0.7799999713897705,0.796999990940094,325916
2023-02-02,0.796999990940094,0.8289999961853027,0.7770000100135803,0.796999990940094,169892
2023-02-05,0.796999990940094,0.7979999780654907,0.75,0.796999990940094,270198
2023-02-06,0.796999990940094,0.7979999780654907,0.7549999952316284,0.7649999856948853,2021570
2023-02-07,0.7649999856948853,0.8009999990463257,0.7599999904632568,0.7979999780654907,784831
2023-02-08,0.7979999780654907,0.8100000023841858,0.781000018119812,0.7929999828338623,647179
2023-02-09,0.7929999828338623,0.8190000057220459,0.7900000214576721,0.7929999828338623,180170
2023-02-12,0.7929999828338623,0.8190000057220459,0.7929999828338623,0.800000011920929,449191
2023-02-13,0.800000011920929,0.8130000233650208,0.7910000085830688,0.800000011920929,225294
2023-02-14,0.800000011920929,0.8069999814033508,0.7799999713897705,0.7940000295639038,541222
2023-02-15,0.7940000295639038,0.8059999942779541,0.7910000085830688,0.7940000295639038,185947
2023-02-16,0.7940000295639038,0.8009999990463257,0.781000018119812,0.7870000004768372,517930
2023-02-19,0.7870000004768372,0.8040000200271606,0.7799999713897705,0.7870000004768372,304375
2023-02-20,0.7870000004768372,0.8029999732971191,0.7710000276565552,0.7770000100135803,683422
2023-02-21,0.7770000100135803,0.7990000247955322,0.765999972820282,0.7770000100135803,126715
2023-02-22,0.7770000100135803,0.7789999842643738,0.765999972820282,0.7770000100135803,75394
2023-02-23,0.7770000100135803,0.777999997138977,0.7570000290870667,0.7770000100135803,126818
2023-02-26,0.7770000100135803,0.7839999794960022,0.7620000243186951,0.7770000100135803,252090
2023-02-27,0.7770000100135803,0.7799999713897705,0.7599999904632568,0.7770000100135803,357633
2023-02-28,0.7770000100135803,0.7829999923706055,0.7609999775886536,0.7760000228881836,423913
2023-03-01,0.7760000228881836,0.8199999928474426,0.7799999713897705,0.8109999895095825,2672883
2023-03-02,0.8109999895095825,0.8299999833106995,0.8040000200271606,0.8059999942779541,1172898
2023-03-05,0.8059999942779541,0.8199999928474426,0.800000011920929,0.8040000200271606,707905
2023-03-06,0.8040000200271606,0.8289999961853027,0.8019999861717224,0.8180000185966492,812166
2023-03-07,0.8180000185966492,0.8199999928474426,0.7799999713897705,0.7929999828338623,532105
2023-03-08,0.7929999828338623,0.800000011920929,0.7710000276565552,0.7789999842643738,408826
2023-03-09,0.7789999842643738,0.7990000247955322,0.7730000019073486,0.7900000214576721,456799
2023-03-12,0.7900000214576721,0.800000011920929,0.7699999809265137,0.7900000214576721,255001
2023-03-13,0.7900000214576721,0.7770000100135803,0.699999988079071,0.7099999785423279,1874199
2023-03-14,0.7099999785423279,0.7450000047683716,0.703000009059906,0.7099999785423279,220899
2023-03-15,0.7099999785423279,0.7350000143051147,0.6000000238418579,0.6370000243186951,762070
2023-03-16,0.6370000243186951,0.6990000009536743,0.5899999737739563,0.6000000238418579,1604807
2023-03-19,0.6000000238418579,0.6499999761581421,0.6000000238418579,0.6000000238418579,209981
2023-03-20,0.6000000238418579,0.6800000071525574,0.6209999918937683,0.6499999761581421,511665
2023-03-21,0.6499999761581421,0.675000011920929,0.6359999775886536,0.6489999890327454,586569
2023-03-22,0.6489999890327454,0.6700000166893005,0.6299999952316284,0.6489999890327454,304623
2023-03-23,0.6489999890327454,0.6589999794960022,0.6330000162124634,0.6489999890327454,77870
2023-03-26,0.6489999890327454,0.6800000071525574,0.6470000147819519,0.6740000247955322,466144
2023-03-27,0.6740000247955322,0.6840000152587891,0.6549999713897705,0.6650000214576721,566498
2023-03-28,0.6650000214576721,0.6800000071525574,0.6520000100135803,0.6650000214576721,161767
2023-03-29,0.6650000214576721,0.75,0.652999997138977,0.7020000219345093,838768
2023-03-30,0.7020000219345093,0.7490000128746033,0.6669999957084656,0.7020000219345093,270272
2023-04-02,0.7020000219345093,0.7200000286102295,0.6669999957084656,0.7020000219345093,139581
2023-04-03,0.7020000219345093,0.7149999737739563,0.6800000071525574,0.699999988079071,471581
2023-04-04,0.699999988079071,0.7300000190734863,0.6930000185966492,0.699999988079071,384393
2023-04-05,0.699999988079071,0.7379999756813049,0.7070000171661377,0.7179999947547913,437653
2023-04-06,0.7179999947547913,0.7300000190734863,0.6800000071525574,0.6949999928474426,4649566
2023-04-09,0.6949999928474426,0.7210000157356262,0.6800000071525574,0.6949999928474426,330426
2023-04-10,0.6949999928474426,0.7170000076293945,0.675000011920929,0.6980000138282776,450560
2023-04-11,0.6980000138282776,0.7099999785423279,0.6850000023841858,0.6980000138282776,398643
2023-04-12,0.6980000138282776,0.7089999914169312,0.6790000200271606,0.6809999942779541,1186659
2023-04-13,0.6809999942779541,0.6899999976158142,0.6389999985694885,0.6460000276565552,8586039
2023-04-18,0.6460000276565552,0.671999990940094,0.6460000276565552,0.6700000166893005,3436525
2023-04-19,0.6700000166893005,0.6850000023841858,0.6650000214576721,0.6800000071525574,1392299
2023-04-26,0.6800000071525574,0.6949999928474426,0.6610000133514404,0.675000011920929,4905665
2023-04-27,0.675000011920929,0.6980000138282776,0.675000011920929,0.6899999976158142,4303148
2023-04-30,0.6899999976158142,0.699999988079071,0.6800000071525574,0.6880000233650208,4212001
2023-05-01,0.6880000233650208,0.6880000233650208,0.6880000233650208,0.6880000233650208,0
2023-05-02,0.6790000200271606,0.6880000233650208,0.6700000166893005,0.6790000200271606,732680
2023-05-03,0.6790000200271606,0.6880000233650208,0.6690000295639038,0.6710000038146973,581022
2023-05-07,0.6710000038146973,0.6790000200271606,0.6600000262260437,0.6710000038146973,985479
2023-05-08,0.6710000038146973,0.6890000104904175,0.6610000133514404,0.6769999861717224,1093882
2023-05-09,0.6769999861717224,0.6859999895095825,0.6729999780654907,0.6769999861717224,2048877
2023-05-10,0.6769999861717224,0.7390000224113464,0.671999990940094,0.7089999914169312,9076166
2023-05-11,0.7089999914169312,0.7300000190734863,0.6970000267028809,0.699999988079071,7467715
2023-05-14,0.699999988079071,0.7149999737739563,0.6909999847412109,0.7089999914169312,4231059
2023-05-15,0.7089999914169312,0.7089999914169312,0.7089999914169312,0.7089999914169312,0
2023-05-16,0.7089999914169312,0.7089999914169312,0.7089999914169312,0.7089999914169312,0
2023-05-17,0.7089999914169312,0.7089999914169312,0.7089999914169312,0.7089999914169312,0
2023-05-18,0.7089999914169312,0.7089999914169312,0.7089999914169312,0.7089999914169312,0
2023-05-21,0.7089999914169312,0.7089999914169312,0.7089999914169312,0.7089999914169312,0
2023-05-22,0.7089999914169312,0.7089999914169312,0.7089999914169312,0.7089999914169312,0
2023-05-23,0.7089999914169312,0.7089999914169312,0.7089999914169312,0.7089999914169312,0
2023-05-24,0.7089999914169312,0.7089999914169312,0.7089999914169312,0.7089999914169312,0
2023-05-25,0.7089999914169312,0.7089999914169312,0.7089999914169312,0.7089999914169312,0
2023-05-28,0.4959999918937683,0.48899999260902405,0.44699999690055847,0.46799999475479126,9391339
2023-05-29,0.46799999475479126,0.47999998927116394,0.4580000042915344,0.4650000035762787,8598099
2023-05-30,0.4650000035762787,0.47200000286102295,0.46299999952316284,0.46799999475479126,6496365
2023-05-31,0.46799999475479126,0.4699999988079071,0.4560000002384186,0.4560000002384186,7073218
2023-06-01,0.4560000002384186,0.46299999952316284,0.4560000002384186,0.45899999141693115,2325722
2023-06-04,0.45899999141693115,0.48500001430511475,0.46000000834465027,0.4690000116825104,10933812
2023-06-05,0.4690000116825104,0.4830000102519989,0.46799999475479126,0.4699999988079071,5039977
2023-06-06,0.4699999988079071,0.47999998927116394,0.4650000035762787,0.46799999475479126,3508317
2023-06-07,0.46799999475479126,0.47200000286102295,0.46299999952316284,0.4650000035762787,2520062
2023-06-08,0.4650000035762787,0.4749999940395355,0.460999995470047,0.46399998664855957,1294266
2023-06-11,0.46399998664855957,0.47600001096725464,0.4620000123977661,0.46700000762939453,4927234
2023-06-12,0.46700000762939453,0.4729999899864197,0.4650000035762787,0.46799999475479126,1030543
2023-06-13,0.46799999475479126,0.47099998593330383,0.460999995470047,0.46799999475479126,1799208
2023-06-14,0.46799999475479126,0.5070000290870667,0.46700000762939453,0.4830000102519989,30939591
2023-06-15,0.4830000102519989,0.4970000088214874,0.4749999940395355,0.47999998927116394,15480309
2023-06-18,0.47999998927116394,0.4869999885559082,0.47099998593330383,0.47600001096725464,5483636
2023-06-19,0.47600001096725464,0.49300000071525574,0.4699999988079071,0.4729999899864197,8756774
2023-06-20,0.4729999899864197,0.49000000953674316,0.4699999988079071,0.4729999899864197,20888890
2023-06-21,0.4729999899864197,0.47600001096725464,0.4580000042915344,0.45899999141693115,11495184
2023-06-22,0.45899999141693115,0.4659999907016754,0.45500001311302185,0.45899999141693115,2813712
2023-06-25,0.45899999141693115,0.46399998664855957,0.44600000977516174,0.4490000009536743,6197922
2023-06-26,0.4490000009536743,0.45100000500679016,0.4300000071525574,0.4480000138282776,4593038
2023-07-04,0.4480000138282776,0.45500001311302185,0.4440000057220459,0.44600000977516174,2608901
2023-07-05,0.44600000977516174,0.44999998807907104,0.4440000057220459,0.4480000138282776,1521460
2023-07-06,0.4480000138282776,0.4490000009536743,0.4350000023841858,0.43700000643730164,5458980
2023-07-09,0.43700000643730164,0.4449999928474426,0.42100000381469727,0.4230000078678131,5262883
2023-07-10,0.4230000078678131,0.42899999022483826,0.41100001335144043,0.421999990940094,2737875
2023-07-11,0.421999990940094,0.42899999022483826,0.4169999957084656,0.421999990940094,4065938
2023-07-12,0.421999990940094,0.42800000309944153,0.41999998688697815,0.42100000381469727,1685704
2023-07-13,0.42100000381469727,0.42500001192092896,0.4189999997615814,0.42100000381469727,3275858
2023-07-16,0.42100000381469727,0.4269999861717224,0.4189999997615814,0.42399999499320984,2673875
2023-07-17,0.42399999499320984,0.4269999861717224,0.4180000126361847,0.4180000126361847,4821046
2023-07-18,0.4180000126361847,0.4230000078678131,0.4169999957084656,0.4189999997615814,2319392
2023-07-19,0.4189999997615814,0.4189999997615814,0.4189999997615814,0.4189999997615814,0
2023-07-24,0.4189999997615814,0.421999990940094,0.41600000858306885,0.4189999997615814,1346033
2023-07-25,0.4189999997615814,0.421999990940094,0.414000004529953,0.41600000858306885,3296364
2023-07-26,0.41600000858306885,0.4180000126361847,0.4000000059604645,0.41100001335144043,3469999
2023-07-27,0.41100001335144043,0.42399999499320984,0.4090000092983246,0.4189999997615814,4260288
2023-07-30,0.4189999997615814,0.42500001192092896,0.41499999165534973,0.4169999957084656,2568787
2023-07-31,0.4169999957084656,0.42100000381469727,0.41100001335144043,0.4129999876022339,4088579
2023-08-01,0.4129999876022339,0.4580000042915344,0.41200000047683716,0.4519999921321869,30026289
2023-08-02,0.4519999921321869,0.4519999921321869,0.42899999022483826,0.4300000071525574,18797065
2023-08-03,0.4300000071525574,0.4359999895095825,0.4230000078678131,0.4309999942779541,7859348
2023-08-06,0.4309999942779541,0.43799999356269836,0.4259999990463257,0.42899999022483826,5392175
2023-08-07,0.42899999022483826,0.4339999854564667,0.4269999861717224,0.4320000112056732,5332830
2023-08-08,0.4320000112056732,0.43700000643730164,0.4269999861717224,0.4309999942779541,6603038
2023-08-09,0.4309999942779541,0.43700000643730164,0.42500001192092896,0.42500001192092896,9625156
2023-08-10,0.42500001192092896,0.4269999861717224,0.414000004529953,0.4180000126361847,3666477
2023-08-13,0.4180000126361847,0.4259999990463257,0.4189999997615814,0.42100000381469727,8803190
2023-08-14,0.42100000381469727,0.4259999990463257,0.42100000381469727,0.421999990940094,2674751
2023-08-15,0.421999990940094,0.4230000078678131,0.41600000858306885,0.4169999957084656,4787273
2023-08-16,0.4169999957084656,0.4259999990463257,0.4169999957084656,0.4189999997615814,6499631
2023-08-17,0.4189999997615814,0.42899999022483826,0.4180000126361847,0.4259999990463257,5030341
2023-08-20,0.4259999990463257,0.45100000500679016,0.42399999499320984,0.4440000057220459,14516211
2023-08-21,0.4440000057220459,0.4449999928474426,0.4300000071525574,0.43299999833106995,5450007
2023-08-22,0.43299999833106995,0.43700000643730164,0.4300000071525574,0.43299999833106995,3694790
2023-08-23,0.43299999833106995,0.4390000104904175,0.42100000381469727,0.42500001192092896,4974138
2023-08-24,0.42500001192092896,0.4300000071525574,0.41999998688697815,0.41999998688697815,4874847
2023-08-27,0.41999998688697815,0.4269999861717224,0.41999998688697815,0.42100000381469727,9145070
2023-08-28,0.42100000381469727,0.4259999990463257,0.41999998688697815,0.41999998688697815,4472514
2023-08-29,0.41999998688697815,0.42500001192092896,0.4189999997615814,0.41999998688697815,4374872
2023-08-30,0.41999998688697815,0.43299999833106995,0.42100000381469727,0.4269999861717224,12649434
2023-08-31,0.4269999861717224,0.4269999861717224,0.4269999861717224,0.4269999861717224,0
2023-09-03,0.4300000071525574,0.4449999928474426,0.4309999942779541,0.4320000112056732,16584714
2023-09-04,0.4320000112056732,0.4359999895095825,0.4259999990463257,0.42899999022483826,4079811
2023-09-05,0.42899999022483826,0.4440000057220459,0.42899999022483826,0.43299999833106995,9918789
2023-09-06,0.43299999833106995,0.43700000643730164,0.4259999990463257,0.4269999861717224,7748433
2023-09-07,0.4269999861717224,0.4309999942779541,0.42399999499320984,0.4259999990463257,2185031
2023-09-10,0.4259999990463257,0.4259999990463257,0.4259999990463257,0.4259999990463257,0
2023-09-11,0.4300000071525574,0.4339999854564667,0.42399999499320984,0.42500001192092896,5942375
2023-09-12,0.42500001192092896,0.4269999861717224,0.4189999997615814,0.41999998688697815,7082633
2023-09-13,0.41999998688697815,0.421999990940094,0.4189999997615814,0.41999998688697815,8838463
2023-09-14,0.41999998688697815,0.4230000078678131,0.4189999997615814,0.41999998688697815,6569767
2023-09-17,0.41999998688697815,0.43700000643730164,0.42100000381469727,0.42800000309944153,9687814
2023-09-18,0.42800000309944153,0.4309999942779541,0.4259999990463257,0.4269999861717224,3670439
2023-09-19,0.4269999861717224,0.4300000071525574,0.4180000126361847,0.4189999997615814,15995513
2023-09-20,0.4189999997615814,0.4189999997615814,0.4189999997615814,0.4189999997615814,0
2023-09-21,0.4189999997615814,0.4189999997615814,0.4189999997615814,0.4189999997615814,0
2023-09-24,0.4189999997615814,0.4189999997615814,0.4189999997615814,0.4189999997615814,0
2023-09-25,0.40400001406669617,0.4090000092983246,0.4009999930858612,0.4009999930858612,4718125
2023-09-26,0.4009999930858612,0.4059999883174896,0.39800000190734863,0.4000000059604645,5761418
2023-09-27,0.4000000059604645,0.4000000059604645,0.4000000059604645,0.4000000059604645,0
2023-10-01,0.4000000059604645,0.4000000059604645,0.4000000059604645,0.4000000059604645,0
2023-10-02,0.38999998569488525,0.3930000066757202,0.37700000405311584,0.38199999928474426,3553299
2023-10-03,0.38199999928474426,0.39800000190734863,0.3799999952316284,0.3889999985694885,5391542
2023-10-04,0.3889999985694885,0.3930000066757202,0.3840000033378601,0.3889999985694885,2820852
2023-10-08,0.3889999985694885,0.38999998569488525,0.35199999809265137,0.367000013589859,4404605
2023-10-09,0.367000013589859,0.375,0.3630000054836273,0.36800000071525574,2990865
2023-10-10,0.36800000071525574,0.37400001287460327,0.36500000953674316,0.36899998784065247,1488643
2023-10-11,0.36899998784065247,0.3799999952316284,0.36899998784065247,0.3779999911785126,4103236
2023-10-12,0.3779999911785126,0.3869999945163727,0.3720000088214874,0.37700000405311584,2072507
2023-10-15,0.37700000405311584,0.382999986410141,0.3700000047683716,0.37299999594688416,4021384
2023-10-16,0.37299999594688416,0.3790000081062317,0.36800000071525574,0.3700000047683716,6603735
2023-10-17,0.3700000047683716,0.3790000081062317,0.3700000047683716,0.375,3085976
2023-10-18,0.375,0.3790000081062317,0.3700000047683716,0.3720000088214874,8097925
2023-10-19,0.3720000088214874,0.3720000088214874,0.3720000088214874,0.3720000088214874,0
2023-10-22,0.3700000047683716,0.37700000405311584,0.36800000071525574,0.375,3424813
2023-10-23,0.375,0.3840000033378601,0.37599998712539673,0.3790000081062317,6852461
2023-10-24,0.3790000081062317,0.38600000739097595,0.37599998712539673,0.3799999952316284,4902219
2023-10-25,0.3799999952316284,0.38600000739097595,0.37700000405311584,0.3840000033378601,4541403
2023-10-26,0.3840000033378601,0.3970000147819519,0.38499999046325684,0.3930000066757202,10820940
2023-10-29,0.3930000066757202,0.4090000092983246,0.39399999380111694,0.4009999930858612,10098824
2023-10-30,0.4009999930858612,0.40799999237060547,0.4000000059604645,0.4009999930858612,7100627
2023-10-31,0.4009999930858612,0.40299999713897705,0.3880000114440918,0.38999998569488525,5312743
2023-11-01,0.38999998569488525,0.3959999978542328,0.37700000405311584,0.3799999952316284,6488199
2023-11-02,0.3799999952316284,0.39800000190734863,0.38100001215934753,0.38999998569488525,7586964
2023-11-05,0.38999998569488525,0.41200000047683716,0.39500001072883606,0.40799999237060547,13545110
2023-11-06,0.40799999237060547,0.41499999165534973,0.40700000524520874,0.4129999876022339,9550626
2023-11-07,0.4129999876022339,0.4169999957084656,0.40799999237060547,0.41200000047683716,7000436
2023-11-08,0.41200000047683716,0.4230000078678131,0.41200000047683716,0.414000004529953,9558256
2023-11-09,0.414000004529953,0.4169999957084656,0.40400001406669617,0.4059999883174896,6004886
2023-11-12,0.4059999883174896,0.4869999885559082,0.40700000524520874,0.4869999885559082,70473576
2023-11-13,0.4869999885559082,0.5149999856948853,0.46700000762939453,0.47999998927116394,61991954
2023-11-14,0.47999998927116394,0.5040000081062317,0.46399998664855957,0.47200000286102295,40556873
2023-11-15,0.47200000286102295,0.5109999775886536,0.4749999940395355,0.48899999260902405,52037700
2023-11-16,0.48899999260902405,0.5249999761581421,0.48500001430511475,0.5249999761581421,55557782
2023-11-19,0.5249999761581421,0.5709999799728394,0.5299999713897705,0.5709999799728394,86018368
2023-11-20,0.5709999799728394,0.6079999804496765,0.5360000133514404,0.5960000157356262,71926848
2023-11-21,0.5960000157356262,0.6129999756813049,0.5809999704360962,0.5870000123977661,43960846
2023-11-22,0.5870000123977661,0.6470000147819519,0.5830000042915344,0.6320000290870667,43788002
2023-11-23,0.6320000290870667,0.6399999856948853,0.6179999709129333,0.6299999952316284,24635453
2023-11-26,0.6299999952316284,0.6330000162124634,0.5870000123977661,0.5950000286102295,28429889
2023-11-27,0.5950000286102295,0.625,0.5899999737739563,0.5920000076293945,27955929
2023-11-28,0.5920000076293945,0.6039999723434448,0.5649999976158142,0.5809999704360962,14527135
2023-11-29,0.5809999704360962,0.5899999737739563,0.550000011920929,0.5550000071525574,22836225
2023-11-30,0.5550000071525574,0.5699999928474426,0.5440000295639038,0.5580000281333923,17865357
2023-12-03,0.5580000281333923,0.5799999833106995,0.5440000295639038,0.5630000233650208,14328778
2023-12-04,0.5630000233650208,0.5789999961853027,0.5600000023841858,0.5630000233650208,8755731
2023-12-05,0.5630000233650208,0.6179999709129333,0.5649999976158142,0.6169999837875366,33297026
2023-12-06,0.6169999837875366,0.6399999856948853,0.6050000190734863,0.6200000047683716,45020838
2023-12-07,0.6200000047683716,0.6740000247955322,0.5249999761581421,0.6650000214576721,48438769
2023-12-10,0.6650000214576721,0.7229999899864197,0.6650000214576721,0.7099999785423279,44903338
2023-12-11,0.7099999785423279,0.7229999899864197,0.6510000228881836,0.6729999780654907,25480002
2023-12-12,0.6729999780654907,0.7080000042915344,0.6600000262260437,0.6650000214576721,17602591
2023-12-13,0.6650000214576721,0.699999988079071,0.6510000228881836,0.6570000052452087,11368794
2023-12-14,0.6570000052452087,0.699999988079071,0.6499999761581421,0.6779999732971191,15482254
2023-12-17,0.6779999732971191,0.7099999785423279,0.6850000023841858,0.6859999895095825,19304228
2023-12-18,0.6859999895095825,0.699999988079071,0.6809999942779541,0.6869999766349792,13207570
2023-12-19,0.6869999766349792,0.6959999799728394,0.6639999747276306,0.6660000085830688,5062137
2023-12-20,0.6660000085830688,0.6880000233650208,0.6539999842643738,0.6570000052452087,4077823
2023-12-21,0.6570000052452087,0.6790000200271606,0.6510000228881836,0.6539999842643738,2803955
2023-12-24,0.6539999842643738,0.6539999842643738,0.6539999842643738,0.6539999842643738,0
2023-12-25,0.6320000290870667,0.6679999828338623,0.6039999723434448,0.6439999938011169,9452210
2023-12-26,0.6439999938011169,0.6600000262260437,0.6330000162124634,0.6370000243186951,6307102
2023-12-27,0.6370000243186951,0.6899999976158142,0.6299999952316284,0.6669999957084656,11269133
2023-12-28,0.6669999957084656,0.6850000023841858,0.6549999713897705,0.6579999923706055,3734241
2023-12-31,0.6579999923706055,0.6729999780654907,0.6399999856948853,0.6430000066757202,2312100
2024-01-02,0.6430000066757202,0.6629999876022339,0.6499999761581421,0.656000018119812,2480869
2024-01-03,0.656000018119812,0.671999990940094,0.6460000276565552,0.656000018119812,20403788
2024-01-04,0.656000018119812,0.6899999976158142,0.6549999713897705,0.6570000052452087,27168694
2024-01-08,0.6570000052452087,0.6729999780654907,0.6510000228881836,0.652999997138977,10082498
2024-01-09,0.652999997138977,0.6690000295639038,0.6510000228881836,0.652999997138977,11780302
2024-01-10,0.652999997138977,0.6600000262260437,0.6499999761581421,0.6510000228881836,12959017
2024-01-11,0.6510000228881836,0.6610000133514404,0.6480000019073486,0.6570000052452087,10884636
2024-01-14,0.6570000052452087,0.6669999957084656,0.6570000052452087,0.6589999794960022,14062474
2024-01-15,0.6589999794960022,0.7129999995231628,0.6589999794960022,0.6740000247955322,62759572
2024-01-16,0.6740000247955322,0.7049999833106995,0.6729999780654907,0.675000011920929,24403128
2024-01-17,0.675000011920929,0.7990000247955322,0.6600000262260437,0.7480000257492065,90974929
2024-01-18,0.7480000257492065,0.7549999952316284,0.7250000238418579,0.7440000176429749,29937029
2024-01-21,0.7440000176429749,0.7799999713897705,0.7450000047683716,0.75,25061073
2024-01-22,0.75,0.7639999985694885,0.734000027179718,0.7360000014305115,18859422
2024-01-23,0.7360000014305115,0.75,0.7260000109672546,0.7369999885559082,12701899
2024-01-24,0.7369999885559082,0.796999990940094,0.7400000095367432,0.7929999828338623,51540870
2024-01-28,0.7929999828338623,0.8399999737739563,0.781000018119812,0.7870000004768372,42399916
2024-01-29,0.7870000004768372,0.8019999861717224,0.7699999809265137,0.7900000214576721,18150555
2024-01-30,0.7900000214576721,0.8199999928474426,0.7829999923706055,0.8100000023841858,25474937
2024-01-31,0.8100000023841858,0.875,0.722000002861023,0.8109999895095825,53825249
2024-02-01,0.8109999895095825,0.8299999833106995,0.7599999904632568,0.8119999766349792,25135113
2024-02-04,0.8119999766349792,0.8399999737739563,0.7900000214576721,0.8220000267028809,20827148
2024-02-05,0.8220000267028809,0.8600000143051147,0.8100000023841858,0.8159999847412109,24777329
2024-02-06,0.8159999847412109,0.8370000123977661,0.7919999957084656,0.7929999828338623,14335463
2024-02-07,0.7929999828338623,0.8090000152587891,0.7710000276565552,0.781000018119812,15991584
2024-02-08,0.781000018119812,0.8019999861717224,0.7599999904632568,0.7699999809265137,23000557
2024-02-11,0.7699999809265137,0.7799999713897705,0.7329999804496765,0.7519999742507935,10237954
2024-02-12,0.7519999742507935,0.800000011920929,0.7360000014305115,0.7730000019073486,10480924
2024-02-13,0.7730000019073486,0.7900000214576721,0.7699999809265137,0.7699999809265137,6227407
2024-02-14,0.7699999809265137,0.7879999876022339,0.7720000147819519,0.7739999890327454,7337799
2024-02-15,0.7739999890327454,0.8130000233650208,0.7799999713897705,0.7990000247955322,20696960
2024-02-18,0.7990000247955322,0.7990000247955322,0.7990000247955322,0.7990000247955322,0
2024-02-19,0.8529999852180481,0.9570000171661377,0.8740000128746033,0.9549999833106995,56314920
2024-02-20,0.9549999833106995,1.034999966621399,0.972000002861023,0.9769999980926514,58479129
2024-02-21,0.9769999980926514,1.003000020980835,0.9599999785423279,0.9729999899864197,33933743
2024-02-22,0.9729999899864197,1.1670000553131104,0.9729999899864197,1.1670000553131104,58718666
2024-02-25,1.1670000553131104,1.399999976158142,1.1660000085830688,1.3639999628067017,60391005
2024-02-26,1.3639999628067017,1.5,1.225000023841858,1.3700000047683716,65640319
2024-02-27,1.3700000047683716,1.3980000019073486,1.2359999418258667,1.2450000047683716,33990663
2024-02-28,1.2450000047683716,1.3300000429153442,1.1239999532699585,1.1239999532699585,24891446
2024-02-29,1.1239999532699585,1.2970000505447388,1.0199999809265137,1.25,49925914
2024-03-03,1.25,1.2949999570846558,1.1749999523162842,1.1920000314712524,24870274
2024-03-04,1.1920000314712524,1.2239999771118164,1.159999966621399,1.1799999475479126,14370268
2024-03-05,1.1799999475479126,1.2799999713897705,1.1820000410079956,1.1979999542236328,38294830
2024-03-06,1.1979999542236328,1.1990000009536743,1.0800000429153442,1.093000054359436,20128717
2024-03-07,1.093000054359436,1.1299999952316284,1.0299999713897705,1.0460000038146973,13139442
2024-03-10,1.0460000038146973,1.187999963760376,1.0700000524520874,1.1360000371932983,22314486
2024-03-11,1.1360000371932983,1.1649999618530273,1.0759999752044678,1.0839999914169312,10090569
2024-03-12,1.0839999914169312,1.1399999856948853,1.003999948501587,1.0240000486373901,11168257
2024-03-13,1.0240000486373901,1.0850000381469727,0.9800000190734863,1.003999948501587,9722960
2024-03-14,1.003999948501587,1.0889999866485596,1.0,1.059000015258789,11935709
2024-03-17,1.059000015258789,1.1640000343322754,1.0700000524520874,1.1030000448226929,15691171
2024-03-18,1.1030000448226929,1.1239999532699585,0.9860000014305115,1.0010000467300415,18438015
2024-03-19,1.0010000467300415,1.0190000534057617,0.9309999942779541,0.9800000190734863,16445225
2024-03-20,0.9800000190734863,1.031000018119812,0.9819999933242798,1.0199999809265137,16472287
2024-03-21,1.0199999809265137,1.0880000591278076,1.0099999904632568,1.0579999685287476,19644691
2024-03-24,1.0579999685287476,1.093999981880188,1.0219999551773071,1.0299999713897705,11541107
2024-03-25,1.0299999713897705,1.1100000143051147,1.0299999713897705,1.093000054359436,19842727
2024-03-26,1.093000054359436,1.128999948501587,1.0529999732971191,1.0609999895095825,13837529
2024-03-27,1.0609999895095825,1.0750000476837158,1.0140000581741333,1.0180000066757202,7861357
2024-03-28,1.0180000066757202,1.0379999876022339,0.9810000061988831,0.996999979019165,5782636
2024-03-31,0.996999979019165,1.0210000276565552,0.9599999785423279,0.9919999837875366,4912895
2024-04-01,0.9919999837875366,1.062999963760376,0.9980000257492065,1.059999942779541,8417131
2024-04-02,1.059999942779541,1.0789999961853027,1.0299999713897705,1.0410000085830688,10970097
2024-04-03,1.0410000085830688,1.0479999780654907,1.0110000371932983,1.024999976158142,4392621
2024-04-04,1.024999976158142,1.0490000247955322,1.0260000228881836,1.031000018119812,3083220
2024-04-07,1.031000018119812,1.0700000524520874,1.031999945640564,1.034999966621399,8170556
2024-04-08,1.034999966621399,1.059000015258789,1.0230000019073486,1.0440000295639038,4809765
2024-04-15,1.0440000295639038,1.149999976158142,1.031000018119812,1.149999976158142,23205281
2024-04-16,1.149999976158142,1.1890000104904175,1.1399999856948853,1.1699999570846558,26362043
2024-04-17,1.1699999570846558,1.2100000381469727,1.159999966621399,1.1710000038146973,15025508
2024-04-18,1.1710000038146973,1.1959999799728394,1.0509999990463257,1.1130000352859497,17073750
2024-04-21,1.1130000352859497,1.159999966621399,0.949999988079071,1.1059999465942383,17873020
2024-04-22,1.1059999465942383,1.1480000019073486,1.059999942779541,1.0740000009536743,6367797
2024-04-23,1.0740000009536743,1.0839999914169312,0.9599999785423279,0.9940000176429749,18275194
2024-04-24,0.9940000176429749,1.003000020980835,0.9309999942779541,0.9409999847412109,9214324
2024-04-28,0.9409999847412109,0.9409999847412109,0.9409999847412109,0.9409999847412109,0
2024-04-29,0.8510000109672546,0.8799999952316284,0.8320000171661377,0.8790000081062317,9849689
2024-04-30,0.8790000081062317,0.8899999856948853,0.7929999828338623,0.800000011920929,9809926
2024-05-02,0.8100000023841858,0.8500000238418579,0.8009999990463257,0.8500000238418579,12096943
2024-05-07,0.8500000238418579,0.8759999871253967,0.8199999928474426,0.8529999852180481,13663673
2024-05-08,0.8529999852180481,0.8669999837875366,0.8220000267028809,0.8230000138282776,9210365
2024-05-09,0.8230000138282776,0.8299999833106995,0.8019999861717224,0.8190000057220459,7527880
2024-05-12,0.8190000057220459,0.828000009059906,0.7599999904632568,0.7699999809265137,8970701
2024-05-13,0.7699999809265137,0.7889999747276306,0.7009999752044678,0.7400000095367432,9257643
2024-05-14,0.7400000095367432,0.7799999713897705,0.7250000238418579,0.7570000290870667,14142657
2024-05-15,0.7570000290870667,0.7960000038146973,0.75,0.7720000147819519,12627962
2024-05-16,0.7720000147819519,0.8090000152587891,0.7749999761581421,0.800000011920929,9271718
2024-05-19,0.800000011920929,0.8389999866485596,0.800000011920929,0.8389999866485596,16616943
2024-05-20,0.8389999866485596,0.8600000143051147,0.8199999928474426,0.8240000009536743,10356001
2024-05-21,0.8240000009536743,0.8370000123977661,0.7699999809265137,0.7900000214576721,5938638
2024-05-22,0.7900000214576721,0.8050000071525574,0.7850000262260437,0.7979999780654907,5162985
2024-05-23,0.7979999780654907,0.8199999928474426,0.800000011920929,0.8019999861717224,6330843
2024-05-26,0.8019999861717224,0.8019999861717224,0.8019999861717224,0.8019999861717224,0
2024-05-27,0.8169999718666077,0.8450000286102295,0.8100000023841858,0.8199999928474426,10669189
2024-05-28,0.8199999928474426,0.8270000219345093,0.7979999780654907,0.8199999928474426,10819749
2024-05-29,0.8199999928474426,0.828000009059906,0.8050000071525574,0.8080000281333923,3780665
2024-05-30,0.8080000281333923,0.8119999766349792,0.7739999890327454,0.7870000004768372,6646597
2024-06-02,0.7870000004768372,0.8149999976158142,0.7730000019073486,0.7850000262260437,5261621
2024-06-03,0.7850000262260437,0.7900000214576721,0.753000020980835,0.7599999904632568,4523029
2024-06-04,0.7599999904632568,0.7799999713897705,0.7450000047683716,0.7459999918937683,6339126
2024-06-05,0.7459999918937683,0.7590000033378601,0.7260000109672546,0.7490000128746033,5959289
2024-06-06,0.7490000128746033,0.7559999823570251,0.7329999804496765,0.7350000143051147,2721715
2024-06-09,0.7350000143051147,0.7429999709129333,0.7139999866485596,0.7160000205039978,3127291
2024-06-10,0.7160000205039978,0.7250000238418579,0.7099999785423279,0.7179999947547913,2692175
2024-06-11,0.7179999947547913,0.7490000128746033,0.7179999947547913,0.7400000095367432,6018192
2024-06-12,0.7400000095367432,0.746999979019165,0.7360000014305115,0.7400000095367432,2397675
2024-06-13,0.7400000095367432,0.7459999918937683,0.7350000143051147,0.7369999885559082,3483367
2024-06-23,0.7369999885559082,0.7739999890327454,0.7409999966621399,0.7689999938011169,5371008
2024-06-24,0.7689999938011169,0.800000011920929,0.765999972820282,0.7730000019073486,4729775
2024-06-25,0.7730000019073486,0.7799999713897705,0.7519999742507935,0.7730000019073486,6139596
2024-06-26,0.7730000019073486,0.7829999923706055,0.753000020980835,0.7699999809265137,6814071
2024-06-27,0.7699999809265137,0.7770000100135803,0.7599999904632568,0.7609999775886536,3600627
2024-07-02,0.7710000276565552,0.7950000166893005,0.7689999938011169,0.7689999938011169,22656433
2024-07-03,0.7689999938011169,0.8299999833106995,0.7739999890327454,0.8100000023841858,35131059
2024-07-04,0.8100000023841858,0.8550000190734863,0.8169999718666077,0.8230000138282776,42403375
2024-07-07,0.8230000138282776,0.8640000224113464,0.8299999833106995,0.8429999947547913,28786444
2024-07-08,0.8429999947547913,0.8550000190734863,0.8109999895095825,0.8130000233650208,11936038
2024-07-09,0.8130000233650208,0.8209999799728394,0.7979999780654907,0.8090000152587891,8040564
2024-07-10,0.8090000152587891,0.8159999847412109,0.800000011920929,0.8029999732971191,3455597
2024-07-14,0.8029999732971191,0.8140000104904175,0.7940000295639038,0.800000011920929,5117836
2024-07-15,0.800000011920929,0.8259999752044678,0.7919999957084656,0.8080000281333923,9185894
2024-07-16,0.8080000281333923,0.8569999933242798,0.8159999847412109,0.828000009059906,16882685
2024-07-17,0.828000009059906,0.8899999856948853,0.8299999833106995,0.8859999775886536,45018846
2024-07-18,0.8859999775886536,0.9179999828338623,0.871999979019165,0.875,24815032
2024-07-21,0.875,0.8830000162124634,0.8650000095367432,0.8769999742507935,18213019
2024-07-22,0.8769999742507935,0.9039999842643738,0.8679999709129333,0.8700000047683716,27739948
2024-07-23,0.8700000047683716,0.8859999775886536,0.8619999885559082,0.8640000224113464,13367384
2024-07-24,0.8640000224113464,0.9139999747276306,0.8650000095367432,0.8989999890327454,29099586
2024-07-28,0.8989999890327454,0.9440000057220459,0.9120000004768372,0.9399999976158142,35929146
2024-07-29,0.9399999976158142,0.9700000286102295,0.9210000038146973,0.9229999780654907,32390125
2024-07-30,0.9229999780654907,0.9409999847412109,0.9020000100135803,0.9350000023841858,14646073
2024-07-31,0.9350000023841858,0.9819999933242798,0.9309999942779541,0.9729999899864197,18564021
2024-08-01,0.9729999899864197,0.984000027179718,0.9449999928474426,0.9480000138282776,11031838
2024-08-04,0.9480000138282776,0.9399999976158142,0.8600000143051147,0.890999972820282,14501338
2024-08-05,0.890999972820282,0.8799999952316284,0.8009999990463257,0.8320000171661377,21536284
2024-08-06,0.8320000171661377,0.8700000047683716,0.8349999785423279,0.8519999980926514,8027594
2024-08-07,0.8519999980926514,0.8799999952316284,0.8600000143051147,0.8730000257492065,21059638
2024-08-08,0.8730000257492065,0.8799999952316284,0.8560000061988831,0.8619999885559082,5736466
2024-08-11,0.8619999885559082,0.8930000066757202,0.8650000095367432,0.8830000162124634,10760555
2024-08-12,0.8830000162124634,0.8989999890327454,0.8650000095367432,0.8669999837875366,10567098
2024-08-13,0.8669999837875366,0.875,0.8399999737739563,0.8519999980926514,6530964
2024-08-14,0.8519999980926514,0.8870000243186951,0.8550000190734863,0.8579999804496765,9969402
2024-08-15,0.8579999804496765,0.8730000257492065,0.8539999723434448,0.8619999885559082,6653923
2024-08-18,0.8619999885559082,0.9089999794960022,0.8600000143051147,0.8930000066757202,16453037
2024-08-19,0.8930000066757202,0.9240000247955322,0.8899999856948853,0.8930000066757202,28193490
2024-08-20,0.8930000066757202,0.9100000262260437,0.8899999856948853,0.890999972820282,17846269
2024-08-21,0.890999972820282,0.902999997138977,0.8849999904632568,0.8870000243186951,9997472
2024-08-22,0.8870000243186951,0.9380000233650208,0.8930000066757202,0.9120000004768372,45578552
2024-08-25,0.9120000004768372,0.9380000233650208,0.9179999828338623,0.9240000247955322,17582895
2024-08-26,0.9240000247955322,0.9340000152587891,0.9010000228881836,0.906000018119812,14964176
2024-08-27,0.906000018119812,0.9319999814033508,0.9039999842643738,0.9049999713897705,13697796
2024-08-28,0.9049999713897705,0.9549999833106995,0.9039999842643738,0.9399999976158142,39925484
2024-08-29,0.9399999976158142,0.9700000286102295,0.9359999895095825,0.9459999799728394,30584351
2024-09-01,0.9459999799728394,0.9750000238418579,0.9459999799728394,0.9700000286102295,24932940
2024-09-02,0.9700000286102295,0.9800000190734863,0.9419999718666077,0.949999988079071,22071102
2024-09-03,0.949999988079071,0.9679999947547913,0.9449999928474426,0.9509999752044678,12719585
2024-09-04,0.9509999752044678,1.0399999618530273,0.9319999814033508,1.031999945640564,55439246
2024-09-05,1.031999945640564,1.0870000123977661,1.0360000133514404,1.0729999542236328,51307492
2024-09-08,1.0729999542236328,1.100000023841858,1.0399999618530273,1.0800000429153442,22345879
2024-09-09,1.0800000429153442,1.1299999952316284,1.059999942779541,1.0700000524520874,30201128
2024-09-10,1.0700000524520874,1.149999976158142,1.0399999618530273,1.1100000143051147,50675424
2024-09-11,1.1100000143051147,1.1200000047683716,1.059999942779541,1.0800000429153442,25798679
2024-09-12,1.0800000429153442,1.1200000047683716,1.0700000524520874,1.0800000429153442,19994904
2024-09-16,1.0800000429153442,1.1100000143051147,1.0499999523162842,1.059999942779541,15449847
2024-09-17,1.059999942779541,1.1200000047683716,1.059999942779541,1.090000033378601,34989664
2024-09-18,1.090000033378601,1.090000033378601,1.0700000524520874,1.090000033378601,8450007
2024-09-19,1.090000033378601,1.1399999856948853,1.090000033378601,1.100000023841858,32540471
2024-09-22,1.100000023841858,1.1200000047683716,1.090000033378601,1.1100000143051147,14195686
2024-09-23,1.1100000143051147,1.1699999570846558,1.1100000143051147,1.149999976158142,34272115
2024-09-24,1.1299999952316284,1.149999976158142,1.100000023841858,1.1100000143051147,20159948
2024-09-25,1.1100000143051147,1.159999966621399,1.1100000143051147,1.1299999952316284,40519325
2024-09-26,1.1299999952316284,1.149999976158142,1.100000023841858,1.1100000143051147,20159948
2024-09-29,1.1100000143051147,1.1200000047683716,1.090000033378601,1.100000023841858,18166500
2024-09-30,1.100000023841858,1.1100000143051147,1.0800000429153442,1.090000033378601,17135512
2024-10-01,1.090000033378601,1.159999966621399,1.0800000429153442,1.1299999952316284,44691819
2024-10-02,1.1299999952316284,1.1799999475479126,1.1100000143051147,1.1299999952316284,67327128
2024-10-03,1.1299999952316284,1.2400000095367432,1.1399999856948853,1.159999966621399,123048217
2024-10-07,1.159999966621399,1.190000057220459,1.1200000047683716,1.1200000047683716,28760931
2024-10-08,1.1200000047683716,1.1699999570846558,1.0800000429153442,1.100000023841858,33596951
2024-10-09,1.100000023841858,1.1799999475479126,1.0800000429153442,1.1799999475479126,50167684
2024-10-10,1.1799999475479126,1.2300000190734863,1.1699999570846558,1.190000057220459,51339407
2024-10-13,1.190000057220459,1.2599999904632568,1.149999976158142,1.2000000476837158,58563258
2024-10-14,1.2000000476837158,1.2799999713897705,1.190000057220459,1.25,46584894
2024-10-15,1.25,1.2799999713897705,1.2300000190734863,1.2300000190734863,41112675
2024-10-16,1.2300000190734863,1.2899999618530273,1.2000000476837158,1.2799999713897705,47005139
2024-10-17,1.2799999713897705,1.3300000429153442,1.2599999904632568,1.2899999618530273,46835835
2024-10-20,1.2899999618530273,1.2899999618530273,1.2100000381469727,1.2100000381469727,24678629
2024-10-21,1.2100000381469727,1.2799999713897705,1.1799999475479126,1.2799999713897705,40045701
2024-10-22,1.2799999713897705,1.3200000524520874,1.2599999904632568,1.2999999523162842,33061449
2024-10-23,1.2999999523162842,1.340000033378601,1.2699999809265137,1.2699999809265137,30224372
2024-10-24,1.2699999809265137,1.2799999713897705,1.25,1.25,18959346
2024-10-27,1.25,1.2699999809265137,1.2400000095367432,1.2599999904632568,10208674
2024-10-28,1.2599999904632568,1.2699999809265137,1.2300000190734863,1.2400000095367432,14675343
2024-10-29,1.2400000095367432,1.2899999618530273,1.2400000095367432,1.2799999713897705,35608703
2024-10-30,1.2799999713897705,1.309999942779541,1.2599999904632568,1.2699999809265137,13413617
2024-10-31,1.2699999809265137,1.3200000524520874,1.2599999904632568,1.2799999713897705,30002992
2024-11-03,1.2799999713897705,1.2899999618530273,1.25,1.2599999904632568,11162850
2024-11-04,1.2599999904632568,1.2799999713897705,1.25,1.25,13333298
2024-11-05,1.25,1.2799999713897705,1.2400000095367432,1.2400000095367432,15004099
2024-11-06,1.2400000095367432,1.2699999809265137,1.2400000095367432,1.2400000095367432,10273162
2024-11-07,1.2400000095367432,1.2599999904632568,1.2400000095367432,1.25,14839286
2024-11-10,1.25,1.2699999809265137,1.2400000095367432,1.2599999904632568,11596187
2024-11-11,1.2599999904632568,1.2699999809265137,1.2400000095367432,1.25,13514707
2024-11-12,1.25,1.309999942779541,1.2400000095367432,1.2899999618530273,43224731
2024-11-13,1.2899999618530273,1.3300000429153442,1.2699999809265137,1.2799999713897705,21993585
2024-11-14,1.2799999713897705,1.2899999618530273,1.25,1.2699999809265137,15804921
2024-11-17,1.2699999809265137,1.2799999713897705,1.25,1.2599999904632568,7672594
2024-11-18,1.2599999904632568,1.2699999809265137,1.2000000476837158,1.2100000381469727,13333129
2024-11-19,1.2100000381469727,1.2200000286102295,1.1699999570846558,1.1699999570846558,14438609
2024-11-20,1.1699999570846558,1.190000057220459,1.1399999856948853,1.149999976158142,15303069
2024-11-21,1.149999976158142,1.190000057220459,1.1399999856948853,1.159999966621399,16202318
2024-11-24,1.159999966621399,1.2000000476837158,1.159999966621399,1.159999966621399,16948907
2024-11-25,1.159999966621399,1.1699999570846558,1.1399999856948853,1.159999966621399,10889333
2024-11-26,1.159999966621399,1.1699999570846558,1.1399999856948853,1.149999976158142,6569847
2024-11-27,1.149999976158142,1.1699999570846558,1.1200000047683716,1.1399999856948853,6979328
2024-11-28,1.1399999856948853,1.149999976158142,1.1200000047683716,1.1299999952316284,4493018
2024-12-01,1.1299999952316284,1.159999966621399,1.1299999952316284,1.149999976158142,9079980
2024-12-02,1.149999976158142,1.159999966621399,1.1399999856948853,1.1399999856948853,6884815
2024-12-03,1.1399999856948853,1.159999966621399,1.1299999952316284,1.1299999952316284,5886572
2024-12-04,1.1299999952316284,1.149999976158142,1.1299999952316284,1.1399999856948853,5081416
2024-12-05,1.1399999856948853,1.190000057220459,1.1399999856948853,1.1699999570846558,22106536
2024-12-08,1.1699999570846558,1.190000057220459,1.159999966621399,1.1699999570846558,9183559
2024-12-09,1.1699999570846558,1.1799999475479126,1.159999966621399,1.1699999570846558,9792845
2024-12-10,1.1699999570846558,1.2200000286102295,1.159999966621399,1.2200000286102295,21211861
2024-12-11,1.2200000286102295,1.2699999809265137,1.2200000286102295,1.2400000095367432,30503014
2024-12-12,1.2400000095367432,1.2699999809265137,1.2200000286102295,1.2400000095367432,18565115
2024-12-15,1.2400000095367432,1.2699999809265137,1.2200000286102295,1.2400000095367432,9616002
2024-12-16,1.2400000095367432,1.2599999904632568,1.2200000286102295,1.2300000190734863,8472160
2024-12-17,1.2300000190734863,1.2400000095367432,1.2000000476837158,1.2000000476837158,13061195
2024-12-18,1.2000000476837158,1.2400000095367432,1.1799999475479126,1.190000057220459,14214023
2024-12-19,1.190000057220459,1.190000057220459,1.1699999570846558,1.1799999475479126,8866633
2024-12-22,1.1799999475479126,1.2100000381469727,1.1699999570846558,1.1699999570846558,6518743
2024-12-23,1.1699999570846558,1.190000057220459,1.1299999952316284,1.1299999952316284,9334315
2024-12-24,1.1299999952316284,1.149999976158142,1.1200000047683716,1.1299999952316284,7885621
2024-12-25,1.1299999952316284,1.159999966621399,1.1299999952316284,1.1399999856948853,3901620
2024-12-26,1.1399999856948853,1.149999976158142,1.1200000047683716,1.1299999952316284,4691550
2024-12-29,1.1299999952316284,1.149999976158142,1.1100000143051147,1.1100000143051147,5616903
2024-12-30,1.1100000143051147,1.1200000047683716,1.0700000524520874,1.0800000429153442,4609326
2024-12-31,1.0800000429153442,1.1299999952316284,1.100000023841858,1.1100000143051147,8420924
2025-01-02,1.1100000143051147,1.149999976158142,1.1100000143051147,1.1399999856948853,8817134
2025-01-05,1.1399999856948853,1.2200000286102295,1.1699999570846558,1.2200000286102295,33709600
2025-01-06,1.2200000286102295,1.2300000190734863,1.190000057220459,1.2000000476837158,14949399
2025-01-08,1.2000000476837158,1.2200000286102295,1.1799999475479126,1.2000000476837158,7718956
2025-01-09,1.2000000476837158,1.2100000381469727,1.1799999475479126,1.190000057220459,4073867
2025-01-12,1.190000057220459,1.190000057220459,1.149999976158142,1.149999976158142,16279833
2025-01-13,1.149999976158142,1.1799999475479126,1.1100000143051147,1.1100000143051147,6387496
2025-01-14,1.1100000143051147,1.1299999952316284,1.0700000524520874,1.1200000047683716,17024497
2025-01-15,1.1200000047683716,1.1399999856948853,1.1100000143051147,1.1299999952316284,5999639
2025-01-16,1.1299999952316284,1.149999976158142,1.1200000047683716,1.1299999952316284,6176715
2025-01-19,1.1299999952316284,1.149999976158142,1.1200000047683716,1.1399999856948853,9679050
2025-01-20,1.1399999856948853,1.1799999475479126,1.1299999952316284,1.149999976158142,11369757
2025-01-21,1.149999976158142,1.2100000381469727,1.149999976158142,1.2100000381469727,22572037
2025-01-22,1.2100000381469727,1.2599999904632568,1.2000000476837158,1.2200000286102295,37095046
2025-01-23,1.2200000286102295,1.2300000190734863,1.190000057220459,1.2000000476837158,10103637
2025-01-26,1.2000000476837158,1.2200000286102295,1.1699999570846558,1.2100000381469727,10554659
2025-01-27,1.2100000381469727,1.25,1.1799999475479126,1.1799999475479126,21668748
2025-01-28,1.1799999475479126,1.2200000286102295,1.190000057220459,1.2000000476837158,8675630
2025-01-29,1.2000000476837158,1.2699999809265137,1.2100000381469727,1.2599999904632568,34429288
2025-01-30,1.2599999904632568,1.2899999618530273,1.2400000095367432,1.25,27529769
2025-02-02,1.25,1.2899999618530273,1.2400000095367432,1.25,31373711
2025-02-03,1.25,1.2599999904632568,1.2100000381469727,1.2200000286102295,9046252
2025-02-04,1.2200000286102295,1.2599999904632568,1.2100000381469727,1.25,12389986
2025-02-05,1.25,1.2799999713897705,1.2200000286102295,1.2699999809265137,19286001
2025-02-06,1.2699999809265137,1.2999999523162842,1.25,1.25,16917792
2025-02-09,1.25,1.2599999904632568,1.2300000190734863,1.2300000190734863,11484690
2025-02-10,1.2300000190734863,1.25,1.2200000286102295,1.2200000286102295,9410987
2025-02-11,1.2200000286102295,1.2300000190734863,1.149999976158142,1.159999966621399,17330057
2025-02-12,1.159999966621399,1.1699999570846558,1.1200000047683716,1.1399999856948853,8947186
2025-02-13,1.1399999856948853,1.2100000381469727,1.1399999856948853,1.2000000476837158,22016874
2025-02-16,1.2000000476837158,1.2200000286102295,1.190000057220459,1.2000000476837158,6232527
2025-02-17,1.2000000476837158,1.2100000381469727,1.1799999475479126,1.1799999475479126,6054776
2025-02-18,1.1799999475479126,1.190000057220459,1.1699999570846558,1.1799999475479126,3107906
2025-02-19,1.1799999475479126,1.2000000476837158,1.1799999475479126,1.190000057220459,3167317
2025-02-20,1.190000057220459,1.2000000476837158,1.1699999570846558,1.1799999475479126,4964064
2025-02-23,1.1799999475479126,1.2100000381469727,1.1699999570846558,1.190000057220459,10946992
2025-02-24,1.190000057220459,1.2300000190734863,1.190000057220459,1.2100000381469727,13693933
2025-02-25,1.2100000381469727,1.2400000095367432,1.190000057220459,1.190000057220459,17227792
2025-02-26,1.190000057220459,1.2000000476837158,1.1799999475479126,1.1799999475479126,6997961
2025-02-27,1.1799999475479126,1.2000000476837158,1.1699999570846558,1.1799999475479126,9816907
2025-03-02,1.1799999475479126,1.2000000476837158,1.1799999475479126,1.1799999475479126,1163827
2025-03-03,1.1799999475479126,1.2000000476837158,1.1799999475479126,1.1799999475479126,2408419
2025-03-04,1.1799999475479126,1.2000000476837158,1.1799999475479126,1.1799999475479126,3404300
2025-03-05,1.1799999475479126,1.190000057220459,1.159999966621399,1.1699999570846558,4072119
2025-03-06,1.1699999570846558,1.1799999475479126,1.149999976158142,1.1699999570846558,3492502
2025-03-09,1.1699999570846558,1.1799999475479126,1.159999966621399,1.159999966621399,3762436
2025-03-10,1.159999966621399,1.1699999570846558,1.149999976158142,1.1699999570846558,3309574
2025-03-11,1.1699999570846558,1.1699999570846558,1.149999976158142,1.159999966621399,3237505
2025-03-12,1.159999966621399,1.2200000286102295,1.159999966621399,1.190000057220459,20742149
2025-03-13,1.190000057220459,1.2100000381469727,1.1799999475479126,1.190000057220459,4545186
2025-03-16,1.190000057220459,1.2100000381469727,1.190000057220459,1.190000057220459,4560375
2025-03-17,1.190000057220459,1.2100000381469727,1.1799999475479126,1.190000057220459,7913653
2025-03-18,1.190000057220459,1.2400000095367432,1.1699999570846558,1.2200000286102295,27658435
2025-03-19,1.2200000286102295,1.2599999904632568,1.2100000381469727,1.2100000381469727,17273598
2025-03-20,1.2100000381469727,1.2300000190734863,1.2000000476837158,1.2100000381469727,5645293
2025-03-23,1.2100000381469727,1.2300000190734863,1.2000000476837158,1.2200000286102295,11507919
2025-03-24,1.2200000286102295,1.2400000095367432,1.190000057220459,1.190000057220459,7062677
2025-03-25,1.190000057220459,1.2000000476837158,1.1799999475479126,1.1799999475479126,8734839
2025-03-26,1.1799999475479126,1.2999999523162842,1.190000057220459,1.2699999809265137,48286069
2025-03-27,1.2699999809265137,1.2799999713897705,1.2300000190734863,1.2400000095367432,9174693
2025-04-03,1.2400000095367432,1.3799999952316284,1.2200000286102295,1.3799999952316284,83032191
2025-04-06,1.3799999952316284,1.3700000047683716,1.2899999618530273,1.309999942779541,74326807
2025-04-07,1.309999942779541,1.399999976158142,1.2799999713897705,1.3799999952316284,71659622
2025-04-08,1.3799999952316284,1.4199999570846558,1.350000023841858,1.3600000143051147,44440006
2025-04-09,1.3600000143051147,1.4299999475479126,1.309999942779541,1.3200000524520874,76006716
2025-04-10,1.3200000524520874,1.3899999856948853,1.340000033378601,1.340000033378601,41645509
2025-04-13,1.340000033378601,1.3700000047683716,1.340000033378601,1.350000023841858,19022007
2025-04-14,1.350000023841858,1.3799999952316284,1.350000023841858,1.350000023841858,21347006
2025-04-15,1.350000023841858,1.440000057220459,1.350000023841858,1.4199999570846558,74831496
2025-04-16,1.4199999570846558,1.440000057220459,1.3799999952316284,1.3899999856948853,33467247
2025-04-17,1.3899999856948853,1.4199999570846558,1.3700000047683716,1.3700000047683716,36487993
2025-04-22,1.3700000047683716,1.399999976158142,1.3700000047683716,1.3700000047683716,12364864
2025-04-23,1.3700000047683716,1.3899999856948853,1.3600000143051147,1.3600000143051147,15383368
2025-04-27,1.3600000143051147,1.3799999952316284,1.350000023841858,1.350000023841858,13922440
2025-04-28,1.350000023841858,1.3899999856948853,1.350000023841858,1.3700000047683716,22934757
2025-04-29,1.3700000047683716,1.409999966621399,1.3700000047683716,1.3899999856948853,32349223
2025-04-30,1.3899999856948853,1.4299999475479126,1.3799999952316284,1.399999976158142,48740980
2025-05-04,1.399999976158142,1.4299999475479126,1.399999976158142,1.409999966621399,11954156
2025-05-05,1.409999966621399,1.4500000476837158,1.409999966621399,1.4299999475479126,21786177
2025-05-06,1.4299999475479126,1.440000057220459,1.4199999570846558,1.4299999475479126,7127722
2025-05-07,1.4299999475479126,1.4600000381469727,1.3899999856948853,1.399999976158142,20621599
2025-05-08,1.399999976158142,1.4199999570846558,1.3899999856948853,1.4199999570846558,13961398
2025-05-11,1.4199999570846558,1.4299999475479126,1.3799999952316284,1.3899999856948853,9637075
2025-05-12,1.3899999856948853,1.4199999570846558,1.3799999952316284,1.3799999952316284,9442661
2025-05-13,1.3799999952316284,1.399999976158142,1.3700000047683716,1.3799999952316284,6110815
2025-05-14,1.3799999952316284,1.3899999856948853,1.3600000143051147,1.3700000047683716,13097611
2025-05-15,1.3700000047683716,1.3899999856948853,1.3600000143051147,1.3600000143051147,4374783
2025-05-18,1.3600000143051147,1.3799999952316284,1.340000033378601,1.350000023841858,8462409
2025-05-19,1.350000023841858,1.350000023841858,1.2999999523162842,1.3200000524520874,11081751
2025-05-20,1.3200000524520874,1.350000023841858,1.309999942779541,1.3300000429153442,5926923
2025-05-21,1.3300000429153442,1.3799999952316284,1.3300000429153442,1.350000023841858,11112988
2025-05-22,1.350000023841858,1.3899999856948853,1.350000023841858,1.3700000047683716,12008403
2025-05-25,1.3700000047683716,1.3899999856948853,1.350000023841858,1.350000023841858,4491688
2025-05-26,1.350000023841858,1.3700000047683716,1.350000023841858,1.350000023841858,8860896
2025-05-27,1.350000023841858,1.3799999952316284,1.350000023841858,1.3700000047683716,8224959
2025-05-28,1.3700000047683716,1.440000057220459,1.3799999952316284,1.4199999570846558,34639372
2025-05-29,1.4199999570846558,1.4500000476837158,1.409999966621399,1.4299999475479126,29007526
2025-06-01,1.4299999475479126,1.5,1.4299999475479126,1.4600000381469727,57128198
2025-06-02,1.4600000381469727,1.4800000190734863,1.4199999570846558,1.440000057220459,19352530
2025-06-03,1.440000057220459,1.4700000286102295,1.4199999570846558,1.4299999475479126,12296014
2025-06-04,1.4299999475479126,1.4500000476837158,1.4199999570846558,1.4299999475479126,11372462
2025-06-10,1.4299999475479126,1.4800000190734863,1.4299999475479126,1.4500000476837158,17976736
2025-06-11,1.4500000476837158,1.4900000095367432,1.4500000476837158,1.4600000381469727,22162942
2025-06-12,1.4600000381469727,1.4600000381469727,1.3799999952316284,1.409999966621399,19984398
2025-06-15,1.409999966621399,1.350000023841858,1.2699999809265137,1.3300000429153442,11007622
2025-06-16,1.3300000429153442,1.350000023841858,1.2999999523162842,1.2999999523162842,12275199
2025-06-17,1.2999999523162842,1.3200000524520874,1.2000000476837158,1.2200000286102295,21692580
2025-06-18,1.2200000286102295,1.25,1.190000057220459,1.2200000286102295,36520049
2025-06-19,1.2200000286102295,1.2400000095367432,1.1799999475479126,1.1799999475479126,13467074
2025-06-22,1.1799999475479126,1.2100000381469727,1.1200000047683716,1.2000000476837158,12697669
2025-06-23,1.2000000476837158,1.25,1.2000000476837158,1.2300000190734863,14467874
2025-06-24,1.2300000190734863,1.2899999618530273,1.2599999904632568,1.2699999809265137,19636433
2025-06-25,1.2699999809265137,1.2999999523162842,1.2599999904632568,1.2799999713897705,10141347
2025-06-29,1.2799999713897705,1.2999999523162842,1.2799999713897705,1.2799999713897705,9951254
2025-06-30,1.2799999713897705,1.340000033378601,1.2799999713897705,1.3300000429153442,23807291
2025-07-01,1.3300000429153442,1.350000023841858,1.2999999523162842,1.309999942779541,12593315
2025-07-02,1.309999942779541,1.3300000429153442,1.309999942779541,1.309999942779541,10542462
2025-07-06,1.309999942779541,1.3300000429153442,1.309999942779541,1.309999942779541,5965423
2025-07-07,1.309999942779541,1.3700000047683716,1.309999942779541,1.3700000047683716,29506759
2025-07-09,1.3700000047683716,1.3700000047683716,1.340000033378601,1.340000033378601,6773139
2025-07-10,1.340000033378601,1.3899999856948853,1.350000023841858,1.3600000143051147,7111207
2025-07-13,1.3600000143051147,1.3700000047683716,1.340000033378601,1.340000033378601,4502507
2025-07-14,1.340000033378601,1.350000023841858,1.3300000429153442,1.3300000429153442,6094073
2025-07-15,1.3300000429153442,1.3799999952316284,1.340000033378601,1.340000033378601,13380974
2025-07-16,1.340000033378601,1.3600000143051147,1.3200000524520874,1.3300000429153442,5982393
2025-07-17,1.3300000429153442,1.350000023841858,1.3200000524520874,1.3200000524520874,7810651
2025-07-20,1.3200000524520874,1.350000023841858,1.3300000429153442,1.340000033378601,3422312
2025-07-21,1.340000033378601,1.3600000143051147,1.3300000429153442,1.3300000429153442,8459063
2025-07-22,1.3300000429153442,1.3600000143051147,1.3200000524520874,1.3200000524520874,8442010
2025-07-23,1.3200000524520874,1.3200000524520874,1.3200000524520874,1.3200000524520874,0
2025-07-27,1.3300000429153442,1.340000033378601,1.309999942779541,1.309999942779541,4794090
2025-07-28,1.309999942779541,1.3200000524520874,1.2799999713897705,1.2799999713897705,8239007
2025-07-29,1.2799999713897705,1.2899999618530273,1.2599999904632568,1.2799999713897705,5100985
2025-07-30,1.2799999713897705,1.2999999523162842,1.25,1.2599999904632568,3084349
2025-07-31,1.2599999904632568,1.2799999713897705,1.25,1.2699999809265137,2602761
2025-08-03,1.2699999809265137,1.2699999809265137,1.2699999809265137,1.2699999809265137,0
2025-08-04,1.2699999809265137,1.2699999809265137,1.2699999809265137,1.2699999809265137,0
2025-08-05,1.2699999809265137,1.2699999809265137,1.2699999809265137,1.2699999809265137,0
2025-08-06,1.2699999809265137,1.2699999809265137,1.2699999809265137,1.2699999809265137,0
2025-08-07,1.2699999809265137,1.2699999809265137,1.2699999809265137,1.2699999809265137,0
2025-08-10,1.2899999618530273,1.309999942779541,1.2899999618530273,1.2999999523162842,2801782
2025-08-11,1.2999999523162842,1.3300000429153442,1.2899999618530273,1.309999942779541,8958281
2025-08-12,1.309999942779541,1.309999942779541,1.2899999618530273,1.2999999523162842,2466447
2025-08-13,1.2999999523162842,1.309999942779541,1.2799999713897705,1.2899999618530273,2108983
2025-08-14,1.2899999618530273,1.2999999523162842,1.2599999904632568,1.2799999713897705,2800047
2025-08-17,1.2799999713897705,1.2899999618530273,1.2699999809265137,1.2699999809265137,1159126
2025-08-18,1.2699999809265137,1.2999999523162842,1.2699999809265137,1.2799999713897705,8083992
2025-08-19,1.2799999713897705,1.2999999523162842,1.2799999713897705,1.2799999713897705,2940666
2025-08-20,1.2799999713897705,1.309999942779541,1.2699999809265137,1.2799999713897705,6138105
2025-08-21,1.2799999713897705,1.2899999618530273,1.2699999809265137,1.2699999809265137,864914
2025-08-24,1.2699999809265137,1.309999942779541,1.2699999809265137,1.2999999523162842,6344641
2025-08-25,1.2999999523162842,1.3300000429153442,1.2999999523162842,1.2999999523162842,19539169
2025-08-26,1.2999999523162842,1.3200000524520874,1.2799999713897705,1.2899999618530273,4577153
2025-08-27,1.2899999618530273,1.2999999523162842,1.2699999809265137,1.2899999618530273,3784168
2025-08-28,1.2899999618530273,1.309999942779541,1.2799999713897705,1.2999999523162842,4389274
2025-08-31,1.2999999523162842,1.309999942779541,1.2699999809265137,1.2699999809265137,2602942
2025-09-01,1.2699999809265137,1.2899999618530273,1.2599999904632568,1.2699999809265137,3071223
2025-09-02,1.2699999809265137,1.2899999618530273,1.2699999809265137,1.2699999809265137,2765522
2025-09-03,1.2699999809265137,1.2899999618530273,1.2699999809265137,1.2699999809265137,3897606
2025-09-07,1.2699999809265137,1.2899999618530273,1.2599999904632568,1.2699999809265137,3665939
2025-09-08,1.2699999809265137,1.2899999618530273,1.2699999809265137,1.2699999809265137,3837987
2025-09-09,1.2699999809265137,1.2899999618530273,1.2699999809265137,1.2699999809265137,1756038
2025-09-10,1.2699999809265137,1.2799999713897705,1.2599999904632568,1.2599999904632568,1583907
2025-09-11,1.2599999904632568,1.2799999713897705,1.2599999904632568,1.2699999809265137,3146263
2025-09-14,1.2699999809265137,1.2799999713897705,1.2599999904632568,1.2599999904632568,2859060
2025-09-15,1.2599999904632568,1.2699999809265137,1.2300000190734863,1.2300000190734863,5216726
2025-09-16,1.2300000190734863,1.2400000095367432,1.190000057220459,1.2100000381469727,3847970
2025-09-17,1.2100000381469727,1.2100000381469727,1.1799999475479126,1.2000000476837158,2897957
2025-09-18,1.2000000476837158,1.2100000381469727,1.1799999475479126,1.190000057220459,2466011
2025-09-21,1.190000057220459,1.2100000381469727,1.1699999570846558,1.1799999475479126,6855896
2025-09-22,1.1799999475479126,1.190000057220459,1.159999966621399,1.1799999475479126,2067265
2025-09-23,1.1799999475479126,1.190000057220459,1.159999966621399,1.159999966621399,1225523
2025-09-24,1.159999966621399,1.1799999475479126,1.159999966621399,1.1699999570846558,1706138
2025-09-25,1.1699999570846558,1.2000000476837158,1.1699999570846558,1.190000057220459,3186305
2025-09-28,1.190000057220459,1.2100000381469727,1.190000057220459,1.190000057220459,1193152
2025-09-29,1.190000057220459,1.2100000381469727,1.1799999475479126,1.2000000476837158,4105426
2025-09-30,1.2000000476837158,1.2300000190734863,1.190000057220459,1.2000000476837158,9694752
2025-10-01,1.2000000476837158,1.2200000286102295,1.190000057220459,1.2000000476837158,2747234
2025-10-02,1.2000000476837158,1.2200000286102295,1.190000057220459,1.2000000476837158,12085538
2025-10-05,1.2000000476837158,1.2200000286102295,1.2000000476837158,1.2100000381469727,3374258
2025-10-06,1.2100000381469727,1.2300000190734863,1.190000057220459,1.2000000476837158,6382426
2025-10-07,1.2000000476837158,1.2100000381469727,1.190000057220459,1.190000057220459,4203351
2025-10-08,1.190000057220459,1.25,1.1799999475479126,1.2400000095367432,16791855
2025-10-12,1.2400000095367432,1.2599999904632568,1.2200000286102295,1.2200000286102295,16449374
2025-10-13,1.2200000286102295,1.2300000190734863,1.2100000381469727,1.2100000381469727,3746340
2025-10-14,1.2100000381469727,1.2300000190734863,1.2000000476837158,1.2000000476837158,6704300
2025-10-15,1.2000000476837158,1.2400000095367432,1.2000000476837158,1.2400000095367432,10114378
2025-10-16,1.2400000095367432,1.3799999952316284,1.25,1.350000023841858,92690285
2025-10-19,1.350000023841858,1.4199999570846558,1.3600000143051147,1.399999976158142,48526238
2025-10-20,1.399999976158142,1.4600000381469727,1.409999966621399,1.409999966621399,45976385
2025-10-21,1.409999966621399,1.4299999475479126,1.3700000047683716,1.399999976158142,21824090
2025-10-22,1.399999976158142,1.6399999856948853,1.3899999856948853,1.5399999618530273,143830265
2025-10-23,1.5399999618530273,1.659999966621399,1.5399999618530273,1.5499999523162842,68922068
2025-10-26,1.5499999523162842,1.7799999713897705,1.5399999618530273,1.7100000381469727,83793676
2025-10-27,1.7100000381469727,1.7400000095367432,1.659999966621399,1.7000000476837158,23265433
2025-10-28,1.7000000476837158,1.7100000381469727,1.6200000047683716,1.649999976158142,15586326
2025-10-29,1.649999976158142,1.8300000429153442,1.6399999856948853,1.75,95935041
2025-10-30,1.75,1.7799999713897705,1.7000000476837158,1.7200000286102295,16987192
2025-11-02,1.7200000286102295,1.809999942779541,1.7300000190734863,1.809999942779541,35196755
2025-11-03,1.809999942779541,1.850000023841858,1.7599999904632568,1.8300000429153442,65112584
2025-11-04,1.8300000429153442,1.9299999475479126,1.850000023841858,1.8700000047683716,57414977
2025-11-05,1.8700000047683716,1.899999976158142,1.7899999618530273,1.8300000429153442,56132461
2025-11-06,1.8300000429153442,1.8600000143051147,1.7899999618530273,1.8200000524520874,32000498
2025-11-09,1.8200000524520874,1.850000023841858,1.7899999618530273,1.7899999618530273,14917576
2025-11-10,1.7899999618530273,1.7999999523162842,1.7400000095367432,1.7799999713897705,20030626
2025-11-11,1.7799999713897705,1.850000023841858,1.7799999713897705,1.7999999523162842,24887405
2025-11-12,1.7999999523162842,1.899999976158142,1.809999942779541,1.8700000047683716,43185896
2025-11-13,1.8700000047683716,1.9199999570846558,1.8300000429153442,1.840000033378601,41009938
2025-11-16,1.840000033378601,1.8700000047683716,1.809999942779541,1.8200000524520874,16884178
2025-11-17,1.8200000524520874,1.850000023841858,1.7999999523162842,1.809999942779541,11505121
2025-11-18,1.809999942779541,1.840000033378601,1.7899999618530273,1.7899999618530273,8403721
2025-11-19,1.7899999618530273,1.8200000524520874,1.7699999809265137,1.8200000524520874,13477574
2025-11-20,1.8200000524520874,1.8799999952316284,1.809999942779541,1.8200000524520874,17947028
2025-11-23,1.8200000524520874,1.840000033378601,1.7699999809265137,1.7799999713897705,12053249
2025-11-24,1.7799999713897705,1.7899999618530273,1.7200000286102295,1.7300000190734863,12630187
2025-11-25,1.7300000190734863,1.7699999809265137,1.659999966621399,1.6699999570846558,17463228
2025-11-26,1.6699999570846558,1.7599999904632568,1.649999976158142,1.6799999475479126,15066468
2025-11-27,1.6799999475479126,1.7300000190734863,1.6699999570846558,1.690000057220459,12207733
2025-11-30,1.690000057220459,1.7100000381469727,1.6399999856948853,1.659999966621399,12649896
2025-12-01,1.659999966621399,1.7100000381469727,1.6200000047683716,1.6399999856948853,16753469
2025-12-02,1.6399999856948853,1.7400000095367432,1.6399999856948853,1.7200000286102295,28016971
2025-12-03,1.7200000286102295,1.7999999523162842,1.7300000190734863,1.75,35281388
2025-12-04,1.75,1.7999999523162842,1.7300000190734863,1.7400000095367432,21170572
2025-12-07,1.7400000095367432,2.0799999237060547,1.7400000095367432,2.0799999237060547,139225767
2025-12-08,2.0799999237060547,2.4200000762939453,2.0399999618530273,2.2699999809265137,154809534
2025-12-09,2.2699999809265137,2.3299999237060547,2.190000057220459,2.190000057220459,48831084
2025-12-10,2.190000057220459,2.259999990463257,2.109999895095825,2.190000057220459,34458684
2025-12-11,2.190000057220459,2.319999933242798,2.200000047683716,2.200000047683716,55592729
2025-12-14,2.200000047683716,2.2200000286102295,2.130000114440918,2.130000114440918,18028058
2025-12-15,2.130000114440918,2.190000057220459,2.0999999046325684,2.1500000953674316,17741808
2025-12-16,2.1500000953674316,2.190000057220459,2.0799999237060547,2.0799999237060547,16762158
2025-12-17,2.0799999237060547,2.109999895095825,1.9700000286102295,1.9800000190734863,39667836
2025-12-18,1.9800000190734863,2.0799999237060547,1.9800000190734863,2.0399999618530273,40608366
2025-12-21,2.0399999618530273,2.069999933242798,1.9800000190734863,1.9900000095367432,15343990
2025-12-22,1.9900000095367432,2.009999990463257,1.9500000476837158,1.9500000476837158,13147309
2025-12-23,1.9500000476837158,2.0299999713897705,1.9600000381469727,2.0199999809265137,18958967
2025-12-24,2.0199999809265137,2.2200000286102295,2.0199999809265137,2.2200000286102295,67567025
2025-12-25,2.2200000286102295,2.5,2.2699999809265137,2.4100000858306885,133564858
2025-12-28,2.4100000858306885,2.4600000381469727,2.309999942779541,2.309999942779541,60895169
2025-12-29,2.309999942779541,2.5399999618530273,2.369999885559082,2.390000104904175,71040430
2025-12-30,2.390000104904175,2.4100000858306885,2.2799999713897705,2.309999942779541,49178687
2025-12-31,2.309999942779541,2.359999895095825,2.259999990463257,2.259999990463257,26076518
2026-01-04,2.259999990463257,2.299999952316284,2.1700000762939453,2.190000057220459,15357434
2026-01-05,2.190000057220459,2.359999895095825,2.130000114440918,2.259999990463257,34764020
2026-01-06,2.259999990463257,2.309999942779541,2.240000009536743,2.259999990463257,9183977
2026-01-08,2.259999990463257,2.309999942779541,2.190000057220459,2.200000047683716,13297228
2026-01-11,2.200000047683716,2.4000000953674316,2.200000047683716,2.2200000286102295,7024056
2026-01-12,2.2200000286102295,2.309999942779541,2.190000057220459,2.2300000190734863,15722995
2026-01-13,2.2300000190734863,2.25,2.130000114440918,2.140000104904175,7545303
2026-01-14,2.140000104904175,2.1500000953674316,2.0,2.069999933242798,9474895
2026-01-15,2.069999933242798,2.109999895095825,2.0199999809265137,2.0299999713897705,9467632
2026-01-18,2.0299999713897705,2.1700000762939453,2.059999942779541,2.130000114440918,11713894
2026-01-19,2.130000114440918,2.2300000190734863,2.140000104904175,2.200000047683716,16849808
2026-01-20,2.200000047683716,2.2200000286102295,2.140000104904175,2.1500000953674316,14847470
2026-01-21,2.1500000953674316,2.1700000762939453,2.0799999237060547,2.119999885559082,15109511
2026-01-22,2.119999885559082,2.200000047683716,2.130000114440918,2.1500000953674316,18253104
2026-01-25,2.1500000953674316,2.1700000762939453,2.0999999046325684,2.119999885559082,11194093
2026-01-26,2.119999885559082,2.130000114440918,2.059999942779541,2.0799999237060547,19752394
2026-01-27,2.0799999237060547,2.180000066757202,2.0899999141693115,2.109999895095825,17268724
2026-01-28,2.109999895095825,2.140000104904175,2.009999990463257,2.0399999618530273,16250661
2026-02-01,2.0399999618530273,2.119999885559082,2.0299999713897705,2.0899999141693115,15202402
2026-02-02,2.0899999141693115,2.1500000953674316,2.059999942779541,2.1500000953674316,12721822
2026-02-03,2.1500000953674316,2.2699999809265137,2.180000066757202,2.200000047683716,47707020
2026-02-04,2.200000047683716,2.25,2.1500000953674316,2.1700000762939453,15264711
2026-02-05,2.1700000762939453,2.180000066757202,2.0999999046325684,2.119999885559082,15717821
2026-02-08,2.119999885559082,2.180000066757202,2.130000114440918,2.140000104904175,19421395
2026-02-09,2.140000104904175,2.1600000858306885,2.119999885559082,2.119999885559082,9052161
2026-02-10,2.119999885559082,2.1600000858306885,2.119999885559082,2.130000114440918,15884227
2026-02-11,2.130000114440918,2.140000104904175,2.049999952316284,2.059999942779541,19380495
2026-02-12,2.059999942779541,2.130000114440918,2.059999942779541,2.0899999141693115,20544790
2026-02-15,2.0899999141693115,2.109999895095825,2.069999933242798,2.0799999237060547,14361424
2026-02-16,2.0799999237060547,2.109999895095825,2.069999933242798,2.069999933242798,17440908
2026-02-17,2.069999933242798,2.0799999237060547,2.049999952316284,2.059999942779541,7994576
2026-02-18,2.059999942779541,2.0999999046325684,2.059999942779541,2.069999933242798,15121292
2026-02-19,2.069999933242798,2.0799999237060547,2.009999990463257,2.0299999713897705,14760603
2026-02-22,2.0299999713897705,2.049999952316284,1.9700000286102295,1.9700000286102295,9079849
2026-02-23,1.9700000286102295,2.0,1.9600000381469727,1.9800000190734863,8961210
2026-02-24,1.9800000190734863,1.9900000095367432,1.8899999856948853,1.909999966621399,19096739
2026-02-25,1.909999966621399,1.9199999570846558,1.7400000095367432,1.7799999713897705,19310772
2026-02-26,1.7799999713897705,1.850000023841858,1.690000057220459,1.850000023841858,31072692
2026-03-01,1.850000023841858,1.7999999523162842,1.690000057220459,1.7799999713897705,15578129
2026-03-02,1.7799999713897705,1.8300000429153442,1.7699999809265137,1.7899999618530273,11861732
2026-03-03,1.7899999618530273,1.899999976158142,1.75,1.809999942779541,37871107
2026-03-04,1.809999942779541,1.8300000429153442,1.7599999904632568,1.7899999618530273,11193155
2026-03-05,1.7899999618530273,1.840000033378601,1.7899999618530273,1.809999942779541,18726991
2026-03-08,1.809999942779541,1.850000023841858,1.7999999523162842,1.809999942779541,13253021
2026-03-09,1.809999942779541,1.8200000524520874,1.7799999713897705,1.7799999713897705,6612102
2026-03-10,1.7799999713897705,1.909999966621399,1.7999999523162842,1.899999976158142,20661687
2026-03-11,1.899999976158142,1.9500000476837158,1.8799999952316284,1.8899999856948853,21855524
2026-03-12,1.8899999856948853,1.909999966621399,1.8200000524520874,1.840000033378601,14827979
2026-03-15,1.840000033378601,1.850000023841858,1.7799999713897705,1.7799999713897705,7599455
2026-03-16,1.7799999713897705,1.7999999523162842,1.7599999904632568,1.7999999523162842,7174000
2026-03-17,1.7999999523162842,1.8700000047683716,1.7899999618530273,1.8200000524520874,24274537
2026-03-18,1.8200000524520874,1.8600000143051147,1.8200000524520874,1.8300000429153442,9622454
2026-03-19,1.8300000429153442,1.8300000429153442,1.8300000429153442,1.8300000429153442,0
2026-03-24,1.8300000429153442,1.850000023841858,1.809999942779541,1.840000033378601,9132941
2026-03-25,1.840000033378601,2.009999990463257,1.840000033378601,1.9600000381469727,65218074
2026-03-26,1.9600000381469727,2.0,1.8899999856948853,1.8899999856948853,23341667
2026-03-29,1.8899999856948853,1.899999976158142,1.840000033378601,1.8600000143051147,14389906
2026-03-30,1.8600000143051147,1.9299999475479126,1.7999999523162842,1.8200000524520874,19446858
2026-03-31,1.8200000524520874,1.8600000143051147,1.8200000524520874,1.840000033378601,10747697
2026-04-01,1.840000033378601,1.909999966621399,1.8600000143051147,1.8700000047683716,12935266
2026-04-02,1.8700000047683716,1.8799999952316284,1.840000033378601,1.8600000143051147,9736229
2026-04-05,1.8600000143051147,1.8799999952316284,1.850000023841858,1.850000023841858,7037054
2026-04-06,1.850000023841858,1.899999976158142,1.8300000429153442,1.840000033378601,25079850
2026-04-07,1.840000033378601,1.8600000143051147,1.809999942779541,1.8200000524520874,11827864
2026-04-08,1.8200000524520874,1.8799999952316284,1.8300000429153442,1.8600000143051147,13833093
2026-04-09,1.8600000143051147,1.8799999952316284,1.840000033378601,1.850000023841858,19107343
2026-04-14,1.850000023841858,1.9199999570846558,1.850000023841858,1.8799999952316284,23345028
2026-04-15,1.8799999952316284,1.940000057220459,1.8899999856948853,1.8899999856948853,16438269
2026-04-16,1.8899999856948853,1.9199999570846558,1.8700000047683716,1.899999976158142,20634129
2026-04-19,1.899999976158142,2.069999933242798,1.9199999570846558,2.0299999713897705,109117008
2026-04-20,2.0299999713897705,2.059999942779541,1.9800000190734863,2.0,42837987
2026-04-21,2.0,2.130000114440918,2.049999952316284,2.0999999046325684,68025242
2026-04-22,2.0999999046325684,2.140000104904175,2.069999933242798,2.0899999141693115,36781427
2026-04-23,2.0899999141693115,2.1600000858306885,2.0799999237060547,2.140000104904175,35763578
2026-04-26,2.140000104904175,2.2200000286102295,2.119999885559082,2.140000104904175,37750494
2026-04-27,2.140000104904175,2.1600000858306885,2.119999885559082,2.130000114440918,9252128
2026-04-28,2.130000114440918,2.1700000762939453,2.109999895095825,2.119999885559082,15242879
2026-04-29,2.119999885559082,2.1600000858306885,2.0899999141693115,2.109999895095825,27622993
2026-04-30,2.109999895095825,2.130000114440918,2.059999942779541,2.0799999237060547,20502596
2026-05-03,2.0799999237060547,2.140000104904175,2.0799999237060547,2.0899999141693115,23292702
2026-05-04,2.0899999141693115,2.380000114440918,2.0799999237060547,2.3299999237060547,141380532
2026-05-05,2.3299999237060547,2.450000047683716,2.319999933242798,2.3299999237060547,77759084
2026-05-06,2.3299999237060547,2.4000000953674316,2.2899999618530273,2.319999933242798,42150161
2026-05-10,2.319999933242798,2.4700000286102295,2.299999952316284,2.3399999141693115,53031348
2026-05-11,2.3399999141693115,2.450000047683716,2.319999933242798,2.4100000858306885,38038864
2026-05-12,2.4100000858306885,2.4800000190734863,2.4000000953674316,2.440000057220459,38603366
2026-05-13,2.440000057220459,2.6700000762939453,2.430000066757202,2.6600000858306885,88790920
2026-05-14,2.6600000858306885,2.869999885559082,2.680000066757202,2.759999990463257,103266629
2026-05-17,2.759999990463257,2.819999933242798,2.640000104904175,2.6500000953674316,34558802
2026-05-18,2.6500000953674316,2.7899999618530273,2.5899999141693115,2.640000104904175,61239180
2026-05-19,2.640000104904175,2.7799999713897705,2.6500000953674316,2.6600000858306885,43188454
2026-05-20,2.6600000858306885,2.7200000286102295,2.5399999618530273,2.5399999618530273,23750291
2026-05-21,2.5399999618530273,2.6600000858306885,2.5199999809265137,2.630000114440918,34439925
2026-05-24,2.630000114440918,2.7799999713897705,2.6500000953674316,2.7200000286102295,31693670
2026-05-25,2.7200000286102295,2.819999933242798,2.7200000286102295,2.7699999809265137,32980382
2026-05-26,2.7699999809265137,2.7699999809265137,2.7699999809265137,2.7699999809265137,0
2026-05-27,2.7699999809265137,2.7699999809265137,2.7699999809265137,2.7699999809265137,0
2026-05-28,2.7699999809265137,2.7699999809265137,2.7699999809265137,2.7699999809265137,0
2026-06-01,2.7699999809265137,2.8499999046325684,2.740000009536743,2.8399999141693115,30686517
2026-06-02,2.8399999141693115,3.0,2.880000114440918,2.930000066757202,57864858
2026-06-03,2.930000066757202,2.950000047683716,2.7899999618530273,2.7899999618530273,38087223
2026-06-04,2.7899999618530273,2.8399999141693115,2.75,2.75,29401146
2026-06-07,2.75,2.7699999809265137,2.680000066757202,2.680000066757202,9731097
2026-06-08,2.680000066757202,2.7699999809265137,2.6500000953674316,2.740000009536743,24164140
2026-06-09,2.740000009536743,2.8499999046325684,2.759999990463257,2.8299999237060547,41309646
2026-06-10,2.8299999237060547,2.8399999141693115,2.5799999237060547,2.6500000953674316,36290828
2026-06-11,2.6500000953674316,2.6500000953674316,2.569999933242798,2.5799999237060547,16484461
2026-06-14,2.5799999237060547,2.7200000286102295,2.640000104904175,2.6600000858306885,21084030
2026-06-15,2.6600000858306885,2.740000009536743,2.5999999046325684,2.630000114440918,24856202
2026-06-16,2.630000114440918,2.680000066757202,2.4700000286102295,2.490000009536743,49695100
2026-06-17,2.490000009536743,2.490000009536743,2.490000009536743,2.490000009536743,0
2026-06-18,2.490000009536743,2.490000009536743,2.490000009536743,2.490000009536743,0
2026-06-21,2.5199999809265137,2.549999952316284,2.4800000190734863,2.490000009536743,13247207
2026-06-22,2.490000009536743,2.490000009536743,2.490000009536743,2.490000009536743,0
2026-06-23,2.440000057220459,2.4700000286102295,2.3499999046325684,2.359999895095825,22640268
2026-06-24,2.359999895095825,2.4600000381469727,2.369999885559082,2.4200000762939453,23811703
2026-06-25,2.4200000762939453,2.450000047683716,2.380000114440918,2.390000104904175,8621470
2026-06-28,2.390000104904175,2.4100000858306885,2.299999952316284,2.299999952316284,8308189
2026-06-29,2.299999952316284,2.369999885559082,2.2799999713897705,2.319999933242798,10968029
2026-06-30,2.319999933242798,2.4700000286102295,2.319999933242798,2.4100000858306885,33937102
2026-07-01,2.4100000858306885,2.450000047683716,2.4000000953674316,2.440000057220459,14698793
2026-07-05,2.440000057220459,2.4800000190734863,2.430000066757202,2.4800000190734863,15853155
2026-07-06,2.4800000190734863,2.5199999809265137,2.490000009536743,2.509999990463257,11354044
2026-07-07,2.509999990463257,2.8299999237060547,2.5399999618530273,2.8299999237060547,83666657
2026-07-08,2.8299999237060547,2.880000114440918,2.7200000286102295,2.7899999618530273,46258756
2026-07-09,2.7899999618530273,3.049999952316284,2.75,3.0299999713897705,77071817
2026-07-12,3.0299999713897705,3.240000009536743,2.990000009536743,3.1600000858306885,45277493
2026-07-13,3.1600000858306885,3.2100000381469727,3.109999895095825,3.1600000858306885,20651509
2026-07-14,3.1600000858306885,3.2799999713897705,3.109999895095825,3.190000057220459,20362944
2026-07-15,3.190000057220459,3.5999999046325684,3.180000066757202,3.5399999618530273,50402360
2026-07-16,3.5399999618530273,3.890000104904175,3.5799999237060547,3.880000114440918,47730290
2026-07-19,3.880000114440918,4.650000095367432,3.9200000762939453,4.199999809265137,50826461
2026-07-20,4.199999809265137,4.269999980926514,3.940000057220459,4.010000228881836,26528092
2026-07-21,4.010000228881836,4.269999980926514,4.059999942779541,4.239999771118164,32232336
2026-07-22,4.239999771118164,4.329999923706055,4.159999847412109,4.25,14828232
2026-07-26,4.25,4.300000190734863,4.139999866485596,4.260000228881836,9144409
2026-07-27,4.260000228881836,4.619999885559082,4.21999979019165,4.570000171661377,32014532
2026-07-28,4.570000171661377,4.630000114440918,4.449999809265137,4.619999885559082,12106450
2026-07-29,4.619999885559082,4.800000190734863,4.53000020980835,4.710000038146973,24547461
2026-07-30,4.710000038146973,4.769999980926514,4.440000057220459,4.5,14864993
2026-08-02,4.5,4.860000133514404,4.460000038146973,4.860000133514404,14509599
2026-08-03,4.860000133514404,5.199999809265137,4.860000133514404,5.050000190734863,15425965
2026-08-04,5.050000190734863,5.639999866485596,5.059999942779541,5.570000171661377,18590472
2026-08-05,5.570000171661377,6.25,5.590000152587891,6.090000152587891,25605373
2026-08-06,6.090000152587891,6.179999828338623,5.809999942779541,5.900000095367432,13361341
