date,open,high,low,close,volume
2022-01-02,1.8450000286102295,1.8450000286102295,1.8450000286102295,1.8450000286102295,0
2022-01-03,1.8450000286102295,1.8450000286102295,1.8450000286102295,1.8450000286102295,0
2022-01-04,1.8450000286102295,1.8450000286102295,1.8450000286102295,1.8450000286102295,0
2022-01-05,1.8450000286102295,1.8450000286102295,1.8450000286102295,1.8450000286102295,0
2022-01-09,1.8450000286102295,1.8450000286102295,1.8450000286102295,1.8450000286102295,0
2022-01-10,1.8450000286102295,1.8450000286102295,1.8450000286102295,1.8450000286102295,0
2022-01-11,1.8450000286102295,1.940000057220459,1.7000000476837158,1.843000054359436,450745
2022-01-12,1.843000054359436,1.9980000257492065,1.8300000429153442,1.9800000190734863,208650
2022-01-13,1.9800000190734863,1.9900000095367432,1.899999976158142,1.9759999513626099,306035
2022-01-16,1.9759999513626099,2.119999885559082,1.9509999752044678,2.0769999027252197,304551
2022-01-17,2.0769999027252197,2.2750000953674316,2.069999933242798,2.2170000076293945,651437
2022-01-18,2.2170000076293945,2.3450000286102295,2.250999927520752,2.302999973297119,723030
2022-01-19,2.302999973297119,2.3980000019073486,2.2200000286102295,2.260999917984009,545703
2022-01-20,2.260999917984009,2.2750000953674316,2.1510000228881836,2.2290000915527344,589541
2022-01-23,2.2290000915527344,2.369999885559082,2.200000047683716,2.3499999046325684,278755
2022-01-24,2.3499999046325684,2.4000000953674316,2.3499999046325684,2.380000114440918,427262
2022-01-25,2.380000114440918,2.5399999618530273,2.380000114440918,2.4700000286102295,881684
2022-01-26,2.4700000286102295,2.4800000190734863,2.2300000190734863,2.25,701814
2022-01-30,2.25,2.319999933242798,2.0299999713897705,2.1700000762939453,137434
2022-01-31,2.1700000762939453,2.1700000762939453,2.1700000762939453,2.1700000762939453,0
2022-02-01,2.1700000762939453,2.25,1.9600000381469727,2.1600000858306885,840280
2022-02-02,2.1600000858306885,2.25,2.0999999046325684,2.109999895095825,262572
2022-02-03,2.109999895095825,2.180000066757202,1.899999976158142,1.9900000095367432,562121
2022-02-06,1.9900000095367432,2.188999891281128,2.0,2.188999891281128,630466
2022-02-07,1.9900000095367432,2.188999891281128,2.0299999713897705,2.111999988555908,530087
2022-02-08,2.111999988555908,2.140000104904175,2.052000045776367,2.0899999141693115,144608
2022-02-09,2.0899999141693115,2.190000057220459,2.0810000896453857,2.1710000038146973,235274
2022-02-10,2.1710000038146973,2.2799999713897705,2.135999917984009,2.2690000534057617,241919
2022-02-13,2.2690000534057617,2.3499999046325684,2.049999952316284,2.130000114440918,276431
2022-02-14,2.130000114440918,2.25,2.130000114440918,2.2100000381469727,108100
2022-02-15,2.2100000381469727,2.299999952316284,2.180000066757202,2.200000047683716,362719
2022-02-16,2.200000047683716,2.240000009536743,2.0799999237060547,2.180000066757202,152473
2022-02-17,2.180000066757202,2.25,2.0999999046325684,2.2300000190734863,114923
2022-02-20,2.2300000190734863,2.240000009536743,2.1500000953674316,2.1600000858306885,71885
2022-02-21,2.1600000858306885,2.200000047683716,2.0199999809265137,2.1600000858306885,22070
2022-02-22,2.1600000858306885,2.1500000953674316,2.0299999713897705,2.1600000858306885,67300
2022-02-23,2.1600000858306885,2.069999933242798,2.0,2.1600000858306885,71853
2022-02-24,2.1600000858306885,1.9700000286102295,1.9500000476837158,2.1600000858306885,40520
2022-02-27,2.1600000858306885,2.1600000858306885,2.0,2.1600000858306885,49719
2022-02-28,2.1600000858306885,2.0,1.9500000476837158,2.1600000858306885,59700
2022-03-01,2.1600000858306885,2.0999999046325684,1.9500000476837158,2.1600000858306885,37297
2022-03-02,2.1600000858306885,2.119999885559082,1.9500000476837158,1.9600000381469727,438882
2022-03-03,1.9600000381469727,2.049999952316284,1.850000023841858,2.0,124404
2022-03-06,2.0,2.0399999618530273,1.909999966621399,2.0,11622
2022-03-07,2.0,1.9299999475479126,1.7999999523162842,2.0,24399
2022-03-08,2.0,2.0,2.0,2.0,0
2022-03-09,2.0,2.0299999713897705,1.7999999523162842,2.0,38807
2022-03-10,2.0,2.0,1.7999999523162842,2.0,61291
2022-03-13,2.0,1.809999942779541,1.7999999523162842,2.0,38934
2022-03-14,2.0,2.0,2.0,2.0,35335
2022-03-15,2.0,2.0,2.0,2.0,0
2022-03-16,2.0,1.8899999856948853,1.7999999523162842,2.0,31818
2022-03-17,2.0,1.7999999523162842,1.7999999523162842,1.7999999523162842,194866
2022-03-20,1.7999999523162842,1.7999999523162842,1.621000051498413,1.7999999523162842,77500
2022-03-21,1.7999999523162842,1.9800000190734863,1.6410000324249268,1.9249999523162842,239904
2022-03-22,1.9249999523162842,2.059999942779541,1.7599999904632568,1.9509999752044678,185804
2022-03-23,1.9509999752044678,1.9359999895095825,1.8040000200271606,1.9509999752044678,58000
2022-03-24,1.9509999752044678,1.9509999752044678,1.8040000200271606,1.9509999752044678,45451
2022-03-27,1.9509999752044678,1.7999999523162842,1.7599999904632568,1.9509999752044678,27095
2022-03-28,1.9509999752044678,1.809999942779541,1.75600004196167,1.9509999752044678,55509
2022-03-29,1.9509999752044678,1.850000023841858,1.75600004196167,1.9509999752044678,45943
2022-03-30,1.9509999752044678,1.75600004196167,1.75600004196167,1.9509999752044678,17600
2022-03-31,1.9509999752044678,1.9509999752044678,1.9509999752044678,1.9509999752044678,0
2022-04-03,1.9509999752044678,1.968999981880188,1.75600004196167,1.9509999752044678,81093
2022-04-04,1.9509999752044678,1.75600004196167,1.75600004196167,1.9509999752044678,29600
2022-04-05,1.9509999752044678,1.75600004196167,1.75600004196167,1.9509999752044678,25000
2022-04-06,1.9509999752044678,1.9509999752044678,1.9509999752044678,1.9509999752044678,0
2022-04-07,1.9509999752044678,1.7710000276565552,1.75600004196167,1.9509999752044678,53500
2022-04-10,1.9509999752044678,1.9509999752044678,1.9509999752044678,1.9509999752044678,0
2022-04-11,1.9509999752044678,1.9509999752044678,1.9509999752044678,1.9509999752044678,0
2022-04-12,1.9509999752044678,1.9509999752044678,1.9509999752044678,1.9509999752044678,0
2022-04-13,1.9509999752044678,1.75600004196167,1.75600004196167,1.9509999752044678,67625
2022-04-14,1.9509999752044678,1.9509999752044678,1.9509999752044678,1.9509999752044678,50
2022-04-17,1.9509999752044678,1.9509999752044678,1.9509999752044678,1.9509999752044678,0
2022-04-18,1.9509999752044678,1.9509999752044678,1.9509999752044678,1.9509999752044678,0
2022-04-19,1.9509999752044678,1.9509999752044678,1.9509999752044678,1.9509999752044678,0
2022-04-20,1.9509999752044678,1.75600004196167,1.75600004196167,1.9509999752044678,5230
2022-04-21,1.9509999752044678,1.75600004196167,1.75600004196167,1.9509999752044678,1250
2022-04-26,1.9509999752044678,1.9509999752044678,1.75600004196167,1.9509999752044678,760
2022-04-27,1.9509999752044678,1.75600004196167,1.75600004196167,1.9509999752044678,1900
2022-04-28,1.9509999752044678,1.9509999752044678,1.9509999752044678,1.9509999752044678,0
2022-05-08,1.9509999752044678,1.9509999752044678,1.9509999752044678,1.9509999752044678,0
2022-05-09,1.9509999752044678,1.9509999752044678,1.75600004196167,1.9509999752044678,2100
2022-05-10,1.9509999752044678,1.9509999752044678,1.9509999752044678,1.9509999752044678,0
2022-05-11,1.9509999752044678,1.75600004196167,1.75600004196167,1.9509999752044678,1000
2022-05-12,1.9509999752044678,1.9509999752044678,1.9509999752044678,1.9509999752044678,0
2022-05-15,1.9509999752044678,1.9509999752044678,1.9509999752044678,1.9509999752044678,0
2022-05-16,1.9509999752044678,1.9509999752044678,1.9509999752044678,1.9509999752044678,0
2022-05-17,1.9509999752044678,1.9509999752044678,1.9509999752044678,1.9509999752044678,0
2022-05-18,1.9509999752044678,1.9509999752044678,1.9509999752044678,1.9509999752044678,0
2022-05-19,1.9509999752044678,1.9509999752044678,1.9509999752044678,1.9509999752044678,0
2022-05-22,1.9509999752044678,1.9509999752044678,1.9509999752044678,1.9509999752044678,0
2022-05-23,1.9509999752044678,1.9509999752044678,1.9509999752044678,1.9509999752044678,0
2022-05-24,1.9509999752044678,1.9509999752044678,1.9509999752044678,1.9509999752044678,0
2022-05-25,1.9509999752044678,1.940000057220459,1.75600004196167,1.75600004196167,156200
2022-05-26,1.75600004196167,1.75600004196167,1.5809999704360962,1.75600004196167,33910
2022-05-29,1.75600004196167,1.5809999704360962,1.5809999704360962,1.75600004196167,41319
2022-05-30,1.75600004196167,1.75600004196167,1.75600004196167,1.75600004196167,0
2022-05-31,1.75600004196167,1.75600004196167,1.75600004196167,1.75600004196167,0
2022-06-01,1.75600004196167,1.75600004196167,1.75600004196167,1.75600004196167,0
2022-06-02,1.75600004196167,1.5809999704360962,1.5809999704360962,1.75600004196167,4000
2022-06-05,1.75600004196167,1.75600004196167,1.75600004196167,1.75600004196167,0
2022-06-06,1.75600004196167,1.75600004196167,1.75600004196167,1.75600004196167,0
2022-06-07,1.75600004196167,1.75600004196167,1.75600004196167,1.75600004196167,0
2022-06-08,1.75600004196167,1.75600004196167,1.75600004196167,1.75600004196167,0
2022-06-09,1.75600004196167,1.75600004196167,1.75600004196167,1.75600004196167,0
2022-06-12,1.75600004196167,1.75600004196167,1.75600004196167,1.75600004196167,0
2022-06-13,1.75600004196167,1.75600004196167,1.75600004196167,1.75600004196167,0
2022-06-14,1.75600004196167,1.75600004196167,1.75600004196167,1.75600004196167,0
2022-06-15,1.75600004196167,1.75600004196167,1.75600004196167,1.75600004196167,0
2022-06-16,1.75600004196167,1.75600004196167,1.75600004196167,1.75600004196167,0
2022-06-19,1.75600004196167,1.75600004196167,1.5809999704360962,1.75600004196167,140
2022-06-20,1.75600004196167,1.75600004196167,1.75600004196167,1.75600004196167,0
2022-06-21,1.75600004196167,1.75600004196167,1.75600004196167,1.75600004196167,0
2022-06-22,1.75600004196167,1.75600004196167,1.5809999704360962,1.75600004196167,23016
2022-06-23,1.75600004196167,1.75600004196167,1.75600004196167,1.75600004196167,0
2022-06-26,1.75600004196167,1.75600004196167,1.75600004196167,1.75600004196167,0
2022-06-27,1.75600004196167,1.75600004196167,1.75600004196167,1.75600004196167,0
2022-06-28,1.75600004196167,1.75600004196167,1.75600004196167,1.75600004196167,0
2022-06-29,1.75600004196167,1.75600004196167,1.75600004196167,1.75600004196167,0
2022-07-03,1.75600004196167,1.75600004196167,1.75600004196167,1.75600004196167,0
2022-07-04,1.75600004196167,1.75600004196167,1.75600004196167,1.75600004196167,0
2022-07-05,1.75600004196167,1.75600004196167,1.75600004196167,1.75600004196167,0
2022-07-06,1.75600004196167,1.75600004196167,1.75600004196167,1.75600004196167,0
2022-07-07,1.75600004196167,1.75600004196167,1.75600004196167,1.75600004196167,0
2022-07-17,1.75600004196167,1.75600004196167,1.5809999704360962,1.75600004196167,20101
2022-07-18,1.75600004196167,1.75600004196167,1.75600004196167,1.75600004196167,0
2022-07-19,1.75600004196167,1.75600004196167,1.75600004196167,1.75600004196167,0
2022-07-20,1.75600004196167,1.5809999704360962,1.5809999704360962,1.75600004196167,1450
2022-07-21,1.75600004196167,1.75600004196167,1.5809999704360962,1.75600004196167,125
2022-07-24,1.75600004196167,1.7999999523162842,1.5809999704360962,1.7339999675750732,579828
2022-07-25,1.7339999675750732,1.75,1.5609999895095825,1.5609999895095825,177331
2022-07-26,1.5609999895095825,1.6699999570846558,1.4110000133514404,1.6410000324249268,296454
2022-07-27,1.6410000324249268,1.690000057220459,1.531000018119812,1.6490000486373901,270590
2022-07-28,1.6490000486373901,1.7300000190734863,1.600000023841858,1.7029999494552612,432796
2022-07-31,1.7029999494552612,1.7599999904632568,1.6699999570846558,1.7070000171661377,329235
2022-08-01,1.7070000171661377,1.600000023841858,1.5369999408721924,1.5369999408721924,1092062
2022-08-02,1.5369999408721924,1.4989999532699585,1.3839999437332153,1.3839999437332153,323030
2022-08-03,1.3839999437332153,1.246000051498413,1.246000051498413,1.3839999437332153,93953
2022-08-04,1.3839999437332153,1.2580000162124634,1.246000051498413,1.3839999437332153,21142
2022-08-07,1.3839999437332153,1.246000051498413,1.246000051498413,1.3839999437332153,56162
2022-08-08,1.3839999437332153,1.246000051498413,1.246000051498413,1.3839999437332153,6400
2022-08-09,1.3839999437332153,1.3839999437332153,1.3839999437332153,1.3839999437332153,0
2022-08-10,1.3839999437332153,1.3839999437332153,1.3839999437332153,1.3839999437332153,0
2022-08-11,1.3839999437332153,1.3839999437332153,1.3839999437332153,1.3839999437332153,0
2022-08-14,1.3839999437332153,1.3839999437332153,1.3839999437332153,1.3839999437332153,0
2022-08-15,1.3839999437332153,1.3839999437332153,1.3839999437332153,1.3839999437332153,0
2022-08-16,1.3839999437332153,1.3839999437332153,1.3839999437332153,1.3839999437332153,0
2022-08-17,1.3839999437332153,1.3839999437332153,1.3839999437332153,1.3839999437332153,0
2022-08-18,1.3839999437332153,1.3839999437332153,1.3839999437332153,1.3839999437332153,0
2022-08-21,1.3839999437332153,1.3839999437332153,1.3839999437332153,1.3839999437332153,0
2022-08-22,1.3839999437332153,1.3839999437332153,1.3839999437332153,1.3839999437332153,0
2022-08-23,1.3839999437332153,1.3839999437332153,1.3839999437332153,1.3839999437332153,0
2022-08-24,1.3839999437332153,1.246000051498413,1.246000051498413,1.3839999437332153,900
2022-08-25,1.3839999437332153,1.3839999437332153,1.3839999437332153,1.3839999437332153,0
2022-08-28,1.3839999437332153,1.3839999437332153,1.3839999437332153,1.3839999437332153,0
2022-08-29,1.3839999437332153,1.3839999437332153,1.3839999437332153,1.3839999437332153,0
2022-08-30,1.3839999437332153,1.246000051498413,1.246000051498413,1.3839999437332153,2000
2022-08-31,1.3839999437332153,1.246000051498413,1.246000051498413,1.3839999437332153,1795
2022-09-01,1.3839999437332153,1.3839999437332153,1.3839999437332153,1.3839999437332153,0
2022-09-04,1.3839999437332153,1.3839999437332153,1.3839999437332153,1.3839999437332153,0
2022-09-05,1.3839999437332153,1.3839999437332153,1.3839999437332153,1.3839999437332153,0
2022-09-06,1.3839999437332153,1.3839999437332153,1.3839999437332153,1.3839999437332153,0
2022-09-07,1.3839999437332153,1.3839999437332153,1.3839999437332153,1.3839999437332153,0
2022-09-08,1.3839999437332153,1.3839999437332153,1.3839999437332153,1.3839999437332153,0
2022-09-11,1.3839999437332153,1.3839999437332153,1.3839999437332153,1.3839999437332153,0
2022-09-12,1.3839999437332153,1.3839999437332153,1.3839999437332153,1.3839999437332153,0
2022-09-13,1.3839999437332153,1.3839999437332153,1.3839999437332153,1.3839999437332153,0
2022-09-14,1.3839999437332153,1.3839999437332153,1.3839999437332153,1.3839999437332153,0
2022-09-15,1.3839999437332153,1.3839999437332153,1.3839999437332153,1.3839999437332153,0
2022-09-18,1.3839999437332153,1.3839999437332153,1.3839999437332153,1.3839999437332153,0
2022-09-19,1.3839999437332153,1.3839999437332153,1.3839999437332153,1.3839999437332153,0
2022-09-20,1.3839999437332153,1.3839999437332153,1.3839999437332153,1.3839999437332153,0
2022-09-21,1.3839999437332153,1.3839999437332153,1.3839999437332153,1.3839999437332153,0
2022-09-22,1.3839999437332153,1.3839999437332153,1.3839999437332153,1.3839999437332153,0
2022-09-25,1.3839999437332153,1.3839999437332153,1.3839999437332153,1.3839999437332153,0
2022-09-26,1.3839999437332153,1.3839999437332153,1.3839999437332153,1.3839999437332153,0
2022-09-27,1.3839999437332153,1.3839999437332153,1.3839999437332153,1.3839999437332153,0
2022-09-28,1.3839999437332153,1.3839999437332153,1.3839999437332153,1.3839999437332153,0
2022-09-29,1.3839999437332153,1.246000051498413,1.246000051498413,1.3839999437332153,25000
2022-10-02,1.3839999437332153,1.3839999437332153,1.3839999437332153,1.3839999437332153,0
2022-10-03,1.3839999437332153,1.3839999437332153,1.3839999437332153,1.3839999437332153,0
2022-10-04,1.3839999437332153,1.3839999437332153,1.3839999437332153,1.3839999437332153,0
2022-10-05,1.3839999437332153,1.3839999437332153,1.3839999437332153,1.3839999437332153,0
2022-10-09,1.3839999437332153,1.3839999437332153,1.3839999437332153,1.3839999437332153,0
2022-10-10,1.3839999437332153,1.246000051498413,1.246000051498413,1.3839999437332153,25
2022-10-11,1.3839999437332153,1.246000051498413,1.246000051498413,1.3839999437332153,36
2022-10-12,1.3839999437332153,1.3839999437332153,1.3839999437332153,1.3839999437332153,0
2022-10-13,1.3839999437332153,1.3839999437332153,1.3839999437332153,1.3839999437332153,0
2022-10-16,1.3839999437332153,1.3839999437332153,1.3839999437332153,1.3839999437332153,0
2022-10-17,1.3839999437332153,1.3839999437332153,1.3839999437332153,1.3839999437332153,0
2022-10-18,1.3839999437332153,1.3839999437332153,1.3839999437332153,1.3839999437332153,0
2022-10-19,1.3839999437332153,1.3839999437332153,1.3839999437332153,1.3839999437332153,0
2022-10-20,1.3839999437332153,1.3839999437332153,1.3839999437332153,1.3839999437332153,0
2022-10-23,1.3839999437332153,1.246000051498413,1.246000051498413,1.3839999437332153,320
2022-10-24,1.3839999437332153,1.3839999437332153,1.3839999437332153,1.3839999437332153,0
2022-10-25,1.3839999437332153,1.3839999437332153,1.3839999437332153,1.3839999437332153,0
2022-10-26,1.3839999437332153,1.3839999437332153,1.3839999437332153,1.3839999437332153,0
2022-10-27,1.3839999437332153,1.3839999437332153,1.3839999437332153,1.3839999437332153,0
2022-10-30,1.3839999437332153,1.3839999437332153,1.3839999437332153,1.3839999437332153,0
2022-10-31,1.3839999437332153,1.3839999437332153,1.3839999437332153,1.3839999437332153,0
2022-11-01,1.3839999437332153,1.246000051498413,1.246000051498413,1.3839999437332153,100
2022-11-02,1.3839999437332153,1.3839999437332153,1.3839999437332153,1.3839999437332153,0
2022-11-03,1.3839999437332153,1.3839999437332153,1.3839999437332153,1.3839999437332153,0
2022-11-06,1.3839999437332153,1.3839999437332153,1.3839999437332153,1.3839999437332153,0
2022-11-07,1.3839999437332153,1.3839999437332153,1.3839999437332153,1.3839999437332153,0
2022-11-08,1.3839999437332153,1.246000051498413,1.246000051498413,1.246000051498413,128000
2022-11-09,1.246000051498413,1.121999979019165,1.121999979019165,1.246000051498413,850
2022-11-10,1.246000051498413,1.121999979019165,1.121999979019165,1.246000051498413,950
2022-11-13,1.246000051498413,1.246000051498413,1.246000051498413,1.246000051498413,0
2022-11-14,1.246000051498413,1.246000051498413,1.246000051498413,1.246000051498413,0
2022-11-15,1.246000051498413,1.246000051498413,1.246000051498413,1.246000051498413,0
2022-11-16,1.246000051498413,1.246000051498413,1.246000051498413,1.246000051498413,0
2022-11-17,1.246000051498413,1.246000051498413,1.246000051498413,1.246000051498413,0
2022-11-20,1.246000051498413,1.246000051498413,1.246000051498413,1.246000051498413,0
2022-11-21,1.246000051498413,1.246000051498413,1.246000051498413,1.246000051498413,0
2022-11-22,1.246000051498413,1.246000051498413,1.246000051498413,1.246000051498413,0
2022-11-23,1.246000051498413,1.246000051498413,1.246000051498413,1.246000051498413,0
2022-11-24,1.246000051498413,1.246000051498413,1.246000051498413,1.246000051498413,0
2022-11-27,1.246000051498413,1.246000051498413,1.246000051498413,1.246000051498413,0
2022-11-28,1.246000051498413,1.246000051498413,1.246000051498413,1.246000051498413,0
2022-11-29,1.246000051498413,1.121999979019165,1.121999979019165,1.246000051498413,75
2022-11-30,1.246000051498413,1.121999979019165,1.121999979019165,1.246000051498413,29390
2022-12-01,1.246000051498413,1.246000051498413,1.246000051498413,1.246000051498413,0
2022-12-04,1.246000051498413,1.121999979019165,1.121999979019165,1.246000051498413,17
2022-12-05,1.246000051498413,1.121999979019165,1.121999979019165,1.246000051498413,110
2022-12-06,1.246000051498413,1.246000051498413,1.246000051498413,1.246000051498413,0
2022-12-07,1.246000051498413,1.246000051498413,1.246000051498413,1.246000051498413,0
2022-12-08,1.246000051498413,1.246000051498413,1.246000051498413,1.246000051498413,0
2022-12-11,1.246000051498413,1.121999979019165,1.121999979019165,1.246000051498413,1
2022-12-12,1.246000051498413,1.121999979019165,1.121999979019165,1.246000051498413,15000
2022-12-13,1.246000051498413,1.121999979019165,1.121999979019165,1.121999979019165,187100
2022-12-14,1.121999979019165,1.0099999904632568,1.0099999904632568,1.0099999904632568,3942024
2022-12-15,1.0099999904632568,0.9089999794960022,0.9089999794960022,0.9089999794960022,651034
2022-12-18,0.9089999794960022,0.8190000057220459,0.8190000057220459,0.9089999794960022,119835
2022-12-19,0.9089999794960022,0.9089999794960022,0.8190000057220459,0.9089999794960022,9022
2022-12-20,0.9089999794960022,0.8190000057220459,0.8190000057220459,0.8190000057220459,553895
2022-12-21,0.8190000057220459,0.8999999761581421,0.8109999895095825,0.8999999761581421,746339
2022-12-22,0.8999999761581421,0.9900000095367432,0.9100000262260437,0.9539999961853027,2931067
2022-12-25,0.9539999961853027,0.949999988079071,0.859000027179718,0.859000027179718,559202
2022-12-26,0.859000027179718,0.8820000290870667,0.7739999890327454,0.8080000281333923,337087
2022-12-27,0.8080000281333923,0.8080000281333923,0.7329999804496765,0.7450000047683716,353642
2022-12-28,0.7450000047683716,0.8190000057220459,0.6830000281333923,0.8180000185966492,309990
2022-12-29,0.8180000185966492,0.8199999928474426,0.7570000290870667,0.8180000185966492,134206
2023-01-02,0.8180000185966492,0.8690000176429749,0.7549999952316284,0.8159999847412109,325587
2023-01-03,0.8159999847412109,0.8970000147819519,0.7720000147819519,0.8109999895095825,429349
2023-01-04,0.8109999895095825,0.828000009059906,0.7409999966621399,0.7879999876022339,313693
2023-01-05,0.7879999876022339,0.7850000262260437,0.753000020980835,0.7540000081062317,1033680
2023-01-09,0.7540000081062317,0.7789999842643738,0.6919999718666077,0.734000027179718,230191
2023-01-10,0.734000027179718,0.75,0.6830000281333923,0.734000027179718,70953
2023-01-11,0.734000027179718,0.7350000143051147,0.671999990940094,0.734000027179718,78572
2023-01-12,0.734000027179718,0.699999988079071,0.6660000085830688,0.734000027179718,54394
2023-01-15,0.734000027179718,0.7319999933242798,0.6610000133514404,0.734000027179718,112617
2023-01-16,0.734000027179718,0.6980000138282776,0.6610000133514404,0.734000027179718,106711
2023-01-17,0.734000027179718,0.6800000071525574,0.6610000133514404,0.6610000133514404,386446
2023-01-18,0.6610000133514404,0.7269999980926514,0.6819999814033508,0.7269999980926514,756759
2023-01-19,0.7269999980926514,0.796999990940094,0.6909999847412109,0.7089999914169312,605706
2023-01-22,0.7089999914169312,0.75,0.6899999976158142,0.7089999914169312,181560
2023-01-23,0.7089999914169312,0.7440000176429749,0.699999988079071,0.7089999914169312,44640
2023-01-24,0.7089999914169312,0.7110000252723694,0.6690000295639038,0.7089999914169312,118651
2023-01-25,0.7089999914169312,0.7269999980926514,0.6909999847412109,0.7089999914169312,2123
2023-01-29,0.7089999914169312,0.7229999899864197,0.6389999985694885,0.7009999752044678,438567
2023-01-30,0.7009999752044678,0.7129999995231628,0.6349999904632568,0.6660000085830688,393536
2023-01-31,0.6660000085830688,0.7319999933242798,0.6700000166893005,0.722000002861023,537988
2023-02-01,0.722000002861023,0.75,0.6539999842643738,0.722000002861023,83651
2023-02-02,0.722000002861023,0.7149999737739563,0.6610000133514404,0.722000002861023,116296
2023-02-05,0.722000002861023,0.6700000166893005,0.6600000262260437,0.722000002861023,79009
2023-02-06,0.722000002861023,0.7089999914169312,0.6520000100135803,0.722000002861023,93013
2023-02-07,0.722000002861023,0.6990000009536743,0.6700000166893005,0.722000002861023,91994
2023-02-08,0.722000002861023,0.6899999976158142,0.6600000262260437,0.722000002861023,222678
2023-02-09,0.722000002861023,0.722000002861023,0.6700000166893005,0.722000002861023,39575
2023-02-12,0.722000002861023,0.6800000071525574,0.6620000004768372,0.722000002861023,72934
2023-02-13,0.722000002861023,0.6700000166893005,0.6660000085830688,0.722000002861023,42751
2023-02-14,0.722000002861023,0.6899999976158142,0.6679999828338623,0.722000002861023,118611
2023-02-15,0.722000002861023,0.7099999785423279,0.6800000071525574,0.722000002861023,97017
2023-02-16,0.722000002861023,0.7300000190734863,0.699999988079071,0.722000002861023,169651
2023-02-19,0.722000002861023,0.699999988079071,0.6899999976158142,0.722000002861023,81829
2023-02-20,0.722000002861023,0.6899999976158142,0.6800000071525574,0.722000002861023,105000
2023-02-21,0.722000002861023,0.699999988079071,0.6779999732971191,0.722000002861023,150005
2023-02-22,0.722000002861023,0.699999988079071,0.6650000214576721,0.699999988079071,299333
2023-02-23,0.699999988079071,0.6800000071525574,0.675000011920929,0.699999988079071,119250
2023-02-26,0.699999988079071,0.6980000138282776,0.6600000262260437,0.6669999957084656,400035
2023-02-27,0.6669999957084656,0.699999988079071,0.6600000262260437,0.6669999957084656,77572
2023-02-28,0.6669999957084656,0.6990000009536743,0.6600000262260437,0.6669999957084656,218512
2023-03-01,0.6669999957084656,0.7049999833106995,0.675000011920929,0.6669999957084656,8716
2023-03-02,0.6669999957084656,0.7099999785423279,0.6600000262260437,0.6669999957084656,214906
2023-03-05,0.6669999957084656,0.7319999933242798,0.6679999828338623,0.7239999771118164,329882
2023-03-06,0.7239999771118164,0.7099999785423279,0.6899999976158142,0.7239999771118164,139582
2023-03-07,0.7239999771118164,0.7279999852180481,0.6909999847412109,0.718999981880188,298916
2023-03-08,0.718999981880188,0.7250000238418579,0.6800000071525574,0.718999981880188,96575
2023-03-09,0.718999981880188,0.7009999752044678,0.6959999799728394,0.699999988079071,364845
2023-03-12,0.699999988079071,0.7099999785423279,0.6800000071525574,0.699999988079071,67097
2023-03-13,0.699999988079071,0.6990000009536743,0.6600000262260437,0.6800000071525574,565944
2023-03-14,0.6800000071525574,0.6800000071525574,0.6629999876022339,0.6800000071525574,23300
2023-03-15,0.6800000071525574,0.6990000009536743,0.6600000262260437,0.6800000071525574,116060
2023-03-16,0.6800000071525574,0.6949999928474426,0.6650000214576721,0.6800000071525574,78280
2023-03-19,0.6800000071525574,0.6700000166893005,0.6600000262260437,0.6629999876022339,302495
2023-03-20,0.6629999876022339,0.6970000267028809,0.6600000262260437,0.6629999876022339,10149
2023-03-21,0.6629999876022339,0.6899999976158142,0.6660000085830688,0.6629999876022339,97153
2023-03-22,0.6629999876022339,0.6899999976158142,0.6710000038146973,0.6629999876022339,45000
2023-03-23,0.6629999876022339,0.6629999876022339,0.6629999876022339,0.6629999876022339,0
2023-03-26,0.6629999876022339,0.6629999876022339,0.6629999876022339,0.6629999876022339,0
2023-03-27,0.6629999876022339,0.699999988079071,0.6899999976158142,0.6629999876022339,5946
2023-03-28,0.6629999876022339,0.6629999876022339,0.6629999876022339,0.6629999876022339,0
2023-03-29,0.6629999876022339,0.699999988079071,0.6629999876022339,0.6629999876022339,86173
2023-03-30,0.6629999876022339,0.7200000286102295,0.6899999976158142,0.6629999876022339,60940
2023-04-02,0.6629999876022339,0.699999988079071,0.6899999976158142,0.6629999876022339,63000
2023-04-03,0.6629999876022339,0.7020000219345093,0.699999988079071,0.6629999876022339,27860
2023-04-04,0.6629999876022339,0.7200000286102295,0.6990000009536743,0.6629999876022339,16100
2023-04-05,0.6629999876022339,0.7250000238418579,0.6679999828338623,0.6629999876022339,110391
2023-04-06,0.6629999876022339,0.7250000238418579,0.7239999771118164,0.6629999876022339,17000
2023-04-09,0.6629999876022339,0.7289999723434448,0.7200000286102295,0.7289999723434448,279277
2023-04-10,0.7289999723434448,0.7789999842643738,0.7200000286102295,0.7289999723434448,29819
2023-04-11,0.7289999723434448,0.7200000286102295,0.699999988079071,0.7289999723434448,38000
2023-04-12,0.7289999723434448,0.7200000286102295,0.7200000286102295,0.7289999723434448,26005
2023-04-13,0.7289999723434448,0.7879999876022339,0.7009999752044678,0.7289999723434448,17803
2023-04-18,0.7289999723434448,0.75,0.7400000095367432,0.7289999723434448,14474
2023-04-19,0.7289999723434448,0.7509999871253967,0.7009999752044678,0.7289999723434448,30011
2023-04-26,0.7289999723434448,0.800000011920929,0.699999988079071,0.7289999723434448,61516
2023-04-27,0.7289999723434448,0.800000011920929,0.75,0.7289999723434448,135660
2023-04-30,0.7289999723434448,0.8009999990463257,0.6700000166893005,0.8009999990463257,193355
2023-05-01,0.8009999990463257,0.8009999990463257,0.8009999990463257,0.8009999990463257,0
2023-05-02,0.8009999990463257,0.800000011920929,0.7549999952316284,0.8009999990463257,19770
2023-05-03,0.8009999990463257,0.8009999990463257,0.800000011920929,0.8009999990463257,50500
2023-05-07,0.8009999990463257,0.8199999928474426,0.800000011920929,0.800000011920929,663746
2023-05-08,0.800000011920929,0.8100000023841858,0.800000011920929,0.800000011920929,27025
2023-05-09,0.800000011920929,0.800000011920929,0.800000011920929,0.800000011920929,50000
2023-05-10,0.800000011920929,0.8339999914169312,0.8100000023841858,0.800000011920929,20124
2023-05-11,0.800000011920929,0.800000011920929,0.800000011920929,0.800000011920929,0
2023-05-14,0.800000011920929,0.8299999833106995,0.800000011920929,0.800000011920929,192126
2023-05-15,0.800000011920929,0.8100000023841858,0.7979999780654907,0.800000011920929,158980
2023-05-16,0.800000011920929,0.800000011920929,0.800000011920929,0.800000011920929,13500
2023-05-17,0.800000011920929,0.800000011920929,0.800000011920929,0.800000011920929,60000
2023-05-18,0.800000011920929,0.800000011920929,0.800000011920929,0.800000011920929,1000
2023-05-21,0.800000011920929,0.8100000023841858,0.8100000023841858,0.800000011920929,20
2023-05-22,0.800000011920929,0.8109999895095825,0.8100000023841858,0.800000011920929,10000
2023-05-23,0.800000011920929,0.8050000071525574,0.800000011920929,0.800000011920929,44500
2023-05-24,0.800000011920929,0.800000011920929,0.800000011920929,0.800000011920929,0
2023-05-25,0.800000011920929,0.800000011920929,0.800000011920929,0.800000011920929,101115
2023-05-28,0.800000011920929,0.800000011920929,0.800000011920929,0.800000011920929,195000
2023-05-29,0.800000011920929,0.800000011920929,0.800000011920929,0.800000011920929,88000
2023-05-30,0.800000011920929,0.8799999952316284,0.8109999895095825,0.800000011920929,123928
2023-05-31,0.800000011920929,0.8799999952316284,0.8790000081062317,0.800000011920929,124500
2023-06-01,0.800000011920929,0.8799999952316284,0.8799999952316284,0.800000011920929,50
2023-06-04,0.800000011920929,0.8799999952316284,0.8799999952316284,0.800000011920929,750
2023-06-05,0.800000011920929,0.8799999952316284,0.8790000081062317,0.8799999952316284,180957
2023-06-06,0.8799999952316284,0.9670000076293945,0.8799999952316284,0.8799999952316284,4661
2023-06-07,0.8799999952316284,0.9649999737739563,0.8799999952316284,0.8799999952316284,66565
2023-06-08,0.8799999952316284,0.8999999761581421,0.8820000290870667,0.8799999952316284,38850
2023-06-11,0.8799999952316284,0.9020000100135803,0.8830000162124634,0.8799999952316284,1723
2023-06-12,0.8799999952316284,0.9100000262260437,0.9100000262260437,0.8799999952316284,600
2023-06-13,0.8799999952316284,0.8799999952316284,0.8799999952316284,0.8799999952316284,72500
2023-06-14,0.8799999952316284,0.8799999952316284,0.8799999952316284,0.8799999952316284,0
2023-06-15,0.8799999952316284,0.9399999976158142,0.8799999952316284,0.8799999952316284,32506
2023-06-18,0.8799999952316284,0.9399999976158142,0.8899999856948853,0.8799999952316284,12103
2023-06-19,0.8799999952316284,0.8799999952316284,0.8799999952316284,0.8799999952316284,25000
2023-06-20,0.8799999952316284,0.8999999761581421,0.8999999761581421,0.8799999952316284,15000
2023-06-21,0.8799999952316284,0.8799999952316284,0.8799999952316284,0.8799999952316284,0
2023-06-22,0.8799999952316284,0.8999999761581421,0.8999999761581421,0.8799999952316284,27550
2023-06-25,0.8799999952316284,0.9350000023841858,0.8799999952316284,0.8799999952316284,42879
2023-06-26,0.8799999952316284,0.8999999761581421,0.8999999761581421,0.8799999952316284,15000
2023-07-04,0.8799999952316284,0.8799999952316284,0.8799999952316284,0.8799999952316284,0
2023-07-05,0.8799999952316284,0.8999999761581421,0.8999999761581421,0.8799999952316284,4791
2023-07-06,0.8799999952316284,0.8799999952316284,0.8799999952316284,0.8799999952316284,0
2023-07-09,0.8799999952316284,0.8999999761581421,0.8199999928474426,0.8799999952316284,90150
2023-07-10,0.8799999952316284,0.8799999952316284,0.8799999952316284,0.8799999952316284,0
2023-07-11,0.8799999952316284,0.8799999952316284,0.8799999952316284,0.8799999952316284,15103
2023-07-12,0.8799999952316284,0.8999999761581421,0.8999999761581421,0.8799999952316284,13050
2023-07-13,0.8799999952316284,0.8799999952316284,0.8799999952316284,0.8799999952316284,18000
2023-07-16,0.8799999952316284,0.8799999952316284,0.8799999952316284,0.8799999952316284,0
2023-07-17,0.8799999952316284,0.8799999952316284,0.8799999952316284,0.8799999952316284,0
2023-07-18,0.8799999952316284,0.9200000166893005,0.9200000166893005,0.8799999952316284,3000
2023-07-19,0.8799999952316284,0.8799999952316284,0.8799999952316284,0.8799999952316284,0
2023-07-24,0.8799999952316284,0.8799999952316284,0.8799999952316284,0.8799999952316284,105000
2023-07-25,0.8799999952316284,0.8799999952316284,0.8799999952316284,0.8799999952316284,0
2023-07-26,0.8799999952316284,0.8999999761581421,0.8799999952316284,0.8799999952316284,57000
2023-07-27,0.8799999952316284,0.8799999952316284,0.8799999952316284,0.8799999952316284,0
2023-07-30,0.8799999952316284,0.8999999761581421,0.8799999952316284,0.8799999952316284,10100
2023-07-31,0.8799999952316284,0.9599999785423279,0.8700000047683716,0.8799999952316284,25510
2023-08-01,0.8799999952316284,0.9649999737739563,0.800000011920929,0.8799999952316284,5260
2023-08-02,0.8799999952316284,0.9670000076293945,0.8999999761581421,0.8799999952316284,87012
2023-08-03,0.8799999952316284,0.949999988079071,0.8899999856948853,0.8799999952316284,1175
2023-08-06,0.8799999952316284,0.9679999947547913,0.9100000262260437,0.8799999952316284,68637
2023-08-07,0.8799999952316284,0.9679999947547913,0.8799999952316284,0.8799999952316284,15764
2023-08-08,0.8799999952316284,0.9679999947547913,0.8999999761581421,0.8799999952316284,6920
2023-08-09,0.8799999952316284,0.9679999947547913,0.9670000076293945,0.9679999947547913,165400
2023-08-10,0.9679999947547913,1.0640000104904175,0.9900000095367432,1.0240000486373901,174943
2023-08-13,1.0240000486373901,1.1260000467300415,1.0700000524520874,1.0240000486373901,44226
2023-08-14,1.0240000486373901,1.1260000467300415,1.121000051498413,1.0240000486373901,87033
2023-08-15,1.0240000486373901,1.1260000467300415,1.1260000467300415,1.0240000486373901,61410
2023-08-16,1.0240000486373901,1.1260000467300415,1.0199999809265137,1.0240000486373901,40182
2023-08-17,1.0240000486373901,1.0240000486373901,1.0240000486373901,1.0240000486373901,0
2023-08-20,1.0240000486373901,1.1200000047683716,0.9509999752044678,1.0240000486373901,1089
2023-08-21,1.0240000486373901,1.0240000486373901,1.0240000486373901,1.0240000486373901,0
2023-08-22,1.0240000486373901,1.0099999904632568,1.0,1.0240000486373901,548
2023-08-23,1.0240000486373901,1.1200000047683716,0.9300000071525574,1.0240000486373901,1500
2023-08-24,1.0240000486373901,1.1200000047683716,1.059999942779541,1.0240000486373901,49009
2023-08-27,1.0240000486373901,1.11899995803833,1.100000023841858,1.0240000486373901,29600
2023-08-28,1.0240000486373901,1.0240000486373901,1.0240000486373901,1.0240000486373901,0
2023-08-29,1.0240000486373901,0.949999988079071,0.949999988079071,1.0240000486373901,370
2023-08-30,1.0240000486373901,1.0299999713897705,0.949999988079071,1.0240000486373901,26583
2023-08-31,1.0240000486373901,1.0240000486373901,1.0240000486373901,1.0240000486373901,0
2023-09-03,1.0240000486373901,1.0240000486373901,1.0,1.0240000486373901,5614
2023-09-04,1.0240000486373901,1.0,1.0,1.0240000486373901,16000
2023-09-05,1.0240000486373901,1.0499999523162842,1.0499999523162842,1.0240000486373901,20000
2023-09-06,1.0240000486373901,1.0240000486373901,1.0240000486373901,1.0240000486373901,0
2023-09-07,1.0240000486373901,1.0099999904632568,0.9900000095367432,1.0240000486373901,1681
2023-09-10,1.0240000486373901,1.0240000486373901,1.0240000486373901,1.0240000486373901,0
2023-09-11,1.0240000486373901,1.0240000486373901,1.0240000486373901,1.0240000486373901,0
2023-09-12,1.0240000486373901,0.9599999785423279,0.9599999785423279,1.0240000486373901,61
2023-09-13,1.0240000486373901,1.0,1.0,1.0240000486373901,1500
2023-09-14,1.0240000486373901,1.0240000486373901,1.0240000486373901,1.0240000486373901,0
2023-09-17,1.0240000486373901,1.0240000486373901,1.0240000486373901,1.0240000486373901,0
2023-09-18,1.0240000486373901,1.0299999713897705,1.0,1.0240000486373901,128168
2023-09-19,1.0240000486373901,1.0499999523162842,1.0019999742507935,1.0240000486373901,125070
2023-09-20,1.0240000486373901,1.0240000486373901,1.0240000486373901,1.0240000486373901,0
2023-09-21,1.0240000486373901,1.0240000486373901,1.0240000486373901,1.0240000486373901,0
2023-09-24,1.0240000486373901,1.0240000486373901,1.0240000486373901,1.0240000486373901,0
2023-09-25,1.0260000228881836,1.128000020980835,1.1200000047683716,1.0260000228881836,77000
2023-09-26,1.0260000228881836,1.128000020980835,1.0099999904632568,1.0260000228881836,18384
2023-09-27,1.0260000228881836,1.0260000228881836,1.0260000228881836,1.0260000228881836,0
2023-10-01,1.0260000228881836,1.0260000228881836,1.0260000228881836,1.0260000228881836,0
2023-10-02,1.1030000448226929,1.2120000123977661,1.128000020980835,1.1030000448226929,21200
2023-10-03,1.1030000448226929,1.2130000591278076,1.13100004196167,1.1030000448226929,64193
2023-10-04,1.1030000448226929,1.2100000381469727,1.2100000381469727,1.1030000448226929,3000
2023-10-08,1.1030000448226929,1.0,1.0,1.1030000448226929,1250
2023-10-09,1.1030000448226929,1.1030000448226929,1.1030000448226929,1.1030000448226929,0
2023-10-10,1.1030000448226929,1.2120000123977661,1.1200000047683716,1.180999994277954,152948
2023-10-11,1.180999994277954,1.2100000381469727,1.1100000143051147,1.180999994277954,24552
2023-10-12,1.180999994277954,1.2799999713897705,1.0800000429153442,1.180999994277954,85100
2023-10-15,1.180999994277954,1.1100000143051147,1.100000023841858,1.180999994277954,1500
2023-10-16,1.180999994277954,1.180999994277954,1.180999994277954,1.180999994277954,0
2023-10-17,1.180999994277954,1.25,1.1109999418258667,1.180999994277954,5000
2023-10-18,1.180999994277954,1.2400000095367432,1.1200000047683716,1.180999994277954,12686
2023-10-19,1.180999994277954,1.180999994277954,1.180999994277954,1.180999994277954,0
2023-10-22,1.180999994277954,1.1410000324249268,1.1410000324249268,1.180999994277954,100
2023-10-23,1.180999994277954,1.2599999904632568,1.1200000047683716,1.121999979019165,204000
2023-10-24,1.121999979019165,1.0299999713897705,1.0299999713897705,1.121999979019165,100
2023-10-25,1.121999979019165,1.2100000381469727,1.2100000381469727,1.121999979019165,2504
2023-10-26,1.121999979019165,1.190000057220459,1.100000023841858,1.121999979019165,45701
2023-10-29,1.121999979019165,1.2000000476837158,1.100000023841858,1.121999979019165,20394
2023-10-30,1.121999979019165,1.190000057220459,1.0099999904632568,1.121999979019165,10132
2023-10-31,1.121999979019165,1.2339999675750732,1.0299999713897705,1.121999979019165,34168
2023-11-01,1.121999979019165,1.121999979019165,1.0299999713897705,1.121999979019165,25037
2023-11-02,1.121999979019165,1.0449999570846558,1.0299999713897705,1.121999979019165,12018
2023-11-05,1.121999979019165,1.1200000047683716,1.0499999523162842,1.0980000495910645,223012
2023-11-06,1.0980000495910645,1.0980000495910645,1.0980000495910645,1.0980000495910645,0
2023-11-07,1.0980000495910645,1.100000023841858,1.0210000276565552,1.0720000267028809,260000
2023-11-08,1.0720000267028809,1.0130000114440918,1.0130000114440918,1.0720000267028809,1100
2023-11-09,1.0720000267028809,1.149999976158142,1.031000018119812,1.0720000267028809,10006
2023-11-12,1.0720000267028809,1.1779999732971191,1.0099999904632568,1.0720000267028809,72600
2023-11-13,1.0720000267028809,1.1399999856948853,1.0099999904632568,1.0720000267028809,35
2023-11-14,1.0720000267028809,1.1759999990463257,1.100000023841858,1.1050000190734863,147599
2023-11-15,1.1050000190734863,1.1759999990463257,1.0130000114440918,1.1050000190734863,10292
2023-11-16,1.1050000190734863,1.149999976158142,1.0520000457763672,1.1050000190734863,11956
2023-11-19,1.1050000190734863,1.1770000457763672,1.100000023841858,1.1169999837875366,198750
2023-11-20,1.1169999837875366,1.2139999866485596,1.2000000476837158,1.1169999837875366,8125
2023-11-21,1.1169999837875366,1.2039999961853027,1.0809999704360962,1.1169999837875366,70972
2023-11-22,1.1169999837875366,1.2280000448226929,1.121000051498413,1.1169999837875366,93110
2023-11-23,1.1169999837875366,1.2280000448226929,1.2230000495910645,1.1169999837875366,120087
2023-11-26,1.1169999837875366,1.2280000448226929,1.2280000448226929,1.1169999837875366,32500
2023-11-27,1.1169999837875366,1.2280000448226929,1.2280000448226929,1.2280000448226929,150059
2023-11-28,1.2280000448226929,1.2280000448226929,1.2009999752044678,1.2280000448226929,4750
2023-11-29,1.2280000448226929,1.350000023841858,1.2339999675750732,1.2280000448226929,9454
2023-11-30,1.2280000448226929,1.350000023841858,1.2020000219345093,1.2280000448226929,25108
2023-12-03,1.2280000448226929,1.350000023841858,1.274999976158142,1.2280000448226929,12981
2023-12-04,1.2280000448226929,1.350000023841858,1.2719999551773071,1.343000054359436,119028
2023-12-05,1.343000054359436,1.3619999885559082,1.3509999513626099,1.343000054359436,25463
2023-12-06,1.343000054359436,1.4500000476837158,1.3899999856948853,1.343000054359436,27065
2023-12-07,1.343000054359436,1.440000057220459,1.3300000429153442,1.343000054359436,32537
2023-12-10,1.343000054359436,1.4500000476837158,1.3300000429153442,1.343000054359436,48582
2023-12-11,1.343000054359436,1.4500000476837158,1.409999966621399,1.343000054359436,7745
2023-12-12,1.343000054359436,1.4500000476837158,1.399999976158142,1.4040000438690186,123255
2023-12-13,1.4040000438690186,1.5440000295639038,1.399999976158142,1.5230000019073486,224443
2023-12-14,1.5230000019073486,1.6699999570846558,1.600000023841858,1.6330000162124634,108665
2023-12-17,1.6330000162124634,1.7879999876022339,1.4700000286102295,1.6330000162124634,926
2023-12-18,1.6330000162124634,1.6890000104904175,1.4800000190734863,1.6330000162124634,2027
2023-12-19,1.6330000162124634,1.7879999876022339,1.5,1.6330000162124634,13097
2023-12-20,1.6330000162124634,1.7899999618530273,1.5399999618530273,1.6330000162124634,2300
2023-12-21,1.6330000162124634,1.5520000457763672,1.5499999523162842,1.6330000162124634,3334
2023-12-24,1.6330000162124634,1.6330000162124634,1.6330000162124634,1.6330000162124634,0
2023-12-25,1.6330000162124634,1.5299999713897705,1.5199999809265137,1.6330000162124634,10000
2023-12-26,1.6330000162124634,1.7890000343322754,1.5520000457763672,1.6330000162124634,60929
2023-12-27,1.6330000162124634,1.7949999570846558,1.649999976158142,1.7170000076293945,119504
2023-12-28,1.7170000076293945,1.8799999952316284,1.6699999570846558,1.850000023841858,97855
2023-12-31,1.850000023841858,1.8669999837875366,1.6710000038146973,1.850000023841858,6599
2024-01-02,1.850000023841858,1.8600000143051147,1.6799999475479126,1.850000023841858,25394
2024-01-03,1.850000023841858,1.7999999523162842,1.7200000286102295,1.850000023841858,44568
2024-01-04,1.850000023841858,1.7799999713897705,1.6649999618530273,1.6660000085830688,173489
2024-01-08,1.6660000085830688,1.7000000476837158,1.5099999904632568,1.6660000085830688,16258
2024-01-09,1.6660000085830688,1.6799999475479126,1.5,1.6660000085830688,55602
2024-01-10,1.6660000085830688,1.6790000200271606,1.5,1.5010000467300415,145782
2024-01-11,1.5010000467300415,1.5099999904632568,1.4700000286102295,1.5010000467300415,33886
2024-01-14,1.5010000467300415,1.600000023841858,1.4700000286102295,1.5010000467300415,11704
2024-01-15,1.5010000467300415,1.5,1.38100004196167,1.5010000467300415,12605
2024-01-16,1.5010000467300415,1.5759999752044678,1.3899999856948853,1.5010000467300415,24498
2024-01-17,1.5010000467300415,1.4900000095367432,1.3899999856948853,1.5010000467300415,20867
2024-01-18,1.5010000467300415,1.5010000467300415,1.3509999513626099,1.5010000467300415,5169
2024-01-21,1.5010000467300415,1.5,1.3519999980926514,1.5010000467300415,2589
2024-01-22,1.5010000467300415,1.4700000286102295,1.3700000047683716,1.5010000467300415,6776
2024-01-23,1.5010000467300415,1.4700000286102295,1.3519999980926514,1.5010000467300415,7721
2024-01-24,1.5010000467300415,1.4900000095367432,1.3519999980926514,1.5010000467300415,6207
2024-01-28,1.5010000467300415,1.4800000190734863,1.3519999980926514,1.5010000467300415,12879
2024-01-29,1.5010000467300415,1.4700000286102295,1.3519999980926514,1.5010000467300415,2273
2024-01-30,1.5010000467300415,1.3600000143051147,1.3509999513626099,1.5010000467300415,11391
2024-01-31,1.5010000467300415,1.465000033378601,1.4500000476837158,1.5010000467300415,5092
2024-02-01,1.5010000467300415,1.4700000286102295,1.3509999513626099,1.5010000467300415,56171
2024-02-04,1.5010000467300415,1.5049999952316284,1.409999966621399,1.5010000467300415,33505
2024-02-05,1.5010000467300415,1.5010000467300415,1.5010000467300415,1.5010000467300415,0
2024-02-06,1.5010000467300415,1.3519999980926514,1.3509999513626099,1.5010000467300415,321
2024-02-07,1.5010000467300415,1.4950000047683716,1.3700000047683716,1.5010000467300415,13887
2024-02-08,1.5010000467300415,1.399999976158142,1.3519999980926514,1.5010000467300415,5071
2024-02-11,1.5010000467300415,1.4950000047683716,1.3600000143051147,1.5010000467300415,10100
2024-02-12,1.5010000467300415,1.4789999723434448,1.3609999418258667,1.5010000467300415,15317
2024-02-13,1.5010000467300415,1.5,1.3509999513626099,1.5010000467300415,9714
2024-02-14,1.5010000467300415,1.4500000476837158,1.3530000448226929,1.5010000467300415,3582
2024-02-15,1.5010000467300415,1.5399999618530273,1.3509999513626099,1.5010000467300415,6220
2024-02-18,1.5010000467300415,1.5010000467300415,1.5010000467300415,1.5010000467300415,0
2024-02-19,1.5010000467300415,1.5010000467300415,1.5010000467300415,1.5010000467300415,0
2024-02-20,1.5010000467300415,1.5,1.3509999513626099,1.5010000467300415,66574
2024-02-21,1.5010000467300415,1.4839999675750732,1.3509999513626099,1.5010000467300415,10748
2024-02-22,1.5010000467300415,1.4900000095367432,1.3569999933242798,1.5010000467300415,37999
2024-02-25,1.5010000467300415,1.4800000190734863,1.3509999513626099,1.5010000467300415,22714
2024-02-26,1.5010000467300415,1.4700000286102295,1.3509999513626099,1.5010000467300415,35825
2024-02-27,1.5010000467300415,1.4500000476837158,1.3509999513626099,1.5010000467300415,33719
2024-02-28,1.5010000467300415,1.4470000267028809,1.3700000047683716,1.5010000467300415,15394
2024-02-29,1.5010000467300415,1.440000057220459,1.3530000448226929,1.5010000467300415,29119
2024-03-03,1.5010000467300415,1.4950000047683716,1.3600000143051147,1.5010000467300415,20488
2024-03-04,1.5010000467300415,1.444000005722046,1.3509999513626099,1.5010000467300415,46689
2024-03-05,1.5010000467300415,1.437000036239624,1.3700000047683716,1.5010000467300415,4365
2024-03-06,1.5010000467300415,1.4390000104904175,1.371999979019165,1.5010000467300415,15729
2024-03-07,1.5010000467300415,1.5010000467300415,1.3700000047683716,1.5010000467300415,32343
2024-03-10,1.5010000467300415,1.5,1.3700000047683716,1.5010000467300415,51020
2024-03-11,1.5010000467300415,1.5449999570846558,1.371000051498413,1.5010000467300415,12712
2024-03-12,1.5010000467300415,1.4500000476837158,1.399999976158142,1.5010000467300415,9785
2024-03-13,1.5010000467300415,1.5,1.3799999952316284,1.5010000467300415,16035
2024-03-14,1.5010000467300415,1.4950000047683716,1.399999976158142,1.5010000467300415,1938
2024-03-17,1.5010000467300415,1.4900000095367432,1.3509999513626099,1.5010000467300415,19495
2024-03-18,1.5010000467300415,1.4800000190734863,1.3519999980926514,1.5010000467300415,36564
2024-03-19,1.5010000467300415,1.4800000190734863,1.3519999980926514,1.5010000467300415,39215
2024-03-20,1.5010000467300415,1.6399999856948853,1.399999976158142,1.5290000438690186,163090
2024-03-21,1.5290000438690186,1.6349999904632568,1.5290000438690186,1.5290000438690186,17034
2024-03-24,1.5290000438690186,1.6399999856948853,1.4359999895095825,1.5290000438690186,3163
2024-03-25,1.5290000438690186,1.628000020980835,1.5010000467300415,1.5290000438690186,10159
2024-03-26,1.5290000438690186,1.559999942779541,1.440000057220459,1.5290000438690186,39841
2024-03-27,1.5290000438690186,1.559999942779541,1.440999984741211,1.5290000438690186,108
2024-03-28,1.5290000438690186,1.559999942779541,1.4320000410079956,1.5290000438690186,1100
2024-03-31,1.5290000438690186,1.628999948501587,1.4320000410079956,1.5290000438690186,55232
2024-04-01,1.5290000438690186,1.628999948501587,1.4329999685287476,1.5290000438690186,743
2024-04-02,1.5290000438690186,1.628999948501587,1.4559999704360962,1.5290000438690186,54277
2024-04-03,1.5290000438690186,1.600000023841858,1.4709999561309814,1.5290000438690186,498
2024-04-04,1.5290000438690186,1.590000033378601,1.4500000476837158,1.5290000438690186,5145
2024-04-07,1.5290000438690186,1.5789999961853027,1.4299999475479126,1.5290000438690186,55132
2024-04-08,1.5290000438690186,1.5779999494552612,1.4500000476837158,1.5290000438690186,276
2024-04-15,1.5290000438690186,1.5499999523162842,1.4500000476837158,1.5290000438690186,8257
2024-04-16,1.5290000438690186,1.5260000228881836,1.4299999475479126,1.5290000438690186,28951
2024-04-17,1.5290000438690186,1.4989999532699585,1.4299999475479126,1.5290000438690186,67568
2024-04-18,1.5290000438690186,1.4900000095367432,1.399999976158142,1.5290000438690186,10184
2024-04-21,1.5290000438690186,1.5,1.399999976158142,1.5290000438690186,72523
2024-04-22,1.5290000438690186,1.4889999628067017,1.3799999952316284,1.5290000438690186,18187
2024-04-23,1.5290000438690186,1.4800000190734863,1.3769999742507935,1.5290000438690186,25641
2024-04-24,1.5290000438690186,1.4490000009536743,1.378000020980835,1.5290000438690186,105
2024-04-28,1.5290000438690186,1.5290000438690186,1.5290000438690186,1.5290000438690186,0
2024-04-29,1.5290000438690186,1.3769999742507935,1.3769999742507935,1.5290000438690186,3343
2024-04-30,1.5290000438690186,1.4299999475479126,1.3769999742507935,1.5290000438690186,5240
2024-05-02,1.5290000438690186,1.3769999742507935,1.3769999742507935,1.5290000438690186,19144
2024-05-07,1.5290000438690186,1.3769999742507935,1.3769999742507935,1.5290000438690186,6070
2024-05-08,1.5290000438690186,1.3769999742507935,1.3769999742507935,1.5290000438690186,5392
2024-05-09,1.5290000438690186,1.5290000438690186,1.5290000438690186,1.5290000438690186,0
2024-05-12,1.5290000438690186,1.5290000438690186,1.5290000438690186,1.5290000438690186,0
2024-05-13,1.5290000438690186,1.3769999742507935,1.3769999742507935,1.5290000438690186,1
2024-05-14,1.5290000438690186,1.5290000438690186,1.5290000438690186,1.5290000438690186,0
2024-05-15,1.5290000438690186,1.5290000438690186,1.5290000438690186,1.5290000438690186,0
2024-05-16,1.5290000438690186,1.3769999742507935,1.3769999742507935,1.5290000438690186,76
2024-05-19,1.5290000438690186,1.5290000438690186,1.5290000438690186,1.5290000438690186,0
2024-05-20,1.5290000438690186,1.399999976158142,1.399999976158142,1.5290000438690186,56005
2024-05-21,1.5290000438690186,1.4199999570846558,1.3769999742507935,1.5290000438690186,3464
2024-05-22,1.5290000438690186,1.5290000438690186,1.5290000438690186,1.5290000438690186,0
2024-05-23,1.5290000438690186,1.4199999570846558,1.3769999742507935,1.5290000438690186,23851
2024-05-26,1.5290000438690186,1.5290000438690186,1.5290000438690186,1.5290000438690186,0
2024-05-27,1.5290000438690186,1.4199999570846558,1.3769999742507935,1.5290000438690186,6206
2024-05-28,1.5290000438690186,1.5290000438690186,1.5290000438690186,1.5290000438690186,0
2024-05-29,1.5290000438690186,1.4900000095367432,1.3769999742507935,1.4470000267028809,109780
2024-05-30,1.4470000267028809,1.399999976158142,1.399999976158142,1.4470000267028809,746
2024-06-02,1.4470000267028809,1.4199999570846558,1.3029999732971191,1.4470000267028809,25716
2024-06-03,1.4470000267028809,1.440000057220459,1.3029999732971191,1.4470000267028809,1898
2024-06-04,1.4470000267028809,1.4470000267028809,1.3029999732971191,1.4329999685287476,104998
2024-06-05,1.4329999685287476,1.4609999656677246,1.3040000200271606,1.4190000295639038,172452
2024-06-06,1.4190000295639038,1.4600000381469727,1.305999994277954,1.4190000295639038,100442
2024-06-09,1.4190000295639038,1.4700000286102295,1.3079999685287476,1.4600000381469727,202777
2024-06-10,1.4600000381469727,1.4900000095367432,1.315999984741211,1.4550000429153442,245452
2024-06-11,1.4550000429153442,1.5269999504089355,1.3209999799728394,1.4550000429153442,50555
2024-06-12,1.4550000429153442,1.5160000324249268,1.3680000305175781,1.4550000429153442,21248
2024-06-13,1.4550000429153442,1.5290000438690186,1.4559999704360962,1.4550000429153442,44024
2024-06-23,1.4550000429153442,1.559999942779541,1.4559999704360962,1.4550000429153442,815
2024-06-24,1.4550000429153442,1.4559999704360962,1.3680000305175781,1.4550000429153442,6038
2024-06-25,1.4550000429153442,1.4550000429153442,1.3140000104904175,1.4550000429153442,23098
2024-06-26,1.4550000429153442,1.4550000429153442,1.3200000524520874,1.4550000429153442,1007
2024-06-27,1.4550000429153442,1.5,1.3200000524520874,1.4550000429153442,11081
2024-07-02,1.4550000429153442,1.5,1.3509999513626099,1.3700000047683716,300488
2024-07-03,1.3700000047683716,1.4600000381469727,1.3509999513626099,1.3700000047683716,3099
2024-07-04,1.3700000047683716,1.4490000009536743,1.3530000448226929,1.3700000047683716,819
2024-07-07,1.3700000047683716,1.5069999694824219,1.3559999465942383,1.3700000047683716,88229
2024-07-08,1.3700000047683716,1.5069999694824219,1.437999963760376,1.3700000047683716,74471
2024-07-09,1.3700000047683716,1.5069999694824219,1.3700000047683716,1.3700000047683716,17926
2024-07-10,1.3700000047683716,1.5,1.402999997138977,1.3700000047683716,47206
2024-07-14,1.3700000047683716,1.5,1.399999976158142,1.3700000047683716,13559
2024-07-15,1.3700000047683716,1.4989999532699585,1.399999976158142,1.3700000047683716,8522
2024-07-16,1.3700000047683716,1.5,1.399999976158142,1.3700000047683716,8076
2024-07-17,1.3700000047683716,1.5069999694824219,1.4110000133514404,1.3700000047683716,78641
2024-07-18,1.3700000047683716,1.5069999694824219,1.4220000505447388,1.50600004196167,100108
2024-07-21,1.50600004196167,1.649999976158142,1.5099999904632568,1.50600004196167,13696
2024-07-22,1.50600004196167,1.6549999713897705,1.5,1.50600004196167,77964
2024-07-23,1.50600004196167,1.649999976158142,1.5099999904632568,1.50600004196167,25257
2024-07-24,1.50600004196167,1.6549999713897705,1.5509999990463257,1.50600004196167,11112
2024-07-28,1.50600004196167,1.656000018119812,1.5299999713897705,1.63100004196167,93322
2024-07-29,1.63100004196167,1.649999976158142,1.5399999618530273,1.63100004196167,1094
2024-07-30,1.63100004196167,1.7400000095367432,1.468000054359436,1.5219999551773071,99492
2024-07-31,1.5219999551773071,1.6740000247955322,1.5299999713897705,1.5219999551773071,28139
2024-08-01,1.5219999551773071,1.6390000581741333,1.531000018119812,1.5219999551773071,8089
2024-08-04,1.5219999551773071,1.6299999952316284,1.5,1.5199999809265137,10645
2024-08-05,1.5199999809265137,1.6699999570846558,1.3700000047683716,1.5199999809265137,67048
2024-08-06,1.5199999809265137,1.6699999570846558,1.5199999809265137,1.5199999809265137,14729
2024-08-07,1.5199999809265137,1.5399999618530273,1.5199999809265137,1.5199999809265137,2273
2024-08-08,1.5199999809265137,1.6200000047683716,1.399999976158142,1.5199999809265137,32638
2024-08-11,1.5199999809265137,1.6399999856948853,1.4900000095367432,1.5199999809265137,2687
2024-08-12,1.5199999809265137,1.5,1.4900000095367432,1.5199999809265137,5145
2024-08-13,1.5199999809265137,1.600000023841858,1.4500000476837158,1.5199999809265137,12811
2024-08-14,1.5199999809265137,1.600000023841858,1.5199999809265137,1.5199999809265137,6438
2024-08-15,1.5199999809265137,1.5299999713897705,1.5299999713897705,1.5199999809265137,1935
2024-08-18,1.5199999809265137,1.600000023841858,1.5199999809265137,1.5199999809265137,16745
2024-08-19,1.5199999809265137,1.600000023841858,1.5,1.5199999809265137,7295
2024-08-20,1.5199999809265137,1.600000023841858,1.5499999523162842,1.5199999809265137,21627
2024-08-21,1.5199999809265137,1.600000023841858,1.5299999713897705,1.5199999809265137,61779
2024-08-22,1.5199999809265137,1.600000023841858,1.5499999523162842,1.5199999809265137,30355
2024-08-25,1.5199999809265137,1.649999976158142,1.5199999809265137,1.5199999809265137,14283
2024-08-26,1.5199999809265137,1.649999976158142,1.559999942779541,1.5199999809265137,8839
2024-08-27,1.5199999809265137,1.649999976158142,1.559999942779541,1.5199999809265137,8488
2024-08-28,1.5199999809265137,1.6699999570846558,1.5499999523162842,1.5199999809265137,29325
2024-08-29,1.5199999809265137,1.6699999570846558,1.5499999523162842,1.6699999570846558,121395
2024-09-01,1.6699999570846558,1.8300000429153442,1.649999976158142,1.8300000429153442,132173
2024-09-02,1.8300000429153442,1.9900000095367432,1.649999976158142,1.9700000286102295,178926
2024-09-03,1.9700000286102295,2.1600000858306885,1.8200000524520874,1.9700000286102295,31420
2024-09-04,1.9700000286102295,1.9700000286102295,1.7799999713897705,1.9700000286102295,54108
2024-09-05,1.9700000286102295,2.0199999809265137,1.7799999713897705,1.9700000286102295,67523
2024-09-08,1.9700000286102295,2.0199999809265137,1.7999999523162842,1.8899999856948853,232901
2024-09-09,1.8899999856948853,2.009999990463257,1.7999999523162842,2.0,81489
2024-09-10,2.0,2.190000057220459,1.8300000429153442,2.0,116578
2024-09-11,2.0,2.1500000953674316,1.899999976158142,2.0,20761
2024-09-12,2.0,2.0399999618530273,1.9299999475479126,2.0,30034
2024-09-16,2.0,2.0299999713897705,1.7999999523162842,2.0,26022
2024-09-17,2.0,2.0,1.850000023841858,2.0,41042
2024-09-18,2.0,2.0,1.8200000524520874,2.0,24327
2024-09-19,2.0,1.9500000476837158,1.850000023841858,2.0,63485
2024-09-22,2.0,1.9500000476837158,1.850000023841858,2.0,75919
2024-09-23,2.0,1.940000057220459,1.809999942779541,1.8799999952316284,113103
2024-09-24,1.8799999952316284,1.8799999952316284,1.8799999952316284,1.8799999952316284,0
2024-09-25,1.8799999952316284,1.8799999952316284,1.8200000524520874,1.8799999952316284,52600
2024-09-26,1.8799999952316284,1.8700000047683716,1.7999999523162842,1.809999942779541,112282
2024-09-29,1.809999942779541,1.850000023841858,1.75,1.809999942779541,37696
2024-09-30,1.809999942779541,1.809999942779541,1.75,1.809999942779541,12661
2024-10-01,1.809999942779541,1.7899999618530273,1.649999976158142,1.809999942779541,81986
2024-10-02,1.809999942779541,1.75,1.649999976158142,1.6799999475479126,174600
2024-10-03,1.6799999475479126,1.7400000095367432,1.5499999523162842,1.649999976158142,94345
2024-10-07,1.649999976158142,1.7000000476837158,1.5299999713897705,1.649999976158142,7925
2024-10-08,1.649999976158142,1.690000057220459,1.4900000095367432,1.5199999809265137,100633
2024-10-09,1.5199999809265137,1.649999976158142,1.3700000047683716,1.5199999809265137,66888
2024-10-10,1.5199999809265137,1.649999976158142,1.4500000476837158,1.559999942779541,154508
2024-10-13,1.559999942779541,1.5800000429153442,1.5,1.559999942779541,29920
2024-10-14,1.559999942779541,1.559999942779541,1.409999966621399,1.559999942779541,78887
2024-10-15,1.559999942779541,1.5700000524520874,1.4199999570846558,1.559999942779541,73352
2024-10-16,1.559999942779541,1.5700000524520874,1.5,1.559999942779541,43753
2024-10-17,1.559999942779541,1.5700000524520874,1.5,1.5199999809265137,115790
2024-10-20,1.5199999809265137,1.5700000524520874,1.4600000381469727,1.5399999618530273,101971
2024-10-21,1.5399999618530273,1.5399999618530273,1.4800000190734863,1.5399999618530273,27750
2024-10-22,1.5399999618530273,1.5299999713897705,1.409999966621399,1.5399999618530273,95787
2024-10-23,1.5399999618530273,1.5299999713897705,1.4199999570846558,1.5399999618530273,16390
2024-10-24,1.5399999618530273,1.5199999809265137,1.4299999475479126,1.5399999618530273,11268
2024-10-27,1.5399999618530273,1.5299999713897705,1.440000057220459,1.5399999618530273,49938
2024-10-28,1.5399999618530273,1.600000023841858,1.4500000476837158,1.5399999618530273,71316
2024-10-29,1.5399999618530273,1.5700000524520874,1.5,1.5399999618530273,58920
2024-10-30,1.5399999618530273,1.590000033378601,1.5,1.5399999618530273,43938
2024-10-31,1.5399999618530273,1.590000033378601,1.5,1.5399999618530273,44938
2024-11-03,1.5399999618530273,1.590000033378601,1.5199999809265137,1.5399999618530273,25772
2024-11-04,1.5399999618530273,1.590000033378601,1.5299999713897705,1.5399999618530273,78044
2024-11-05,1.5399999618530273,1.590000033378601,1.5299999713897705,1.5399999618530273,28660
2024-11-06,1.5399999618530273,1.5700000524520874,1.5299999713897705,1.5399999618530273,17117
2024-11-07,1.5399999618530273,1.5700000524520874,1.5299999713897705,1.5399999618530273,36343
2024-11-10,1.5399999618530273,1.5499999523162842,1.5,1.5099999904632568,103502
2024-11-11,1.5099999904632568,1.5700000524520874,1.5,1.5099999904632568,84754
2024-11-12,1.5099999904632568,1.590000033378601,1.5099999904632568,1.5099999904632568,78243
2024-11-13,1.5099999904632568,1.5499999523162842,1.5299999713897705,1.5099999904632568,47051
2024-11-14,1.5099999904632568,1.590000033378601,1.5399999618530273,1.5099999904632568,77555
2024-11-17,1.5099999904632568,1.5700000524520874,1.5099999904632568,1.5099999904632568,44814
2024-11-18,1.5099999904632568,1.5800000429153442,1.5299999713897705,1.559999942779541,103855
2024-11-19,1.559999942779541,1.659999966621399,1.5299999713897705,1.6100000143051147,120028
2024-11-20,1.6100000143051147,1.7699999809265137,1.600000023841858,1.7400000095367432,88769
2024-11-21,1.7400000095367432,1.8200000524520874,1.659999966621399,1.7100000381469727,283499
2024-11-24,1.7100000381469727,1.7000000476837158,1.6299999952316284,1.6299999952316284,497041
2024-11-25,1.6299999952316284,1.6299999952316284,1.5499999523162842,1.6299999952316284,90389
2024-11-26,1.6299999952316284,1.6200000047683716,1.5499999523162842,1.5499999523162842,160095
2024-11-27,1.5499999523162842,1.5800000429153442,1.5099999904632568,1.5499999523162842,63850
2024-11-28,1.5499999523162842,1.5499999523162842,1.5,1.5499999523162842,29336
2024-12-01,1.5499999523162842,1.5499999523162842,1.5099999904632568,1.5499999523162842,19117
2024-12-02,1.5499999523162842,1.5499999523162842,1.5099999904632568,1.5499999523162842,42493
2024-12-03,1.5499999523162842,1.5499999523162842,1.4900000095367432,1.5099999904632568,102497
2024-12-04,1.5099999904632568,1.5399999618530273,1.5,1.5099999904632568,52204
2024-12-05,1.5099999904632568,1.5399999618530273,1.4800000190734863,1.5099999904632568,17293
2024-12-08,1.5099999904632568,1.5800000429153442,1.4800000190734863,1.5,329837
2024-12-09,1.5,1.5,1.440000057220459,1.4900000095367432,110714
2024-12-10,1.4900000095367432,1.5,1.4500000476837158,1.4900000095367432,85344
2024-12-11,1.4900000095367432,1.5399999618530273,1.4500000476837158,1.5,161948
2024-12-12,1.5,1.5399999618530273,1.4800000190734863,1.5,48571
2024-12-15,1.5,1.5399999618530273,1.4600000381469727,1.5,76656
2024-12-16,1.5,1.5,1.4600000381469727,1.5,23485
2024-12-17,1.5,1.4900000095367432,1.4700000286102295,1.5,51166
2024-12-18,1.5,1.5299999713897705,1.4600000381469727,1.5,47641
2024-12-19,1.5,1.5399999618530273,1.440000057220459,1.5,64946
2024-12-22,1.5,1.5299999713897705,1.4700000286102295,1.5,12477
2024-12-23,1.5,1.5299999713897705,1.4900000095367432,1.5,54215
2024-12-24,1.5,1.5700000524520874,1.4900000095367432,1.5700000524520874,191468
2024-12-25,1.5700000524520874,1.6399999856948853,1.5700000524520874,1.6399999856948853,162434
2024-12-26,1.6399999856948853,1.7200000286102295,1.6399999856948853,1.7100000381469727,283979
2024-12-29,1.7100000381469727,1.7100000381469727,1.6399999856948853,1.7100000381469727,60988
2024-12-30,1.7100000381469727,1.6299999952316284,1.6299999952316284,1.6299999952316284,92199
2024-12-31,1.6299999952316284,1.5499999523162842,1.5499999523162842,1.5499999523162842,312720
2025-01-02,1.5499999523162842,1.590000033378601,1.4800000190734863,1.5399999618530273,265530
2025-01-05,1.5399999618530273,1.5800000429153442,1.4800000190734863,1.5399999618530273,39678
2025-01-06,1.5399999618530273,1.5499999523162842,1.4700000286102295,1.5,275586
2025-01-08,1.5,1.5499999523162842,1.5,1.5499999523162842,148202
2025-01-09,1.5499999523162842,1.6200000047683716,1.5,1.5800000429153442,426151
2025-01-12,1.5800000429153442,1.6200000047683716,1.5099999904632568,1.5800000429153442,35866
2025-01-13,1.5800000429153442,1.5299999713897705,1.5099999904632568,1.5800000429153442,77732
2025-01-14,1.5800000429153442,1.5499999523162842,1.5099999904632568,1.5800000429153442,7301
2025-01-15,1.5800000429153442,1.5700000524520874,1.5099999904632568,1.5800000429153442,7900
2025-01-16,1.5800000429153442,1.5800000429153442,1.5800000429153442,1.5800000429153442,0
2025-01-19,1.5800000429153442,1.5800000429153442,1.5800000429153442,1.5800000429153442,0
2025-01-20,1.5800000429153442,1.5199999809265137,1.5099999904632568,1.5800000429153442,66341
2025-01-21,1.5800000429153442,1.5099999904632568,1.5099999904632568,1.5800000429153442,32607
2025-01-22,1.5800000429153442,1.5099999904632568,1.5099999904632568,1.5800000429153442,22479
2025-01-23,1.5800000429153442,1.5099999904632568,1.5099999904632568,1.5800000429153442,6211
2025-01-26,1.5800000429153442,1.5099999904632568,1.5099999904632568,1.5800000429153442,6131
2025-01-27,1.5800000429153442,1.5099999904632568,1.5099999904632568,1.5800000429153442,1
2025-01-28,1.5800000429153442,1.5099999904632568,1.5099999904632568,1.5800000429153442,3032
2025-01-29,1.5800000429153442,1.5099999904632568,1.5099999904632568,1.5800000429153442,13195
2025-01-30,1.5800000429153442,1.5099999904632568,1.5099999904632568,1.5800000429153442,1233
2025-02-02,1.5800000429153442,1.5099999904632568,1.5099999904632568,1.5800000429153442,88381
2025-02-03,1.5800000429153442,1.5099999904632568,1.5099999904632568,1.5800000429153442,607
2025-02-04,1.5800000429153442,1.5099999904632568,1.5099999904632568,1.5800000429153442,36629
2025-02-05,1.5800000429153442,1.5099999904632568,1.5099999904632568,1.5800000429153442,1225
2025-02-06,1.5800000429153442,1.5800000429153442,1.5800000429153442,1.5800000429153442,0
2025-02-09,1.5800000429153442,1.5099999904632568,1.5099999904632568,1.5800000429153442,1000
2025-02-10,1.5800000429153442,1.5099999904632568,1.5099999904632568,1.5800000429153442,26585
2025-02-11,1.5800000429153442,1.5099999904632568,1.5099999904632568,1.5800000429153442,4025
2025-02-12,1.5800000429153442,1.5800000429153442,1.5800000429153442,1.5800000429153442,0
2025-02-13,1.5800000429153442,1.5099999904632568,1.5099999904632568,1.5800000429153442,183
2025-02-16,1.5800000429153442,1.5099999904632568,1.5099999904632568,1.5800000429153442,18823
2025-02-17,1.5800000429153442,1.5099999904632568,1.5099999904632568,1.5800000429153442,30687
2025-02-18,1.5800000429153442,1.5099999904632568,1.5099999904632568,1.5800000429153442,10950
2025-02-19,1.5800000429153442,1.5099999904632568,1.5099999904632568,1.5800000429153442,2431
2025-02-20,1.5800000429153442,1.5099999904632568,1.5099999904632568,1.5800000429153442,800
2025-02-23,1.5800000429153442,1.5099999904632568,1.5099999904632568,1.5800000429153442,12030
2025-02-24,1.5800000429153442,1.5099999904632568,1.5099999904632568,1.5800000429153442,3006
2025-02-25,1.5800000429153442,1.5099999904632568,1.5099999904632568,1.5800000429153442,4538
2025-02-26,1.5800000429153442,1.5099999904632568,1.5099999904632568,1.5800000429153442,3059
2025-02-27,1.5800000429153442,1.5099999904632568,1.5099999904632568,1.5800000429153442,2518
2025-03-02,1.5800000429153442,1.5099999904632568,1.5099999904632568,1.5800000429153442,2163
2025-03-03,1.5800000429153442,1.5099999904632568,1.5099999904632568,1.5800000429153442,2531
2025-03-04,1.5800000429153442,1.5099999904632568,1.5099999904632568,1.5800000429153442,2334
2025-03-05,1.5800000429153442,1.5099999904632568,1.5099999904632568,1.5800000429153442,9026
2025-03-06,1.5800000429153442,1.5199999809265137,1.5099999904632568,1.5800000429153442,34588
2025-03-09,1.5800000429153442,1.5099999904632568,1.5099999904632568,1.5800000429153442,3126
2025-03-10,1.5800000429153442,1.5099999904632568,1.5099999904632568,1.5800000429153442,1285
2025-03-11,1.5800000429153442,1.5099999904632568,1.5099999904632568,1.5800000429153442,2540
2025-03-12,1.5800000429153442,1.5099999904632568,1.5099999904632568,1.5800000429153442,1575
2025-03-13,1.5800000429153442,1.5099999904632568,1.5099999904632568,1.5800000429153442,4029
2025-03-16,1.5800000429153442,1.5099999904632568,1.5099999904632568,1.5800000429153442,1190
2025-03-17,1.5800000429153442,1.5099999904632568,1.5099999904632568,1.5800000429153442,1668
2025-03-18,1.5800000429153442,1.5099999904632568,1.5099999904632568,1.5800000429153442,1006
2025-03-19,1.5800000429153442,1.5099999904632568,1.5099999904632568,1.5800000429153442,3569
2025-03-20,1.5800000429153442,1.5800000429153442,1.5099999904632568,1.5800000429153442,93441
2025-03-23,1.5800000429153442,1.5800000429153442,1.5099999904632568,1.5800000429153442,6985
2025-03-24,1.5800000429153442,1.5800000429153442,1.5099999904632568,1.5800000429153442,11267
2025-03-25,1.5800000429153442,1.5499999523162842,1.5099999904632568,1.5800000429153442,8237
2025-03-26,1.5800000429153442,1.5499999523162842,1.5099999904632568,1.5800000429153442,6029
2025-03-27,1.5800000429153442,1.5399999618530273,1.5099999904632568,1.5800000429153442,7449
2025-04-03,1.5800000429153442,1.5800000429153442,1.5800000429153442,1.5800000429153442,0
2025-04-06,1.5800000429153442,1.5099999904632568,1.5099999904632568,1.5800000429153442,354
2025-04-07,1.5800000429153442,1.5800000429153442,1.5099999904632568,1.5199999809265137,153616
2025-04-08,1.5199999809265137,1.590000033378601,1.4600000381469727,1.5199999809265137,64122
2025-04-09,1.5199999809265137,1.590000033378601,1.5,1.5199999809265137,61509
2025-04-10,1.5199999809265137,1.590000033378601,1.5199999809265137,1.5199999809265137,25342
2025-04-13,1.5199999809265137,1.5199999809265137,1.5199999809265137,1.5199999809265137,0
2025-04-14,1.5199999809265137,1.590000033378601,1.5,1.5199999809265137,64371
2025-04-15,1.5199999809265137,1.590000033378601,1.5199999809265137,1.5199999809265137,32116
2025-04-16,1.5199999809265137,1.590000033378601,1.4500000476837158,1.5199999809265137,66596
2025-04-17,1.5199999809265137,1.590000033378601,1.4600000381469727,1.5199999809265137,69966
2025-04-22,1.5199999809265137,1.590000033378601,1.5199999809265137,1.5199999809265137,5848
2025-04-23,1.5199999809265137,1.5700000524520874,1.5099999904632568,1.5199999809265137,20174
2025-04-27,1.5199999809265137,1.5800000429153442,1.5199999809265137,1.5199999809265137,5455
2025-04-28,1.5199999809265137,1.5800000429153442,1.5099999904632568,1.5199999809265137,3796
2025-04-29,1.5199999809265137,1.590000033378601,1.5099999904632568,1.590000033378601,119133
2025-04-30,1.590000033378601,1.659999966621399,1.559999942779541,1.590000033378601,15523
2025-05-04,1.590000033378601,1.659999966621399,1.5700000524520874,1.590000033378601,24177
2025-05-05,1.590000033378601,1.649999976158142,1.5700000524520874,1.590000033378601,14483
2025-05-06,1.590000033378601,1.6399999856948853,1.5800000429153442,1.590000033378601,3661
2025-05-07,1.590000033378601,1.659999966621399,1.590000033378601,1.590000033378601,17441
2025-05-08,1.590000033378601,1.590000033378601,1.5800000429153442,1.590000033378601,8632
2025-05-11,1.590000033378601,1.659999966621399,1.5800000429153442,1.590000033378601,17625
2025-05-12,1.590000033378601,1.659999966621399,1.559999942779541,1.590000033378601,32521
2025-05-13,1.590000033378601,1.659999966621399,1.5499999523162842,1.590000033378601,64402
2025-05-14,1.590000033378601,1.6299999952316284,1.5199999809265137,1.5399999618530273,103378
2025-05-15,1.5399999618530273,1.600000023841858,1.4800000190734863,1.5399999618530273,34307
2025-05-18,1.5399999618530273,1.559999942779541,1.4700000286102295,1.5399999618530273,54611
2025-05-19,1.5399999618530273,1.5399999618530273,1.4700000286102295,1.5399999618530273,26600
2025-05-20,1.5399999618530273,1.5299999713897705,1.4700000286102295,1.5399999618530273,11181
2025-05-21,1.5399999618530273,1.5399999618530273,1.5399999618530273,1.5399999618530273,0
2025-05-22,1.5399999618530273,1.5299999713897705,1.4700000286102295,1.5399999618530273,45177
2025-05-25,1.5399999618530273,1.5299999713897705,1.4700000286102295,1.5399999618530273,19834
2025-05-26,1.5399999618530273,1.5299999713897705,1.4700000286102295,1.5399999618530273,3023
2025-05-27,1.5399999618530273,1.5099999904632568,1.4700000286102295,1.5399999618530273,33715
2025-05-28,1.5399999618530273,1.5099999904632568,1.4700000286102295,1.5399999618530273,81863
2025-05-29,1.5399999618530273,1.5,1.4700000286102295,1.5399999618530273,19061
2025-06-01,1.5399999618530273,1.5,1.5,1.5399999618530273,496
2025-06-02,1.5399999618530273,1.4700000286102295,1.4700000286102295,1.5399999618530273,15320
2025-06-03,1.5399999618530273,1.4700000286102295,1.4700000286102295,1.5399999618530273,97066
2025-06-04,1.5399999618530273,1.5099999904632568,1.4700000286102295,1.5399999618530273,95104
2025-06-10,1.5399999618530273,1.4900000095367432,1.4700000286102295,1.5399999618530273,42560
2025-06-11,1.5399999618530273,1.4900000095367432,1.4700000286102295,1.5399999618530273,58696
2025-06-12,1.5399999618530273,1.4700000286102295,1.4700000286102295,1.5399999618530273,15120
2025-06-15,1.5399999618530273,1.4800000190734863,1.4700000286102295,1.5399999618530273,6782
2025-06-16,1.5399999618530273,1.5399999618530273,1.5399999618530273,1.5399999618530273,0
2025-06-17,1.5399999618530273,1.4700000286102295,1.4700000286102295,1.5399999618530273,6
2025-06-18,1.5399999618530273,1.5399999618530273,1.5399999618530273,1.5399999618530273,0
2025-06-19,1.5399999618530273,1.5399999618530273,1.5399999618530273,1.5399999618530273,0
2025-06-22,1.5399999618530273,1.5399999618530273,1.5399999618530273,1.5399999618530273,0
2025-06-23,1.5399999618530273,1.4700000286102295,1.4700000286102295,1.5399999618530273,1000
2025-06-24,1.5399999618530273,1.4700000286102295,1.4700000286102295,1.5399999618530273,2851
2025-06-25,1.5399999618530273,1.4700000286102295,1.4700000286102295,1.5399999618530273,1471
2025-06-29,1.5399999618530273,1.4700000286102295,1.4700000286102295,1.5399999618530273,6098
2025-06-30,1.5399999618530273,1.4700000286102295,1.4700000286102295,1.5399999618530273,894
2025-07-01,1.5399999618530273,1.4700000286102295,1.4700000286102295,1.5399999618530273,2889
2025-07-02,1.5399999618530273,1.4700000286102295,1.4700000286102295,1.5399999618530273,1634
2025-07-06,1.5399999618530273,1.4700000286102295,1.4700000286102295,1.5399999618530273,730
2025-07-07,1.5399999618530273,1.5,1.4700000286102295,1.5399999618530273,92967
2025-07-09,1.5399999618530273,1.4900000095367432,1.4700000286102295,1.5399999618530273,42539
2025-07-10,1.5399999618530273,1.4900000095367432,1.4700000286102295,1.5399999618530273,50308
2025-07-13,1.5399999618530273,1.4900000095367432,1.4900000095367432,1.5399999618530273,324
2025-07-14,1.5399999618530273,1.4900000095367432,1.4700000286102295,1.5399999618530273,7190
2025-07-15,1.5399999618530273,1.4800000190734863,1.4700000286102295,1.5399999618530273,14268
2025-07-16,1.5399999618530273,1.4700000286102295,1.4700000286102295,1.5399999618530273,7520
2025-07-17,1.5399999618530273,1.4700000286102295,1.4700000286102295,1.5399999618530273,26995
2025-07-20,1.5399999618530273,1.4800000190734863,1.4700000286102295,1.4800000190734863,128341
2025-07-21,1.4800000190734863,1.4700000286102295,1.409999966621399,1.4800000190734863,72984
2025-07-22,1.4800000190734863,1.4700000286102295,1.409999966621399,1.4800000190734863,93941
2025-07-23,1.4800000190734863,1.4800000190734863,1.4800000190734863,1.4800000190734863,0
2025-07-27,1.4800000190734863,1.409999966621399,1.409999966621399,1.4800000190734863,528
2025-07-28,1.4800000190734863,1.4600000381469727,1.409999966621399,1.4800000190734863,14128
2025-07-29,1.4800000190734863,1.409999966621399,1.409999966621399,1.4800000190734863,3348
2025-07-30,1.4800000190734863,1.409999966621399,1.409999966621399,1.4800000190734863,497
2025-07-31,1.4800000190734863,1.409999966621399,1.409999966621399,1.4800000190734863,39278
2025-08-03,1.4800000190734863,1.4800000190734863,1.4800000190734863,1.4800000190734863,0
2025-08-04,1.4800000190734863,1.4800000190734863,1.4800000190734863,1.4800000190734863,0
2025-08-05,1.4800000190734863,1.4800000190734863,1.4800000190734863,1.4800000190734863,0
2025-08-06,1.4800000190734863,1.4800000190734863,1.4800000190734863,1.4800000190734863,0
2025-08-07,1.4800000190734863,1.4800000190734863,1.4800000190734863,1.4800000190734863,0
2025-08-10,1.4199999570846558,1.440000057220459,1.350000023841858,1.4199999570846558,100885
2025-08-11,1.4199999570846558,1.409999966621399,1.350000023841858,1.350000023841858,283547
2025-08-12,1.350000023841858,1.399999976158142,1.2899999618530273,1.350000023841858,78329
2025-08-13,1.350000023841858,1.3799999952316284,1.2899999618530273,1.350000023841858,77182
2025-08-14,1.350000023841858,1.2899999618530273,1.2899999618530273,1.2899999618530273,198669
2025-08-17,1.2899999618530273,1.350000023841858,1.2300000190734863,1.350000023841858,1461174
2025-08-18,1.350000023841858,1.409999966621399,1.350000023841858,1.409999966621399,545848
2025-08-19,1.409999966621399,1.3899999856948853,1.340000033378601,1.340000033378601,589012
2025-08-20,1.340000033378601,1.3799999952316284,1.2899999618530273,1.3300000429153442,238162
2025-08-21,1.3300000429153442,1.350000023841858,1.2699999809265137,1.3200000524520874,152441
2025-08-24,1.3200000524520874,1.3300000429153442,1.2599999904632568,1.2599999904632568,394938
2025-08-25,1.2599999904632568,1.309999942779541,1.2000000476837158,1.2100000381469727,305055
2025-08-26,1.2100000381469727,1.2699999809265137,1.2200000286102295,1.2599999904632568,254029
2025-08-27,1.2599999904632568,1.3200000524520874,1.2000000476837158,1.2599999904632568,98413
2025-08-28,1.2599999904632568,1.2599999904632568,1.2200000286102295,1.2200000286102295,148290
2025-08-31,1.2200000286102295,1.2799999713897705,1.2200000286102295,1.2799999713897705,905794
2025-09-01,1.2799999713897705,1.340000033378601,1.2899999618530273,1.340000033378601,890936
2025-09-02,1.340000033378601,1.399999976158142,1.340000033378601,1.3799999952316284,781898
2025-09-03,1.3799999952316284,1.440000057220459,1.3200000524520874,1.440000057220459,837678
2025-09-07,1.440000057220459,1.4900000095367432,1.399999976158142,1.409999966621399,622617
2025-09-08,1.409999966621399,1.4299999475479126,1.340000033378601,1.350000023841858,529203
2025-09-09,1.350000023841858,1.3899999856948853,1.2899999618530273,1.3200000524520874,163770
2025-09-10,1.3200000524520874,1.3600000143051147,1.2899999618530273,1.3300000429153442,123264
2025-09-11,1.3300000429153442,1.3899999856948853,1.2799999713897705,1.2899999618530273,168013
2025-09-14,1.2899999618530273,1.340000033378601,1.2699999809265137,1.2999999523162842,153077
2025-09-15,1.2999999523162842,1.3200000524520874,1.2400000095367432,1.2699999809265137,225027
2025-09-16,1.2699999809265137,1.2999999523162842,1.2100000381469727,1.2300000190734863,198295
2025-09-17,1.2300000190734863,1.2899999618530273,1.2000000476837158,1.2799999713897705,218940
2025-09-18,1.2799999713897705,1.340000033378601,1.2300000190734863,1.2799999713897705,29408
2025-09-21,1.2799999713897705,1.2899999618530273,1.2300000190734863,1.2799999713897705,58463
2025-09-22,1.2799999713897705,1.2899999618530273,1.2200000286102295,1.2200000286102295,400989
2025-09-23,1.2200000286102295,1.2699999809265137,1.1699999570846558,1.2200000286102295,146332
2025-09-24,1.2200000286102295,1.2400000095367432,1.190000057220459,1.2200000286102295,54818
2025-09-25,1.2200000286102295,1.2400000095367432,1.1799999475479126,1.2200000286102295,101578
2025-09-28,1.2200000286102295,1.2300000190734863,1.1799999475479126,1.2200000286102295,121155
2025-09-29,1.2200000286102295,1.2599999904632568,1.1799999475479126,1.2400000095367432,260233
2025-09-30,1.2400000095367432,1.2999999523162842,1.190000057220459,1.2899999618530273,281598
2025-10-01,1.2899999618530273,1.3200000524520874,1.2300000190734863,1.2899999618530273,101849
2025-10-02,1.2899999618530273,1.2899999618530273,1.2400000095367432,1.2899999618530273,100438
2025-10-05,1.2899999618530273,1.2699999809265137,1.2400000095367432,1.2899999618530273,87395
2025-10-06,1.2899999618530273,1.2899999618530273,1.2899999618530273,1.2899999618530273,0
2025-10-07,1.2899999618530273,1.2699999809265137,1.2300000190734863,1.2300000190734863,431560
2025-10-08,1.2300000190734863,1.25,1.1799999475479126,1.2000000476837158,253901
2025-10-12,1.2000000476837158,1.2000000476837158,1.159999966621399,1.1699999570846558,251061
2025-10-13,1.1699999570846558,1.2200000286102295,1.1699999570846558,1.1699999570846558,92326
2025-10-14,1.1699999570846558,1.2200000286102295,1.1699999570846558,1.2200000286102295,231251
2025-10-15,1.2200000286102295,1.2799999713897705,1.2000000476837158,1.2200000286102295,81069
2025-10-16,1.2200000286102295,1.2599999904632568,1.2100000381469727,1.2200000286102295,96487
2025-10-19,1.2200000286102295,1.2599999904632568,1.2100000381469727,1.2200000286102295,416124
2025-10-20,1.2200000286102295,1.25,1.2100000381469727,1.2200000286102295,74303
2025-10-21,1.2200000286102295,1.25,1.1799999475479126,1.2100000381469727,306168
2025-10-22,1.2100000381469727,1.2400000095367432,1.1799999475479126,1.190000057220459,185667
2025-10-23,1.190000057220459,1.2400000095367432,1.1799999475479126,1.190000057220459,97611
2025-10-26,1.190000057220459,1.2300000190734863,1.190000057220459,1.190000057220459,50235
2025-10-27,1.190000057220459,1.2400000095367432,1.190000057220459,1.2000000476837158,289276
2025-10-28,1.2000000476837158,1.2300000190734863,1.190000057220459,1.2000000476837158,118161
2025-10-29,1.2000000476837158,1.2200000286102295,1.190000057220459,1.2000000476837158,67551
2025-10-30,1.2000000476837158,1.2200000286102295,1.1799999475479126,1.2000000476837158,61761
2025-11-02,1.2000000476837158,1.2100000381469727,1.159999966621399,1.2000000476837158,102608
2025-11-03,1.2000000476837158,1.2000000476837158,1.1399999856948853,1.1399999856948853,382139
2025-11-04,1.1399999856948853,1.190000057220459,1.1399999856948853,1.1399999856948853,87996
2025-11-05,1.1399999856948853,1.190000057220459,1.1299999952316284,1.149999976158142,136340
2025-11-06,1.149999976158142,1.1699999570846558,1.1299999952316284,1.149999976158142,35227
2025-11-09,1.149999976158142,1.1699999570846558,1.1299999952316284,1.149999976158142,86576
2025-11-10,1.149999976158142,1.159999966621399,1.1399999856948853,1.149999976158142,8982
2025-11-11,1.149999976158142,1.159999966621399,1.100000023841858,1.1100000143051147,325783
2025-11-12,1.1100000143051147,1.159999966621399,1.100000023841858,1.1399999856948853,384546
2025-11-13,1.1399999856948853,1.159999966621399,1.100000023841858,1.1399999856948853,61284
2025-11-16,1.1399999856948853,1.159999966621399,1.090000033378601,1.100000023841858,929011
2025-11-17,1.100000023841858,1.1200000047683716,1.100000023841858,1.100000023841858,54891
2025-11-18,1.100000023841858,1.1299999952316284,1.090000033378601,1.100000023841858,181282
2025-11-19,1.100000023841858,1.1200000047683716,1.0700000524520874,1.100000023841858,57795
2025-11-20,1.100000023841858,1.100000023841858,1.059999942779541,1.100000023841858,67336
2025-11-23,1.100000023841858,1.1200000047683716,1.0700000524520874,1.1100000143051147,161959
2025-11-24,1.1100000143051147,1.1299999952316284,1.090000033378601,1.1100000143051147,38822
2025-11-25,1.1100000143051147,1.1399999856948853,1.0800000429153442,1.1100000143051147,69119
2025-11-26,1.1100000143051147,1.1299999952316284,1.0800000429153442,1.1100000143051147,120512
2025-11-27,1.1100000143051147,1.1299999952316284,1.0800000429153442,1.1100000143051147,150191
2025-11-30,1.1100000143051147,1.1299999952316284,1.090000033378601,1.1100000143051147,74021
2025-12-01,1.1100000143051147,1.1399999856948853,1.100000023841858,1.1299999952316284,178707
2025-12-02,1.1299999952316284,1.1399999856948853,1.1100000143051147,1.1299999952316284,64747
2025-12-03,1.1299999952316284,1.1299999952316284,1.1100000143051147,1.1299999952316284,97017
2025-12-04,1.1299999952316284,1.1299999952316284,1.1100000143051147,1.1299999952316284,26968
2025-12-07,1.1299999952316284,1.1399999856948853,1.100000023841858,1.1399999856948853,175718
2025-12-08,1.1399999856948853,1.1399999856948853,1.1200000047683716,1.1399999856948853,44347
2025-12-09,1.1399999856948853,1.1399999856948853,1.1200000047683716,1.1399999856948853,39097
2025-12-10,1.1399999856948853,1.149999976158142,1.1100000143051147,1.1399999856948853,105795
2025-12-11,1.1399999856948853,1.1399999856948853,1.1200000047683716,1.1399999856948853,23745
2025-12-14,1.1399999856948853,1.1399999856948853,1.1100000143051147,1.1399999856948853,37061
2025-12-15,1.1399999856948853,1.1399999856948853,1.1200000047683716,1.1399999856948853,52348
2025-12-16,1.1399999856948853,1.1399999856948853,1.1200000047683716,1.1399999856948853,95466
2025-12-17,1.1399999856948853,1.1399999856948853,1.1100000143051147,1.1399999856948853,74694
2025-12-18,1.1399999856948853,1.1399999856948853,1.1200000047683716,1.1399999856948853,31208
2025-12-21,1.1399999856948853,1.1399999856948853,1.1200000047683716,1.1399999856948853,67877
2025-12-22,1.1399999856948853,1.1399999856948853,1.1200000047683716,1.1399999856948853,50290
2025-12-23,1.1399999856948853,1.1399999856948853,1.1100000143051147,1.1399999856948853,58733
2025-12-24,1.1399999856948853,1.1399999856948853,1.1299999952316284,1.1399999856948853,39077
2025-12-25,1.1399999856948853,1.1399999856948853,1.1200000047683716,1.1399999856948853,83554
2025-12-28,1.1399999856948853,1.1399999856948853,1.1200000047683716,1.1399999856948853,27828
2025-12-29,1.1399999856948853,1.149999976158142,1.1200000047683716,1.1399999856948853,121848
2025-12-30,1.1399999856948853,1.149999976158142,1.1299999952316284,1.1399999856948853,7830
2025-12-31,1.1399999856948853,1.149999976158142,1.1200000047683716,1.1399999856948853,44736
2026-01-04,1.1399999856948853,1.149999976158142,1.1200000047683716,1.1399999856948853,111004
2026-01-05,1.1399999856948853,1.149999976158142,1.1200000047683716,1.1399999856948853,52160
2026-01-06,1.1399999856948853,1.190000057220459,1.1399999856948853,1.190000057220459,440065
2026-01-08,1.190000057220459,1.2400000095367432,1.2100000381469727,1.2400000095367432,167896
2026-01-11,1.2400000095367432,1.2799999713897705,1.2000000476837158,1.2400000095367432,85492
2026-01-12,1.2400000095367432,1.2699999809265137,1.2100000381469727,1.2400000095367432,123163
2026-01-13,1.2400000095367432,1.2100000381469727,1.1799999475479126,1.2400000095367432,67314
2026-01-14,1.2400000095367432,1.2100000381469727,1.1799999475479126,1.2400000095367432,9026
2026-01-15,1.2400000095367432,1.2000000476837158,1.1799999475479126,1.2400000095367432,47003
2026-01-18,1.2400000095367432,1.2999999523162842,1.1799999475479126,1.190000057220459,134802
2026-01-19,1.190000057220459,1.2200000286102295,1.1399999856948853,1.190000057220459,66045
2026-01-20,1.190000057220459,1.2000000476837158,1.159999966621399,1.190000057220459,25608
2026-01-21,1.190000057220459,1.190000057220459,1.1399999856948853,1.149999976158142,184169
2026-01-22,1.149999976158142,1.1699999570846558,1.1200000047683716,1.149999976158142,30319
2026-01-25,1.149999976158142,1.1699999570846558,1.1200000047683716,1.149999976158142,90208
2026-01-26,1.149999976158142,1.1699999570846558,1.1200000047683716,1.149999976158142,67938
2026-01-27,1.149999976158142,1.159999966621399,1.1200000047683716,1.149999976158142,47342
2026-01-28,1.149999976158142,1.149999976158142,1.1200000047683716,1.149999976158142,29853
2026-02-01,1.149999976158142,1.149999976158142,1.100000023841858,1.149999976158142,104987
2026-02-02,1.149999976158142,1.149999976158142,1.1100000143051147,1.149999976158142,43195
2026-02-03,1.149999976158142,1.1399999856948853,1.1200000047683716,1.149999976158142,30780
2026-02-04,1.149999976158142,1.159999966621399,1.1200000047683716,1.149999976158142,108179
2026-02-05,1.149999976158142,1.159999966621399,1.1200000047683716,1.149999976158142,11521
2026-02-08,1.149999976158142,1.1699999570846558,1.1100000143051147,1.149999976158142,100493
2026-02-09,1.149999976158142,1.1799999475479126,1.1100000143051147,1.149999976158142,115905
2026-02-10,1.149999976158142,1.159999966621399,1.1200000047683716,1.149999976158142,25408
2026-02-11,1.149999976158142,1.149999976158142,1.1100000143051147,1.149999976158142,101256
2026-02-12,1.149999976158142,1.149999976158142,1.1200000047683716,1.149999976158142,29624
2026-02-15,1.149999976158142,1.149999976158142,1.1200000047683716,1.149999976158142,40783
2026-02-16,1.149999976158142,1.1699999570846558,1.1299999952316284,1.149999976158142,50181
2026-02-17,1.149999976158142,1.1699999570846558,1.1299999952316284,1.149999976158142,5816
2026-02-18,1.149999976158142,1.159999966621399,1.1299999952316284,1.149999976158142,19038
2026-02-19,1.149999976158142,1.159999966621399,1.1299999952316284,1.149999976158142,3931
2026-02-22,1.149999976158142,1.1699999570846558,1.1299999952316284,1.149999976158142,45179
2026-02-23,1.149999976158142,1.2000000476837158,1.1100000143051147,1.190000057220459,328015
2026-02-24,1.190000057220459,1.2400000095367432,1.159999966621399,1.2300000190734863,225188
2026-02-25,1.2300000190734863,1.2899999618530273,1.2300000190734863,1.2599999904632568,1018299
2026-02-26,1.2599999904632568,1.3200000524520874,1.2599999904632568,1.309999942779541,589013
2026-03-01,1.309999942779541,1.2899999618530273,1.25,1.25,123108
2026-03-02,1.25,1.2300000190734863,1.190000057220459,1.190000057220459,331782
2026-03-03,1.190000057220459,1.190000057220459,1.1399999856948853,1.1399999856948853,318626
2026-03-04,1.1399999856948853,1.1699999570846558,1.090000033378601,1.100000023841858,233184
2026-03-05,1.100000023841858,1.149999976158142,1.090000033378601,1.1100000143051147,328418
2026-03-08,1.1100000143051147,1.149999976158142,1.090000033378601,1.1100000143051147,120813
2026-03-09,1.1100000143051147,1.149999976158142,1.090000033378601,1.100000023841858,297316
2026-03-10,1.100000023841858,1.1399999856948853,1.100000023841858,1.100000023841858,45974
2026-03-11,1.100000023841858,1.149999976158142,1.1100000143051147,1.149999976158142,396516
2026-03-12,1.149999976158142,1.2000000476837158,1.159999966621399,1.2000000476837158,284335
2026-03-15,1.2000000476837158,1.2599999904632568,1.2200000286102295,1.2599999904632568,482781
2026-03-16,1.2599999904632568,1.3200000524520874,1.3200000524520874,1.3200000524520874,466876
2026-03-17,1.3200000524520874,1.3799999952316284,1.3300000429153442,1.3799999952316284,704124
2026-03-18,1.3799999952316284,1.440000057220459,1.399999976158142,1.440000057220459,368740
2026-03-19,1.440000057220459,1.440000057220459,1.440000057220459,1.440000057220459,0
2026-03-24,1.440000057220459,1.5099999904632568,1.3700000047683716,1.3700000047683716,475020
2026-03-25,1.3700000047683716,1.309999942779541,1.309999942779541,1.309999942779541,168972
2026-03-26,1.309999942779541,1.3700000047683716,1.25,1.340000033378601,706300
2026-03-29,1.340000033378601,1.399999976158142,1.340000033378601,1.3899999856948853,434988
2026-03-30,1.3899999856948853,1.3899999856948853,1.3300000429153442,1.3300000429153442,337171
2026-03-31,1.3300000429153442,1.3700000047683716,1.2699999809265137,1.2999999523162842,432640
2026-04-01,1.2999999523162842,1.350000023841858,1.2699999809265137,1.2999999523162842,93621
2026-04-02,1.2999999523162842,1.2999999523162842,1.2400000095367432,1.2599999904632568,259318
2026-04-05,1.2599999904632568,1.3200000524520874,1.2400000095367432,1.3200000524520874,508303
2026-04-06,1.3200000524520874,1.3799999952316284,1.3799999952316284,1.3799999952316284,344777
2026-04-07,1.3799999952316284,1.440000057220459,1.340000033378601,1.440000057220459,1317226
2026-04-08,1.440000057220459,1.4199999570846558,1.3700000047683716,1.3899999856948853,163414
2026-04-09,1.3899999856948853,1.3899999856948853,1.3300000429153442,1.3300000429153442,415131
2026-04-14,1.3300000429153442,1.350000023841858,1.2699999809265137,1.340000033378601,432902
2026-04-15,1.340000033378601,1.3600000143051147,1.2799999713897705,1.3200000524520874,187126
2026-04-16,1.3200000524520874,1.3600000143051147,1.2999999523162842,1.340000033378601,165533
2026-04-19,1.340000033378601,1.3300000429153442,1.2899999618530273,1.309999942779541,139209
2026-04-20,1.309999942779541,1.340000033378601,1.309999942779541,1.3200000524520874,251030
2026-04-21,1.3200000524520874,1.3300000429153442,1.2899999618530273,1.2899999618530273,185445
2026-04-22,1.2899999618530273,1.2999999523162842,1.2599999904632568,1.2799999713897705,424951
2026-04-23,1.2799999713897705,1.2999999523162842,1.2699999809265137,1.2799999713897705,143726
2026-04-26,1.2799999713897705,1.340000033378601,1.2799999713897705,1.3300000429153442,811248
2026-04-27,1.3300000429153442,1.3799999952316284,1.3200000524520874,1.3300000429153442,360240
2026-04-28,1.3300000429153442,1.350000023841858,1.2899999618530273,1.350000023841858,549913
2026-04-29,1.350000023841858,1.340000033378601,1.2999999523162842,1.3200000524520874,378187
2026-04-30,1.3200000524520874,1.340000033378601,1.2899999618530273,1.2999999523162842,158608
2026-05-03,1.2999999523162842,1.3200000524520874,1.2799999713897705,1.2899999618530273,209042
2026-05-04,1.2899999618530273,1.309999942779541,1.2799999713897705,1.2899999618530273,103639
2026-05-05,1.2899999618530273,1.2999999523162842,1.2799999713897705,1.2899999618530273,118414
2026-05-06,1.2899999618530273,1.2999999523162842,1.2899999618530273,1.2899999618530273,32831
2026-05-10,1.2899999618530273,1.2999999523162842,1.25,1.25,295895
2026-05-11,1.25,1.2999999523162842,1.2599999904632568,1.2799999713897705,139471
2026-05-12,1.2799999713897705,1.2899999618530273,1.2699999809265137,1.2799999713897705,11864
2026-05-13,1.2799999713897705,1.2799999713897705,1.2599999904632568,1.2799999713897705,92689
2026-05-14,1.2799999713897705,1.2799999713897705,1.2599999904632568,1.2799999713897705,109489
2026-05-17,1.2799999713897705,1.2799999713897705,1.25,1.2599999904632568,192623
2026-05-18,1.2599999904632568,1.2799999713897705,1.2400000095367432,1.25,189485
2026-05-19,1.25,1.2899999618530273,1.2400000095367432,1.2699999809265137,701269
2026-05-20,1.2699999809265137,1.3300000429153442,1.2999999523162842,1.3300000429153442,543070
2026-05-21,1.3300000429153442,1.3899999856948853,1.3300000429153442,1.3899999856948853,788804
2026-05-24,1.3899999856948853,1.4500000476837158,1.3899999856948853,1.4500000476837158,981858
2026-05-25,1.4500000476837158,1.5199999809265137,1.3799999952316284,1.399999976158142,905658
2026-05-26,1.399999976158142,1.399999976158142,1.399999976158142,1.399999976158142,0
2026-05-27,1.399999976158142,1.399999976158142,1.399999976158142,1.399999976158142,0
2026-05-28,1.399999976158142,1.399999976158142,1.399999976158142,1.399999976158142,0
2026-06-01,1.399999976158142,1.4600000381469727,1.3799999952316284,1.399999976158142,74981
2026-06-02,1.399999976158142,1.409999966621399,1.3600000143051147,1.3799999952316284,113622
2026-06-03,1.3799999952316284,1.3799999952316284,1.3200000524520874,1.350000023841858,113895
2026-06-04,1.350000023841858,1.409999966621399,1.2899999618530273,1.399999976158142,195322
2026-06-07,1.399999976158142,1.4700000286102295,1.3300000429153442,1.3300000429153442,311842
2026-06-08,1.3300000429153442,1.3899999856948853,1.340000033378601,1.3700000047683716,175219
2026-06-09,1.3700000047683716,1.4199999570846558,1.3600000143051147,1.3700000047683716,49432
2026-06-10,1.3700000047683716,1.399999976158142,1.350000023841858,1.3700000047683716,95769
2026-06-11,1.3700000047683716,1.409999966621399,1.350000023841858,1.3799999952316284,115039
2026-06-14,1.3799999952316284,1.4299999475479126,1.3200000524520874,1.399999976158142,240476
2026-06-15,1.399999976158142,1.399999976158142,1.3300000429153442,1.350000023841858,155538
2026-06-16,1.350000023841858,1.409999966621399,1.340000033378601,1.409999966621399,316432
2026-06-17,1.409999966621399,1.409999966621399,1.409999966621399,1.409999966621399,0
2026-06-18,1.409999966621399,1.409999966621399,1.409999966621399,1.409999966621399,0
2026-06-21,1.4700000286102295,1.5399999618530273,1.4199999570846558,1.5399999618530273,275676
2026-06-22,1.5399999618530273,1.5399999618530273,1.5399999618530273,1.5399999618530273,0
2026-06-23,1.6100000143051147,1.690000057220459,1.6200000047683716,1.690000057220459,731542
2026-06-24,1.690000057220459,1.7699999809265137,1.690000057220459,1.7599999904632568,560146
2026-06-25,1.7599999904632568,1.7599999904632568,1.7599999904632568,1.7599999904632568,0
2026-06-28,1.7599999904632568,1.7599999904632568,1.7599999904632568,1.7599999904632568,0
2026-06-29,1.7599999904632568,1.7599999904632568,1.7599999904632568,1.7599999904632568,0
2026-06-30,1.7599999904632568,1.7599999904632568,1.7599999904632568,1.7599999904632568,0
2026-07-01,1.7599999904632568,1.7599999904632568,1.7599999904632568,1.7599999904632568,0
2026-07-02,1.7599999904632568,1.7599999904632568,1.7599999904632568,1.7599999904632568,0
2026-07-05,1.7599999904632568,1.7599999904632568,1.7599999904632568,1.7599999904632568,0
2026-07-06,1.7599999904632568,1.7599999904632568,1.7599999904632568,1.7599999904632568,0
2026-07-07,1.7599999904632568,1.7599999904632568,1.7599999904632568,1.7599999904632568,0
2026-07-08,1.7599999904632568,1.7599999904632568,1.7599999904632568,1.7599999904632568,0
2026-07-09,1.7599999904632568,1.7599999904632568,1.7599999904632568,1.7599999904632568,0
2026-07-12,1.7599999904632568,1.7599999904632568,1.7599999904632568,1.7599999904632568,0
2026-07-13,1.7599999904632568,1.7599999904632568,1.7599999904632568,1.7599999904632568,0
2026-07-14,1.7599999904632568,1.7599999904632568,1.7599999904632568,1.7599999904632568,0
2026-07-15,1.7599999904632568,1.840000033378601,1.6799999475479126,1.840000033378601,5692703
2026-07-16,1.840000033378601,1.9299999475479126,1.8899999856948853,1.9299999475479126,246196
2026-07-19,1.9299999475479126,2.0199999809265137,2.0199999809265137,2.0199999809265137,95881
2026-07-20,2.0199999809265137,2.119999885559082,2.0199999809265137,2.119999885559082,530544
2026-07-21,2.119999885559082,2.119999885559082,2.119999885559082,2.119999885559082,0
2026-07-22,2.119999885559082,2.119999885559082,2.119999885559082,2.119999885559082,0
2026-07-23,2.119999885559082,2.119999885559082,2.119999885559082,2.119999885559082,0
2026-07-26,2.119999885559082,2.119999885559082,2.119999885559082,2.119999885559082,0
2026-07-27,2.119999885559082,2.119999885559082,2.119999885559082,2.119999885559082,0
2026-07-28,2.119999885559082,2.119999885559082,2.119999885559082,2.119999885559082,0
2026-07-29,2.119999885559082,2.119999885559082,2.119999885559082,2.119999885559082,0
2026-07-30,2.119999885559082,2.119999885559082,2.119999885559082,2.119999885559082,0
2026-08-02,2.119999885559082,2.119999885559082,2.119999885559082,2.119999885559082,0
2026-08-03,2.119999885559082,2.119999885559082,2.119999885559082,2.119999885559082,0
2026-08-04,2.119999885559082,2.119999885559082,2.119999885559082,2.119999885559082,0
2026-08-05,2.119999885559082,2.119999885559082,2.119999885559082,2.119999885559082,0
2026-08-06,2.119999885559082,2.119999885559082,2.119999885559082,2.119999885559082,0
