date,open,high,low,close,volume
2022-01-02,0.7440000176429749,0.7480000257492065,0.7369999885559082,0.7400000095367432,2194666
2022-01-03,0.7400000095367432,0.7850000262260437,0.7350000143051147,0.7760000228881836,15588706
2022-01-04,0.7760000228881836,0.7979999780654907,0.7699999809265137,0.7820000052452087,9558342
2022-01-05,0.7820000052452087,0.8040000200271606,0.7820000052452087,0.7900000214576721,6579455
2022-01-09,0.7900000214576721,0.7900000214576721,0.7900000214576721,0.7900000214576721,0
2022-01-10,0.777999997138977,0.7870000004768372,0.7749999761581421,0.777999997138977,2680082
2022-01-11,0.777999997138977,0.7829999923706055,0.7509999871253967,0.7599999904632568,3805852
2022-01-12,0.7599999904632568,0.7730000019073486,0.7519999742507935,0.7540000081062317,2057973
2022-01-13,0.7540000081062317,0.7559999823570251,0.7480000257492065,0.7509999871253967,2385406
2022-01-16,0.7509999871253967,0.7509999871253967,0.7319999933242798,0.734000027179718,2947836
2022-01-17,0.734000027179718,0.7450000047683716,0.7099999785423279,0.7250000238418579,3507844
2022-01-18,0.7250000238418579,0.734000027179718,0.7239999771118164,0.7289999723434448,1058854
2022-01-19,0.7289999723434448,0.7350000143051147,0.7200000286102295,0.7269999980926514,1242913
2022-01-20,0.7269999980926514,0.7250000238418579,0.7099999785423279,0.7229999899864197,1585898
2022-01-23,0.7229999899864197,0.7369999885559082,0.7120000123977661,0.7319999933242798,3519317
2022-01-24,0.7319999933242798,0.7350000143051147,0.7200000286102295,0.7269999980926514,3990919
2022-01-25,0.7269999980926514,0.7540000081062317,0.7239999771118164,0.7409999966621399,7379337
2022-01-26,0.7409999966621399,0.7950000166893005,0.7490000128746033,0.7789999842643738,14868670
2022-01-30,0.7789999842643738,0.8270000219345093,0.7730000019073486,0.7799999713897705,11032156
2022-01-31,0.7799999713897705,0.8019999861717224,0.7799999713897705,0.7829999923706055,4231584
2022-02-01,0.7829999923706055,0.7900000214576721,0.7789999842643738,0.781000018119812,2686425
2022-02-02,0.781000018119812,0.7900000214576721,0.7799999713897705,0.781000018119812,1604991
2022-02-03,0.781000018119812,0.7929999828338623,0.777999997138977,0.7829999923706055,3340539
2022-02-06,0.7829999923706055,0.7839999794960022,0.7749999761581421,0.7799999713897705,1857250
2022-02-07,0.7799999713897705,0.7799999713897705,0.7639999985694885,0.7699999809265137,3291726
2022-02-08,0.7699999809265137,0.7699999809265137,0.7400000095367432,0.75,6885304
2022-02-09,0.75,0.75,0.7300000190734863,0.734000027179718,4168079
2022-02-10,0.734000027179718,0.746999979019165,0.7310000061988831,0.734000027179718,2352385
2022-02-13,0.734000027179718,0.734000027179718,0.6800000071525574,0.6840000152587891,5618233
2022-02-14,0.6840000152587891,0.6980000138282776,0.6620000004768372,0.6700000166893005,3130301
2022-02-15,0.6700000166893005,0.6949999928474426,0.6729999780654907,0.6809999942779541,2406767
2022-02-16,0.6809999942779541,0.699999988079071,0.675000011920929,0.6809999942779541,1525765
2022-02-17,0.6809999942779541,0.6800000071525574,0.6520000100135803,0.6650000214576721,3662291
2022-02-20,0.6650000214576721,0.6669999957084656,0.6499999761581421,0.6510000228881836,1861926
2022-02-21,0.6510000228881836,0.6700000166893005,0.652999997138977,0.656000018119812,1722203
2022-02-22,0.656000018119812,0.6539999842643738,0.6359999775886536,0.6420000195503235,1845941
2022-02-23,0.6420000195503235,0.6480000019073486,0.6380000114440918,0.6449999809265137,2225598
2022-02-24,0.6449999809265137,0.5989999771118164,0.5609999895095825,0.5720000267028809,4227828
2022-02-27,0.5720000267028809,0.6010000109672546,0.5899999737739563,0.5960000157356262,1568138
2022-02-28,0.5960000157356262,0.5960000157356262,0.5799999833106995,0.5849999785423279,1064962
2022-03-01,0.5849999785423279,0.5989999771118164,0.5899999737739563,0.5929999947547913,1972246
2022-03-02,0.5929999947547913,0.5979999899864197,0.5879999995231628,0.5929999947547913,1562026
2022-03-03,0.5929999947547913,0.6060000061988831,0.5929999947547913,0.6000000238418579,2079593
2022-03-06,0.6000000238418579,0.6039999723434448,0.5860000252723694,0.6000000238418579,832398
2022-03-07,0.6000000238418579,0.5989999771118164,0.5699999928474426,0.5789999961853027,3072824
2022-03-08,0.5789999961853027,0.5789999961853027,0.5789999961853027,0.5789999961853027,0
2022-03-09,0.5699999928474426,0.5950000286102295,0.574999988079071,0.578000009059906,1171166
2022-03-10,0.578000009059906,0.5849999785423279,0.5699999928474426,0.5740000009536743,1518667
2022-03-13,0.5740000009536743,0.5860000252723694,0.5009999871253967,0.5559999942779541,1909712
2022-03-14,0.5559999942779541,0.5559999942779541,0.5509999990463257,0.5509999990463257,580302
2022-03-15,0.5509999990463257,0.5540000200271606,0.5239999890327454,0.5350000262260437,858547
2022-03-16,0.5350000262260437,0.550000011920929,0.5320000052452087,0.5450000166893005,1603903
2022-03-17,0.5450000166893005,0.574999988079071,0.5550000071525574,0.5649999976158142,3147597
2022-03-20,0.5649999976158142,0.578000009059906,0.5609999895095825,0.5740000009536743,1360117
2022-03-21,0.5740000009536743,0.597000002861023,0.574999988079071,0.5879999995231628,4722113
2022-03-22,0.5879999995231628,0.6200000047683716,0.5910000205039978,0.6010000109672546,4552543
2022-03-23,0.6010000109672546,0.6119999885559082,0.5920000076293945,0.5960000157356262,2122890
2022-03-24,0.5960000157356262,0.6060000061988831,0.5899999737739563,0.597000002861023,1529212
2022-03-27,0.597000002861023,0.609000027179718,0.5820000171661377,0.5830000042915344,1134859
2022-03-28,0.5830000042915344,0.6000000238418579,0.5649999976158142,0.5789999961853027,1617050
2022-03-29,0.5789999961853027,0.6000000238418579,0.5669999718666077,0.574999988079071,2447694
2022-03-30,0.574999988079071,0.5889999866485596,0.5709999799728394,0.574999988079071,503017
2022-03-31,0.574999988079071,0.578000009059906,0.5690000057220459,0.5709999799728394,797092
2022-04-03,0.5709999799728394,0.5899999737739563,0.5699999928474426,0.5730000138282776,1210984
2022-04-04,0.5730000138282776,0.5849999785423279,0.5699999928474426,0.5730000138282776,464126
2022-04-05,0.5730000138282776,0.5799999833106995,0.5730000138282776,0.5730000138282776,367374
2022-04-06,0.5730000138282776,0.6019999980926514,0.5830000042915344,0.5860000252723694,2859952
2022-04-07,0.5860000252723694,0.5979999899864197,0.5709999799728394,0.578000009059906,1485345
2022-04-10,0.578000009059906,0.5770000219345093,0.5659999847412109,0.5699999928474426,2109463
2022-04-11,0.5699999928474426,0.574999988079071,0.5450000166893005,0.5490000247955322,1990357
2022-04-12,0.5490000247955322,0.5569999814033508,0.5400000214576721,0.5540000200271606,1425456
2022-04-13,0.5540000200271606,0.5699999928474426,0.5410000085830688,0.5529999732971191,1092603
2022-04-14,0.5529999732971191,0.550000011920929,0.531000018119812,0.5360000133514404,1012804
2022-04-17,0.5360000133514404,0.5400000214576721,0.42899999022483826,0.4749999940395355,1847953
2022-04-18,0.4749999940395355,0.5,0.4659999907016754,0.47600001096725464,3003125
2022-04-19,0.47600001096725464,0.5019999742507935,0.47999998927116394,0.5,3506839
2022-04-20,0.5,0.5009999871253967,0.492000013589859,0.49799999594688416,1204673
2022-04-21,0.49799999594688416,0.5419999957084656,0.5019999742507935,0.5370000004768372,3507521
2022-04-26,0.5370000004768372,0.550000011920929,0.5199999809265137,0.5379999876022339,1687225
2022-04-27,0.5379999876022339,0.5460000038146973,0.5249999761581421,0.5379999876022339,514774
2022-04-28,0.5379999876022339,0.5600000023841858,0.5400000214576721,0.5600000023841858,2399319
2022-05-08,0.5600000023841858,0.5830000042915344,0.5400000214576721,0.5690000057220459,2084886
2022-05-09,0.5690000057220459,0.5770000219345093,0.5400000214576721,0.550000011920929,4369126
2022-05-10,0.550000011920929,0.5529999732971191,0.5379999876022339,0.546999990940094,1698196
2022-05-11,0.546999990940094,0.5580000281333923,0.5400000214576721,0.5490000247955322,770888
2022-05-12,0.5490000247955322,0.5600000023841858,0.5299999713897705,0.546999990940094,5089805
2022-05-15,0.546999990940094,0.5600000023841858,0.5299999713897705,0.5379999876022339,2684764
2022-05-16,0.5379999876022339,0.5460000038146973,0.5199999809265137,0.531000018119812,2070793
2022-05-17,0.531000018119812,0.5699999928474426,0.5239999890327454,0.550000011920929,11384636
2022-05-18,0.550000011920929,0.5770000219345093,0.5569999814033508,0.5600000023841858,6698551
2022-05-19,0.5600000023841858,0.5740000009536743,0.5410000085830688,0.5569999814033508,4570406
2022-05-22,0.5569999814033508,0.6050000190734863,0.5600000023841858,0.5989999771118164,34580221
2022-05-23,0.5989999771118164,0.5979999899864197,0.5519999861717224,0.5559999942779541,18721724
2022-05-24,0.5559999942779541,0.5789999961853027,0.5509999990463257,0.5540000200271606,8314993
2022-05-25,0.5540000200271606,0.5540000200271606,0.4560000002384186,0.5090000033378601,11719922
2022-05-26,0.5090000033378601,0.5180000066757202,0.4830000102519989,0.4959999918937683,5004324
2022-05-29,0.4959999918937683,0.503000020980835,0.46000000834465027,0.47999998927116394,4995909
2022-05-30,0.47999998927116394,0.4959999918937683,0.47200000286102295,0.4790000021457672,3590862
2022-05-31,0.4790000021457672,0.4959999918937683,0.47999998927116394,0.4860000014305115,5055630
2022-06-01,0.4860000014305115,0.48500001430511475,0.44999998807907104,0.4620000123977661,4036690
2022-06-02,0.4620000123977661,0.46000000834465027,0.4410000145435333,0.4490000009536743,4454785
2022-06-05,0.4490000009536743,0.4490000009536743,0.4490000009536743,0.4490000009536743,0
2022-06-06,0.46000000834465027,0.4690000116825104,0.4569999873638153,0.46000000834465027,3411593
2022-06-07,0.46000000834465027,0.46799999475479126,0.46000000834465027,0.46299999952316284,5574105
2022-06-08,0.46299999952316284,0.47699999809265137,0.45899999141693115,0.4699999988079071,23257646
2022-06-09,0.2770000100135803,0.3319999873638153,0.30300000309944153,0.3310000002384186,46450583
2022-06-12,0.3310000002384186,0.35100001096725464,0.33799999952316284,0.34299999475479126,27120790
2022-06-13,0.34299999475479126,0.34299999475479126,0.3140000104904175,0.3179999887943268,17145911
2022-06-14,0.3179999887943268,0.32600000500679016,0.3100000023841858,0.3190000057220459,12560369
2022-06-15,0.3190000057220459,0.32499998807907104,0.3140000104904175,0.3149999976158142,12465801
2022-06-16,0.3149999976158142,0.3199999928474426,0.3070000112056732,0.3100000023841858,10662800
2022-06-19,0.3100000023841858,0.31299999356269836,0.30000001192092896,0.3009999990463257,6453761
2022-06-20,0.3009999990463257,0.3059999942779541,0.28999999165534973,0.2930000126361847,7385435
2022-06-21,0.2930000126361847,0.30000001192092896,0.29100000858306885,0.296999990940094,5857317
2022-06-22,0.296999990940094,0.29899999499320984,0.2930000126361847,0.29600000381469727,4187961
2022-06-23,0.29600000381469727,0.29499998688697815,0.28600001335144043,0.28700000047683716,3544329
2022-06-26,0.28700000047683716,0.296999990940094,0.28600001335144043,0.2879999876022339,2991806
2022-06-27,0.2879999876022339,0.2939999997615814,0.27799999713897705,0.2800000011920929,5737585
2022-06-28,0.2800000011920929,0.28299999237060547,0.26899999380111694,0.2709999978542328,6249553
2022-06-29,0.2709999978542328,0.28200000524520874,0.2720000147819519,0.2770000100135803,6058028
2022-07-03,0.2770000100135803,0.2809999883174896,0.26499998569488525,0.26899999380111694,7156826
2022-07-04,0.26899999380111694,0.27000001072883606,0.25699999928474426,0.257999986410141,4790368
2022-07-05,0.257999986410141,0.26499998569488525,0.25600001215934753,0.257999986410141,4839476
2022-07-06,0.257999986410141,0.26499998569488525,0.23999999463558197,0.2619999945163727,16469705
2022-07-07,0.2619999945163727,0.2750000059604645,0.26499998569488525,0.2680000066757202,11467387
2022-07-17,0.2680000066757202,0.2849999964237213,0.2680000066757202,0.2840000092983246,27491969
2022-07-18,0.2840000092983246,0.28999999165534973,0.2809999883174896,0.2849999964237213,22989925
2022-07-19,0.2849999964237213,0.29100000858306885,0.27799999713897705,0.28700000047683716,13311114
2022-07-20,0.28700000047683716,0.29899999499320984,0.28299999237060547,0.28600001335144043,20291539
2022-07-21,0.28600001335144043,0.3070000112056732,0.28700000047683716,0.3050000071525574,26825426
2022-07-24,0.3050000071525574,0.31200000643730164,0.3019999861717224,0.30799999833106995,20741382
2022-07-25,0.30799999833106995,0.33000001311302185,0.31700000166893005,0.32100000977516174,33175397
2022-07-26,0.32100000977516174,0.335999995470047,0.3199999928474426,0.32100000977516174,53263780
2022-07-27,0.32100000977516174,0.32499998807907104,0.31200000643730164,0.3140000104904175,22224457
2022-07-28,0.3140000104904175,0.3149999976158142,0.30399999022483826,0.3109999895095825,12216085
2022-07-31,0.3109999895095825,0.32199999690055847,0.3109999895095825,0.31299999356269836,16798230
2022-08-01,0.31299999356269836,0.3179999887943268,0.3019999861717224,0.3050000071525574,9077992
2022-08-02,0.3050000071525574,0.30799999833106995,0.29600000381469727,0.30300000309944153,22484296
2022-08-03,0.30300000309944153,0.32600000500679016,0.3050000071525574,0.3190000057220459,48830229
2022-08-04,0.3190000057220459,0.3330000042915344,0.3199999928474426,0.32600000500679016,22936924
2022-08-07,0.32600000500679016,0.3400000035762787,0.3240000009536743,0.3330000042915344,46073036
2022-08-08,0.3330000042915344,0.34599998593330383,0.33500000834465027,0.335999995470047,34438174
2022-08-09,0.335999995470047,0.33899998664855957,0.32499998807907104,0.3269999921321869,14183027
2022-08-10,0.3269999921321869,0.3319999873638153,0.32100000977516174,0.3240000009536743,15307199
2022-08-11,0.3240000009536743,0.33000001311302185,0.3230000138282776,0.3269999921321869,8572453
2022-08-14,0.3269999921321869,0.3700000047683716,0.328000009059906,0.35199999809265137,63908773
2022-08-15,0.35199999809265137,0.3619999885559082,0.33799999952316284,0.3400000035762787,21952959
2022-08-16,0.3400000035762787,0.3479999899864197,0.33000001311302185,0.3310000002384186,16803026
2022-08-17,0.3310000002384186,0.3440000116825104,0.32899999618530273,0.33000001311302185,14131261
2022-08-18,0.33000001311302185,0.33000001311302185,0.33000001311302185,0.33000001311302185,0
2022-08-21,0.3230000138282776,0.33000001311302185,0.3179999887943268,0.3230000138282776,16972252
2022-08-22,0.3230000138282776,0.32899999618530273,0.2919999957084656,0.31700000166893005,241236682
2022-08-23,0.31700000166893005,0.31700000166893005,0.31700000166893005,0.31700000166893005,0
2022-08-24,0.3540000021457672,0.3709999918937683,0.3449999988079071,0.3490000069141388,202147310
2022-08-25,0.3490000069141388,0.35899999737739563,0.33799999952316284,0.3449999988079071,102918233
2022-08-28,0.3449999988079071,0.3790000081062317,0.33799999952316284,0.3790000081062317,174012550
2022-08-29,0.3790000081062317,0.38999998569488525,0.3630000054836273,0.36500000953674316,208729066
2022-08-30,0.36500000953674316,0.37700000405311584,0.3610000014305115,0.3700000047683716,100346998
2022-08-31,0.3700000047683716,0.38999998569488525,0.3700000047683716,0.3799999952316284,197612520
2022-09-01,0.3799999952316284,0.38600000739097595,0.36399999260902405,0.3700000047683716,98997206
2022-09-04,0.3700000047683716,0.38600000739097595,0.3610000014305115,0.3799999952316284,78862980
2022-09-05,0.3799999952316284,0.41200000047683716,0.3919999897480011,0.4020000100135803,268906746
2022-09-06,0.4020000100135803,0.4300000071525574,0.39800000190734863,0.4269999861717224,283804195
2022-09-07,0.4269999861717224,0.4320000112056732,0.414000004529953,0.41499999165534973,136368541
2022-09-08,0.41499999165534973,0.4320000112056732,0.41100001335144043,0.41999998688697815,108681334
2022-09-11,0.41999998688697815,0.4300000071525574,0.4059999883174896,0.4059999883174896,80106427
2022-09-12,0.4059999883174896,0.42100000381469727,0.4000000059604645,0.4090000092983246,116444386
2022-09-13,0.4090000092983246,0.41499999165534973,0.4050000011920929,0.40700000524520874,66435171
2022-09-14,0.40700000524520874,0.4050000011920929,0.3930000066757202,0.3959999978542328,81249166
2022-09-15,0.3959999978542328,0.4000000059604645,0.38999998569488525,0.39100000262260437,39614920
2022-09-18,0.39100000262260437,0.3930000066757202,0.328000009059906,0.3409999907016754,101493207
2022-09-19,0.3409999907016754,0.3619999885559082,0.33399999141693115,0.36000001430511475,61450390
2022-09-20,0.36000001430511475,0.36800000071525574,0.335999995470047,0.3630000054836273,88900671
2022-09-21,0.3630000054836273,0.3659999966621399,0.3499999940395355,0.35499998927116394,47351452
2022-09-22,0.35499998927116394,0.3630000054836273,0.3449999988079071,0.3540000021457672,56528122
2022-09-25,0.3540000021457672,0.36500000953674316,0.35100001096725464,0.36000001430511475,60205816
2022-09-26,0.36000001430511475,0.38600000739097595,0.36000001430511475,0.38100001215934753,123064909
2022-09-27,0.38100001215934753,0.3869999945163727,0.37299999594688416,0.3799999952316284,69036245
2022-09-28,0.3799999952316284,0.3840000033378601,0.367000013589859,0.36899998784065247,57256172
2022-09-29,0.36899998784065247,0.38499999046325684,0.3700000047683716,0.3790000081062317,88300107
2022-10-02,0.3790000081062317,0.3930000066757202,0.3700000047683716,0.37599998712539673,87710186
2022-10-03,0.37599998712539673,0.3799999952316284,0.36000001430511475,0.36399999260902405,53232227
2022-10-04,0.36399999260902405,0.37599998712539673,0.36899998784065247,0.3720000088214874,45128604
2022-10-05,0.3720000088214874,0.3779999911785126,0.36899998784065247,0.3700000047683716,28159996
2022-10-09,0.3700000047683716,0.36800000071525574,0.36000001430511475,0.36399999260902405,31020197
2022-10-10,0.36399999260902405,0.3659999966621399,0.35100001096725464,0.3540000021457672,42554160
2022-10-11,0.3540000021457672,0.3569999933242798,0.3370000123977661,0.34299999475479126,33933229
2022-10-12,0.34299999475479126,0.34599998593330383,0.32499998807907104,0.33000001311302185,45727417
2022-10-13,0.33000001311302185,0.335999995470047,0.3230000138282776,0.335999995470047,30405505
2022-10-16,0.335999995470047,0.3449999988079071,0.3330000042915344,0.3370000123977661,69362240
2022-10-17,0.3370000123977661,0.34200000762939453,0.33500000834465027,0.33899998664855957,35157420
2022-10-18,0.33899998664855957,0.35100001096725464,0.33799999952316284,0.34700000286102295,54816486
2022-10-19,0.34700000286102295,0.3499999940395355,0.33799999952316284,0.3400000035762787,43553737
2022-10-20,0.3400000035762787,0.34200000762939453,0.33500000834465027,0.3370000123977661,30570895
2022-10-23,0.3370000123977661,0.34200000762939453,0.33500000834465027,0.335999995470047,21541112
2022-10-24,0.335999995470047,0.3440000116825104,0.335999995470047,0.33799999952316284,27406865
2022-10-25,0.33799999952316284,0.34200000762939453,0.3319999873638153,0.3330000042915344,24122756
2022-10-26,0.3330000042915344,0.3330000042915344,0.3330000042915344,0.3330000042915344,0
2022-10-27,0.3319999873638153,0.34299999475479126,0.3319999873638153,0.335999995470047,35455309
2022-10-30,0.335999995470047,0.34700000286102295,0.335999995470047,0.33899998664855957,35415378
2022-10-31,0.33899998664855957,0.367000013589859,0.3370000123977661,0.3619999885559082,124121589
2022-11-01,0.3619999885559082,0.367000013589859,0.35600000619888306,0.3569999933242798,49277043
2022-11-02,0.3569999933242798,0.36000001430511475,0.34599998593330383,0.34599998593330383,65492571
2022-11-03,0.34599998593330383,0.3479999899864197,0.33899998664855957,0.34200000762939453,36147053
2022-11-06,0.34200000762939453,0.34599998593330383,0.33899998664855957,0.34200000762939453,27554707
2022-11-07,0.34200000762939453,0.35600000619888306,0.3449999988079071,0.3479999899864197,70046961
2022-11-08,0.3479999899864197,0.3580000102519989,0.3400000035762787,0.34299999475479126,66904560
2022-11-09,0.34299999475479126,0.3449999988079071,0.3330000042915344,0.33899998664855957,30149906
2022-11-10,0.33899998664855957,0.3479999899864197,0.33399999141693115,0.34299999475479126,41855356
2022-11-13,0.34299999475479126,0.35499998927116394,0.34599998593330383,0.35199999809265137,55257926
2022-11-14,0.35199999809265137,0.3580000102519989,0.34599998593330383,0.34599998593330383,120038163
2022-11-15,0.34599998593330383,0.35499998927116394,0.3449999988079071,0.35100001096725464,60260039
2022-11-16,0.35100001096725464,0.3619999885559082,0.35199999809265137,0.36000001430511475,94137673
2022-11-17,0.36000001430511475,0.375,0.3619999885559082,0.37299999594688416,104000091
2022-11-20,0.37299999594688416,0.38100001215934753,0.37299999594688416,0.37599998712539673,68045768
2022-11-21,0.37599998712539673,0.3790000081062317,0.36800000071525574,0.3700000047683716,46227683
2022-11-22,0.3700000047683716,0.37299999594688416,0.3659999966621399,0.3720000088214874,36584989
2022-11-23,0.3720000088214874,0.3790000081062317,0.3709999918937683,0.3720000088214874,51364148
2022-11-24,0.3720000088214874,0.37700000405311584,0.3720000088214874,0.37299999594688416,28935724
2022-11-27,0.37299999594688416,0.38499999046325684,0.375,0.37700000405311584,48910727
2022-11-28,0.37700000405311584,0.38199999928474426,0.3720000088214874,0.375,40132557
2022-11-29,0.375,0.38100001215934753,0.37299999594688416,0.3790000081062317,59952017
2022-11-30,0.3790000081062317,0.39800000190734863,0.382999986410141,0.3869999945163727,94878957
2022-12-01,0.3869999945163727,0.39399999380111694,0.38600000739097595,0.38999998569488525,46527148
2022-12-04,0.38999998569488525,0.3970000147819519,0.38999998569488525,0.3930000066757202,56687735
2022-12-05,0.3930000066757202,0.4189999997615814,0.382999986410141,0.4189999997615814,150783006
2022-12-06,0.4189999997615814,0.42800000309944153,0.4099999964237213,0.41999998688697815,98974022
2022-12-07,0.41999998688697815,0.4359999895095825,0.41600000858306885,0.4300000071525574,108535098
2022-12-08,0.4300000071525574,0.453000009059906,0.42899999022483826,0.4440000057220459,115592286
2022-12-11,0.4440000057220459,0.4659999907016754,0.4399999976158142,0.4440000057220459,73718520
2022-12-12,0.4440000057220459,0.453000009059906,0.42899999022483826,0.4480000138282776,84899528
2022-12-13,0.4480000138282776,0.4830000102519989,0.45399999618530273,0.4790000021457672,124444860
2022-12-14,0.4790000021457672,0.5,0.4819999933242798,0.48500001430511475,105978093
2022-12-15,0.48500001430511475,0.5299999713897705,0.48399999737739563,0.5189999938011169,151680940
2022-12-18,0.5189999938011169,0.5440000295639038,0.5199999809265137,0.5289999842643738,104187343
2022-12-19,0.5289999842643738,0.5320000052452087,0.49399998784065247,0.503000020980835,185383898
2022-12-20,0.503000020980835,0.5080000162124634,0.48399999737739563,0.49000000953674316,101547583
2022-12-21,0.49000000953674316,0.4860000014305115,0.4659999907016754,0.4790000021457672,102505254
2022-12-22,0.4790000021457672,0.4860000014305115,0.46000000834465027,0.46700000762939453,45991633
2022-12-25,0.46700000762939453,0.46000000834465027,0.4350000023841858,0.4440000057220459,44146723
2022-12-26,0.4440000057220459,0.4740000069141388,0.4410000145435333,0.47099998593330383,39456966
2022-12-27,0.47099998593330383,0.4830000102519989,0.46700000762939453,0.4699999988079071,56198336
2022-12-28,0.4699999988079071,0.48100000619888306,0.4699999988079071,0.47999998927116394,33747114
2022-12-29,0.47999998927116394,0.4970000088214874,0.4819999933242798,0.4869999885559082,55004047
2023-01-02,0.4869999885559082,0.5189999938011169,0.4869999885559082,0.5180000066757202,95065116
2023-01-03,0.5180000066757202,0.5289999842643738,0.5109999775886536,0.5170000195503235,69858887
2023-01-04,0.5170000195503235,0.5260000228881836,0.48500001430511475,0.5210000276565552,115381994
2023-01-05,0.5210000276565552,0.546999990940094,0.5299999713897705,0.531000018119812,120806852
2023-01-09,0.531000018119812,0.5379999876022339,0.5080000162124634,0.5120000243186951,74451751
2023-01-10,0.5120000243186951,0.5199999809265137,0.4909999966621399,0.49399998784065247,40077433
2023-01-11,0.49399998784065247,0.5170000195503235,0.4860000014305115,0.4970000088214874,47326113
2023-01-12,0.4970000088214874,0.5099999904632568,0.48500001430511475,0.4880000054836273,34518065
2023-01-15,0.4880000054836273,0.4950000047683716,0.48500001430511475,0.4860000014305115,19197876
2023-01-16,0.4860000014305115,0.503000020980835,0.49000000953674316,0.4950000047683716,26244790
2023-01-17,0.4950000047683716,0.5120000243186951,0.5,0.5059999823570251,38698283
2023-01-18,0.5059999823570251,0.5619999766349792,0.5189999938011169,0.5569999814033508,200864805
2023-01-19,0.5569999814033508,0.5789999961853027,0.5460000038146973,0.5509999990463257,143194993
2023-01-22,0.5509999990463257,0.5540000200271606,0.5289999842643738,0.5339999794960022,63577652
2023-01-23,0.5339999794960022,0.5410000085830688,0.5230000019073486,0.5260000228881836,38868892
2023-01-24,0.5260000228881836,0.5329999923706055,0.515999972820282,0.5299999713897705,36191116
2023-01-25,0.5299999713897705,0.5370000004768372,0.5239999890327454,0.5260000228881836,31659812
2023-01-29,0.5260000228881836,0.5320000052452087,0.5230000019073486,0.527999997138977,42896362
2023-01-30,0.527999997138977,0.5329999923706055,0.4959999918937683,0.5019999742507935,48826876
2023-01-31,0.5019999742507935,0.5040000081062317,0.47999998927116394,0.4819999933242798,35112487
2023-02-01,0.4819999933242798,0.49000000953674316,0.46299999952316284,0.4779999852180481,26256697
2023-02-02,0.4779999852180481,0.48899999260902405,0.46000000834465027,0.4650000035762787,27077025
2023-02-05,0.4650000035762787,0.4690000116825104,0.4339999854564667,0.4480000138282776,53572337
2023-02-06,0.4480000138282776,0.45899999141693115,0.4399999976158142,0.44999998807907104,38731469
2023-02-07,0.44999998807907104,0.4699999988079071,0.44999998807907104,0.460999995470047,41987320
2023-02-08,0.460999995470047,0.46799999475479126,0.4519999921321869,0.453000009059906,27984819
2023-02-09,0.453000009059906,0.4620000123977661,0.4519999921321869,0.45899999141693115,23896965
2023-02-12,0.45899999141693115,0.4620000123977661,0.44699999690055847,0.4569999873638153,18559091
2023-02-13,0.4569999873638153,0.4740000069141388,0.4580000042915344,0.4740000069141388,53973832
2023-02-14,0.4740000069141388,0.48100000619888306,0.47200000286102295,0.4740000069141388,33210101
2023-02-15,0.4740000069141388,0.47999998927116394,0.4650000035762787,0.4690000116825104,25379529
2023-02-16,0.4690000116825104,0.4740000069141388,0.4569999873638153,0.46299999952316284,33763825
2023-02-19,0.46299999952316284,0.48399999737739563,0.4729999899864197,0.4749999940395355,68453024
2023-02-20,0.4749999940395355,0.47999998927116394,0.4580000042915344,0.4620000123977661,27675369
2023-02-21,0.4620000123977661,0.4650000035762787,0.45500001311302185,0.460999995470047,35733692
2023-02-22,0.460999995470047,0.4699999988079071,0.4480000138282776,0.4490000009536743,34347897
2023-02-23,0.4490000009536743,0.453000009059906,0.4410000145435333,0.4519999921321869,14888962
2023-02-26,0.4519999921321869,0.45500001311302185,0.4449999928474426,0.45399999618530273,17611608
2023-02-27,0.45399999618530273,0.4580000042915344,0.4490000009536743,0.45100000500679016,22064744
2023-02-28,0.45100000500679016,0.46000000834465027,0.44600000977516174,0.46000000834465027,28601329
2023-03-01,0.46000000834465027,0.4779999852180481,0.4620000123977661,0.4749999940395355,53994686
2023-03-02,0.4749999940395355,0.47999998927116394,0.46299999952316284,0.46700000762939453,35675793
2023-03-05,0.46700000762939453,0.47099998593330383,0.4569999873638153,0.46000000834465027,15683010
2023-03-06,0.46000000834465027,0.47200000286102295,0.46299999952316284,0.46799999475479126,19654971
2023-03-07,0.46799999475479126,0.4699999988079071,0.4480000138282776,0.45100000500679016,21084108
2023-03-08,0.45100000500679016,0.4519999921321869,0.4359999895095825,0.4480000138282776,16278092
2023-03-09,0.4480000138282776,0.453000009059906,0.4449999928474426,0.44999998807907104,12306298
2023-03-12,0.44999998807907104,0.4490000009536743,0.42500001192092896,0.4269999861717224,19166134
2023-03-13,0.4269999861717224,0.4300000071525574,0.37700000405311584,0.38100001215934753,31817743
2023-03-14,0.38100001215934753,0.3880000114440918,0.3630000054836273,0.37700000405311584,24337771
2023-03-15,0.37700000405311584,0.38600000739097595,0.3149999976158142,0.3440000116825104,45028043
2023-03-16,0.3440000116825104,0.3619999885559082,0.3230000138282776,0.34599998593330383,26987208
2023-03-19,0.34599998593330383,0.3499999940395355,0.3330000042915344,0.34599998593330383,18272283
2023-03-20,0.34599998593330383,0.375,0.3400000035762787,0.3619999885559082,25416367
2023-03-21,0.3619999885559082,0.3790000081062317,0.3659999966621399,0.37599998712539673,11564731
2023-03-22,0.37599998712539673,0.41200000047683716,0.3799999952316284,0.39399999380111694,63011938
2023-03-23,0.39399999380111694,0.4000000059604645,0.38100001215934753,0.3959999978542328,8591368
2023-03-26,0.3959999978542328,0.4309999942779541,0.39100000262260437,0.4309999942779541,32644286
2023-03-27,0.4309999942779541,0.4490000009536743,0.4189999997615814,0.4230000078678131,25955930
2023-03-28,0.4230000078678131,0.4300000071525574,0.4129999876022339,0.4259999990463257,20184466
2023-03-29,0.4259999990463257,0.42899999022483826,0.41499999165534973,0.4169999957084656,21245276
2023-03-30,0.4169999957084656,0.42399999499320984,0.4059999883174896,0.41999998688697815,14497789
2023-04-02,0.41999998688697815,0.4300000071525574,0.41999998688697815,0.4269999861717224,5618923
2023-04-03,0.4269999861717224,0.43700000643730164,0.41999998688697815,0.4350000023841858,20970936
2023-04-04,0.4350000023841858,0.44200000166893005,0.4309999942779541,0.4390000104904175,9634887
2023-04-05,0.4390000104904175,0.45399999618530273,0.43700000643730164,0.4410000145435333,31356078
2023-04-06,0.4410000145435333,0.4429999887943268,0.42899999022483826,0.4309999942779541,11271745
2023-04-09,0.4309999942779541,0.4339999854564667,0.41600000858306885,0.42100000381469727,8923191
2023-04-10,0.42100000381469727,0.43299999833106995,0.42100000381469727,0.42500001192092896,8925854
2023-04-11,0.42500001192092896,0.4309999942779541,0.42100000381469727,0.4300000071525574,7240365
2023-04-12,0.4300000071525574,0.4300000071525574,0.4230000078678131,0.42399999499320984,9952055
2023-04-13,0.42399999499320984,0.42800000309944153,0.4180000126361847,0.4230000078678131,7488146
2023-04-18,0.4230000078678131,0.4259999990463257,0.4180000126361847,0.41999998688697815,6263398
2023-04-19,0.41999998688697815,0.42500001192092896,0.4189999997615814,0.421999990940094,9072670
2023-04-26,0.421999990940094,0.42500001192092896,0.4189999997615814,0.421999990940094,10715171
2023-04-27,0.421999990940094,0.4350000023841858,0.421999990940094,0.4300000071525574,12737847
2023-04-30,0.4300000071525574,0.44600000977516174,0.43299999833106995,0.4350000023841858,26133590
2023-05-01,0.4350000023841858,0.4350000023841858,0.4350000023841858,0.4350000023841858,0
2023-05-02,0.4259999990463257,0.4269999861717224,0.41499999165534973,0.4189999997615814,6808785
2023-05-03,0.4189999997615814,0.42399999499320984,0.4169999957084656,0.42100000381469727,7240594
2023-05-07,0.42100000381469727,0.421999990940094,0.41100001335144043,0.4169999957084656,13867263
2023-05-08,0.4169999957084656,0.4320000112056732,0.4180000126361847,0.4300000071525574,21296579
2023-05-09,0.4300000071525574,0.4350000023841858,0.42100000381469727,0.42100000381469727,14886041
2023-05-10,0.42100000381469727,0.42500001192092896,0.4129999876022339,0.4230000078678131,25058696
2023-05-11,0.4230000078678131,0.42500001192092896,0.41999998688697815,0.421999990940094,11427060
2023-05-14,0.421999990940094,0.43299999833106995,0.421999990940094,0.4309999942779541,15084654
2023-05-15,0.4309999942779541,0.43700000643730164,0.42100000381469727,0.421999990940094,16718917
2023-05-16,0.421999990940094,0.42399999499320984,0.414000004529953,0.41999998688697815,16088130
2023-05-17,0.41999998688697815,0.4259999990463257,0.41499999165534973,0.4169999957084656,9811933
2023-05-18,0.4169999957084656,0.4189999997615814,0.38999998569488525,0.4169999957084656,4743393
2023-05-21,0.4169999957084656,0.4560000002384186,0.41499999165534973,0.45500001311302185,71791889
2023-05-22,0.45500001311302185,0.46399998664855957,0.4390000104904175,0.44200000166893005,61046845
2023-05-23,0.44200000166893005,0.4659999907016754,0.4350000023841858,0.46299999952316284,73862307
2023-05-24,0.46299999952316284,0.46700000762939453,0.45399999618530273,0.45500001311302185,35632952
2023-05-25,0.45500001311302185,0.45899999141693115,0.44999998807907104,0.4560000002384186,17232716
2023-05-28,0.4560000002384186,0.4790000021457672,0.46000000834465027,0.47600001096725464,58294411
2023-05-29,0.47600001096725464,0.4830000102519989,0.4699999988079071,0.4790000021457672,52457154
2023-05-30,0.4790000021457672,0.47699999809265137,0.4659999907016754,0.46700000762939453,31742402
2023-05-31,0.46700000762939453,0.47099998593330383,0.4560000002384186,0.4560000002384186,32164324
2023-06-01,0.4560000002384186,0.4729999899864197,0.4560000002384186,0.4690000116825104,38686071
2023-06-04,0.4690000116825104,0.5149999856948853,0.4699999988079071,0.5149999856948853,150610068
2023-06-05,0.5149999856948853,0.5220000147819519,0.5040000081062317,0.5040000081062317,91482282
2023-06-06,0.5040000081062317,0.5180000066757202,0.49900001287460327,0.5,52268392
2023-06-07,0.5,0.531000018119812,0.4959999918937683,0.5099999904632568,111548847
2023-06-08,0.5099999904632568,0.515999972820282,0.49900001287460327,0.5049999952316284,33907127
2023-06-11,0.5049999952316284,0.515999972820282,0.49900001287460327,0.5009999871253967,24655001
2023-06-12,0.5009999871253967,0.5099999904632568,0.5,0.5009999871253967,16980471
2023-06-13,0.5009999871253967,0.5080000162124634,0.4950000047683716,0.4959999918937683,26762175
2023-06-14,0.4959999918937683,0.49900001287460327,0.48500001430511475,0.49000000953674316,28086388
2023-06-15,0.49000000953674316,0.5130000114440918,0.4819999933242798,0.5099999904632568,74556875
2023-06-18,0.5099999904632568,0.5249999761581421,0.5130000114440918,0.5139999985694885,65747790
2023-06-19,0.5139999985694885,0.5239999890327454,0.5059999823570251,0.5090000033378601,35826234
2023-06-20,0.5090000033378601,0.5109999775886536,0.5019999742507935,0.503000020980835,24916449
2023-06-21,0.503000020980835,0.5070000290870667,0.49399998784065247,0.4950000047683716,33049142
2023-06-22,0.4950000047683716,0.5149999856948853,0.49000000953674316,0.5109999775886536,26726860
2023-06-25,0.5109999775886536,0.5249999761581421,0.5009999871253967,0.5080000162124634,67354522
2023-06-26,0.5080000162124634,0.5239999890327454,0.5049999952316284,0.5189999938011169,45237396
2023-07-04,0.5189999938011169,0.5260000228881836,0.5049999952316284,0.5120000243186951,24191356
2023-07-05,0.5120000243186951,0.515999972820282,0.5049999952316284,0.5139999985694885,37241633
2023-07-06,0.5139999985694885,0.5419999957084656,0.5099999904632568,0.5239999890327454,107302322
2023-07-09,0.5239999890327454,0.531000018119812,0.5040000081062317,0.5099999904632568,79516680
2023-07-10,0.5099999904632568,0.515999972820282,0.503000020980835,0.5149999856948853,20788265
2023-07-11,0.5149999856948853,0.5299999713897705,0.5099999904632568,0.5239999890327454,41535881
2023-07-12,0.5239999890327454,0.5419999957084656,0.5270000100135803,0.5360000133514404,74961918
2023-07-13,0.5360000133514404,0.550000011920929,0.5339999794960022,0.550000011920929,84118388
2023-07-16,0.550000011920929,0.5540000200271606,0.5320000052452087,0.5329999923706055,32446581
2023-07-17,0.5329999923706055,0.5379999876022339,0.5270000100135803,0.5329999923706055,21673299
2023-07-18,0.5329999923706055,0.5350000262260437,0.5270000100135803,0.531000018119812,23254023
2023-07-19,0.531000018119812,0.531000018119812,0.531000018119812,0.531000018119812,0
2023-07-24,0.531000018119812,0.5350000262260437,0.5220000147819519,0.5249999761581421,11764347
2023-07-25,0.5249999761581421,0.527999997138977,0.5170000195503235,0.5210000276565552,17755969
2023-07-26,0.5210000276565552,0.5260000228881836,0.5109999775886536,0.5189999938011169,12539202
2023-07-27,0.5189999938011169,0.5260000228881836,0.5199999809265137,0.5239999890327454,15965165
2023-07-30,0.5239999890327454,0.527999997138977,0.5120000243186951,0.5130000114440918,39282585
2023-07-31,0.5130000114440918,0.5260000228881836,0.5080000162124634,0.5249999761581421,24428184
2023-08-01,0.5249999761581421,0.5320000052452087,0.5189999938011169,0.5220000147819519,19489777
2023-08-02,0.5220000147819519,0.5289999842643738,0.5049999952316284,0.5099999904632568,27611953
2023-08-03,0.5099999904632568,0.5139999985694885,0.5049999952316284,0.5099999904632568,19596614
2023-08-06,0.5099999904632568,0.5220000147819519,0.5080000162124634,0.5220000147819519,14938273
2023-08-07,0.5220000147819519,0.5230000019073486,0.5139999985694885,0.5170000195503235,20539844
2023-08-08,0.5170000195503235,0.5569999814033508,0.5170000195503235,0.5450000166893005,115795942
2023-08-09,0.5450000166893005,0.550000011920929,0.5339999794960022,0.5360000133514404,48650849
2023-08-10,0.5360000133514404,0.5389999747276306,0.5299999713897705,0.5299999713897705,25573515
2023-08-13,0.5299999713897705,0.546999990940094,0.5320000052452087,0.5350000262260437,17546941
2023-08-14,0.5350000262260437,0.5600000023841858,0.5400000214576721,0.5429999828338623,60116992
2023-08-15,0.5429999828338623,0.5659999847412109,0.5440000295639038,0.5590000152587891,69929234
2023-08-16,0.5590000152587891,0.5849999785423279,0.5580000281333923,0.5640000104904175,116266077
2023-08-17,0.5640000104904175,0.5960000157356262,0.5580000281333923,0.5849999785423279,84529998
2023-08-20,0.5849999785423279,0.5929999947547913,0.5759999752044678,0.5759999752044678,34789409
2023-08-21,0.5759999752044678,0.6060000061988831,0.574999988079071,0.5830000042915344,68938028
2023-08-22,0.5830000042915344,0.593999981880188,0.5770000219345093,0.5799999833106995,21407149
2023-08-23,0.5799999833106995,0.5849999785423279,0.5600000023841858,0.5609999895095825,25303076
2023-08-24,0.5609999895095825,0.5659999847412109,0.5479999780654907,0.5600000023841858,24762792
2023-08-27,0.5600000023841858,0.5770000219345093,0.5630000233650208,0.5630000233650208,27048222
2023-08-28,0.5630000233650208,0.5690000057220459,0.5490000247955322,0.5529999732971191,20103694
2023-08-29,0.5529999732971191,0.5640000104904175,0.550000011920929,0.5529999732971191,21215865
2023-08-30,0.5529999732971191,0.5740000009536743,0.5529999732971191,0.5609999895095825,26534164
2023-08-31,0.5609999895095825,0.5609999895095825,0.5609999895095825,0.5609999895095825,0
2023-09-03,0.5540000200271606,0.5659999847412109,0.550000011920929,0.5509999990463257,35301770
2023-09-04,0.5509999990463257,0.5559999942779541,0.5490000247955322,0.5509999990463257,12475547
2023-09-05,0.5509999990463257,0.5640000104904175,0.5509999990463257,0.5550000071525574,24833069
2023-09-06,0.5550000071525574,0.5619999766349792,0.5490000247955322,0.5550000071525574,44703533
2023-09-07,0.5550000071525574,0.5619999766349792,0.5529999732971191,0.5569999814033508,16481525
2023-09-10,0.5569999814033508,0.5569999814033508,0.5569999814033508,0.5569999814033508,0
2023-09-11,0.5709999799728394,0.5770000219345093,0.5580000281333923,0.5580000281333923,26386921
2023-09-12,0.5580000281333923,0.578000009059906,0.5569999814033508,0.5659999847412109,31896673
2023-09-13,0.5659999847412109,0.593999981880188,0.5659999847412109,0.5929999947547913,63768177
2023-09-14,0.5929999947547913,0.6209999918937683,0.5910000205039978,0.6159999966621399,98374933
2023-09-17,0.6159999966621399,0.6330000162124634,0.6069999933242798,0.6079999804496765,50534515
2023-09-18,0.6079999804496765,0.6269999742507935,0.6050000190734863,0.6190000176429749,42795069
2023-09-19,0.6190000176429749,0.6380000114440918,0.6079999804496765,0.6110000014305115,69282187
2023-09-20,0.6110000014305115,0.6110000014305115,0.6110000014305115,0.6110000014305115,0
2023-09-21,0.6110000014305115,0.6110000014305115,0.6110000014305115,0.6110000014305115,0
2023-09-24,0.6110000014305115,0.6110000014305115,0.6110000014305115,0.6110000014305115,0
2023-09-25,0.6050000190734863,0.6110000014305115,0.6000000238418579,0.6010000109672546,21952425
2023-09-26,0.6010000109672546,0.6039999723434448,0.5899999737739563,0.5899999737739563,35219835
2023-09-27,0.5899999737739563,0.5899999737739563,0.5899999737739563,0.5899999737739563,0
2023-10-01,0.5899999737739563,0.5899999737739563,0.5899999737739563,0.5899999737739563,0
2023-10-02,0.5989999771118164,0.6140000224113464,0.5960000157356262,0.609000027179718,39550810
2023-10-03,0.609000027179718,0.6129999756813049,0.6000000238418579,0.6000000238418579,24268513
2023-10-04,0.6000000238418579,0.6380000114440918,0.5960000157356262,0.628000020980835,33968571
2023-10-08,0.628000020980835,0.6299999952316284,0.6000000238418579,0.6129999756813049,51343491
2023-10-09,0.6129999756813049,0.6230000257492065,0.6119999885559082,0.6200000047683716,13297218
2023-10-10,0.6200000047683716,0.6299999952316284,0.6159999966621399,0.6200000047683716,13994690
2023-10-11,0.6200000047683716,0.625,0.6169999837875366,0.6200000047683716,9456590
2023-10-12,0.6200000047683716,0.621999979019165,0.6150000095367432,0.6179999709129333,9305925
2023-10-15,0.6179999709129333,0.625,0.6159999966621399,0.6230000257492065,33832534
2023-10-16,0.6230000257492065,0.625,0.6159999966621399,0.625,21924220
2023-10-17,0.625,0.6340000033378601,0.6240000128746033,0.6240000128746033,21692966
2023-10-18,0.6240000128746033,0.6380000114440918,0.6240000128746033,0.6330000162124634,30035684
2023-10-19,0.6330000162124634,0.6330000162124634,0.6330000162124634,0.6330000162124634,0
2023-10-22,0.6299999952316284,0.6340000033378601,0.6299999952316284,0.6309999823570251,12572056
2023-10-23,0.6309999823570251,0.6349999904632568,0.6299999952316284,0.6309999823570251,20230940
2023-10-24,0.6309999823570251,0.6330000162124634,0.6299999952316284,0.6330000162124634,15577622
2023-10-25,0.6330000162124634,0.6499999761581421,0.6299999952316284,0.6449999809265137,56341654
2023-10-26,0.6449999809265137,0.6499999761581421,0.6380000114440918,0.6420000195503235,14391493
2023-10-29,0.6420000195503235,0.6439999938011169,0.6380000114440918,0.6380000114440918,8279093
2023-10-30,0.6380000114440918,0.6420000195503235,0.6380000114440918,0.6399999856948853,12990724
2023-10-31,0.6399999856948853,0.6430000066757202,0.6389999985694885,0.6389999985694885,12052798
2023-11-01,0.6389999985694885,0.6449999809265137,0.6389999985694885,0.6439999938011169,9395257
2023-11-02,0.6439999938011169,0.6790000200271606,0.6420000195503235,0.671999990940094,79275297
2023-11-05,0.671999990940094,0.6830000281333923,0.6660000085830688,0.6700000166893005,45710709
2023-11-06,0.6700000166893005,0.6800000071525574,0.6660000085830688,0.6800000071525574,13780781
2023-11-07,0.6800000071525574,0.6899999976158142,0.671999990940094,0.6759999990463257,23521472
2023-11-08,0.6759999990463257,0.8109999895095825,0.7400000095367432,0.7760000228881836,105861069
2023-11-09,0.7760000228881836,0.7910000085830688,0.777999997138977,0.7900000214576721,39603950
2023-11-12,0.7900000214576721,0.7950000166893005,0.7860000133514404,0.7900000214576721,36956824
2023-11-13,0.7900000214576721,0.7929999828338623,0.7879999876022339,0.7889999747276306,77401455
2023-11-14,0.7889999747276306,0.800000011920929,0.7839999794960022,0.7889999747276306,20751872
2023-11-15,0.7889999747276306,0.800000011920929,0.7870000004768372,0.7940000295639038,15809900
2023-11-16,0.7940000295639038,0.9200000166893005,0.7950000166893005,0.8709999918937683,24723330
2023-11-19,0.8709999918937683,0.9399999976158142,0.8629999756813049,0.9300000071525574,25362241
2023-11-20,0.9300000071525574,0.9509999752044678,0.8899999856948853,0.8980000019073486,22230084
2023-11-21,0.8980000019073486,0.9100000262260437,0.8700000047683716,0.8830000162124634,7913111
2023-11-22,0.8830000162124634,0.9340000152587891,0.8500000238418579,0.9169999957084656,13832174
2023-11-23,0.9169999957084656,0.949999988079071,0.9110000133514404,0.9300000071525574,10806294
2023-11-26,0.9300000071525574,0.9350000023841858,0.9049999713897705,0.9089999794960022,7853191
2023-11-27,0.9089999794960022,0.9240000247955322,0.8799999952316284,0.9139999747276306,4144968
2023-11-28,0.9139999747276306,0.9200000166893005,0.8870000243186951,0.902999997138977,5132369
2023-11-29,0.902999997138977,0.9800000190734863,0.906000018119812,0.9490000009536743,17997654
2023-11-30,0.9490000009536743,0.9700000286102295,0.9200000166893005,0.9350000023841858,9073790
2023-12-03,0.9350000023841858,0.949999988079071,0.925000011920929,0.9290000200271606,2946981
2023-12-04,0.9290000200271606,0.9350000023841858,0.9079999923706055,0.9100000262260437,5446381
2023-12-05,0.9100000262260437,0.925000011920929,0.878000020980835,0.8999999761581421,16307490
2023-12-06,0.8999999761581421,0.9169999957084656,0.8700000047683716,0.8730000257492065,6763433
2023-12-07,0.8730000257492065,0.8730000257492065,0.800000011920929,0.8389999866485596,12869800
2023-12-10,0.8389999866485596,0.8899999856948853,0.8190000057220459,0.8399999737739563,13443703
2023-12-11,0.8399999737739563,0.8489999771118164,0.8149999976158142,0.8169999718666077,5252763
2023-12-12,0.8169999718666077,0.8489999771118164,0.8169999718666077,0.8399999737739563,5313104
2023-12-13,0.8399999737739563,0.8669999837875366,0.8429999947547913,0.8560000061988831,3275046
2023-12-14,0.8560000061988831,0.9200000166893005,0.8569999933242798,0.8830000162124634,12844381
2023-12-17,0.8830000162124634,0.949999988079071,0.8899999856948853,0.8999999761581421,10115344
2023-12-18,0.8999999761581421,0.9200000166893005,0.8799999952316284,0.8939999938011169,5933276
2023-12-19,0.8939999938011169,0.9150000214576721,0.8799999952316284,0.8989999890327454,2326525
2023-12-20,0.8989999890327454,0.9089999794960022,0.8619999885559082,0.8799999952316284,2979956
2023-12-21,0.8799999952316284,0.8989999890327454,0.8640000224113464,0.8690000176429749,3065141
2023-12-24,0.8690000176429749,0.8690000176429749,0.8690000176429749,0.8690000176429749,0
2023-12-25,0.8500000238418579,0.8690000176429749,0.8349999785423279,0.8519999980926514,2267825
2023-12-26,0.8519999980926514,0.8849999904632568,0.8399999737739563,0.8420000076293945,4469398
2023-12-27,0.8420000076293945,0.8679999709129333,0.8309999704360962,0.8560000061988831,3824683
2023-12-28,0.8560000061988831,0.8560000061988831,0.8560000061988831,0.8560000061988831,0
2023-12-31,0.8790000081062317,0.8939999938011169,0.871999979019165,0.875,1033014
2024-01-02,0.875,0.9160000085830688,0.875,0.9129999876022339,4155520
2024-01-03,0.9129999876022339,0.9729999899864197,0.9190000295639038,0.9549999833106995,13025402
2024-01-04,0.9549999833106995,0.9700000286102295,0.9399999976158142,0.9430000185966492,3402225
2024-01-08,0.9430000185966492,0.9599999785423279,0.9269999861717224,0.9449999928474426,3173376
2024-01-09,0.9449999928474426,0.9599999785423279,0.9399999976158142,0.9399999976158142,3987449
2024-01-10,0.9399999976158142,0.9549999833106995,0.9399999976158142,0.9440000057220459,2566556
2024-01-11,0.9440000057220459,1.1319999694824219,0.9399999976158142,1.1319999694824219,56852899
2024-01-14,1.1319999694824219,1.340000033378601,0.949999988079071,1.1690000295639038,71137561
2024-01-15,1.1690000295639038,1.2990000247955322,1.1749999523162842,1.2400000095367432,21439456
2024-01-16,1.2400000095367432,1.3480000495910645,1.2400000095367432,1.2999999523162842,40439760
2024-01-17,1.2999999523162842,1.3229999542236328,1.2100000381469727,1.2309999465942383,11184147
2024-01-18,1.2309999465942383,1.3200000524520874,1.2200000286102295,1.2899999618530273,26383087
2024-01-21,1.2899999618530273,1.3960000276565552,1.2999999523162842,1.350000023841858,31337307
2024-01-22,1.350000023841858,1.371000051498413,1.3079999685287476,1.3109999895095825,13866427
2024-01-23,1.3109999895095825,1.3580000400543213,1.3029999732971191,1.3309999704360962,10504492
2024-01-24,1.3309999704360962,1.4390000104904175,1.315999984741211,1.399999976158142,31107071
2024-01-28,1.399999976158142,1.6799999475479126,1.399999976158142,1.503000020980835,36422932
2024-01-29,1.503000020980835,1.5989999771118164,1.475000023841858,1.5110000371932983,26138611
2024-01-30,1.5110000371932983,1.6299999952316284,1.5160000324249268,1.590999960899353,20999328
2024-01-31,1.590999960899353,1.6449999809265137,1.3009999990463257,1.4290000200271606,21253327
2024-02-01,1.4290000200271606,1.4600000381469727,1.2699999809265137,1.440999984741211,44422567
2024-02-04,1.440999984741211,1.4600000381469727,1.3739999532699585,1.3849999904632568,12206285
2024-02-05,1.3849999904632568,1.4299999475479126,1.375,1.4160000085830688,8547586
2024-02-06,1.4160000085830688,1.440000057220459,1.371000051498413,1.3769999742507935,9883846
2024-02-07,1.3769999742507935,1.4179999828338623,1.3580000400543213,1.3760000467300415,5730202
2024-02-08,1.3760000467300415,1.3899999856948853,1.3600000143051147,1.3609999418258667,6357914
2024-02-11,1.3609999418258667,1.3899999856948853,1.3009999990463257,1.343000054359436,5087892
2024-02-12,1.343000054359436,1.3370000123977661,1.281999945640564,1.3350000381469727,6366775
2024-02-13,1.3350000381469727,1.440000057220459,1.3300000429153442,1.4279999732971191,16424133
2024-02-14,1.4279999732971191,1.5199999809265137,1.440000057220459,1.4919999837875366,27157335
2024-02-15,1.4919999837875366,1.5199999809265137,1.4559999704360962,1.468000054359436,7169826
2024-02-18,1.468000054359436,1.468000054359436,1.468000054359436,1.468000054359436,0
2024-02-19,1.5369999408721924,1.5640000104904175,1.5,1.5010000467300415,15152247
2024-02-20,1.5010000467300415,1.5399999618530273,1.5,1.5,7832403
2024-02-21,1.5,1.5099999904632568,1.4709999561309814,1.4800000190734863,5699892
2024-02-22,1.4800000190734863,1.4989999532699585,1.4600000381469727,1.465999960899353,6044201
2024-02-25,1.465999960899353,1.4500000476837158,1.2899999618530273,1.305999994277954,18546292
2024-02-26,1.305999994277954,1.3380000591278076,1.2899999618530273,1.305999994277954,5479916
2024-02-27,1.305999994277954,1.3450000286102295,1.2699999809265137,1.2699999809265137,6944619
2024-02-28,1.2699999809265137,1.2999999523162842,1.2100000381469727,1.2209999561309814,11692958
2024-02-29,1.2209999561309814,1.25,1.1510000228881836,1.184000015258789,5182564
2024-03-03,1.184000015258789,1.2359999418258667,1.1799999475479126,1.2020000219345093,4919262
2024-03-04,1.2020000219345093,1.2450000047683716,1.2000000476837158,1.2120000123977661,11892464
2024-03-05,1.2120000123977661,1.2339999675750732,1.156000018119812,1.1790000200271606,12967378
2024-03-06,1.1790000200271606,1.2400000095367432,1.1399999856948853,1.1799999475479126,10786908
2024-03-07,1.1799999475479126,1.1950000524520874,1.1410000324249268,1.187000036239624,4659478
2024-03-10,1.187000036239624,1.3250000476837158,1.190000057220459,1.2999999523162842,16264044
2024-03-11,1.2999999523162842,1.3250000476837158,1.2450000047683716,1.2799999713897705,7037889
2024-03-12,1.2799999713897705,1.3589999675750732,1.2400000095367432,1.2970000505447388,17689591
2024-03-13,1.2970000505447388,1.3289999961853027,1.159999966621399,1.3009999990463257,9009926
2024-03-14,1.3009999990463257,1.4079999923706055,1.2799999713897705,1.3860000371932983,16498419
2024-03-17,1.3860000371932983,1.4259999990463257,1.3309999704360962,1.3309999704360962,11056559
2024-03-18,1.3309999704360962,1.5099999904632568,1.2230000495910645,1.4249999523162842,28308900
2024-03-19,1.4249999523162842,1.5010000467300415,1.3049999475479126,1.3489999771118164,10625963
2024-03-20,1.3489999771118164,1.4190000295639038,1.2869999408721924,1.2949999570846558,11401506
2024-03-21,1.2949999570846558,1.4299999475479126,1.3029999732971191,1.4299999475479126,11339620
2024-03-24,1.4299999475479126,1.5099999904632568,1.440000057220459,1.496999979019165,15970191
2024-03-25,1.496999979019165,1.5290000438690186,1.440000057220459,1.4500000476837158,24477831
2024-03-26,1.4500000476837158,1.4700000286102295,1.4259999990463257,1.4279999732971191,5680911
2024-03-27,1.4279999732971191,1.444000005722046,1.3700000047683716,1.3869999647140503,6160903
2024-03-28,1.3869999647140503,1.4290000200271606,1.3350000381469727,1.3980000019073486,8119545
2024-03-31,1.3980000019073486,1.4240000247955322,1.312999963760376,1.3509999513626099,4930557
2024-04-01,1.3509999513626099,1.4490000009536743,1.3519999980926514,1.4199999570846558,14298159
2024-04-02,1.4199999570846558,1.4500000476837158,1.3860000371932983,1.4259999990463257,15071280
2024-04-03,1.4259999990463257,1.434999942779541,1.3910000324249268,1.4199999570846558,5449770
2024-04-04,1.4199999570846558,1.444000005722046,1.4119999408721924,1.4119999408721924,3662474
2024-04-07,1.4119999408721924,1.4299999475479126,1.4110000133514404,1.4170000553131104,2577610
2024-04-08,1.4170000553131104,1.4329999685287476,1.4019999504089355,1.4229999780654907,6060219
2024-04-15,1.4229999780654907,1.4589999914169312,1.4119999408721924,1.440000057220459,7294585
2024-04-16,1.440000057220459,1.4600000381469727,1.4229999780654907,1.4270000457763672,6925782
2024-04-17,1.4270000457763672,1.5169999599456787,1.430999994277954,1.4830000400543213,19069556
2024-04-18,1.4830000400543213,1.5700000524520874,1.4299999475479126,1.4800000190734863,30824377
2024-04-21,1.4800000190734863,1.5399999618530273,1.4859999418258667,1.5010000467300415,37185167
2024-04-22,1.5010000467300415,1.5399999618530273,1.4500000476837158,1.4539999961853027,10225546
2024-04-23,1.4539999961853027,1.4579999446868896,1.3329999446868896,1.3339999914169312,13691111
2024-04-24,1.3339999914169312,1.3730000257492065,1.2710000276565552,1.3289999961853027,10143323
2024-04-28,1.3289999961853027,1.3289999961853027,1.3289999961853027,1.3289999961853027,0
2024-04-29,1.281999945640564,1.309999942779541,1.2599999904632568,1.2910000085830688,5538870
2024-04-30,1.2910000085830688,1.3300000429153442,1.2000000476837158,1.2009999752044678,10579235
2024-05-02,1.2549999952316284,1.2879999876022339,1.25,1.2710000276565552,3552963
2024-05-07,1.2710000276565552,1.3200000524520874,1.2719999551773071,1.3200000524520874,4813543
2024-05-08,1.3200000524520874,1.3300000429153442,1.281999945640564,1.2869999408721924,3605960
2024-05-09,1.2869999408721924,1.309000015258789,1.274999976158142,1.281999945640564,2757543
2024-05-12,1.281999945640564,1.309000015258789,1.2050000429153442,1.2100000381469727,4996221
2024-05-13,1.2100000381469727,1.2389999628067017,1.1699999570846558,1.215999960899353,7492460
2024-05-14,1.215999960899353,1.2300000190734863,1.2000000476837158,1.2070000171661377,1869042
2024-05-15,1.2070000171661377,1.2300000190734863,1.2050000429153442,1.2139999866485596,2658408
2024-05-16,1.2139999866485596,1.3279999494552612,1.2549999952316284,1.309999942779541,15682511
2024-05-19,1.309999942779541,1.378999948501587,1.3029999732971191,1.3530000448226929,17285965
2024-05-20,1.3530000448226929,1.3830000162124634,1.340000033378601,1.3609999418258667,8316866
2024-05-21,1.3609999418258667,1.409999966621399,1.3420000076293945,1.375,15280379
2024-05-22,1.375,1.3940000534057617,1.3300000429153442,1.3660000562667847,3631347
2024-05-23,1.3660000562667847,1.378999948501587,1.3660000562667847,1.3700000047683716,3218775
2024-05-26,1.3700000047683716,1.3700000047683716,1.3700000047683716,1.3700000047683716,0
2024-05-27,1.409999966621399,1.4190000295639038,1.3799999952316284,1.3890000581741333,4664813
2024-05-28,1.3890000581741333,1.3919999599456787,1.3359999656677246,1.3899999856948853,3720086
2024-05-29,1.3899999856948853,1.4539999961853027,1.3910000324249268,1.434999942779541,12827784
2024-05-30,1.434999942779541,1.4639999866485596,1.4220000505447388,1.434999942779541,6248895
2024-06-02,1.434999942779541,1.5,1.4149999618530273,1.4229999780654907,13742958
2024-06-03,1.4229999780654907,1.2899999618530273,1.2300000190734863,1.2730000019073486,13314979
2024-06-04,1.2730000019073486,1.2970000505447388,1.274999976158142,1.2790000438690186,5590398
2024-06-05,1.2790000438690186,1.2890000343322754,1.2170000076293945,1.2300000190734863,4843047
2024-06-06,1.2300000190734863,1.2580000162124634,1.218000054359436,1.2200000286102295,2050148
2024-06-09,1.2200000286102295,1.2300000190734863,1.1920000314712524,1.1990000009536743,3342755
2024-06-10,1.1990000009536743,1.2269999980926514,1.1799999475479126,1.2089999914169312,6710450
2024-06-11,1.2089999914169312,1.2230000495910645,1.2009999752044678,1.2109999656677246,2832675
2024-06-12,1.2109999656677246,1.2389999628067017,1.2029999494552612,1.2259999513626099,2530294
2024-06-13,1.2259999513626099,1.2389999628067017,1.2139999866485596,1.2269999980926514,3337728
2024-06-23,1.2269999980926514,1.2890000343322754,1.2309999465942383,1.2869999408721924,6357717
2024-06-24,1.2869999408721924,1.3389999866485596,1.277999997138977,1.3200000524520874,15612920
2024-06-25,1.3200000524520874,1.3739999532699585,1.3109999895095825,1.3539999723434448,9929992
2024-06-26,1.3539999723434448,1.3660000562667847,1.3259999752044678,1.3389999866485596,7031698
2024-06-27,1.3389999866485596,1.3489999771118164,1.3200000524520874,1.3240000009536743,6716003
2024-07-02,1.340999960899353,1.3600000143051147,1.340999960899353,1.3450000286102295,3835319
2024-07-03,1.3450000286102295,1.3580000400543213,1.343000054359436,1.350000023841858,2347502
2024-07-04,1.350000023841858,1.36899995803833,1.3489999771118164,1.350000023841858,2771720
2024-07-07,1.350000023841858,1.3600000143051147,1.3350000381469727,1.3380000591278076,3278403
2024-07-08,1.3380000591278076,1.350000023841858,1.312999963760376,1.3209999799728394,3043360
2024-07-09,1.3209999799728394,1.3309999704360962,1.2999999523162842,1.3279999494552612,3643199
2024-07-10,1.3279999494552612,1.3550000190734863,1.3040000200271606,1.3200000524520874,3134617
2024-07-14,1.3200000524520874,1.3300000429153442,1.2999999523162842,1.312999963760376,1627501
2024-07-15,1.312999963760376,1.3200000524520874,1.2599999904632568,1.2990000247955322,4610386
2024-07-16,1.2990000247955322,1.3070000410079956,1.2730000019073486,1.2829999923706055,1376341
2024-07-17,1.2829999923706055,1.2999999523162842,1.2799999713897705,1.2920000553131104,4091351
2024-07-18,1.2920000553131104,1.315000057220459,1.3049999475479126,1.309999942779541,2768896
2024-07-21,1.309999942779541,1.3559999465942383,1.312000036239624,1.3530000448226929,5892745
2024-07-22,1.3530000448226929,1.4049999713897705,1.3480000495910645,1.3819999694824219,15375030
2024-07-23,1.3819999694824219,1.399999976158142,1.3819999694824219,1.3860000371932983,7676250
2024-07-24,1.3860000371932983,1.444000005722046,1.3869999647140503,1.409000039100647,27211266
2024-07-28,1.409000039100647,1.4320000410079956,1.38100004196167,1.3839999437332153,21737943
2024-07-29,1.3839999437332153,1.4040000438690186,1.3700000047683716,1.3739999532699585,5473924
2024-07-30,1.3739999532699585,1.38100004196167,1.3700000047683716,1.3730000257492065,3462219
2024-07-31,1.3730000257492065,1.4079999923706055,1.3739999532699585,1.399999976158142,6684267
2024-08-01,1.399999976158142,1.409000039100647,1.3700000047683716,1.3760000467300415,4894869
2024-08-04,1.3760000467300415,1.3700000047683716,1.2999999523162842,1.340000033378601,13325459
2024-08-05,1.340000033378601,1.3200000524520874,1.2000000476837158,1.2999999523162842,10545600
2024-08-06,1.2999999523162842,1.350000023841858,1.2699999809265137,1.3200000524520874,10645994
2024-08-07,1.3200000524520874,1.350000023841858,1.2999999523162842,1.309999942779541,11222489
2024-08-08,1.309999942779541,1.340000033378601,1.2999999523162842,1.3300000429153442,8491663
2024-08-11,1.3300000429153442,1.3899999856948853,1.3300000429153442,1.3600000143051147,14767175
2024-08-12,1.3600000143051147,1.3899999856948853,1.3200000524520874,1.350000023841858,13134316
2024-08-13,1.350000023841858,1.3600000143051147,1.3200000524520874,1.3300000429153442,5052286
2024-08-14,1.3300000429153442,1.3600000143051147,1.3200000524520874,1.3200000524520874,13398060
2024-08-15,1.3200000524520874,1.440000057220459,1.340000033378601,1.399999976158142,62937622
2024-08-18,1.399999976158142,1.659999966621399,1.4199999570846558,1.649999976158142,124096412
2024-08-19,1.649999976158142,1.6799999475479126,1.5800000429153442,1.6299999952316284,46734678
2024-08-20,1.6299999952316284,1.7699999809265137,1.6200000047683716,1.7100000381469727,41491124
2024-08-21,1.7100000381469727,1.7599999904632568,1.649999976158142,1.659999966621399,21468508
2024-08-22,1.659999966621399,1.7100000381469727,1.6399999856948853,1.649999976158142,12129994
2024-08-25,1.649999976158142,1.75,1.659999966621399,1.6799999475479126,15698813
2024-08-26,1.6799999475479126,1.7200000286102295,1.6299999952316284,1.659999966621399,10143905
2024-08-27,1.659999966621399,1.7100000381469727,1.6399999856948853,1.659999966621399,11671523
2024-08-28,1.659999966621399,1.7000000476837158,1.649999976158142,1.6699999570846558,8133642
2024-08-29,1.6699999570846558,1.7200000286102295,1.659999966621399,1.690000057220459,11009279
2024-09-01,1.690000057220459,1.9500000476837158,1.7100000381469727,1.8600000143051147,53562054
2024-09-02,1.8600000143051147,1.9299999475479126,1.809999942779541,1.850000023841858,19897936
2024-09-03,1.850000023841858,1.940000057220459,1.840000033378601,1.909999966621399,20919234
2024-09-04,1.909999966621399,1.9299999475479126,1.840000033378601,1.8700000047683716,16683817
2024-09-05,1.8700000047683716,1.8899999856948853,1.7899999618530273,1.8200000524520874,19287646
2024-09-08,1.8200000524520874,1.8300000429153442,1.75,1.7899999618530273,5951063
2024-09-09,1.7899999618530273,1.8600000143051147,1.7699999809265137,1.809999942779541,16246438
2024-09-10,1.809999942779541,1.8300000429153442,1.7599999904632568,1.7599999904632568,4555468
2024-09-11,1.7599999904632568,1.809999942779541,1.7300000190734863,1.7999999523162842,3063919
2024-09-12,1.7999999523162842,1.840000033378601,1.7599999904632568,1.7899999618530273,2960819
2024-09-16,1.7899999618530273,1.809999942779541,1.7100000381469727,1.7100000381469727,7807896
2024-09-17,1.7100000381469727,1.7300000190734863,1.649999976158142,1.7000000476837158,5827005
2024-09-18,1.7000000476837158,1.75,1.6799999475479126,1.7400000095367432,4219791
2024-09-19,1.7400000095367432,1.7999999523162842,1.7400000095367432,1.75,6244752
2024-09-22,1.75,1.7799999713897705,1.75,1.75,2621485
2024-09-23,1.75,1.7699999809265137,1.7400000095367432,1.75,2967545
2024-09-24,1.7699999809265137,1.8300000429153442,1.7599999904632568,1.7599999904632568,16260472
2024-09-25,1.7300000190734863,1.7799999713897705,1.7200000286102295,1.7699999809265137,16597051
2024-09-26,1.7699999809265137,1.8300000429153442,1.7599999904632568,1.7599999904632568,16260472
2024-09-29,1.7599999904632568,1.7799999713897705,1.7200000286102295,1.75,7043038
2024-09-30,1.75,1.7599999904632568,1.690000057220459,1.7100000381469727,10793576
2024-10-01,1.7100000381469727,1.7300000190734863,1.6200000047683716,1.659999966621399,28548600
2024-10-02,1.659999966621399,1.6699999570846558,1.5700000524520874,1.5800000429153442,22425981
2024-10-03,1.5800000429153442,1.6299999952316284,1.5800000429153442,1.6200000047683716,9286515
2024-10-07,1.6200000047683716,1.6399999856948853,1.5700000524520874,1.5700000524520874,7244516
2024-10-08,1.5700000524520874,1.590000033378601,1.4900000095367432,1.5,6835545
2024-10-09,1.5,1.5700000524520874,1.5,1.559999942779541,10023076
2024-10-10,1.559999942779541,1.590000033378601,1.5099999904632568,1.5499999523162842,7488907
2024-10-13,1.5499999523162842,1.600000023841858,1.5299999713897705,1.5299999713897705,9074168
2024-10-14,1.5299999713897705,1.5700000524520874,1.4900000095367432,1.5700000524520874,9958642
2024-10-15,1.5700000524520874,1.6200000047683716,1.559999942779541,1.600000023841858,10465815
2024-10-16,1.600000023841858,1.6399999856948853,1.5700000524520874,1.5800000429153442,9173379
2024-10-17,1.5800000429153442,1.600000023841858,1.5299999713897705,1.5499999523162842,4897647
2024-10-20,1.5499999523162842,1.5499999523162842,1.4900000095367432,1.5,8174729
2024-10-21,1.5,1.6100000143051147,1.4500000476837158,1.5800000429153442,24111033
2024-10-22,1.5800000429153442,1.6699999570846558,1.590000033378601,1.659999966621399,24936715
2024-10-23,1.659999966621399,1.809999942779541,1.690000057220459,1.7400000095367432,46968795
2024-10-24,1.7400000095367432,1.809999942779541,1.7100000381469727,1.75,26609117
2024-10-27,1.75,1.7699999809265137,1.7300000190734863,1.7400000095367432,11468135
2024-10-28,1.7400000095367432,1.7599999904632568,1.690000057220459,1.7300000190734863,28010972
2024-10-29,1.7300000190734863,1.840000033378601,1.7400000095367432,1.7599999904632568,48982882
2024-10-30,1.7599999904632568,1.7899999618530273,1.7200000286102295,1.7200000286102295,17095451
2024-10-31,1.7200000286102295,1.7899999618530273,1.7100000381469727,1.7599999904632568,18468194
2024-11-03,1.7599999904632568,1.7899999618530273,1.75,1.75,7201847
2024-11-04,1.75,1.899999976158142,1.75,1.8899999856948853,83244000
2024-11-05,1.8899999856948853,1.940000057220459,1.8600000143051147,1.8700000047683716,28888261
2024-11-06,1.8700000047683716,2.0,1.850000023841858,1.899999976158142,60456909
2024-11-07,1.899999976158142,1.9199999570846558,1.8600000143051147,1.8700000047683716,18394527
2024-11-10,1.8700000047683716,2.069999933242798,1.8899999856948853,2.049999952316284,77525590
2024-11-11,2.049999952316284,2.180000066757202,2.0199999809265137,2.0999999046325684,54311138
2024-11-12,2.0999999046325684,2.180000066757202,2.0399999618530273,2.180000066757202,48088470
2024-11-13,2.180000066757202,2.1600000858306885,2.0199999809265137,2.0999999046325684,36437423
2024-11-14,2.0999999046325684,2.1500000953674316,2.059999942779541,2.109999895095825,22968830
2024-11-17,2.109999895095825,2.200000047683716,2.0799999237060547,2.1600000858306885,74960445
2024-11-18,2.1600000858306885,2.2100000381469727,2.1500000953674316,2.200000047683716,55936032
2024-11-19,2.200000047683716,2.200000047683716,2.0999999046325684,2.119999885559082,30574211
2024-11-20,2.119999885559082,2.109999895095825,2.0,2.059999942779541,36894342
2024-11-21,2.059999942779541,2.0899999141693115,2.0399999618530273,2.069999933242798,21734905
2024-11-24,2.069999933242798,2.0799999237060547,1.9600000381469727,1.9800000190734863,18339994
2024-11-25,1.9800000190734863,2.119999885559082,1.9700000286102295,2.119999885559082,38775180
2024-11-26,2.119999885559082,2.1600000858306885,2.0799999237060547,2.0799999237060547,40845243
2024-11-27,2.0799999237060547,2.0999999046325684,2.0399999618530273,2.049999952316284,13048666
2024-11-28,2.049999952316284,2.0999999046325684,1.9900000095367432,2.0799999237060547,14187218
2024-12-01,2.0799999237060547,2.180000066757202,2.049999952316284,2.130000114440918,39871254
2024-12-02,2.130000114440918,2.3299999237060547,2.140000104904175,2.2799999713897705,73308555
2024-12-03,2.2799999713897705,2.430000066757202,2.259999990463257,2.4200000762939453,61411957
2024-12-04,2.4200000762939453,2.430000066757202,2.3299999237060547,2.3299999237060547,42967999
2024-12-05,2.3299999237060547,2.4600000381469727,2.309999942779541,2.4000000953674316,34722538
2024-12-08,2.4000000953674316,2.5299999713897705,2.4200000762939453,2.5,37501701
2024-12-09,2.5,2.5,2.4000000953674316,2.4100000858306885,18615559
2024-12-10,2.4100000858306885,2.509999990463257,2.369999885559082,2.4700000286102295,15794834
2024-12-11,2.4700000286102295,2.559999942779541,2.450000047683716,2.4800000190734863,59055994
2024-12-12,2.4800000190734863,2.5399999618530273,2.4700000286102295,2.4800000190734863,14191776
2024-12-15,2.4800000190734863,2.509999990463257,2.450000047683716,2.490000009536743,7463793
2024-12-16,2.490000009536743,2.569999933242798,2.4700000286102295,2.4800000190734863,27501563
2024-12-17,2.4800000190734863,2.5,2.4200000762939453,2.4200000762939453,10612472
2024-12-18,2.4200000762939453,2.4600000381469727,2.3299999237060547,2.3399999141693115,18512812
2024-12-19,2.3399999141693115,2.380000114440918,2.259999990463257,2.3499999046325684,25032124
2024-12-22,2.3499999046325684,2.4100000858306885,2.2899999618530273,2.299999952316284,19644009
2024-12-23,2.299999952316284,2.3299999237060547,2.2200000286102295,2.2300000190734863,11340632
2024-12-24,2.2300000190734863,2.390000104904175,2.2300000190734863,2.3499999046325684,29442923
2024-12-25,2.3499999046325684,2.440000057220459,2.3299999237060547,2.359999895095825,37778869
2024-12-26,2.359999895095825,2.380000114440918,2.3299999237060547,2.3399999141693115,7765371
2024-12-29,2.3399999141693115,2.3499999046325684,2.240000009536743,2.2699999809265137,27792910
2024-12-30,2.2699999809265137,2.299999952316284,2.1700000762939453,2.190000057220459,20541828
2024-12-31,2.190000057220459,2.2799999713897705,2.190000057220459,2.2699999809265137,17396502
2025-01-02,2.2699999809265137,2.380000114440918,2.2699999809265137,2.380000114440918,21241120
2025-01-05,2.380000114440918,2.5,2.359999895095825,2.5,36355836
2025-01-06,2.5,2.5199999809265137,2.4200000762939453,2.4600000381469727,29937204
2025-01-08,2.4600000381469727,2.5199999809265137,2.4200000762939453,2.430000066757202,20257312
2025-01-09,2.430000066757202,2.4600000381469727,2.369999885559082,2.369999885559082,32475486
2025-01-12,2.369999885559082,2.4100000858306885,2.309999942779541,2.369999885559082,20362536
2025-01-13,2.369999885559082,2.450000047683716,2.299999952316284,2.299999952316284,24779269
2025-01-14,2.299999952316284,2.3299999237060547,2.240000009536743,2.2899999618530273,25199539
2025-01-15,2.2899999618530273,2.4100000858306885,2.299999952316284,2.4100000858306885,27162355
2025-01-16,2.4100000858306885,2.6500000953674316,2.4200000762939453,2.5999999046325684,77832232
2025-01-19,2.4100000858306885,2.6500000953674316,2.4200000762939453,2.5899999141693115,114689273
2025-01-20,2.5399999618530273,2.569999933242798,2.4800000190734863,2.559999942779541,34677442
2025-01-21,2.559999942779541,2.6700000762939453,2.549999952316284,2.549999952316284,66619266
2025-01-22,2.549999952316284,2.5799999237060547,2.490000009536743,2.5,23655351
2025-01-23,2.5,2.569999933242798,2.4800000190734863,2.5299999713897705,17769310
2025-01-26,2.5299999713897705,2.569999933242798,2.509999990463257,2.5199999809265137,10004833
2025-01-27,2.5199999809265137,2.5299999713897705,2.450000047683716,2.450000047683716,15211156
2025-01-28,2.450000047683716,2.5,2.440000057220459,2.450000047683716,7604717
2025-01-29,2.450000047683716,2.5299999713897705,2.4600000381469727,2.4800000190734863,11733921
2025-01-30,2.4800000190734863,2.5299999713897705,2.490000009536743,2.5299999713897705,10356251
2025-02-02,2.5299999713897705,2.7100000381469727,2.5299999713897705,2.7100000381469727,71621976
2025-02-03,2.7100000381469727,2.7799999713897705,2.640000104904175,2.680000066757202,39119578
2025-02-04,2.680000066757202,2.7100000381469727,2.5899999141693115,2.630000114440918,18282744
2025-02-05,2.630000114440918,2.6700000762939453,2.5899999141693115,2.619999885559082,11408514
2025-02-06,2.619999885559082,2.75,2.630000114440918,2.700000047683716,27576536
2025-02-09,2.700000047683716,2.7699999809265137,2.6600000858306885,2.6700000762939453,15228867
2025-02-10,2.6700000762939453,2.690000057220459,2.619999885559082,2.640000104904175,12691294
2025-02-11,2.640000104904175,2.640000104904175,2.509999990463257,2.5199999809265137,14720495
2025-02-12,2.5199999809265137,2.5399999618530273,2.4200000762939453,2.509999990463257,10057724
2025-02-13,2.509999990463257,2.569999933242798,2.5,2.5,8778191
2025-02-16,2.5,2.609999895095825,2.5,2.549999952316284,31748178
2025-02-17,2.549999952316284,2.569999933242798,2.509999990463257,2.5199999809265137,11244703
2025-02-18,2.5199999809265137,2.5999999046325684,2.5199999809265137,2.569999933242798,25132384
2025-02-19,2.569999933242798,2.5999999046325684,2.5,2.5,22741354
2025-02-20,2.5,2.5299999713897705,2.450000047683716,2.4800000190734863,14632267
2025-02-23,2.4800000190734863,2.549999952316284,2.4700000286102295,2.5299999713897705,10120583
2025-02-24,2.5299999713897705,2.640000104904175,2.5299999713897705,2.5399999618530273,36978324
2025-02-25,2.5399999618530273,2.569999933242798,2.4800000190734863,2.509999990463257,13372051
2025-02-26,2.509999990463257,2.5399999618530273,2.490000009536743,2.5399999618530273,8644695
2025-02-27,2.5399999618530273,2.5399999618530273,2.4800000190734863,2.4800000190734863,7510691
2025-03-02,2.4800000190734863,2.569999933242798,2.490000009536743,2.569999933242798,15645703
2025-03-03,2.569999933242798,2.5999999046325684,2.5399999618530273,2.549999952316284,12606844
2025-03-04,2.549999952316284,2.6500000953674316,2.5399999618530273,2.640000104904175,35206692
2025-03-05,2.640000104904175,2.680000066757202,2.5999999046325684,2.5999999046325684,13751590
2025-03-06,2.5999999046325684,2.6500000953674316,2.559999942779541,2.5999999046325684,26223132
2025-03-09,2.5999999046325684,2.619999885559082,2.5,2.509999990463257,21238237
2025-03-10,2.509999990463257,2.559999942779541,2.5199999809265137,2.5399999618530273,8198615
2025-03-11,2.5399999618530273,2.5399999618530273,2.490000009536743,2.5199999809265137,12335972
2025-03-12,2.5199999809265137,2.7100000381469727,2.5299999713897705,2.6600000858306885,63142727
2025-03-13,2.6600000858306885,2.799999952316284,2.6600000858306885,2.700000047683716,54266068
2025-03-16,2.700000047683716,2.859999895095825,2.690000057220459,2.8299999237060547,39585219
2025-03-17,2.8299999237060547,2.9200000762939453,2.7699999809265137,2.7699999809265137,58800530
2025-03-18,2.7699999809265137,2.799999952316284,2.7200000286102295,2.740000009536743,9075378
2025-03-19,2.740000009536743,2.9000000953674316,2.740000009536743,2.799999952316284,30464919
2025-03-20,2.799999952316284,2.809999942779541,2.6700000762939453,2.700000047683716,32919117
2025-03-23,2.700000047683716,2.940000057220459,2.6700000762939453,2.680000066757202,12939637
2025-03-24,2.680000066757202,2.690000057220459,2.490000009536743,2.509999990463257,49143817
2025-03-25,2.509999990463257,2.549999952316284,2.4600000381469727,2.4600000381469727,28193282
2025-03-26,2.4600000381469727,2.549999952316284,2.4700000286102295,2.5399999618530273,16803154
2025-03-27,2.5399999618530273,2.559999942779541,2.509999990463257,2.5299999713897705,10448470
2025-04-03,2.5299999713897705,2.5799999237060547,2.4700000286102295,2.5799999237060547,14772030
2025-04-06,2.5799999237060547,2.6700000762939453,2.4600000381469727,2.609999895095825,34324483
2025-04-07,2.609999895095825,2.5799999237060547,2.490000009536743,2.549999952316284,27026417
2025-04-08,2.549999952316284,2.630000114440918,2.569999933242798,2.569999933242798,11419309
2025-04-09,2.569999933242798,2.609999895095825,2.5199999809265137,2.5199999809265137,12865862
2025-04-10,2.5199999809265137,2.6500000953674316,2.5299999713897705,2.5799999237060547,20350772
2025-04-13,2.5799999237060547,2.700000047683716,2.5899999141693115,2.640000104904175,31197990
2025-04-14,2.640000104904175,2.740000009536743,2.640000104904175,2.7200000286102295,26804576
2025-04-15,2.7200000286102295,2.799999952316284,2.700000047683716,2.75,35896766
2025-04-16,2.75,2.7899999618530273,2.6700000762939453,2.690000057220459,13094273
2025-04-17,2.690000057220459,2.700000047683716,2.640000104904175,2.700000047683716,7569168
2025-04-22,2.700000047683716,2.759999990463257,2.680000066757202,2.690000057220459,12477795
2025-04-23,2.690000057220459,2.7300000190734863,2.6700000762939453,2.680000066757202,9446272
2025-04-27,2.680000066757202,2.7100000381469727,2.6600000858306885,2.6600000858306885,17561929
2025-04-28,2.6600000858306885,2.690000057220459,2.619999885559082,2.619999885559082,15693221
2025-04-29,2.619999885559082,2.6700000762939453,2.5899999141693115,2.6600000858306885,22656395
2025-04-30,2.6600000858306885,2.700000047683716,2.5999999046325684,2.640000104904175,31299689
2025-05-04,2.640000104904175,2.6700000762939453,2.619999885559082,2.630000114440918,5900151
2025-05-05,2.630000114440918,2.6500000953674316,2.5999999046325684,2.609999895095825,14076328
2025-05-06,2.609999895095825,2.630000114440918,2.5899999141693115,2.5999999046325684,6634971
2025-05-07,2.5999999046325684,2.690000057220459,2.5199999809265137,2.549999952316284,30193081
2025-05-08,2.549999952316284,2.5799999237060547,2.5299999713897705,2.569999933242798,7500027
2025-05-11,2.569999933242798,2.5799999237060547,2.509999990463257,2.509999990463257,9804923
2025-05-12,2.509999990463257,2.5399999618530273,2.4600000381469727,2.4600000381469727,12218996
2025-05-13,2.4600000381469727,2.569999933242798,2.4700000286102295,2.5299999713897705,13892452
2025-05-14,2.5299999713897705,2.549999952316284,2.4700000286102295,2.5,11114450
2025-05-15,2.5,2.5199999809265137,2.4600000381469727,2.4800000190734863,6651491
2025-05-18,2.4800000190734863,2.5,2.450000047683716,2.4700000286102295,8987325
2025-05-19,2.4700000286102295,2.4800000190734863,2.4200000762939453,2.450000047683716,10249001
2025-05-20,2.450000047683716,2.5,2.430000066757202,2.5,8852822
2025-05-21,2.5,2.509999990463257,2.450000047683716,2.450000047683716,9659405
2025-05-22,2.450000047683716,2.4600000381469727,2.4200000762939453,2.440000057220459,8237318
2025-05-25,2.440000057220459,2.4700000286102295,2.440000057220459,2.450000047683716,5342660
2025-05-26,2.450000047683716,2.4700000286102295,2.4100000858306885,2.4200000762939453,7595712
2025-05-27,2.4200000762939453,2.5899999141693115,2.390000104904175,2.569999933242798,40403306
2025-05-28,2.569999933242798,2.5999999046325684,2.490000009536743,2.5199999809265137,44365199
2025-05-29,2.5199999809265137,2.5399999618530273,2.430000066757202,2.450000047683716,21242150
2025-06-01,2.450000047683716,2.4700000286102295,2.4000000953674316,2.4000000953674316,23309566
2025-06-02,2.4000000953674316,2.4100000858306885,2.3299999237060547,2.380000114440918,21015025
2025-06-03,2.380000114440918,2.450000047683716,2.369999885559082,2.430000066757202,15645105
2025-06-04,2.430000066757202,2.5199999809265137,2.430000066757202,2.4600000381469727,31757131
2025-06-10,2.4600000381469727,2.549999952316284,2.4700000286102295,2.490000009536743,30428923
2025-06-11,2.490000009536743,2.5799999237060547,2.490000009536743,2.559999942779541,35584069
2025-06-12,2.559999942779541,2.630000114440918,2.509999990463257,2.609999895095825,62415452
2025-06-15,2.609999895095825,2.5899999141693115,2.359999895095825,2.559999942779541,33164408
2025-06-16,2.559999942779541,2.5899999141693115,2.490000009536743,2.5299999713897705,14814315
2025-06-17,2.5299999713897705,2.680000066757202,2.5199999809265137,2.609999895095825,80904520
2025-06-18,2.609999895095825,2.6600000858306885,2.569999933242798,2.5799999237060547,38636033
2025-06-19,2.5799999237060547,2.619999885559082,2.5199999809265137,2.5199999809265137,17141083
2025-06-22,2.5199999809265137,2.700000047683716,2.450000047683716,2.680000066757202,49364423
2025-06-23,2.680000066757202,2.819999933242798,2.6700000762939453,2.799999952316284,65769565
2025-06-24,2.799999952316284,2.8399999141693115,2.7300000190734863,2.7699999809265137,54188701
2025-06-25,2.7699999809265137,2.8499999046325684,2.759999990463257,2.8399999141693115,26130171
2025-06-29,2.8399999141693115,2.930000066757202,2.819999933242798,2.869999885559082,38858195
2025-06-30,2.869999885559082,2.9200000762939453,2.819999933242798,2.880000114440918,23835977
2025-07-01,2.880000114440918,3.0999999046325684,2.9000000953674316,3.0399999618530273,75341110
2025-07-02,3.0399999618530273,3.0999999046325684,3.0299999713897705,3.0399999618530273,27845259
2025-07-06,3.0399999618530273,3.2899999618530273,3.069999933242798,3.25,61281774
2025-07-07,3.25,3.2699999809265137,3.1600000858306885,3.240000009536743,26276976
2025-07-09,3.240000009536743,3.2300000190734863,3.1500000953674316,3.2100000381469727,12756734
2025-07-10,3.2100000381469727,3.2200000286102295,3.1700000762939453,3.180000066757202,7170356
2025-07-13,3.180000066757202,3.2100000381469727,3.0999999046325684,3.109999895095825,5462214
2025-07-14,3.109999895095825,3.190000057220459,3.0199999809265137,3.140000104904175,12084823
2025-07-15,3.140000104904175,3.1700000762939453,3.109999895095825,3.130000114440918,10359218
2025-07-16,3.130000114440918,3.1700000762939453,3.0199999809265137,3.0299999713897705,18532666
2025-07-17,3.0299999713897705,3.109999895095825,3.0399999618530273,3.0999999046325684,16655923
2025-07-20,3.0999999046325684,3.2300000190734863,3.109999895095825,3.2300000190734863,25450153
2025-07-21,3.2300000190734863,3.299999952316284,3.1700000762939453,3.1700000762939453,19421948
2025-07-22,3.1700000762939453,3.190000057220459,3.0899999141693115,3.1500000953674316,7879966
2025-07-23,3.1500000953674316,3.1500000953674316,3.1500000953674316,3.1500000953674316,0
2025-07-27,3.130000114440918,3.1600000858306885,3.109999895095825,3.1500000953674316,3765558
2025-07-28,3.1500000953674316,3.3399999141693115,3.1500000953674316,3.240000009536743,67087051
2025-07-29,3.240000009536743,3.309999942779541,3.2300000190734863,3.2300000190734863,10936156
2025-07-30,3.2300000190734863,3.259999990463257,3.0,3.049999952316284,26332205
2025-07-31,3.049999952316284,3.0799999237060547,2.9800000190734863,3.0399999618530273,20226614
2025-08-03,3.0399999618530273,3.0399999618530273,3.0399999618530273,3.0399999618530273,0
2025-08-04,3.0399999618530273,3.0399999618530273,3.0399999618530273,3.0399999618530273,0
2025-08-05,3.0399999618530273,3.0399999618530273,3.0399999618530273,3.0399999618530273,0
2025-08-06,3.0399999618530273,3.0399999618530273,3.0399999618530273,3.0399999618530273,0
2025-08-07,3.0399999618530273,3.0399999618530273,3.0399999618530273,3.0399999618530273,0
2025-08-10,2.930000066757202,2.9600000381469727,2.9200000762939453,2.930000066757202,5002393
2025-08-11,2.930000066757202,2.950000047683716,2.890000104904175,2.9000000953674316,8473998
2025-08-12,2.9000000953674316,2.940000057220459,2.859999895095825,2.869999885559082,14674150
2025-08-13,2.869999885559082,2.890000104904175,2.809999942779541,2.809999942779541,9703812
2025-08-14,2.809999942779541,2.8299999237060547,2.75,2.799999952316284,10175112
2025-08-17,2.799999952316284,2.9200000762939453,2.809999942779541,2.9200000762939453,11735333
2025-08-18,2.9200000762939453,2.9600000381469727,2.869999885559082,2.869999885559082,11600584
2025-08-19,2.869999885559082,2.9000000953674316,2.8499999046325684,2.8499999046325684,7534587
2025-08-20,2.8499999046325684,2.9100000858306885,2.799999952316284,2.799999952316284,10891262
2025-08-21,2.799999952316284,2.8399999141693115,2.799999952316284,2.8299999237060547,5333179
2025-08-24,2.8299999237060547,2.9000000953674316,2.8299999237060547,2.859999895095825,20878593
2025-08-25,2.859999895095825,2.9000000953674316,2.8399999141693115,2.8499999046325684,5584572
2025-08-26,2.8499999046325684,2.859999895095825,2.6500000953674316,2.6500000953674316,30574061
2025-08-27,2.6500000953674316,2.690000057220459,2.5799999237060547,2.630000114440918,23245724
2025-08-28,2.630000114440918,2.6700000762939453,2.5,2.569999933242798,21961744
2025-08-31,2.569999933242798,2.619999885559082,2.5,2.5399999618530273,15048953
2025-09-01,2.5399999618530273,2.5899999141693115,2.5399999618530273,2.5799999237060547,7716549
2025-09-02,2.5799999237060547,2.7200000286102295,2.5899999141693115,2.690000057220459,24635275
2025-09-03,2.690000057220459,2.690000057220459,2.5899999141693115,2.619999885559082,10038613
2025-09-07,2.619999885559082,2.640000104904175,2.5,2.5199999809265137,23661991
2025-09-08,2.5199999809265137,2.5799999237060547,2.509999990463257,2.5199999809265137,6536339
2025-09-09,2.5199999809265137,2.549999952316284,2.430000066757202,2.4700000286102295,31877394
2025-09-10,2.4700000286102295,2.559999942779541,2.430000066757202,2.5299999713897705,38359881
2025-09-11,2.5299999713897705,2.569999933242798,2.5,2.5299999713897705,10305076
2025-09-14,2.5299999713897705,2.549999952316284,2.4600000381469727,2.4800000190734863,12011916
2025-09-15,2.4800000190734863,2.5,2.4200000762939453,2.4200000762939453,18794056
2025-09-16,2.4200000762939453,2.430000066757202,2.3299999237060547,2.369999885559082,30006981
2025-09-17,2.369999885559082,2.450000047683716,2.3499999046325684,2.4200000762939453,20016140
2025-09-18,2.4200000762939453,2.4700000286102295,2.4100000858306885,2.4700000286102295,13037126
2025-09-21,2.4700000286102295,2.5,2.4100000858306885,2.4200000762939453,9787333
2025-09-22,2.4200000762939453,2.440000057220459,2.369999885559082,2.4000000953674316,6545975
2025-09-23,2.4000000953674316,2.5299999713897705,2.4000000953674316,2.430000066757202,46164936
2025-09-24,2.430000066757202,2.4800000190734863,2.4200000762939453,2.4800000190734863,8388309
2025-09-25,2.4800000190734863,2.5199999809265137,2.450000047683716,2.4600000381469727,18341836
2025-09-28,2.4600000381469727,2.5199999809265137,2.4600000381469727,2.5199999809265137,32746081
2025-09-29,2.5199999809265137,2.549999952316284,2.5199999809265137,2.5299999713897705,15563557
2025-09-30,2.5299999713897705,2.5799999237060547,2.5399999618530273,2.559999942779541,16493476
2025-10-01,2.559999942779541,2.5999999046325684,2.5399999618530273,2.549999952316284,12174058
2025-10-02,2.549999952316284,2.569999933242798,2.5199999809265137,2.559999942779541,8127187
2025-10-05,2.559999942779541,2.609999895095825,2.559999942779541,2.569999933242798,14149665
2025-10-06,2.569999933242798,2.5899999141693115,2.5399999618530273,2.5399999618530273,13897004
2025-10-07,2.5399999618530273,2.549999952316284,2.490000009536743,2.5399999618530273,15017570
2025-10-08,2.5399999618530273,2.6600000858306885,2.5299999713897705,2.640000104904175,37209635
2025-10-12,2.640000104904175,2.700000047683716,2.609999895095825,2.680000066757202,20848285
2025-10-13,2.680000066757202,2.700000047683716,2.619999885559082,2.6600000858306885,22215401
2025-10-14,2.6600000858306885,2.680000066757202,2.5899999141693115,2.5899999141693115,16381356
2025-10-15,2.5899999141693115,2.6500000953674316,2.5899999141693115,2.619999885559082,14099686
2025-10-16,2.619999885559082,2.75,2.619999885559082,2.7300000190734863,42134628
2025-10-19,2.7300000190734863,2.7699999809265137,2.7100000381469727,2.740000009536743,16263623
2025-10-20,2.740000009536743,2.75,2.680000066757202,2.7300000190734863,10102136
2025-10-21,2.7300000190734863,2.740000009536743,2.680000066757202,2.7300000190734863,7464074
2025-10-22,2.7300000190734863,2.7300000190734863,2.700000047683716,2.7100000381469727,9979451
2025-10-23,2.7100000381469727,2.740000009536743,2.700000047683716,2.7100000381469727,4884456
2025-10-26,2.7100000381469727,2.799999952316284,2.7200000286102295,2.7899999618530273,18011882
2025-10-27,2.7899999618530273,2.809999942779541,2.759999990463257,2.759999990463257,6516105
2025-10-28,1.840000033378601,1.8600000143051147,1.8133330345153809,1.826665997505188,23896901
2025-10-29,1.826665997505188,1.8799999952316284,1.826665997505188,1.8600000143051147,31078331
2025-10-30,1.8600000143051147,1.9199999570846558,1.8600000143051147,1.9199999570846558,46437647
2025-11-02,1.9199999570846558,1.9333330392837524,1.8799999952316284,1.8933329582214355,18693019
2025-11-03,1.8933329582214355,1.9066660404205322,1.8666659593582153,1.9066660404205322,30144320
2025-11-04,1.9066660404205322,1.9466660022735596,1.899999976158142,1.9466660022735596,38258137
2025-11-05,1.9466660022735596,1.9600000381469727,1.8933329582214355,1.8933329582214355,33831083
2025-11-06,1.8930000066757202,2.049999952316284,1.840000033378601,1.9800000190734863,72335208
2025-11-09,1.9800000190734863,1.9900000095367432,1.9199999570846558,1.9299999475479126,30723657
2025-11-10,1.9299999475479126,1.9800000190734863,1.9299999475479126,1.9600000381469727,41285699
2025-11-11,1.9600000381469727,1.9800000190734863,1.8899999856948853,1.909999966621399,46050036
2025-11-12,1.909999966621399,1.9500000476837158,1.8799999952316284,1.8899999856948853,34426845
2025-11-13,1.8899999856948853,1.899999976158142,1.850000023841858,1.8799999952316284,30751316
2025-11-16,1.8799999952316284,1.9199999570846558,1.8600000143051147,1.8600000143051147,16461239
2025-11-17,1.8600000143051147,1.8799999952316284,1.850000023841858,1.8700000047683716,18226176
2025-11-18,1.8700000047683716,1.8799999952316284,1.8300000429153442,1.8300000429153442,8486290
2025-11-19,1.8300000429153442,1.840000033378601,1.7400000095367432,1.7799999713897705,41234925
2025-11-20,1.7799999713897705,1.8300000429153442,1.7599999904632568,1.8300000429153442,26893264
2025-11-23,1.8300000429153442,1.8300000429153442,1.75,1.75,26088609
2025-11-24,1.75,1.809999942779541,1.7300000190734863,1.7899999618530273,22480253
2025-11-25,1.7899999618530273,1.809999942779541,1.75,1.7599999904632568,12158583
2025-11-26,1.7599999904632568,1.7799999713897705,1.75,1.7599999904632568,9325396
2025-11-27,1.7599999904632568,1.7699999809265137,1.7300000190734863,1.75,9606074
2025-11-30,1.75,1.7599999904632568,1.7200000286102295,1.7300000190734863,12042161
2025-12-01,1.7300000190734863,1.7899999618530273,1.690000057220459,1.7799999713897705,38691031
2025-12-02,1.7799999713897705,1.8200000524520874,1.7699999809265137,1.7899999618530273,26086959
2025-12-03,1.7899999618530273,1.809999942779541,1.7699999809265137,1.7799999713897705,4630661
2025-12-04,1.7799999713897705,1.7899999618530273,1.7400000095367432,1.75,11063705
2025-12-07,1.75,1.7799999713897705,1.7400000095367432,1.7599999904632568,12110545
2025-12-08,1.7599999904632568,1.8799999952316284,1.7699999809265137,1.809999942779541,133902818
2025-12-09,1.809999942779541,1.850000023841858,1.7899999618530273,1.7999999523162842,35101649
2025-12-10,1.7999999523162842,1.8600000143051147,1.7999999523162842,1.8300000429153442,32381815
2025-12-11,1.8300000429153442,1.850000023841858,1.7999999523162842,1.809999942779541,19950081
2025-12-14,1.809999942779541,1.8300000429153442,1.7999999523162842,1.8200000524520874,11411661
2025-12-15,1.8200000524520874,1.8300000429153442,1.7999999523162842,1.8200000524520874,21262994
2025-12-16,1.8200000524520874,1.8300000429153442,1.7599999904632568,1.7699999809265137,32342484
2025-12-17,1.7699999809265137,1.7799999713897705,1.7300000190734863,1.7300000190734863,19952716
2025-12-18,1.7300000190734863,1.7599999904632568,1.7200000286102295,1.7300000190734863,27504776
2025-12-21,1.7300000190734863,1.75,1.7200000286102295,1.7300000190734863,16438026
2025-12-22,1.7300000190734863,1.7699999809265137,1.7300000190734863,1.7400000095367432,14159458
2025-12-23,1.7400000095367432,1.7599999904632568,1.7000000476837158,1.7200000286102295,23972750
2025-12-24,1.7200000286102295,1.7400000095367432,1.7100000381469727,1.7200000286102295,9554039
2025-12-25,1.7200000286102295,1.7300000190734863,1.7100000381469727,1.7300000190734863,8125348
2025-12-28,1.7300000190734863,1.7799999713897705,1.7200000286102295,1.7699999809265137,46606297
2025-12-29,1.7699999809265137,1.7899999618530273,1.7400000095367432,1.75,11909065
2025-12-30,1.75,1.7699999809265137,1.7400000095367432,1.75,14010809
2025-12-31,1.75,1.7799999713897705,1.75,1.7699999809265137,18562509
2026-01-04,1.7699999809265137,1.7799999713897705,1.7400000095367432,1.75,9939662
2026-01-05,1.75,1.7599999904632568,1.7100000381469727,1.7300000190734863,13168475
2026-01-06,1.7300000190734863,1.7400000095367432,1.7200000286102295,1.7400000095367432,4121505
2026-01-08,1.7400000095367432,1.7699999809265137,1.7300000190734863,1.7699999809265137,13000770
2026-01-11,1.7699999809265137,1.8200000524520874,1.7400000095367432,1.7699999809265137,92400075
2026-01-12,1.7699999809265137,1.7899999618530273,1.7400000095367432,1.75,21684931
2026-01-13,1.75,1.7599999904632568,1.7000000476837158,1.7200000286102295,28872950
2026-01-14,1.7200000286102295,1.7200000286102295,1.6200000047683716,1.659999966621399,20970020
2026-01-15,1.659999966621399,1.7100000381469727,1.6200000047683716,1.649999976158142,38138242
2026-01-18,1.649999976158142,1.7000000476837158,1.649999976158142,1.6699999570846558,8497759
2026-01-19,1.6699999570846558,1.7200000286102295,1.659999966621399,1.7100000381469727,30593192
2026-01-20,1.7100000381469727,1.7300000190734863,1.6799999475479126,1.690000057220459,10730300
2026-01-21,1.690000057220459,1.7000000476837158,1.6699999570846558,1.7000000476837158,10266279
2026-01-22,1.7000000476837158,1.7100000381469727,1.6799999475479126,1.6799999475479126,8814913
2026-01-25,1.6799999475479126,1.7000000476837158,1.659999966621399,1.6699999570846558,8898316
2026-01-26,1.6699999570846558,1.7200000286102295,1.659999966621399,1.7100000381469727,29552752
2026-01-27,1.7100000381469727,1.75,1.6799999475479126,1.690000057220459,44799362
2026-01-28,1.690000057220459,1.7100000381469727,1.6399999856948853,1.690000057220459,18922783
2026-02-01,1.690000057220459,1.7300000190734863,1.6699999570846558,1.7200000286102295,25495337
2026-02-02,1.7200000286102295,1.7300000190734863,1.7000000476837158,1.7100000381469727,5828038
2026-02-03,1.7100000381469727,1.7300000190734863,1.7000000476837158,1.7100000381469727,8788657
2026-02-04,1.7100000381469727,1.7599999904632568,1.7100000381469727,1.7400000095367432,18977624
2026-02-05,1.7400000095367432,1.7599999904632568,1.7200000286102295,1.75,20074065
2026-02-08,1.75,1.7599999904632568,1.7400000095367432,1.7599999904632568,8065538
2026-02-09,1.7599999904632568,1.7799999713897705,1.7599999904632568,1.7699999809265137,20340199
2026-02-10,1.7699999809265137,1.7799999713897705,1.7599999904632568,1.7699999809265137,6687478
2026-02-11,1.7699999809265137,1.7799999713897705,1.7000000476837158,1.7100000381469727,16555759
2026-02-12,1.7100000381469727,1.75,1.7000000476837158,1.75,7651574
2026-02-15,1.75,1.7599999904632568,1.7300000190734863,1.75,9565577
2026-02-16,1.75,1.7599999904632568,1.7300000190734863,1.7300000190734863,4833224
2026-02-17,1.7300000190734863,1.7400000095367432,1.7100000381469727,1.7200000286102295,7110087
2026-02-18,1.7200000286102295,1.7400000095367432,1.7100000381469727,1.7300000190734863,8097338
2026-02-19,1.7300000190734863,1.7400000095367432,1.6699999570846558,1.6799999475479126,15845835
2026-02-22,1.6799999475479126,1.7100000381469727,1.649999976158142,1.649999976158142,10463984
2026-02-23,1.649999976158142,1.6799999475479126,1.649999976158142,1.6699999570846558,4360932
2026-02-24,1.6699999570846558,1.690000057220459,1.659999966621399,1.6699999570846558,6271616
2026-02-25,1.6699999570846558,1.6799999475479126,1.600000023841858,1.6200000047683716,13011314
2026-02-26,1.6200000047683716,1.6299999952316284,1.600000023841858,1.6200000047683716,6690238
2026-03-01,1.6200000047683716,1.600000023841858,1.4500000476837158,1.5800000429153442,10906788
2026-03-02,1.5800000429153442,1.6200000047683716,1.5800000429153442,1.6100000143051147,3481736
2026-03-03,1.6100000143051147,1.6399999856948853,1.590000033378601,1.6399999856948853,13502594
2026-03-04,1.6399999856948853,1.7000000476837158,1.6399999856948853,1.6799999475479126,17702540
2026-03-05,1.6799999475479126,1.7200000286102295,1.6799999475479126,1.690000057220459,8897664
2026-03-08,1.690000057220459,1.7999999523162842,1.6799999475479126,1.7799999713897705,42719294
2026-03-09,1.7799999713897705,1.7999999523162842,1.7100000381469727,1.75,19094916
2026-03-10,1.75,1.8600000143051147,1.75,1.850000023841858,62700594
2026-03-11,1.850000023841858,1.8600000143051147,1.809999942779541,1.8200000524520874,26206405
2026-03-12,1.8200000524520874,1.8600000143051147,1.809999942779541,1.809999942779541,23289627
2026-03-15,1.809999942779541,1.8300000429153442,1.7699999809265137,1.7699999809265137,10941294
2026-03-16,1.7699999809265137,1.7899999618530273,1.7599999904632568,1.7799999713897705,7285323
2026-03-17,1.7799999713897705,1.8899999856948853,1.7699999809265137,1.850000023841858,46016934
2026-03-18,1.850000023841858,1.8600000143051147,1.7899999618530273,1.7999999523162842,18061574
2026-03-19,1.7999999523162842,1.7999999523162842,1.7999999523162842,1.7999999523162842,0
2026-03-24,1.7999999523162842,1.809999942779541,1.75,1.7699999809265137,42277918
2026-03-25,1.7699999809265137,1.7799999713897705,1.7300000190734863,1.7400000095367432,21538752
2026-03-26,1.7400000095367432,1.75,1.690000057220459,1.7000000476837158,28066743
2026-03-29,1.7000000476837158,1.7599999904632568,1.6699999570846558,1.7200000286102295,35140718
2026-03-30,1.7200000286102295,1.7999999523162842,1.7200000286102295,1.7300000190734863,56285957
2026-03-31,1.7300000190734863,1.7799999713897705,1.7300000190734863,1.7599999904632568,14194928
2026-04-01,1.7599999904632568,1.7999999523162842,1.7300000190734863,1.7599999904632568,13193321
2026-04-02,1.7599999904632568,1.7599999904632568,1.7400000095367432,1.75,8443390
2026-04-05,1.75,1.8200000524520874,1.7300000190734863,1.7999999523162842,39470578
2026-04-06,1.7999999523162842,1.9199999570846558,1.7899999618530273,1.8600000143051147,142092995
2026-04-07,1.8600000143051147,1.8799999952316284,1.8300000429153442,1.840000033378601,18050559
2026-04-08,1.840000033378601,1.909999966621399,1.8600000143051147,1.8700000047683716,24705377
2026-04-09,1.8700000047683716,2.0,1.8799999952316284,1.9900000095367432,97350119
2026-04-14,1.9900000095367432,2.0399999618530273,1.9500000476837158,1.9600000381469727,42979553
2026-04-15,1.9600000381469727,2.069999933242798,1.9299999475479126,2.0299999713897705,65626551
2026-04-16,2.0299999713897705,2.069999933242798,1.9900000095367432,2.009999990463257,40164056
2026-04-19,2.009999990463257,2.0199999809265137,1.9299999475479126,1.940000057220459,30756864
2026-04-20,1.940000057220459,1.9600000381469727,1.8899999856948853,1.9199999570846558,60571231
2026-04-21,1.9199999570846558,1.9500000476837158,1.8899999856948853,1.899999976158142,33742923
2026-04-22,1.899999976158142,1.9800000190734863,1.8899999856948853,1.9600000381469727,61701622
2026-04-23,1.9600000381469727,2.009999990463257,1.940000057220459,1.940000057220459,40988586
2026-04-26,1.940000057220459,2.0,1.940000057220459,2.0,33852668
2026-04-27,2.0,2.0999999046325684,2.0199999809265137,2.0999999046325684,83494487
2026-04-28,2.0999999046325684,2.0999999046325684,2.0299999713897705,2.0399999618530273,50096908
2026-04-29,2.0399999618530273,2.0799999237060547,2.009999990463257,2.0799999237060547,40103288
2026-04-30,2.0799999237060547,2.140000104904175,1.9600000381469727,2.0,118683226
2026-05-03,2.0,2.0199999809265137,1.9600000381469727,1.9700000286102295,45345922
2026-05-04,1.9700000286102295,1.9900000095367432,1.9199999570846558,1.9500000476837158,30344478
2026-05-05,1.9500000476837158,1.9700000286102295,1.899999976158142,1.940000057220459,33126208
2026-05-06,1.940000057220459,1.9700000286102295,1.899999976158142,1.909999966621399,61587733
2026-05-10,1.909999966621399,1.9800000190734863,1.9199999570846558,1.9700000286102295,49104511
2026-05-11,1.9700000286102295,1.9800000190734863,1.9299999475479126,1.940000057220459,29179437
2026-05-12,1.940000057220459,1.9600000381469727,1.9199999570846558,1.9199999570846558,21277689
2026-05-13,1.9199999570846558,1.940000057220459,1.909999966621399,1.9299999475479126,19331778
2026-05-14,1.9299999475479126,1.940000057220459,1.8899999856948853,1.8899999856948853,41340936
2026-05-17,1.8899999856948853,1.909999966621399,1.8600000143051147,1.8600000143051147,28457771
2026-05-18,1.8600000143051147,1.8899999856948853,1.850000023841858,1.850000023841858,17494368
2026-05-19,1.850000023841858,1.8799999952316284,1.75,1.850000023841858,43652159
2026-05-20,1.850000023841858,1.8799999952316284,1.7300000190734863,1.7300000190734863,106823334
2026-05-21,1.7300000190734863,1.7599999904632568,1.7100000381469727,1.7300000190734863,50380355
2026-05-24,1.7300000190734863,1.7699999809265137,1.7300000190734863,1.75,16851419
2026-05-25,1.75,1.7699999809265137,1.7400000095367432,1.75,17905259
2026-05-26,1.75,1.75,1.75,1.75,0
2026-05-27,1.75,1.75,1.75,1.75,0
2026-05-28,1.75,1.75,1.75,1.75,0
2026-06-01,1.75,1.7899999618530273,1.75,1.7799999713897705,19639307
2026-06-02,1.7799999713897705,1.840000033378601,1.7699999809265137,1.809999942779541,31904783
2026-06-03,1.809999942779541,1.8300000429153442,1.7999999523162842,1.8200000524520874,19307511
2026-06-04,1.8200000524520874,1.8799999952316284,1.7999999523162842,1.8600000143051147,39524701
2026-06-07,1.8600000143051147,1.8700000047683716,1.8300000429153442,1.8300000429153442,20824490
2026-06-08,1.8300000429153442,1.840000033378601,1.809999942779541,1.809999942779541,11453057
2026-06-09,1.809999942779541,1.840000033378601,1.8200000524520874,1.8200000524520874,9887858
2026-06-10,1.8200000524520874,1.8300000429153442,1.7699999809265137,1.7699999809265137,18521104
2026-06-11,1.7699999809265137,1.7899999618530273,1.7400000095367432,1.7400000095367432,11833174
2026-06-14,1.7400000095367432,1.7899999618530273,1.75,1.7799999713897705,15073365
2026-06-15,1.7799999713897705,1.840000033378601,1.7799999713897705,1.7999999523162842,31501645
2026-06-16,1.7999999523162842,1.8600000143051147,1.809999942779541,1.8600000143051147,35152897
2026-06-17,1.8600000143051147,1.8600000143051147,1.8600000143051147,1.8600000143051147,0
2026-06-18,1.8600000143051147,1.8600000143051147,1.8600000143051147,1.8600000143051147,0
2026-06-21,1.840000033378601,1.8600000143051147,1.8300000429153442,1.8300000429153442,17102609
2026-06-22,1.8300000429153442,1.8300000429153442,1.8300000429153442,1.8300000429153442,0
2026-06-23,1.8200000524520874,1.8300000429153442,1.7899999618530273,1.7999999523162842,12709529
2026-06-24,1.7999999523162842,1.8200000524520874,1.7599999904632568,1.7799999713897705,21502979
2026-06-25,1.7799999713897705,1.7899999618530273,1.7599999904632568,1.7599999904632568,10687972
2026-06-28,1.7599999904632568,1.7699999809265137,1.7100000381469727,1.7100000381469727,16571986
2026-06-29,1.7100000381469727,1.7300000190734863,1.7100000381469727,1.7200000286102295,7878802
2026-06-30,1.7200000286102295,1.75,1.7100000381469727,1.7300000190734863,9502994
2026-07-01,1.7300000190734863,1.75,1.7100000381469727,1.7300000190734863,13099217
2026-07-05,1.7300000190734863,1.75,1.7300000190734863,1.7400000095367432,8058075
2026-07-06,1.7400000095367432,1.7799999713897705,1.7400000095367432,1.7599999904632568,19810370
2026-07-07,1.7599999904632568,1.809999942779541,1.7599999904632568,1.7899999618530273,21810914
2026-07-08,1.7899999618530273,1.809999942779541,1.7799999713897705,1.7899999618530273,14029807
2026-07-09,1.7899999618530273,1.7999999523162842,1.7699999809265137,1.7799999713897705,6923391
2026-07-12,1.7799999713897705,1.7899999618530273,1.7699999809265137,1.7899999618530273,8432196
2026-07-13,1.7899999618530273,1.8600000143051147,1.809999942779541,1.850000023841858,44712245
2026-07-14,1.850000023841858,1.8899999856948853,1.8300000429153442,1.850000023841858,32447231
2026-07-15,1.850000023841858,1.8700000047683716,1.840000033378601,1.8700000047683716,15621639
2026-07-16,1.8700000047683716,1.9299999475479126,1.8600000143051147,1.9299999475479126,81525954
2026-07-19,1.9299999475479126,1.9700000286102295,1.9199999570846558,1.9500000476837158,70562868
2026-07-20,1.9500000476837158,1.9700000286102295,1.940000057220459,1.9700000286102295,39009254
2026-07-21,1.9700000286102295,2.0,1.9500000476837158,1.9900000095367432,65332086
2026-07-22,1.9900000095367432,2.0,1.9600000381469727,1.9600000381469727,23241610
2026-07-26,1.9600000381469727,1.9800000190734863,1.9199999570846558,1.9700000286102295,26154544
2026-07-27,1.9700000286102295,1.9800000190734863,1.9299999475479126,1.9600000381469727,20935693
2026-07-28,1.9600000381469727,1.9800000190734863,1.940000057220459,1.9800000190734863,31556363
2026-07-29,1.9800000190734863,2.0,1.940000057220459,1.9500000476837158,17687002
2026-07-30,1.9500000476837158,1.9600000381469727,1.8899999856948853,1.9500000476837158,25346536
2026-08-02,1.9500000476837158,2.0,1.940000057220459,1.9800000190734863,53495442
2026-08-03,1.9800000190734863,2.059999942779541,1.9700000286102295,2.049999952316284,112265751
2026-08-04,2.049999952316284,2.059999942779541,2.0199999809265137,2.0299999713897705,54513923
2026-08-05,2.0299999713897705,2.069999933242798,2.009999990463257,2.049999952316284,31356525
2026-08-06,2.049999952316284,2.119999885559082,2.0399999618530273,2.0999999046325684,56003489
