date,open,high,low,close,volume
2022-01-02,2.3550000190734863,2.422499895095825,2.3475000858306885,2.362499952316284,1246793
2022-01-03,2.362499952316284,2.4600000381469727,2.3550000190734863,2.384999990463257,3920694
2022-01-04,2.384999990463257,2.430000066757202,2.309999942779541,2.3550000190734863,2831231
2022-01-05,2.3550000190734863,2.4149999618530273,2.325000047683716,2.3550000190734863,1933947
2022-01-09,2.3550000190734863,2.3550000190734863,2.3550000190734863,2.3550000190734863,0
2022-01-10,2.325000047683716,2.369999885559082,2.2200000286102295,2.25,3644391
2022-01-11,2.25,2.2725000381469727,2.1449999809265137,2.1600000858306885,1943699
2022-01-12,2.1600000858306885,2.190000057220459,2.0250000953674316,2.055000066757202,2410305
2022-01-13,2.055000066757202,2.174999952316284,2.009999990463257,2.0999999046325684,3610895
2022-01-16,2.0999999046325684,2.1675000190734863,2.069999933242798,2.0999999046325684,2392650
2022-01-17,2.0999999046325684,2.1524999141693115,2.055000066757202,2.077500104904175,2170833
2022-01-18,2.077500104904175,2.1449999809265137,2.069999933242798,2.137500047683716,2521630
2022-01-19,2.137500047683716,2.1675000190734863,2.0850000381469727,2.115000009536743,1864214
2022-01-20,2.115000009536743,2.115000009536743,2.0625,2.077500104904175,1639601
2022-01-23,2.077500104904175,2.2125000953674316,2.0625,2.130000114440918,4767518
2022-01-24,2.130000114440918,2.174999952316284,2.0325000286102295,2.047499895095825,3099651
2022-01-25,2.047499895095825,2.122499942779541,2.0399999618530273,2.0625,2282667
2022-01-26,2.0625,2.1075000762939453,2.047499895095825,2.055000066757202,1173782
2022-01-30,2.055000066757202,2.077500104904175,1.9800000190734863,2.0174999237060547,1571545
2022-01-31,2.0174999237060547,2.069999933242798,1.9874999523162842,2.0250000953674316,2005842
2022-02-01,2.0250000953674316,2.0850000381469727,2.047499895095825,2.055000066757202,1501845
2022-02-02,2.055000066757202,2.0924999713897705,2.0250000953674316,2.0325000286102295,1265139
2022-02-03,2.0325000286102295,2.1075000762939453,2.0174999237060547,2.0850000381469727,2892051
2022-02-06,2.0850000381469727,2.1524999141693115,2.0625,2.137500047683716,2583374
2022-02-07,2.137500047683716,2.1600000858306885,2.0399999618530273,2.055000066757202,2220509
2022-02-08,2.055000066757202,2.0625,1.875,1.9574999809265137,5735789
2022-02-09,1.9574999809265137,1.9424999952316284,1.5674999952316284,1.6575000286102295,11283025
2022-02-10,1.6575000286102295,1.875,1.6575000286102295,1.7625000476837158,8057006
2022-02-13,1.7625000476837158,1.784999966621399,1.440000057220459,1.4700000286102295,7789353
2022-02-14,1.4700000286102295,1.5,1.3350000381469727,1.402500033378601,8736674
2022-02-15,1.402500033378601,1.5,1.125,1.125,38129911
2022-02-16,1.125,1.0950000286102295,0.9375,1.034999966621399,33968110
2022-02-17,1.034999966621399,1.0575000047683716,0.9300000071525574,1.0049999952316284,23151831
2022-02-20,1.0049999952316284,1.0844999551773071,0.9622499942779541,1.0567500591278076,20604309
2022-02-21,1.0567500591278076,1.0829999446868896,1.006500005722046,1.0245000123977661,15347223
2022-02-22,1.0245000123977661,1.0125000476837158,0.9607499837875366,0.999750018119812,14017237
2022-02-23,0.999750018119812,1.0080000162124634,0.9802500009536743,0.984749972820282,7040971
2022-02-24,0.984749972820282,0.9277499914169312,0.8107500076293945,0.8347499966621399,11975906
2022-02-27,0.8347499966621399,0.890999972820282,0.862500011920929,0.8700000047683716,7296893
2022-02-28,0.8700000047683716,0.8759999871253967,0.8385000228881836,0.8482499718666077,4710842
2022-03-01,0.8482499718666077,0.8654999732971191,0.840749979019165,0.8557500243186951,5027602
2022-03-02,0.8557500243186951,0.8774999976158142,0.8445000052452087,0.8587499856948853,5077382
2022-03-03,0.8587499856948853,0.8700000047683716,0.8512499928474426,0.8557500243186951,3716121
2022-03-06,0.8557500243186951,0.8587499856948853,0.8332499861717224,0.8370000123977661,4065375
2022-03-07,0.8370000123977661,0.8362500071525574,0.7507500052452087,0.768750011920929,6017007
2022-03-08,0.768750011920929,0.768750011920929,0.768750011920929,0.768750011920929,0
2022-03-09,0.8017500042915344,0.8565000295639038,0.8025000095367432,0.8302500247955322,6357826
2022-03-10,0.8302500247955322,0.8737499713897705,0.8174999952316284,0.8602499961853027,11966034
2022-03-13,0.8602499961853027,0.8849999904632568,0.8264999985694885,0.828000009059906,3652113
2022-03-14,0.828000009059906,0.828000009059906,0.8017500042915344,0.8017500042915344,2924506
2022-03-15,0.8017500042915344,0.8159999847412109,0.7620000243186951,0.765749990940094,5184765
2022-03-16,0.765749990940094,0.8062499761581421,0.7739999890327454,0.7979999780654907,2961301
2022-03-17,0.7979999780654907,0.812250018119812,0.7875000238418579,0.7927500009536743,3592289
2022-03-20,0.7927500009536743,0.8025000095367432,0.7799999713897705,0.7942500114440918,3163135
2022-03-21,0.7942500114440918,0.8445000052452087,0.7912499904632568,0.8212500214576721,5799689
2022-03-22,0.8212500214576721,0.8512499928474426,0.8227499723434448,0.8362500071525574,8945895
2022-03-23,0.8362500071525574,0.8362500071525574,0.8212500214576721,0.8272500038146973,2337406
2022-03-24,0.8272500038146973,0.8362500071525574,0.8032500147819519,0.8062499761581421,2947567
2022-03-27,0.8062499761581421,0.8174999952316284,0.7799999713897705,0.7837499976158142,1872389
2022-03-28,0.7837499976158142,0.7935000061988831,0.7132499814033508,0.7297499775886536,2697509
2022-03-29,0.7297499775886536,0.7387499809265137,0.6922500133514404,0.7162500023841858,3780345
2022-03-30,0.7162500023841858,0.731249988079071,0.6832500100135803,0.690750002861023,2827809
2022-03-31,0.690750002861023,0.7192500233650208,0.6675000190734863,0.6974999904632568,5151753
2022-04-03,0.6974999904632568,0.715499997138977,0.6930000185966492,0.6990000009536743,626158
2022-04-04,0.6990000009536743,0.7275000214576721,0.6974999904632568,0.7064999938011169,1958206
2022-04-05,0.7064999938011169,0.718500018119812,0.7012500166893005,0.7049999833106995,1063173
2022-04-06,0.7049999833106995,0.7132499814033508,0.6945000290870667,0.6990000009536743,1243286
2022-04-07,0.6990000009536743,0.7005000114440918,0.6787499785423279,0.6832500100135803,1571285
2022-04-10,0.6832500100135803,0.6862499713897705,0.6225000023841858,0.6322500109672546,2119418
2022-04-11,0.6322500109672546,0.6330000162124634,0.6075000166893005,0.6112499833106995,1978674
2022-04-12,0.6112499833106995,0.6262500286102295,0.6082500219345093,0.6134999990463257,1662638
2022-04-13,0.6134999990463257,0.6742500066757202,0.6037499904632568,0.6517500281333923,4506182
2022-04-14,0.6517500281333923,0.6524999737739563,0.6172500252723694,0.6284999847412109,1788650
2022-04-17,0.6284999847412109,0.6367499828338623,0.5774999856948853,0.581250011920929,3581473
2022-04-18,0.581250011920929,0.5962499976158142,0.5550000071525574,0.5647500157356262,5170489
2022-04-19,0.5647500157356262,0.5902500152587891,0.5625,0.5835000276565552,4041201
2022-04-20,0.5835000276565552,0.6299999952316284,0.5730000138282776,0.6157500147819519,8585649
2022-04-21,0.6157500147819519,0.7387499809265137,0.6495000123977661,0.7387499809265137,11691358
2022-04-26,0.7387499809265137,0.7837499976158142,0.7132499814033508,0.7365000247955322,8262383
2022-04-27,0.7365000247955322,0.7785000205039978,0.7275000214576721,0.7620000243186951,5763969
2022-04-28,0.7620000243186951,0.7875000238418579,0.7612500190734863,0.7770000100135803,5979178
2022-05-08,0.7770000100135803,0.8324999809265137,0.75,0.8242499828338623,8297057
2022-05-09,0.8242499828338623,0.8475000262260437,0.7950000166893005,0.8174999952316284,5346235
2022-05-10,0.8174999952316284,0.8399999737739563,0.7807499766349792,0.7875000238418579,11679631
2022-05-11,0.7875000238418579,0.8025000095367432,0.7664999961853027,0.7724999785423279,8328513
2022-05-12,0.7724999785423279,0.7680000066757202,0.7207499742507935,0.7282500267028809,7223923
2022-05-15,0.7282500267028809,0.7574999928474426,0.6899999976158142,0.6899999976158142,4802637
2022-05-16,0.6899999976158142,0.7327499985694885,0.6899999976158142,0.7260000109672546,3502041
2022-05-17,0.7260000109672546,0.7710000276565552,0.7275000214576721,0.7634999752044678,6351465
2022-05-18,0.7634999752044678,0.7852500081062317,0.7440000176429749,0.753000020980835,6791282
2022-05-19,0.753000020980835,0.7455000281333923,0.7124999761581421,0.7304999828338623,4281933
2022-05-22,0.7304999828338623,0.7627500295639038,0.7139999866485596,0.718500018119812,4094170
2022-05-23,0.718500018119812,0.7327499985694885,0.7042499780654907,0.7102500200271606,2965783
2022-05-24,0.7102500200271606,0.7229999899864197,0.6899999976158142,0.6945000290870667,3620845
2022-05-25,0.6945000290870667,0.6974999904632568,0.6337500214576721,0.6397500038146973,4438605
2022-05-26,0.6397500038146973,0.6524999737739563,0.6187499761581421,0.6232500076293945,4628890
2022-05-29,0.6232500076293945,0.6495000123977661,0.593999981880188,0.609000027179718,5595793
2022-05-30,0.609000027179718,0.6255000233650208,0.6000000238418579,0.6075000166893005,3520325
2022-05-31,0.6075000166893005,0.6480000019073486,0.6142500042915344,0.6292499899864197,5835273
2022-06-01,0.6292499899864197,0.6420000195503235,0.6075000166893005,0.6119999885559082,2374426
2022-06-02,0.6119999885559082,0.6359999775886536,0.6007500290870667,0.6240000128746033,3511122
2022-06-05,0.6240000128746033,0.6240000128746033,0.6240000128746033,0.6240000128746033,0
2022-06-06,0.6299999952316284,0.6412500143051147,0.6299999952316284,0.6337500214576721,2368006
2022-06-07,0.6337500214576721,0.6480000019073486,0.6299999952316284,0.6442499756813049,2461619
2022-06-08,0.6442499756813049,0.703499972820282,0.6502500176429749,0.6930000185966492,7365822
2022-06-09,0.6930000185966492,0.7020000219345093,0.6712499856948853,0.690750002861023,5183511
2022-06-12,0.690750002861023,0.7087500095367432,0.6765000224113464,0.6952499747276306,5969131
2022-06-13,0.6952499747276306,0.702750027179718,0.6809999942779541,0.6884999871253967,3626557
2022-06-14,0.6884999871253967,0.7455000281333923,0.6825000047683716,0.7379999756813049,9589202
2022-06-15,0.7379999756813049,0.7792500257492065,0.746999979019165,0.765749990940094,8535007
2022-06-16,0.765749990940094,0.7762500047683716,0.7484999895095825,0.7537500262260437,7902563
2022-06-19,0.7537500262260437,0.7582499980926514,0.7379999756813049,0.7432500123977661,4714131
2022-06-20,0.7432500123977661,0.7724999785423279,0.734250009059906,0.7590000033378601,4226394
2022-06-21,0.7590000033378601,0.8100000023841858,0.6127499938011169,0.7365000247955322,15209567
2022-06-22,0.7365000247955322,0.7477499842643738,0.6974999904632568,0.7102500200271606,7262759
2022-06-23,0.7102500200271606,0.7117499709129333,0.690750002861023,0.7064999938011169,2468294
2022-06-26,0.7064999938011169,0.7267500162124634,0.6922500133514404,0.6959999799728394,3876279
2022-06-27,0.6959999799728394,0.702750027179718,0.6637499928474426,0.6712499856948853,3313673
2022-06-28,0.6712499856948853,0.6884999871253967,0.6389999985694885,0.6585000157356262,2583069
2022-06-29,0.6585000157356262,0.6892499923706055,0.6660000085830688,0.6832500100135803,2406997
2022-07-03,0.6832500100135803,0.7080000042915344,0.675000011920929,0.6974999904632568,11112069
2022-07-04,0.6970000267028809,0.7369999885559082,0.6669999957084656,0.6769999861717224,4678519
2022-07-05,0.6769999861717224,0.6850000023841858,0.640999972820282,0.6800000071525574,3318364
2022-07-06,0.6800000071525574,0.6779999732971191,0.6549999713897705,0.6610000133514404,953203
2022-07-07,0.6610000133514404,0.699999988079071,0.6610000133514404,0.6930000185966492,3476219
2022-07-17,0.6930000185966492,0.7039999961853027,0.6800000071525574,0.6949999928474426,1891966
2022-07-18,0.6949999928474426,0.7099999785423279,0.6959999799728394,0.703000009059906,1568983
2022-07-19,0.703000009059906,0.7450000047683716,0.6909999847412109,0.7400000095367432,2759108
2022-07-20,0.7400000095367432,0.7590000033378601,0.7250000238418579,0.7319999933242798,1820814
2022-07-21,0.7319999933242798,0.7490000128746033,0.7269999980926514,0.7300000190734863,2902696
2022-07-24,0.7300000190734863,0.7369999885559082,0.7250000238418579,0.7310000061988831,3459507
2022-07-25,0.7310000061988831,0.8399999737739563,0.7319999933242798,0.8240000009536743,11498109
2022-07-26,0.8240000009536743,0.8669999837875366,0.8100000023841858,0.8519999980926514,4065130
2022-07-27,0.8519999980926514,0.8889999985694885,0.8119999766349792,0.8690000176429749,11633712
2022-07-28,0.8690000176429749,0.8939999938011169,0.8600000143051147,0.875,5344345
2022-07-31,0.875,0.8939999938011169,0.8529999852180481,0.875,3160007
2022-08-01,0.875,0.906000018119812,0.8420000076293945,0.8529999852180481,3558545
2022-08-02,0.8529999852180481,0.9160000085830688,0.8479999899864197,0.9010000228881836,6639744
2022-08-03,0.9010000228881836,0.9549999833106995,0.9210000038146973,0.9319999814033508,6682425
2022-08-04,0.9319999814033508,1.034999966621399,0.9210000038146973,0.9950000047683716,10148569
2022-08-07,0.9950000047683716,1.194000005722046,1.0199999809265137,1.194000005722046,11504577
2022-08-08,1.194000005722046,1.3700000047683716,1.2599999904632568,1.2879999876022339,16045751
2022-08-09,1.2879999876022339,1.3320000171661377,1.2230000495910645,1.2510000467300415,8246893
2022-08-10,1.2510000467300415,1.3270000219345093,1.2319999933242798,1.2799999713897705,7532584
2022-08-11,1.2799999713897705,1.3539999723434448,1.2699999809265137,1.3350000381469727,19516495
2022-08-14,1.3350000381469727,1.3899999856948853,1.284999966621399,1.3009999990463257,16559198
2022-08-15,1.3009999990463257,1.315000057220459,1.2309999465942383,1.246000051498413,8067179
2022-08-16,1.246000051498413,1.2970000505447388,1.2230000495910645,1.2300000190734863,10286336
2022-08-17,1.2300000190734863,1.2669999599456787,1.1619999408721924,1.187999963760376,10258767
2022-08-18,1.187999963760376,1.187999963760376,1.187999963760376,1.187999963760376,0
2022-08-21,1.2319999933242798,1.2680000066757202,1.190000057220459,1.2139999866485596,6065788
2022-08-22,1.2139999866485596,1.2430000305175781,1.190999984741211,1.2039999961853027,4652536
2022-08-23,1.2039999961853027,1.2039999961853027,1.2039999961853027,1.2039999961853027,0
2022-08-24,1.1629999876022339,1.1740000247955322,1.1169999837875366,1.1299999952316284,5583450
2022-08-25,1.1299999952316284,1.225000023841858,1.125,1.2200000286102295,9403194
2022-08-28,1.2200000286102295,1.2710000276565552,1.190000057220459,1.190000057220459,21396736
2022-08-29,1.190000057220459,1.2280000448226929,1.152999997138977,1.1690000295639038,10269152
2022-08-30,1.1690000295639038,1.184999942779541,1.1330000162124634,1.1339999437332153,7798849
2022-08-31,1.1339999437332153,1.1699999570846558,1.1330000162124634,1.1390000581741333,5324757
2022-09-01,1.1390000581741333,1.1549999713897705,1.0709999799728394,1.1150000095367432,6939904
2022-09-04,1.1150000095367432,1.1519999504089355,1.0770000219345093,1.1480000019073486,8666120
2022-09-05,1.1480000019073486,1.1799999475479126,1.1399999856948853,1.1549999713897705,5850700
2022-09-06,1.1549999713897705,1.1920000314712524,1.1579999923706055,1.1610000133514404,7760823
2022-09-07,1.1610000133514404,1.1799999475479126,1.1360000371932983,1.1419999599456787,6960663
2022-09-08,1.1419999599456787,1.2050000429153442,1.1339999437332153,1.1469999551773071,27007328
2022-09-11,1.1469999551773071,1.1829999685287476,1.1449999809265137,1.1480000019073486,6728971
2022-09-12,1.1480000019073486,1.1720000505447388,1.1330000162124634,1.1390000581741333,4973996
2022-09-13,1.1390000581741333,1.1399999856948853,1.1100000143051147,1.1230000257492065,6740260
2022-09-14,1.1230000257492065,1.128000020980835,1.0800000429153442,1.093000054359436,8379598
2022-09-15,1.093000054359436,1.1169999837875366,1.0740000009536743,1.0989999771118164,4543702
2022-09-18,1.0989999771118164,1.1059999465942383,0.9599999785423279,0.9829999804496765,5860550
2022-09-19,0.9829999804496765,1.0460000038146973,0.9520000219345093,1.0369999408721924,6046083
2022-09-20,1.0369999408721924,1.0499999523162842,0.9810000061988831,1.0390000343322754,5482923
2022-09-21,1.0390000343322754,1.0950000286102295,1.0460000038146973,1.0859999656677246,9297288
2022-09-22,1.0859999656677246,1.1089999675750732,1.0509999990463257,1.0759999752044678,3720326
2022-09-25,1.0759999752044678,1.093999981880188,1.059999942779541,1.0789999961853027,2706695
2022-09-26,1.0789999961853027,1.121999979019165,1.0829999446868896,1.1130000352859497,5511128
2022-09-27,1.1130000352859497,1.1549999713897705,1.1200000047683716,1.1319999694824219,9049041
2022-09-28,1.1319999694824219,1.1440000534057617,1.0809999704360962,1.090000033378601,6005136
2022-09-29,1.090000033378601,1.1369999647140503,1.090000033378601,1.100000023841858,3975309
2022-10-02,1.100000023841858,1.1130000352859497,1.065000057220459,1.0700000524520874,2880297
2022-10-03,1.0700000524520874,1.0880000591278076,1.031999945640564,1.0360000133514404,4184926
2022-10-04,1.0360000133514404,1.121999979019165,1.0549999475479126,1.090999960899353,6308036
2022-10-05,1.090999960899353,1.1119999885559082,1.0720000267028809,1.0779999494552612,3330819
2022-10-09,1.0779999494552612,1.0820000171661377,1.0509999990463257,1.0640000104904175,3383056
2022-10-10,1.0640000104904175,1.090000033378601,1.0549999475479126,1.0750000476837158,4314566
2022-10-11,1.0750000476837158,1.0740000009536743,1.0399999618530273,1.0509999990463257,3922197
2022-10-12,1.0509999990463257,1.0570000410079956,1.0240000486373901,1.0390000343322754,1967343
2022-10-13,1.0390000343322754,1.065000057220459,1.0299999713897705,1.0399999618530273,3728659
2022-10-16,1.0399999618530273,1.0800000429153442,1.0499999523162842,1.059999942779541,2883074
2022-10-17,1.059999942779541,1.0870000123977661,1.0520000457763672,1.0789999961853027,2518624
2022-10-18,1.0789999961853027,1.100000023841858,1.0779999494552612,1.0880000591278076,3812974
2022-10-19,1.0880000591278076,1.1069999933242798,1.062000036239624,1.0720000267028809,3138473
2022-10-20,1.0720000267028809,1.0850000381469727,1.0499999523162842,1.065000057220459,2923843
2022-10-23,1.065000057220459,1.0850000381469727,1.059999942779541,1.0700000524520874,1765567
2022-10-24,1.0700000524520874,1.0880000591278076,1.065000057220459,1.0720000267028809,2440085
2022-10-25,1.0720000267028809,1.065999984741211,1.0549999475479126,1.0570000410079956,1853576
2022-10-26,1.0570000410079956,1.0570000410079956,1.0570000410079956,1.0570000410079956,0
2022-10-27,1.065000057220459,1.100000023841858,1.0570000410079956,1.062000036239624,3991016
2022-10-30,1.062000036239624,1.0789999961853027,1.0299999713897705,1.031999945640564,3962174
2022-10-31,1.031999945640564,1.0579999685287476,1.0130000114440918,1.0490000247955322,2266259
2022-11-01,1.0490000247955322,1.0700000524520874,1.0470000505447388,1.0540000200271606,2051612
2022-11-02,1.0540000200271606,1.0679999589920044,1.031000018119812,1.034999966621399,1568533
2022-11-03,1.034999966621399,1.0460000038146973,1.0110000371932983,1.0199999809265137,2340269
2022-11-06,1.0199999809265137,1.027999997138977,0.9990000128746033,1.0010000467300415,1320431
2022-11-07,1.0010000467300415,1.0180000066757202,0.9900000095367432,1.0069999694824219,1240696
2022-11-08,1.0069999694824219,1.100000023841858,1.003000020980835,1.0490000247955322,9749423
2022-11-09,1.0490000247955322,1.0850000381469727,1.0369999408721924,1.0420000553131104,3733745
2022-11-10,1.0420000553131104,1.0889999866485596,1.0449999570846558,1.0609999895095825,4704214
2022-11-13,1.0609999895095825,1.1399999856948853,1.0720000267028809,1.1360000371932983,10408148
2022-11-14,1.1360000371932983,1.1419999599456787,1.093999981880188,1.1100000143051147,8562690
2022-11-15,1.1100000143051147,1.1480000019073486,1.100000023841858,1.1119999885559082,8102371
2022-11-16,1.1119999885559082,1.1299999952316284,1.1089999675750732,1.1150000095367432,4665168
2022-11-17,1.1150000095367432,1.1549999713897705,1.1260000467300415,1.1349999904632568,10533166
2022-11-20,1.1349999904632568,1.152999997138977,1.1160000562667847,1.1239999532699585,5607103
2022-11-21,1.1239999532699585,1.1319999694824219,1.1030000448226929,1.1130000352859497,4791073
2022-11-22,1.1130000352859497,1.1200000047683716,1.1030000448226929,1.1109999418258667,3238318
2022-11-23,1.1109999418258667,1.184000015258789,1.1150000095367432,1.1710000038146973,17157473
2022-11-24,1.1710000038146973,1.1829999685287476,1.1540000438690186,1.1579999923706055,9206629
2022-11-27,1.1579999923706055,1.1799999475479126,1.156000018119812,1.1649999618530273,7222730
2022-11-28,1.1649999618530273,1.187000036239624,1.156000018119812,1.1740000247955322,7934100
2022-11-29,1.1740000247955322,1.2100000381469727,1.1679999828338623,1.194000005722046,7445752
2022-11-30,1.194000005722046,1.2430000305175781,1.1920000314712524,1.2400000095367432,12387662
2022-12-01,1.2400000095367432,1.2799999713897705,1.2419999837875366,1.2640000581741333,8065894
2022-12-04,1.2640000581741333,1.277999997138977,1.2350000143051147,1.253999948501587,9520138
2022-12-05,1.253999948501587,1.25,1.1699999570846558,1.1779999732971191,11384473
2022-12-06,1.1779999732971191,1.2599999904632568,1.1660000085830688,1.2599999904632568,11357875
2022-12-07,1.2599999904632568,1.3569999933242798,1.2599999904632568,1.3309999704360962,15540610
2022-12-08,1.3309999704360962,1.3600000143051147,1.3020000457763672,1.3320000171661377,9699749
2022-12-11,1.3320000171661377,1.3799999952316284,1.3300000429153442,1.3389999866485596,7309260
2022-12-12,1.3389999866485596,1.340000033378601,1.281999945640564,1.3270000219345093,3542620
2022-12-13,1.3270000219345093,1.3600000143051147,1.3029999732971191,1.3329999446868896,5135831
2022-12-14,1.3329999446868896,1.378000020980835,1.3209999799728394,1.3359999656677246,11862769
2022-12-15,1.3359999656677246,1.350000023841858,1.2630000114440918,1.277999997138977,7939090
2022-12-18,1.277999997138977,1.3229999542236328,1.25,1.2899999618530273,7630095
2022-12-19,1.2899999618530273,1.2999999523162842,1.2400000095367432,1.2660000324249268,3756084
2022-12-20,1.2660000324249268,1.3079999685287476,1.2599999904632568,1.2899999618530273,4430210
2022-12-21,1.2899999618530273,1.281999945640564,1.2430000305175781,1.2569999694824219,1514759
2022-12-22,1.2569999694824219,1.2699999809265137,1.2100000381469727,1.218000054359436,2780562
2022-12-25,1.218000054359436,1.218999981880188,1.149999976158142,1.187999963760376,2269814
2022-12-26,1.187999963760376,1.2079999446868896,1.1690000295639038,1.194000005722046,741668
2022-12-27,1.194000005722046,1.2170000076293945,1.1740000247955322,1.1779999732971191,1055020
2022-12-28,1.1779999732971191,1.225000023841858,1.1799999475479126,1.2100000381469727,977392
2022-12-29,1.2100000381469727,1.25,1.2139999866485596,1.2410000562667847,2360757
2023-01-02,1.2410000562667847,1.2999999523162842,1.25,1.2860000133514404,2955252
2023-01-03,1.2860000133514404,1.3300000429153442,1.281999945640564,1.3300000429153442,5764680
2023-01-04,1.3300000429153442,1.350000023841858,1.2510000467300415,1.2940000295639038,6717339
2023-01-05,1.2940000295639038,1.3289999961853027,1.2649999856948853,1.2760000228881836,3136887
2023-01-09,1.2760000228881836,1.3029999732971191,1.2300000190734863,1.25600004196167,2069143
2023-01-10,1.25600004196167,1.2699999809265137,1.180999994277954,1.1890000104904175,2380171
2023-01-11,1.1890000104904175,1.2589999437332153,1.1710000038146973,1.184000015258789,4404526
2023-01-12,1.184000015258789,1.1950000524520874,1.1399999856948853,1.1679999828338623,1145140
2023-01-15,1.1679999828338623,1.190000057220459,1.159999966621399,1.1710000038146973,1400366
2023-01-16,1.1710000038146973,1.2120000123977661,1.1619999408721924,1.184999942779541,1636479
2023-01-17,1.184999942779541,1.218999981880188,1.1799999475479126,1.2039999961853027,2175535
2023-01-18,1.2039999961853027,1.25,1.2130000591278076,1.2230000495910645,3647416
2023-01-19,1.2230000495910645,1.246000051498413,1.2109999656677246,1.218000054359436,2076996
2023-01-22,1.218000054359436,1.2400000095367432,1.190999984741211,1.1950000524520874,3717127
2023-01-23,1.1950000524520874,1.2039999961853027,1.1619999408721924,1.1640000343322754,2429469
2023-01-24,1.1640000343322754,1.184999942779541,1.159999966621399,1.1729999780654907,3601903
2023-01-25,1.1729999780654907,1.184999942779541,1.1649999618530273,1.1679999828338623,2383488
2023-01-29,1.1679999828338623,1.225000023841858,1.1579999923706055,1.2100000381469727,9918956
2023-01-30,1.2100000381469727,1.2350000143051147,1.159999966621399,1.1720000505447388,5290976
2023-01-31,1.1720000505447388,1.1770000457763672,1.125,1.1299999952316284,2695899
2023-02-01,1.1299999952316284,1.1319999694824219,1.0800000429153442,1.0959999561309814,2156148
2023-02-02,1.0959999561309814,1.1130000352859497,1.0299999713897705,1.0410000085830688,2333000
2023-02-05,1.0410000085830688,1.0700000524520874,1.0,1.0269999504089355,3215989
2023-02-06,1.0269999504089355,1.0729999542236328,1.0230000019073486,1.034000039100647,3248109
2023-02-07,1.034000039100647,1.0700000524520874,1.031000018119812,1.0429999828338623,2301187
2023-02-08,1.0429999828338623,1.090000033378601,1.0420000553131104,1.0509999990463257,4273293
2023-02-09,1.0509999990463257,1.0740000009536743,1.0499999523162842,1.069000005722046,1670498
2023-02-12,1.069000005722046,1.0800000429153442,1.0499999523162842,1.0609999895095825,2796139
2023-02-13,1.0609999895095825,1.0789999961853027,1.0499999523162842,1.0549999475479126,2261551
2023-02-14,1.0549999475479126,1.0700000524520874,1.0509999990463257,1.055999994277954,2258629
2023-02-15,1.055999994277954,1.097000002861023,1.062000036239624,1.090000033378601,5531334
2023-02-16,1.090000033378601,1.1130000352859497,1.0720000267028809,1.0740000009536743,4272622
2023-02-19,1.0740000009536743,1.0870000123977661,1.0609999895095825,1.065999984741211,2235710
2023-02-20,1.065999984741211,1.0750000476837158,1.0299999713897705,1.034999966621399,1852114
2023-02-21,1.034999966621399,1.0679999589920044,1.0180000066757202,1.0540000200271606,3694806
2023-02-22,1.0540000200271606,1.0770000219345093,1.0299999713897705,1.0360000133514404,4229607
2023-02-23,1.0360000133514404,1.0499999523162842,1.0169999599456787,1.034999966621399,2093627
2023-02-26,1.034999966621399,1.0750000476837158,1.0199999809265137,1.055999994277954,4580532
2023-02-27,1.055999994277954,1.0679999589920044,1.0379999876022339,1.0399999618530273,2222493
2023-02-28,1.0399999618530273,1.0540000200271606,1.024999976158142,1.034000039100647,1813525
2023-03-01,1.034000039100647,1.062000036239624,1.0410000085830688,1.0470000505447388,2197267
2023-03-02,1.0470000505447388,1.0609999895095825,1.031000018119812,1.0379999876022339,1668578
2023-03-05,1.0379999876022339,1.0499999523162842,1.0299999713897705,1.034000039100647,1156347
2023-03-06,1.034000039100647,1.0670000314712524,1.0299999713897705,1.034999966621399,2775276
2023-03-07,1.034999966621399,1.0499999523162842,1.0099999904632568,1.0140000581741333,3196246
2023-03-08,1.0140000581741333,1.0240000486373901,1.0,1.00600004196167,1694501
2023-03-09,1.00600004196167,1.024999976158142,1.0,1.0180000066757202,1872665
2023-03-12,1.0180000066757202,1.024999976158142,0.9879999756813049,1.0,2375803
2023-03-13,1.0,1.0119999647140503,0.949999988079071,0.9629999995231628,7369704
2023-03-14,0.9629999995231628,0.9779999852180481,0.9139999747276306,0.9599999785423279,2473668
2023-03-15,0.9599999785423279,0.9959999918937683,0.7680000066757202,0.8009999990463257,6909207
2023-03-16,0.8009999990463257,0.8600000143051147,0.7400000095367432,0.8069999814033508,4006513
2023-03-19,0.8069999814033508,0.8209999799728394,0.7699999809265137,0.8080000281333923,4446195
2023-03-20,0.8080000281333923,0.8450000286102295,0.800000011920929,0.8289999961853027,2582846
2023-03-21,0.8289999961853027,0.8550000190734863,0.8299999833106995,0.8529999852180481,1792178
2023-03-22,0.8529999852180481,0.8899999856948853,0.8410000205039978,0.843999981880188,2872649
2023-03-23,0.843999981880188,0.8899999856948853,0.8399999737739563,0.8659999966621399,2779489
2023-03-26,0.8659999966621399,0.8960000276565552,0.8619999885559082,0.8820000290870667,1602735
2023-03-27,0.8820000290870667,0.8899999856948853,0.8610000014305115,0.8659999966621399,950547
2023-03-28,0.8659999966621399,0.8790000081062317,0.8450000286102295,0.8640000224113464,685114
2023-03-29,0.8640000224113464,0.8849999904632568,0.8600000143051147,0.8619999885559082,774155
2023-03-30,0.8619999885559082,0.871999979019165,0.8389999866485596,0.8420000076293945,927874
2023-04-02,0.8420000076293945,0.8629999756813049,0.8450000286102295,0.8420000076293945,185275
2023-04-03,0.8420000076293945,0.8740000128746033,0.8579999804496765,0.8690000176429749,963282
2023-04-04,0.8690000176429749,0.9200000166893005,0.8700000047683716,0.9039999842643738,3807558
2023-04-05,0.9039999842643738,0.9399999976158142,0.8949999809265137,0.9049999713897705,2655912
2023-04-06,0.9049999713897705,0.925000011920929,0.8849999904632568,0.890999972820282,1695177
2023-04-09,0.890999972820282,0.8999999761581421,0.8619999885559082,0.8700000047683716,1384017
2023-04-10,0.8700000047683716,0.8820000290870667,0.8690000176429749,0.8799999952316284,870121
2023-04-11,0.8799999952316284,0.8999999761581421,0.8759999871253967,0.8920000195503235,1220211
2023-04-12,0.8920000195503235,0.902999997138977,0.8799999952316284,0.8920000195503235,768827
2023-04-13,0.8920000195503235,0.949999988079071,0.8830000162124634,0.949999988079071,4389815
2023-04-18,0.949999988079071,1.0099999904632568,0.9539999961853027,0.996999979019165,5590251
2023-04-19,0.996999979019165,1.059999942779541,0.9829999804496765,1.0460000038146973,38921078
2023-04-26,1.0460000038146973,1.0950000286102295,1.003000020980835,1.0329999923706055,3285702
2023-04-27,1.0329999923706055,1.0889999866485596,1.0299999713897705,1.0499999523162842,4392766
2023-04-30,1.0499999523162842,1.0720000267028809,0.9950000047683716,1.0110000371932983,4833500
2023-05-01,1.0110000371932983,1.0110000371932983,1.0110000371932983,1.0110000371932983,0
2023-05-02,0.9700000286102295,0.9900000095367432,0.9549999833106995,0.9700000286102295,1331791
2023-05-03,0.9700000286102295,0.9829999804496765,0.9520000219345093,0.968999981880188,789735
2023-05-07,0.968999981880188,1.0299999713897705,0.9380000233650208,1.0240000486373901,4143832
2023-05-08,1.0240000486373901,1.0449999570846558,1.0,1.0199999809265137,3075264
2023-05-09,1.0199999809265137,1.034999966621399,0.9850000143051147,0.9980000257492065,2499673
2023-05-10,0.9980000257492065,1.0240000486373901,0.9599999785423279,1.0,3455466
2023-05-11,1.0,1.0290000438690186,1.0,1.0069999694824219,3150688
2023-05-14,1.0069999694824219,1.0379999876022339,1.0,1.0230000019073486,3259322
2023-05-15,1.0230000019073486,1.034999966621399,0.9829999804496765,0.9919999837875366,1551277
2023-05-16,0.9919999837875366,0.9900000095367432,0.9559999704360962,0.9629999995231628,1818491
2023-05-17,0.9629999995231628,0.9869999885559082,0.9210000038146973,0.9259999990463257,2057497
2023-05-18,0.9259999990463257,0.9399999976158142,0.8989999890327454,0.9089999794960022,1074015
2023-05-21,0.9089999794960022,0.949999988079071,0.9200000166893005,0.9459999799728394,1047885
2023-05-22,0.9459999799728394,0.9779999852180481,0.9440000057220459,0.9480000138282776,2245380
2023-05-23,0.9480000138282776,1.0490000247955322,0.9670000076293945,1.0369999408721924,9644080
2023-05-24,1.0369999408721924,1.1050000190734863,1.0520000457763672,1.0549999475479126,13324494
2023-05-25,1.0549999475479126,1.0950000286102295,1.0499999523162842,1.0859999656677246,5355345
2023-05-28,1.0859999656677246,1.2799999713897705,1.0950000286102295,1.25,24105255
2023-05-29,1.25,1.2690000534057617,1.1749999523162842,1.218999981880188,10493370
2023-05-30,1.218999981880188,1.25,1.190000057220459,1.2039999961853027,6930785
2023-05-31,1.2039999961853027,1.218999981880188,1.149999976158142,1.1820000410079956,6062739
2023-06-01,1.1820000410079956,1.2300000190734863,1.1799999475479126,1.190999984741211,4065947
2023-06-04,1.190999984741211,1.2139999866485596,1.180999994277954,1.1820000410079956,3058455
2023-06-05,1.1820000410079956,1.2690000534057617,1.190999984741211,1.2549999952316284,12552571
2023-06-06,1.2549999952316284,1.25,1.2200000286102295,1.2200000286102295,5124311
2023-06-07,1.2200000286102295,1.2330000400543213,1.1319999694824219,1.1419999599456787,18188618
2023-06-08,1.1419999599456787,1.1649999618530273,1.1150000095367432,1.11899995803833,4829951
2023-06-11,1.11899995803833,1.1399999856948853,1.1050000190734863,1.1100000143051147,3916781
2023-06-12,1.1100000143051147,1.1679999828338623,1.100000023841858,1.1419999599456787,5237514
2023-06-13,1.1419999599456787,1.159000039100647,1.1009999513626099,1.1069999933242798,4684595
2023-06-14,1.1069999933242798,1.1699999570846558,1.100000023841858,1.1390000581741333,6798733
2023-06-15,1.1390000581741333,1.159999966621399,1.1139999628067017,1.1180000305175781,3894236
2023-06-18,1.1180000305175781,1.1419999599456787,1.1180000305175781,1.125,4212028
2023-06-19,1.125,1.1460000276565552,1.0800000429153442,1.0950000286102295,9456455
2023-06-20,1.0950000286102295,1.1130000352859497,1.0540000200271606,1.0549999475479126,34390530
2023-06-21,1.0549999475479126,1.0679999589920044,1.0199999809265137,1.0219999551773071,13211996
2023-06-22,1.0219999551773071,1.0360000133514404,1.0099999904632568,1.024999976158142,4581377
2023-06-25,1.024999976158142,1.0390000343322754,0.9909999966621399,0.996999979019165,5494389
2023-06-26,0.996999979019165,1.0089999437332153,0.9850000143051147,0.9990000128746033,4794861
2023-07-04,0.9990000128746033,1.0099999904632568,0.9900000095367432,0.9900000095367432,3325098
2023-07-05,0.9900000095367432,0.9929999709129333,0.9649999737739563,0.9700000286102295,2963012
2023-07-06,0.9700000286102295,0.984000027179718,0.949999988079071,0.9559999704360962,2820626
2023-07-09,0.9559999704360962,0.9599999785423279,0.8899999856948853,0.8949999809265137,4060931
2023-07-10,0.8949999809265137,0.9139999747276306,0.8799999952316284,0.9070000052452087,3952686
2023-07-11,0.9070000052452087,0.9470000267028809,0.9100000262260437,0.9300000071525574,8188568
2023-07-12,0.9300000071525574,0.9409999847412109,0.9129999876022339,0.9150000214576721,5438508
2023-07-13,0.9150000214576721,0.9229999780654907,0.8930000066757202,0.8980000019073486,8609831
2023-07-16,0.8980000019073486,0.9139999747276306,0.8809999823570251,0.8939999938011169,2823870
2023-07-17,0.8939999938011169,0.906000018119812,0.8790000081062317,0.890999972820282,5408202
2023-07-18,0.890999972820282,0.9259999990463257,0.8949999809265137,0.921999990940094,5057834
2023-07-19,0.921999990940094,0.921999990940094,0.921999990940094,0.921999990940094,0
2023-07-24,0.9120000004768372,0.925000011920929,0.9049999713897705,0.9100000262260437,2116128
2023-07-25,0.9100000262260437,0.9169999957084656,0.902999997138977,0.9070000052452087,1288161
2023-07-26,0.9070000052452087,0.9089999794960022,0.8799999952316284,0.9010000228881836,4087092
2023-07-27,0.9010000228881836,0.9259999990463257,0.8930000066757202,0.925000011920929,6771765
2023-07-30,0.925000011920929,0.9850000143051147,0.925000011920929,0.9480000138282776,13114094
2023-07-31,0.9480000138282776,0.9649999737739563,0.9319999814033508,0.9390000104904175,4705697
2023-08-01,0.9390000104904175,0.9480000138282776,0.9200000166893005,0.921999990940094,4088127
2023-08-02,0.921999990940094,0.9269999861717224,0.906000018119812,0.9100000262260437,4260665
2023-08-03,0.9100000262260437,0.9229999780654907,0.9039999842643738,0.9179999828338623,2636458
2023-08-06,0.9179999828338623,0.9279999732971191,0.9120000004768372,0.9160000085830688,3870653
2023-08-07,0.9160000085830688,0.9300000071525574,0.9179999828338623,0.9240000247955322,2435095
2023-08-08,0.9240000247955322,0.9380000233650208,0.9120000004768372,0.9190000295639038,5942168
2023-08-09,0.9190000295639038,0.9279999732971191,0.9169999957084656,0.9200000166893005,2676630
2023-08-10,0.9200000166893005,0.925000011920929,0.9120000004768372,0.9129999876022339,2451114
2023-08-13,0.9129999876022339,0.9350000023841858,0.9110000133514404,0.9290000200271606,3359334
2023-08-14,0.9290000200271606,0.9390000104904175,0.9200000166893005,0.925000011920929,5164809
2023-08-15,0.925000011920929,0.9570000171661377,0.925000011920929,0.9359999895095825,8842458
2023-08-16,0.9359999895095825,0.9449999928474426,0.9259999990463257,0.9269999861717224,5830567
2023-08-17,0.9269999861717224,0.9330000281333923,0.9200000166893005,0.9200000166893005,3603610
2023-08-20,0.9200000166893005,0.9269999861717224,0.9110000133514404,0.9129999876022339,1770366
2023-08-21,0.9129999876022339,0.9300000071525574,0.906000018119812,0.9179999828338623,6680029
2023-08-22,0.9179999828338623,0.9660000205039978,0.9139999747276306,0.9480000138282776,13799704
2023-08-23,0.9480000138282776,0.9660000205039978,0.9300000071525574,0.9330000281333923,8818308
2023-08-24,0.9330000281333923,0.9399999976158142,0.9240000247955322,0.9319999814033508,3633016
2023-08-27,0.9319999814033508,0.972000002861023,0.9369999766349792,0.9599999785423279,11359393
2023-08-28,0.9599999785423279,0.9760000109672546,0.9419999718666077,0.949999988079071,4883657
2023-08-29,0.949999988079071,0.9620000123977661,0.9419999718666077,0.949999988079071,2108516
2023-08-30,0.949999988079071,1.0870000123977661,0.9599999785423279,1.0360000133514404,31806996
2023-08-31,1.0540000200271606,1.1180000305175781,1.0540000200271606,1.0809999704360962,31473616
2023-09-03,1.0809999704360962,1.2699999809265137,1.1399999856948853,1.246999979019165,55626964
2023-09-04,1.246999979019165,1.246000051498413,1.1770000457763672,1.1820000410079956,29371513
2023-09-05,1.1820000410079956,1.2280000448226929,1.1610000133514404,1.1629999876022339,28403406
2023-09-06,1.1629999876022339,1.1799999475479126,1.1059999465942383,1.121000051498413,15725534
2023-09-07,1.121000051498413,1.2100000381469727,1.1130000352859497,1.2100000381469727,20040606
2023-09-10,1.2100000381469727,1.2100000381469727,1.2100000381469727,1.2100000381469727,0
2023-09-11,1.1729999780654907,1.2020000219345093,1.1399999856948853,1.1419999599456787,11360531
2023-09-12,1.1419999599456787,1.1759999990463257,1.1230000257492065,1.1399999856948853,8673102
2023-09-13,1.1399999856948853,1.156000018119812,1.1269999742507935,1.1419999599456787,10594915
2023-09-14,1.1419999599456787,1.159999966621399,1.1319999694824219,1.1349999904632568,10249621
2023-09-17,1.1349999904632568,1.1480000019073486,1.1230000257492065,1.1260000467300415,5419499
2023-09-18,1.1260000467300415,1.156999945640564,1.1230000257492065,1.1339999437332153,9408316
2023-09-19,1.1339999437332153,1.156000018119812,1.1200000047683716,1.121999979019165,5737022
2023-09-20,1.121999979019165,1.121999979019165,1.121999979019165,1.121999979019165,0
2023-09-21,1.121999979019165,1.121999979019165,1.121999979019165,1.121999979019165,0
2023-09-24,1.121999979019165,1.121999979019165,1.121999979019165,1.121999979019165,0
2023-09-25,1.0369999408721924,1.090000033378601,1.034999966621399,1.0470000505447388,7846598
2023-09-26,1.0470000505447388,1.069000005722046,1.031000018119812,1.0329999923706055,5437813
2023-09-27,1.0329999923706055,1.0329999923706055,1.0329999923706055,1.0329999923706055,0
2023-10-01,1.0329999923706055,1.0329999923706055,1.0329999923706055,1.0329999923706055,0
2023-10-02,1.1720000505447388,1.1970000267028809,1.0700000524520874,1.1109999418258667,19793409
2023-10-03,1.1109999418258667,1.1380000114440918,1.065000057220459,1.0709999799728394,6636197
2023-10-04,1.0709999799728394,1.1139999628067017,1.0529999732971191,1.0880000591278076,6145812
2023-10-08,1.0880000591278076,1.1239999532699585,0.9710000157356262,1.0529999732971191,12236652
2023-10-09,1.0529999732971191,1.0800000429153442,1.0169999599456787,1.0540000200271606,4965420
2023-10-10,1.0540000200271606,1.1059999465942383,1.0509999990463257,1.065000057220459,6421400
2023-10-11,1.065000057220459,1.0800000429153442,1.0429999828338623,1.0460000038146973,4134567
2023-10-12,1.0460000038146973,1.1390000581741333,1.0460000038146973,1.0989999771118164,14773836
2023-10-15,1.0989999771118164,1.1200000047683716,1.090000033378601,1.097000002861023,5835139
2023-10-16,1.097000002861023,1.1050000190734863,1.0720000267028809,1.0870000123977661,4619047
2023-10-17,1.0870000123977661,1.1100000143051147,1.062999963760376,1.0950000286102295,5534484
2023-10-18,1.0950000286102295,1.1050000190734863,1.0570000410079956,1.090000033378601,6997098
2023-10-19,1.090000033378601,1.090000033378601,1.090000033378601,1.090000033378601,0
2023-10-22,1.100000023841858,1.1469999551773071,1.1100000143051147,1.1330000162124634,6084446
2023-10-23,1.1330000162124634,1.1799999475479126,1.1269999742507935,1.128999948501587,8945832
2023-10-24,1.128999948501587,1.156000018119812,1.090999960899353,1.1130000352859497,6607168
2023-10-25,1.1130000352859497,1.1640000343322754,1.100000023841858,1.1319999694824219,7609556
2023-10-26,1.1319999694824219,1.159999966621399,1.1200000047683716,1.1260000467300415,8206110
2023-10-29,1.1260000467300415,1.25,1.1200000047683716,1.225000023841858,21436577
2023-10-30,1.225000023841858,1.3370000123977661,1.2410000562667847,1.2599999904632568,31572730
2023-10-31,1.2599999904632568,1.2799999713897705,1.2009999752044678,1.2039999961853027,12655540
2023-11-01,1.2039999961853027,1.2549999952316284,1.1519999504089355,1.1920000314712524,18663617
2023-11-02,1.1920000314712524,1.25,1.2000000476837158,1.25,9640419
2023-11-05,1.25,1.3389999866485596,1.2599999904632568,1.309000015258789,17497622
2023-11-06,1.309000015258789,1.3240000009536743,1.2730000019073486,1.2760000228881836,10259062
2023-11-07,1.2760000228881836,1.4470000267028809,1.2890000343322754,1.38100004196167,36485622
2023-11-08,1.38100004196167,1.409000039100647,1.3550000190734863,1.3700000047683716,12268977
2023-11-09,1.3700000047683716,1.4490000009536743,1.3200000524520874,1.350000023841858,15107156
2023-11-12,1.350000023841858,1.3830000162124634,1.3049999475479126,1.3250000476837158,7552520
2023-11-13,1.3250000476837158,1.3769999742507935,1.312000036239624,1.3450000286102295,6433470
2023-11-14,1.3450000286102295,1.440000057220459,1.3600000143051147,1.406999945640564,15692817
2023-11-15,1.406999945640564,1.4299999475479126,1.3669999837875366,1.371000051498413,5774718
2023-11-16,1.371000051498413,1.4290000200271606,1.3700000047683716,1.3890000581741333,6011020
2023-11-19,1.3890000581741333,1.4149999618530273,1.3650000095367432,1.36899995803833,5127465
2023-11-20,1.36899995803833,1.3899999856948853,1.3309999704360962,1.3380000591278076,5038553
2023-11-21,1.3380000591278076,1.3569999933242798,1.3309999704360962,1.347000002861023,4340573
2023-11-22,1.347000002861023,1.3899999856948853,1.3600000143051147,1.3739999532699585,4447033
2023-11-23,1.3739999532699585,1.4299999475479126,1.3849999904632568,1.402999997138977,9404023
2023-11-26,1.402999997138977,1.5390000343322754,1.409999966621399,1.5219999551773071,29971554
2023-11-27,1.5219999551773071,1.5390000343322754,1.4769999980926514,1.4889999628067017,10986353
2023-11-28,1.4889999628067017,1.562999963760376,1.4950000047683716,1.5149999856948853,18084655
2023-11-29,1.5149999856948853,1.5499999523162842,1.4900000095367432,1.5099999904632568,8657405
2023-11-30,1.5099999904632568,1.5299999713897705,1.4800000190734863,1.49399995803833,7648532
2023-12-03,1.49399995803833,1.5099999904632568,1.4500000476837158,1.4559999704360962,5813314
2023-12-04,1.4559999704360962,1.5199999809265137,1.4539999961853027,1.4850000143051147,5781440
2023-12-05,1.4850000143051147,1.5160000324249268,1.4670000076293945,1.468999981880188,5094585
2023-12-06,1.468999981880188,1.4900000095367432,1.4470000267028809,1.4500000476837158,4466577
2023-12-07,1.4500000476837158,1.4600000381469727,1.3600000143051147,1.409999966621399,6703995
2023-12-10,1.409999966621399,1.440000057220459,1.371999979019165,1.3880000114440918,4936302
2023-12-11,1.3880000114440918,1.38100004196167,1.3309999704360962,1.340000033378601,4808415
2023-12-12,1.340000033378601,1.3700000047683716,1.3300000429153442,1.3339999914169312,3041586
2023-12-13,1.3339999914169312,1.3860000371932983,1.350000023841858,1.3609999418258667,5293167
2023-12-14,1.3609999418258667,1.4500000476837158,1.350000023841858,1.4390000104904175,11065287
2023-12-17,1.4390000104904175,1.4600000381469727,1.4329999685287476,1.440999984741211,5138853
2023-12-18,1.440999984741211,1.5,1.440000057220459,1.4429999589920044,7510007
2023-12-19,1.4429999589920044,1.4589999914169312,1.3899999856948853,1.3969999551773071,4994727
2023-12-20,1.3969999551773071,1.4010000228881836,1.3600000143051147,1.3609999418258667,2703664
2023-12-21,1.3609999418258667,1.3899999856948853,1.3320000171661377,1.3350000381469727,5771500
2023-12-24,1.3350000381469727,1.3350000381469727,1.3350000381469727,1.3350000381469727,0
2023-12-25,1.274999976158142,1.2890000343322754,1.2519999742507935,1.2669999599456787,3113178
2023-12-26,1.2669999599456787,1.309999942779541,1.2690000534057617,1.2799999713897705,2116717
2023-12-27,1.2799999713897705,1.3270000219345093,1.284999966621399,1.3209999799728394,1889058
2023-12-28,1.3209999799728394,1.3380000591278076,1.3109999895095825,1.315000057220459,2641101
2023-12-31,1.315000057220459,1.3250000476837158,1.281000018119812,1.284000039100647,4106098
2024-01-02,1.284000039100647,1.3459999561309814,1.2860000133514404,1.3350000381469727,6655296
2024-01-03,1.3350000381469727,1.378999948501587,1.3450000286102295,1.3589999675750732,6389295
2024-01-04,1.3589999675750732,1.4299999475479126,1.3660000562667847,1.3969999551773071,10796649
2024-01-08,1.3969999551773071,1.4479999542236328,1.3899999856948853,1.4479999542236328,8216114
2024-01-09,1.4479999542236328,1.4600000381469727,1.4160000085830688,1.4199999570846558,6400376
2024-01-10,1.4199999570846558,1.434999942779541,1.409999966621399,1.4110000133514404,5675499
2024-01-11,1.4110000133514404,1.4900000095367432,1.4249999523162842,1.4500000476837158,14871995
2024-01-14,1.4500000476837158,1.4859999418258667,1.4600000381469727,1.4800000190734863,8383909
2024-01-15,1.4800000190734863,1.5479999780654907,1.5010000467300415,1.5219999551773071,14658150
2024-01-16,1.5219999551773071,1.590000033378601,1.5329999923706055,1.5460000038146973,11686395
2024-01-17,1.5460000038146973,1.5800000429153442,1.5069999694824219,1.5099999904632568,11421852
2024-01-18,1.5099999904632568,1.628999948501587,1.5099999904632568,1.6019999980926514,21003327
2024-01-21,1.6019999980926514,1.690000057220459,1.6050000190734863,1.6299999952316284,13699781
2024-01-22,1.6299999952316284,1.6799999475479126,1.6059999465942383,1.6180000305175781,6844158
2024-01-23,1.6180000305175781,1.725000023841858,1.625,1.6690000295639038,13427586
2024-01-24,1.6690000295639038,1.7089999914169312,1.649999976158142,1.656999945640564,6463439
2024-01-28,1.656999945640564,1.7109999656677246,1.652999997138977,1.6610000133514404,4749295
2024-01-29,1.6610000133514404,1.7300000190734863,1.6139999628067017,1.6339999437332153,10041130
2024-01-30,1.6339999437332153,1.7649999856948853,1.6410000324249268,1.7400000095367432,13913536
2024-01-31,1.7400000095367432,1.7680000066757202,1.409999966621399,1.496000051498413,12515141
2024-02-01,1.496000051498413,1.5670000314712524,1.350000023841858,1.559000015258789,6282886
2024-02-04,1.559000015258789,1.565000057220459,1.5,1.5399999618530273,5094855
2024-02-05,1.5399999618530273,1.61899995803833,1.5449999570846558,1.5870000123977661,4246976
2024-02-06,1.5870000123977661,1.6390000581741333,1.5130000114440918,1.5290000438690186,5237386
2024-02-07,1.5290000438690186,1.5789999961853027,1.5199999809265137,1.534000039100647,2941413
2024-02-08,1.534000039100647,1.5679999589920044,1.5369999408721924,1.5449999570846558,2444498
2024-02-11,1.5449999570846558,1.5579999685287476,1.5099999904632568,1.5180000066757202,2767291
2024-02-12,1.5180000066757202,1.5429999828338623,1.4700000286102295,1.5160000324249268,7939790
2024-02-13,1.5160000324249268,1.5490000247955322,1.5099999904632568,1.5269999504089355,5154790
2024-02-14,1.5269999504089355,1.659999966621399,1.5460000038146973,1.6349999904632568,18170849
2024-02-15,1.6349999904632568,1.6820000410079956,1.6109999418258667,1.6480000019073486,7896109
2024-02-18,1.6480000019073486,1.6480000019073486,1.6480000019073486,1.6480000019073486,0
2024-02-19,1.652999997138977,1.690000057220459,1.625,1.656000018119812,5310695
2024-02-20,1.656000018119812,1.7000000476837158,1.649999976158142,1.6759999990463257,5835311
2024-02-21,1.6759999990463257,1.6929999589920044,1.6419999599456787,1.6510000228881836,4812472
2024-02-22,1.6510000228881836,1.6890000104904175,1.6660000085830688,1.6829999685287476,4762618
2024-02-25,1.6829999685287476,1.6670000553131104,1.5010000467300415,1.593999981880188,4871734
2024-02-26,1.593999981880188,1.6799999475479126,1.555999994277954,1.6080000400543213,5437358
2024-02-27,1.6080000400543213,1.656999945640564,1.5959999561309814,1.6009999513626099,3750324
2024-02-28,1.6009999513626099,1.625,1.524999976158142,1.5360000133514404,3836062
2024-02-29,1.5360000133514404,1.555999994277954,1.4529999494552612,1.5019999742507935,3522116
2024-03-03,1.5019999742507935,1.5490000247955322,1.5,1.5019999742507935,1444719
2024-03-04,1.5019999742507935,1.5449999570846558,1.503000020980835,1.5290000438690186,1596011
2024-03-05,1.5290000438690186,1.569000005722046,1.340000033378601,1.5019999742507935,8387222
2024-03-06,1.5019999742507935,1.5390000343322754,1.430999994277954,1.4509999752044678,3121015
2024-03-07,1.4509999752044678,1.5,1.3550000190734863,1.406000018119812,2706756
2024-03-10,1.406000018119812,1.4600000381469727,1.409999966621399,1.4270000457763672,2844541
2024-03-11,1.4270000457763672,1.440000057220459,1.378000020980835,1.3839999437332153,1910709
2024-03-12,1.3839999437332153,1.4199999570846558,1.340000033378601,1.3459999561309814,1785786
2024-03-13,1.3459999561309814,1.3880000114440918,1.284999966621399,1.3270000219345093,2719443
2024-03-14,1.3270000219345093,1.375,1.2869999408721924,1.3229999542236328,1173201
2024-03-17,1.3229999542236328,1.3660000562667847,1.3070000410079956,1.3259999752044678,1504072
2024-03-18,1.3259999752044678,1.340000033378601,1.180999994277954,1.190000057220459,3007192
2024-03-19,1.190000057220459,1.2400000095367432,1.13100004196167,1.187000036239624,1557304
2024-03-20,1.187000036239624,1.2350000143051147,1.1920000314712524,1.2059999704360962,1967744
2024-03-21,1.2059999704360962,1.2699999809265137,1.2020000219345093,1.2660000324249268,3352180
2024-03-24,1.2660000324249268,1.3070000410079956,1.2699999809265137,1.2790000438690186,2251183
2024-03-25,1.2790000438690186,1.2920000553131104,1.2660000324249268,1.274999976158142,1300140
2024-03-26,1.274999976158142,1.2890000343322754,1.2599999904632568,1.2669999599456787,1645098
2024-03-27,1.2669999599456787,1.2769999504089355,1.2109999656677246,1.2350000143051147,1516912
2024-03-28,1.2350000143051147,1.2580000162124634,1.2029999494552612,1.2300000190734863,1045757
2024-03-31,1.2300000190734863,1.2489999532699585,1.1699999570846558,1.218000054359436,1018676
2024-04-01,1.218000054359436,1.2489999532699585,1.2070000171661377,1.246999979019165,1037944
2024-04-02,1.246999979019165,1.2669999599456787,1.2259999513626099,1.2430000305175781,1197023
2024-04-03,1.2430000305175781,1.2569999694824219,1.2209999561309814,1.2450000047683716,603594
2024-04-04,1.2450000047683716,1.2699999809265137,1.2580000162124634,1.2660000324249268,1212100
2024-04-07,1.2660000324249268,1.277999997138977,1.2580000162124634,1.2599999904632568,1422384
2024-04-08,1.2599999904632568,1.277999997138977,1.25,1.2690000534057617,1213411
2024-04-15,1.2690000534057617,1.2979999780654907,1.2630000114440918,1.2920000553131104,2062273
2024-04-16,1.2920000553131104,1.3179999589920044,1.2710000276565552,1.3040000200271606,5500255
2024-04-17,1.3040000200271606,1.3600000143051147,1.3109999895095825,1.3289999961853027,8576529
2024-04-18,1.3289999961853027,1.3229999542236328,1.2000000476837158,1.2489999532699585,8131577
2024-04-21,1.2489999532699585,1.2740000486373901,1.2350000143051147,1.2389999628067017,1636949
2024-04-22,1.2389999628067017,1.2649999856948853,1.2100000381469727,1.2209999561309814,1475669
2024-04-23,1.2209999561309814,1.2580000162124634,1.180999994277954,1.24399995803833,2775149
2024-04-24,1.24399995803833,1.25,1.1299999952316284,1.1959999799728394,1779910
2024-04-28,1.1959999799728394,1.1959999799728394,1.1959999799728394,1.1959999799728394,0
2024-04-29,1.1759999990463257,1.1799999475479126,1.1109999418258667,1.1660000085830688,1523770
2024-04-30,1.1660000085830688,1.1699999570846558,1.100000023841858,1.1610000133514404,2258917
2024-05-02,1.1549999713897705,1.159999966621399,1.1299999952316284,1.1480000019073486,1578390
2024-05-07,1.1480000019073486,1.1629999876022339,1.125,1.1390000581741333,1393966
2024-05-08,1.1390000581741333,1.149999976158142,1.121000051498413,1.1380000114440918,1624666
2024-05-09,1.1380000114440918,1.1360000371932983,1.100000023841858,1.1230000257492065,2219369
2024-05-12,1.1230000257492065,1.125,1.0210000276565552,1.0379999876022339,1997061
2024-05-13,1.0379999876022339,1.0420000553131104,0.9700000286102295,1.0260000228881836,1961806
2024-05-14,1.0260000228881836,1.0440000295639038,1.0119999647140503,1.0299999713897705,827032
2024-05-15,1.0299999713897705,1.0390000343322754,1.0160000324249268,1.0299999713897705,1464568
2024-05-16,1.0299999713897705,1.0789999961853027,1.0399999618530273,1.0729999542236328,2595966
2024-05-19,1.0729999542236328,1.1299999952316284,1.0809999704360962,1.121999979019165,2719493
2024-05-20,1.121999979019165,1.1339999437332153,1.1100000143051147,1.125,2224962
2024-05-21,1.125,1.125,1.1100000143051147,1.1150000095367432,1415908
2024-05-22,1.1150000095367432,1.121999979019165,1.1030000448226929,1.1100000143051147,724653
2024-05-23,1.1100000143051147,1.1369999647140503,1.1069999933242798,1.128999948501587,1908706
2024-05-26,1.128999948501587,1.128999948501587,1.128999948501587,1.128999948501587,0
2024-05-27,1.1469999551773071,1.159999966621399,1.1269999742507935,1.1319999694824219,1181879
2024-05-28,1.1319999694824219,1.1299999952316284,1.1050000190734863,1.1169999837875366,670638
2024-05-29,1.1169999837875366,1.1339999437332153,1.1100000143051147,1.121999979019165,1715936
2024-05-30,1.121999979019165,1.128000020980835,1.1009999513626099,1.1150000095367432,975017
2024-06-02,1.1150000095367432,1.1299999952316284,1.090000033378601,1.093000054359436,1212749
2024-06-03,1.093000054359436,1.1089999675750732,1.0520000457763672,1.0709999799728394,622233
2024-06-04,1.0709999799728394,1.0889999866485596,1.0520000457763672,1.059000015258789,1299663
2024-06-05,1.059000015258789,1.0839999914169312,1.0160000324249268,1.055999994277954,1711356
2024-06-06,1.055999994277954,1.069000005722046,1.0399999618530273,1.0570000410079956,1016369
2024-06-09,1.0570000410079956,1.0570000410079956,0.9900000095367432,1.024999976158142,1175284
2024-06-10,1.024999976158142,1.034000039100647,1.0069999694824219,1.0260000228881836,572225
2024-06-11,1.0260000228881836,1.0490000247955322,1.0299999713897705,1.0399999618530273,496984
2024-06-12,1.0399999618530273,1.090000033378601,1.0360000133514404,1.0829999446868896,1623473
2024-06-13,1.0829999446868896,1.1200000047683716,1.0800000429153442,1.1100000143051147,3330370
2024-06-23,1.1100000143051147,1.159000039100647,1.1100000143051147,1.1519999504089355,2065959
2024-06-24,1.1519999504089355,1.1699999570846558,1.1380000114440918,1.156999945640564,3321994
2024-06-25,1.156999945640564,1.1640000343322754,1.1390000581741333,1.156000018119812,1346586
2024-06-26,1.156000018119812,1.1670000553131104,1.1449999809265137,1.1619999408721924,1891126
2024-06-27,1.1619999408721924,1.1649999618530273,1.149999976158142,1.1549999713897705,1036262
2024-07-02,1.1779999732971191,1.1890000104904175,1.1660000085830688,1.1690000295639038,1407027
2024-07-03,1.1690000295639038,1.184000015258789,1.1519999504089355,1.1779999732971191,2008246
2024-07-04,1.1779999732971191,1.1890000104904175,1.1670000553131104,1.184999942779541,1098162
2024-07-07,1.184999942779541,1.190000057220459,1.1699999570846558,1.1779999732971191,1954232
2024-07-08,1.1779999732971191,1.1829999685287476,1.159999966621399,1.1660000085830688,1760819
2024-07-09,1.1660000085830688,1.1729999780654907,1.152999997138977,1.1610000133514404,904977
2024-07-10,1.1610000133514404,1.1690000295639038,1.1410000324249268,1.1649999618530273,995074
2024-07-14,1.1649999618530273,1.1679999828338623,1.1339999437332153,1.1419999599456787,1156860
2024-07-15,1.1419999599456787,1.152999997138977,1.13100004196167,1.1460000276565552,1400359
2024-07-16,1.1460000276565552,1.1490000486373901,1.1369999647140503,1.1419999599456787,849875
2024-07-17,1.1419999599456787,1.187000036239624,1.1410000324249268,1.1790000200271606,7889954
2024-07-18,1.1790000200271606,1.2269999980926514,1.1820000410079956,1.225000023841858,12860621
2024-07-21,1.225000023841858,1.24399995803833,1.215000033378601,1.225000023841858,5080928
2024-07-22,1.225000023841858,1.2400000095367432,1.2109999656677246,1.2209999561309814,2798702
2024-07-23,1.2209999561309814,1.2400000095367432,1.215000033378601,1.2359999418258667,2140345
2024-07-24,1.2359999418258667,1.3079999685287476,1.2519999742507935,1.277999997138977,11648126
2024-07-28,1.277999997138977,1.284999966621399,1.2569999694824219,1.2599999904632568,1910074
2024-07-29,1.2599999904632568,1.277999997138977,1.2419999837875366,1.2619999647140503,1970873
2024-07-30,1.2619999647140503,1.2710000276565552,1.225000023841858,1.2589999437332153,4094502
2024-07-31,1.2589999437332153,1.2730000019073486,1.25,1.2580000162124634,1776181
2024-08-01,1.2580000162124634,1.2669999599456787,1.2489999532699585,1.2519999742507935,2264818
2024-08-04,1.2519999742507935,1.2300000190734863,1.1699999570846558,1.1799999475479126,4043370
2024-08-05,1.1799999475479126,1.1699999570846558,1.0800000429153442,1.1299999952316284,4579180
2024-08-06,1.1299999952316284,1.159999966621399,1.1299999952316284,1.149999976158142,2832243
2024-08-07,1.149999976158142,1.2000000476837158,1.149999976158142,1.1799999475479126,3576937
2024-08-08,1.1799999475479126,1.190000057220459,1.1399999856948853,1.159999966621399,1373604
2024-08-11,1.159999966621399,1.2899999618530273,1.1699999570846558,1.2899999618530273,11669202
2024-08-12,1.2899999618530273,1.3300000429153442,1.2599999904632568,1.2699999809265137,10085583
2024-08-13,1.2699999809265137,1.2799999713897705,1.25,1.25,2961093
2024-08-14,1.25,1.2999999523162842,1.25,1.2799999713897705,4391466
2024-08-15,1.2799999713897705,1.309999942779541,1.2699999809265137,1.2799999713897705,4979579
2024-08-18,1.2799999713897705,1.309999942779541,1.2699999809265137,1.2799999713897705,3470742
2024-08-19,1.2799999713897705,1.3700000047683716,1.2799999713897705,1.350000023841858,9607134
2024-08-20,1.350000023841858,1.3600000143051147,1.3200000524520874,1.3200000524520874,4802934
2024-08-21,1.3200000524520874,1.3600000143051147,1.309999942779541,1.350000023841858,3139691
2024-08-22,1.350000023841858,1.350000023841858,1.3200000524520874,1.3300000429153442,3005205
2024-08-25,1.3300000429153442,1.4199999570846558,1.3200000524520874,1.399999976158142,13965379
2024-08-26,1.399999976158142,1.4299999475479126,1.3600000143051147,1.3799999952316284,8232294
2024-08-27,1.3799999952316284,1.409999966621399,1.3600000143051147,1.3799999952316284,5226419
2024-08-28,1.3799999952316284,1.399999976158142,1.3700000047683716,1.399999976158142,4790045
2024-08-29,1.399999976158142,1.409999966621399,1.3700000047683716,1.3899999856948853,1993858
2024-09-01,1.3899999856948853,1.440000057220459,1.3799999952316284,1.399999976158142,6776484
2024-09-02,1.399999976158142,1.4199999570846558,1.3700000047683716,1.3799999952316284,4130147
2024-09-03,1.3799999952316284,1.409999966621399,1.3799999952316284,1.3799999952316284,2464097
2024-09-04,1.3799999952316284,1.4600000381469727,1.3600000143051147,1.4299999475479126,13072871
2024-09-05,1.4299999475479126,1.4800000190734863,1.4199999570846558,1.4299999475479126,9662275
2024-09-08,1.4299999475479126,1.440000057220459,1.3899999856948853,1.3899999856948853,4960616
2024-09-09,1.3899999856948853,1.399999976158142,1.3600000143051147,1.3700000047683716,2559451
2024-09-10,1.3700000047683716,1.3899999856948853,1.3600000143051147,1.3700000047683716,1547640
2024-09-11,1.3700000047683716,1.3799999952316284,1.3300000429153442,1.3700000047683716,1797994
2024-09-12,1.3700000047683716,1.3899999856948853,1.3300000429153442,1.3300000429153442,3418039
2024-09-16,1.3300000429153442,1.3600000143051147,1.3200000524520874,1.3300000429153442,2063358
2024-09-17,1.3300000429153442,1.3700000047683716,1.3300000429153442,1.3700000047683716,2619856
2024-09-18,1.3700000047683716,1.4299999475479126,1.3700000047683716,1.3799999952316284,7702026
2024-09-19,1.3799999952316284,1.409999966621399,1.3799999952316284,1.399999976158142,1471888
2024-09-22,1.399999976158142,1.409999966621399,1.3799999952316284,1.3799999952316284,886959
2024-09-23,1.3799999952316284,1.399999976158142,1.350000023841858,1.3600000143051147,4749111
2024-09-24,1.3600000143051147,1.3799999952316284,1.350000023841858,1.350000023841858,1987499
2024-09-25,1.3600000143051147,1.3799999952316284,1.350000023841858,1.3600000143051147,2236371
2024-09-26,1.3600000143051147,1.3799999952316284,1.350000023841858,1.350000023841858,1987499
2024-09-29,1.350000023841858,1.3600000143051147,1.3300000429153442,1.340000033378601,3436177
2024-09-30,1.340000033378601,1.350000023841858,1.3300000429153442,1.3300000429153442,3055453
2024-10-01,1.3300000429153442,1.3700000047683716,1.3300000429153442,1.350000023841858,4639940
2024-10-02,1.350000023841858,1.3799999952316284,1.309999942779541,1.3200000524520874,6553695
2024-10-03,1.3200000524520874,1.350000023841858,1.3200000524520874,1.350000023841858,4258638
2024-10-07,1.350000023841858,1.3700000047683716,1.350000023841858,1.3600000143051147,4831408
2024-10-08,1.3600000143051147,1.409999966621399,1.2999999523162842,1.3200000524520874,10015417
2024-10-09,1.3200000524520874,1.3600000143051147,1.3200000524520874,1.340000033378601,2453053
2024-10-10,1.340000033378601,1.3700000047683716,1.309999942779541,1.3200000524520874,2052556
2024-10-13,1.3200000524520874,1.340000033378601,1.25,1.2599999904632568,3057229
2024-10-14,1.2599999904632568,1.2799999713897705,1.2300000190734863,1.2699999809265137,2547639
2024-10-15,1.2699999809265137,1.3200000524520874,1.2699999809265137,1.2899999618530273,2051464
2024-10-16,1.2899999618530273,1.3200000524520874,1.2699999809265137,1.2699999809265137,3278564
2024-10-17,1.2699999809265137,1.2899999618530273,1.25,1.25,2271373
2024-10-20,1.25,1.2699999809265137,1.2100000381469727,1.2200000286102295,2088744
2024-10-21,1.2200000286102295,1.25,1.2100000381469727,1.2400000095367432,1849635
2024-10-22,1.2400000095367432,1.2799999713897705,1.2400000095367432,1.25,1454635
2024-10-23,1.25,1.309999942779541,1.2699999809265137,1.2699999809265137,3465786
2024-10-24,1.2699999809265137,1.2999999523162842,1.2599999904632568,1.2899999618530273,2165957
2024-10-27,1.2899999618530273,1.309999942779541,1.2699999809265137,1.2699999809265137,1944909
2024-10-28,1.2699999809265137,1.2899999618530273,1.2599999904632568,1.2599999904632568,1848212
2024-10-29,1.2599999904632568,1.3200000524520874,1.25,1.309999942779541,11485330
2024-10-30,1.309999942779541,1.3600000143051147,1.2999999523162842,1.2999999523162842,9232390
2024-10-31,1.2999999523162842,1.3200000524520874,1.2899999618530273,1.2899999618530273,2747462
2024-11-03,1.2899999618530273,1.340000033378601,1.3200000524520874,1.3200000524520874,3145888
2024-11-04,1.3200000524520874,1.3600000143051147,1.3200000524520874,1.3300000429153442,8723431
2024-11-05,1.3300000429153442,1.3600000143051147,1.309999942779541,1.3200000524520874,5110762
2024-11-06,1.3200000524520874,1.409999966621399,1.3200000524520874,1.3700000047683716,30360732
2024-11-07,1.3700000047683716,1.4199999570846558,1.3799999952316284,1.3799999952316284,13872741
2024-11-10,1.3799999952316284,1.440000057220459,1.3700000047683716,1.3799999952316284,12028705
2024-11-11,1.3799999952316284,1.399999976158142,1.3700000047683716,1.3799999952316284,5889263
2024-11-12,1.3799999952316284,1.399999976158142,1.3700000047683716,1.3899999856948853,4667181
2024-11-13,1.3899999856948853,1.5,1.399999976158142,1.4500000476837158,35486054
2024-11-14,1.4500000476837158,1.5700000524520874,1.4800000190734863,1.5199999809265137,46380069
2024-11-17,1.5199999809265137,1.5800000429153442,1.5099999904632568,1.5199999809265137,20569179
2024-11-18,1.5199999809265137,1.5399999618530273,1.440000057220459,1.4500000476837158,13044667
2024-11-19,1.4500000476837158,1.4900000095367432,1.440000057220459,1.4700000286102295,6815593
2024-11-20,1.4700000286102295,1.5299999713897705,1.4700000286102295,1.4800000190734863,12446811
2024-11-21,1.4800000190734863,1.5199999809265137,1.440000057220459,1.4500000476837158,10641821
2024-11-24,1.4500000476837158,1.5099999904632568,1.4500000476837158,1.4500000476837158,7262260
2024-11-25,1.4500000476837158,1.4800000190734863,1.4199999570846558,1.4299999475479126,7346910
2024-11-26,1.4299999475479126,1.4600000381469727,1.4199999570846558,1.4199999570846558,5708247
2024-11-27,1.4199999570846558,1.440000057220459,1.3799999952316284,1.3899999856948853,6995771
2024-11-28,1.3899999856948853,1.409999966621399,1.3700000047683716,1.3899999856948853,3819791
2024-12-01,1.3899999856948853,1.440000057220459,1.399999976158142,1.4199999570846558,4810862
2024-12-02,1.4199999570846558,1.5099999904632568,1.440000057220459,1.4700000286102295,19967602
2024-12-03,1.4700000286102295,1.5,1.440000057220459,1.4500000476837158,8025205
2024-12-04,1.4500000476837158,1.4800000190734863,1.4500000476837158,1.4500000476837158,5300024
2024-12-05,1.4500000476837158,1.4900000095367432,1.4500000476837158,1.4600000381469727,6121846
2024-12-08,1.4600000381469727,1.4700000286102295,1.440000057220459,1.440000057220459,7265800
2024-12-09,1.440000057220459,1.4600000381469727,1.409999966621399,1.409999966621399,4137032
2024-12-10,1.409999966621399,1.4199999570846558,1.3899999856948853,1.399999976158142,5232956
2024-12-11,1.399999976158142,1.409999966621399,1.3799999952316284,1.3899999856948853,4650976
2024-12-12,1.3899999856948853,1.4299999475479126,1.3899999856948853,1.4199999570846558,5234790
2024-12-15,1.4199999570846558,1.440000057220459,1.409999966621399,1.4199999570846558,3548592
2024-12-16,1.4199999570846558,1.4800000190734863,1.4199999570846558,1.4600000381469727,11590806
2024-12-17,1.4600000381469727,1.5700000524520874,1.4800000190734863,1.5,37151685
2024-12-18,1.5,1.5199999809265137,1.4299999475479126,1.440000057220459,14992980
2024-12-19,1.440000057220459,1.4700000286102295,1.409999966621399,1.440000057220459,12960857
2024-12-22,1.440000057220459,1.5,1.440000057220459,1.4600000381469727,11061940
2024-12-23,1.4600000381469727,1.4700000286102295,1.3899999856948853,1.399999976158142,7735789
2024-12-24,1.399999976158142,1.409999966621399,1.3600000143051147,1.3700000047683716,4195200
2024-12-25,1.3700000047683716,1.409999966621399,1.350000023841858,1.3700000047683716,7181409
2024-12-26,1.3700000047683716,1.4199999570846558,1.3799999952316284,1.3799999952316284,9031643
2024-12-29,1.3799999952316284,1.399999976158142,1.350000023841858,1.350000023841858,3763696
2024-12-30,1.350000023841858,1.3700000047683716,1.2799999713897705,1.2999999523162842,4583801
2024-12-31,1.2999999523162842,1.3300000429153442,1.2999999523162842,1.3200000524520874,2715283
2025-01-02,1.3200000524520874,1.3700000047683716,1.3300000429153442,1.350000023841858,3713501
2025-01-05,1.350000023841858,1.3700000047683716,1.350000023841858,1.3600000143051147,2738910
2025-01-06,1.3600000143051147,1.3799999952316284,1.3300000429153442,1.340000033378601,3453042
2025-01-08,1.340000033378601,1.350000023841858,1.3200000524520874,1.3300000429153442,2869644
2025-01-09,1.3300000429153442,1.3600000143051147,1.3200000524520874,1.350000023841858,4487156
2025-01-12,1.350000023841858,1.340000033378601,1.309999942779541,1.3200000524520874,2936322
2025-01-13,1.3200000524520874,1.340000033378601,1.2400000095367432,1.25,6198105
2025-01-14,1.25,1.2799999713897705,1.2100000381469727,1.2400000095367432,3258573
2025-01-15,1.2400000095367432,1.2699999809265137,1.2400000095367432,1.2599999904632568,2428350
2025-01-16,1.2599999904632568,1.2899999618530273,1.2599999904632568,1.2799999713897705,2403978
2025-01-19,1.2599999904632568,1.309999942779541,1.2599999904632568,1.2899999618530273,3785870
2025-01-20,1.2899999618530273,1.350000023841858,1.2799999713897705,1.350000023841858,8664454
2025-01-21,1.350000023841858,1.409999966621399,1.350000023841858,1.350000023841858,9968762
2025-01-22,1.350000023841858,1.3799999952316284,1.3300000429153442,1.3300000429153442,4645338
2025-01-23,1.3300000429153442,1.3600000143051147,1.3200000524520874,1.3300000429153442,3373429
2025-01-26,1.3300000429153442,1.3600000143051147,1.3200000524520874,1.3300000429153442,3036835
2025-01-27,1.3300000429153442,1.340000033378601,1.2799999713897705,1.2899999618530273,3705798
2025-01-28,1.2899999618530273,1.3200000524520874,1.2899999618530273,1.309999942779541,2851492
2025-01-29,1.309999942779541,1.340000033378601,1.3200000524520874,1.3200000524520874,2592543
2025-01-30,1.3200000524520874,1.340000033378601,1.2999999523162842,1.309999942779541,2066674
2025-02-02,1.309999942779541,1.350000023841858,1.2999999523162842,1.3300000429153442,6641429
2025-02-03,1.3300000429153442,1.350000023841858,1.2899999618530273,1.2999999523162842,3500076
2025-02-04,1.2999999523162842,1.3799999952316284,1.309999942779541,1.3600000143051147,9536698
2025-02-05,1.3600000143051147,1.399999976158142,1.340000033378601,1.340000033378601,11086394
2025-02-06,1.340000033378601,1.3899999856948853,1.340000033378601,1.350000023841858,2963740
2025-02-09,1.350000023841858,1.3700000047683716,1.3300000429153442,1.340000033378601,3455633
2025-02-10,1.340000033378601,1.3600000143051147,1.309999942779541,1.3200000524520874,2396804
2025-02-11,1.3200000524520874,1.350000023841858,1.2799999713897705,1.2899999618530273,6689990
2025-02-12,1.2899999618530273,1.2899999618530273,1.2400000095367432,1.2699999809265137,2157619
2025-02-13,1.2699999809265137,1.2899999618530273,1.2699999809265137,1.2799999713897705,1712846
2025-02-16,1.2799999713897705,1.309999942779541,1.2799999713897705,1.2999999523162842,1749474
2025-02-17,1.2999999523162842,1.3300000429153442,1.2899999618530273,1.2899999618530273,2363483
2025-02-18,1.2899999618530273,1.350000023841858,1.2799999713897705,1.340000033378601,7786958
2025-02-19,1.340000033378601,1.3899999856948853,1.3200000524520874,1.3300000429153442,13462394
2025-02-20,1.3300000429153442,1.350000023841858,1.3200000524520874,1.3200000524520874,2850983
2025-02-23,1.3200000524520874,1.3300000429153442,1.309999942779541,1.3200000524520874,2126067
2025-02-24,1.3200000524520874,1.350000023841858,1.2999999523162842,1.340000033378601,11398680
2025-02-25,1.340000033378601,1.4700000286102295,1.3700000047683716,1.3899999856948853,59198893
2025-02-26,1.3899999856948853,1.4199999570846558,1.3600000143051147,1.3799999952316284,9686353
2025-02-27,1.3799999952316284,1.409999966621399,1.350000023841858,1.350000023841858,7915969
2025-03-02,1.350000023841858,1.3700000047683716,1.340000033378601,1.350000023841858,2176871
2025-03-03,1.350000023841858,1.3899999856948853,1.3300000429153442,1.340000033378601,6529373
2025-03-04,1.340000033378601,1.3600000143051147,1.3300000429153442,1.3300000429153442,3471286
2025-03-05,1.3300000429153442,1.340000033378601,1.3200000524520874,1.3200000524520874,3001835
2025-03-06,1.3200000524520874,1.340000033378601,1.309999942779541,1.3200000524520874,2246664
2025-03-09,1.3200000524520874,1.3600000143051147,1.3200000524520874,1.340000033378601,4569919
2025-03-10,1.340000033378601,1.3600000143051147,1.3300000429153442,1.340000033378601,2025410
2025-03-11,1.340000033378601,1.340000033378601,1.3300000429153442,1.3300000429153442,1297185
2025-03-12,1.3300000429153442,1.3600000143051147,1.3300000429153442,1.350000023841858,1525431
2025-03-13,1.350000023841858,1.4700000286102295,1.3600000143051147,1.4199999570846558,10911377
2025-03-16,1.4199999570846558,1.4700000286102295,1.409999966621399,1.4700000286102295,13481517
2025-03-17,1.4700000286102295,1.5299999713897705,1.4500000476837158,1.4900000095367432,13610019
2025-03-18,1.4900000095367432,1.7799999713897705,1.4700000286102295,1.7799999713897705,66183195
2025-03-19,1.7799999713897705,1.909999966621399,1.6200000047683716,1.649999976158142,41045614
2025-03-20,1.649999976158142,1.75,1.6399999856948853,1.6399999856948853,13578563
2025-03-23,1.6399999856948853,1.7200000286102295,1.5499999523162842,1.6399999856948853,30326515
2025-03-24,1.6399999856948853,1.7400000095367432,1.6299999952316284,1.6699999570846558,26452491
2025-03-25,1.6699999570846558,1.7699999809265137,1.649999976158142,1.7699999809265137,31213860
2025-03-26,1.7699999809265137,1.840000033378601,1.7300000190734863,1.75,20121584
2025-03-27,1.75,1.7599999904632568,1.7000000476837158,1.7200000286102295,14388281
2025-04-03,1.7200000286102295,1.7200000286102295,1.6699999570846558,1.690000057220459,8986345
2025-04-06,1.690000057220459,1.6100000143051147,1.5399999618530273,1.5499999523162842,13203627
2025-04-07,1.5499999523162842,1.5700000524520874,1.4800000190734863,1.5499999523162842,12256165
2025-04-08,1.5499999523162842,1.600000023841858,1.559999942779541,1.5700000524520874,7060252
2025-04-09,1.5700000524520874,1.7200000286102295,1.5399999618530273,1.5499999523162842,28377413
2025-04-10,1.5499999523162842,1.6799999475479126,1.6200000047683716,1.6399999856948853,13235775
2025-04-13,1.6399999856948853,1.7400000095367432,1.649999976158142,1.7300000190734863,12946544
2025-04-14,1.7300000190734863,1.940000057220459,1.7699999809265137,1.8799999952316284,56480534
2025-04-15,1.8799999952316284,1.940000057220459,1.8300000429153442,1.840000033378601,15338949
2025-04-16,1.840000033378601,2.0,1.7999999523162842,1.9900000095367432,41444721
2025-04-17,1.9900000095367432,2.049999952316284,1.909999966621399,1.9299999475479126,33170602
2025-04-22,1.9299999475479126,2.009999990463257,1.9299999475479126,1.9299999475479126,14283287
2025-04-23,1.9299999475479126,1.9700000286102295,1.899999976158142,1.9199999570846558,15428105
2025-04-27,1.9199999570846558,1.9700000286102295,1.8799999952316284,1.8899999856948853,9941565
2025-04-28,1.8899999856948853,1.9199999570846558,1.850000023841858,1.8799999952316284,10697852
2025-04-29,1.8799999952316284,2.0799999237060547,1.8799999952316284,2.0399999618530273,49369417
2025-04-30,2.0399999618530273,2.069999933242798,1.9500000476837158,1.9600000381469727,22700256
2025-05-04,1.9600000381469727,2.0199999809265137,1.940000057220459,1.9900000095367432,12995224
2025-05-05,1.9900000095367432,2.009999990463257,1.940000057220459,1.940000057220459,11512857
2025-05-06,1.940000057220459,2.0899999141693115,1.9299999475479126,2.069999933242798,28695208
2025-05-07,2.069999933242798,2.0799999237060547,1.940000057220459,1.9700000286102295,20555599
2025-05-08,1.9700000286102295,2.0399999618530273,1.9500000476837158,2.0399999618530273,16346005
2025-05-11,2.0399999618530273,2.069999933242798,1.9900000095367432,2.0,8023792
2025-05-12,2.0,2.0399999618530273,1.9900000095367432,2.0299999713897705,9890605
2025-05-13,2.0299999713897705,2.140000104904175,2.0299999713897705,2.0799999237060547,26973829
2025-05-14,2.0799999237060547,2.2100000381469727,2.0999999046325684,2.180000066757202,24454835
2025-05-15,2.180000066757202,2.200000047683716,2.0799999237060547,2.0899999141693115,13114481
2025-05-18,2.0899999141693115,2.109999895095825,2.0,2.009999990463257,9678902
2025-05-19,2.009999990463257,2.109999895095825,1.9900000095367432,2.0799999237060547,10801798
2025-05-20,2.0799999237060547,2.0999999046325684,2.009999990463257,2.0299999713897705,24378356
2025-05-21,2.0299999713897705,2.059999942779541,1.9500000476837158,1.9800000190734863,18293971
2025-05-22,1.9800000190734863,2.0,1.9299999475479126,1.9500000476837158,14604019
2025-05-25,1.9500000476837158,1.9700000286102295,1.8899999856948853,1.899999976158142,11816634
2025-05-26,1.899999976158142,1.9500000476837158,1.8700000047683716,1.899999976158142,13007833
2025-05-27,1.899999976158142,1.9700000286102295,1.8799999952316284,1.940000057220459,13215807
2025-05-28,1.940000057220459,1.9500000476837158,1.8799999952316284,1.8799999952316284,9879928
2025-05-29,1.8799999952316284,1.909999966621399,1.850000023841858,1.8700000047683716,9882114
2025-06-01,1.8700000047683716,1.8899999856948853,1.850000023841858,1.8600000143051147,5607381
2025-06-02,1.8600000143051147,1.8700000047683716,1.8200000524520874,1.8300000429153442,3941144
2025-06-03,1.8300000429153442,1.9199999570846558,1.8300000429153442,1.8799999952316284,11062558
2025-06-04,1.8799999952316284,1.9299999475479126,1.8799999952316284,1.899999976158142,5676636
2025-06-10,1.899999976158142,1.9299999475479126,1.8799999952316284,1.8799999952316284,4199423
2025-06-11,1.8799999952316284,1.9199999570846558,1.8600000143051147,1.8799999952316284,4475895
2025-06-12,1.8799999952316284,1.8700000047683716,1.7599999904632568,1.7699999809265137,6489981
2025-06-15,1.7699999809265137,1.649999976158142,1.5399999618530273,1.6100000143051147,6913942
2025-06-16,1.6100000143051147,1.659999966621399,1.5800000429153442,1.600000023841858,6563079
2025-06-17,1.600000023841858,1.6100000143051147,1.5199999809265137,1.5299999713897705,5467077
2025-06-18,1.5299999713897705,1.5399999618530273,1.4800000190734863,1.5199999809265137,7858065
2025-06-19,1.5199999809265137,1.5499999523162842,1.4299999475479126,1.4299999475479126,7318150
2025-06-22,1.4299999475479126,1.4800000190734863,1.309999942779541,1.4500000476837158,6220707
2025-06-23,1.4500000476837158,1.5499999523162842,1.4700000286102295,1.5199999809265137,8852951
2025-06-24,1.5199999809265137,1.6299999952316284,1.559999942779541,1.6200000047683716,12911981
2025-06-25,1.6200000047683716,1.7200000286102295,1.600000023841858,1.6799999475479126,13941008
2025-06-29,1.6799999475479126,1.7400000095367432,1.690000057220459,1.7000000476837158,6523425
2025-06-30,1.7000000476837158,1.7100000381469727,1.659999966621399,1.659999966621399,8699035
2025-07-01,1.659999966621399,1.690000057220459,1.659999966621399,1.6699999570846558,6427082
2025-07-02,1.6699999570846558,1.850000023841858,1.690000057220459,1.840000033378601,22568438
2025-07-06,1.840000033378601,1.8799999952316284,1.8200000524520874,1.8200000524520874,16163380
2025-07-07,1.8200000524520874,1.850000023841858,1.7899999618530273,1.7899999618530273,6813473
2025-07-09,1.7899999618530273,1.7999999523162842,1.7699999809265137,1.7699999809265137,2499534
2025-07-10,1.7699999809265137,1.809999942779541,1.7699999809265137,1.7699999809265137,3045046
2025-07-13,1.7699999809265137,1.809999942779541,1.7599999904632568,1.7799999713897705,2097324
2025-07-14,1.7799999713897705,1.8799999952316284,1.7999999523162842,1.8200000524520874,16313702
2025-07-15,1.8200000524520874,1.8600000143051147,1.809999942779541,1.8200000524520874,8092979
2025-07-16,1.8200000524520874,1.8300000429153442,1.7799999713897705,1.7999999523162842,2659566
2025-07-17,1.7999999523162842,1.8600000143051147,1.7999999523162842,1.8200000524520874,6315853
2025-07-20,1.8200000524520874,1.899999976158142,1.8200000524520874,1.8700000047683716,8590013
2025-07-21,1.8700000047683716,1.9199999570846558,1.8300000429153442,1.8300000429153442,10141370
2025-07-22,1.8300000429153442,1.8700000047683716,1.809999942779541,1.8200000524520874,6242616
2025-07-23,1.8200000524520874,1.8200000524520874,1.8200000524520874,1.8200000524520874,0
2025-07-27,1.840000033378601,1.8700000047683716,1.8200000524520874,1.8300000429153442,4766085
2025-07-28,1.8300000429153442,1.850000023841858,1.809999942779541,1.8200000524520874,2744657
2025-07-29,1.8200000524520874,1.9199999570846558,1.8200000524520874,1.9199999570846558,10848417
2025-07-30,1.9199999570846558,1.9500000476837158,1.8200000524520874,1.8200000524520874,10583669
2025-07-31,1.8200000524520874,1.8799999952316284,1.840000033378601,1.840000033378601,6032198
2025-08-03,1.840000033378601,1.840000033378601,1.840000033378601,1.840000033378601,0
2025-08-04,1.840000033378601,1.840000033378601,1.840000033378601,1.840000033378601,0
2025-08-05,1.840000033378601,1.840000033378601,1.840000033378601,1.840000033378601,0
2025-08-06,1.840000033378601,1.840000033378601,1.840000033378601,1.840000033378601,0
2025-08-07,1.840000033378601,1.840000033378601,1.840000033378601,1.840000033378601,0
2025-08-10,1.899999976158142,1.9600000381469727,1.899999976158142,1.909999966621399,6700490
2025-08-11,1.909999966621399,1.9500000476837158,1.8799999952316284,1.8899999856948853,9591984
2025-08-12,1.8899999856948853,1.940000057220459,1.8799999952316284,1.909999966621399,8598740
2025-08-13,1.909999966621399,1.940000057220459,1.8700000047683716,1.8700000047683716,5455555
2025-08-14,1.8700000047683716,1.899999976158142,1.840000033378601,1.840000033378601,4756596
2025-08-17,1.840000033378601,1.8700000047683716,1.840000033378601,1.850000023841858,3611168
2025-08-18,1.850000023841858,1.899999976158142,1.850000023841858,1.850000023841858,6297422
2025-08-19,1.850000023841858,1.8700000047683716,1.850000023841858,1.8600000143051147,4304454
2025-08-20,1.8600000143051147,1.899999976158142,1.840000033378601,1.850000023841858,6419173
2025-08-21,1.850000023841858,1.8600000143051147,1.809999942779541,1.8300000429153442,3966875
2025-08-24,1.8300000429153442,1.899999976158142,1.8300000429153442,1.8799999952316284,8494271
2025-08-25,1.8799999952316284,1.899999976158142,1.850000023841858,1.8799999952316284,5804953
2025-08-26,1.8799999952316284,2.069999933242798,1.8899999856948853,2.009999990463257,51864595
2025-08-27,2.009999990463257,2.0299999713897705,1.9500000476837158,1.9500000476837158,12452215
2025-08-28,1.9500000476837158,2.0399999618530273,1.9500000476837158,1.9500000476837158,19671168
2025-08-31,1.9500000476837158,2.0,1.9199999570846558,1.9299999475479126,7733344
2025-09-01,1.9299999475479126,1.9500000476837158,1.9199999570846558,1.9299999475479126,5711115
2025-09-02,1.9299999475479126,2.0,1.940000057220459,1.9800000190734863,13407676
2025-09-03,1.9800000190734863,2.009999990463257,1.9299999475479126,1.940000057220459,9007556
2025-09-07,1.940000057220459,1.9500000476837158,1.899999976158142,1.909999966621399,5120738
2025-09-08,1.909999966621399,1.9800000190734863,1.909999966621399,1.9199999570846558,8369040
2025-09-09,1.9199999570846558,1.9700000286102295,1.9199999570846558,1.9299999475479126,5974012
2025-09-10,1.9299999475479126,1.9600000381469727,1.9199999570846558,1.940000057220459,4044928
2025-09-11,1.940000057220459,1.9900000095367432,1.9299999475479126,1.9299999475479126,5709774
2025-09-14,1.9299999475479126,1.9700000286102295,1.909999966621399,1.9299999475479126,7342728
2025-09-15,1.9299999475479126,1.9500000476837158,1.899999976158142,1.909999966621399,5469703
2025-09-16,1.909999966621399,1.9299999475479126,1.840000033378601,1.850000023841858,7175208
2025-09-17,1.850000023841858,1.8799999952316284,1.850000023841858,1.8600000143051147,2272064
2025-09-18,1.8600000143051147,1.8799999952316284,1.850000023841858,1.850000023841858,2284306
2025-09-21,1.850000023841858,1.8799999952316284,1.8200000524520874,1.8300000429153442,2481922
2025-09-22,1.8300000429153442,1.850000023841858,1.8200000524520874,1.8300000429153442,2440563
2025-09-23,1.8300000429153442,1.850000023841858,1.7999999523162842,1.809999942779541,2337724
2025-09-24,1.809999942779541,1.840000033378601,1.809999942779541,1.840000033378601,2610493
2025-09-25,1.840000033378601,1.8600000143051147,1.840000033378601,1.840000033378601,1963247
2025-09-28,1.840000033378601,1.940000057220459,1.850000023841858,1.9199999570846558,12792057
2025-09-29,1.9199999570846558,1.9299999475479126,1.8799999952316284,1.8799999952316284,7026332
2025-09-30,1.8799999952316284,1.899999976158142,1.8700000047683716,1.8700000047683716,3181708
2025-10-01,1.8700000047683716,1.8899999856948853,1.850000023841858,1.8700000047683716,1790749
2025-10-02,1.8700000047683716,1.9600000381469727,1.8799999952316284,1.9299999475479126,9407620
2025-10-05,1.9299999475479126,2.0199999809265137,1.940000057220459,1.9900000095367432,10663157
2025-10-06,1.9900000095367432,2.049999952316284,1.9700000286102295,1.9700000286102295,8713513
2025-10-07,1.9700000286102295,1.9900000095367432,1.9299999475479126,1.9299999475479126,6251096
2025-10-08,1.9299999475479126,1.9500000476837158,1.899999976158142,1.909999966621399,6958901
2025-10-12,1.909999966621399,1.9600000381469727,1.899999976158142,1.9299999475479126,4701985
2025-10-13,1.9299999475479126,1.940000057220459,1.909999966621399,1.9199999570846558,1643371
2025-10-14,1.9199999570846558,1.940000057220459,1.8799999952316284,1.8799999952316284,3892603
2025-10-15,1.8799999952316284,1.899999976158142,1.8700000047683716,1.899999976158142,2684141
2025-10-16,1.899999976158142,1.940000057220459,1.899999976158142,1.9299999475479126,4582137
2025-10-19,1.9299999475479126,2.0,1.940000057220459,1.9900000095367432,7702805
2025-10-20,1.9900000095367432,2.1600000858306885,2.0399999618530273,2.059999942779541,29194496
2025-10-21,2.059999942779541,2.069999933242798,2.0,2.0399999618530273,10227682
2025-10-22,2.0399999618530273,2.0999999046325684,2.0199999809265137,2.0799999237060547,9061865
2025-10-23,2.0799999237060547,2.130000114440918,2.0399999618530273,2.059999942779541,12863133
2025-10-26,2.059999942779541,2.1600000858306885,2.059999942779541,2.1500000953674316,11621867
2025-10-27,2.1500000953674316,2.180000066757202,2.0799999237060547,2.0799999237060547,7425978
2025-10-28,2.0799999237060547,2.0999999046325684,2.0,2.0199999809265137,9845243
2025-10-29,2.0199999809265137,2.049999952316284,1.9900000095367432,2.0,5084042
2025-10-30,2.0,2.0199999809265137,1.9800000190734863,2.0,5572517
2025-11-02,2.0,2.0299999713897705,1.9600000381469727,1.9800000190734863,4574892
2025-11-03,1.9800000190734863,2.009999990463257,1.9600000381469727,2.009999990463257,3893112
2025-11-04,2.009999990463257,2.0299999713897705,1.9900000095367432,2.0299999713897705,5636155
2025-11-05,2.0299999713897705,2.049999952316284,1.9800000190734863,1.9900000095367432,5408228
2025-11-06,1.9900000095367432,2.009999990463257,1.9600000381469727,1.9600000381469727,3852822
2025-11-09,1.9600000381469727,2.0199999809265137,1.9600000381469727,1.9900000095367432,4239728
2025-11-10,1.9900000095367432,2.009999990463257,1.9199999570846558,1.9299999475479126,8230497
2025-11-11,1.9299999475479126,1.9500000476837158,1.8899999856948853,1.8899999856948853,7036915
2025-11-12,1.8899999856948853,1.9199999570846558,1.8700000047683716,1.8899999856948853,3843881
2025-11-13,1.8899999856948853,1.899999976158142,1.8799999952316284,1.8899999856948853,2764103
2025-11-16,1.8899999856948853,1.9600000381469727,1.8799999952316284,1.909999966621399,4191219
2025-11-17,1.909999966621399,1.9500000476837158,1.899999976158142,1.899999976158142,3388161
2025-11-18,1.899999976158142,1.9199999570846558,1.8899999856948853,1.8899999856948853,3453153
2025-11-19,1.8899999856948853,1.899999976158142,1.8799999952316284,1.899999976158142,1460249
2025-11-20,1.899999976158142,1.9299999475479126,1.8899999856948853,1.9299999475479126,3360640
2025-11-23,1.9299999475479126,2.069999933242798,1.899999976158142,2.0299999713897705,20560809
2025-11-24,2.0299999713897705,2.0399999618530273,1.9600000381469727,1.9600000381469727,5745985
2025-11-25,1.9600000381469727,1.9900000095367432,1.909999966621399,1.9199999570846558,2995847
2025-11-26,1.9199999570846558,1.940000057220459,1.909999966621399,1.909999966621399,2488961
2025-11-27,1.909999966621399,1.9500000476837158,1.909999966621399,1.940000057220459,2029295
2025-11-30,1.940000057220459,1.9700000286102295,1.940000057220459,1.9600000381469727,1633442
2025-12-01,1.9600000381469727,2.0399999618530273,1.9600000381469727,1.9800000190734863,3248944
2025-12-02,1.9800000190734863,2.0199999809265137,1.9700000286102295,1.9800000190734863,4194258
2025-12-03,1.9800000190734863,2.0199999809265137,1.940000057220459,1.9500000476837158,2465861
2025-12-04,1.9500000476837158,1.9900000095367432,1.9500000476837158,1.9700000286102295,2205954
2025-12-07,1.9700000286102295,2.119999885559082,2.0399999618530273,2.069999933242798,12738241
2025-12-08,2.069999933242798,2.240000009536743,2.0799999237060547,2.1700000762939453,34571335
2025-12-09,2.1700000762939453,2.200000047683716,2.130000114440918,2.1500000953674316,8882910
2025-12-10,2.1500000953674316,2.3399999141693115,2.119999885559082,2.299999952316284,24653688
2025-12-11,2.299999952316284,2.390000104904175,2.240000009536743,2.3299999237060547,19017145
2025-12-14,2.3299999237060547,2.6700000762939453,2.359999895095825,2.4600000381469727,40154466
2025-12-15,2.4600000381469727,2.4800000190734863,2.369999885559082,2.390000104904175,11702175
2025-12-16,2.390000104904175,2.4800000190734863,2.359999895095825,2.4600000381469727,17629632
2025-12-17,2.4600000381469727,2.619999885559082,2.440000057220459,2.4800000190734863,40339303
2025-12-18,2.4800000190734863,2.5399999618530273,2.450000047683716,2.4700000286102295,14837284
2025-12-21,2.4700000286102295,2.5,2.390000104904175,2.4100000858306885,8390127
2025-12-22,2.4100000858306885,2.490000009536743,2.3399999141693115,2.359999895095825,12802757
2025-12-23,2.359999895095825,2.380000114440918,2.2699999809265137,2.2799999713897705,14099817
2025-12-24,2.2799999713897705,2.4000000953674316,2.2899999618530273,2.3299999237060547,13039028
2025-12-25,2.3299999237060547,2.359999895095825,2.2699999809265137,2.2899999618530273,5813684
2025-12-28,2.2899999618530273,2.3499999046325684,2.2699999809265137,2.2799999713897705,7786757
2025-12-29,2.2799999713897705,2.369999885559082,2.2699999809265137,2.3399999141693115,8679925
2025-12-30,2.3399999141693115,2.4100000858306885,2.3299999237060547,2.3399999141693115,17125470
2025-12-31,2.3399999141693115,2.4100000858306885,2.3299999237060547,2.3299999237060547,11456699
2026-01-04,2.3299999237060547,2.359999895095825,2.2799999713897705,2.299999952316284,5022583
2026-01-05,2.299999952316284,2.319999933242798,2.190000057220459,2.2100000381469727,4814795
2026-01-06,2.2100000381469727,2.2899999618530273,2.2300000190734863,2.25,3358360
2026-01-08,2.25,2.2799999713897705,2.180000066757202,2.190000057220459,3934503
2026-01-11,2.190000057220459,2.2300000190734863,2.119999885559082,2.1600000858306885,3886957
2026-01-12,2.1600000858306885,2.2100000381469727,2.140000104904175,2.140000104904175,3298720
2026-01-13,2.140000104904175,2.1600000858306885,2.059999942779541,2.069999933242798,3759940
2026-01-14,2.069999933242798,2.0899999141693115,2.0199999809265137,2.059999942779541,5485969
2026-01-15,2.059999942779541,2.140000104904175,1.9600000381469727,2.009999990463257,7606856
2026-01-18,2.009999990463257,2.0899999141693115,2.0399999618530273,2.0899999141693115,2606879
2026-01-19,2.0899999141693115,2.0999999046325684,2.049999952316284,2.0899999141693115,6567748
2026-01-20,2.0899999141693115,2.140000104904175,2.069999933242798,2.069999933242798,6649952
2026-01-21,2.069999933242798,2.0999999046325684,2.049999952316284,2.069999933242798,6355710
2026-01-22,2.069999933242798,2.0899999141693115,2.049999952316284,2.059999942779541,4193339
2026-01-25,2.059999942779541,2.069999933242798,1.9900000095367432,2.0,6747132
2026-01-26,2.0,2.009999990463257,1.9600000381469727,1.9700000286102295,2423027
2026-01-27,1.9700000286102295,1.9900000095367432,1.9199999570846558,1.9500000476837158,2996376
2026-01-28,1.9500000476837158,1.9800000190734863,1.8799999952316284,1.899999976158142,3014313
2026-02-01,1.899999976158142,1.940000057220459,1.8899999856948853,1.9299999475479126,1893709
2026-02-02,1.9299999475479126,2.0799999237060547,1.9700000286102295,2.0299999713897705,12488941
2026-02-03,2.0299999713897705,2.049999952316284,2.0,2.0399999618530273,3922628
2026-02-04,2.0399999618530273,2.059999942779541,2.0199999809265137,2.0199999809265137,1921296
2026-02-05,2.0199999809265137,2.0399999618530273,1.9700000286102295,2.0,2641909
2026-02-08,2.0,2.0199999809265137,2.0,2.009999990463257,2404766
2026-02-09,2.009999990463257,2.0199999809265137,1.9900000095367432,1.9900000095367432,1570933
2026-02-10,1.9900000095367432,2.059999942779541,1.9900000095367432,2.0299999713897705,4450900
2026-02-11,2.0299999713897705,2.049999952316284,1.9900000095367432,2.0,3012290
2026-02-12,2.0,2.0299999713897705,1.9900000095367432,1.9900000095367432,2245589
2026-02-15,1.9900000095367432,2.049999952316284,1.9900000095367432,2.009999990463257,3929796
2026-02-16,2.009999990463257,2.0399999618530273,1.9800000190734863,1.9800000190734863,2754895
2026-02-17,1.9800000190734863,2.0,1.9299999475479126,1.9900000095367432,2011677
2026-02-18,1.9900000095367432,2.049999952316284,1.9800000190734863,2.0399999618530273,6401688
2026-02-19,2.0399999618530273,2.049999952316284,1.9500000476837158,1.9500000476837158,4484535
2026-02-22,1.9500000476837158,1.9600000381469727,1.8799999952316284,1.899999976158142,3046540
2026-02-23,1.899999976158142,1.9299999475479126,1.899999976158142,1.9299999475479126,1075088
2026-02-24,1.9299999475479126,1.940000057220459,1.840000033378601,1.8600000143051147,1759844
2026-02-25,1.8600000143051147,1.8799999952316284,1.7200000286102295,1.75,8931501
2026-02-26,1.75,1.7599999904632568,1.7100000381469727,1.75,3142372
2026-03-01,1.75,1.690000057220459,1.600000023841858,1.690000057220459,2196986
2026-03-02,1.690000057220459,1.7200000286102295,1.659999966621399,1.6799999475479126,1168824
2026-03-03,1.6799999475479126,1.7599999904632568,1.6699999570846558,1.7200000286102295,3872406
2026-03-04,1.7200000286102295,1.7599999904632568,1.7000000476837158,1.75,1272017
2026-03-05,1.75,1.7699999809265137,1.75,1.75,1244370
2026-03-08,1.75,1.7799999713897705,1.75,1.7799999713897705,1788091
2026-03-09,1.7799999713897705,1.7799999713897705,1.7400000095367432,1.7799999713897705,1948665
2026-03-10,1.7799999713897705,1.840000033378601,1.7699999809265137,1.8300000429153442,1700063
2026-03-11,1.8300000429153442,1.8799999952316284,1.8300000429153442,1.840000033378601,2884898
2026-03-12,1.840000033378601,1.840000033378601,1.7899999618530273,1.8300000429153442,1977796
2026-03-15,1.8300000429153442,1.840000033378601,1.7999999523162842,1.809999942779541,1275165
2026-03-16,1.809999942779541,1.840000033378601,1.7699999809265137,1.7999999523162842,1991622
2026-03-17,1.7999999523162842,1.850000023841858,1.7799999713897705,1.8200000524520874,2703379
2026-03-18,1.8200000524520874,1.850000023841858,1.809999942779541,1.8200000524520874,680331
2026-03-19,1.8200000524520874,1.8200000524520874,1.8200000524520874,1.8200000524520874,0
2026-03-24,1.8200000524520874,1.850000023841858,1.809999942779541,1.840000033378601,2206559
2026-03-25,1.840000033378601,1.8600000143051147,1.7999999523162842,1.840000033378601,2509855
2026-03-26,1.840000033378601,1.9199999570846558,1.840000033378601,1.8899999856948853,10978477
2026-03-29,1.8899999856948853,1.909999966621399,1.8600000143051147,1.8600000143051147,2956315
2026-03-30,1.8600000143051147,1.940000057220459,1.8600000143051147,1.8799999952316284,5825080
2026-03-31,1.8799999952316284,1.909999966621399,1.850000023841858,1.8600000143051147,2168812
2026-04-01,1.8600000143051147,1.9199999570846558,1.8600000143051147,1.899999976158142,3472931
2026-04-02,1.899999976158142,1.909999966621399,1.8700000047683716,1.8899999856948853,1738045
2026-04-05,1.8899999856948853,1.9500000476837158,1.8799999952316284,1.940000057220459,4291316
2026-04-06,1.940000057220459,1.9700000286102295,1.9199999570846558,1.9199999570846558,2830144
2026-04-07,1.9199999570846558,1.940000057220459,1.8700000047683716,1.899999976158142,2936436
2026-04-08,1.899999976158142,2.0199999809265137,1.9199999570846558,2.009999990463257,10425549
2026-04-09,2.009999990463257,2.140000104904175,1.9900000095367432,2.109999895095825,22280360
2026-04-14,2.109999895095825,2.2100000381469727,2.119999885559082,2.1600000858306885,13835026
2026-04-15,2.1600000858306885,2.190000057220459,2.130000114440918,2.1700000762939453,6110853
2026-04-16,2.1700000762939453,2.2699999809265137,2.190000057220459,2.240000009536743,14425067
2026-04-19,2.240000009536743,2.299999952316284,2.2200000286102295,2.25,14025317
2026-04-20,2.25,2.259999990463257,2.200000047683716,2.2200000286102295,10051512
2026-04-21,2.2200000286102295,2.259999990463257,2.2200000286102295,2.2200000286102295,6458514
2026-04-22,2.2200000286102295,2.609999895095825,2.200000047683716,2.3399999141693115,96315503
2026-04-23,2.3399999141693115,2.5199999809265137,2.240000009536743,2.5,36051300
2026-04-26,2.5,2.7699999809265137,2.5,2.509999990463257,50866987
2026-04-27,2.509999990463257,2.5799999237060547,2.5,2.5199999809265137,9423548
2026-04-28,2.5199999809265137,2.5,2.380000114440918,2.4200000762939453,15906260
2026-04-29,2.4200000762939453,2.450000047683716,2.3299999237060547,2.3499999046325684,8713283
2026-04-30,2.3499999046325684,2.380000114440918,2.2799999713897705,2.3299999237060547,10502162
2026-05-03,2.3299999237060547,2.4100000858306885,2.319999933242798,2.3499999046325684,9160525
2026-05-04,2.3499999046325684,2.430000066757202,2.3399999141693115,2.3499999046325684,8621233
2026-05-05,2.3499999046325684,2.4100000858306885,2.3399999141693115,2.3499999046325684,4667009
2026-05-06,2.3499999046325684,2.450000047683716,2.359999895095825,2.359999895095825,10847503
2026-05-10,2.359999895095825,2.4000000953674316,2.3499999046325684,2.359999895095825,5444062
2026-05-11,2.359999895095825,2.4000000953674316,2.3299999237060547,2.3399999141693115,3246725
2026-05-12,2.3399999141693115,2.369999885559082,2.319999933242798,2.3499999046325684,3108683
2026-05-13,2.3499999046325684,2.440000057220459,2.319999933242798,2.4000000953674316,16311790
2026-05-14,2.4000000953674316,2.509999990463257,2.4200000762939453,2.440000057220459,18218974
2026-05-17,2.440000057220459,2.5799999237060547,2.450000047683716,2.5,18499170
2026-05-18,2.5,2.549999952316284,2.450000047683716,2.450000047683716,8645332
2026-05-19,2.450000047683716,2.5199999809265137,2.4100000858306885,2.4200000762939453,6283916
2026-05-20,2.4200000762939453,2.4700000286102295,2.2799999713897705,2.2899999618530273,5742082
2026-05-21,2.2899999618530273,2.3499999046325684,2.2699999809265137,2.2899999618530273,5058647
2026-05-24,2.2899999618530273,2.359999895095825,2.299999952316284,2.319999933242798,2839026
2026-05-25,2.319999933242798,2.3399999141693115,2.2899999618530273,2.299999952316284,2864805
2026-05-26,2.299999952316284,2.299999952316284,2.299999952316284,2.299999952316284,0
2026-05-27,2.299999952316284,2.299999952316284,2.299999952316284,2.299999952316284,0
2026-05-28,2.299999952316284,2.299999952316284,2.299999952316284,2.299999952316284,0
2026-06-01,2.299999952316284,2.3399999141693115,2.299999952316284,2.309999942779541,3244327
2026-06-02,2.309999942779541,2.440000057220459,2.309999942779541,2.4000000953674316,7435396
2026-06-03,2.4000000953674316,2.4600000381469727,2.369999885559082,2.369999885559082,5786724
2026-06-04,2.369999885559082,2.4200000762939453,2.359999895095825,2.380000114440918,7203746
2026-06-07,2.380000114440918,2.440000057220459,2.359999895095825,2.380000114440918,3392442
2026-06-08,2.380000114440918,2.5199999809265137,2.3499999046325684,2.430000066757202,16148563
2026-06-09,2.430000066757202,2.549999952316284,2.450000047683716,2.4700000286102295,13370893
2026-06-10,2.4700000286102295,2.5399999618530273,2.369999885559082,2.390000104904175,8375642
2026-06-11,2.390000104904175,2.380000114440918,2.299999952316284,2.319999933242798,7707397
2026-06-14,2.319999933242798,2.4100000858306885,2.369999885559082,2.390000104904175,2411688
2026-06-15,2.390000104904175,2.4200000762939453,2.359999895095825,2.369999885559082,2109569
2026-06-16,2.369999885559082,2.450000047683716,2.359999895095825,2.4200000762939453,4485277
2026-06-17,2.4200000762939453,2.4200000762939453,2.4200000762939453,2.4200000762939453,0
2026-06-18,2.4200000762939453,2.4200000762939453,2.4200000762939453,2.4200000762939453,0
2026-06-21,2.450000047683716,2.5199999809265137,2.450000047683716,2.5,7102009
2026-06-22,2.5,2.5,2.5,2.5,0
2026-06-23,2.440000057220459,2.440000057220459,2.380000114440918,2.4100000858306885,3190284
2026-06-24,2.4100000858306885,2.430000066757202,2.380000114440918,2.4000000953674316,2475108
2026-06-25,2.4000000953674316,2.4700000286102295,2.4100000858306885,2.4200000762939453,4278801
2026-06-28,2.4200000762939453,2.5399999618530273,2.359999895095825,2.359999895095825,3101859
2026-06-29,2.359999895095825,2.390000104904175,2.3499999046325684,2.359999895095825,2081576
2026-06-30,2.359999895095825,2.4800000190734863,2.369999885559082,2.4800000190734863,6762065
2026-07-01,2.4800000190734863,2.549999952316284,2.4700000286102295,2.490000009536743,12466359
2026-07-05,2.490000009536743,2.740000009536743,2.490000009536743,2.7300000190734863,34683374
2026-07-06,2.7300000190734863,2.759999990463257,2.6600000858306885,2.7100000381469727,12079857
2026-07-07,2.7100000381469727,2.890000104904175,2.7100000381469727,2.8499999046325684,16324108
2026-07-08,2.8499999046325684,2.8499999046325684,2.7200000286102295,2.7300000190734863,7689704
2026-07-09,2.7300000190734863,2.890000104904175,2.7300000190734863,2.7899999618530273,10849332
2026-07-12,2.7899999618530273,2.9000000953674316,2.7899999618530273,2.809999942779541,4640683
2026-07-13,2.809999942779541,2.8299999237060547,2.759999990463257,2.7799999713897705,2528781
2026-07-14,2.7799999713897705,2.7899999618530273,2.7100000381469727,2.7300000190734863,3838020
2026-07-15,2.7300000190734863,2.809999942779541,2.7200000286102295,2.740000009536743,6444354
2026-07-16,2.740000009536743,2.8499999046325684,2.7300000190734863,2.7799999713897705,8582325
2026-07-19,2.7799999713897705,2.809999942779541,2.75,2.759999990463257,3524653
2026-07-20,2.759999990463257,2.890000104904175,2.75,2.7699999809265137,6789331
2026-07-21,2.7699999809265137,2.8399999141693115,2.75,2.759999990463257,4717643
2026-07-22,2.759999990463257,2.799999952316284,2.700000047683716,2.7300000190734863,6893265
2026-07-26,2.7300000190734863,2.7699999809265137,2.700000047683716,2.7200000286102295,4359751
2026-07-27,2.7200000286102295,2.8399999141693115,2.7300000190734863,2.7899999618530273,6724497
2026-07-28,2.7899999618530273,2.799999952316284,2.7200000286102295,2.7200000286102295,3079761
2026-07-29,2.7200000286102295,2.75,2.5999999046325684,2.690000057220459,3984159
2026-07-30,2.690000057220459,2.7100000381469727,2.5399999618530273,2.5999999046325684,5064039
2026-08-02,2.5999999046325684,2.6700000762939453,2.569999933242798,2.609999895095825,1920872
2026-08-03,2.609999895095825,2.7699999809265137,2.640000104904175,2.7200000286102295,4730357
2026-08-04,2.7200000286102295,2.75,2.6600000858306885,2.6700000762939453,2251671
2026-08-05,2.6700000762939453,2.7899999618530273,2.680000066757202,2.700000047683716,8439579
2026-08-06,2.700000047683716,2.75,2.6600000858306885,2.6700000762939453,3626138
