date,open,high,low,close,volume
2022-01-02,6.710000038146973,6.900000095367432,6.690000057220459,6.739999771118164,10059408
2022-01-03,6.739999771118164,6.78000020980835,6.590000152587891,6.619999885559082,7255661
2022-01-04,6.619999885559082,6.809999942779541,6.639999866485596,6.800000190734863,7792769
2022-01-05,6.800000190734863,6.949999809265137,6.769999980926514,6.800000190734863,7906723
2022-01-09,6.800000190734863,6.800000190734863,6.800000190734863,6.800000190734863,0
2022-01-10,6.78000020980835,6.78000020980835,6.610000133514404,6.630000114440918,5302393
2022-01-11,6.630000114440918,6.710000038146973,6.480000019073486,6.590000152587891,9621571
2022-01-12,6.590000152587891,6.630000114440918,6.340000152587891,6.409999847412109,5094904
2022-01-13,6.409999847412109,6.449999809265137,6.21999979019165,6.300000190734863,4226426
2022-01-16,6.300000190734863,6.289999961853027,6.070000171661377,6.179999828338623,3221057
2022-01-17,6.179999828338623,6.400000095367432,6.159999847412109,6.360000133514404,3582470
2022-01-18,6.360000133514404,6.579999923706055,6.269999980926514,6.519999980926514,5253366
2022-01-19,6.519999980926514,6.619999885559082,6.420000076293945,6.449999809265137,4471613
2022-01-20,6.449999809265137,6.489999771118164,6.349999904632568,6.400000095367432,4518115
2022-01-23,6.400000095367432,6.360000133514404,6.070000171661377,6.119999885559082,5028410
2022-01-24,6.119999885559082,6.21999979019165,5.980000019073486,6.150000095367432,2971963
2022-01-25,6.150000095367432,6.300000190734863,6.150000095367432,6.25,3212294
2022-01-26,6.25,6.409999847412109,6.199999809265137,6.230000019073486,3589772
2022-01-30,6.230000019073486,6.309999942779541,6.159999847412109,6.179999828338623,1489535
2022-01-31,6.179999828338623,6.329999923706055,6.099999904632568,6.28000020980835,4581269
2022-02-01,6.28000020980835,6.440000057220459,6.300000190734863,6.409999847412109,2367598
2022-02-02,6.409999847412109,6.639999866485596,6.449999809265137,6.559999942779541,7855982
2022-02-03,6.559999942779541,6.630000114440918,6.449999809265137,6.46999979019165,3980027
2022-02-06,6.46999979019165,6.699999809265137,6.429999828338623,6.690000057220459,8148381
2022-02-07,6.690000057220459,6.760000228881836,6.400000095367432,6.480000019073486,7828484
2022-02-08,6.480000019073486,6.5,6.360000133514404,6.380000114440918,2193461
2022-02-09,6.380000114440918,6.570000171661377,6.380000114440918,6.510000228881836,7496098
2022-02-10,6.510000228881836,6.539999961853027,6.210000038146973,6.28000020980835,5762754
2022-02-13,6.28000020980835,6.260000228881836,5.980000019073486,6.0,3624183
2022-02-14,6.0,6.099999904632568,5.849999904632568,5.909999847412109,3624029
2022-02-15,5.909999847412109,6.070000171661377,5.849999904632568,5.929999828338623,3871384
2022-02-16,5.929999828338623,6.190000057220459,5.960000038146973,6.019999980926514,5583621
2022-02-17,6.019999980926514,6.079999923706055,5.909999847412109,5.929999828338623,2030129
2022-02-20,5.929999828338623,5.940000057220459,5.579999923706055,5.619999885559082,5339417
2022-02-21,5.619999885559082,5.730000019073486,5.480000019073486,5.639999866485596,5126417
2022-02-22,5.639999866485596,5.699999809265137,5.369999885559082,5.550000190734863,5572397
2022-02-23,5.550000190734863,5.630000114440918,5.440000057220459,5.460000038146973,3040472
2022-02-24,5.460000038146973,5.210000038146973,4.760000228881836,4.949999809265137,7127694
2022-02-27,4.949999809265137,5.269999980926514,5.019999980926514,5.190000057220459,3741386
2022-02-28,5.190000057220459,5.150000095367432,4.960000038146973,4.960000038146973,4428150
2022-03-01,4.960000038146973,5.25,5.010000228881836,5.25,4591113
2022-03-02,5.25,5.349999904632568,5.179999828338623,5.190000057220459,6205982
2022-03-03,5.190000057220459,5.340000152587891,5.170000076293945,5.199999809265137,5564611
2022-03-06,5.199999809265137,5.21999979019165,5.099999904632568,5.130000114440918,2211298
2022-03-07,5.130000114440918,5.099999904632568,4.849999904632568,4.900000095367432,2797481
2022-03-08,4.900000095367432,4.900000095367432,4.900000095367432,4.900000095367432,0
2022-03-09,4.630000114440918,4.71999979019165,4.539999961853027,4.579999923706055,3329587
2022-03-10,4.579999923706055,4.809999942779541,4.579999923706055,4.769999980926514,5052322
2022-03-13,4.769999980926514,4.849999904632568,4.570000171661377,4.590000152587891,5010378
2022-03-14,4.590000152587891,4.639999866485596,4.590000152587891,4.639999866485596,3781133
2022-03-15,4.639999866485596,4.699999809265137,4.440000057220459,4.559999942779541,4058526
2022-03-16,4.559999942779541,5.0,4.610000133514404,4.980000019073486,9066679
2022-03-17,4.980000019073486,5.170000076293945,4.920000076293945,4.980000019073486,8826285
2022-03-20,4.980000019073486,5.099999904632568,4.980000019073486,5.079999923706055,5842225
2022-03-21,5.079999923706055,5.599999904632568,5.079999923706055,5.570000171661377,16834516
2022-03-22,5.570000171661377,6.050000190734863,5.579999923706055,5.579999923706055,16061856
2022-03-23,5.579999923706055,6.110000133514404,5.5,5.980000019073486,11502732
2022-03-24,5.980000019073486,6.300000190734863,5.960000038146973,5.960000038146973,11508091
2022-03-27,5.960000038146973,6.199999809265137,5.820000171661377,6.070000171661377,8595200
2022-03-28,6.070000171661377,6.179999828338623,5.650000095367432,5.75,7544536
2022-03-29,5.75,5.940000057220459,5.650000095367432,5.880000114440918,6075381
2022-03-30,5.880000114440918,6.070000171661377,5.760000228881836,5.800000190734863,6909961
2022-03-31,5.800000190734863,5.880000114440918,5.690000057220459,5.829999923706055,4598520
2022-04-03,5.829999923706055,5.980000019073486,5.820000171661377,5.940000057220459,3456803
2022-04-04,5.940000057220459,6.21999979019165,6.0,6.150000095367432,8705143
2022-04-05,6.150000095367432,6.289999961853027,6.130000114440918,6.159999847412109,8290257
2022-04-06,6.159999847412109,6.28000020980835,6.039999961853027,6.079999923706055,6339919
2022-04-07,6.079999923706055,6.150000095367432,5.900000095367432,5.96999979019165,5674314
2022-04-10,5.96999979019165,5.929999828338623,5.659999847412109,5.800000190734863,4746548
2022-04-11,5.800000190734863,5.829999923706055,5.400000095367432,5.489999771118164,3959853
2022-04-12,5.489999771118164,5.630000114440918,5.449999809265137,5.519999980926514,4035304
2022-04-13,5.519999980926514,5.570000171661377,5.260000228881836,5.320000171661377,3723654
2022-04-14,5.320000171661377,5.300000190734863,4.909999847412109,5.039999961853027,4511570
2022-04-17,5.039999961853027,5.190000057220459,4.75,4.809999942779541,4690770
2022-04-18,4.809999942779541,5.019999980926514,4.75,4.940000057220459,3699293
2022-04-19,4.940000057220459,5.179999828338623,4.949999809265137,5.130000114440918,4601338
2022-04-20,5.130000114440918,5.269999980926514,5.050000190734863,5.210000038146973,4937783
2022-04-21,5.210000038146973,5.460000038146973,5.150000095367432,5.409999847412109,7246299
2022-04-26,5.409999847412109,5.480000019073486,5.25,5.289999961853027,2395782
2022-04-27,5.289999961853027,5.420000076293945,5.25,5.260000228881836,2257863
2022-04-28,5.260000228881836,5.880000114440918,5.289999961853027,5.75,6288855
2022-05-08,5.75,5.889999866485596,5.570000171661377,5.800000190734863,4751904
2022-05-09,5.800000190734863,5.909999847412109,5.599999904632568,5.699999809265137,4679625
2022-05-10,5.699999809265137,5.71999979019165,5.590000152587891,5.650000095367432,2148655
2022-05-11,5.650000095367432,5.800000190734863,5.650000095367432,5.730000019073486,2719061
2022-05-12,5.730000019073486,5.699999809265137,5.460000038146973,5.519999980926514,3088229
2022-05-15,5.519999980926514,5.630000114440918,5.360000133514404,5.429999828338623,1535538
2022-05-16,5.429999828338623,5.429999828338623,5.28000020980835,5.369999885559082,1061091
2022-05-17,5.369999885559082,5.550000190734863,5.389999866485596,5.400000095367432,1242145
2022-05-18,5.400000095367432,5.480000019073486,5.320000171661377,5.349999904632568,966843
2022-05-19,5.349999904632568,5.300000190734863,5.170000076293945,5.300000190734863,1841018
2022-05-22,5.300000190734863,5.349999904632568,5.25,5.260000228881836,511259
2022-05-23,5.260000228881836,5.349999904632568,5.260000228881836,5.28000020980835,1776871
2022-05-24,5.28000020980835,5.349999904632568,5.0,5.090000152587891,1809655
2022-05-25,5.090000152587891,5.099999904632568,4.889999866485596,4.929999828338623,2440069
2022-05-26,4.929999828338623,4.989999771118164,4.699999809265137,4.78000020980835,3592271
2022-05-29,4.78000020980835,4.800000190734863,4.550000190734863,4.559999942779541,4591292
2022-05-30,4.559999942779541,4.739999771118164,4.539999961853027,4.650000095367432,11060477
2022-05-31,4.650000095367432,4.769999980926514,4.449999809265137,4.449999809265137,9892794
2022-06-01,4.449999809265137,4.650000095367432,4.320000171661377,4.360000133514404,6824748
2022-06-02,4.360000133514404,4.400000095367432,4.239999771118164,4.389999866485596,9768053
2022-06-05,4.389999866485596,4.389999866485596,4.389999866485596,4.389999866485596,0
2022-06-06,4.46999979019165,4.519999980926514,4.429999828338623,4.519999980926514,3231371
2022-06-07,4.519999980926514,4.570000171661377,4.480000019073486,4.489999771118164,6452717
2022-06-08,4.489999771118164,4.800000190734863,4.519999980926514,4.730000019073486,14228750
2022-06-09,4.730000019073486,4.829999923706055,4.690000057220459,4.71999979019165,4330230
2022-06-12,4.71999979019165,4.989999771118164,4.619999885559082,4.980000019073486,8898040
2022-06-13,4.980000019073486,5.070000171661377,4.829999923706055,4.849999904632568,5829019
2022-06-14,4.849999904632568,4.96999979019165,4.789999961853027,4.889999866485596,4831890
2022-06-15,4.889999866485596,5.119999885559082,4.980000019073486,5.059999942779541,6653925
2022-06-16,5.059999942779541,5.110000133514404,5.039999961853027,5.050000190734863,2875550
2022-06-19,5.050000190734863,5.019999980926514,4.849999904632568,4.860000133514404,1657190
2022-06-20,4.860000133514404,4.909999847412109,4.699999809265137,4.860000133514404,1694166
2022-06-21,4.860000133514404,5.179999828338623,4.940000057220459,5.090000152587891,4373485
2022-06-22,5.090000152587891,5.190000057220459,4.949999809265137,4.96999979019165,3479635
2022-06-23,4.96999979019165,4.980000019073486,4.880000114440918,4.909999847412109,1049472
2022-06-26,4.909999847412109,5.159999847412109,4.96999979019165,5.039999961853027,3973442
2022-06-27,5.039999961853027,5.070000171661377,4.820000171661377,4.869999885559082,1405284
2022-06-28,4.869999885559082,4.980000019073486,4.710000038146973,4.980000019073486,2602331
2022-06-29,4.980000019073486,5.019999980926514,4.860000133514404,4.920000076293945,2585829
2022-07-03,4.920000076293945,4.96999979019165,4.840000152587891,4.889999866485596,1611615
2022-07-04,4.889999866485596,4.940000057220459,4.619999885559082,4.730000019073486,3104932
2022-07-05,4.730000019073486,5.099999904632568,4.800000190734863,4.829999923706055,5141104
2022-07-06,4.829999923706055,4.949999809265137,4.769999980926514,4.940000057220459,1173736
2022-07-07,4.940000057220459,5.070000171661377,4.829999923706055,4.889999866485596,2291941
2022-07-17,4.889999866485596,4.940000057220459,4.760000228881836,4.909999847412109,997426
2022-07-18,4.909999847412109,5.150000095367432,4.940000057220459,5.090000152587891,3609152
2022-07-19,5.090000152587891,5.349999904632568,5.0,5.25,10548177
2022-07-20,5.25,5.369999885559082,5.25,5.369999885559082,5871335
2022-07-21,5.369999885559082,5.460000038146973,5.369999885559082,5.389999866485596,2761976
2022-07-24,5.389999866485596,5.550000190734863,5.389999866485596,5.420000076293945,2314458
2022-07-25,5.420000076293945,5.46999979019165,5.300000190734863,5.329999923706055,1445300
2022-07-26,5.329999923706055,5.489999771118164,5.300000190734863,5.389999866485596,827294
2022-07-27,5.389999866485596,5.480000019073486,5.300000190734863,5.300000190734863,801721
2022-07-28,5.300000190734863,5.440000057220459,5.300000190734863,5.380000114440918,1157833
2022-07-31,5.380000114440918,5.579999923706055,5.389999866485596,5.559999942779541,4313597
2022-08-01,5.559999942779541,5.670000076293945,5.329999923706055,5.349999904632568,4576553
2022-08-02,5.349999904632568,5.429999828338623,5.329999923706055,5.360000133514404,1231455
2022-08-03,5.360000133514404,5.440000057220459,5.369999885559082,5.369999885559082,832829
2022-08-04,5.369999885559082,5.789999961853027,5.389999866485596,5.699999809265137,6317828
2022-08-07,5.699999809265137,6.0,5.71999979019165,5.980000019073486,6614622
2022-08-08,5.980000019073486,6.099999904632568,5.880000114440918,5.920000076293945,2594950
2022-08-09,5.920000076293945,5.989999771118164,5.710000038146973,5.760000228881836,3611700
2022-08-10,5.760000228881836,5.860000133514404,5.71999979019165,5.75,1864993
2022-08-11,5.75,5.789999961853027,5.670000076293945,5.699999809265137,929585
2022-08-14,5.699999809265137,5.840000152587891,5.699999809265137,5.75,2075166
2022-08-15,5.75,5.800000190734863,5.619999885559082,5.679999828338623,2471734
2022-08-16,5.679999828338623,5.75,5.519999980926514,5.579999923706055,2534663
2022-08-17,5.579999923706055,5.980000019073486,5.579999923706055,5.869999885559082,5128709
2022-08-18,5.869999885559082,5.869999885559082,5.869999885559082,5.869999885559082,0
2022-08-21,5.829999923706055,6.070000171661377,5.820000171661377,6.039999961853027,3746323
2022-08-22,6.039999961853027,6.260000228881836,5.849999904632568,6.199999809265137,6880950
2022-08-23,6.199999809265137,6.199999809265137,6.199999809265137,6.199999809265137,0
2022-08-24,6.059999942779541,6.170000076293945,5.880000114440918,5.940000057220459,3162219
2022-08-25,5.940000057220459,6.389999866485596,5.929999828338623,6.269999980926514,8673862
2022-08-28,6.269999980926514,6.289999961853027,6.139999866485596,6.210000038146973,3432586
2022-08-29,6.210000038146973,6.28000020980835,6.070000171661377,6.110000133514404,2320600
2022-08-30,6.110000133514404,6.170000076293945,6.0,6.03000020980835,2863472
2022-08-31,6.03000020980835,6.110000133514404,5.920000076293945,5.940000057220459,1074140
2022-09-01,5.940000057220459,6.050000190734863,5.900000095367432,5.909999847412109,1495983
2022-09-04,5.909999847412109,6.070000171661377,5.900000095367432,6.039999961853027,600206
2022-09-05,6.039999961853027,6.21999979019165,6.0,6.199999809265137,2327662
2022-09-06,6.199999809265137,6.550000190734863,6.190000057220459,6.449999809265137,5094672
2022-09-07,6.449999809265137,6.5,6.25,6.309999942779541,1706377
2022-09-08,6.309999942779541,6.46999979019165,6.260000228881836,6.380000114440918,746254
2022-09-11,6.380000114440918,6.630000114440918,6.440000057220459,6.539999961853027,3678843
2022-09-12,6.539999961853027,6.630000114440918,6.46999979019165,6.53000020980835,2706928
2022-09-13,6.53000020980835,6.599999904632568,6.429999828338623,6.449999809265137,1399006
2022-09-14,6.449999809265137,6.389999866485596,6.139999866485596,6.179999828338623,1179985
2022-09-15,6.179999828338623,6.25,5.929999828338623,6.159999847412109,1266036
2022-09-18,6.159999847412109,6.059999942779541,5.550000190734863,5.639999866485596,1169257
2022-09-19,5.639999866485596,5.75,5.5,5.730000019073486,947107
2022-09-20,5.730000019073486,5.900000095367432,5.639999866485596,5.820000171661377,1488856
2022-09-21,5.820000171661377,5.989999771118164,5.619999885559082,5.75,3137181
2022-09-22,5.75,5.829999923706055,5.639999866485596,5.730000019073486,755302
2022-09-25,5.730000019073486,5.800000190734863,5.590000152587891,5.610000133514404,1054618
2022-09-26,5.610000133514404,5.760000228881836,5.650000095367432,5.699999809265137,754907
2022-09-27,5.699999809265137,5.849999904632568,5.730000019073486,5.809999942779541,1597399
2022-09-28,5.809999942779541,5.860000133514404,5.730000019073486,5.75,939643
2022-09-29,5.75,5.840000152587891,5.710000038146973,5.75,917981
2022-10-02,5.75,5.789999961853027,5.579999923706055,5.610000133514404,589573
2022-10-03,5.610000133514404,5.679999828338623,5.53000020980835,5.639999866485596,507655
2022-10-04,5.639999866485596,5.920000076293945,5.710000038146973,5.860000133514404,2655092
2022-10-05,5.860000133514404,5.980000019073486,5.820000171661377,5.840000152587891,1975754
2022-10-09,5.840000152587891,5.849999904632568,5.670000076293945,5.699999809265137,856518
2022-10-10,5.699999809265137,5.769999980926514,5.610000133514404,5.639999866485596,1387643
2022-10-11,5.639999866485596,5.659999847412109,5.449999809265137,5.519999980926514,1470636
2022-10-12,5.519999980926514,5.599999904632568,5.380000114440918,5.400000095367432,927221
2022-10-13,5.400000095367432,5.53000020980835,5.420000076293945,5.46999979019165,615749
2022-10-16,5.46999979019165,5.739999771118164,5.5,5.650000095367432,1654815
2022-10-17,5.650000095367432,5.849999904632568,5.659999847412109,5.75,2847937
2022-10-18,5.75,5.849999904632568,5.690000057220459,5.710000038146973,1833137
2022-10-19,5.710000038146973,5.710000038146973,5.53000020980835,5.599999904632568,1961349
2022-10-20,5.599999904632568,5.75,5.610000133514404,5.690000057220459,2180981
2022-10-23,5.690000057220459,5.800000190734863,5.690000057220459,5.699999809265137,1479508
2022-10-24,5.699999809265137,5.789999961853027,5.659999847412109,5.690000057220459,1416952
2022-10-25,5.690000057220459,5.789999961853027,5.599999904632568,5.769999980926514,2024359
2022-10-26,5.769999980926514,5.769999980926514,5.769999980926514,5.769999980926514,0
2022-10-27,6.0,6.230000019073486,5.900000095367432,5.920000076293945,10339764
2022-10-30,5.920000076293945,6.0,5.730000019073486,5.800000190734863,5268916
2022-10-31,5.800000190734863,5.860000133514404,5.690000057220459,5.860000133514404,3545282
2022-11-01,5.860000133514404,6.0,5.840000152587891,5.880000114440918,4852888
2022-11-02,5.880000114440918,5.920000076293945,5.690000057220459,5.710000038146973,2208649
2022-11-03,5.710000038146973,5.78000020980835,5.630000114440918,5.710000038146973,1558445
2022-11-06,5.710000038146973,5.820000171661377,5.670000076293945,5.699999809265137,823885
2022-11-07,5.699999809265137,5.820000171661377,5.679999828338623,5.699999809265137,2463431
2022-11-08,5.699999809265137,5.789999961853027,5.519999980926514,5.559999942779541,3305360
2022-11-09,5.559999942779541,5.639999866485596,5.489999771118164,5.550000190734863,3215592
2022-11-10,5.550000190734863,5.760000228881836,5.559999942779541,5.730000019073486,7354004
2022-11-13,5.730000019073486,5.989999771118164,5.78000020980835,5.880000114440918,11238560
2022-11-14,5.880000114440918,5.909999847412109,5.769999980926514,5.869999885559082,5636868
2022-11-15,5.869999885559082,5.949999809265137,5.800000190734863,5.809999942779541,4451894
2022-11-16,5.809999942779541,5.929999828338623,5.800000190734863,5.860000133514404,8286964
2022-11-17,5.860000133514404,5.949999809265137,5.860000133514404,5.880000114440918,5174172
2022-11-20,5.880000114440918,5.940000057220459,5.829999923706055,5.840000152587891,3752161
2022-11-21,5.840000152587891,5.900000095367432,5.769999980926514,5.809999942779541,2328226
2022-11-22,5.809999942779541,6.179999828338623,5.809999942779541,6.139999866485596,16544490
2022-11-23,6.139999866485596,6.199999809265137,6.019999980926514,6.050000190734863,7578812
2022-11-24,6.050000190734863,6.239999771118164,6.039999961853027,6.190000057220459,6922789
2022-11-27,6.190000057220459,6.269999980926514,6.159999847412109,6.190000057220459,4725367
2022-11-28,6.190000057220459,6.230000019073486,6.0,6.03000020980835,3126197
2022-11-29,6.03000020980835,6.199999809265137,6.0,6.090000152587891,3741502
2022-11-30,6.090000152587891,6.28000020980835,6.090000152587891,6.239999771118164,8646701
2022-12-01,6.239999771118164,6.519999980926514,6.25,6.519999980926514,10976393
2022-12-04,6.519999980926514,7.090000152587891,6.519999980926514,7.050000190734863,18541437
2022-12-05,7.050000190734863,7.329999923706055,6.960000038146973,7.099999904632568,29948358
2022-12-06,7.099999904632568,7.559999942779541,7.019999980926514,7.400000095367432,22035118
2022-12-07,7.400000095367432,7.760000228881836,7.449999809265137,7.519999980926514,13035920
2022-12-08,7.519999980926514,7.599999904632568,7.380000114440918,7.400000095367432,5824629
2022-12-11,7.400000095367432,7.510000228881836,7.090000152587891,7.110000133514404,7231709
2022-12-12,7.110000133514404,7.300000190734863,6.909999847412109,7.239999771118164,4617695
2022-12-13,7.239999771118164,8.0,7.300000190734863,7.96999979019165,12286944
2022-12-14,7.96999979019165,8.449999809265137,7.800000190734863,8.1899995803833,12603029
2022-12-15,8.1899995803833,8.5,7.849999904632568,7.889999866485596,5499818
2022-12-18,7.889999866485596,8.100000381469727,7.789999961853027,7.96999979019165,5135323
2022-12-19,7.96999979019165,8.229999542236328,7.940000057220459,8.149999618530273,4807757
2022-12-20,8.149999618530273,8.59000015258789,8.069999694824219,8.149999618530273,7237943
2022-12-21,8.149999618530273,8.399999618530273,8.0,8.199999809265137,4689572
2022-12-22,8.199999809265137,8.279999732971191,7.800000190734863,7.829999923706055,3660717
2022-12-25,7.829999923706055,7.900000095367432,7.539999961853027,7.619999885559082,2205645
2022-12-26,7.619999885559082,7.980000019073486,7.670000076293945,7.940000057220459,2492156
2022-12-27,7.940000057220459,8.09000015258789,7.849999904632568,7.940000057220459,2978993
2022-12-28,7.940000057220459,8.069999694824219,7.940000057220459,8.039999961853027,1243516
2022-12-29,8.039999961853027,8.119999885559082,7.920000076293945,7.960000038146973,2792759
2023-01-02,7.960000038146973,8.800000190734863,7.929999828338623,8.699999809265137,8668591
2023-01-03,8.699999809265137,9.289999961853027,8.699999809265137,9.100000381469727,9359739
2023-01-04,9.100000381469727,9.329999923706055,8.5,9.1899995803833,15468398
2023-01-05,9.1899995803833,9.300000190734863,8.880000114440918,8.930000305175781,8981489
2023-01-09,8.930000305175781,9.270000457763672,8.8100004196167,8.869999885559082,11403573
2023-01-10,8.869999885559082,9.09000015258789,8.680000305175781,9.079999923706055,12457773
2023-01-11,9.079999923706055,10.100000381469727,9.079999923706055,9.3100004196167,30560544
2023-01-12,9.3100004196167,10.350000381469727,9.199999809265137,10.300000190734863,20198402
2023-01-15,10.300000190734863,11.140000343322754,10.460000038146973,10.609999656677246,24418995
2023-01-16,10.609999656677246,10.739999771118164,10.390000343322754,10.449999809265137,9589584
2023-01-17,10.449999809265137,11.479999542236328,10.5,10.90999984741211,22731763
2023-01-18,10.90999984741211,11.300000190734863,10.529999732971191,10.680000305175781,9529279
2023-01-19,10.680000305175781,11.390000343322754,10.619999885559082,11.390000343322754,8663914
2023-01-22,11.390000343322754,11.739999771118164,11.199999809265137,11.199999809265137,7972946
2023-01-23,11.199999809265137,11.970000267028809,11.199999809265137,11.5,14124720
2023-01-24,11.5,11.65999984741211,11.1899995803833,11.300000190734863,10069153
2023-01-25,11.300000190734863,11.479999542236328,10.949999809265137,11.369999885559082,10228668
2023-01-29,11.369999885559082,11.550000190734863,11.100000381469727,11.180000305175781,8437026
2023-01-30,11.180000305175781,11.329999923706055,10.319999694824219,10.399999618530273,11739972
2023-01-31,10.399999618530273,10.920000076293945,10.079999923706055,10.100000381469727,12604373
2023-02-01,10.100000381469727,10.300000190734863,9.859999656677246,9.899999618530273,10976149
2023-02-02,9.899999618530273,10.199999809265137,9.260000228881836,9.359999656677246,9870478
2023-02-05,9.359999656677246,9.470000267028809,8.260000228881836,9.34000015258789,26672901
2023-02-06,9.34000015258789,9.789999961853027,9.210000038146973,9.449999809265137,9865730
2023-02-07,9.449999809265137,9.670000076293945,9.390000343322754,9.449999809265137,7325430
2023-02-08,9.449999809265137,9.569999694824219,9.199999809265137,9.229999542236328,3993461
2023-02-09,9.229999542236328,9.890000343322754,9.229999542236328,9.760000228881836,8698154
2023-02-12,9.760000228881836,10.3100004196167,9.829999923706055,9.949999809265137,15442661
2023-02-13,9.949999809265137,10.100000381469727,9.649999618530273,9.739999771118164,7745611
2023-02-14,9.739999771118164,10.520000457763672,9.770000457763672,10.520000457763672,16673487
2023-02-15,10.520000457763672,10.800000190734863,10.350000381469727,10.600000381469727,16105725
2023-02-16,10.600000381469727,10.819999694824219,10.5,10.529999732971191,7960762
2023-02-19,10.529999732971191,10.649999618530273,10.100000381469727,10.229999542236328,4824404
2023-02-20,10.229999542236328,10.359999656677246,9.609999656677246,9.710000038146973,7333287
2023-02-21,9.710000038146973,10.140000343322754,9.609999656677246,10.130000114440918,5979287
2023-02-22,10.130000114440918,10.1899995803833,9.569999694824219,9.649999618530273,5286437
2023-02-23,9.649999618530273,9.800000190734863,9.449999809265137,9.75,3687844
2023-02-26,9.75,9.880000114440918,9.680000305175781,9.8100004196167,3039609
2023-02-27,9.8100004196167,10.100000381469727,9.819999694824219,9.899999618530273,8021570
2023-02-28,9.899999618530273,10.050000190734863,9.710000038146973,9.75,10820471
2023-03-01,9.75,9.869999885559082,9.520000457763672,9.600000381469727,5123465
2023-03-02,9.600000381469727,9.75,9.359999656677246,9.359999656677246,6006990
2023-03-05,9.359999656677246,9.4399995803833,9.050000190734863,9.199999809265137,7986002
2023-03-06,9.199999809265137,9.550000190734863,9.199999809265137,9.3100004196167,7720584
2023-03-07,9.3100004196167,9.4399995803833,8.9399995803833,8.949999809265137,5199262
2023-03-08,8.949999809265137,9.0600004196167,8.75,8.819999694824219,3907792
2023-03-09,8.819999694824219,9.09000015258789,8.819999694824219,9.050000190734863,3080186
2023-03-12,9.050000190734863,9.010000228881836,8.449999809265137,8.449999809265137,3387101
2023-03-13,8.449999809265137,8.649999618530273,7.71999979019165,7.869999885559082,4304165
2023-03-14,7.869999885559082,8.210000038146973,7.739999771118164,8.149999618530273,2712622
2023-03-15,8.149999618530273,8.25,6.519999980926514,7.079999923706055,5103391
2023-03-16,7.079999923706055,7.610000133514404,6.559999942779541,7.489999771118164,4923862
2023-03-19,7.489999771118164,7.599999904632568,7.130000114440918,7.460000038146973,3158119
2023-03-20,7.460000038146973,7.949999809265137,7.460000038146973,7.710000038146973,6137287
2023-03-21,7.710000038146973,8.0600004196167,7.800000190734863,7.949999809265137,4427002
2023-03-22,7.949999809265137,8.100000381469727,7.679999828338623,7.710000038146973,3410901
2023-03-23,7.710000038146973,7.920000076293945,7.610000133514404,7.900000095367432,1818971
2023-03-26,7.900000095367432,9.0,7.949999809265137,8.9399995803833,8514787
2023-03-27,8.9399995803833,9.1899995803833,8.569999694824219,8.800000190734863,6252376
2023-03-28,8.800000190734863,8.880000114440918,8.460000038146973,8.739999771118164,2389363
2023-03-29,8.739999771118164,9.149999618530273,8.720000267028809,9.149999618530273,6346502
2023-03-30,9.149999618530273,9.390000343322754,8.800000190734863,8.90999984741211,8230168
2023-04-02,8.90999984741211,9.460000038146973,8.819999694824219,9.449999809265137,10844890
2023-04-03,9.449999809265137,9.699999809265137,9.329999923706055,9.699999809265137,7868652
2023-04-04,9.699999809265137,9.75,9.479999542236328,9.579999923706055,5635229
2023-04-05,9.579999923706055,9.630000114440918,9.329999923706055,9.380000114440918,2669562
2023-04-06,9.380000114440918,9.510000228881836,9.0,9.140000343322754,2671480
2023-04-09,9.140000343322754,9.289999961853027,8.949999809265137,9.0600004196167,2315862
2023-04-10,9.0600004196167,9.289999961853027,9.0,9.220000267028809,2458198
2023-04-11,9.220000267028809,9.699999809265137,9.34000015258789,9.699999809265137,6235456
2023-04-12,9.699999809265137,9.760000228881836,9.460000038146973,9.569999694824219,7624137
2023-04-13,9.569999694824219,10.029999732971191,9.539999961853027,9.859999656677246,8712674
2023-04-18,9.859999656677246,10.3100004196167,9.819999694824219,10.279999732971191,5903811
2023-04-19,10.279999732971191,10.34000015258789,9.899999618530273,9.949999809265137,4580450
2023-04-26,9.949999809265137,10.1899995803833,9.8100004196167,10.100000381469727,4113825
2023-04-27,10.100000381469727,10.420000076293945,10.15999984741211,10.239999771118164,5122408
2023-04-30,10.239999771118164,10.5,9.899999618530273,9.970000267028809,4044806
2023-05-01,9.970000267028809,9.970000267028809,9.970000267028809,9.970000267028809,0
2023-05-02,9.600000381469727,9.739999771118164,9.4399995803833,9.529999732971191,1770087
2023-05-03,9.529999732971191,9.6899995803833,9.300000190734863,9.5,3124026
2023-05-07,9.5,9.5,9.25,9.390000343322754,1682847
2023-05-08,9.390000343322754,9.6899995803833,9.399999618530273,9.630000114440918,4112978
2023-05-09,9.630000114440918,9.979999542236328,9.619999885559082,9.649999618530273,8599898
2023-05-10,9.649999618530273,9.65999984741211,9.449999809265137,9.649999618530273,4202316
2023-05-11,9.649999618530273,9.729999542236328,9.399999618530273,9.420000076293945,2986487
2023-05-14,9.420000076293945,9.5,9.289999961853027,9.40999984741211,2084004
2023-05-15,9.40999984741211,9.550000190734863,9.069999694824219,9.199999809265137,2148297
2023-05-16,9.199999809265137,9.149999618530273,8.710000038146973,8.84000015258789,4497004
2023-05-17,8.84000015258789,8.949999809265137,8.600000381469727,8.670000076293945,2309047
2023-05-18,8.670000076293945,8.699999809265137,8.300000190734863,8.630000114440918,2745549
2023-05-21,8.630000114440918,8.720000267028809,8.579999923706055,8.600000381469727,1323916
2023-05-22,8.600000381469727,8.84000015258789,8.449999809265137,8.479999542236328,2720274
2023-05-23,8.479999542236328,8.550000190734863,8.199999809265137,8.430000305175781,2012778
2023-05-24,8.430000305175781,8.770000457763672,8.510000228881836,8.699999809265137,2471148
2023-05-25,8.699999809265137,8.819999694824219,8.569999694824219,8.600000381469727,1936904
2023-05-28,8.600000381469727,8.729999542236328,8.5600004196167,8.680000305175781,1602589
2023-05-29,8.680000305175781,9.75,8.619999885559082,9.699999809265137,9989211
2023-05-30,9.699999809265137,10.140000343322754,9.65999984741211,10.0,9882996
2023-05-31,10.0,10.529999732971191,9.970000267028809,10.100000381469727,14489121
2023-06-01,10.100000381469727,10.65999984741211,10.0,10.59000015258789,9567859
2023-06-04,10.59000015258789,10.800000190734863,10.420000076293945,10.5,6136489
2023-06-05,10.5,10.760000228881836,10.380000114440918,10.460000038146973,4043682
2023-06-06,10.460000038146973,11.5,10.989999771118164,11.170000076293945,19638650
2023-06-07,11.170000076293945,11.4399995803833,10.850000381469727,10.859999656677246,9462136
2023-06-08,10.859999656677246,11.489999771118164,10.859999656677246,11.180000305175781,8397442
2023-06-11,11.180000305175781,11.489999771118164,11.15999984741211,11.220000267028809,5140524
2023-06-12,11.220000267028809,11.329999923706055,11.0,11.09000015258789,1307987
2023-06-13,11.09000015258789,11.239999771118164,10.819999694824219,10.960000038146973,4208685
2023-06-14,10.960000038146973,11.239999771118164,10.899999618530273,10.920000076293945,3602492
2023-06-15,10.920000076293945,11.279999732971191,10.850000381469727,11.279999732971191,4907849
2023-06-18,11.279999732971191,11.75,11.25,11.449999809265137,6838672
2023-06-19,11.449999809265137,11.539999961853027,11.199999809265137,11.399999618530273,4263211
2023-06-20,11.399999618530273,11.649999618530273,11.279999732971191,11.4399995803833,3764476
2023-06-21,11.4399995803833,11.550000190734863,11.100000381469727,11.149999618530273,2134761
2023-06-22,11.149999618530273,11.5,11.029999732971191,11.430000305175781,3251835
2023-06-25,11.430000305175781,11.5600004196167,11.199999809265137,11.199999809265137,2297617
2023-06-26,11.199999809265137,11.5,11.100000381469727,11.449999809265137,2513350
2023-07-04,11.449999809265137,11.510000228881836,11.109999656677246,11.149999618530273,1547713
2023-07-05,11.149999618530273,11.300000190734863,11.069999694824219,11.119999885559082,1397850
2023-07-06,11.119999885559082,11.300000190734863,10.819999694824219,10.84000015258789,1460002
2023-07-09,10.84000015258789,10.920000076293945,9.75,9.800000190734863,1445473
2023-07-10,9.800000190734863,10.199999809265137,9.829999923706055,10.149999618530273,1832328
2023-07-11,10.149999618530273,10.569999694824219,9.920000076293945,10.569999694824219,2454704
2023-07-12,10.569999694824219,10.729999542236328,10.199999809265137,10.239999771118164,1845927
2023-07-13,10.239999771118164,10.5,10.279999732971191,10.279999732971191,1595805
2023-07-16,10.279999732971191,10.75,10.270000457763672,10.75,2207238
2023-07-17,10.75,10.920000076293945,10.65999984741211,10.65999984741211,2191769
2023-07-18,10.65999984741211,11.399999618530273,10.829999923706055,11.25,4185126
2023-07-19,11.25,11.25,11.25,11.25,0
2023-07-24,11.039999961853027,11.180000305175781,10.75,10.770000457763672,2817421
2023-07-25,10.770000457763672,10.970000267028809,10.449999809265137,10.5,3775673
2023-07-26,10.5,10.619999885559082,10.359999656677246,10.529999732971191,2914851
2023-07-27,10.529999732971191,10.600000381469727,10.4399995803833,10.460000038146973,1897397
2023-07-30,10.460000038146973,10.770000457763672,10.399999618530273,10.619999885559082,2981966
2023-07-31,10.619999885559082,11.100000381469727,10.619999885559082,11.09000015258789,4461802
2023-08-01,11.09000015258789,11.130000114440918,10.65999984741211,10.800000190734863,4172350
2023-08-02,10.800000190734863,11.0,10.699999809265137,10.720000267028809,3748887
2023-08-03,10.720000267028809,10.949999809265137,10.699999809265137,10.890000343322754,3162310
2023-08-06,10.890000343322754,12.149999618530273,10.8100004196167,12.119999885559082,23830609
2023-08-07,12.119999885559082,12.460000038146973,11.670000076293945,12.199999809265137,21103333
2023-08-08,12.199999809265137,12.329999923706055,11.710000038146973,11.800000190734863,13013643
2023-08-09,11.800000190734863,12.680000305175781,11.800000190734863,12.260000228881836,18569339
2023-08-10,12.260000228881836,12.5,12.050000190734863,12.0600004196167,9298269
2023-08-13,12.0600004196167,12.40999984741211,12.079999923706055,12.300000190734863,8933109
2023-08-14,12.300000190734863,12.779999732971191,12.329999923706055,12.329999923706055,16943619
2023-08-15,12.329999923706055,12.489999771118164,12.0,12.069999694824219,7632403
2023-08-16,12.069999694824219,12.4399995803833,11.979999542236328,12.1899995803833,9154002
2023-08-17,12.1899995803833,12.369999885559082,12.09000015258789,12.350000381469727,6628433
2023-08-20,12.350000381469727,12.729999542236328,12.430000305175781,12.5,14813631
2023-08-21,12.5,13.09000015258789,12.300000190734863,12.84000015258789,17035869
2023-08-22,12.84000015258789,13.220000267028809,12.859999656677246,12.890000343322754,13143557
2023-08-23,12.890000343322754,13.079999923706055,12.350000381469727,12.529999732971191,13872070
2023-08-24,12.529999732971191,12.59000015258789,12.25,12.300000190734863,9640820
2023-08-27,12.300000190734863,12.649999618530273,12.149999618530273,12.210000038146973,10078258
2023-08-28,12.210000038146973,12.760000228881836,11.850000381469727,11.960000038146973,17269529
2023-08-29,11.960000038146973,12.260000228881836,11.899999618530273,12.0,9614805
2023-08-30,12.0,12.350000381469727,11.920000076293945,12.300000190734863,9804595
2023-08-31,12.300000190734863,12.300000190734863,12.300000190734863,12.300000190734863,0
2023-09-03,12.079999923706055,12.100000381469727,11.720000267028809,11.800000190734863,4155375
2023-09-04,11.800000190734863,12.199999809265137,11.720000267028809,12.069999694824219,4515571
2023-09-05,12.069999694824219,12.239999771118164,11.899999618530273,11.960000038146973,3942947
2023-09-06,11.960000038146973,12.149999618530273,11.819999694824219,11.850000381469727,3435238
2023-09-07,11.850000381469727,11.979999542236328,11.779999732971191,11.90999984741211,2024165
2023-09-10,11.90999984741211,11.90999984741211,11.90999984741211,11.90999984741211,0
2023-09-11,12.25,12.789999961853027,12.289999961853027,12.380000114440918,20995132
2023-09-12,12.380000114440918,12.529999732971191,12.079999923706055,12.130000114440918,9775702
2023-09-13,12.130000114440918,12.319999694824219,11.960000038146973,12.239999771118164,8279820
2023-09-14,12.239999771118164,12.5,12.170000076293945,12.319999694824219,7702567
2023-09-17,12.319999694824219,12.479999542236328,12.119999885559082,12.149999618530273,5530341
2023-09-18,12.149999618530273,12.260000228881836,12.029999732971191,12.069999694824219,3657657
2023-09-19,12.069999694824219,12.380000114440918,12.100000381469727,12.180000305175781,6714792
2023-09-20,12.180000305175781,12.180000305175781,12.180000305175781,12.180000305175781,0
2023-09-21,12.180000305175781,12.180000305175781,12.180000305175781,12.180000305175781,0
2023-09-24,12.180000305175781,12.180000305175781,12.180000305175781,12.180000305175781,0
2023-09-25,11.75,11.9399995803833,11.739999771118164,11.760000228881836,4577382
2023-09-26,11.760000228881836,11.880000114440918,11.420000076293945,11.420000076293945,6036259
2023-09-27,11.420000076293945,11.420000076293945,11.420000076293945,11.420000076293945,0
2023-10-01,11.420000076293945,11.420000076293945,11.420000076293945,11.420000076293945,0
2023-10-02,10.949999809265137,11.300000190734863,10.829999923706055,11.260000228881836,4754965
2023-10-03,11.260000228881836,11.470000267028809,11.039999961853027,11.130000114440918,6324859
2023-10-04,11.130000114440918,11.25,10.8100004196167,11.210000038146973,7506032
2023-10-08,11.210000038146973,11.600000381469727,10.399999618530273,11.109999656677246,11589656
2023-10-09,11.109999656677246,11.239999771118164,10.899999618530273,11.020000457763672,2382510
2023-10-10,11.020000457763672,11.149999618530273,10.949999809265137,11.020000457763672,3171181
2023-10-11,11.020000457763672,11.3100004196167,11.0,11.0,5668230
2023-10-12,11.0,11.180000305175781,10.8100004196167,10.8100004196167,6867697
2023-10-15,10.8100004196167,10.9399995803833,10.670000076293945,10.670000076293945,8219760
2023-10-16,10.670000076293945,10.9399995803833,10.59000015258789,10.6899995803833,6628304
2023-10-17,10.6899995803833,11.09000015258789,10.680000305175781,10.880000114440918,12302054
2023-10-18,10.880000114440918,11.079999923706055,10.609999656677246,10.6899995803833,9407134
2023-10-19,10.6899995803833,10.6899995803833,10.6899995803833,10.6899995803833,0
2023-10-22,10.5600004196167,10.979999542236328,10.399999618530273,10.859999656677246,15214653
2023-10-23,10.859999656677246,11.0600004196167,10.6899995803833,10.710000038146973,13838528
2023-10-24,10.710000038146973,10.869999885559082,10.550000190734863,10.630000114440918,6701244
2023-10-25,10.630000114440918,11.300000190734863,10.680000305175781,11.199999809265137,18402776
2023-10-26,11.199999809265137,12.079999923706055,11.300000190734863,11.880000114440918,34687090
2023-10-29,11.880000114440918,12.680000305175781,11.90999984741211,12.649999618530273,24153441
2023-10-30,12.649999618530273,12.729999542236328,12.130000114440918,12.130000114440918,21241819
2023-10-31,12.130000114440918,12.279999732971191,11.75,11.75,14559308
2023-11-01,11.75,12.0600004196167,11.25,11.640000343322754,11910735
2023-11-02,11.640000343322754,11.90999984741211,11.609999656677246,11.800000190734863,5987999
2023-11-05,11.800000190734863,12.050000190734863,11.65999984741211,11.75,8156467
2023-11-06,11.75,11.90999984741211,11.649999618530273,11.670000076293945,10473404
2023-11-07,11.670000076293945,12.039999961853027,11.670000076293945,11.850000381469727,13606515
2023-11-08,11.850000381469727,12.3100004196167,11.6899995803833,11.739999771118164,20148676
2023-11-09,11.739999771118164,11.890000343322754,11.449999809265137,11.550000190734863,12033707
2023-11-12,11.550000190734863,11.6899995803833,9.25,11.100000381469727,14780933
2023-11-13,11.100000381469727,11.170000076293945,10.75,10.779999732971191,7069037
2023-11-14,10.779999732971191,10.850000381469727,10.5600004196167,10.619999885559082,8939001
2023-11-15,10.619999885559082,10.800000190734863,10.5,10.640000343322754,6349069
2023-11-16,10.640000343322754,11.100000381469727,10.680000305175781,10.899999618530273,8051526
2023-11-19,10.899999618530273,11.109999656677246,10.859999656677246,10.90999984741211,4065926
2023-11-20,10.90999984741211,11.010000228881836,10.710000038146973,10.710000038146973,5928471
2023-11-21,10.710000038146973,10.800000190734863,10.649999618530273,10.699999809265137,4649862
2023-11-22,10.699999809265137,11.100000381469727,10.800000190734863,11.100000381469727,9392580
2023-11-23,11.100000381469727,11.300000190734863,11.069999694824219,11.100000381469727,9630815
2023-11-26,11.100000381469727,11.210000038146973,10.8100004196167,10.880000114440918,5689754
2023-11-27,10.880000114440918,11.09000015258789,10.869999885559082,11.079999923706055,5353498
2023-11-28,11.079999923706055,11.210000038146973,10.8100004196167,10.8100004196167,6732343
2023-11-29,10.8100004196167,10.960000038146973,10.5,10.5600004196167,7873060
2023-11-30,10.5600004196167,10.789999961853027,10.529999732971191,10.600000381469727,3871139
2023-12-03,10.600000381469727,10.789999961853027,10.510000228881836,10.579999923706055,5704667
2023-12-04,10.579999923706055,11.069999694824219,10.649999618530273,11.020000457763672,10952877
2023-12-05,11.020000457763672,11.460000038146973,11.149999618530273,11.359999656677246,18877650
2023-12-06,11.359999656677246,11.550000190734863,11.039999961853027,11.050000190734863,11289541
2023-12-07,11.050000190734863,11.100000381469727,10.729999542236328,10.899999618530273,5659456
2023-12-10,10.899999618530273,11.3100004196167,10.880000114440918,10.920000076293945,8146973
2023-12-11,10.920000076293945,11.40999984741211,10.850000381469727,11.25,20389746
2023-12-12,11.25,11.479999542236328,11.130000114440918,11.180000305175781,5843672
2023-12-13,11.180000305175781,11.399999618530273,11.1899995803833,11.350000381469727,4614621
2023-12-14,11.350000381469727,11.569999694824219,11.3100004196167,11.329999923706055,7565220
2023-12-17,11.329999923706055,11.40999984741211,11.3100004196167,11.399999618530273,4007377
2023-12-18,11.399999618530273,12.300000190734863,11.449999809265137,11.699999809265137,15153986
2023-12-19,11.699999809265137,11.819999694824219,11.460000038146973,11.489999771118164,6940129
2023-12-20,11.489999771118164,11.579999923706055,11.229999542236328,11.300000190734863,2993226
2023-12-21,11.300000190734863,11.399999618530273,10.819999694824219,10.869999885559082,6709465
2023-12-24,10.869999885559082,10.869999885559082,10.869999885559082,10.869999885559082,0
2023-12-25,10.279999732971191,10.729999542236328,10.130000114440918,10.350000381469727,6411124
2023-12-26,10.350000381469727,10.470000267028809,10.100000381469727,10.149999618530273,4356213
2023-12-27,10.149999618530273,10.399999618530273,10.149999618530273,10.390000343322754,3311756
2023-12-28,10.390000343322754,10.470000267028809,10.300000190734863,10.329999923706055,2517312
2023-12-31,10.329999923706055,10.489999771118164,10.34000015258789,10.399999618530273,1895199
2024-01-02,10.399999618530273,10.720000267028809,10.449999809265137,10.720000267028809,2229079
2024-01-03,10.720000267028809,10.8100004196167,10.630000114440918,10.800000190734863,3676029
2024-01-04,10.800000190734863,11.199999809265137,10.800000190734863,10.930000305175781,9355287
2024-01-08,10.930000305175781,11.079999923706055,10.880000114440918,10.9399995803833,2525696
2024-01-09,10.9399995803833,11.279999732971191,10.979999542236328,11.210000038146973,6600970
2024-01-10,11.210000038146973,11.300000190734863,11.09000015258789,11.09000015258789,3330209
2024-01-11,11.09000015258789,11.149999618530273,10.949999809265137,11.0,3100070
2024-01-14,11.0,11.40999984741211,11.0,11.399999618530273,8850530
2024-01-15,11.399999618530273,11.5,11.079999923706055,11.119999885559082,6762243
2024-01-16,11.119999885559082,11.279999732971191,11.050000190734863,11.229999542236328,4086072
2024-01-17,11.229999542236328,11.399999618530273,11.09000015258789,11.149999618530273,7455764
2024-01-18,11.149999618530273,11.210000038146973,11.020000457763672,11.09000015258789,3453276
2024-01-21,11.09000015258789,11.5,11.149999618530273,11.489999771118164,8112531
2024-01-22,11.489999771118164,11.6899995803833,11.300000190734863,11.319999694824219,12858801
2024-01-23,11.319999694824219,11.4399995803833,11.0,11.010000228881836,9930652
2024-01-24,11.010000228881836,11.069999694824219,10.819999694824219,10.850000381469727,6164502
2024-01-28,10.850000381469727,11.039999961853027,10.800000190734863,10.850000381469727,5755762
2024-01-29,10.850000381469727,11.069999694824219,10.6899995803833,10.699999809265137,6368911
2024-01-30,10.699999809265137,10.90999984741211,10.699999809265137,10.869999885559082,4317869
2024-01-31,10.869999885559082,11.170000076293945,10.020000457763672,10.199999809265137,12713405
2024-02-01,10.199999809265137,10.369999885559082,9.760000228881836,10.279999732971191,6528602
2024-02-04,10.279999732971191,10.75,10.100000381469727,10.600000381469727,6954695
2024-02-05,10.600000381469727,11.270000457763672,10.75,11.15999984741211,9145615
2024-02-06,11.15999984741211,11.329999923706055,10.75,10.949999809265137,8586897
2024-02-07,10.949999809265137,11.369999885559082,10.869999885559082,11.069999694824219,13889462
2024-02-08,11.069999694824219,11.300000190734863,11.050000190734863,11.300000190734863,5769180
2024-02-11,11.300000190734863,11.720000267028809,11.180000305175781,11.270000457763672,17729887
2024-02-12,11.270000457763672,11.350000381469727,11.09000015258789,11.140000343322754,4828394
2024-02-13,11.140000343322754,11.369999885559082,11.170000076293945,11.25,3621908
2024-02-14,11.25,11.520000457763672,11.210000038146973,11.449999809265137,7149939
2024-02-15,11.449999809265137,11.9399995803833,11.470000267028809,11.930000305175781,28249644
2024-02-18,11.930000305175781,11.930000305175781,11.930000305175781,11.930000305175781,0
2024-02-19,12.25,12.5600004196167,11.869999885559082,12.539999961853027,23431134
2024-02-20,12.539999961853027,12.75,12.460000038146973,12.579999923706055,18142220
2024-02-21,12.579999923706055,12.890000343322754,12.260000228881836,12.699999809265137,16092037
2024-02-22,12.699999809265137,12.800000190734863,12.289999961853027,12.319999694824219,11455789
2024-02-25,12.319999694824219,12.579999923706055,11.699999809265137,11.850000381469727,30829126
2024-02-26,11.850000381469727,12.210000038146973,11.829999923706055,11.850000381469727,13070893
2024-02-27,11.850000381469727,12.670000076293945,11.9399995803833,12.260000228881836,20678574
2024-02-28,12.260000228881836,12.59000015258789,11.90999984741211,12.100000381469727,15910939
2024-02-29,12.100000381469727,12.479999542236328,11.949999809265137,12.069999694824219,7629152
2024-03-03,12.069999694824219,12.239999771118164,12.0,12.210000038146973,6033734
2024-03-04,12.210000038146973,13.949999809265137,12.420000076293945,13.380000114440918,48206107
2024-03-05,13.380000114440918,13.899999618530273,13.199999809265137,13.34000015258789,19197956
2024-03-06,13.34000015258789,13.300000190734863,12.289999961853027,12.289999961853027,15691406
2024-03-07,12.289999961853027,12.489999771118164,11.949999809265137,12.09000015258789,6961634
2024-03-10,12.09000015258789,13.050000190734863,12.229999542236328,12.609999656677246,12202917
2024-03-11,12.609999656677246,12.739999771118164,11.90999984741211,11.979999542236328,9684665
2024-03-12,11.979999542236328,12.100000381469727,11.029999732971191,11.40999984741211,8559463
2024-03-13,11.40999984741211,11.5,10.4399995803833,10.5600004196167,7946847
2024-03-14,10.5600004196167,10.729999542236328,10.239999771118164,10.649999618530273,4173912
2024-03-17,10.649999618530273,10.970000267028809,10.539999961853027,10.579999923706055,3147536
2024-03-18,10.579999923706055,10.609999656677246,9.609999656677246,9.609999656677246,5676212
2024-03-19,9.609999656677246,9.930000305175781,9.529999732971191,9.850000381469727,4077466
2024-03-20,9.850000381469727,10.100000381469727,9.75,9.8100004196167,2710161
2024-03-21,9.8100004196167,10.100000381469727,9.770000457763672,10.079999923706055,3375667
2024-03-24,10.079999923706055,10.329999923706055,10.039999961853027,10.130000114440918,3679678
2024-03-25,10.130000114440918,10.300000190734863,9.970000267028809,10.300000190734863,8774747
2024-03-26,10.300000190734863,10.460000038146973,10.029999732971191,10.050000190734863,5837929
2024-03-27,10.050000190734863,10.149999618530273,9.800000190734863,9.800000190734863,5346564
2024-03-28,9.800000190734863,9.899999618530273,9.640000343322754,9.640000343322754,2885523
2024-03-31,9.640000343322754,9.800000190734863,8.90999984741211,9.09000015258789,3241909
2024-04-01,9.09000015258789,10.199999809265137,9.319999694824219,10.149999618530273,7754969
2024-04-02,10.149999618530273,10.399999618530273,10.039999961853027,10.180000305175781,7659007
2024-04-03,10.180000305175781,10.4399995803833,10.050000190734863,10.359999656677246,5314573
2024-04-04,10.359999656677246,10.710000038146973,10.390000343322754,10.699999809265137,5596847
2024-04-07,10.699999809265137,10.779999732971191,10.329999923706055,10.5,3416589
2024-04-08,10.5,10.640000343322754,10.430000305175781,10.569999694824219,2861850
2024-04-15,10.569999694824219,10.9399995803833,10.529999732971191,10.880000114440918,4181147
2024-04-16,10.880000114440918,11.15999984741211,10.859999656677246,10.960000038146973,6034050
2024-04-17,10.960000038146973,11.239999771118164,10.930000305175781,11.1899995803833,6260762
2024-04-18,11.1899995803833,11.270000457763672,10.149999618530273,10.4399995803833,8292303
2024-04-21,10.4399995803833,10.75,10.479999542236328,10.5,4286511
2024-04-22,10.5,10.710000038146973,10.199999809265137,10.25,5311203
2024-04-23,10.25,10.34000015258789,9.430000305175781,9.489999771118164,7336445
2024-04-24,9.489999771118164,9.619999885559082,9.09000015258789,9.300000190734863,5116611
2024-04-28,9.300000190734863,9.300000190734863,9.300000190734863,9.300000190734863,0
2024-04-29,8.779999732971191,9.3100004196167,8.770000457763672,9.3100004196167,4078668
2024-04-30,9.3100004196167,9.640000343322754,8.609999656677246,8.710000038146973,8924402
2024-05-02,9.399999618530273,9.75,9.300000190734863,9.710000038146973,7873778
2024-05-07,9.710000038146973,10.050000190734863,9.619999885559082,10.0,8818700
2024-05-08,10.0,10.1899995803833,9.760000228881836,9.850000381469727,5950683
2024-05-09,9.850000381469727,10.09000015258789,9.699999809265137,10.039999961853027,3609031
2024-05-12,10.039999961853027,10.329999923706055,9.300000190734863,9.34000015258789,15253793
2024-05-13,9.34000015258789,9.460000038146973,9.079999923706055,9.399999618530273,6149235
2024-05-14,9.399999618530273,9.529999732971191,9.220000267028809,9.270000457763672,5566734
2024-05-15,9.270000457763672,9.4399995803833,9.170000076293945,9.329999923706055,6155541
2024-05-16,9.329999923706055,9.699999809265137,9.319999694824219,9.699999809265137,8290076
2024-05-19,9.699999809265137,9.970000267028809,9.65999984741211,9.960000038146973,8246472
2024-05-20,9.960000038146973,10.029999732971191,9.800000190734863,9.850000381469727,7706832
2024-05-21,9.850000381469727,9.930000305175781,9.789999961853027,9.800000190734863,4176594
2024-05-22,9.800000190734863,10.25,9.739999771118164,10.210000038146973,10310803
2024-05-23,10.210000038146973,10.479999542236328,10.229999542236328,10.239999771118164,10042042
2024-05-26,10.239999771118164,10.239999771118164,10.239999771118164,10.239999771118164,0
2024-05-27,10.430000305175781,10.600000381469727,10.130000114440918,10.25,6479092
2024-05-28,10.25,10.380000114440918,10.069999694824219,10.359999656677246,4683193
2024-05-29,10.359999656677246,10.680000305175781,10.350000381469727,10.630000114440918,7564780
2024-05-30,10.630000114440918,10.789999961853027,10.489999771118164,10.550000190734863,10350596
2024-06-02,10.550000190734863,11.130000114440918,10.600000381469727,11.079999923706055,13707535
2024-06-03,11.079999923706055,11.359999656677246,10.920000076293945,11.149999618530273,12997693
2024-06-04,11.149999618530273,11.630000114440918,11.149999618530273,11.40999984741211,10881501
2024-06-05,11.40999984741211,11.649999618530273,11.180000305175781,11.399999618530273,11081526
2024-06-06,11.399999618530273,11.529999732971191,11.289999961853027,11.300000190734863,5399339
2024-06-09,11.300000190734863,11.350000381469727,10.949999809265137,10.949999809265137,6807155
2024-06-10,10.949999809265137,11.039999961853027,10.819999694824219,10.960000038146973,6132456
2024-06-11,10.960000038146973,9.90999984741211,9.699999809265137,9.75,8299031
2024-06-12,9.75,9.880000114440918,9.640000343322754,9.699999809265137,3434042
2024-06-13,9.699999809265137,9.779999732971191,9.600000381469727,9.699999809265137,5412831
2024-06-23,9.699999809265137,10.09000015258789,9.760000228881836,9.960000038146973,7352973
2024-06-24,9.960000038146973,10.069999694824219,9.859999656677246,9.880000114440918,5156819
2024-06-25,9.880000114440918,9.930000305175781,9.8100004196167,9.930000305175781,3303043
2024-06-26,9.930000305175781,10.1899995803833,9.899999618530273,10.079999923706055,11118024
2024-06-27,10.079999923706055,10.1899995803833,9.930000305175781,9.930000305175781,8465062
2024-07-02,9.899999618530273,10.020000457763672,9.800000190734863,9.829999923706055,6289394
2024-07-03,9.829999923706055,9.90999984741211,9.6899995803833,9.729999542236328,6809294
2024-07-04,9.729999542236328,9.859999656677246,9.710000038146973,9.729999542236328,4408807
2024-07-07,9.729999542236328,9.880000114440918,9.729999542236328,9.760000228881836,5179937
2024-07-08,9.760000228881836,9.84000015258789,9.579999923706055,9.630000114440918,4062735
2024-07-09,9.630000114440918,9.6899995803833,9.550000190734863,9.5600004196167,3093250
2024-07-10,9.5600004196167,9.699999809265137,9.479999542236328,9.539999961853027,5120064
2024-07-14,9.539999961853027,9.819999694824219,9.619999885559082,9.75,4327086
2024-07-15,9.75,9.789999961853027,9.619999885559082,9.640000343322754,1477198
2024-07-16,9.640000343322754,9.720000267028809,9.569999694824219,9.640000343322754,2193229
2024-07-17,9.640000343322754,10.010000228881836,9.649999618530273,9.880000114440918,8589805
2024-07-18,9.880000114440918,10.010000228881836,9.819999694824219,9.859999656677246,4949587
2024-07-21,9.859999656677246,10.050000190734863,9.850000381469727,10.039999961853027,5137591
2024-07-22,10.039999961853027,10.180000305175781,9.970000267028809,10.020000457763672,8630608
2024-07-23,10.020000457763672,10.399999618530273,10.010000228881836,10.300000190734863,15350121
2024-07-24,10.300000190734863,10.489999771118164,10.260000228881836,10.260000228881836,8365557
2024-07-28,10.260000228881836,10.319999694824219,10.149999618530273,10.199999809265137,4109483
2024-07-29,10.199999809265137,10.3100004196167,10.069999694824219,10.079999923706055,4540541
2024-07-30,10.079999923706055,10.149999618530273,10.029999732971191,10.039999961853027,2546270
2024-07-31,10.039999961853027,10.149999618530273,10.029999732971191,10.039999961853027,3261106
2024-08-01,10.039999961853027,10.140000343322754,9.859999656677246,9.859999656677246,3880220
2024-08-04,9.859999656677246,9.640000343322754,9.350000381469727,9.369999885559082,5270677
2024-08-05,9.369999885559082,9.300000190734863,8.6899995803833,9.170000076293945,6053445
2024-08-06,9.170000076293945,9.329999923706055,9.130000114440918,9.279999732971191,2179571
2024-08-07,9.279999732971191,9.350000381469727,9.199999809265137,9.3100004196167,3270986
2024-08-08,9.3100004196167,9.300000190734863,9.09000015258789,9.109999656677246,3639750
2024-08-11,9.109999656677246,9.34000015258789,9.109999656677246,9.279999732971191,3157251
2024-08-12,9.279999732971191,9.430000305175781,9.199999809265137,9.229999542236328,3974814
2024-08-13,9.229999542236328,9.350000381469727,9.130000114440918,9.149999618530273,2182475
2024-08-14,9.149999618530273,9.399999618530273,9.15999984741211,9.239999771118164,3114600
2024-08-15,9.239999771118164,9.34000015258789,9.199999809265137,9.289999961853027,5566976
2024-08-18,9.289999961853027,9.550000190734863,9.350000381469727,9.420000076293945,6199239
2024-08-19,9.420000076293945,9.529999732971191,9.279999732971191,9.329999923706055,7168295
2024-08-20,9.329999923706055,9.479999542236328,9.350000381469727,9.420000076293945,4999855
2024-08-21,9.420000076293945,9.5,9.329999923706055,9.34000015258789,5509786
2024-08-22,9.34000015258789,9.670000076293945,9.449999809265137,9.5,13516288
2024-08-25,9.5,10.0,9.640000343322754,9.859999656677246,16178992
2024-08-26,9.859999656677246,10.100000381469727,9.819999694824219,9.90999984741211,8654198
2024-08-27,9.90999984741211,10.210000038146973,9.850000381469727,10.199999809265137,12948215
2024-08-28,10.199999809265137,10.239999771118164,9.979999542236328,10.020000457763672,5645979
2024-08-29,10.020000457763672,10.180000305175781,9.960000038146973,9.979999542236328,6169219
2024-09-01,9.979999542236328,10.149999618530273,10.0,10.119999885559082,7309869
2024-09-02,10.119999885559082,10.350000381469727,10.0,10.0,16708497
2024-09-03,10.0,10.180000305175781,9.979999542236328,10.0,7926538
2024-09-04,10.0,10.0600004196167,9.899999618530273,9.960000038146973,4818994
2024-09-05,9.960000038146973,10.100000381469727,9.9399995803833,9.9399995803833,4943034
2024-09-08,9.9399995803833,10.0,9.779999732971191,9.789999961853027,3615007
2024-09-09,9.789999961853027,9.949999809265137,9.779999732971191,9.84000015258789,2151454
2024-09-10,9.84000015258789,9.930000305175781,9.699999809265137,9.710000038146973,2903330
2024-09-11,9.710000038146973,9.779999732971191,9.640000343322754,9.75,4204913
2024-09-12,9.75,9.850000381469727,9.670000076293945,9.670000076293945,3795139
2024-09-16,9.670000076293945,10.100000381469727,9.720000267028809,9.90999984741211,12032952
2024-09-17,9.90999984741211,10.100000381469727,9.899999618530273,9.899999618530273,8984008
2024-09-18,9.899999618530273,10.09000015258789,9.899999618530273,9.970000267028809,9133284
2024-09-19,9.970000267028809,10.199999809265137,9.869999885559082,9.920000076293945,20059569
2024-09-22,9.920000076293945,10.25,9.989999771118164,10.140000343322754,18867271
2024-09-23,10.140000343322754,10.529999732971191,10.180000305175781,10.5,40403774
2024-09-24,10.710000038146973,10.770000457763672,10.539999961853027,10.600000381469727,8475030
2024-09-25,10.369999885559082,10.770000457763672,10.329999923706055,10.710000038146973,22714138
2024-09-26,10.710000038146973,10.770000457763672,10.539999961853027,10.600000381469727,8475030
2024-09-29,10.600000381469727,10.890000343322754,10.529999732971191,10.710000038146973,12167877
2024-09-30,10.710000038146973,10.779999732971191,10.520000457763672,10.5600004196167,7969246
2024-10-01,10.5600004196167,10.699999809265137,10.5,10.550000190734863,4925847
2024-10-02,10.550000190734863,10.65999984741211,10.399999618530273,10.4399995803833,7101750
2024-10-03,10.4399995803833,10.670000076293945,10.470000267028809,10.520000457763672,5810470
2024-10-07,10.520000457763672,10.640000343322754,10.329999923706055,10.329999923706055,4754179
2024-10-08,10.329999923706055,10.420000076293945,9.649999618530273,9.850000381469727,7752814
2024-10-09,9.850000381469727,10.029999732971191,9.770000457763672,9.829999923706055,4860450
2024-10-10,9.829999923706055,9.949999809265137,9.65999984741211,9.65999984741211,5833789
2024-10-13,9.65999984741211,9.760000228881836,9.470000267028809,9.470000267028809,3379602
2024-10-14,9.470000267028809,9.600000381469727,9.319999694824219,9.399999618530273,3261323
2024-10-15,9.399999618530273,9.59000015258789,9.420000076293945,9.510000228881836,3075316
2024-10-16,9.510000228881836,9.630000114440918,9.470000267028809,9.470000267028809,3629972
2024-10-17,9.470000267028809,9.600000381469727,9.329999923706055,9.369999885559082,3323098
2024-10-20,9.369999885559082,9.430000305175781,9.15999984741211,9.210000038146973,5036359
2024-10-21,9.210000038146973,9.869999885559082,9.600000381469727,9.649999618530273,13515934
2024-10-22,9.649999618530273,9.720000267028809,9.600000381469727,9.640000343322754,5245281
2024-10-23,9.640000343322754,9.960000038146973,9.619999885559082,9.779999732971191,10913577
2024-10-24,9.779999732971191,9.90999984741211,9.739999771118164,9.760000228881836,7778139
2024-10-27,9.760000228881836,9.850000381469727,9.729999542236328,9.770000457763672,3527404
2024-10-28,9.770000457763672,9.869999885559082,9.739999771118164,9.75,3424848
2024-10-29,9.75,9.949999809265137,9.779999732971191,9.869999885559082,5691634
2024-10-30,9.869999885559082,10.149999618530273,9.930000305175781,10.149999618530273,8554693
2024-10-31,10.149999618530273,10.260000228881836,10.109999656677246,10.119999885559082,5488030
2024-11-03,10.119999885559082,10.25,10.109999656677246,10.140000343322754,2466585
2024-11-04,10.140000343322754,10.220000267028809,10.130000114440918,10.180000305175781,6548278
2024-11-05,10.180000305175781,10.390000343322754,10.1899995803833,10.289999961853027,10553214
2024-11-06,10.289999961853027,10.359999656677246,10.229999542236328,10.239999771118164,2595434
2024-11-07,10.239999771118164,10.3100004196167,10.1899995803833,10.210000038146973,4903275
2024-11-10,10.210000038146973,10.34000015258789,10.220000267028809,10.34000015258789,3691510
2024-11-11,10.34000015258789,10.569999694824219,10.369999885559082,10.470000267028809,7986435
2024-11-12,10.470000267028809,10.680000305175781,10.4399995803833,10.670000076293945,11370015
2024-11-13,10.670000076293945,10.710000038146973,10.399999618530273,10.40999984741211,7525604
2024-11-14,10.40999984741211,10.5,10.25,10.3100004196167,7215587
2024-11-17,10.3100004196167,10.34000015258789,10.149999618530273,10.180000305175781,4794157
2024-11-18,10.180000305175781,10.210000038146973,9.960000038146973,9.960000038146973,6157247
2024-11-19,9.960000038146973,9.989999771118164,9.770000457763672,9.770000457763672,4819817
2024-11-20,9.770000457763672,9.859999656677246,9.739999771118164,9.779999732971191,3111125
2024-11-21,9.779999732971191,9.899999618530273,9.729999542236328,9.75,4606136
2024-11-24,9.75,9.8100004196167,9.579999923706055,9.579999923706055,6527950
2024-11-25,9.579999923706055,9.680000305175781,9.5,9.539999961853027,3748993
2024-11-26,9.539999961853027,9.670000076293945,9.5600004196167,9.609999656677246,2191521
2024-11-27,9.609999656677246,9.699999809265137,9.479999542236328,9.5600004196167,2930447
2024-11-28,9.5600004196167,9.670000076293945,9.470000267028809,9.600000381469727,4111050
2024-12-01,9.600000381469727,9.770000457763672,9.510000228881836,9.770000457763672,8165219
2024-12-02,9.770000457763672,9.850000381469727,9.579999923706055,9.649999618530273,6869578
2024-12-03,9.649999618530273,9.680000305175781,9.5,9.529999732971191,5620096
2024-12-04,9.529999732971191,9.65999984741211,9.5600004196167,9.600000381469727,3622529
2024-12-05,9.600000381469727,9.720000267028809,9.619999885559082,9.630000114440918,2891487
2024-12-08,9.630000114440918,9.8100004196167,9.609999656677246,9.630000114440918,9861145
2024-12-09,9.630000114440918,9.75,9.640000343322754,9.729999542236328,7496176
2024-12-10,9.729999542236328,9.800000190734863,9.630000114440918,9.640000343322754,6294502
2024-12-11,9.640000343322754,9.770000457763672,9.600000381469727,9.609999656677246,4278096
2024-12-12,9.609999656677246,9.739999771118164,9.630000114440918,9.630000114440918,2271079
2024-12-15,9.630000114440918,9.75,9.579999923706055,9.630000114440918,2112996
2024-12-16,9.630000114440918,9.720000267028809,9.579999923706055,9.579999923706055,2501577
2024-12-17,9.579999923706055,9.680000305175781,9.5,9.5,2943955
2024-12-18,9.5,9.5600004196167,9.399999618530273,9.399999618530273,2593020
2024-12-19,9.399999618530273,9.40999984741211,9.260000228881836,9.399999618530273,2631986
2024-12-22,9.399999618530273,9.460000038146973,9.399999618530273,9.420000076293945,1988568
2024-12-23,9.420000076293945,9.460000038146973,9.210000038146973,9.210000038146973,2407525
2024-12-24,9.210000038146973,9.239999771118164,9.149999618530273,9.220000267028809,1906261
2024-12-25,9.220000267028809,9.300000190734863,9.210000038146973,9.220000267028809,2845585
2024-12-26,9.220000267028809,9.270000457763672,9.170000076293945,9.199999809265137,1529790
2024-12-29,9.199999809265137,9.239999771118164,9.100000381469727,9.100000381469727,1418662
2024-12-30,9.100000381469727,9.149999618530273,8.949999809265137,8.960000038146973,1850830
2024-12-31,8.960000038146973,9.109999656677246,8.949999809265137,9.039999961853027,2409172
2025-01-02,9.039999961853027,9.239999771118164,9.079999923706055,9.239999771118164,2908604
2025-01-05,9.239999771118164,9.300000190734863,9.239999771118164,9.270000457763672,2229913
2025-01-06,9.270000457763672,9.3100004196167,9.130000114440918,9.140000343322754,4428067
2025-01-08,9.140000343322754,9.149999618530273,9.039999961853027,9.0600004196167,1842938
2025-01-09,9.0600004196167,9.130000114440918,9.039999961853027,9.039999961853027,1476501
2025-01-12,9.039999961853027,9.050000190734863,8.890000343322754,9.020000457763672,2312615
2025-01-13,9.020000457763672,9.199999809265137,9.029999732971191,9.029999732971191,3701149
2025-01-14,9.029999732971191,9.119999885559082,8.829999923706055,8.960000038146973,3603872
2025-01-15,8.960000038146973,10.75,9.039999961853027,9.800000190734863,19139630
2025-01-16,9.800000190734863,9.869999885559082,9.680000305175781,9.720000267028809,5110919
2025-01-19,9.800000190734863,10.149999618530273,9.680000305175781,10.0,14732864
2025-01-20,10.069999694824219,10.199999809265137,9.949999809265137,9.989999771118164,9237548
2025-01-21,9.989999771118164,10.0600004196167,9.850000381469727,9.850000381469727,4552411
2025-01-22,9.850000381469727,10.170000076293945,9.869999885559082,10.100000381469727,7286508
2025-01-23,10.100000381469727,10.260000228881836,10.079999923706055,10.100000381469727,5844388
2025-01-26,10.100000381469727,10.15999984741211,9.930000305175781,9.9399995803833,2800980
2025-01-27,9.9399995803833,9.979999542236328,9.739999771118164,9.75,4918883
2025-01-28,9.75,10.050000190734863,9.770000457763672,10.0,4938497
2025-01-29,10.0,10.779999732971191,10.020000457763672,10.670000076293945,31178533
2025-01-30,10.670000076293945,11.399999618530273,10.720000267028809,11.039999961853027,32727958
2025-02-02,11.039999961853027,11.149999618530273,10.720000267028809,10.760000228881836,12235356
2025-02-03,10.760000228881836,11.010000228881836,10.65999984741211,10.779999732971191,13940750
2025-02-04,10.779999732971191,10.970000267028809,10.579999923706055,10.600000381469727,10445929
2025-02-05,10.600000381469727,10.720000267028809,10.420000076293945,10.609999656677246,7636267
2025-02-06,10.609999656677246,10.770000457763672,10.59000015258789,10.600000381469727,4487579
2025-02-09,10.600000381469727,10.729999542236328,10.4399995803833,10.449999809265137,7021541
2025-02-10,10.449999809265137,10.720000267028809,10.449999809265137,10.600000381469727,8791034
2025-02-11,10.600000381469727,10.65999984741211,10.0,10.0600004196167,6706897
2025-02-12,10.0600004196167,10.100000381469727,9.869999885559082,10.100000381469727,8179700
2025-02-13,10.100000381469727,10.239999771118164,10.050000190734863,10.239999771118164,5866753
2025-02-16,10.239999771118164,10.430000305175781,10.270000457763672,10.359999656677246,4445061
2025-02-17,10.359999656677246,10.520000457763672,10.3100004196167,10.359999656677246,4707514
2025-02-18,10.359999656677246,10.4399995803833,10.289999961853027,10.369999885559082,3066873
2025-02-19,10.369999885559082,10.630000114440918,10.390000343322754,10.5600004196167,8699479
2025-02-20,10.5600004196167,10.729999542236328,10.59000015258789,10.670000076293945,7923002
2025-02-23,10.670000076293945,10.819999694824219,10.550000190734863,10.649999618530273,6704974
2025-02-24,10.649999618530273,10.710000038146973,10.5600004196167,10.569999694824219,3091482
2025-02-25,10.569999694824219,10.609999656677246,10.329999923706055,10.359999656677246,5737129
2025-02-26,10.359999656677246,10.40999984741211,10.210000038146973,10.210000038146973,4360725
2025-02-27,10.210000038146973,10.420000076293945,10.229999542236328,10.300000190734863,3991752
2025-03-02,10.300000190734863,10.529999732971191,10.34000015258789,10.399999618530273,3249611
2025-03-03,10.399999618530273,11.25,10.399999618530273,10.779999732971191,23432251
2025-03-04,10.779999732971191,11.1899995803833,10.550000190734863,10.720000267028809,4962150
2025-03-05,10.720000267028809,10.720000267028809,10.539999961853027,10.59000015258789,2464200
2025-03-06,10.59000015258789,10.619999885559082,10.5,10.600000381469727,2362927
2025-03-09,10.600000381469727,10.75,10.619999885559082,10.710000038146973,3985723
2025-03-10,10.710000038146973,10.920000076293945,10.6899995803833,10.899999618530273,6795782
2025-03-11,10.899999618530273,11.0,10.770000457763672,10.899999618530273,8300675
2025-03-12,10.899999618530273,11.029999732971191,10.779999732971191,10.800000190734863,5743334
2025-03-13,10.800000190734863,10.869999885559082,10.729999542236328,10.779999732971191,3669800
2025-03-16,10.779999732971191,11.109999656677246,10.8100004196167,11.100000381469727,8436045
2025-03-17,11.100000381469727,11.1899995803833,10.869999885559082,10.899999618530273,6302175
2025-03-18,10.899999618530273,11.350000381469727,10.84000015258789,11.350000381469727,15120563
2025-03-19,11.350000381469727,11.5,11.199999809265137,11.210000038146973,9329712
2025-03-20,11.210000038146973,11.319999694824219,11.109999656677246,11.140000343322754,5138439
2025-03-23,11.140000343322754,11.25,11.050000190734863,11.140000343322754,5219303
2025-03-24,11.140000343322754,11.1899995803833,10.949999809265137,10.960000038146973,4024307
2025-03-25,10.960000038146973,11.039999961853027,10.819999694824219,10.869999885559082,4354455
2025-03-26,10.869999885559082,10.949999809265137,10.789999961853027,10.9399995803833,3377545
2025-03-27,10.9399995803833,11.050000190734863,10.869999885559082,10.930000305175781,6458919
2025-04-03,10.930000305175781,11.25,10.869999885559082,11.199999809265137,5275334
2025-04-06,11.199999809265137,11.5600004196167,10.800000190734863,11.479999542236328,24863622
2025-04-07,11.479999542236328,11.449999809265137,11.130000114440918,11.380000114440918,15463086
2025-04-08,11.380000114440918,11.600000381469727,11.380000114440918,11.399999618530273,11203728
2025-04-09,11.399999618530273,11.4399995803833,10.75,10.75,11165016
2025-04-10,10.75,11.229999542236328,10.920000076293945,10.949999809265137,8187638
2025-04-13,10.949999809265137,11.140000343322754,10.970000267028809,11.130000114440918,4293671
2025-04-14,11.130000114440918,11.3100004196167,11.09000015258789,11.180000305175781,5574551
2025-04-15,11.180000305175781,11.460000038146973,11.15999984741211,11.180000305175781,7964473
2025-04-16,11.180000305175781,11.239999771118164,10.970000267028809,11.029999732971191,5812617
2025-04-17,11.029999732971191,11.100000381469727,10.979999542236328,11.050000190734863,4064945
2025-04-22,11.050000190734863,11.199999809265137,11.0,11.010000228881836,6494560
2025-04-23,11.010000228881836,11.109999656677246,11.039999961853027,11.109999656677246,4483169
2025-04-27,11.109999656677246,11.260000228881836,11.100000381469727,11.140000343322754,3361159
2025-04-28,11.140000343322754,11.260000228881836,11.069999694824219,11.220000267028809,4541171
2025-04-29,11.220000267028809,11.3100004196167,11.130000114440918,11.130000114440918,5288602
2025-04-30,11.130000114440918,11.180000305175781,11.100000381469727,11.149999618530273,3064346
2025-05-04,11.149999618530273,11.5,11.15999984741211,11.479999542236328,12366858
2025-05-05,11.479999542236328,11.510000228881836,11.3100004196167,11.329999923706055,4284848
2025-05-06,11.329999923706055,11.380000114440918,11.260000228881836,11.329999923706055,3048624
2025-05-07,11.329999923706055,11.510000228881836,11.260000228881836,11.300000190734863,5717654
2025-05-08,11.300000190734863,11.34000015258789,11.170000076293945,11.300000190734863,2645211
2025-05-11,11.300000190734863,11.399999618530273,11.069999694824219,11.09000015258789,4224478
2025-05-12,11.09000015258789,11.1899995803833,11.039999961853027,11.100000381469727,3846501
2025-05-13,11.100000381469727,11.180000305175781,11.069999694824219,11.100000381469727,3925316
2025-05-14,11.100000381469727,11.170000076293945,11.0600004196167,11.119999885559082,2981441
2025-05-15,11.119999885559082,11.279999732971191,11.140000343322754,11.149999618530273,3998175
2025-05-18,11.149999618530273,11.239999771118164,10.979999542236328,10.979999542236328,3376423
2025-05-19,10.979999542236328,11.09000015258789,10.90999984741211,11.079999923706055,4847737
2025-05-20,11.079999923706055,11.149999618530273,11.039999961853027,11.0600004196167,2762011
2025-05-21,11.0600004196167,11.149999618530273,11.069999694824219,11.100000381469727,3604496
2025-05-22,11.100000381469727,11.460000038146973,11.100000381469727,11.40999984741211,9448567
2025-05-25,11.40999984741211,11.630000114440918,11.399999618530273,11.420000076293945,8486161
2025-05-26,11.420000076293945,11.770000457763672,11.4399995803833,11.720000267028809,12882664
2025-05-27,11.720000267028809,11.880000114440918,11.670000076293945,11.779999732971191,8241026
2025-05-28,11.779999732971191,11.899999618530273,11.65999984741211,11.680000305175781,7472498
2025-05-29,11.680000305175781,11.890000343322754,11.6899995803833,11.880000114440918,9859441
2025-06-01,11.880000114440918,11.930000305175781,11.65999984741211,11.729999542236328,12749365
2025-06-02,11.729999542236328,10.600000381469727,10.460000038146973,10.479999542236328,8513946
2025-06-03,10.479999542236328,10.510000228881836,10.3100004196167,10.350000381469727,4447676
2025-06-04,10.350000381469727,10.390000343322754,10.270000457763672,10.300000190734863,4411975
2025-06-10,10.300000190734863,10.539999961853027,10.319999694824219,10.5,5894601
2025-06-11,10.5,10.539999961853027,10.399999618530273,10.40999984741211,5441181
2025-06-12,10.40999984741211,10.430000305175781,10.079999923706055,10.130000114440918,5191848
2025-06-15,10.130000114440918,9.600000381469727,9.270000457763672,9.59000015258789,5821413
2025-06-16,9.59000015258789,9.800000190734863,9.550000190734863,9.619999885559082,3509432
2025-06-17,9.619999885559082,9.579999923706055,9.100000381469727,9.140000343322754,5657025
2025-06-18,9.140000343322754,9.229999542236328,9.0,9.119999885559082,3291447
2025-06-19,9.119999885559082,9.239999771118164,8.979999542236328,9.010000228881836,4615694
2025-06-22,9.010000228881836,9.199999809265137,8.729999542236328,9.1899995803833,3716674
2025-06-23,9.1899995803833,9.329999923706055,9.100000381469727,9.300000190734863,5235383
2025-06-24,9.300000190734863,9.65999984741211,9.399999618530273,9.619999885559082,5705262
2025-06-25,9.619999885559082,9.699999809265137,9.550000190734863,9.699999809265137,3132049
2025-06-29,9.699999809265137,9.869999885559082,9.680000305175781,9.779999732971191,7304228
2025-06-30,9.779999732971191,9.800000190734863,9.640000343322754,9.640000343322754,2954254
2025-07-01,9.640000343322754,9.699999809265137,9.449999809265137,9.470000267028809,2689132
2025-07-02,9.470000267028809,9.6899995803833,9.5,9.569999694824219,2930072
2025-07-06,9.569999694824219,9.729999542236328,9.600000381469727,9.699999809265137,4829488
2025-07-07,9.699999809265137,9.739999771118164,9.5600004196167,9.579999923706055,3366044
2025-07-09,9.579999923706055,9.699999809265137,9.520000457763672,9.569999694824219,1756595
2025-07-10,9.569999694824219,9.760000228881836,9.600000381469727,9.710000038146973,4377006
2025-07-13,9.710000038146973,9.789999961853027,9.630000114440918,9.630000114440918,3590821
2025-07-14,9.630000114440918,9.680000305175781,9.619999885559082,9.649999618530273,2109953
2025-07-15,9.649999618530273,10.140000343322754,9.649999618530273,10.069999694824219,16298211
2025-07-16,10.069999694824219,10.130000114440918,9.890000343322754,9.90999984741211,4316683
2025-07-17,9.90999984741211,10.079999923706055,9.930000305175781,9.989999771118164,4165961
2025-07-20,9.989999771118164,10.180000305175781,10.010000228881836,10.140000343322754,3750552
2025-07-21,10.140000343322754,10.199999809265137,9.970000267028809,9.970000267028809,4066412
2025-07-22,9.970000267028809,10.020000457763672,9.850000381469727,9.880000114440918,2551107
2025-07-23,9.880000114440918,9.880000114440918,9.880000114440918,9.880000114440918,0
2025-07-27,9.850000381469727,9.960000038146973,9.819999694824219,9.890000343322754,2412939
2025-07-28,9.890000343322754,9.9399995803833,9.619999885559082,9.6899995803833,4493104
2025-07-29,9.6899995803833,9.699999809265137,9.569999694824219,9.600000381469727,2440015
2025-07-30,9.600000381469727,9.760000228881836,9.460000038146973,9.5,3037743
2025-07-31,9.5,9.6899995803833,9.550000190734863,9.6899995803833,1650123
2025-08-03,9.6899995803833,9.6899995803833,9.6899995803833,9.6899995803833,0
2025-08-04,9.6899995803833,9.6899995803833,9.6899995803833,9.6899995803833,0
2025-08-05,9.6899995803833,9.6899995803833,9.6899995803833,9.6899995803833,0
2025-08-06,9.6899995803833,9.6899995803833,9.6899995803833,9.6899995803833,0
2025-08-07,9.6899995803833,9.6899995803833,9.6899995803833,9.6899995803833,0
2025-08-10,9.880000114440918,10.109999656677246,9.899999618530273,10.09000015258789,4850709
2025-08-11,10.09000015258789,10.140000343322754,9.869999885559082,9.890000343322754,5386268
2025-08-12,9.890000343322754,9.949999809265137,9.819999694824219,9.859999656677246,2471680
2025-08-13,9.859999656677246,9.90999984741211,9.729999542236328,9.770000457763672,1712613
2025-08-14,9.770000457763672,9.829999923706055,9.699999809265137,9.729999542236328,1813725
2025-08-17,9.729999542236328,9.84000015258789,9.640000343322754,9.710000038146973,1835387
2025-08-18,9.710000038146973,9.869999885559082,9.720000267028809,9.800000190734863,2692625
2025-08-19,9.800000190734863,9.84000015258789,9.779999732971191,9.800000190734863,1953199
2025-08-20,9.800000190734863,9.850000381469727,9.710000038146973,9.710000038146973,1507077
2025-08-21,9.710000038146973,9.75,9.680000305175781,9.710000038146973,1192221
2025-08-24,9.710000038146973,9.84000015258789,9.699999809265137,9.800000190734863,1503952
2025-08-25,9.800000190734863,10.050000190734863,9.850000381469727,9.970000267028809,4826783
2025-08-26,9.970000267028809,10.039999961853027,9.880000114440918,9.90999984741211,3193316
2025-08-27,9.90999984741211,9.949999809265137,9.859999656677246,9.899999618530273,1771666
2025-08-28,9.899999618530273,9.970000267028809,9.899999618530273,9.960000038146973,1312710
2025-08-31,9.960000038146973,10.050000190734863,9.760000228881836,9.770000457763672,3050469
2025-09-01,9.770000457763672,9.899999618530273,9.710000038146973,9.869999885559082,2215505
2025-09-02,9.869999885559082,10.119999885559082,9.890000343322754,10.050000190734863,6464243
2025-09-03,10.050000190734863,10.119999885559082,9.989999771118164,9.989999771118164,5411265
2025-09-07,9.989999771118164,10.069999694824219,9.899999618530273,9.899999618530273,3524118
2025-09-08,9.899999618530273,9.970000267028809,9.880000114440918,9.880000114440918,2678604
2025-09-09,9.880000114440918,10.180000305175781,9.90999984741211,9.9399995803833,7465087
2025-09-10,9.9399995803833,10.010000228881836,9.890000343322754,9.949999809265137,4288379
2025-09-11,9.949999809265137,10.100000381469727,9.960000038146973,10.09000015258789,3023691
2025-09-14,10.09000015258789,10.470000267028809,10.079999923706055,10.399999618530273,13878332
2025-09-15,10.399999618530273,10.460000038146973,10.270000457763672,10.34000015258789,4298779
2025-09-16,3.4466660022735596,3.4566659927368164,3.353332996368408,3.356666088104248,16106883
2025-09-17,3.356666088104248,3.390000104904175,3.353332996368408,3.356666088104248,8662203
2025-09-18,3.356666088104248,3.3833329677581787,3.3066658973693848,3.3166658878326416,17582877
2025-09-21,3.3166658878326416,3.3433330059051514,3.3066658973693848,3.3066658973693848,8885631
2025-09-22,3.3066658973693848,3.3233330249786377,3.2899999618530273,3.313333034515381,3899295
2025-09-23,3.313333034515381,3.366666078567505,3.3166658878326416,3.346666097640991,11013783
2025-09-24,3.346666097640991,3.369999885559082,3.3366661071777344,3.353332996368408,17565822
2025-09-25,3.3529999256134033,3.4000000953674316,3.259999990463257,3.2799999713897705,18853385
2025-09-28,3.2799999713897705,3.299999952316284,3.2699999809265137,3.2799999713897705,11269539
2025-09-29,3.2799999713897705,3.3299999237060547,3.259999990463257,3.2899999618530273,28260815
2025-09-30,3.2899999618530273,3.3399999141693115,3.2799999713897705,3.2899999618530273,27110796
2025-10-01,3.2899999618530273,3.309999942779541,3.2799999713897705,3.2899999618530273,10333452
2025-10-02,3.2899999618530273,3.299999952316284,3.25,3.2699999809265137,10459273
2025-10-05,3.2699999809265137,3.2899999618530273,3.25,3.259999990463257,8594828
2025-10-06,3.259999990463257,3.2799999713897705,3.2300000190734863,3.240000009536743,9697637
2025-10-07,3.240000009536743,3.259999990463257,3.200000047683716,3.200000047683716,12200724
2025-10-08,3.200000047683716,3.2300000190734863,3.1600000858306885,3.180000066757202,12061475
2025-10-12,3.180000066757202,3.190000057220459,3.109999895095825,3.140000104904175,13018306
2025-10-13,3.140000104904175,3.2100000381469727,3.119999885559082,3.190000057220459,18539089
2025-10-14,3.190000057220459,3.240000009536743,3.1500000953674316,3.1600000858306885,17243094
2025-10-15,3.1600000858306885,3.190000057220459,3.1500000953674316,3.190000057220459,9984804
2025-10-16,3.190000057220459,3.2100000381469727,3.180000066757202,3.190000057220459,9796068
2025-10-19,3.190000057220459,3.259999990463257,3.200000047683716,3.25,9907708
2025-10-20,3.25,3.2799999713897705,3.190000057220459,3.2200000286102295,10470595
2025-10-21,3.2200000286102295,3.2300000190734863,3.180000066757202,3.190000057220459,7066305
2025-10-22,3.190000057220459,3.2200000286102295,3.190000057220459,3.200000047683716,8064451
2025-10-23,3.200000047683716,3.259999990463257,3.200000047683716,3.240000009536743,17526344
2025-10-26,3.240000009536743,3.299999952316284,3.240000009536743,3.2699999809265137,15216130
2025-10-27,3.2699999809265137,3.319999933242798,3.25,3.309999942779541,36691560
2025-10-28,3.309999942779541,3.3299999237060547,3.2699999809265137,3.2799999713897705,9659349
2025-10-29,3.2799999713897705,3.3399999141693115,3.25,3.3299999237060547,18016482
2025-10-30,3.3299999237060547,3.3399999141693115,3.2899999618530273,3.2899999618530273,12568375
2025-11-02,3.2899999618530273,3.309999942779541,3.240000009536743,3.25,11949177
2025-11-03,3.25,3.2899999618530273,3.2200000286102295,3.2699999809265137,8119753
2025-11-04,3.2699999809265137,3.359999895095825,3.2699999809265137,3.3299999237060547,23500932
2025-11-05,3.3299999237060547,3.3499999046325684,3.2699999809265137,3.2799999713897705,10102818
2025-11-06,3.2799999713897705,3.319999933242798,3.259999990463257,3.309999942779541,12644246
2025-11-09,3.309999942779541,3.3499999046325684,3.2699999809265137,3.2699999809265137,8366444
2025-11-10,3.2699999809265137,3.319999933242798,3.25,3.309999942779541,17761092
2025-11-11,3.309999942779541,3.430000066757202,3.2899999618530273,3.4200000762939453,53773010
2025-11-12,3.4200000762939453,3.4600000381469727,3.380000114440918,3.390000104904175,25231380
2025-11-13,3.390000104904175,3.430000066757202,3.359999895095825,3.390000104904175,19203846
2025-11-16,3.390000104904175,3.440000057220459,3.380000114440918,3.380000114440918,14780821
2025-11-17,3.380000114440918,3.5999999046325684,3.450000047683716,3.5799999237060547,111761125
2025-11-18,3.5799999237060547,3.630000114440918,3.5,3.549999952316284,49618120
2025-11-19,3.549999952316284,3.609999895095825,3.5,3.5399999618530273,44926790
2025-11-20,3.5399999618530273,3.740000009536743,3.549999952316284,3.6600000858306885,85188902
2025-11-23,3.6600000858306885,3.8299999237060547,3.6500000953674316,3.809999942779541,85111506
2025-11-24,3.809999942779541,3.8299999237060547,3.6600000858306885,3.6600000858306885,39649651
2025-11-25,3.6600000858306885,3.680000066757202,3.5199999809265137,3.5299999713897705,25982459
2025-11-26,3.5299999713897705,3.6700000762939453,3.5299999713897705,3.559999942779541,35512696
2025-11-27,3.559999942779541,3.5899999141693115,3.5299999713897705,3.549999952316284,19225527
2025-11-30,3.549999952316284,3.5899999141693115,3.509999990463257,3.5299999713897705,18095168
2025-12-01,3.5299999713897705,3.569999933242798,3.430000066757202,3.4700000286102295,22242554
2025-12-02,3.4700000286102295,3.509999990463257,3.4100000858306885,3.430000066757202,16676945
2025-12-03,3.430000066757202,3.5399999618530273,3.390000104904175,3.5299999713897705,27341354
2025-12-04,3.5299999713897705,3.5899999141693115,3.509999990463257,3.559999942779541,19780492
2025-12-07,3.559999942779541,3.7100000381469727,3.569999933242798,3.6500000953674316,36402308
2025-12-08,3.6500000953674316,3.7699999809265137,3.619999885559082,3.7200000286102295,68650869
2025-12-09,3.7200000286102295,3.7699999809265137,3.700000047683716,3.759999990463257,23242400
2025-12-10,3.759999990463257,3.8499999046325684,3.7300000190734863,3.799999952316284,40217869
2025-12-11,3.799999952316284,3.859999895095825,3.7699999809265137,3.8299999237060547,31751439
2025-12-14,3.8299999237060547,3.8499999046325684,3.740000009536743,3.7899999618530273,22313212
2025-12-15,3.7899999618530273,3.9100000858306885,3.690000057220459,3.740000009536743,99140095
2025-12-16,3.740000009536743,3.75,3.609999895095825,3.619999885559082,24743671
2025-12-17,3.619999885559082,3.690000057220459,3.549999952316284,3.5899999141693115,30872366
2025-12-18,3.5899999141693115,3.640000104904175,3.549999952316284,3.569999933242798,43127480
2025-12-21,3.569999933242798,3.5999999046325684,3.5299999713897705,3.569999933242798,21397073
2025-12-22,3.569999933242798,3.5999999046325684,3.549999952316284,3.559999942779541,19424280
2025-12-23,3.559999942779541,3.5999999046325684,3.490000009536743,3.5299999713897705,16926752
2025-12-24,3.5299999713897705,3.5799999237060547,3.5299999713897705,3.559999942779541,7839619
2025-12-25,3.559999942779541,3.5999999046325684,3.5199999809265137,3.549999952316284,15784314
2025-12-28,3.549999952316284,3.640000104904175,3.559999942779541,3.640000104904175,17487099
2025-12-29,3.640000104904175,3.6600000858306885,3.630000114440918,3.6500000953674316,17630939
2025-12-30,3.6500000953674316,3.700000047683716,3.619999885559082,3.619999885559082,22031011
2025-12-31,3.619999885559082,3.640000104904175,3.569999933242798,3.5999999046325684,15934532
2026-01-04,3.5999999046325684,3.619999885559082,3.5299999713897705,3.5399999618530273,5343037
2026-01-05,3.5399999618530273,3.5399999618530273,3.4700000286102295,3.4700000286102295,15502093
2026-01-06,3.4700000286102295,3.5299999713897705,3.4800000190734863,3.4800000190734863,13898694
2026-01-08,3.4800000190734863,3.5199999809265137,3.4700000286102295,3.4700000286102295,8334479
2026-01-11,3.4700000286102295,3.549999952316284,3.4700000286102295,3.509999990463257,20502806
2026-01-12,3.509999990463257,3.559999942779541,3.4100000858306885,3.430000066757202,36553965
2026-01-13,3.430000066757202,3.4700000286102295,3.3399999141693115,3.3499999046325684,17767623
2026-01-14,3.3499999046325684,3.369999885559082,3.25,3.299999952316284,16079604
2026-01-15,3.299999952316284,3.3299999237060547,3.25,3.2799999713897705,8309556
2026-01-18,3.2799999713897705,3.3299999237060547,3.299999952316284,3.309999942779541,4606658
2026-01-19,3.309999942779541,3.450000047683716,3.319999933242798,3.450000047683716,31754399
2026-01-20,3.450000047683716,3.5299999713897705,3.430000066757202,3.4600000381469727,24850592
2026-01-21,3.4600000381469727,3.4700000286102295,3.4100000858306885,3.440000057220459,12727434
2026-01-22,3.440000057220459,3.5,3.4100000858306885,3.4100000858306885,10929370
2026-01-25,3.4100000858306885,3.450000047683716,3.380000114440918,3.390000104904175,12279687
2026-01-26,3.390000104904175,3.5999999046325684,3.4000000953674316,3.559999942779541,60808275
2026-01-27,3.559999942779541,3.6600000858306885,3.5199999809265137,3.5399999618530273,44505214
2026-01-28,3.5399999618530273,3.5899999141693115,3.4600000381469727,3.5299999713897705,28187576
2026-02-01,3.5299999713897705,3.549999952316284,3.4800000190734863,3.509999990463257,16775012
2026-02-02,3.509999990463257,3.6500000953674316,3.490000009536743,3.630000114440918,36336131
2026-02-03,3.630000114440918,3.680000066757202,3.5999999046325684,3.609999895095825,26238610
2026-02-04,3.609999895095825,3.6600000858306885,3.559999942779541,3.559999942779541,32194595
2026-02-05,3.559999942779541,3.630000114440918,3.5399999618530273,3.569999933242798,20121286
2026-02-08,3.569999933242798,3.950000047683716,3.5999999046325684,3.869999885559082,136097500
2026-02-09,3.869999885559082,3.9000000953674316,3.819999933242798,3.8399999141693115,40935739
2026-02-10,3.8399999141693115,4.010000228881836,3.8499999046325684,3.990000009536743,170021040
2026-02-11,3.990000009536743,4.059999942779541,3.9000000953674316,3.9200000762939453,67730109
2026-02-12,3.9200000762939453,4.010000228881836,3.890000104904175,4.010000228881836,62795935
2026-02-15,4.010000228881836,4.329999923706055,4.090000152587891,4.289999961853027,121110682
2026-02-16,4.289999961853027,4.440000057220459,4.21999979019165,4.239999771118164,87650632
2026-02-17,4.239999771118164,4.400000095367432,4.210000038146973,4.360000133514404,74783624
2026-02-18,4.360000133514404,4.460000038146973,4.309999942779541,4.329999923706055,78711744
2026-02-19,4.329999923706055,4.369999885559082,4.150000095367432,4.239999771118164,27436903
2026-02-22,4.239999771118164,4.260000228881836,4.090000152587891,4.21999979019165,28059451
2026-02-23,4.21999979019165,4.630000114440918,4.190000057220459,4.619999885559082,121353875
2026-02-24,4.619999885559082,4.96999979019165,4.550000190734863,4.78000020980835,162780306
2026-02-25,4.78000020980835,4.820000171661377,4.590000152587891,4.679999828338623,68210469
2026-02-26,4.679999828338623,4.860000133514404,4.690000057220459,4.820000171661377,63798395
2026-03-01,4.820000171661377,4.900000095367432,4.440000057220459,4.889999866485596,67387250
2026-03-02,4.889999866485596,5.210000038146973,4.860000133514404,5.170000076293945,87598905
2026-03-03,5.170000076293945,5.320000171661377,5.070000171661377,5.139999866485596,52293554
2026-03-04,5.139999866485596,5.25,4.980000019073486,5.150000095367432,49985071
2026-03-05,5.150000095367432,5.21999979019165,5.059999942779541,5.070000171661377,18049220
2026-03-08,5.070000171661377,5.28000020980835,4.989999771118164,5.199999809265137,35215657
2026-03-09,5.199999809265137,5.489999771118164,5.210000038146973,5.480000019073486,48708608
2026-03-10,5.480000019073486,5.800000190734863,5.519999980926514,5.639999866485596,44284434
2026-03-11,5.639999866485596,5.730000019073486,5.570000171661377,5.610000133514404,27335196
2026-03-12,5.610000133514404,5.710000038146973,5.53000020980835,5.550000190734863,17125537
2026-03-15,5.550000190734863,5.570000171661377,5.340000152587891,5.489999771118164,27216433
2026-03-16,5.489999771118164,5.519999980926514,5.289999961853027,5.289999961853027,20641535
2026-03-17,5.289999961853027,5.53000020980835,5.329999923706055,5.5,27292197
2026-03-18,5.5,5.679999828338623,5.519999980926514,5.679999828338623,35524933
2026-03-19,5.679999828338623,5.679999828338623,5.679999828338623,5.679999828338623,0
2026-03-24,5.679999828338623,5.960000038146973,5.699999809265137,5.900000095367432,37956234
2026-03-25,5.900000095367432,5.949999809265137,5.71999979019165,5.760000228881836,23523189
2026-03-26,5.760000228881836,6.050000190734863,5.739999771118164,5.900000095367432,53839178
2026-03-29,5.900000095367432,5.940000057220459,5.730000019073486,5.75,25395356
2026-03-30,5.75,5.800000190734863,5.570000171661377,5.599999904632568,26776811
2026-03-31,5.599999904632568,5.760000228881836,5.570000171661377,5.590000152587891,37771690
2026-04-01,5.590000152587891,5.690000057220459,5.599999904632568,5.659999847412109,16708730
2026-04-02,5.659999847412109,5.739999771118164,5.619999885559082,5.659999847412109,19433215
2026-04-05,5.659999847412109,5.739999771118164,5.590000152587891,5.590000152587891,27748121
2026-04-06,5.590000152587891,5.679999828338623,5.550000190734863,5.570000171661377,30754832
2026-04-07,5.570000171661377,5.590000152587891,5.369999885559082,5.429999828338623,35009290
2026-04-08,5.429999828338623,5.579999923706055,5.480000019073486,5.559999942779541,35274990
2026-04-09,5.559999942779541,5.579999923706055,5.420000076293945,5.5,15383365
2026-04-14,5.5,5.619999885559082,5.460000038146973,5.539999961853027,16668036
2026-04-15,5.539999961853027,5.800000190734863,5.559999942779541,5.730000019073486,49397228
2026-04-16,5.730000019073486,5.860000133514404,5.75,5.769999980926514,17118017
2026-04-19,5.769999980926514,5.860000133514404,5.760000228881836,5.769999980926514,11918801
2026-04-20,5.769999980926514,5.789999961853027,5.630000114440918,5.650000095367432,11167769
2026-04-21,5.650000095367432,5.849999904632568,5.650000095367432,5.760000228881836,19876097
2026-04-22,5.760000228881836,6.199999809265137,5.699999809265137,6.150000095367432,80675933
2026-04-23,6.150000095367432,6.21999979019165,5.96999979019165,5.96999979019165,33452744
2026-04-26,5.96999979019165,6.159999847412109,5.809999942779541,5.829999923706055,31285592
2026-04-27,5.829999923706055,5.96999979019165,5.849999904632568,5.900000095367432,20930745
2026-04-28,5.900000095367432,6.019999980926514,5.920000076293945,5.980000019073486,16656875
2026-04-29,5.980000019073486,6.389999866485596,5.980000019073486,6.269999980926514,83928385
2026-04-30,6.269999980926514,6.449999809265137,6.199999809265137,6.199999809265137,35900874
2026-05-03,6.199999809265137,6.869999885559082,6.28000020980835,6.860000133514404,63844890
2026-05-04,6.860000133514404,6.949999809265137,6.650000095367432,6.650000095367432,25421419
2026-05-05,6.650000095367432,6.949999809265137,6.610000133514404,6.900000095367432,30178273
2026-05-06,6.900000095367432,7.079999923706055,6.809999942779541,6.980000019073486,25088861
2026-05-10,6.980000019073486,6.989999771118164,6.809999942779541,6.869999885559082,21961743
2026-05-11,6.869999885559082,7.179999828338623,6.869999885559082,7.079999923706055,49980076
2026-05-12,7.079999923706055,7.199999809265137,7.0,7.059999942779541,25497633
2026-05-13,7.059999942779541,7.150000095367432,6.980000019073486,7.0,24354390
2026-05-14,7.0,7.019999980926514,6.820000171661377,6.900000095367432,33138364
2026-05-17,6.900000095367432,6.980000019073486,6.71999979019165,6.739999771118164,26885188
2026-05-18,6.739999771118164,6.570000171661377,6.369999885559082,6.420000076293945,20675935
2026-05-19,6.420000076293945,6.610000133514404,6.429999828338623,6.519999980926514,30660021
2026-05-20,6.519999980926514,6.699999809265137,6.389999866485596,6.409999847412109,41595156
2026-05-21,6.409999847412109,6.510000228881836,6.320000171661377,6.320000171661377,25428683
2026-05-24,6.320000171661377,6.519999980926514,6.380000114440918,6.400000095367432,25950784
2026-05-25,6.400000095367432,6.46999979019165,6.340000152587891,6.369999885559082,16107005
2026-05-26,6.369999885559082,6.369999885559082,6.369999885559082,6.369999885559082,0
2026-05-27,6.369999885559082,6.369999885559082,6.369999885559082,6.369999885559082,0
2026-05-28,6.369999885559082,6.369999885559082,6.369999885559082,6.369999885559082,0
2026-06-01,6.369999885559082,6.699999809265137,6.429999828338623,6.699999809265137,39394050
2026-06-02,6.699999809265137,6.869999885559082,6.71999979019165,6.789999961853027,29797087
2026-06-03,6.789999961853027,6.829999923706055,6.579999923706055,6.579999923706055,19835176
2026-06-04,6.579999923706055,6.619999885559082,6.539999961853027,6.550000190734863,8450559
2026-06-07,6.550000190734863,6.53000020980835,6.389999866485596,6.449999809265137,8592071
2026-06-08,6.449999809265137,6.46999979019165,6.360000133514404,6.389999866485596,9791514
2026-06-09,6.389999866485596,6.760000228881836,6.420000076293945,6.710000038146973,28280651
2026-06-10,6.710000038146973,6.800000190734863,6.400000095367432,6.460000038146973,28394147
2026-06-11,6.460000038146973,6.5,6.28000020980835,6.400000095367432,10808869
2026-06-14,6.400000095367432,6.599999904632568,6.460000038146973,6.579999923706055,14939602
2026-06-15,6.579999923706055,6.670000076293945,6.409999847412109,6.429999828338623,20570211
2026-06-16,6.429999828338623,6.5,6.340000152587891,6.400000095367432,19368737
2026-06-17,6.400000095367432,6.400000095367432,6.400000095367432,6.400000095367432,0
2026-06-18,6.400000095367432,6.400000095367432,6.400000095367432,6.400000095367432,0
2026-06-21,6.510000228881836,6.650000095367432,6.539999961853027,6.570000171661377,11945445
2026-06-22,6.570000171661377,6.570000171661377,6.570000171661377,6.570000171661377,0
2026-06-23,6.590000152587891,6.630000114440918,6.369999885559082,6.400000095367432,13233541
2026-06-24,6.400000095367432,6.599999904632568,6.400000095367432,6.559999942779541,17959814
2026-06-25,6.559999942779541,6.639999866485596,6.46999979019165,6.53000020980835,15719210
2026-06-28,6.53000020980835,6.559999942779541,6.369999885559082,6.409999847412109,8174064
2026-06-29,6.409999847412109,6.46999979019165,6.360000133514404,6.369999885559082,7003506
2026-06-30,6.369999885559082,6.510000228881836,6.400000095367432,6.400000095367432,10345133
2026-07-01,6.400000095367432,6.5,6.409999847412109,6.429999828338623,10011393
2026-07-05,6.429999828338623,6.639999866485596,6.449999809265137,6.639999866485596,18280645
2026-07-06,6.639999866485596,6.829999923706055,6.679999828338623,6.769999980926514,47214129
2026-07-07,6.769999980926514,6.840000152587891,6.659999847412109,6.710000038146973,26554470
2026-07-08,6.710000038146973,6.909999847412109,6.690000057220459,6.829999923706055,41534988
2026-07-09,6.829999923706055,7.449999809265137,6.829999923706055,7.329999923706055,86606907
2026-07-12,7.329999923706055,7.619999885559082,7.239999771118164,7.460000038146973,26748851
2026-07-13,7.460000038146973,7.460000038146973,7.28000020980835,7.349999904632568,15823610
2026-07-14,7.349999904632568,7.46999979019165,7.320000171661377,7.349999904632568,17129531
2026-07-15,7.349999904632568,7.769999980926514,7.400000095367432,7.739999771118164,30182709
2026-07-16,7.739999771118164,7.960000038146973,7.710000038146973,7.78000020980835,40613245
2026-07-19,7.78000020980835,8.0,7.730000019073486,7.949999809265137,14691381
2026-07-20,7.949999809265137,8.140000343322754,7.860000133514404,8.119999885559082,23390199
2026-07-21,8.119999885559082,8.399999618530273,8.100000381469727,8.3100004196167,20018076
2026-07-22,8.3100004196167,8.390000343322754,8.210000038146973,8.270000457763672,18930259
2026-07-26,8.270000457763672,8.470000267028809,8.270000457763672,8.300000190734863,11159293
2026-07-27,8.300000190734863,8.420000076293945,8.15999984741211,8.300000190734863,17876565
2026-07-28,8.300000190734863,8.460000038146973,8.15999984741211,8.15999984741211,29807010
2026-07-29,8.15999984741211,8.5,7.860000133514404,8.40999984741211,36204577
2026-07-30,8.40999984741211,8.600000381469727,8.1899995803833,8.199999809265137,28689142
2026-08-02,8.199999809265137,8.529999732971191,8.199999809265137,8.420000076293945,21909749
2026-08-03,8.420000076293945,8.649999618530273,8.319999694824219,8.399999618530273,25149973
2026-08-04,8.399999618530273,8.529999732971191,8.1899995803833,8.270000457763672,12083649
2026-08-05,8.270000457763672,8.399999618530273,8.25,8.279999732971191,15458178
2026-08-06,8.279999732971191,8.350000381469727,8.170000076293945,8.210000038146973,12131901
