date,open,high,low,close,volume
2022-01-02,0.9150000214576721,0.9350000023841858,0.9169999957084656,0.9240000247955322,622234
2022-01-03,0.9240000247955322,0.9639999866485596,0.9200000166893005,0.9520000219345093,3707052
2022-01-04,0.9520000219345093,0.9700000286102295,0.9359999895095825,0.9449999928474426,1437732
2022-01-05,0.9449999928474426,0.968999981880188,0.9470000267028809,0.9570000171661377,2582268
2022-01-09,0.9570000171661377,0.9570000171661377,0.9570000171661377,0.9570000171661377,0
2022-01-10,0.949999988079071,0.9629999995231628,0.9449999928474426,0.953000009059906,875999
2022-01-11,0.953000009059906,0.9649999737739563,0.9409999847412109,0.9440000057220459,1089980
2022-01-12,0.9440000057220459,0.9589999914169312,0.9300000071525574,0.9330000281333923,571535
2022-01-13,0.9330000281333923,0.9330000281333923,0.9110000133514404,0.9179999828338623,532249
2022-01-16,0.9179999828338623,0.9200000166893005,0.8989999890327454,0.9039999842643738,1266600
2022-01-17,0.9039999842643738,0.9179999828338623,0.8999999761581421,0.902999997138977,448278
2022-01-18,0.902999997138977,0.9279999732971191,0.8999999761581421,0.902999997138977,316785
2022-01-19,0.902999997138977,0.9300000071525574,0.8999999761581421,0.9010000228881836,1026535
2022-01-20,0.9010000228881836,0.9049999713897705,0.8799999952316284,0.8989999890327454,552049
2022-01-23,0.8989999890327454,0.8970000147819519,0.8730000257492065,0.8849999904632568,514892
2022-01-24,0.8849999904632568,0.8980000019073486,0.8529999852180481,0.8560000061988831,760452
2022-01-25,0.8560000061988831,0.8769999742507935,0.8600000143051147,0.8629999756813049,394125
2022-01-26,0.8629999756813049,0.8700000047683716,0.8510000109672546,0.8579999804496765,831904
2022-01-30,0.8579999804496765,0.8799999952316284,0.8199999928474426,0.8389999866485596,856171
2022-01-31,0.8389999866485596,0.8500000238418579,0.8299999833106995,0.8410000205039978,385032
2022-02-01,0.8410000205039978,0.8740000128746033,0.8429999947547913,0.8690000176429749,919734
2022-02-02,0.8690000176429749,0.878000020980835,0.8600000143051147,0.8629999756813049,496319
2022-02-03,0.8629999756813049,0.8799999952316284,0.8510000109672546,0.8650000095367432,806948
2022-02-06,0.8650000095367432,0.8790000081062317,0.8650000095367432,0.8709999918937683,721646
2022-02-07,0.8709999918937683,0.8849999904632568,0.8650000095367432,0.8690000176429749,1216811
2022-02-08,0.8690000176429749,0.8740000128746033,0.8529999852180481,0.8550000190734863,876045
2022-02-09,0.8550000190734863,0.8830000162124634,0.8500000238418579,0.8610000014305115,1155831
2022-02-10,0.8610000014305115,0.8610000014305115,0.8399999737739563,0.8429999947547913,703290
2022-02-13,0.8429999947547913,0.8479999899864197,0.7799999713897705,0.7820000052452087,1479488
2022-02-14,0.7820000052452087,0.7860000133514404,0.7099999785423279,0.7549999952316284,497331
2022-02-15,0.7549999952316284,0.8199999928474426,0.800000011920929,0.8080000281333923,1032245
2022-02-16,0.8080000281333923,0.8299999833106995,0.7990000247955322,0.8009999990463257,502813
2022-02-17,0.8009999990463257,0.8040000200271606,0.800000011920929,0.8029999732971191,810044
2022-02-20,0.8029999732971191,0.800000011920929,0.7770000100135803,0.7799999713897705,782046
2022-02-21,0.7799999713897705,0.800000011920929,0.7799999713897705,0.7799999713897705,88850
2022-02-22,0.7799999713897705,0.781000018119812,0.7699999809265137,0.7799999713897705,368260
2022-02-23,0.7799999713897705,0.800000011920929,0.7799999713897705,0.7799999713897705,215534
2022-02-24,0.7799999713897705,0.7699999809265137,0.6309999823570251,0.6470000147819519,2142048
2022-02-27,0.6470000147819519,0.7099999785423279,0.6650000214576721,0.6919999718666077,618661
2022-02-28,0.6919999718666077,0.7689999938011169,0.6710000038146973,0.699999988079071,559872
2022-03-01,0.699999988079071,0.7400000095367432,0.7099999785423279,0.7120000123977661,501095
2022-03-02,0.7120000123977661,0.7300000190734863,0.7080000042915344,0.7120000123977661,650630
2022-03-03,0.7120000123977661,0.75,0.6909999847412109,0.7120000123977661,389279
2022-03-06,0.7120000123977661,0.7300000190734863,0.7089999914169312,0.7120000123977661,308437
2022-03-07,0.7120000123977661,0.7200000286102295,0.6830000281333923,0.7009999752044678,539241
2022-03-08,0.7009999752044678,0.7009999752044678,0.7009999752044678,0.7009999752044678,0
2022-03-09,0.7009999752044678,0.7149999737739563,0.6899999976158142,0.6970000267028809,432127
2022-03-10,0.6970000267028809,0.7099999785423279,0.6959999799728394,0.6970000267028809,218505
2022-03-13,0.6970000267028809,0.699999988079071,0.6859999895095825,0.6970000267028809,121359
2022-03-14,0.6970000267028809,0.6970000267028809,0.6970000267028809,0.6970000267028809,37650
2022-03-15,0.6970000267028809,0.6970000267028809,0.6740000247955322,0.6970000267028809,77722
2022-03-16,0.6970000267028809,0.718999981880188,0.6919999718666077,0.7149999737739563,430356
2022-03-17,0.7149999737739563,0.7289999723434448,0.699999988079071,0.7149999737739563,207210
2022-03-20,0.7149999737739563,0.7289999723434448,0.7149999737739563,0.7149999737739563,346653
2022-03-21,0.7149999737739563,0.7390000224113464,0.7149999737739563,0.7350000143051147,1775109
2022-03-22,0.7350000143051147,0.7580000162124634,0.7300000190734863,0.7310000061988831,3802330
2022-03-23,0.7310000061988831,0.7400000095367432,0.7310000061988831,0.7310000061988831,62600
2022-03-24,0.7310000061988831,0.7519999742507935,0.7239999771118164,0.7289999723434448,658605
2022-03-27,0.7289999723434448,0.7379999756813049,0.7149999737739563,0.7289999723434448,228700
2022-03-28,0.7289999723434448,0.7149999737739563,0.6909999847412109,0.7289999723434448,120035
2022-03-29,0.7289999723434448,0.7400000095367432,0.6919999718666077,0.7080000042915344,681787
2022-03-30,0.7080000042915344,0.7009999752044678,0.6940000057220459,0.6949999928474426,483000
2022-03-31,0.6949999928474426,0.6949999928474426,0.6800000071525574,0.6949999928474426,178250
2022-04-03,0.6949999928474426,0.7179999947547913,0.6859999895095825,0.6949999928474426,10010
2022-04-04,0.6949999928474426,0.7200000286102295,0.6949999928474426,0.6949999928474426,314658
2022-04-05,0.6949999928474426,0.6949999928474426,0.6930000185966492,0.6949999928474426,50846
2022-04-06,0.6949999928474426,0.699999988079071,0.6919999718666077,0.6949999928474426,190593
2022-04-07,0.6949999928474426,0.6949999928474426,0.675000011920929,0.6949999928474426,303559
2022-04-10,0.6949999928474426,0.675000011920929,0.6399999856948853,0.6499999761581421,1515420
2022-04-11,0.6499999761581421,0.675000011920929,0.625,0.6499999761581421,366117
2022-04-12,0.6499999761581421,0.6499999761581421,0.6240000128746033,0.6290000081062317,891247
2022-04-13,0.6290000081062317,0.6499999761581421,0.6259999871253967,0.6290000081062317,443000
2022-04-14,0.6290000081062317,0.6299999952316284,0.6100000143051147,0.6290000081062317,482596
2022-04-17,0.6290000081062317,0.6029999852180481,0.5799999833106995,0.6290000081062317,451808
2022-04-18,0.6290000081062317,0.609000027179718,0.5799999833106995,0.6290000081062317,232851
2022-04-19,0.6290000081062317,0.6240000128746033,0.5509999990463257,0.6290000081062317,162032
2022-04-20,0.6290000081062317,0.6100000143051147,0.5899999737739563,0.6290000081062317,175800
2022-04-21,0.6290000081062317,0.6650000214576721,0.609000027179718,0.656000018119812,709150
2022-04-26,0.656000018119812,0.6499999761581421,0.6230000257492065,0.656000018119812,200090
2022-04-27,0.656000018119812,0.6399999856948853,0.6200000047683716,0.656000018119812,362108
2022-04-28,0.656000018119812,0.6779999732971191,0.6399999856948853,0.6600000262260437,686725
2022-05-08,0.6600000262260437,0.6499999761581421,0.6399999856948853,0.6600000262260437,192594
2022-05-09,0.6600000262260437,0.6650000214576721,0.6399999856948853,0.6600000262260437,406081
2022-05-10,0.6600000262260437,0.6349999904632568,0.6019999980926514,0.6309999823570251,1030170
2022-05-11,0.6309999823570251,0.6449999809265137,0.6259999871253967,0.6359999775886536,702310
2022-05-12,0.6359999775886536,0.6809999942779541,0.6050000190734863,0.6430000066757202,4576792
2022-05-15,0.6430000066757202,0.6800000071525574,0.6489999890327454,0.6510000228881836,4594132
2022-05-16,0.6510000228881836,0.6639999747276306,0.625,0.6370000243186951,2417975
2022-05-17,0.6370000243186951,0.675000011920929,0.6399999856948853,0.6470000147819519,2899105
2022-05-18,0.6470000147819519,0.675000011920929,0.6420000195503235,0.6539999842643738,2268547
2022-05-19,0.6539999842643738,0.6660000085830688,0.6380000114440918,0.6589999794960022,2407564
2022-05-22,0.6589999794960022,0.7089999914169312,0.6660000085830688,0.7020000219345093,9022957
2022-05-23,0.7020000219345093,0.7099999785423279,0.6850000023841858,0.6890000104904175,2086401
2022-05-24,0.6890000104904175,0.6899999976158142,0.671999990940094,0.6759999990463257,1270655
2022-05-25,0.6759999990463257,0.6620000004768372,0.6100000143051147,0.6200000047683716,2170144
2022-05-26,0.6200000047683716,0.6299999952316284,0.5929999947547913,0.6029999852180481,1660433
2022-05-29,0.6029999852180481,0.6100000143051147,0.5910000205039978,0.5950000286102295,704410
2022-05-30,0.5950000286102295,0.6320000290870667,0.6000000238418579,0.6230000257492065,1120496
2022-05-31,0.6230000257492065,0.6340000033378601,0.6150000095367432,0.6230000257492065,428470
2022-06-01,0.6230000257492065,0.6380000114440918,0.6050000190734863,0.6079999804496765,621500
2022-06-02,0.6079999804496765,0.6200000047683716,0.597000002861023,0.6079999804496765,218578
2022-06-05,0.6079999804496765,0.6079999804496765,0.6079999804496765,0.6079999804496765,0
2022-06-06,0.6079999804496765,0.6399999856948853,0.6029999852180481,0.6190000176429749,728011
2022-06-07,0.6190000176429749,0.6579999923706055,0.6200000047683716,0.6340000033378601,2603953
2022-06-08,0.6340000033378601,0.6679999828338623,0.6480000019073486,0.6499999761581421,2799633
2022-06-09,0.6499999761581421,0.6629999876022339,0.6399999856948853,0.6439999938011169,2520373
2022-06-12,0.6439999938011169,0.6589999794960022,0.6290000081062317,0.640999972820282,1777461
2022-06-13,0.640999972820282,0.6499999761581421,0.6320000290870667,0.6420000195503235,1576352
2022-06-14,0.6420000195503235,0.6439999938011169,0.6349999904632568,0.6380000114440918,923159
2022-06-15,0.6380000114440918,0.6539999842643738,0.6449999809265137,0.6470000147819519,980606
2022-06-16,0.6470000147819519,0.6600000262260437,0.6489999890327454,0.6499999761581421,2743564
2022-06-19,0.6499999761581421,0.6579999923706055,0.6290000081062317,0.6389999985694885,1114974
2022-06-20,0.6389999985694885,0.6349999904632568,0.6209999918937683,0.6240000128746033,1146478
2022-06-21,0.6240000128746033,0.6349999904632568,0.621999979019165,0.6240000128746033,392917
2022-06-22,0.6240000128746033,0.621999979019165,0.6000000238418579,0.6110000014305115,933472
2022-06-23,0.6110000014305115,0.6290000081062317,0.6000000238418579,0.6079999804496765,1463178
2022-06-26,0.6079999804496765,0.6240000128746033,0.5929999947547913,0.6010000109672546,529967
2022-06-27,0.6010000109672546,0.6019999980926514,0.5809999704360962,0.5889999866485596,546750
2022-06-28,0.5889999866485596,0.5860000252723694,0.5600000023841858,0.5630000233650208,718655
2022-06-29,0.5630000233650208,0.5889999866485596,0.5699999928474426,0.5630000233650208,209976
2022-07-03,0.5630000233650208,0.5709999799728394,0.5,0.5630000233650208,525098
2022-07-04,0.5630000233650208,0.5690000057220459,0.5139999985694885,0.5289999842643738,908522
2022-07-05,0.5289999842643738,0.5550000071525574,0.5120000243186951,0.5289999842643738,396604
2022-07-06,0.5289999842643738,0.5479999780654907,0.5199999809265137,0.5289999842643738,406802
2022-07-07,0.5289999842643738,0.5529999732971191,0.531000018119812,0.5450000166893005,762071
2022-07-17,0.5450000166893005,0.550000011920929,0.531000018119812,0.5450000166893005,558280
2022-07-18,0.5450000166893005,0.5600000023841858,0.5350000262260437,0.5460000038146973,1087016
2022-07-19,0.5460000038146973,0.5649999976158142,0.550000011920929,0.5529999732971191,2713544
2022-07-20,0.5529999732971191,0.5699999928474426,0.5529999732971191,0.5600000023841858,1367237
2022-07-21,0.5600000023841858,0.6100000143051147,0.5619999766349792,0.6000000238418579,4042354
2022-07-24,0.6000000238418579,0.6200000047683716,0.593999981880188,0.6000000238418579,2215990
2022-07-25,0.6000000238418579,0.6019999980926514,0.5899999737739563,0.597000002861023,754298
2022-07-26,0.597000002861023,0.6499999761581421,0.5950000286102295,0.6169999837875366,3327635
2022-07-27,0.6169999837875366,0.628000020980835,0.597000002861023,0.6000000238418579,2317485
2022-07-28,0.6000000238418579,0.609000027179718,0.597000002861023,0.6000000238418579,501430
2022-07-31,0.6000000238418579,0.6100000143051147,0.6019999980926514,0.609000027179718,821140
2022-08-01,0.609000027179718,0.6190000176429749,0.5920000076293945,0.5950000286102295,1075280
2022-08-02,0.5950000286102295,0.609000027179718,0.5849999785423279,0.6000000238418579,2113812
2022-08-03,0.6000000238418579,0.6200000047683716,0.6000000238418579,0.6039999723434448,1621803
2022-08-04,0.6039999723434448,0.6169999837875366,0.6000000238418579,0.6129999756813049,3145923
2022-08-07,0.6129999756813049,0.7080000042915344,0.6140000224113464,0.6970000267028809,9978487
2022-08-08,0.6970000267028809,0.7300000190734863,0.6700000166893005,0.6930000185966492,5638927
2022-08-09,0.6930000185966492,0.699999988079071,0.6610000133514404,0.6639999747276306,1551786
2022-08-10,0.6639999747276306,0.6890000104904175,0.6499999761581421,0.6549999713897705,2249617
2022-08-11,0.6549999713897705,0.6890000104904175,0.6579999923706055,0.6840000152587891,1145093
2022-08-14,0.6840000152587891,0.7409999966621399,0.6819999814033508,0.7120000123977661,10099983
2022-08-15,0.7120000123977661,0.7329999804496765,0.6850000023841858,0.6940000057220459,2396448
2022-08-16,0.6940000057220459,0.7099999785423279,0.6819999814033508,0.6909999847412109,6500036
2022-08-17,0.6909999847412109,0.7490000128746033,0.6899999976158142,0.7200000286102295,10862093
2022-08-18,0.7200000286102295,0.7200000286102295,0.7200000286102295,0.7200000286102295,0
2022-08-21,0.7179999947547913,0.7680000066757202,0.7310000061988831,0.7409999966621399,6800479
2022-08-22,0.7409999966621399,0.777999997138977,0.7400000095367432,0.7419999837875366,6318632
2022-08-23,0.7419999837875366,0.7419999837875366,0.7419999837875366,0.7419999837875366,0
2022-08-24,0.718999981880188,0.7300000190734863,0.7039999961853027,0.7059999704360962,1731942
2022-08-25,0.7059999704360962,0.7229999899864197,0.7099999785423279,0.7170000076293945,519879
2022-08-28,0.7170000076293945,0.7519999742507935,0.699999988079071,0.7319999933242798,8855459
2022-08-29,0.7319999933242798,0.796999990940094,0.7480000257492065,0.7599999904632568,11873977
2022-08-30,0.7599999904632568,0.8270000219345093,0.753000020980835,0.8130000233650208,12006235
2022-08-31,0.8130000233650208,0.8299999833106995,0.7770000100135803,0.7829999923706055,5839072
2022-09-01,0.7829999923706055,0.7979999780654907,0.7519999742507935,0.7699999809265137,2673912
2022-09-04,0.7699999809265137,0.777999997138977,0.75,0.7670000195503235,3303121
2022-09-05,0.7670000195503235,0.8059999942779541,0.7599999904632568,0.7820000052452087,4403212
2022-09-06,0.7820000052452087,0.8970000147819519,0.7960000038146973,0.871999979019165,21051654
2022-09-07,0.871999979019165,0.9200000166893005,0.8600000143051147,0.8989999890327454,12863904
2022-09-08,0.8989999890327454,0.9390000104904175,0.9010000228881836,0.9079999923706055,11385199
2022-09-11,0.9079999923706055,0.9300000071525574,0.8610000014305115,0.8809999823570251,5579566
2022-09-12,0.8809999823570251,0.9110000133514404,0.8650000095367432,0.8930000066757202,9697197
2022-09-13,0.8930000066757202,0.9179999828338623,0.8700000047683716,0.8790000081062317,4067901
2022-09-14,0.8790000081062317,0.878000020980835,0.8410000205039978,0.8629999756813049,5367434
2022-09-15,0.8629999756813049,0.878000020980835,0.8450000286102295,0.8510000109672546,3894652
2022-09-18,0.8510000109672546,0.8740000128746033,0.75,0.7789999842643738,5738520
2022-09-19,0.7789999842643738,0.824999988079071,0.753000020980835,0.8169999718666077,2641905
2022-09-20,0.8169999718666077,0.8700000047683716,0.781000018119812,0.8529999852180481,4773796
2022-09-21,0.8529999852180481,0.9440000057220459,0.8600000143051147,0.9150000214576721,22734681
2022-09-22,0.9150000214576721,0.9300000071525574,0.878000020980835,0.8840000033378601,13562318
2022-09-25,0.8840000033378601,0.8899999856948853,0.8560000061988831,0.8700000047683716,7562089
2022-09-26,0.8700000047683716,0.8960000276565552,0.8610000014305115,0.8880000114440918,9331610
2022-09-27,0.8880000114440918,0.9139999747276306,0.8640000224113464,0.8679999709129333,12188010
2022-09-28,0.8679999709129333,0.8799999952316284,0.8349999785423279,0.8389999866485596,4672286
2022-09-29,0.8389999866485596,0.8600000143051147,0.8299999833106995,0.8379999995231628,5292901
2022-10-02,0.8379999995231628,0.8420000076293945,0.7870000004768372,0.7979999780654907,3724246
2022-10-03,0.7979999780654907,0.8190000057220459,0.7850000262260437,0.7900000214576721,3919935
2022-10-04,0.7900000214576721,0.8169999718666077,0.7860000133514404,0.7929999828338623,3745557
2022-10-05,0.7929999828338623,0.8299999833106995,0.7960000038146973,0.8019999861717224,5266182
2022-10-09,0.8019999861717224,0.8090000152587891,0.7900000214576721,0.7940000295639038,1519769
2022-10-10,0.7940000295639038,0.8080000281333923,0.7680000066757202,0.7720000147819519,3362844
2022-10-11,0.7720000147819519,0.800000011920929,0.7630000114440918,0.7730000019073486,2534430
2022-10-12,0.7730000019073486,0.7799999713897705,0.7310000061988831,0.7409999966621399,4265692
2022-10-13,0.7409999966621399,0.7639999985694885,0.7450000047683716,0.7580000162124634,989960
2022-10-16,0.7580000162124634,0.7749999761581421,0.765999972820282,0.7699999809265137,2040075
2022-10-17,0.7699999809265137,0.7799999713897705,0.7609999775886536,0.7689999938011169,2140380
2022-10-18,0.7689999938011169,0.7910000085830688,0.7639999985694885,0.7839999794960022,2468372
2022-10-19,0.7839999794960022,0.796999990940094,0.7680000066757202,0.7689999938011169,3842053
2022-10-20,0.7689999938011169,0.7760000228881836,0.7599999904632568,0.7620000243186951,1091874
2022-10-23,0.7620000243186951,0.7739999890327454,0.7599999904632568,0.7620000243186951,1446258
2022-10-24,0.7620000243186951,0.7789999842643738,0.7599999904632568,0.7620000243186951,1002219
2022-10-25,0.7620000243186951,0.7680000066757202,0.7490000128746033,0.75,972755
2022-10-26,0.75,0.75,0.75,0.75,0
2022-10-27,0.7699999809265137,0.7900000214576721,0.7559999823570251,0.7599999904632568,1948549
2022-10-30,0.7599999904632568,0.7799999713897705,0.75,0.7540000081062317,949399
2022-10-31,0.7540000081062317,0.7649999856948853,0.7360000014305115,0.7580000162124634,1334131
2022-11-01,0.7580000162124634,0.7699999809265137,0.7419999837875366,0.7509999871253967,757790
2022-11-02,0.7509999871253967,0.7590000033378601,0.7319999933242798,0.7419999837875366,764128
2022-11-03,0.7419999837875366,0.7490000128746033,0.7300000190734863,0.7310000061988831,723008
2022-11-06,0.7310000061988831,0.7450000047683716,0.7310000061988831,0.7329999804496765,651699
2022-11-07,0.7329999804496765,0.7749999761581421,0.7429999709129333,0.753000020980835,3622834
2022-11-08,0.753000020980835,0.777999997138977,0.7379999756813049,0.7400000095367432,1921326
2022-11-09,0.7400000095367432,0.7549999952316284,0.7329999804496765,0.7379999756813049,635894
2022-11-10,0.7379999756813049,0.7599999904632568,0.7379999756813049,0.7559999823570251,1685050
2022-11-13,0.7559999823570251,0.7820000052452087,0.7649999856948853,0.777999997138977,1772186
2022-11-14,0.777999997138977,0.781000018119812,0.7599999904632568,0.7789999842643738,1376053
2022-11-15,0.7789999842643738,0.8029999732971191,0.7799999713897705,0.7889999747276306,3638575
2022-11-16,0.7889999747276306,0.8799999952316284,0.7900000214576721,0.859000027179718,11406223
2022-11-17,0.859000027179718,0.9200000166893005,0.843999981880188,0.8960000276565552,9422551
2022-11-20,0.8960000276565552,0.9700000286102295,0.8970000147819519,0.9559999704360962,11355473
2022-11-21,0.9559999704360962,0.9750000238418579,0.9210000038146973,0.9359999895095825,9450001
2022-11-22,0.9359999895095825,0.9660000205039978,0.925000011920929,0.949999988079071,2583696
2022-11-23,0.949999988079071,1.0149999856948853,0.9419999718666077,1.0019999742507935,8430174
2022-11-24,1.0019999742507935,1.0449999570846558,0.9850000143051147,1.0360000133514404,7349677
2022-11-27,1.0360000133514404,1.1690000295639038,1.0490000247955322,1.1640000343322754,20127693
2022-11-28,1.1640000343322754,1.159000039100647,1.1200000047683716,1.1390000581741333,6589360
2022-11-29,1.1390000581741333,1.2999999523162842,1.1449999809265137,1.2350000143051147,16541455
2022-11-30,1.2350000143051147,1.25,1.1670000553131104,1.1799999475479126,11993879
2022-12-01,1.1799999475479126,1.2710000276565552,1.1799999475479126,1.2419999837875366,15669733
2022-12-04,1.2419999837875366,1.253999948501587,1.2000000476837158,1.2100000381469727,9161398
2022-12-05,1.2100000381469727,1.3300000429153442,1.2200000286102295,1.309000015258789,19250591
2022-12-06,1.309000015258789,1.3799999952316284,1.281999945640564,1.3739999532699585,10008830
2022-12-07,1.3739999532699585,1.3799999952316284,1.3200000524520874,1.347000002861023,8669318
2022-12-08,1.347000002861023,1.5,1.350000023841858,1.4839999675750732,16218875
2022-12-11,1.4839999675750732,1.5149999856948853,1.409999966621399,1.4199999570846558,7262975
2022-12-12,1.4199999570846558,1.4700000286102295,1.409999966621399,1.4550000429153442,3499827
2022-12-13,1.4550000429153442,1.690000057220459,1.4900000095367432,1.6510000228881836,9825206
2022-12-14,1.6510000228881836,1.9279999732971191,1.659999966621399,1.9049999713897705,9912879
2022-12-15,1.9049999713897705,1.9329999685287476,1.7999999523162842,1.8459999561309814,6199373
2022-12-18,1.8459999561309814,1.8680000305175781,1.781000018119812,1.8339999914169312,5998676
2022-12-19,1.8339999914169312,1.899999976158142,1.809999942779541,1.840000033378601,4723426
2022-12-20,1.840000033378601,1.940000057220459,1.8550000190734863,1.9199999570846558,7757951
2022-12-21,1.9199999570846558,1.937999963760376,1.8700000047683716,1.8819999694824219,3601807
2022-12-22,1.8819999694824219,1.9179999828338623,1.840999960899353,1.8700000047683716,5510731
2022-12-25,1.8700000047683716,1.899999976158142,1.840000033378601,1.8550000190734863,4454292
2022-12-26,1.8550000190734863,1.9900000095367432,1.843999981880188,1.9639999866485596,8645894
2022-12-27,1.9639999866485596,2.0,1.8550000190734863,1.8669999837875366,9275188
2022-12-28,1.8669999837875366,1.8799999952316284,1.8109999895095825,1.840000033378601,4511948
2022-12-29,1.840000033378601,1.850000023841858,1.784000039100647,1.805999994277954,5533188
2023-01-02,1.805999994277954,1.840000033378601,1.7899999618530273,1.7999999523162842,4802198
2023-01-03,1.7999999523162842,1.8669999837875366,1.7999999523162842,1.8589999675750732,5459761
2023-01-04,1.8589999675750732,1.899999976158142,1.809999942779541,1.8899999856948853,6448943
2023-01-05,1.8899999856948853,1.9589999914169312,1.899999976158142,1.944000005722046,8144645
2023-01-09,1.944000005722046,1.968999981880188,1.850000023841858,1.8739999532699585,3780628
2023-01-10,1.8739999532699585,1.899999976158142,1.8200000524520874,1.8259999752044678,1625608
2023-01-11,1.8259999752044678,1.8849999904632568,1.7000000476837158,1.7359999418258667,3348226
2023-01-12,1.7359999418258667,1.7690000534057617,1.5509999990463257,1.7139999866485596,3641170
2023-01-15,1.7139999866485596,1.75,1.6640000343322754,1.722000002861023,4129811
2023-01-16,1.722000002861023,1.7599999904632568,1.7230000495910645,1.753999948501587,3198595
2023-01-17,1.753999948501587,1.7799999713897705,1.7330000400543213,1.7580000162124634,1930760
2023-01-18,1.7580000162124634,1.7699999809265137,1.725000023841858,1.7309999465942383,2607525
2023-01-19,1.7309999465942383,1.8869999647140503,1.7410000562667847,1.86899995803833,5917927
2023-01-22,1.86899995803833,1.940000057220459,1.8550000190734863,1.871999979019165,3969428
2023-01-23,1.871999979019165,1.899999976158142,1.8209999799728394,1.8420000076293945,1405604
2023-01-24,1.8420000076293945,1.8899999856948853,1.8220000267028809,1.850000023841858,2415680
2023-01-25,1.850000023841858,1.878000020980835,1.8300000429153442,1.8350000381469727,1483342
2023-01-29,1.8350000381469727,1.9600000381469727,1.8669999837875366,1.9420000314712524,6930503
2023-01-30,1.9420000314712524,1.9700000286102295,1.899999976158142,1.909000039100647,3309071
2023-01-31,1.909000039100647,1.9179999828338623,1.8020000457763672,1.812999963760376,1094212
2023-02-01,1.812999963760376,1.8769999742507935,1.7999999523162842,1.8459999561309814,1012791
2023-02-02,1.8459999561309814,1.8799999952316284,1.8200000524520874,1.8270000219345093,1568831
2023-02-05,1.8270000219345093,1.8799999952316284,1.7000000476837158,1.8380000591278076,1378432
2023-02-06,1.8380000591278076,1.968000054359436,1.850000023841858,1.9079999923706055,4383113
2023-02-07,1.9079999923706055,1.965000033378601,1.909999966621399,1.9470000267028809,2780607
2023-02-08,1.9470000267028809,1.9600000381469727,1.899999976158142,1.9140000343322754,1122381
2023-02-09,1.9140000343322754,2.0280001163482666,1.9259999990463257,2.0139999389648438,8070674
2023-02-12,2.0139999389648438,2.0799999237060547,2.0,2.009999990463257,6767496
2023-02-13,2.009999990463257,2.0299999713897705,1.9600000381469727,1.9900000095367432,1786559
2023-02-14,1.9900000095367432,2.0799999237060547,1.9900000095367432,2.0399999618530273,3023357
2023-02-15,2.0399999618530273,2.0799999237060547,2.0,2.009999990463257,2425848
2023-02-16,2.009999990463257,2.069999933242798,2.0,2.0399999618530273,2685666
2023-02-19,2.0399999618530273,2.0999999046325684,2.009999990463257,2.0299999713897705,3883946
2023-02-20,2.0299999713897705,2.109999895095825,2.0199999809265137,2.0399999618530273,9191957
2023-02-21,2.0399999618530273,2.0799999237060547,1.9800000190734863,2.009999990463257,5504646
2023-02-22,2.009999990463257,2.049999952316284,1.899999976158142,1.909999966621399,7202922
2023-02-23,1.909999966621399,1.9900000095367432,1.8799999952316284,1.9700000286102295,3205524
2023-02-26,1.9700000286102295,2.009999990463257,1.9509999752044678,1.9589999914169312,2151424
2023-02-27,1.9589999914169312,1.9700000286102295,1.9110000133514404,1.9329999685287476,1845697
2023-02-28,1.9329999685287476,1.9479999542236328,1.8899999856948853,1.9019999504089355,1801120
2023-03-01,1.9019999504089355,2.049999952316284,1.9299999475479126,2.0309998989105225,4808775
2023-03-02,2.0309998989105225,2.049999952316284,1.9789999723434448,1.996999979019165,3771523
2023-03-05,1.996999979019165,2.0299999713897705,1.9529999494552612,1.968000054359436,10390510
2023-03-06,1.968000054359436,2.0,1.9329999685287476,1.9900000095367432,3976035
2023-03-07,1.9900000095367432,2.009999990463257,1.9539999961853027,1.972000002861023,1452590
2023-03-08,1.972000002861023,2.0,1.940000057220459,1.9809999465942383,2153429
2023-03-09,1.9809999465942383,2.0299999713897705,1.9620000123977661,2.0,3409921
2023-03-12,2.0,2.0,1.899999976158142,1.9299999475479126,1872239
2023-03-13,1.9299999475479126,1.9700000286102295,1.7200000286102295,1.8600000143051147,1493995
2023-03-14,1.8600000143051147,1.9299999475479126,1.8300000429153442,1.8899999856948853,1186071
2023-03-15,1.8899999856948853,1.9500000476837158,1.5199999809265137,1.690000057220459,1462112
2023-03-16,1.690000057220459,1.8200000524520874,1.600000023841858,1.7599999904632568,1775845
2023-03-19,1.7599999904632568,1.819000005722046,1.75,1.8020000457763672,1445987
2023-03-20,1.8020000457763672,1.9500000476837158,1.7999999523162842,1.8869999647140503,1397127
2023-03-21,1.8869999647140503,2.0399999618530273,1.9210000038146973,2.009999990463257,4000164
2023-03-22,2.009999990463257,2.0399999618530273,1.9830000400543213,1.9950000047683716,1817923
2023-03-23,1.9950000047683716,1.9830000400543213,1.9500000476837158,1.9630000591278076,231420
2023-03-26,1.9630000591278076,2.0,1.9639999866485596,1.9700000286102295,3411066
2023-03-27,1.9700000286102295,2.0,1.899999976158142,1.899999976158142,1703501
2023-03-28,1.899999976158142,1.9429999589920044,1.850000023841858,1.878000020980835,307032
2023-03-29,1.878000020980835,1.9270000457763672,1.8509999513626099,1.8799999952316284,303442
2023-03-30,1.8799999952316284,1.8919999599456787,1.840000033378601,1.8489999771118164,617047
2023-04-02,1.8489999771118164,1.8760000467300415,1.8200000524520874,1.8300000429153442,397228
2023-04-03,1.8300000429153442,1.8619999885559082,1.8209999799728394,1.8350000381469727,799463
2023-04-04,1.8350000381469727,1.8990000486373901,1.8309999704360962,1.8580000400543213,1203185
2023-04-05,1.8580000400543213,1.8899999856948853,1.8300000429153442,1.8370000123977661,2158167
2023-04-06,1.8370000123977661,1.850000023841858,1.781999945640564,1.815000057220459,1840959
2023-04-09,1.815000057220459,1.8450000286102295,1.7899999618530273,1.7990000247955322,2132662
2023-04-10,1.7990000247955322,1.8240000009536743,1.7949999570846558,1.815000057220459,1897455
2023-04-11,1.815000057220459,1.8179999589920044,1.7960000038146973,1.8020000457763672,1285025
2023-04-12,1.8020000457763672,1.8650000095367432,1.8049999475479126,1.8489999771118164,1851732
2023-04-13,1.8489999771118164,1.8630000352859497,1.7999999523162842,1.8140000104904175,1580954
2023-04-18,1.8140000104904175,1.8300000429153442,1.7799999713897705,1.784000039100647,1881831
2023-04-19,1.784000039100647,1.815000057220459,1.774999976158142,1.784999966621399,508595
2023-04-26,1.784999966621399,1.8070000410079956,1.7649999856948853,1.7740000486373901,514987
2023-04-27,1.7740000486373901,1.809999942779541,1.7649999856948853,1.7979999780654907,1196014
2023-04-30,1.7979999780654907,1.7999999523162842,1.7649999856948853,1.7690000534057617,633485
2023-05-01,1.7690000534057617,1.7690000534057617,1.7690000534057617,1.7690000534057617,0
2023-05-02,1.7359999418258667,1.7450000047683716,1.7000000476837158,1.7050000429153442,620466
2023-05-03,1.7050000429153442,1.7999999523162842,1.7100000381469727,1.7649999856948853,965696
2023-05-07,1.7649999856948853,1.7899999618530273,1.7100000381469727,1.7580000162124634,475286
2023-05-08,1.7580000162124634,1.774999976158142,1.7009999752044678,1.7410000562667847,614113
2023-05-09,1.7410000562667847,1.7799999713897705,1.7419999837875366,1.7510000467300415,938170
2023-05-10,1.7510000467300415,1.7699999809265137,1.7000000476837158,1.7589999437332153,1077587
2023-05-11,1.7589999437332153,1.819000005722046,1.7699999809265137,1.8029999732971191,3400788
2023-05-14,1.8029999732971191,1.8899999856948853,1.7910000085830688,1.8769999742507935,4428154
2023-05-15,1.8769999742507935,1.899999976158142,1.8020000457763672,1.8029999732971191,1978648
2023-05-16,1.8029999732971191,1.8200000524520874,1.75,1.7999999523162842,1078092
2023-05-17,1.7999999523162842,1.8700000047683716,1.7699999809265137,1.7949999570846558,1728834
2023-05-18,1.7949999570846558,1.7899999618530273,1.7330000400543213,1.7519999742507935,858223
2023-05-21,1.7519999742507935,1.815000057220459,1.75,1.774999976158142,221358
2023-05-22,1.774999976158142,1.8650000095367432,1.7999999523162842,1.8389999866485596,3760099
2023-05-23,1.8389999866485596,1.8700000047683716,1.8300000429153442,1.8539999723434448,1629566
2023-05-24,1.8539999723434448,1.8799999952316284,1.8420000076293945,1.8509999513626099,1991224
2023-05-25,1.8509999513626099,1.8580000400543213,1.8209999799728394,1.8259999752044678,1641544
2023-05-28,1.8259999752044678,1.850000023841858,1.809999942779541,1.8389999866485596,1244859
2023-05-29,1.8389999866485596,1.8899999856948853,1.8359999656677246,1.86899995803833,3529672
2023-05-30,1.86899995803833,1.937000036239624,1.8819999694824219,1.8949999809265137,4916510
2023-05-31,1.8949999809265137,1.9160000085830688,1.8630000352859497,1.8700000047683716,2471526
2023-06-01,1.8700000047683716,1.878999948501587,1.8530000448226929,1.8609999418258667,965040
2023-06-04,1.8609999418258667,1.8760000467300415,1.8300000429153442,1.8389999866485596,1601572
2023-06-05,1.8389999866485596,1.8589999675750732,1.7599999904632568,1.7680000066757202,1386951
2023-06-06,1.7680000066757202,1.8229999542236328,1.7879999876022339,1.8109999895095825,1193816
2023-06-07,1.8109999895095825,1.8489999771118164,1.7999999523162842,1.8009999990463257,1174919
2023-06-08,1.8009999990463257,1.8300000429153442,1.7699999809265137,1.815000057220459,271663
2023-06-11,1.815000057220459,1.8799999952316284,1.8300000429153442,1.871999979019165,1986842
2023-06-12,1.871999979019165,1.8980000019073486,1.8519999980926514,1.8630000352859497,509466
2023-06-13,1.8630000352859497,1.8600000143051147,1.840000033378601,1.847000002861023,1077341
2023-06-14,1.847000002861023,1.850000023841858,1.7999999523162842,1.7999999523162842,1026917
2023-06-15,1.7999999523162842,1.8279999494552612,1.7899999618530273,1.7949999570846558,817781
2023-06-18,1.7949999570846558,1.8309999704360962,1.7999999523162842,1.8049999475479126,542210
2023-06-19,1.8049999475479126,1.8300000429153442,1.781999945640564,1.7890000343322754,636809
2023-06-20,1.7890000343322754,1.809999942779541,1.784999966621399,1.7940000295639038,356613
2023-06-21,1.7940000295639038,1.7910000085830688,1.7549999952316284,1.7660000324249268,516677
2023-06-22,1.7660000324249268,1.7949999570846558,1.75,1.7519999742507935,397053
2023-06-25,1.7519999742507935,1.850000023841858,1.7890000343322754,1.843999981880188,2251291
2023-06-26,1.843999981880188,1.850000023841858,1.8300000429153442,1.843999981880188,151413
2023-07-04,1.843999981880188,1.899999976158142,1.8450000286102295,1.8969999551773071,1562037
2023-07-05,1.8969999551773071,1.909999966621399,1.8669999837875366,1.8769999742507935,1323767
2023-07-06,1.8769999742507935,1.8990000486373901,1.840000033378601,1.8589999675750732,2087091
2023-07-09,1.8589999675750732,1.8969999551773071,1.7999999523162842,1.8359999656677246,532962
2023-07-10,1.8359999656677246,1.878999948501587,1.7999999523162842,1.815999984741211,350741
2023-07-11,1.815999984741211,1.8580000400543213,1.809999942779541,1.8309999704360962,394605
2023-07-12,1.8309999704360962,1.968000054359436,1.840999960899353,1.937000036239624,4275778
2023-07-13,1.937000036239624,1.9730000495910645,1.934000015258789,1.9470000267028809,2270186
2023-07-16,1.9470000267028809,1.9700000286102295,1.9199999570846558,1.9270000457763672,734204
2023-07-17,1.9270000457763672,1.940000057220459,1.8899999856948853,1.906000018119812,626366
2023-07-18,1.906000018119812,1.934999942779541,1.899999976158142,1.9010000228881836,570361
2023-07-19,1.9010000228881836,1.9010000228881836,1.9010000228881836,1.9010000228881836,0
2023-07-24,1.8680000305175781,1.9199999570846558,1.8799999952316284,1.9019999504089355,1104418
2023-07-25,1.9019999504089355,1.9500000476837158,1.8619999885559082,1.9429999589920044,2514246
2023-07-26,1.9429999589920044,1.965000033378601,1.9149999618530273,1.934999942779541,1251851
2023-07-27,1.934999942779541,1.9500000476837158,1.9010000228881836,1.909999966621399,812505
2023-07-30,1.909999966621399,2.0190000534057617,1.9199999570846558,2.009999990463257,5528512
2023-07-31,2.009999990463257,2.0480000972747803,1.9800000190734863,2.0450000762939453,3355348
2023-08-01,2.0450000762939453,2.119999885559082,2.0309998989105225,2.0999999046325684,3274545
2023-08-02,2.0999999046325684,2.1449999809265137,2.065000057220459,2.069000005722046,1905654
2023-08-03,2.069000005722046,2.140000104904175,2.061000108718872,2.134000062942505,1971065
2023-08-06,2.134000062942505,2.180000066757202,2.109999895095825,2.119999885559082,2512150
2023-08-07,2.119999885559082,2.140000104904175,2.0299999713897705,2.049999952316284,1831225
2023-08-08,2.049999952316284,2.140000104904175,2.049999952316284,2.119999885559082,3305495
2023-08-09,2.119999885559082,2.200000047683716,2.0899999141693115,2.1500000953674316,4582978
2023-08-10,2.1500000953674316,2.1700000762939453,2.0899999141693115,2.0999999046325684,3255118
2023-08-13,2.0999999046325684,2.119999885559082,2.069999933242798,2.0799999237060547,1440729
2023-08-14,2.0799999237060547,2.1700000762939453,2.0799999237060547,2.1600000858306885,2383554
2023-08-15,2.1600000858306885,2.1700000762939453,2.119999885559082,2.130000114440918,710651
2023-08-16,2.130000114440918,2.190000057220459,2.119999885559082,2.119999885559082,2060684
2023-08-17,2.119999885559082,2.1500000953674316,2.059999942779541,2.069999933242798,1868769
2023-08-20,2.069999933242798,2.0999999046325684,2.059999942779541,2.0899999141693115,1494327
2023-08-21,2.0899999141693115,2.0999999046325684,2.049999952316284,2.069999933242798,1385059
2023-08-22,2.069999933242798,2.0899999141693115,2.0399999618530273,2.0799999237060547,1262041
2023-08-23,2.0799999237060547,2.0899999141693115,2.0199999809265137,2.0199999809265137,1026368
2023-08-24,2.0199999809265137,2.0799999237060547,2.0199999809265137,2.0299999713897705,2400393
2023-08-27,2.0299999713897705,2.0999999046325684,2.0299999713897705,2.069999933242798,5062172
2023-08-28,2.069999933242798,2.0799999237060547,1.9900000095367432,2.009999990463257,2689114
2023-08-29,2.009999990463257,2.0199999809265137,1.9900000095367432,2.0,2028795
2023-08-30,2.0,2.069999933242798,1.9700000286102295,2.0399999618530273,4299394
2023-08-31,2.0399999618530273,2.0399999618530273,2.0399999618530273,2.0399999618530273,0
2023-09-03,2.009999990463257,2.049999952316284,1.9800000190734863,1.9900000095367432,1084032
2023-09-04,1.9900000095367432,2.0299999713897705,1.9700000286102295,1.9800000190734863,729238
2023-09-05,1.9800000190734863,2.0,1.9500000476837158,1.9600000381469727,1346065
2023-09-06,1.9600000381469727,2.0,1.9500000476837158,1.9800000190734863,1747332
2023-09-07,1.9800000190734863,1.9900000095367432,1.9600000381469727,1.9700000286102295,494300
2023-09-10,1.9700000286102295,1.9700000286102295,1.9700000286102295,1.9700000286102295,0
2023-09-11,1.972000002861023,1.9800000190734863,1.909999966621399,1.9270000457763672,843373
2023-09-12,1.9270000457763672,1.940000057220459,1.9199999570846558,1.9270000457763672,737897
2023-09-13,1.9270000457763672,1.9299999475479126,1.899999976158142,1.9229999780654907,1244216
2023-09-14,1.9229999780654907,1.940000057220459,1.899999976158142,1.9019999504089355,1700398
2023-09-17,1.9019999504089355,1.9199999570846558,1.88100004196167,1.9079999923706055,616532
2023-09-18,1.9079999923706055,1.9390000104904175,1.9049999713897705,1.906999945640564,1777111
2023-09-19,1.906999945640564,1.9199999570846558,1.899999976158142,1.9010000228881836,649028
2023-09-20,1.9010000228881836,1.9010000228881836,1.9010000228881836,1.9010000228881836,0
2023-09-21,1.9010000228881836,1.9010000228881836,1.9010000228881836,1.9010000228881836,0
2023-09-24,1.9010000228881836,1.9010000228881836,1.9010000228881836,1.9010000228881836,0
2023-09-25,1.8550000190734863,1.8559999465942383,1.815000057220459,1.8220000267028809,669938
2023-09-26,1.8220000267028809,1.8389999866485596,1.8200000524520874,1.8209999799728394,1552153
2023-09-27,1.8209999799728394,1.8209999799728394,1.8209999799728394,1.8209999799728394,0
2023-10-01,1.8209999799728394,1.8209999799728394,1.8209999799728394,1.8209999799728394,0
2023-10-02,1.8029999732971191,1.815000057220459,1.7309999465942383,1.7489999532699585,629010
2023-10-03,1.7489999532699585,1.7999999523162842,1.7300000190734863,1.746999979019165,319081
2023-10-04,1.746999979019165,1.7799999713897705,1.75,1.7610000371932983,203966
2023-10-08,1.7610000371932983,1.7799999713897705,1.409000039100647,1.6629999876022339,461146
2023-10-09,1.6629999876022339,1.7799999713897705,1.6859999895095825,1.7450000047683716,720774
2023-10-10,1.7450000047683716,1.774999976158142,1.7109999656677246,1.7580000162124634,287493
2023-10-11,1.7580000162124634,1.7699999809265137,1.7410000562667847,1.7519999742507935,246084
2023-10-12,1.7519999742507935,1.7690000534057617,1.7400000095367432,1.7519999742507935,102265
2023-10-15,1.7519999742507935,1.9199999570846558,1.7549999952316284,1.8730000257492065,3173091
2023-10-16,1.8730000257492065,1.9500000476837158,1.8700000047683716,1.9420000314712524,1843875
2023-10-17,1.9420000314712524,1.9600000381469727,1.9199999570846558,1.9559999704360962,1367878
2023-10-18,1.9559999704360962,1.9700000286102295,1.9220000505447388,1.9600000381469727,759242
2023-10-19,1.9600000381469727,1.9600000381469727,1.9600000381469727,1.9600000381469727,0
2023-10-22,1.9479999542236328,1.9800000190734863,1.930999994277954,1.9589999914169312,837664
2023-10-23,1.9589999914169312,2.0989999771118164,1.9229999780654907,2.005000114440918,3198864
2023-10-24,2.005000114440918,2.0850000381469727,1.9800000190734863,2.009999990463257,1091977
2023-10-25,2.009999990463257,2.23799991607666,2.01200008392334,2.23799991607666,5625860
2023-10-26,2.23799991607666,2.4000000953674316,2.1600000858306885,2.4000000953674316,4134104
2023-10-29,2.4000000953674316,2.4100000858306885,2.2100000381469727,2.240000009536743,2684276
2023-10-30,2.240000009536743,2.299999952316284,2.190000057220459,2.2100000381469727,2600625
2023-10-31,2.2100000381469727,2.2799999713897705,2.1600000858306885,2.200000047683716,2738623
2023-11-01,2.200000047683716,2.2200000286102295,2.049999952316284,2.0899999141693115,2444660
2023-11-02,2.0899999141693115,2.130000114440918,2.0,2.069999933242798,1411903
2023-11-05,2.069999933242798,2.119999885559082,2.0,2.0399999618530273,2831713
2023-11-06,2.0399999618530273,2.180000066757202,2.069999933242798,2.0999999046325684,2584502
2023-11-07,2.0999999046325684,2.200000047683716,2.059999942779541,2.0899999141693115,1525402
2023-11-08,2.0899999141693115,2.140000104904175,2.0199999809265137,2.0399999618530273,1548504
2023-11-09,2.0399999618530273,2.059999942779541,1.9900000095367432,2.0,1019149
2023-11-12,2.0,2.0299999713897705,1.9700000286102295,1.9700000286102295,1185085
2023-11-13,1.9700000286102295,2.009999990463257,1.9700000286102295,1.9900000095367432,452636
2023-11-14,1.9900000095367432,2.0899999141693115,1.9900000095367432,2.049999952316284,705480
2023-11-15,2.049999952316284,2.059999942779541,1.9600000381469727,1.9700000286102295,1009391
2023-11-16,1.9700000286102295,2.009999990463257,1.9700000286102295,1.9900000095367432,407253
2023-11-19,1.9900000095367432,2.0199999809265137,1.9900000095367432,2.002000093460083,601773
2023-11-20,2.002000093460083,2.0199999809265137,1.9700000286102295,1.975000023841858,660883
2023-11-21,1.975000023841858,1.9700000286102295,1.9199999570846558,1.9490000009536743,1048089
2023-11-22,1.9490000009536743,1.9900000095367432,1.9429999589920044,1.9880000352859497,819128
2023-11-23,1.9880000352859497,2.0399999618530273,1.9800000190734863,1.9839999675750732,2052410
2023-11-26,1.9839999675750732,2.059000015258789,2.002000093460083,2.0309998989105225,2815815
2023-11-27,2.0309998989105225,2.0899999141693115,2.0399999618530273,2.061000108718872,1919876
2023-11-28,2.061000108718872,2.0899999141693115,1.9609999656677246,2.0220000743865967,1433957
2023-11-29,2.0220000743865967,2.0799999237060547,2.003000020980835,2.0169999599456787,2872863
2023-11-30,2.0169999599456787,2.0480000972747803,2.0,2.005000114440918,742846
2023-12-03,2.005000114440918,2.0199999809265137,1.9800000190734863,1.9900000095367432,1292578
2023-12-04,1.9900000095367432,2.0199999809265137,1.9900000095367432,2.0,1511646
2023-12-05,2.0,2.0399999618530273,2.0,2.0199999809265137,1124052
2023-12-06,2.0199999809265137,2.069999933242798,2.0,2.009999990463257,1272662
2023-12-07,2.009999990463257,2.059999942779541,1.9500000476837158,2.049999952316284,1971448
2023-12-10,2.049999952316284,2.240000009536743,2.069999933242798,2.109999895095825,6907186
2023-12-11,2.109999895095825,2.140000104904175,2.0299999713897705,2.0399999618530273,1568529
2023-12-12,2.0399999618530273,2.119999885559082,2.009999990463257,2.0199999809265137,1106724
2023-12-13,2.0199999809265137,2.069999933242798,2.0,2.049999952316284,763507
2023-12-14,2.049999952316284,2.109999895095825,2.049999952316284,2.059999942779541,1148876
2023-12-17,2.059999942779541,2.259999990463257,2.0799999237060547,2.200000047683716,5731397
2023-12-18,2.200000047683716,2.4100000858306885,2.2100000381469727,2.369999885559082,9069534
2023-12-19,2.369999885559082,2.5199999809265137,2.319999933242798,2.369999885559082,4000778
2023-12-20,2.369999885559082,2.549999952316284,2.299999952316284,2.309999942779541,4478522
2023-12-21,2.309999942779541,2.380000114440918,2.2300000190734863,2.240000009536743,2388660
2023-12-24,2.240000009536743,2.5,2.309999942779541,2.440000057220459,2600630
2023-12-25,2.440000057220459,2.75,2.4000000953674316,2.75,3311721
2023-12-26,2.75,2.75,2.619999885559082,2.6700000762939453,4584808
2023-12-27,2.6700000762939453,2.869999885559082,2.6500000953674316,2.7200000286102295,2953865
2023-12-28,2.7200000286102295,2.7200000286102295,2.7200000286102295,2.7200000286102295,0
2023-12-31,2.9100000858306885,3.140000104904175,2.9000000953674316,2.9800000190734863,4465048
2024-01-02,2.9800000190734863,3.0999999046325684,2.8499999046325684,2.950000047683716,5367241
2024-01-03,2.950000047683716,3.009999990463257,2.869999885559082,2.9100000858306885,2877636
2024-01-04,2.9100000858306885,3.130000114440918,2.9100000858306885,3.049999952316284,4599892
2024-01-08,3.049999952316284,3.25,3.0899999141693115,3.240000009536743,3789760
2024-01-09,3.240000009536743,3.380000114440918,3.190000057220459,3.259999990463257,3629412
2024-01-10,3.259999990463257,3.3399999141693115,3.190000057220459,3.299999952316284,1551068
2024-01-11,3.299999952316284,3.5,3.299999952316284,3.5,5871488
2024-01-14,3.5,3.509999990463257,3.299999952316284,3.3299999237060547,2065325
2024-01-15,3.3299999237060547,3.4600000381469727,3.3399999141693115,3.4000000953674316,1959040
2024-01-16,3.4000000953674316,3.5,3.369999885559082,3.380000114440918,2247539
2024-01-17,3.380000114440918,3.4700000286102295,3.25,3.2799999713897705,1502451
2024-01-18,3.2799999713897705,3.3499999046325684,3.119999885559082,3.2200000286102295,1535639
2024-01-21,3.2200000286102295,3.390000104904175,3.2799999713897705,3.2899999618530273,1312864
2024-01-22,3.2899999618530273,3.549999952316284,3.2200000286102295,3.2200000286102295,4207328
2024-01-23,3.2200000286102295,3.430000066757202,3.2300000190734863,3.2300000190734863,2264884
2024-01-24,3.2300000190734863,3.3499999046325684,3.2200000286102295,3.319999933242798,2248315
2024-01-28,3.319999933242798,3.5,3.3399999141693115,3.4100000858306885,2712608
2024-01-29,3.4100000858306885,3.5,3.299999952316284,3.309999942779541,1034390
2024-01-30,3.309999942779541,3.4200000762939453,3.259999990463257,3.2799999713897705,1349882
2024-01-31,3.2799999713897705,3.3499999046325684,2.9700000286102295,3.0199999809265137,1190898
2024-02-01,3.0199999809265137,3.1700000762939453,2.5999999046325684,3.1600000858306885,1026642
2024-02-04,3.1600000858306885,3.1500000953674316,3.0,3.0399999618530273,1038551
2024-02-05,3.0399999618530273,3.200000047683716,3.009999990463257,3.119999885559082,1588700
2024-02-06,3.119999885559082,3.1700000762939453,2.9800000190734863,3.0299999713897705,1367129
2024-02-07,3.0299999713897705,3.0799999237060547,3.0199999809265137,3.0399999618530273,435426
2024-02-08,3.0399999618530273,3.2100000381469727,3.0399999618530273,3.1500000953674316,1474496
2024-02-11,3.1500000953674316,3.1500000953674316,3.069999933242798,3.0899999141693115,348342
2024-02-12,3.0899999141693115,3.0999999046325684,2.950000047683716,3.0299999713897705,906235
2024-02-13,3.0299999713897705,3.140000104904175,3.049999952316284,3.0999999046325684,528099
2024-02-14,3.0999999046325684,3.190000057220459,3.0799999237060547,3.0999999046325684,924739
2024-02-15,3.0999999046325684,3.180000066757202,3.0799999237060547,3.109999895095825,4116837
2024-02-18,3.109999895095825,3.109999895095825,3.109999895095825,3.109999895095825,0
2024-02-19,3.109999895095825,3.1500000953674316,3.0999999046325684,3.119999885559082,199635
2024-02-20,3.119999885559082,3.309999942779541,3.119999885559082,3.299999952316284,2217989
2024-02-21,3.299999952316284,3.5999999046325684,3.3499999046325684,3.450000047683716,5638353
2024-02-22,3.450000047683716,3.759999990463257,3.4600000381469727,3.609999895095825,7517787
2024-02-25,3.609999895095825,3.700000047683716,3.1500000953674316,3.4700000286102295,3187605
2024-02-26,3.4700000286102295,3.740000009536743,3.4100000858306885,3.690000057220459,4698478
2024-02-27,3.690000057220459,3.8299999237060547,3.619999885559082,3.6500000953674316,3950155
2024-02-28,3.6500000953674316,3.700000047683716,3.1500000953674316,3.2699999809265137,1897821
2024-02-29,3.2699999809265137,3.5299999713897705,3.109999895095825,3.130000114440918,1937788
2024-03-03,3.130000114440918,3.2100000381469727,3.119999885559082,3.130000114440918,1113911
2024-03-04,3.130000114440918,3.200000047683716,3.109999895095825,3.140000104904175,976773
2024-03-05,3.140000104904175,3.3299999237060547,3.1500000953674316,3.180000066757202,890578
2024-03-06,3.180000066757202,3.2699999809265137,2.9100000858306885,3.0399999618530273,759138
2024-03-07,3.0399999618530273,3.1500000953674316,2.9200000762939453,3.069999933242798,550844
2024-03-10,3.069999933242798,3.190000057220459,3.0799999237060547,3.0899999141693115,483975
2024-03-11,3.0899999141693115,3.180000066757202,3.0299999713897705,3.0799999237060547,329855
2024-03-12,3.0799999237060547,3.0999999046325684,2.930000066757202,2.9800000190734863,688440
2024-03-13,2.9800000190734863,3.0,2.609999895095825,2.680000066757202,541463
2024-03-14,2.680000066757202,2.9800000190734863,2.7100000381469727,2.9100000858306885,362180
2024-03-17,2.9100000858306885,3.0,2.75,2.799999952316284,481926
2024-03-18,2.799999952316284,2.940000057220459,2.5999999046325684,2.6700000762939453,1083245
2024-03-19,2.6700000762939453,2.6500000953674316,2.299999952316284,2.509999990463257,522947
2024-03-20,2.509999990463257,2.6500000953674316,2.5,2.5199999809265137,274266
2024-03-21,2.5199999809265137,2.6500000953674316,2.5,2.619999885559082,532276
2024-03-24,2.619999885559082,2.9000000953674316,2.6500000953674316,2.809999942779541,700632
2024-03-25,2.809999942779541,2.950000047683716,2.700000047683716,2.9000000953674316,1536500
2024-03-26,2.9000000953674316,2.9000000953674316,2.799999952316284,2.809999942779541,364547
2024-03-27,2.809999942779541,2.8299999237060547,2.609999895095825,2.6500000953674316,804150
2024-03-28,2.6500000953674316,2.700000047683716,2.549999952316284,2.6500000953674316,184872
2024-03-31,2.6500000953674316,2.7899999618530273,2.5,2.559999942779541,233711
2024-04-01,2.559999942779541,2.640000104904175,2.5199999809265137,2.5999999046325684,273038
2024-04-02,2.5999999046325684,2.680000066757202,2.4800000190734863,2.509999990463257,594731
2024-04-03,2.509999990463257,2.5399999618530273,2.4700000286102295,2.509999990463257,88294
2024-04-04,2.509999990463257,2.549999952316284,2.5,2.5299999713897705,888043
2024-04-07,2.5299999713897705,2.5999999046325684,2.5,2.5899999141693115,587642
2024-04-08,2.5899999141693115,2.5899999141693115,2.5,2.559999942779541,197508
2024-04-15,2.559999942779541,2.7899999618530273,2.549999952316284,2.6600000858306885,1333671
2024-04-16,2.6600000858306885,2.7799999713897705,2.630000114440918,2.690000057220459,4927389
2024-04-17,2.690000057220459,2.880000114440918,2.6600000858306885,2.759999990463257,2203698
2024-04-18,2.759999990463257,2.8499999046325684,2.5,2.5199999809265137,1550462
2024-04-21,2.5199999809265137,2.690000057220459,2.509999990463257,2.549999952316284,312044
2024-04-22,2.549999952316284,2.690000057220459,2.5199999809265137,2.5399999618530273,460319
2024-04-23,2.5399999618530273,2.5999999046325684,2.4000000953674316,2.4200000762939453,813896
2024-04-24,2.4200000762939453,2.4600000381469727,2.240000009536743,2.2899999618530273,562676
2024-04-28,2.2899999618530273,2.2899999618530273,2.2899999618530273,2.2899999618530273,0
2024-04-29,2.059999942779541,2.2300000190734863,2.0799999237060547,2.180000066757202,415351
2024-04-30,2.180000066757202,2.190000057220459,2.059999942779541,2.119999885559082,1022134
2024-05-02,2.119999885559082,2.1600000858306885,2.0799999237060547,2.119999885559082,664314
2024-05-07,2.119999885559082,2.140000104904175,2.0399999618530273,2.0999999046325684,747713
2024-05-08,2.0999999046325684,2.1500000953674316,2.0799999237060547,2.0999999046325684,2186944
2024-05-09,2.0999999046325684,2.5199999809265137,2.119999885559082,2.1700000762939453,2074693
2024-05-12,2.1700000762939453,2.200000047683716,2.0299999713897705,2.069999933242798,781676
2024-05-13,2.069999933242798,2.3499999046325684,1.9299999475479126,2.309999942779541,3784951
2024-05-14,2.309999942779541,2.299999952316284,2.140000104904175,2.190000057220459,2152083
2024-05-15,2.190000057220459,2.2200000286102295,2.059999942779541,2.0999999046325684,1430922
2024-05-16,2.0999999046325684,2.2300000190734863,2.0999999046325684,2.2100000381469727,1404599
2024-05-19,2.2100000381469727,2.2799999713897705,2.190000057220459,2.259999990463257,2496944
2024-05-20,2.259999990463257,2.2799999713897705,2.1700000762939453,2.25,1317754
2024-05-21,2.25,2.450000047683716,2.200000047683716,2.319999933242798,1265483
2024-05-22,2.319999933242798,2.380000114440918,2.2300000190734863,2.259999990463257,583173
2024-05-23,2.259999990463257,2.359999895095825,2.25,2.2699999809265137,584676
2024-05-26,2.2699999809265137,2.2699999809265137,2.2699999809265137,2.2699999809265137,0
2024-05-27,2.2899999618530273,2.359999895095825,2.2899999618530273,2.299999952316284,872130
2024-05-28,2.299999952316284,2.299999952316284,2.200000047683716,2.2699999809265137,244577
2024-05-29,2.2699999809265137,2.3499999046325684,2.259999990463257,2.2899999618530273,200827
2024-05-30,2.2899999618530273,2.3299999237060547,2.2799999713897705,2.299999952316284,545629
2024-06-02,2.299999952316284,2.3299999237060547,2.240000009536743,2.259999990463257,410704
2024-06-03,2.259999990463257,2.309999942779541,2.2300000190734863,2.259999990463257,189807
2024-06-04,2.259999990463257,2.2799999713897705,2.190000057220459,2.2300000190734863,1147424
2024-06-05,2.2300000190734863,2.240000009536743,2.1500000953674316,2.190000057220459,352368
2024-06-06,2.190000057220459,2.2200000286102295,2.180000066757202,2.190000057220459,30133
2024-06-09,2.190000057220459,2.200000047683716,2.130000114440918,2.140000104904175,182542
2024-06-10,2.140000104904175,2.1700000762939453,2.0799999237060547,2.140000104904175,101612
2024-06-11,2.140000104904175,2.200000047683716,2.119999885559082,2.140000104904175,99222
2024-06-12,2.140000104904175,2.25,2.0999999046325684,2.240000009536743,494062
2024-06-13,2.240000009536743,2.240000009536743,2.1700000762939453,2.240000009536743,116436
2024-06-23,2.240000009536743,2.259999990463257,2.1700000762939453,2.25,1183453
2024-06-24,2.25,2.2799999713897705,2.200000047683716,2.2300000190734863,712330
2024-06-25,2.2300000190734863,2.2899999618530273,2.2200000286102295,2.2699999809265137,355617
2024-06-26,2.2699999809265137,2.3499999046325684,2.2300000190734863,2.2899999618530273,554793
2024-06-27,2.2899999618530273,2.319999933242798,2.25,2.2799999713897705,218126
2024-07-02,2.319999933242798,2.4200000762939453,2.319999933242798,2.3299999237060547,2508202
2024-07-03,2.3299999237060547,2.3499999046325684,2.299999952316284,2.319999933242798,372918
2024-07-04,2.319999933242798,2.369999885559082,2.309999942779541,2.319999933242798,1018516
2024-07-07,2.319999933242798,2.380000114440918,2.309999942779541,2.309999942779541,1057095
2024-07-08,2.309999942779541,2.3399999141693115,2.240000009536743,2.259999990463257,440975
2024-07-09,2.259999990463257,2.2899999618530273,2.240000009536743,2.25,277768
2024-07-10,2.25,2.299999952316284,2.2100000381469727,2.2300000190734863,254210
2024-07-14,2.2300000190734863,2.2300000190734863,2.180000066757202,2.200000047683716,226195
2024-07-15,2.200000047683716,2.240000009536743,2.1700000762939453,2.200000047683716,268426
2024-07-16,2.200000047683716,2.240000009536743,2.180000066757202,2.2200000286102295,188951
2024-07-17,2.2200000286102295,2.25,2.200000047683716,2.2100000381469727,329431
2024-07-18,2.2100000381469727,2.2899999618530273,2.2200000286102295,2.259999990463257,797279
2024-07-21,2.259999990463257,2.359999895095825,2.2699999809265137,2.319999933242798,1786557
2024-07-22,2.319999933242798,2.380000114440918,2.2899999618530273,2.299999952316284,1766655
2024-07-23,2.299999952316284,2.450000047683716,2.319999933242798,2.4100000858306885,8385041
2024-07-24,2.4100000858306885,2.799999952316284,2.559999942779541,2.5999999046325684,7909665
2024-07-28,2.5999999046325684,2.7300000190734863,2.569999933242798,2.619999885559082,6801758
2024-07-29,2.619999885559082,2.6500000953674316,2.509999990463257,2.5199999809265137,2470800
2024-07-30,2.5199999809265137,2.5799999237060547,2.490000009536743,2.509999990463257,2091070
2024-07-31,2.509999990463257,2.5999999046325684,2.509999990463257,2.5199999809265137,3127084
2024-08-01,2.5199999809265137,2.640000104904175,2.5,2.5,3999415
2024-08-04,2.5,2.680000066757202,2.4100000858306885,2.5899999141693115,9470964
2024-08-05,2.5899999141693115,2.6600000858306885,2.3499999046325684,2.4700000286102295,6340634
2024-08-06,2.4700000286102295,2.6600000858306885,2.5,2.5799999237060547,5415142
2024-08-07,2.5799999237060547,2.6600000858306885,2.5199999809265137,2.559999942779541,3103734
2024-08-08,2.559999942779541,2.619999885559082,2.5,2.5399999618530273,3389640
2024-08-11,2.5399999618530273,2.5899999141693115,2.5399999618530273,2.5399999618530273,2181427
2024-08-12,2.5399999618530273,2.5999999046325684,2.5399999618530273,2.549999952316284,2741328
2024-08-13,2.549999952316284,2.569999933242798,2.4800000190734863,2.5199999809265137,3121108
2024-08-14,2.5199999809265137,2.559999942779541,2.430000066757202,2.450000047683716,981540
2024-08-15,2.450000047683716,2.549999952316284,2.440000057220459,2.5,1244412
2024-08-18,2.5,2.609999895095825,2.5299999713897705,2.5299999713897705,2706168
2024-08-19,2.5299999713897705,2.5799999237060547,2.5199999809265137,2.5299999713897705,1693861
2024-08-20,2.5299999713897705,2.609999895095825,2.549999952316284,2.559999942779541,1408981
2024-08-21,2.559999942779541,2.5999999046325684,2.549999952316284,2.559999942779541,803746
2024-08-22,2.559999942779541,2.5799999237060547,2.5299999713897705,2.5399999618530273,953191
2024-08-25,2.5399999618530273,3.0399999618530273,2.5799999237060547,2.799999952316284,11987195
2024-08-26,2.799999952316284,2.9800000190734863,2.7300000190734863,2.7899999618530273,9508289
2024-08-27,2.7899999618530273,3.0,2.7799999713897705,2.819999933242798,10868934
2024-08-28,2.819999933242798,2.9800000190734863,2.809999942779541,2.8499999046325684,4834295
2024-08-29,2.8499999046325684,3.0899999141693115,2.8399999141693115,2.940000057220459,10971736
2024-09-01,2.940000057220459,3.0399999618530273,2.8499999046325684,2.869999885559082,6138847
2024-09-02,2.869999885559082,2.930000066757202,2.7899999618530273,2.8299999237060547,3257889
2024-09-03,2.8299999237060547,2.8499999046325684,2.799999952316284,2.8499999046325684,1518390
2024-09-04,2.8499999046325684,2.9200000762939453,2.7899999618530273,2.8299999237060547,2922511
2024-09-05,2.8299999237060547,2.9200000762939453,2.819999933242798,2.8399999141693115,1648792
2024-09-08,2.8399999141693115,2.9100000858306885,2.809999942779541,2.9000000953674316,2198609
2024-09-09,2.9000000953674316,2.9200000762939453,2.8299999237060547,2.8399999141693115,1637829
2024-09-10,2.8399999141693115,2.859999895095825,2.7200000286102295,2.7300000190734863,1486884
2024-09-11,2.7300000190734863,2.7300000190734863,2.609999895095825,2.690000057220459,1902006
2024-09-12,2.690000057220459,2.8499999046325684,2.680000066757202,2.7300000190734863,3456852
2024-09-16,2.7300000190734863,2.75,2.619999885559082,2.630000114440918,1017548
2024-09-17,2.630000114440918,2.6700000762939453,2.569999933242798,2.569999933242798,859455
2024-09-18,2.569999933242798,2.619999885559082,2.559999942779541,2.5799999237060547,702134
2024-09-19,2.5799999237060547,2.630000114440918,2.5999999046325684,2.609999895095825,463064
2024-09-22,2.609999895095825,2.6500000953674316,2.609999895095825,2.619999885559082,530417
2024-09-23,2.619999885559082,2.7200000286102295,2.619999885559082,2.680000066757202,1271733
2024-09-24,2.7100000381469727,2.859999895095825,2.7300000190734863,2.819999933242798,4792967
2024-09-25,2.700000047683716,2.7300000190734863,2.680000066757202,2.7100000381469727,1435075
2024-09-26,2.7100000381469727,2.859999895095825,2.7300000190734863,2.819999933242798,4792967
2024-09-29,2.819999933242798,2.890000104904175,2.809999942779541,2.8399999141693115,2363014
2024-09-30,2.8399999141693115,2.859999895095825,2.7799999713897705,2.819999933242798,1254317
2024-10-01,2.819999933242798,2.8399999141693115,2.75,2.759999990463257,1178500
2024-10-02,2.759999990463257,2.75,2.640000104904175,2.6500000953674316,1568549
2024-10-03,2.6500000953674316,2.6700000762939453,2.619999885559082,2.6500000953674316,447639
2024-10-07,2.6500000953674316,2.6700000762939453,2.5999999046325684,2.609999895095825,817794
2024-10-08,2.609999895095825,2.609999895095825,2.4200000762939453,2.509999990463257,904033
2024-10-09,2.509999990463257,2.559999942779541,2.5199999809265137,2.5399999618530273,182818
2024-10-10,2.5399999618530273,2.5899999141693115,2.4800000190734863,2.5899999141693115,1058649
2024-10-13,2.5899999141693115,2.690000057220459,2.559999942779541,2.5999999046325684,1442263
2024-10-14,2.5999999046325684,2.609999895095825,2.549999952316284,2.559999942779541,412432
2024-10-15,2.559999942779541,2.5999999046325684,2.5399999618530273,2.569999933242798,461972
2024-10-16,2.569999933242798,2.630000114440918,2.5399999618530273,2.549999952316284,339584
2024-10-17,2.549999952316284,2.640000104904175,2.549999952316284,2.569999933242798,416566
2024-10-20,2.569999933242798,2.5999999046325684,2.5299999713897705,2.549999952316284,662771
2024-10-21,2.549999952316284,2.549999952316284,2.4000000953674316,2.5199999809265137,1224690
2024-10-22,2.5199999809265137,2.619999885559082,2.5399999618530273,2.609999895095825,513559
2024-10-23,2.609999895095825,2.7300000190734863,2.619999885559082,2.6500000953674316,1269963
2024-10-24,2.6500000953674316,2.7100000381469727,2.569999933242798,2.690000057220459,2158870
2024-10-27,2.690000057220459,2.8299999237060547,2.690000057220459,2.7799999713897705,2788930
2024-10-28,2.7799999713897705,2.880000114440918,2.7200000286102295,2.7699999809265137,2949296
2024-10-29,2.7699999809265137,2.799999952316284,2.700000047683716,2.7100000381469727,605307
2024-10-30,2.7100000381469727,2.8299999237060547,2.700000047683716,2.7300000190734863,141294
2024-10-31,2.7300000190734863,2.7899999618530273,2.7200000286102295,2.75,545667
2024-11-03,2.75,2.819999933242798,2.7300000190734863,2.799999952316284,945752
2024-11-04,2.799999952316284,2.869999885559082,2.809999942779541,2.819999933242798,2373592
2024-11-05,2.819999933242798,2.8499999046325684,2.7200000286102295,2.7699999809265137,798232
2024-11-06,2.7699999809265137,2.8399999141693115,2.7699999809265137,2.7899999618530273,833397
2024-11-07,2.7899999618530273,3.009999990463257,2.809999942779541,3.0,10948920
2024-11-10,3.0,3.059999942779541,2.9700000286102295,2.9800000190734863,9495036
2024-11-11,2.9800000190734863,2.990000009536743,2.9100000858306885,2.9200000762939453,1483893
2024-11-12,2.9200000762939453,2.9800000190734863,2.880000114440918,2.890000104904175,1667085
2024-11-13,2.890000104904175,2.9700000286102295,2.880000114440918,2.940000057220459,2226242
2024-11-14,2.940000057220459,2.9600000381469727,2.880000114440918,2.9100000858306885,1908890
2024-11-17,2.9100000858306885,2.9800000190734863,2.890000104904175,2.9100000858306885,1158670
2024-11-18,2.9100000858306885,2.940000057220459,2.799999952316284,2.819999933242798,871155
2024-11-19,2.819999933242798,2.8299999237060547,2.680000066757202,2.7899999618530273,1513334
2024-11-20,2.7899999618530273,2.819999933242798,2.75,2.759999990463257,616726
2024-11-21,2.759999990463257,2.799999952316284,2.759999990463257,2.7699999809265137,732812
2024-11-24,2.7699999809265137,2.809999942779541,2.700000047683716,2.7100000381469727,878972
2024-11-25,2.7100000381469727,2.7699999809265137,2.7100000381469727,2.7200000286102295,1379300
2024-11-26,2.7200000286102295,2.930000066757202,2.7200000286102295,2.8499999046325684,3378296
2024-11-27,2.8499999046325684,3.0199999809265137,2.859999895095825,2.940000057220459,7626912
2024-11-28,2.940000057220459,3.2300000190734863,2.940000057220459,3.200000047683716,12168107
2024-12-01,3.200000047683716,3.4200000762939453,3.1700000762939453,3.309999942779541,11172733
2024-12-02,3.309999942779541,3.6500000953674316,3.2899999618530273,3.6500000953674316,10217338
2024-12-03,3.6500000953674316,3.950000047683716,3.549999952316284,3.940000057220459,5230135
2024-12-04,3.940000057220459,4.079999923706055,3.7100000381469727,3.990000009536743,22569612
2024-12-05,3.990000009536743,4.150000095367432,3.890000104904175,4.110000133514404,7773288
2024-12-08,4.110000133514404,4.179999828338623,4.019999980926514,4.03000020980835,5064119
2024-12-09,4.03000020980835,4.019999980926514,3.8399999141693115,3.8499999046325684,3865610
2024-12-10,3.8499999046325684,3.940000057220459,3.7899999618530273,3.8499999046325684,1878634
2024-12-11,3.8499999046325684,4.059999942779541,3.859999895095825,3.9600000381469727,3636524
2024-12-12,3.9600000381469727,4.079999923706055,3.9000000953674316,3.9100000858306885,1979064
2024-12-15,3.9100000858306885,4.059999942779541,3.8499999046325684,3.880000114440918,1403985
2024-12-16,3.880000114440918,4.0,3.7799999713897705,3.8499999046325684,912061
2024-12-17,3.8499999046325684,3.9000000953674316,3.759999990463257,3.7899999618530273,430346
2024-12-18,3.7899999618530273,3.8399999141693115,3.5899999141693115,3.5999999046325684,1415918
2024-12-19,3.5999999046325684,3.5899999141693115,3.450000047683716,3.549999952316284,1100161
2024-12-22,3.549999952316284,3.8399999141693115,3.5999999046325684,3.630000114440918,1775271
2024-12-23,3.630000114440918,3.740000009536743,3.559999942779541,3.5999999046325684,1503886
2024-12-24,3.5999999046325684,3.640000104904175,3.450000047683716,3.5299999713897705,818286
2024-12-25,3.5299999713897705,3.9800000190734863,3.5399999618530273,3.819999933242798,4970753
2024-12-26,3.819999933242798,3.9800000190734863,3.819999933242798,3.8499999046325684,4101077
2024-12-29,3.8499999046325684,3.9600000381469727,3.8499999046325684,3.880000114440918,1881973
2024-12-30,3.880000114440918,3.930000066757202,3.759999990463257,3.7899999618530273,1178914
2024-12-31,3.7899999618530273,3.9200000762939453,3.7799999713897705,3.9000000953674316,1476179
2025-01-02,3.9000000953674316,3.9700000286102295,3.859999895095825,3.880000114440918,1716557
2025-01-05,3.880000114440918,4.300000190734863,3.9000000953674316,4.28000020980835,6579203
2025-01-06,4.28000020980835,4.300000190734863,4.079999923706055,4.199999809265137,2892513
2025-01-08,4.199999809265137,4.420000076293945,4.170000076293945,4.309999942779541,4845739
2025-01-09,4.309999942779541,4.349999904632568,4.179999828338623,4.199999809265137,1272411
2025-01-12,4.199999809265137,4.199999809265137,4.039999961853027,4.059999942779541,1196742
2025-01-13,4.059999942779541,4.25,4.0,4.070000171661377,2104339
2025-01-14,4.070000171661377,4.150000095367432,3.9000000953674316,4.079999923706055,862029
2025-01-15,4.079999923706055,4.179999828338623,4.0,4.150000095367432,1312591
2025-01-16,4.150000095367432,4.329999923706055,4.110000133514404,4.199999809265137,2186303
2025-01-19,4.150000095367432,4.5,4.110000133514404,4.429999828338623,5700164
2025-01-20,4.329999923706055,4.420000076293945,4.320000171661377,4.409999847412109,913638
2025-01-21,4.409999847412109,4.550000190734863,4.389999866485596,4.400000095367432,3987251
2025-01-22,4.400000095367432,4.599999904632568,4.329999923706055,4.400000095367432,1703089
2025-01-23,4.400000095367432,4.5,4.400000095367432,4.400000095367432,955704
2025-01-26,4.400000095367432,4.650000095367432,4.389999866485596,4.449999809265137,2832996
2025-01-27,4.449999809265137,4.570000171661377,4.400000095367432,4.5,690756
2025-01-28,4.5,4.650000095367432,4.440000057220459,4.579999923706055,1820710
2025-01-29,4.579999923706055,4.78000020980835,4.449999809265137,4.690000057220459,4740033
2025-01-30,4.690000057220459,4.800000190734863,4.639999866485596,4.78000020980835,1183966
2025-02-02,4.78000020980835,4.829999923706055,4.510000228881836,4.829999923706055,1493234
2025-02-03,4.829999923706055,4.869999885559082,4.670000076293945,4.739999771118164,201015
2025-02-04,4.739999771118164,4.960000038146973,4.75,4.829999923706055,1460009
2025-02-05,4.829999923706055,4.880000114440918,4.75,4.760000228881836,257593
2025-02-06,4.760000228881836,4.849999904632568,4.699999809265137,4.739999771118164,204374
2025-02-09,4.739999771118164,4.75,4.590000152587891,4.699999809265137,224985
2025-02-10,4.699999809265137,4.699999809265137,4.570000171661377,4.630000114440918,1110644
2025-02-11,4.630000114440918,4.659999847412109,4.449999809265137,4.489999771118164,1166220
2025-02-12,4.489999771118164,4.550000190734863,4.239999771118164,4.46999979019165,257087
2025-02-13,4.46999979019165,4.699999809265137,4.460000038146973,4.679999828338623,624406
2025-02-16,4.679999828338623,4.760000228881836,4.679999828338623,4.75,441619
2025-02-17,4.75,4.760000228881836,4.650000095367432,4.75,839813
2025-02-18,4.75,4.699999809265137,4.610000133514404,4.690000057220459,65705
2025-02-19,4.690000057220459,4.760000228881836,4.630000114440918,4.75,705277
2025-02-20,4.75,4.800000190734863,4.550000190734863,4.679999828338623,950289
2025-02-23,4.679999828338623,4.820000171661377,4.659999847412109,4.75,351255
2025-02-24,4.75,5.03000020980835,4.730000019073486,4.989999771118164,2258217
2025-02-25,4.989999771118164,5.039999961853027,4.849999904632568,4.889999866485596,257504
2025-02-26,4.889999866485596,4.949999809265137,4.760000228881836,4.800000190734863,219373
2025-02-27,4.800000190734863,4.900000095367432,4.71999979019165,4.840000152587891,402964
2025-03-02,4.840000152587891,4.929999828338623,4.849999904632568,4.840000152587891,38435
2025-03-03,4.840000152587891,4.900000095367432,4.829999923706055,4.880000114440918,189043
2025-03-04,4.880000114440918,5.260000228881836,4.849999904632568,5.159999847412109,2758179
2025-03-05,5.159999847412109,5.239999771118164,4.980000019073486,5.199999809265137,770769
2025-03-06,5.199999809265137,5.329999923706055,5.110000133514404,5.329999923706055,1148105
2025-03-09,4.559572219848633,4.551018238067627,4.397036075592041,4.422699928283691,328445
2025-03-10,4.422699928283691,4.4398088455200195,4.200281143188477,4.320044994354248,955379
2025-03-11,4.320044994354248,4.388481140136719,4.2687177658081055,4.2772722244262695,293858
2025-03-12,4.2772722244262695,4.379927158355713,4.234499931335449,4.260162830352783,971859
2025-03-13,4.260162830352783,4.414144992828369,4.2772722244262695,4.405590057373047,896591
2025-03-16,4.405590057373047,4.499690055847168,4.388481140136719,4.448362827301025,582381
2025-03-17,4.448362827301025,4.704999923706055,4.337153911590576,4.670781135559082,946831
2025-03-18,4.670000076293945,5.389999866485596,4.949999809265137,5.0,3036745
2025-03-19,5.0,5.070000171661377,4.900000095367432,4.929999828338623,145919
2025-03-20,4.929999828338623,5.0,4.800000190734863,4.909999847412109,440137
2025-03-23,4.909999847412109,4.940000057220459,4.650000095367432,4.760000228881836,84219
2025-03-24,4.760000228881836,4.760000228881836,4.550000190734863,4.630000114440918,2960094
2025-03-25,4.630000114440918,4.710000038146973,4.460000038146973,4.5,225853
2025-03-26,4.5,4.510000228881836,4.110000133514404,4.5,577527
2025-03-27,4.5,4.889999866485596,4.360000133514404,4.869999885559082,989757
2025-04-03,4.869999885559082,4.869999885559082,4.579999923706055,4.599999904632568,1555947
2025-04-06,4.599999904632568,4.579999923706055,4.340000152587891,4.400000095367432,1465977
2025-04-07,4.400000095367432,4.46999979019165,4.309999942779541,4.409999847412109,263540
2025-04-08,4.409999847412109,4.679999828338623,4.400000095367432,4.650000095367432,1036303
2025-04-09,4.650000095367432,4.75,4.309999942779541,4.449999809265137,2338333
2025-04-10,4.449999809265137,4.659999847412109,4.46999979019165,4.510000228881836,882463
2025-04-13,4.510000228881836,4.650000095367432,4.5,4.579999923706055,169538
2025-04-14,4.579999923706055,4.789999961853027,4.579999923706055,4.699999809265137,700627
2025-04-15,4.699999809265137,4.949999809265137,4.679999828338623,4.920000076293945,5031396
2025-04-16,4.920000076293945,5.019999980926514,4.860000133514404,4.940000057220459,2358953
2025-04-17,4.940000057220459,5.300000190734863,4.900000095367432,5.079999923706055,8351745
2025-04-22,5.079999923706055,5.429999828338623,5.110000133514404,5.329999923706055,4845200
2025-04-23,5.329999923706055,5.900000095367432,5.400000095367432,5.78000020980835,5676674
2025-04-27,5.78000020980835,6.050000190734863,5.710000038146973,5.75,2781597
2025-04-28,5.75,6.900000095367432,5.699999809265137,5.769999980926514,3876011
2025-04-29,5.769999980926514,5.769999980926514,5.769999980926514,5.769999980926514,0
2025-04-30,5.769999980926514,6.0,5.309999942779541,6.0,2278468
2025-05-04,6.0,6.110000133514404,5.869999885559082,5.960000038146973,3361751
2025-05-05,5.960000038146973,6.159999847412109,5.949999809265137,6.119999885559082,4507403
2025-05-06,6.119999885559082,6.300000190734863,6.110000133514404,6.239999771118164,2692207
2025-05-07,6.239999771118164,6.320000171661377,6.110000133514404,6.170000076293945,1593703
2025-05-08,6.170000076293945,6.239999771118164,6.019999980926514,6.019999980926514,996481
2025-05-11,6.019999980926514,6.269999980926514,6.039999961853027,6.119999885559082,1368729
2025-05-12,6.119999885559082,6.159999847412109,5.820000171661377,5.869999885559082,1207341
2025-05-13,5.869999885559082,6.099999904632568,5.849999904632568,5.920000076293945,1309907
2025-05-14,5.920000076293945,6.179999828338623,5.949999809265137,6.019999980926514,4934856
2025-05-15,6.019999980926514,6.199999809265137,5.980000019073486,6.190000057220459,1867354
2025-05-18,6.190000057220459,6.510000228881836,6.289999961853027,6.309999942779541,5266349
2025-05-19,6.309999942779541,6.420000076293945,6.190000057220459,6.25,3605446
2025-05-20,6.25,6.349999904632568,6.0,6.230000019073486,933946
2025-05-21,6.230000019073486,6.28000020980835,6.119999885559082,6.150000095367432,1258804
2025-05-22,6.150000095367432,6.190000057220459,6.019999980926514,6.050000190734863,1124271
2025-05-25,6.050000190734863,6.210000038146973,5.849999904632568,6.210000038146973,2739716
2025-05-26,6.210000038146973,6.269999980926514,6.099999904632568,6.110000133514404,1769668
2025-05-27,6.110000133514404,6.210000038146973,6.050000190734863,6.150000095367432,390414
2025-05-28,6.150000095367432,6.199999809265137,6.099999904632568,6.159999847412109,799491
2025-05-29,6.159999847412109,6.199999809265137,6.0,6.110000133514404,1411645
2025-06-01,6.110000133514404,6.230000019073486,6.039999961853027,6.150000095367432,1136425
2025-06-02,6.150000095367432,6.210000038146973,6.090000152587891,6.130000114440918,354746
2025-06-03,6.130000114440918,6.190000057220459,5.900000095367432,6.139999866485596,2163572
2025-06-04,6.139999866485596,6.210000038146973,6.079999923706055,6.199999809265137,576892
2025-06-10,6.199999809265137,6.269999980926514,6.150000095367432,6.199999809265137,1142878
2025-06-11,6.199999809265137,6.360000133514404,6.190000057220459,6.239999771118164,2758350
2025-06-12,6.239999771118164,6.28000020980835,6.059999942779541,6.130000114440918,2232061
2025-06-15,6.130000114440918,5.940000057220459,5.400000095367432,5.880000114440918,641369
2025-06-16,5.880000114440918,6.010000228881836,5.889999866485596,5.889999866485596,440031
2025-06-17,5.889999866485596,5.96999979019165,5.769999980926514,5.809999942779541,230128
2025-06-18,5.809999942779541,5.869999885559082,5.71999979019165,5.75,360285
2025-06-19,5.75,5.849999904632568,5.519999980926514,5.590000152587891,363133
2025-06-22,5.590000152587891,6.099999904632568,5.150000095367432,6.0,1383280
2025-06-23,6.0,6.139999866485596,5.949999809265137,6.119999885559082,1491193
2025-06-24,6.119999885559082,6.25,6.059999942779541,6.130000114440918,4498872
2025-06-25,6.130000114440918,6.190000057220459,6.070000171661377,6.190000057220459,1032472
2025-06-29,6.190000057220459,6.329999923706055,6.199999809265137,6.289999961853027,2725444
2025-06-30,6.289999961853027,6.389999866485596,6.150000095367432,6.369999885559082,1503294
2025-07-01,6.369999885559082,6.360000133514404,6.099999904632568,6.130000114440918,1818480
2025-07-02,6.130000114440918,6.190000057220459,6.0,6.070000171661377,941361
2025-07-06,6.070000171661377,6.150000095367432,5.920000076293945,5.920000076293945,1166562
2025-07-07,5.920000076293945,6.059999942779541,5.869999885559082,5.920000076293945,404870
2025-07-09,5.920000076293945,6.0,5.800000190734863,5.849999904632568,346401
2025-07-10,5.849999904632568,5.940000057220459,5.800000190734863,5.849999904632568,456524
2025-07-13,5.849999904632568,5.869999885559082,5.820000171661377,5.829999923706055,184870
2025-07-14,5.829999923706055,5.900000095367432,5.75,5.769999980926514,317892
2025-07-15,5.769999980926514,5.849999904632568,5.690000057220459,5.699999809265137,682172
2025-07-16,5.699999809265137,5.789999961853027,5.46999979019165,5.489999771118164,1382099
2025-07-17,5.489999771118164,5.639999866485596,5.28000020980835,5.300000190734863,734041
2025-07-20,5.300000190734863,5.489999771118164,5.210000038146973,5.460000038146973,1315017
2025-07-21,5.460000038146973,5.389999866485596,5.03000020980835,5.28000020980835,3512264
2025-07-22,5.28000020980835,5.329999923706055,5.099999904632568,5.309999942779541,2676228
2025-07-23,5.309999942779541,5.309999942779541,5.309999942779541,5.309999942779541,0
2025-07-27,5.28000020980835,5.289999961853027,5.150000095367432,5.190000057220459,359397
2025-07-28,5.190000057220459,5.25,5.039999961853027,5.050000190734863,1129881
2025-07-29,5.050000190734863,5.329999923706055,5.070000171661377,5.300000190734863,1405092
2025-07-30,5.300000190734863,5.360000133514404,5.159999847412109,5.190000057220459,1674200
2025-07-31,5.190000057220459,5.28000020980835,5.170000076293945,5.199999809265137,478632
2025-08-03,5.199999809265137,5.199999809265137,5.199999809265137,5.199999809265137,0
2025-08-04,5.199999809265137,5.199999809265137,5.199999809265137,5.199999809265137,0
2025-08-05,5.199999809265137,5.199999809265137,5.199999809265137,5.199999809265137,0
2025-08-06,5.199999809265137,5.199999809265137,5.199999809265137,5.199999809265137,0
2025-08-07,5.199999809265137,5.199999809265137,5.199999809265137,5.199999809265137,0
2025-08-10,5.0,5.070000171661377,4.960000038146973,4.960000038146973,580294
2025-08-11,4.960000038146973,5.070000171661377,4.909999847412109,5.03000020980835,4659544
2025-08-12,5.03000020980835,5.289999961853027,5.039999961853027,5.099999904632568,9008713
2025-08-13,5.099999904632568,5.179999828338623,5.03000020980835,5.050000190734863,4482701
2025-08-14,5.050000190734863,5.110000133514404,4.960000038146973,4.960000038146973,10915256
2025-08-17,4.960000038146973,5.070000171661377,4.929999828338623,4.940000057220459,1166803
2025-08-18,4.940000057220459,5.019999980926514,4.940000057220459,4.949999809265137,657160
2025-08-19,4.949999809265137,5.0,4.909999847412109,4.920000076293945,599429
2025-08-20,4.920000076293945,4.96999979019165,4.840000152587891,4.849999904632568,1604459
2025-08-21,4.849999904632568,4.920000076293945,4.800000190734863,4.849999904632568,572523
2025-08-24,4.849999904632568,4.929999828338623,4.829999923706055,4.889999866485596,287899
2025-08-25,4.889999866485596,4.920000076293945,4.800000190734863,4.800000190734863,491984
2025-08-26,4.800000190734863,4.860000133514404,4.659999847412109,4.710000038146973,1205165
2025-08-27,4.710000038146973,4.949999809265137,4.630000114440918,4.920000076293945,1277817
2025-08-28,4.920000076293945,5.010000228881836,4.849999904632568,5.0,1792014
2025-08-31,5.0,5.079999923706055,4.920000076293945,4.949999809265137,681002
2025-09-01,4.949999809265137,5.0,4.840000152587891,4.929999828338623,883338
2025-09-02,4.929999828338623,5.039999961853027,4.929999828338623,5.03000020980835,1222336
2025-09-03,5.03000020980835,5.099999904632568,5.0,5.0,1219723
2025-09-07,5.0,5.110000133514404,5.0,5.070000171661377,1394220
2025-09-08,5.070000171661377,5.110000133514404,5.050000190734863,5.059999942779541,977536
2025-09-09,5.059999942779541,5.449999809265137,5.090000152587891,5.21999979019165,11884545
2025-09-10,5.21999979019165,5.369999885559082,5.139999866485596,5.210000038146973,2526857
2025-09-11,5.210000038146973,5.329999923706055,5.119999885559082,5.28000020980835,3390435
2025-09-14,5.28000020980835,5.369999885559082,5.210000038146973,5.349999904632568,3293391
2025-09-15,5.349999904632568,5.389999866485596,5.25,5.349999904632568,1674731
2025-09-16,5.349999904632568,5.380000114440918,5.150000095367432,5.199999809265137,2723797
2025-09-17,5.199999809265137,5.269999980926514,5.099999904632568,5.159999847412109,1534154
2025-09-18,5.159999847412109,5.329999923706055,5.150000095367432,5.309999942779541,2085482
2025-09-21,5.309999942779541,5.320000171661377,5.179999828338623,5.179999828338623,2603268
2025-09-22,5.179999828338623,5.21999979019165,4.989999771118164,5.119999885559082,2711093
2025-09-23,5.119999885559082,5.230000019073486,5.010000228881836,5.039999961853027,884547
2025-09-24,5.039999961853027,5.099999904632568,4.949999809265137,5.079999923706055,1349645
2025-09-25,5.079999923706055,5.21999979019165,5.070000171661377,5.130000114440918,1222584
2025-09-28,5.130000114440918,5.230000019073486,5.099999904632568,5.170000076293945,1225426
2025-09-29,5.170000076293945,5.21999979019165,5.110000133514404,5.150000095367432,816153
2025-09-30,5.150000095367432,5.690000057220459,5.170000076293945,5.510000228881836,18373647
2025-10-01,5.510000228881836,5.599999904632568,5.340000152587891,5.429999828338623,3201997
2025-10-02,5.429999828338623,5.5,5.289999961853027,5.329999923706055,1301353
2025-10-05,5.329999923706055,5.650000095367432,5.320000171661377,5.539999961853027,5310281
2025-10-06,5.539999961853027,5.630000114440918,5.539999961853027,5.619999885559082,5693521
2025-10-07,5.619999885559082,5.699999809265137,5.519999980926514,5.53000020980835,3561211
2025-10-08,5.53000020980835,5.550000190734863,5.440000057220459,5.440000057220459,1766630
2025-10-12,5.440000057220459,5.480000019073486,5.389999866485596,5.440000057220459,1008494
2025-10-13,5.440000057220459,5.570000171661377,5.420000076293945,5.460000038146973,6478608
2025-10-14,5.460000038146973,5.510000228881836,5.389999866485596,5.389999866485596,1477605
2025-10-15,5.389999866485596,5.480000019073486,5.369999885559082,5.380000114440918,1096603
2025-10-16,5.380000114440918,5.679999828338623,5.400000095367432,5.650000095367432,5123101
2025-10-19,5.650000095367432,5.769999980926514,5.619999885559082,5.630000114440918,3492660
2025-10-20,5.630000114440918,5.739999771118164,5.610000133514404,5.730000019073486,1959196
2025-10-21,5.730000019073486,5.900000095367432,5.71999979019165,5.809999942779541,7238054
2025-10-22,5.809999942779541,6.059999942779541,5.760000228881836,6.0,10611071
2025-10-23,6.0,6.179999828338623,6.0,6.010000228881836,8452018
2025-10-26,6.010000228881836,6.349999904632568,6.010000228881836,6.269999980926514,5332474
2025-10-27,6.269999980926514,6.650000095367432,6.269999980926514,6.639999866485596,9384164
2025-10-28,6.639999866485596,6.699999809265137,6.429999828338623,6.510000228881836,7449071
2025-10-29,6.510000228881836,6.619999885559082,6.46999979019165,6.53000020980835,2027094
2025-10-30,6.53000020980835,6.829999923706055,6.53000020980835,6.820000171661377,8671239
2025-11-02,6.820000171661377,6.949999809265137,6.659999847412109,6.730000019073486,2323199
2025-11-03,6.730000019073486,6.860000133514404,6.659999847412109,6.730000019073486,1404437
2025-11-04,6.730000019073486,6.940000057220459,6.699999809265137,6.71999979019165,3421452
2025-11-05,6.71999979019165,6.820000171661377,6.409999847412109,6.78000020980835,2460655
2025-11-06,6.78000020980835,6.78000020980835,6.559999942779541,6.670000076293945,888453
2025-11-09,6.670000076293945,6.739999771118164,6.579999923706055,6.619999885559082,1438130
2025-11-10,6.619999885559082,6.860000133514404,6.579999923706055,6.639999866485596,10537002
2025-11-11,6.639999866485596,6.900000095367432,6.659999847412109,6.900000095367432,3972702
2025-11-12,6.900000095367432,7.099999904632568,6.809999942779541,6.96999979019165,7130891
2025-11-13,6.96999979019165,7.0,6.849999904632568,6.860000133514404,1026185
2025-11-16,6.860000133514404,6.989999771118164,6.71999979019165,6.71999979019165,2209277
2025-11-17,6.71999979019165,6.800000190734863,6.550000190734863,6.690000057220459,2756237
2025-11-18,6.690000057220459,6.849999904632568,6.610000133514404,6.610000133514404,757230
2025-11-19,6.610000133514404,6.980000019073486,6.630000114440918,6.96999979019165,3018457
2025-11-20,6.96999979019165,7.300000190734863,6.849999904632568,7.099999904632568,3425332
2025-11-23,7.099999904632568,7.199999809265137,7.050000190734863,7.130000114440918,4008735
2025-11-24,7.130000114440918,7.150000095367432,6.610000133514404,6.699999809265137,3779943
2025-11-25,6.699999809265137,6.800000190734863,6.400000095367432,6.400000095367432,1103348
2025-11-26,6.400000095367432,6.510000228881836,6.03000020980835,6.289999961853027,539356
2025-11-27,6.289999961853027,6.440000057220459,6.25,6.409999847412109,393718
2025-11-30,6.409999847412109,6.489999771118164,6.309999942779541,6.340000152587891,287199
2025-12-01,6.340000152587891,6.400000095367432,6.260000228881836,6.28000020980835,732037
2025-12-02,6.28000020980835,6.550000190734863,6.269999980926514,6.349999904632568,1357433
2025-12-03,6.349999904632568,6.460000038146973,6.300000190734863,6.349999904632568,786209
2025-12-04,6.349999904632568,6.599999904632568,6.320000171661377,6.380000114440918,1941613
2025-12-07,6.380000114440918,6.690000057220459,6.400000095367432,6.619999885559082,1667590
2025-12-08,6.619999885559082,6.829999923706055,6.579999923706055,6.679999828338623,2181674
2025-12-09,6.679999828338623,6.71999979019165,6.630000114440918,6.690000057220459,1662546
2025-12-10,6.690000057220459,6.75,6.550000190734863,6.590000152587891,837440
2025-12-11,6.590000152587891,6.650000095367432,6.5,6.579999923706055,402156
2025-12-14,6.579999923706055,6.659999847412109,6.5,6.5,1796639
2025-12-15,6.5,6.570000171661377,6.119999885559082,6.380000114440918,549081
2025-12-16,6.380000114440918,6.46999979019165,6.300000190734863,6.400000095367432,814171
2025-12-17,6.400000095367432,6.449999809265137,6.269999980926514,6.340000152587891,151611
2025-12-18,6.340000152587891,6.380000114440918,6.199999809265137,6.340000152587891,448703
2025-12-21,6.340000152587891,6.400000095367432,6.239999771118164,6.269999980926514,410214
2025-12-22,6.269999980926514,6.369999885559082,6.289999961853027,6.340000152587891,230836
2025-12-23,6.340000152587891,6.449999809265137,6.239999771118164,6.389999866485596,680807
2025-12-24,6.389999866485596,6.53000020980835,6.340000152587891,6.489999771118164,1251697
2025-12-25,6.489999771118164,6.550000190734863,6.409999847412109,6.420000076293945,467269
2025-12-28,6.420000076293945,6.5,6.349999904632568,6.349999904632568,401954
2025-12-29,6.349999904632568,6.449999809265137,6.329999923706055,6.329999923706055,602991
2025-12-30,6.329999923706055,6.53000020980835,6.349999904632568,6.460000038146973,1147166
2025-12-31,6.460000038146973,6.599999904632568,6.400000095367432,6.400000095367432,1897398
2026-01-04,6.400000095367432,6.480000019073486,6.199999809265137,6.320000171661377,814671
2026-01-05,6.320000171661377,6.360000133514404,5.900000095367432,6.0,2317102
2026-01-06,6.0,6.099999904632568,5.929999828338623,6.079999923706055,713349
2026-01-08,6.079999923706055,6.050000190734863,5.829999923706055,5.880000114440918,725058
2026-01-11,5.880000114440918,5.949999809265137,5.840000152587891,5.929999828338623,256980
2026-01-12,5.929999828338623,6.300000190734863,5.920000076293945,6.0,2720542
2026-01-13,6.0,6.090000152587891,5.849999904632568,5.869999885559082,980667
2026-01-14,5.869999885559082,6.210000038146973,5.800000190734863,6.079999923706055,2205582
2026-01-15,6.079999923706055,6.539999961853027,6.079999923706055,6.289999961853027,6769141
2026-01-18,6.289999961853027,6.650000095367432,6.420000076293945,6.46999979019165,2400528
2026-01-19,6.46999979019165,6.570000171661377,6.400000095367432,6.420000076293945,1846349
2026-01-20,6.420000076293945,7.0,6.420000076293945,6.900000095367432,7352904
2026-01-21,6.900000095367432,7.079999923706055,6.769999980926514,7.050000190734863,6895234
2026-01-22,7.050000190734863,7.010000228881836,6.710000038146973,6.789999961853027,2430131
2026-01-25,6.789999961853027,6.900000095367432,6.559999942779541,6.619999885559082,1413386
2026-01-26,6.619999885559082,6.949999809265137,6.619999885559082,6.699999809265137,3226298
2026-01-27,6.699999809265137,6.869999885559082,6.599999904632568,6.699999809265137,2632191
2026-01-28,6.699999809265137,6.699999809265137,6.340000152587891,6.539999961853027,745755
2026-02-01,6.539999961853027,6.539999961853027,6.300000190734863,6.429999828338623,5803650
2026-02-02,6.429999828338623,6.5,6.409999847412109,6.489999771118164,284972
2026-02-03,6.489999771118164,6.599999904632568,6.460000038146973,6.590000152587891,331533
2026-02-04,6.590000152587891,6.789999961853027,6.53000020980835,6.739999771118164,772518
2026-02-05,6.739999771118164,6.849999904632568,6.619999885559082,6.630000114440918,2233820
2026-02-08,6.630000114440918,6.699999809265137,6.590000152587891,6.610000133514404,199260
2026-02-09,6.610000133514404,6.800000190734863,6.5,6.760000228881836,1142079
2026-02-10,6.760000228881836,6.940000057220459,6.75,6.78000020980835,3539237
2026-02-11,6.78000020980835,7.150000095367432,6.630000114440918,6.849999904632568,6292954
2026-02-12,6.849999904632568,6.940000057220459,6.75,6.760000228881836,1464973
2026-02-15,6.760000228881836,6.800000190734863,6.539999961853027,6.599999904632568,2818531
2026-02-16,6.599999904632568,6.610000133514404,6.449999809265137,6.489999771118164,2911830
2026-02-17,6.489999771118164,6.78000020980835,6.449999809265137,6.449999809265137,2578258
2026-02-18,6.449999809265137,6.539999961853027,6.349999904632568,6.380000114440918,1055314
2026-02-19,6.380000114440918,6.409999847412109,6.110000133514404,6.139999866485596,1023134
2026-02-22,6.139999866485596,6.21999979019165,5.880000114440918,6.110000133514404,998833
2026-02-23,6.110000133514404,6.230000019073486,6.090000152587891,6.110000133514404,286829
2026-02-24,6.110000133514404,6.179999828338623,6.0,6.059999942779541,1075124
2026-02-25,6.059999942779541,6.079999923706055,5.820000171661377,5.860000133514404,384142
2026-02-26,5.860000133514404,6.0,5.730000019073486,5.849999904632568,331682
2026-03-01,5.849999904632568,5.650000095367432,5.010000228881836,5.489999771118164,394788
2026-03-02,5.489999771118164,5.800000190734863,5.5,5.510000228881836,491414
2026-03-03,5.510000228881836,5.610000133514404,5.300000190734863,5.400000095367432,247192
2026-03-04,5.400000095367432,5.639999866485596,5.400000095367432,5.599999904632568,421301
2026-03-05,5.599999904632568,5.679999828338623,5.559999942779541,5.599999904632568,215609
2026-03-08,5.599999904632568,5.900000095367432,5.610000133514404,5.78000020980835,454702
2026-03-09,5.78000020980835,6.190000057220459,5.730000019073486,6.139999866485596,1432243
2026-03-10,6.139999866485596,6.199999809265137,5.849999904632568,5.929999828338623,1070599
2026-03-11,5.929999828338623,6.0,5.860000133514404,6.0,1816325
2026-03-12,6.0,6.059999942779541,5.949999809265137,5.989999771118164,126738
2026-03-15,5.989999771118164,6.090000152587891,5.96999979019165,6.03000020980835,237217
2026-03-16,6.03000020980835,6.050000190734863,5.860000133514404,5.909999847412109,311247
2026-03-17,5.909999847412109,6.090000152587891,5.940000057220459,6.0,515372
2026-03-18,6.0,6.059999942779541,5.920000076293945,6.050000190734863,287800
2026-03-19,6.050000190734863,6.050000190734863,6.050000190734863,6.050000190734863,0
2026-03-24,6.050000190734863,6.099999904632568,5.849999904632568,5.980000019073486,1171153
2026-03-25,5.980000019073486,6.0,5.869999885559082,5.980000019073486,204761
2026-03-26,5.980000019073486,6.0,5.880000114440918,5.909999847412109,266029
2026-03-29,5.909999847412109,5.940000057220459,5.769999980926514,5.800000190734863,368289
2026-03-30,5.800000190734863,5.869999885559082,5.710000038146973,5.809999942779541,165495
2026-03-31,5.809999942779541,5.889999866485596,5.71999979019165,5.849999904632568,174610
2026-04-01,5.849999904632568,6.039999961853027,5.849999904632568,5.929999828338623,431340
2026-04-02,5.929999828338623,5.960000038146973,5.869999885559082,5.889999866485596,201859
2026-04-05,5.889999866485596,6.289999961853027,5.889999866485596,6.239999771118164,2396927
2026-04-06,6.239999771118164,6.300000190734863,6.099999904632568,6.150000095367432,1066227
2026-04-07,6.150000095367432,6.159999847412109,6.0,6.0,1664774
2026-04-08,6.0,6.099999904632568,5.949999809265137,6.0,874445
2026-04-09,6.0,6.0,5.880000114440918,5.909999847412109,660837
2026-04-14,5.909999847412109,5.980000019073486,5.880000114440918,5.880000114440918,1744469
2026-04-15,5.880000114440918,6.010000228881836,5.889999866485596,5.900000095367432,1483185
2026-04-16,5.900000095367432,5.980000019073486,5.900000095367432,5.960000038146973,1367410
2026-04-19,5.960000038146973,6.010000228881836,5.929999828338623,5.96999979019165,663203
2026-04-20,5.96999979019165,6.0,5.900000095367432,5.980000019073486,603548
2026-04-21,5.980000019073486,6.0,5.909999847412109,5.940000057220459,661473
2026-04-22,5.940000057220459,6.210000038146973,5.920000076293945,6.099999904632568,2134193
2026-04-23,6.099999904632568,6.170000076293945,5.989999771118164,6.130000114440918,2167893
2026-04-26,6.130000114440918,6.150000095367432,6.019999980926514,6.070000171661377,3716298
2026-04-27,6.070000171661377,6.179999828338623,6.090000152587891,6.099999904632568,703571
2026-04-28,6.099999904632568,6.139999866485596,6.03000020980835,6.039999961853027,625028
2026-04-29,6.039999961853027,6.099999904632568,5.980000019073486,6.0,797914
2026-04-30,6.0,6.099999904632568,5.960000038146973,6.079999923706055,570271
2026-05-03,6.079999923706055,6.110000133514404,6.010000228881836,6.039999961853027,834872
2026-05-04,6.039999961853027,6.179999828338623,6.019999980926514,6.159999847412109,2097337
2026-05-05,6.159999847412109,6.150000095367432,6.079999923706055,6.099999904632568,780844
2026-05-06,6.099999904632568,6.199999809265137,6.03000020980835,6.150000095367432,1272840
2026-05-10,6.150000095367432,6.21999979019165,6.099999904632568,6.179999828338623,1886997
2026-05-11,6.179999828338623,6.199999809265137,6.070000171661377,6.130000114440918,1356992
2026-05-12,6.130000114440918,6.150000095367432,6.070000171661377,6.090000152587891,629642
2026-05-13,6.090000152587891,6.099999904632568,6.0,6.039999961853027,5267503
2026-05-14,6.039999961853027,6.150000095367432,6.010000228881836,6.090000152587891,1870802
2026-05-17,6.090000152587891,6.179999828338623,6.050000190734863,6.090000152587891,4169385
2026-05-18,6.090000152587891,6.119999885559082,5.920000076293945,5.940000057220459,4670558
2026-05-19,5.940000057220459,6.110000133514404,5.940000057220459,5.949999809265137,2532405
2026-05-20,5.949999809265137,6.210000038146973,5.96999979019165,6.050000190734863,8941718
2026-05-21,6.050000190734863,6.199999809265137,6.050000190734863,6.059999942779541,2069333
2026-05-24,6.059999942779541,6.170000076293945,6.079999923706055,6.099999904632568,3805033
2026-05-25,6.099999904632568,6.300000190734863,6.090000152587891,6.239999771118164,2418083
2026-05-26,6.239999771118164,6.239999771118164,6.239999771118164,6.239999771118164,0
2026-05-27,6.239999771118164,6.239999771118164,6.239999771118164,6.239999771118164,0
2026-05-28,6.239999771118164,6.239999771118164,6.239999771118164,6.239999771118164,0
2026-06-01,6.239999771118164,6.519999980926514,6.349999904632568,6.5,7572795
2026-06-02,6.5,6.519999980926514,6.360000133514404,6.380000114440918,2039537
2026-06-03,6.380000114440918,6.440000057220459,6.320000171661377,6.349999904632568,2201009
2026-06-04,6.349999904632568,6.460000038146973,6.349999904632568,6.400000095367432,1600031
2026-06-07,6.400000095367432,6.559999942779541,6.269999980926514,6.369999885559082,6746412
2026-06-08,6.369999885559082,6.369999885559082,6.269999980926514,6.289999961853027,1684112
2026-06-09,6.289999961853027,6.380000114440918,6.25,6.369999885559082,2113721
2026-06-10,6.369999885559082,6.480000019073486,6.190000057220459,6.199999809265137,3278831
2026-06-11,6.199999809265137,6.340000152587891,5.960000038146973,6.300000190734863,2277096
2026-06-14,6.300000190734863,6.369999885559082,6.21999979019165,6.260000228881836,1001225
2026-06-15,6.260000228881836,6.349999904632568,6.150000095367432,6.239999771118164,1141088
2026-06-16,6.239999771118164,6.239999771118164,6.150000095367432,6.230000019073486,1058692
2026-06-17,6.230000019073486,6.230000019073486,6.230000019073486,6.230000019073486,0
2026-06-18,6.230000019073486,6.230000019073486,6.230000019073486,6.230000019073486,0
2026-06-21,6.300000190734863,6.349999904632568,6.21999979019165,6.239999771118164,1335365
2026-06-22,6.239999771118164,6.239999771118164,6.239999771118164,6.239999771118164,0
2026-06-23,6.150000095367432,6.190000057220459,6.070000171661377,6.090000152587891,620482
2026-06-24,6.090000152587891,6.289999961853027,6.099999904632568,6.179999828338623,2229483
2026-06-25,6.179999828338623,6.210000038146973,6.110000133514404,6.190000057220459,724457
2026-06-28,6.190000057220459,6.400000095367432,6.159999847412109,6.170000076293945,4405357
2026-06-29,6.170000076293945,6.289999961853027,6.039999961853027,6.260000228881836,2963827
2026-06-30,6.260000228881836,6.380000114440918,6.210000038146973,6.369999885559082,3209359
2026-07-01,6.369999885559082,6.400000095367432,6.260000228881836,6.349999904632568,2198392
2026-07-05,6.349999904632568,6.429999828338623,6.329999923706055,6.400000095367432,2141663
2026-07-06,6.400000095367432,7.099999904632568,6.570000171661377,7.010000228881836,21017067
2026-07-07,7.010000228881836,7.610000133514404,6.96999979019165,7.349999904632568,14197715
2026-07-08,7.349999904632568,7.579999923706055,7.28000020980835,7.389999866485596,6595964
2026-07-09,7.389999866485596,7.53000020980835,7.349999904632568,7.400000095367432,3792786
2026-07-12,7.400000095367432,7.639999866485596,7.420000076293945,7.550000190734863,7551582
2026-07-13,7.550000190734863,7.670000076293945,7.489999771118164,7.510000228881836,3137112
2026-07-14,7.510000228881836,7.739999771118164,7.400000095367432,7.730000019073486,6108051
2026-07-15,7.730000019073486,7.829999923706055,7.659999847412109,7.690000057220459,5079885
2026-07-16,7.690000057220459,7.769999980926514,7.570000171661377,7.699999809265137,3082012
2026-07-19,7.699999809265137,7.989999771118164,7.559999942779541,7.989999771118164,7248425
2026-07-20,7.989999771118164,8.319999694824219,7.989999771118164,8.210000038146973,11138777
2026-07-21,8.210000038146973,8.609999656677246,8.140000343322754,8.609999656677246,9900461
2026-07-22,8.609999656677246,8.800000190734863,8.489999771118164,8.800000190734863,3068511
2026-07-26,8.800000190734863,8.779999732971191,8.399999618530273,8.579999923706055,4240002
2026-07-27,8.579999923706055,8.899999618530273,8.460000038146973,8.619999885559082,3621984
2026-07-28,8.619999885559082,8.850000381469727,8.170000076293945,8.199999809265137,6059638
2026-07-29,8.199999809265137,8.25,7.900000095367432,8.100000381469727,3021990
2026-07-30,8.100000381469727,8.100000381469727,7.75,8.079999923706055,2721102
2026-08-02,8.079999923706055,8.239999771118164,7.880000114440918,7.920000076293945,2588085
2026-08-03,7.920000076293945,8.199999809265137,7.860000133514404,8.149999618530273,2708107
2026-08-04,8.149999618530273,8.300000190734863,8.010000228881836,8.300000190734863,4428215
2026-08-05,8.300000190734863,8.319999694824219,8.010000228881836,8.1899995803833,2252277
2026-08-06,8.1899995803833,8.300000190734863,7.940000057220459,8.0,2567838
