date,open,high,low,close,volume
2022-01-02,1.0399999618530273,1.0800000429153442,1.0399999618530273,1.0729999542236328,957845
2022-01-03,1.0729999542236328,1.0950000286102295,1.0729999542236328,1.0829999446868896,1010700
2022-01-04,1.0829999446868896,1.149999976158142,1.0889999866485596,1.1330000162124634,2002224
2022-01-05,1.1330000162124634,1.1699999570846558,1.128999948501587,1.1410000324249268,1332839
2022-01-09,1.1410000324249268,1.1410000324249268,1.1410000324249268,1.1410000324249268,0
2022-01-10,1.121999979019165,1.159999966621399,1.1230000257492065,1.1299999952316284,1206965
2022-01-11,1.1299999952316284,1.1399999856948853,1.100000023841858,1.1059999465942383,1040290
2022-01-12,1.1059999465942383,1.128000020980835,1.0829999446868896,1.0880000591278076,549797
2022-01-13,1.0880000591278076,1.090000033378601,1.062999963760376,1.0700000524520874,799021
2022-01-16,1.0700000524520874,1.0700000524520874,1.031000018119812,1.0379999876022339,469042
2022-01-17,1.0379999876022339,1.0540000200271606,1.0299999713897705,1.0379999876022339,277580
2022-01-18,1.0379999876022339,1.062999963760376,1.0460000038146973,1.0529999732971191,661356
2022-01-19,1.0529999732971191,1.0700000524520874,1.0460000038146973,1.0490000247955322,615678
2022-01-20,1.0490000247955322,1.065000057220459,1.0429999828338623,1.0499999523162842,408991
2022-01-23,1.0499999523162842,1.0499999523162842,1.0,1.003999948501587,878756
2022-01-24,1.003999948501587,1.0360000133514404,0.9430000185966492,0.9539999961853027,5273764
2022-01-25,0.9539999961853027,0.9649999737739563,0.9359999895095825,0.9480000138282776,10870814
2022-01-26,0.9480000138282776,0.9549999833106995,0.921999990940094,0.9309999942779541,1017987
2022-01-30,0.9309999942779541,0.9520000219345093,0.9229999780654907,0.925000011920929,323383
2022-01-31,0.925000011920929,0.9399999976158142,0.9110000133514404,0.9359999895095825,9671313
2022-02-01,0.9359999895095825,0.9599999785423279,0.9399999976158142,0.9559999704360962,621281
2022-02-02,0.9559999704360962,0.9700000286102295,0.9599999785423279,0.9629999995231628,1090892
2022-02-03,0.9629999995231628,0.9769999980926514,0.9549999833106995,0.9589999914169312,780682
2022-02-06,0.9589999914169312,0.9729999899864197,0.9459999799728394,0.9599999785423279,1217869
2022-02-07,0.9599999785423279,0.9750000238418579,0.9419999718666077,0.9520000219345093,1516671
2022-02-08,0.9520000219345093,0.9580000042915344,0.9399999976158142,0.9409999847412109,887801
2022-02-09,0.9409999847412109,0.9580000042915344,0.9300000071525574,0.9359999895095825,1265791
2022-02-10,0.9359999895095825,0.9380000233650208,0.9229999780654907,0.9240000247955322,3525260
2022-02-13,0.9240000247955322,0.9200000166893005,0.8399999737739563,0.8450000286102295,2295986
2022-02-14,0.8450000286102295,0.8500000238418579,0.8119999766349792,0.828000009059906,1833702
2022-02-15,0.828000009059906,0.8500000238418579,0.8299999833106995,0.8309999704360962,1735537
2022-02-16,0.8309999704360962,0.8489999771118164,0.8330000042915344,0.8330000042915344,908750
2022-02-17,0.8330000042915344,0.8320000171661377,0.8180000185966492,0.8199999928474426,1187354
2022-02-20,0.8199999928474426,0.9700000286102295,0.8500000238418579,0.8679999709129333,6689953
2022-02-21,0.8679999709129333,0.8790000081062317,0.8339999914169312,0.8450000286102295,9313488
2022-02-22,0.8450000286102295,0.8360000252723694,0.8009999990463257,0.8199999928474426,2634455
2022-02-23,0.8199999928474426,0.8410000205039978,0.8069999814033508,0.8199999928474426,2344328
2022-02-24,0.8199999928474426,0.7599999904632568,0.6949999928474426,0.7070000171661377,3496234
2022-02-27,0.7070000171661377,0.75,0.7210000157356262,0.7400000095367432,2968960
2022-02-28,0.7400000095367432,0.734000027179718,0.7110000252723694,0.7139999866485596,1417448
2022-03-01,0.7139999866485596,0.746999979019165,0.718999981880188,0.7400000095367432,2055450
2022-03-02,0.7400000095367432,0.7549999952316284,0.7300000190734863,0.7400000095367432,2202505
2022-03-03,0.7400000095367432,0.7670000195503235,0.7490000128746033,0.7590000033378601,1743689
2022-03-06,0.7590000033378601,0.8399999737739563,0.75,0.824999988079071,5734515
2022-03-07,0.824999988079071,0.8299999833106995,0.7760000228881836,0.7850000262260437,3685025
2022-03-08,0.7850000262260437,0.7850000262260437,0.7850000262260437,0.7850000262260437,0
2022-03-09,0.8109999895095825,0.8399999737739563,0.800000011920929,0.8119999766349792,1401602
2022-03-10,0.8119999766349792,0.8159999847412109,0.781000018119812,0.7870000004768372,1134791
2022-03-13,0.7870000004768372,0.875,0.7799999713897705,0.8220000267028809,4211166
2022-03-14,0.8220000267028809,0.8220000267028809,0.8090000152587891,0.8090000152587891,429563
2022-03-15,0.8090000152587891,0.8100000023841858,0.7419999837875366,0.7580000162124634,2947903
2022-03-16,0.7580000162124634,0.8100000023841858,0.7699999809265137,0.7940000295639038,1708527
2022-03-17,0.7940000295639038,0.8100000023841858,0.7900000214576721,0.796999990940094,1109438
2022-03-20,0.796999990940094,0.8100000023841858,0.800000011920929,0.8040000200271606,645263
2022-03-21,0.8040000200271606,0.8600000143051147,0.8059999942779541,0.8370000123977661,2998777
2022-03-22,0.8370000123977661,0.8600000143051147,0.8309999704360962,0.8339999914169312,2138086
2022-03-23,0.8339999914169312,0.8420000076293945,0.8130000233650208,0.8330000042915344,1205565
2022-03-24,0.8330000042915344,0.8489999771118164,0.8159999847412109,0.8180000185966492,1414428
2022-03-27,0.8180000185966492,0.828000009059906,0.7900000214576721,0.7990000247955322,2183558
2022-03-28,0.7990000247955322,0.8199999928474426,0.7710000276565552,0.7789999842643738,827086
2022-03-29,0.7789999842643738,0.8100000023841858,0.7699999809265137,0.7879999876022339,769151
2022-03-30,0.7879999876022339,0.8090000152587891,0.7699999809265137,0.7879999876022339,283386
2022-03-31,0.7879999876022339,0.8100000023841858,0.7699999809265137,0.7879999876022339,214290
2022-04-03,0.7879999876022339,0.800000011920929,0.7730000019073486,0.7820000052452087,407200
2022-04-04,0.7820000052452087,0.8050000071525574,0.7799999713897705,0.8019999861717224,771645
2022-04-05,0.8019999861717224,0.8360000252723694,0.8069999814033508,0.8109999895095825,1959584
2022-04-06,0.8109999895095825,0.8199999928474426,0.7960000038146973,0.7960000038146973,954170
2022-04-07,0.7960000038146973,0.800000011920929,0.7799999713897705,0.7820000052452087,480964
2022-04-10,0.7820000052452087,0.7799999713897705,0.7509999871253967,0.753000020980835,568906
2022-04-11,0.753000020980835,0.7429999709129333,0.7200000286102295,0.722000002861023,523242
2022-04-12,0.722000002861023,0.75,0.7160000205039978,0.7480000257492065,794995
2022-04-13,0.7480000257492065,0.7699999809265137,0.7429999709129333,0.7459999918937683,427890
2022-04-14,0.7459999918937683,0.7400000095367432,0.7200000286102295,0.7210000157356262,895053
2022-04-17,0.7210000157356262,0.7450000047683716,0.6510000228881836,0.6549999713897705,804648
2022-04-18,0.6549999713897705,0.6639999747276306,0.6050000190734863,0.6549999713897705,338212
2022-04-19,0.6549999713897705,0.7200000286102295,0.6449999809265137,0.7020000219345093,1057223
2022-04-20,0.7020000219345093,0.7139999866485596,0.6899999976158142,0.7020000219345093,224115
2022-04-21,0.7020000219345093,0.7870000004768372,0.7149999737739563,0.7540000081062317,1180362
2022-04-26,0.7540000081062317,0.7459999918937683,0.7170000076293945,0.7200000286102295,466992
2022-04-27,0.7200000286102295,0.7490000128746033,0.7179999947547913,0.7200000286102295,235178
2022-04-28,0.7200000286102295,0.7580000162124634,0.7400000095367432,0.7540000081062317,732823
2022-05-08,0.7540000081062317,0.7649999856948853,0.7200000286102295,0.7540000081062317,386347
2022-05-09,0.7540000081062317,0.7689999938011169,0.7400000095367432,0.7490000128746033,916452
2022-05-10,0.7490000128746033,0.75,0.7300000190734863,0.7350000143051147,464254
2022-05-11,0.7350000143051147,0.75,0.7310000061988831,0.7350000143051147,176686
2022-05-12,0.7350000143051147,0.7360000014305115,0.7020000219345093,0.7350000143051147,314821
2022-05-15,0.7350000143051147,0.7419999837875366,0.7149999737739563,0.7350000143051147,389803
2022-05-16,0.7350000143051147,0.7250000238418579,0.699999988079071,0.7160000205039978,502328
2022-05-17,0.7160000205039978,0.7490000128746033,0.7200000286102295,0.7260000109672546,776945
2022-05-18,0.7260000109672546,0.7310000061988831,0.7260000109672546,0.7260000109672546,344646
2022-05-19,0.7260000109672546,0.7250000238418579,0.7059999704360962,0.7260000109672546,347264
2022-05-22,0.7260000109672546,0.7850000262260437,0.7390000224113464,0.7789999842643738,4419869
2022-05-23,0.7789999842643738,0.7850000262260437,0.75,0.7699999809265137,15627900
2022-05-24,0.7699999809265137,0.8199999928474426,0.7720000147819519,0.7789999842643738,1955957
2022-05-25,0.7789999842643738,0.7839999794960022,0.7200000286102295,0.7229999899864197,1738980
2022-05-26,0.7229999899864197,0.7379999756813049,0.7099999785423279,0.7210000157356262,1335075
2022-05-29,0.7210000157356262,0.7229999899864197,0.699999988079071,0.703000009059906,1528417
2022-05-30,0.703000009059906,0.7160000205039978,0.6959999799728394,0.703000009059906,422741
2022-05-31,0.703000009059906,0.7139999866485596,0.699999988079071,0.703000009059906,513672
2022-06-01,0.703000009059906,0.7170000076293945,0.6769999861717224,0.6840000152587891,974268
2022-06-02,0.6840000152587891,0.7099999785423279,0.6830000281333923,0.7080000042915344,730977
2022-06-05,0.7080000042915344,0.7080000042915344,0.7080000042915344,0.7080000042915344,0
2022-06-06,0.7080000042915344,0.7540000081062317,0.7049999833106995,0.7440000176429749,2041495
2022-06-07,0.7440000176429749,0.7649999856948853,0.7360000014305115,0.7480000257492065,710480
2022-06-08,0.7480000257492065,0.7799999713897705,0.7419999837875366,0.7699999809265137,1763279
2022-06-09,0.7699999809265137,0.7850000262260437,0.7549999952316284,0.7639999985694885,826413
2022-06-12,0.7639999985694885,0.7730000019073486,0.7429999709129333,0.7519999742507935,996973
2022-06-13,0.7519999742507935,0.7580000162124634,0.7229999899864197,0.7289999723434448,739174
2022-06-14,0.7289999723434448,0.7509999871253967,0.7300000190734863,0.746999979019165,693216
2022-06-15,0.746999979019165,0.7699999809265137,0.7300000190734863,0.7630000114440918,1415491
2022-06-16,0.7630000114440918,0.800000011920929,0.7639999985694885,0.7739999890327454,3222090
2022-06-19,0.7739999890327454,0.8159999847412109,0.7670000195503235,0.7979999780654907,5744183
2022-06-20,0.7979999780654907,0.824999988079071,0.7900000214576721,0.7979999780654907,7532133
2022-06-21,0.7979999780654907,0.8550000190734863,0.8069999814033508,0.843999981880188,11369690
2022-06-22,0.843999981880188,0.8640000224113464,0.8159999847412109,0.8259999752044678,4771698
2022-06-23,0.8259999752044678,0.8410000205039978,0.8100000023841858,0.824999988079071,3716456
2022-06-26,0.824999988079071,0.8450000286102295,0.7789999842643738,0.7829999923706055,6058742
2022-06-27,0.7829999923706055,0.7900000214576721,0.7400000095367432,0.7419999837875366,2617534
2022-06-28,0.7419999837875366,0.7639999985694885,0.7200000286102295,0.7350000143051147,1341974
2022-06-29,0.7350000143051147,0.7570000290870667,0.7200000286102295,0.7269999980926514,2890544
2022-07-03,0.7269999980926514,0.7400000095367432,0.7200000286102295,0.7239999771118164,1082147
2022-07-04,0.7239999771118164,0.7400000095367432,0.7049999833106995,0.7160000205039978,2115280
2022-07-05,0.7160000205039978,0.7490000128746033,0.7250000238418579,0.7300000190734863,1258331
2022-07-06,0.7300000190734863,0.7400000095367432,0.7229999899864197,0.7369999885559082,702224
2022-07-07,0.7369999885559082,0.7699999809265137,0.7400000095367432,0.75,1146799
2022-07-17,0.75,0.7699999809265137,0.7400000095367432,0.7519999742507935,1322763
2022-07-18,0.7519999742507935,0.7699999809265137,0.7570000290870667,0.7609999775886536,772943
2022-07-19,0.7609999775886536,0.8140000104904175,0.765999972820282,0.8050000071525574,3429069
2022-07-20,0.8050000071525574,0.8379999995231628,0.8040000200271606,0.8149999976158142,2823443
2022-07-21,0.8149999976158142,0.8320000171661377,0.8130000233650208,0.8199999928474426,2079011
2022-07-24,0.8199999928474426,0.8330000042915344,0.8100000023841858,0.8109999895095825,1621212
2022-07-25,0.8109999895095825,0.8679999709129333,0.8149999976158142,0.8610000014305115,6903363
2022-07-26,0.8610000014305115,0.8799999952316284,0.8420000076293945,0.8450000286102295,3043580
2022-07-27,0.8450000286102295,0.8690000176429749,0.8220000267028809,0.8259999752044678,1224772
2022-07-28,0.8259999752044678,0.8799999952316284,0.8220000267028809,0.8550000190734863,5391320
2022-07-31,0.8550000190734863,0.8999999761581421,0.8619999885559082,0.878000020980835,7276087
2022-08-01,0.878000020980835,0.8899999856948853,0.8420000076293945,0.8489999771118164,2748931
2022-08-02,0.8489999771118164,0.8629999756813049,0.8410000205039978,0.8569999933242798,1938647
2022-08-03,0.8569999933242798,0.8920000195503235,0.8529999852180481,0.8550000190734863,2853985
2022-08-04,0.8550000190734863,0.8799999952316284,0.8519999980926514,0.8709999918937683,1635016
2022-08-07,0.8709999918937683,0.9380000233650208,0.8730000257492065,0.9200000166893005,7715283
2022-08-08,0.9200000166893005,0.9589999914169312,0.9120000004768372,0.9190000295639038,7317360
2022-08-09,0.9190000295639038,0.9879999756813049,0.9179999828338623,0.9419999718666077,11945286
2022-08-10,0.9419999718666077,0.9649999737739563,0.9200000166893005,0.9330000281333923,5050422
2022-08-11,0.9330000281333923,0.9860000014305115,0.9300000071525574,0.9739999771118164,9682914
2022-08-14,0.9739999771118164,1.0829999446868896,0.9900000095367432,1.0570000410079956,14087474
2022-08-15,1.0570000410079956,1.090000033378601,1.0210000276565552,1.031000018119812,5609849
2022-08-16,1.031000018119812,1.0700000524520874,1.0099999904632568,1.0199999809265137,5057182
2022-08-17,1.0199999809265137,1.0490000247955322,0.9990000128746033,1.0119999647140503,3738579
2022-08-18,1.0119999647140503,1.0119999647140503,1.0119999647140503,1.0119999647140503,0
2022-08-21,1.0049999952316284,1.024999976158142,1.0019999742507935,1.0099999904632568,2727619
2022-08-22,1.0099999904632568,1.0390000343322754,0.9900000095367432,1.031000018119812,5619855
2022-08-23,1.031000018119812,1.031000018119812,1.031000018119812,1.031000018119812,0
2022-08-24,1.003000020980835,1.0199999809265137,0.9649999737739563,0.9810000061988831,3867184
2022-08-25,0.9810000061988831,1.0049999952316284,0.9700000286102295,0.9940000176429749,2894215
2022-08-28,0.9940000176429749,1.0190000534057617,0.9789999723434448,0.9940000176429749,2606804
2022-08-29,0.9940000176429749,1.0130000114440918,0.953000009059906,0.972000002861023,3479933
2022-08-30,0.972000002861023,0.9850000143051147,0.9599999785423279,0.9700000286102295,1078140
2022-08-31,0.9700000286102295,1.0099999904632568,0.9660000205039978,0.9760000109672546,3562892
2022-09-01,0.9760000109672546,0.9919999837875366,0.925000011920929,0.9330000281333923,2199095
2022-09-04,0.9330000281333923,0.9380000233650208,0.8999999761581421,0.9290000200271606,2135320
2022-09-05,0.9290000200271606,0.9890000224113464,0.9430000185966492,0.9779999852180481,2607264
2022-09-06,0.9779999852180481,1.0169999599456787,0.972000002861023,1.0049999952316284,4668291
2022-09-07,1.0049999952316284,1.0369999408721924,0.9829999804496765,0.9900000095367432,6597068
2022-09-08,0.9900000095367432,1.0180000066757202,0.9900000095367432,1.0019999742507935,4587792
2022-09-11,1.0019999742507935,1.062999963760376,1.0199999809265137,1.0390000343322754,9978804
2022-09-12,1.0390000343322754,1.0460000038146973,1.0019999742507935,1.0080000162124634,11069796
2022-09-13,1.0080000162124634,1.0299999713897705,0.9940000176429749,1.0089999437332153,6930585
2022-09-14,1.0089999437332153,1.0160000324249268,0.9710000157356262,0.9769999980926514,4690406
2022-09-15,0.9769999980926514,1.0080000162124634,0.9599999785423279,0.968999981880188,7059695
2022-09-18,0.968999981880188,0.9879999756813049,0.8899999856948853,0.8989999890327454,4234627
2022-09-19,0.8989999890327454,0.9210000038146973,0.871999979019165,0.9160000085830688,2547606
2022-09-20,0.9160000085830688,0.9150000214576721,0.8740000128746033,0.9070000052452087,2199884
2022-09-21,0.9070000052452087,0.925000011920929,0.8960000276565552,0.8999999761581421,2384428
2022-09-22,0.8999999761581421,0.9100000262260437,0.8619999885559082,0.8920000195503235,1337711
2022-09-25,0.8920000195503235,0.9139999747276306,0.8840000033378601,0.9020000100135803,994608
2022-09-26,0.9020000100135803,0.9200000166893005,0.902999997138977,0.9049999713897705,1466547
2022-09-27,0.9049999713897705,0.9639999866485596,0.9200000166893005,0.9419999718666077,4244448
2022-09-28,0.9419999718666077,0.9509999752044678,0.9129999876022339,0.9210000038146973,2842654
2022-09-29,0.9210000038146973,0.9359999895095825,0.906000018119812,0.9120000004768372,1225041
2022-10-02,0.9120000004768372,0.9160000085830688,0.8870000243186951,0.8939999938011169,1005394
2022-10-03,0.8939999938011169,0.9079999923706055,0.8709999918937683,0.8830000162124634,470771
2022-10-04,0.8830000162124634,0.9100000262260437,0.8939999938011169,0.8989999890327454,1198445
2022-10-05,0.8989999890327454,0.9190000295639038,0.8960000276565552,0.9089999794960022,1615432
2022-10-09,0.9089999794960022,0.9100000262260437,0.8930000066757202,0.8989999890327454,1038775
2022-10-10,0.8989999890327454,0.9120000004768372,0.8849999904632568,0.8880000114440918,1018029
2022-10-11,0.8880000114440918,0.8999999761581421,0.8640000224113464,0.8650000095367432,998127
2022-10-12,0.8650000095367432,0.8759999871253967,0.8479999899864197,0.8529999852180481,713401
2022-10-13,0.8529999852180481,0.878000020980835,0.8550000190734863,0.8650000095367432,941990
2022-10-16,0.8650000095367432,0.8920000195503235,0.8529999852180481,0.8769999742507935,994069
2022-10-17,0.8769999742507935,0.9169999957084656,0.875,0.9020000100135803,1763730
2022-10-18,0.9020000100135803,0.9380000233650208,0.9020000100135803,0.9179999828338623,1163460
2022-10-19,0.9179999828338623,0.9670000076293945,0.9309999942779541,0.9380000233650208,4733842
2022-10-20,0.9380000233650208,0.949999988079071,0.9240000247955322,0.9259999990463257,1688114
2022-10-23,0.9259999990463257,0.9539999961853027,0.9120000004768372,0.9419999718666077,2674311
2022-10-24,0.9419999718666077,0.9890000224113464,0.949999988079071,0.9629999995231628,4520832
2022-10-25,0.9629999995231628,0.9649999737739563,0.9399999976158142,0.9449999928474426,1947871
2022-10-26,0.9449999928474426,0.9449999928474426,0.9449999928474426,0.9449999928474426,0
2022-10-27,0.9350000023841858,0.9850000143051147,0.9359999895095825,0.9509999752044678,2682049
2022-10-30,0.9509999752044678,0.9779999852180481,0.9150000214576721,0.9169999957084656,1206736
2022-10-31,0.9169999957084656,0.9649999737739563,0.9150000214576721,0.9520000219345093,1147207
2022-11-01,0.9520000219345093,0.9869999885559082,0.9409999847412109,0.9470000267028809,4375366
2022-11-02,0.9470000267028809,0.9599999785423279,0.9139999747276306,0.9210000038146973,1356014
2022-11-03,0.9210000038146973,0.9319999814033508,0.9049999713897705,0.9089999794960022,1063678
2022-11-06,0.9089999794960022,0.9200000166893005,0.9049999713897705,0.9089999794960022,731472
2022-11-07,0.9089999794960022,0.9200000166893005,0.890999972820282,0.8980000019073486,1572680
2022-11-08,0.8980000019073486,0.9259999990463257,0.8899999856948853,0.8930000066757202,1821775
2022-11-09,0.8930000066757202,0.9089999794960022,0.8799999952316284,0.8840000033378601,662226
2022-11-10,0.8840000033378601,0.9039999842643738,0.8799999952316284,0.8989999890327454,1013851
2022-11-13,0.8989999890327454,0.9200000166893005,0.8999999761581421,0.9070000052452087,2148652
2022-11-14,0.9070000052452087,0.921999990940094,0.8809999823570251,0.8920000195503235,2754250
2022-11-15,0.8920000195503235,0.9150000214576721,0.8920000195503235,0.9020000100135803,3315368
2022-11-16,0.9020000100135803,0.9490000009536743,0.9070000052452087,0.9330000281333923,3938058
2022-11-17,0.9330000281333923,0.9539999961853027,0.9300000071525574,0.9359999895095825,3110197
2022-11-20,0.9359999895095825,0.9549999833106995,0.9350000023841858,0.9399999976158142,2250843
2022-11-21,0.9399999976158142,0.949999988079071,0.925000011920929,0.9259999990463257,1244251
2022-11-22,0.9259999990463257,0.9750000238418579,0.9129999876022339,0.9610000252723694,5562242
2022-11-23,0.9610000252723694,0.9769999980926514,0.949999988079071,0.9509999752044678,1582075
2022-11-24,0.9509999752044678,0.9639999866485596,0.9409999847412109,0.9480000138282776,1321160
2022-11-27,0.9480000138282776,0.9660000205039978,0.9100000262260437,0.949999988079071,2712127
2022-11-28,0.949999988079071,1.0,0.9620000123977661,0.9679999947547913,5106350
2022-11-29,0.9679999947547913,1.0290000438690186,0.9750000238418579,0.9940000176429749,7421782
2022-11-30,0.9940000176429749,1.0269999504089355,0.9739999771118164,0.9860000014305115,4143585
2022-12-01,0.9860000014305115,0.9990000128746033,0.9800000190734863,0.984000027179718,2191633
2022-12-04,0.984000027179718,1.0299999713897705,0.9940000176429749,1.0099999904632568,5040286
2022-12-05,1.0099999904632568,1.0360000133514404,0.9900000095367432,0.9950000047683716,3289885
2022-12-06,0.9950000047683716,1.0,0.9760000109672546,0.9819999933242798,3243795
2022-12-07,0.9819999933242798,1.0369999408721924,0.9850000143051147,1.0210000276565552,6399810
2022-12-08,1.0210000276565552,1.0549999475479126,1.0199999809265137,1.0299999713897705,5431297
2022-12-11,1.0299999713897705,1.059999942779541,1.0140000581741333,1.0230000019073486,4427022
2022-12-12,1.0230000019073486,1.0299999713897705,1.0,1.0240000486373901,3041329
2022-12-13,1.0240000486373901,1.059999942779541,1.0199999809265137,1.0460000038146973,12526053
2022-12-14,1.0460000038146973,1.097000002861023,1.0460000038146973,1.0770000219345093,7131142
2022-12-15,1.0770000219345093,1.1490000486373901,1.0720000267028809,1.1009999513626099,7828909
2022-12-18,1.1009999513626099,1.128000020980835,1.0729999542236328,1.0800000429153442,2066765
2022-12-19,1.0800000429153442,1.090999960899353,1.0329999923706055,1.0490000247955322,2342413
2022-12-20,1.0490000247955322,1.0700000524520874,1.0160000324249268,1.0219999551773071,3427699
2022-12-21,1.0219999551773071,1.0260000228881836,0.9929999709129333,1.0019999742507935,3005021
2022-12-22,1.0019999742507935,1.0199999809265137,0.9739999771118164,0.9760000109672546,2653253
2022-12-25,0.9760000109672546,0.9750000238418579,0.9350000023841858,0.9409999847412109,1040278
2022-12-26,0.9409999847412109,0.9639999866485596,0.9340000152587891,0.9610000252723694,1156452
2022-12-27,0.9610000252723694,1.0,0.968999981880188,0.9890000224113464,2357181
2022-12-28,0.9890000224113464,1.0700000524520874,0.9900000095367432,1.0509999990463257,5985238
2022-12-29,1.0509999990463257,1.100000023841858,1.0449999570846558,1.0520000457763672,4722479
2023-01-02,1.0520000457763672,1.0740000009536743,1.0499999523162842,1.0700000524520874,1333176
2023-01-03,1.0700000524520874,1.1330000162124634,1.0800000429153442,1.1130000352859497,4263264
2023-01-04,1.1130000352859497,1.1299999952316284,1.024999976158142,1.0839999914169312,4502555
2023-01-05,1.0839999914169312,1.125,1.0729999542236328,1.0759999752044678,2227894
2023-01-09,1.0759999752044678,1.0750000476837158,1.024999976158142,1.0379999876022339,1964179
2023-01-10,1.0379999876022339,1.0570000410079956,1.0019999742507935,1.0119999647140503,1610418
2023-01-11,1.0119999647140503,1.0420000553131104,0.984000027179718,0.9990000128746033,1368936
2023-01-12,0.9990000128746033,1.0290000438690186,0.9789999723434448,0.9900000095367432,926194
2023-01-15,0.9900000095367432,1.0099999904632568,0.9739999771118164,0.9800000190734863,1210760
2023-01-16,0.9800000190734863,1.024999976158142,0.9800000190734863,1.0099999904632568,1144860
2023-01-17,1.0099999904632568,1.0399999618530273,1.0,1.0190000534057617,2909636
2023-01-18,1.0190000534057617,1.059000015258789,1.0119999647140503,1.0180000066757202,2962095
2023-01-19,1.0180000066757202,1.0889999866485596,1.0199999809265137,1.069000005722046,4992275
2023-01-22,1.069000005722046,1.1469999551773071,1.100000023841858,1.1130000352859497,6716216
2023-01-23,1.1130000352859497,1.1330000162124634,1.0839999914169312,1.0880000591278076,3100833
2023-01-24,1.0880000591278076,1.100000023841858,1.059999942779541,1.0820000171661377,1680775
2023-01-25,1.0820000171661377,1.1100000143051147,1.0850000381469727,1.0989999771118164,1176182
2023-01-29,1.0989999771118164,1.1100000143051147,1.0700000524520874,1.0729999542236328,2037453
2023-01-30,1.0729999542236328,1.0820000171661377,1.0199999809265137,1.0269999504089355,2498504
2023-01-31,1.0269999504089355,1.100000023841858,1.0149999856948853,1.031999945640564,2662990
2023-02-01,1.031999945640564,1.0570000410079956,1.0199999809265137,1.0240000486373901,1084130
2023-02-02,1.0240000486373901,1.0509999990463257,0.9879999756813049,0.9929999709129333,1333778
2023-02-05,0.9929999709129333,1.0010000467300415,0.800000011920929,0.9210000038146973,1623095
2023-02-06,0.9210000038146973,1.0579999685287476,0.8999999761581421,0.9760000109672546,2195227
2023-02-07,0.9760000109672546,1.0,0.9700000286102295,0.9750000238418579,2116857
2023-02-08,0.9750000238418579,0.9789999723434448,0.949999988079071,0.9589999914169312,794770
2023-02-09,0.9589999914169312,0.9789999723434448,0.9549999833106995,0.972000002861023,1234398
2023-02-12,0.972000002861023,0.9990000128746033,0.9700000286102295,0.9710000157356262,1431792
2023-02-13,0.9710000157356262,0.996999979019165,0.9649999737739563,0.9739999771118164,1103265
2023-02-14,0.9739999771118164,0.9990000128746033,0.9800000190734863,0.9860000014305115,375903
2023-02-15,0.9860000014305115,1.0199999809265137,0.9909999966621399,1.0010000467300415,1786990
2023-02-16,1.0010000467300415,1.0119999647140503,0.9890000224113464,0.9980000257492065,1041549
2023-02-19,0.9980000257492065,1.0199999809265137,0.9810000061988831,0.9879999756813049,879741
2023-02-20,0.9879999756813049,1.0049999952316284,0.9399999976158142,0.9670000076293945,608303
2023-02-21,0.9670000076293945,0.9879999756813049,0.9490000009536743,0.9739999771118164,674614
2023-02-22,0.9739999771118164,1.0,0.9520000219345093,0.9580000042915344,887895
2023-02-23,0.9580000042915344,0.9900000095367432,0.9599999785423279,0.968999981880188,797250
2023-02-26,0.968999981880188,0.9860000014305115,0.9549999833106995,0.9729999899864197,1038784
2023-02-27,0.9729999899864197,0.9800000190734863,0.9539999961853027,0.9589999914169312,875470
2023-02-28,0.9589999914169312,0.9660000205039978,0.9440000057220459,0.9570000171661377,1228970
2023-03-01,0.9570000171661377,1.0160000324249268,0.9599999785423279,0.9869999885559082,1631007
2023-03-02,0.9869999885559082,1.0099999904632568,0.9810000061988831,0.9829999804496765,1052328
2023-03-05,0.9829999804496765,1.0,0.972000002861023,0.9800000190734863,1182984
2023-03-06,0.9800000190734863,1.0099999904632568,0.9729999899864197,0.984000027179718,1569499
2023-03-07,0.984000027179718,1.024999976158142,0.972000002861023,0.9869999885559082,3534858
2023-03-08,0.9869999885559082,1.0190000534057617,0.9829999804496765,0.9950000047683716,2035951
2023-03-09,0.9950000047683716,1.0399999618530273,0.9950000047683716,1.0219999551773071,4173064
2023-03-12,1.0219999551773071,1.0379999876022339,0.9929999709129333,1.0099999904632568,3761845
2023-03-13,1.0099999904632568,1.0260000228881836,0.8600000143051147,0.8989999890327454,3248010
2023-03-14,0.8989999890327454,0.9269999861717224,0.8769999742507935,0.9120000004768372,1878490
2023-03-15,0.9120000004768372,0.949999988079071,0.7400000095367432,0.8199999928474426,3436332
2023-03-16,0.8199999928474426,0.8320000171661377,0.7400000095367432,0.7979999780654907,2415288
2023-03-19,0.7979999780654907,0.8199999928474426,0.777999997138977,0.8069999814033508,840919
2023-03-20,0.8069999814033508,0.8339999914169312,0.7900000214576721,0.8220000267028809,1627316
2023-03-21,0.8220000267028809,0.9070000052452087,0.8199999928474426,0.8999999761581421,4366246
2023-03-22,0.8999999761581421,0.9150000214576721,0.8700000047683716,0.8849999904632568,1175337
2023-03-23,0.8849999904632568,0.9200000166893005,0.8569999933242798,0.9129999876022339,1003418
2023-03-26,0.9129999876022339,0.9490000009536743,0.9100000262260437,0.9440000057220459,1672031
2023-03-27,0.9440000057220459,0.9440000057220459,0.8999999761581421,0.9200000166893005,1050823
2023-03-28,0.9200000166893005,0.9269999861717224,0.8870000243186951,0.906000018119812,545504
2023-03-29,0.906000018119812,0.9259999990463257,0.8880000114440918,0.8989999890327454,670000
2023-03-30,0.8989999890327454,0.9100000262260437,0.8629999756813049,0.8920000195503235,544884
2023-04-02,0.8920000195503235,0.9070000052452087,0.8799999952316284,0.8920000195503235,245385
2023-04-03,0.8920000195503235,0.9589999914169312,0.8989999890327454,0.9369999766349792,1375286
2023-04-04,0.9369999766349792,0.9750000238418579,0.9300000071525574,0.9670000076293945,2592373
2023-04-05,0.9670000076293945,0.9800000190734863,0.9440000057220459,0.9490000009536743,1036851
2023-04-06,0.9490000009536743,0.968999981880188,0.9390000104904175,0.9490000009536743,1010271
2023-04-09,0.9490000009536743,0.9649999737739563,0.9399999976158142,0.9470000267028809,1009257
2023-04-10,0.9470000267028809,0.9549999833106995,0.9409999847412109,0.9430000185966492,530445
2023-04-11,0.9430000185966492,0.9589999914169312,0.9409999847412109,0.9470000267028809,424677
2023-04-12,0.9470000267028809,0.9629999995231628,0.9419999718666077,0.9470000267028809,310893
2023-04-13,0.9470000267028809,0.9490000009536743,0.9300000071525574,0.9350000023841858,469797
2023-04-18,0.9350000023841858,0.949999988079071,0.9300000071525574,0.9309999942779541,1400118
2023-04-19,0.9309999942779541,0.9470000267028809,0.9300000071525574,0.9330000281333923,709317
2023-04-26,0.9330000281333923,0.9480000138282776,0.9300000071525574,0.9390000104904175,564934
2023-04-27,0.9390000104904175,0.9769999980926514,0.9459999799728394,0.9710000157356262,1983424
2023-04-30,0.9710000157356262,1.00600004196167,0.9629999995231628,0.9649999737739563,3002890
2023-05-01,0.9649999737739563,0.9649999737739563,0.9649999737739563,0.9649999737739563,0
2023-05-02,0.9340000152587891,0.9399999976158142,0.9210000038146973,0.9390000104904175,990112
2023-05-03,0.9390000104904175,0.9440000057220459,0.925000011920929,0.9340000152587891,499998
2023-05-07,0.9340000152587891,0.9300000071525574,0.9150000214576721,0.9269999861717224,701794
2023-05-08,0.9269999861717224,0.9570000171661377,0.9359999895095825,0.949999988079071,1498488
2023-05-09,0.949999988079071,0.9679999947547913,0.9319999814033508,0.9419999718666077,1512270
2023-05-10,0.9419999718666077,0.9490000009536743,0.9240000247955322,0.9440000057220459,815533
2023-05-11,0.9440000057220459,0.9700000286102295,0.9369999766349792,0.9390000104904175,981997
2023-05-14,0.9390000104904175,0.9449999928474426,0.9300000071525574,0.9359999895095825,499658
2023-05-15,0.9359999895095825,0.9490000009536743,0.9200000166893005,0.925000011920929,809893
2023-05-16,0.925000011920929,0.9319999814033508,0.9150000214576721,0.9179999828338623,1318874
2023-05-17,0.9179999828338623,0.9390000104904175,0.9150000214576721,0.9150000214576721,1388246
2023-05-18,0.9150000214576721,0.9210000038146973,0.9100000262260437,0.9120000004768372,653299
2023-05-21,0.9120000004768372,0.9290000200271606,0.9100000262260437,0.9210000038146973,1038105
2023-05-22,0.9210000038146973,0.9580000042915344,0.9300000071525574,0.9319999814033508,10419526
2023-05-23,0.9319999814033508,0.9629999995231628,0.9340000152587891,0.9580000042915344,2498335
2023-05-24,0.9580000042915344,1.003999948501587,0.9670000076293945,0.9779999852180481,8225358
2023-05-25,0.9779999852180481,0.9869999885559082,0.9629999995231628,0.9670000076293945,2339115
2023-05-28,0.9670000076293945,0.9950000047683716,0.9700000286102295,0.9819999933242798,2998592
2023-05-29,0.9819999933242798,1.024999976158142,0.9959999918937683,1.0110000371932983,7589629
2023-05-30,1.0110000371932983,1.0299999713897705,1.003000020980835,1.0199999809265137,3685249
2023-05-31,1.0199999809265137,1.0299999713897705,0.9700000286102295,0.9900000095367432,2892763
2023-06-01,0.9900000095367432,1.024999976158142,0.9900000095367432,1.0140000581741333,3073177
2023-06-04,1.0140000581741333,1.0260000228881836,1.0019999742507935,1.0099999904632568,1890629
2023-06-05,1.0099999904632568,1.0479999780654907,1.0149999856948853,1.0180000066757202,3323358
2023-06-06,1.0180000066757202,1.024999976158142,1.0,1.0019999742507935,2412816
2023-06-07,1.0019999742507935,1.0140000581741333,0.9819999933242798,0.9959999918937683,4068825
2023-06-08,0.9959999918937683,1.0,0.9800000190734863,0.9810000061988831,1039369
2023-06-11,0.9810000061988831,1.0180000066757202,0.9850000143051147,0.9980000257492065,1228246
2023-06-12,0.9980000257492065,1.0099999904632568,0.9900000095367432,0.9980000257492065,294529
2023-06-13,0.9980000257492065,0.9980000257492065,0.9700000286102295,0.9789999723434448,1322818
2023-06-14,0.9789999723434448,1.0,0.9760000109672546,0.9919999837875366,1595223
2023-06-15,0.9919999837875366,1.0180000066757202,0.9919999837875366,0.9950000047683716,1921110
2023-06-18,0.9950000047683716,1.0130000114440918,0.9929999709129333,1.0010000467300415,750685
2023-06-19,1.0010000467300415,1.0089999437332153,0.9800000190734863,0.9810000061988831,1892540
2023-06-20,0.9810000061988831,0.9890000224113464,0.9750000238418579,0.9750000238418579,1570861
2023-06-21,0.9750000238418579,0.9860000014305115,0.949999988079071,0.9570000171661377,1210033
2023-06-22,0.9570000171661377,0.9700000286102295,0.949999988079071,0.9570000171661377,254130
2023-06-25,0.9570000171661377,0.9599999785423279,0.9399999976158142,0.9509999752044678,607455
2023-06-26,0.9509999752044678,0.9599999785423279,0.9399999976158142,0.9509999752044678,140934
2023-07-04,0.9509999752044678,0.9599999785423279,0.9509999752044678,0.9509999752044678,43218
2023-07-05,0.9509999752044678,0.968999981880188,0.9440000057220459,0.9490000009536743,374212
2023-07-06,0.9490000009536743,0.949999988079071,0.9160000085830688,0.9210000038146973,1131977
2023-07-09,0.9210000038146973,0.9200000166893005,0.8679999709129333,0.8889999985694885,485874
2023-07-10,0.8889999985694885,0.8989999890327454,0.8700000047683716,0.8889999985694885,323000
2023-07-11,0.8889999985694885,0.9599999785423279,0.8989999890327454,0.9150000214576721,552740
2023-07-12,0.9150000214576721,0.9169999957084656,0.890999972820282,0.9010000228881836,414804
2023-07-13,0.9010000228881836,0.906000018119812,0.8939999938011169,0.8989999890327454,573301
2023-07-16,0.8989999890327454,0.9079999923706055,0.8930000066757202,0.8980000019073486,412588
2023-07-17,0.8980000019073486,0.8999999761581421,0.8809999823570251,0.890999972820282,368090
2023-07-18,0.890999972820282,0.8999999761581421,0.8849999904632568,0.8939999938011169,410470
2023-07-19,0.8939999938011169,0.8939999938011169,0.8939999938011169,0.8939999938011169,0
2023-07-24,0.8970000147819519,0.9190000295639038,0.8960000276565552,0.902999997138977,785238
2023-07-25,0.902999997138977,0.902999997138977,0.8849999904632568,0.8930000066757202,470884
2023-07-26,0.8930000066757202,0.8899999856948853,0.7160000205039978,0.8529999852180481,3469438
2023-07-27,0.8529999852180481,0.8949999809265137,0.8550000190734863,0.8859999775886536,2371215
2023-07-30,0.8859999775886536,0.8989999890327454,0.8700000047683716,0.875,1356795
2023-07-31,0.875,0.8820000290870667,0.8619999885559082,0.8790000081062317,624042
2023-08-01,0.8790000081062317,0.8830000162124634,0.8700000047683716,0.878000020980835,840345
2023-08-02,0.878000020980835,0.8889999985694885,0.8560000061988831,0.8600000143051147,1160091
2023-08-03,0.8600000143051147,0.8669999837875366,0.8550000190734863,0.8600000143051147,247697
2023-08-06,0.8600000143051147,0.8700000047683716,0.8550000190734863,0.8690000176429749,373043
2023-08-07,0.8690000176429749,0.8759999871253967,0.8600000143051147,0.8679999709129333,381053
2023-08-08,0.8679999709129333,0.8769999742507935,0.8640000224113464,0.8679999709129333,642049
2023-08-09,0.8679999709129333,0.8849999904632568,0.8560000061988831,0.8769999742507935,772777
2023-08-10,0.8769999742507935,0.8840000033378601,0.8569999933242798,0.8769999742507935,288689
2023-08-13,0.8769999742507935,0.8830000162124634,0.8650000095367432,0.878000020980835,445764
2023-08-14,0.878000020980835,0.8920000195503235,0.8709999918937683,0.8799999952316284,540363
2023-08-15,0.8799999952316284,0.9200000166893005,0.8889999985694885,0.8980000019073486,1695690
2023-08-16,0.8980000019073486,0.9169999957084656,0.8859999775886536,0.890999972820282,1307749
2023-08-17,0.890999972820282,0.8980000019073486,0.8799999952316284,0.890999972820282,206492
2023-08-20,0.890999972820282,0.8949999809265137,0.8799999952316284,0.890999972820282,311693
2023-08-21,0.890999972820282,0.9610000252723694,0.8799999952316284,0.9269999861717224,4648406
2023-08-22,0.9269999861717224,0.949999988079071,0.9169999957084656,0.921999990940094,1822988
2023-08-23,0.921999990940094,0.9350000023841858,0.8960000276565552,0.9049999713897705,1270049
2023-08-24,0.9049999713897705,0.9100000262260437,0.8880000114440918,0.9039999842643738,919619
2023-08-27,0.9039999842643738,0.9300000071525574,0.8960000276565552,0.9129999876022339,1981117
2023-08-28,0.9129999876022339,0.949999988079071,0.9200000166893005,0.9279999732971191,1335686
2023-08-29,0.9279999732971191,0.9350000023841858,0.9200000166893005,0.9290000200271606,1452576
2023-08-30,0.9290000200271606,1.0870000123977661,0.9269999861717224,1.0230000019073486,19524266
2023-08-31,1.0230000019073486,1.0230000019073486,1.0230000019073486,1.0230000019073486,0
2023-09-03,0.9990000128746033,1.024999976158142,0.9800000190734863,0.9829999804496765,5314742
2023-09-04,0.9829999804496765,1.027999997138977,0.9750000238418579,0.996999979019165,9755442
2023-09-05,0.996999979019165,1.0099999904632568,0.9810000061988831,0.9819999933242798,2835473
2023-09-06,0.9819999933242798,1.0099999904632568,0.9539999961853027,0.9610000252723694,3191034
2023-09-07,0.9610000252723694,0.9729999899864197,0.953000009059906,0.9599999785423279,1886132
2023-09-10,0.9599999785423279,0.9599999785423279,0.9599999785423279,0.9599999785423279,0
2023-09-11,0.9559999704360962,0.9629999995231628,0.949999988079071,0.949999988079071,1551641
2023-09-12,0.949999988079071,0.9639999866485596,0.9399999976158142,0.9430000185966492,1687216
2023-09-13,0.9430000185966492,0.9549999833106995,0.9430000185966492,0.9470000267028809,916158
2023-09-14,0.9470000267028809,0.9649999737739563,0.9449999928474426,0.9559999704360962,981150
2023-09-17,0.9559999704360962,0.9869999885559082,0.9449999928474426,0.9700000286102295,1523872
2023-09-18,0.9700000286102295,1.0199999809265137,0.9629999995231628,1.0019999742507935,5745371
2023-09-19,1.0019999742507935,1.027999997138977,0.9950000047683716,0.9990000128746033,4489303
2023-09-20,0.9990000128746033,0.9990000128746033,0.9990000128746033,0.9990000128746033,0
2023-09-21,0.9990000128746033,0.9990000128746033,0.9990000128746033,0.9990000128746033,0
2023-09-24,0.9990000128746033,0.9990000128746033,0.9990000128746033,0.9990000128746033,0
2023-09-25,0.9580000042915344,0.9599999785423279,0.9399999976158142,0.9570000171661377,1866773
2023-09-26,0.9570000171661377,0.9589999914169312,0.9419999718666077,0.949999988079071,379399
2023-09-27,0.949999988079071,0.949999988079071,0.949999988079071,0.949999988079071,0
2023-10-01,0.949999988079071,0.949999988079071,0.949999988079071,0.949999988079071,0
2023-10-02,0.9010000228881836,0.9139999747276306,0.8820000290870667,0.8920000195503235,716564
2023-10-03,0.8920000195503235,0.8949999809265137,0.8629999756813049,0.875,956074
2023-10-04,0.875,0.8870000243186951,0.8399999737739563,0.8759999871253967,941053
2023-10-08,0.8759999871253967,0.8759999871253967,0.8159999847412109,0.8330000042915344,1181913
2023-10-09,0.8330000042915344,0.8600000143051147,0.8220000267028809,0.8299999833106995,1294581
2023-10-10,0.8299999833106995,0.8500000238418579,0.8299999833106995,0.8370000123977661,1167411
2023-10-11,0.8370000123977661,0.8629999756813049,0.8399999737739563,0.8410000205039978,862613
2023-10-12,0.8410000205039978,0.8500000238418579,0.8370000123977661,0.843999981880188,825789
2023-10-15,0.843999981880188,0.8489999771118164,0.8299999833106995,0.8309999704360962,1066160
2023-10-16,0.8309999704360962,0.8399999737739563,0.8199999928474426,0.8320000171661377,815809
2023-10-17,0.8320000171661377,0.8700000047683716,0.8309999704360962,0.8619999885559082,2284598
2023-10-18,0.8619999885559082,0.8640000224113464,0.8399999737739563,0.8460000157356262,1568667
2023-10-19,0.8460000157356262,0.8460000157356262,0.8460000157356262,0.8460000157356262,0
2023-10-22,0.8500000238418579,0.8920000195503235,0.8429999947547913,0.8840000033378601,1350776
2023-10-23,0.8840000033378601,0.9300000071525574,0.8550000190734863,0.9070000052452087,3763100
2023-10-24,0.9070000052452087,0.9139999747276306,0.8730000257492065,0.8840000033378601,881644
2023-10-25,0.8840000033378601,0.9100000262260437,0.8870000243186951,0.8930000066757202,2029738
2023-10-26,0.8930000066757202,0.9369999766349792,0.8859999775886536,0.9160000085830688,2402331
2023-10-29,0.9160000085830688,0.9869999885559082,0.9300000071525574,0.9750000238418579,4906202
2023-10-30,0.9750000238418579,1.0269999504089355,0.9750000238418579,1.0019999742507935,10037783
2023-10-31,1.0019999742507935,1.065000057220459,0.9700000286102295,1.003000020980835,10733771
2023-11-01,1.003000020980835,1.0470000505447388,0.972000002861023,1.0299999713897705,6977542
2023-11-02,1.0299999713897705,1.065000057220459,1.0160000324249268,1.0190000534057617,3963284
2023-11-05,1.0190000534057617,1.0750000476837158,1.024999976158142,1.0570000410079956,6607923
2023-11-06,1.0570000410079956,1.1299999952316284,1.065999984741211,1.1019999980926514,15841612
2023-11-07,1.1019999980926514,1.149999976158142,1.093999981880188,1.1039999723434448,12824287
2023-11-08,1.1039999723434448,1.1349999904632568,1.0779999494552612,1.0800000429153442,8260167
2023-11-09,1.0800000429153442,1.100000023841858,1.055999994277954,1.062999963760376,4950434
2023-11-12,1.062999963760376,1.1399999856948853,1.0470000505447388,1.097000002861023,6277073
2023-11-13,1.097000002861023,1.246999979019165,1.097000002861023,1.2300000190734863,22854827
2023-11-14,1.2300000190734863,1.25,1.187000036239624,1.2350000143051147,10026418
2023-11-15,1.2350000143051147,1.2680000066757202,1.2070000171661377,1.2209999561309814,4364810
2023-11-16,1.2209999561309814,1.2389999628067017,1.180999994277954,1.2120000123977661,3468591
2023-11-19,1.2120000123977661,1.25,1.215000033378601,1.225000023841858,4140986
2023-11-20,1.225000023841858,1.2319999933242798,1.187999963760376,1.194000005722046,3868781
2023-11-21,1.194000005722046,1.218999981880188,1.1820000410079956,1.2020000219345093,1635727
2023-11-22,1.2020000219345093,1.2489999532699585,1.2100000381469727,1.2289999723434448,4453065
2023-11-23,1.2289999723434448,1.2599999904632568,1.2000000476837158,1.2130000591278076,3077555
2023-11-26,1.2130000591278076,1.2979999780654907,1.2209999561309814,1.2669999599456787,7880699
2023-11-27,1.2669999599456787,1.3279999494552612,1.2669999599456787,1.309999942779541,9928246
2023-11-28,1.309999942779541,1.319000005722046,1.2410000562667847,1.2610000371932983,4892337
2023-11-29,1.2610000371932983,1.277999997138977,1.2289999723434448,1.2450000047683716,4067171
2023-11-30,1.2450000047683716,1.2580000162124634,1.2300000190734863,1.2450000047683716,2285450
2023-12-03,1.2450000047683716,1.2589999437332153,1.2209999561309814,1.2259999513626099,2653718
2023-12-04,1.2259999513626099,1.284999966621399,1.2269999980926514,1.2400000095367432,4346202
2023-12-05,1.2400000095367432,1.2699999809265137,1.2319999933242798,1.2400000095367432,4845085
2023-12-06,1.2400000095367432,1.2699999809265137,1.2300000190734863,1.2300000190734863,2591475
2023-12-07,1.2300000190734863,1.2389999628067017,1.0099999904632568,1.1540000438690186,5857152
2023-12-10,1.1540000438690186,1.1790000200271606,1.13100004196167,1.1360000371932983,3475215
2023-12-11,1.1360000371932983,1.1399999856948853,1.1009999513626099,1.1150000095367432,2430673
2023-12-12,1.1150000095367432,1.1419999599456787,1.0700000524520874,1.0859999656677246,2096084
2023-12-13,1.0859999656677246,1.13100004196167,1.090000033378601,1.1180000305175781,1688487
2023-12-14,1.1180000305175781,1.159999966621399,1.1200000047683716,1.156000018119812,3583400
2023-12-17,1.156000018119812,1.190000057220459,1.1619999408721924,1.1729999780654907,2593761
2023-12-18,1.1729999780654907,1.2300000190734863,1.1710000038146973,1.1749999523162842,2604857
2023-12-19,1.1749999523162842,1.2039999961853027,1.1540000438690186,1.1610000133514404,1997402
2023-12-20,1.1610000133514404,1.1699999570846558,1.1319999694824219,1.1390000581741333,1434276
2023-12-21,1.1390000581741333,1.159999966621399,1.090000033378601,1.1130000352859497,1460265
2023-12-24,1.1130000352859497,1.1130000352859497,1.1130000352859497,1.1130000352859497,0
2023-12-25,1.0800000429153442,1.090000033378601,1.059999942779541,1.0800000429153442,831688
2023-12-26,1.0800000429153442,1.1160000562667847,1.0870000123977661,1.0959999561309814,1023750
2023-12-27,1.0959999561309814,1.128999948501587,1.090999960899353,1.1059999465942383,594635
2023-12-28,1.1059999465942383,1.1380000114440918,1.1150000095367432,1.1269999742507935,1062471
2023-12-31,1.1269999742507935,1.1460000276565552,1.121000051498413,1.128999948501587,515956
2024-01-02,1.128999948501587,1.159000039100647,1.125,1.152999997138977,1618716
2024-01-03,1.152999997138977,1.1890000104904175,1.156999945640564,1.1779999732971191,2326887
2024-01-04,1.1779999732971191,1.187999963760376,1.1699999570846558,1.1740000247955322,2112796
2024-01-08,1.1740000247955322,1.4079999923706055,1.1660000085830688,1.4079999923706055,25171131
2024-01-09,1.4079999923706055,1.4049999713897705,1.2799999713897705,1.309000015258789,15938664
2024-01-10,1.309000015258789,1.4199999570846558,1.3140000104904175,1.3600000143051147,18765685
2024-01-11,1.3600000143051147,1.3960000276565552,1.340000033378601,1.347000002861023,11260976
2024-01-14,1.347000002861023,1.6160000562667847,1.3480000495910645,1.6089999675750732,35069960
2024-01-15,1.6089999675750732,1.6130000352859497,1.534999966621399,1.5889999866485596,23712840
2024-01-16,1.5889999866485596,1.8600000143051147,1.5800000429153442,1.7050000429153442,33774089
2024-01-17,1.7050000429153442,1.8270000219345093,1.7100000381469727,1.7359999418258667,8545205
2024-01-18,1.7359999418258667,1.8200000524520874,1.7120000123977661,1.7589999437332153,5601051
2024-01-21,1.7589999437332153,1.8029999732971191,1.684999942779541,1.7000000476837158,5711851
2024-01-22,1.7000000476837158,1.7970000505447388,1.722000002861023,1.7359999418258667,6320350
2024-01-23,1.7359999418258667,1.7799999713897705,1.6699999570846558,1.7039999961853027,3723571
2024-01-24,1.7039999961853027,1.7589999437332153,1.6920000314712524,1.6990000009536743,2862797
2024-01-28,1.6990000009536743,1.7580000162124634,1.7109999656677246,1.7510000467300415,3056515
2024-01-29,1.7510000467300415,1.7879999876022339,1.7109999656677246,1.7289999723434448,2413545
2024-01-30,1.7289999723434448,1.7599999904632568,1.684999942779541,1.7259999513626099,2603317
2024-01-31,1.7259999513626099,1.850000023841858,1.4010000228881836,1.5850000381469727,9182149
2024-02-01,1.5850000381469727,1.6440000534057617,1.4600000381469727,1.621999979019165,4306681
2024-02-04,1.621999979019165,1.7100000381469727,1.63100004196167,1.6480000019073486,6033866
2024-02-05,1.6480000019073486,1.7430000305175781,1.6419999599456787,1.7120000123977661,5759205
2024-02-06,1.7120000123977661,1.8589999675750732,1.7319999933242798,1.809000015258789,19129348
2024-02-07,1.809000015258789,2.109999895095825,1.8389999866485596,2.049999952316284,37113807
2024-02-08,2.049999952316284,2.1500000953674316,2.0320000648498535,2.059000015258789,21668297
2024-02-11,2.059000015258789,2.319999933242798,1.9500000476837158,2.25,32446376
2024-02-12,2.25,2.4700000286102295,2.1500000953674316,2.3499999046325684,28649904
2024-02-13,2.3499999046325684,2.559999942779541,2.3399999141693115,2.440000057220459,23767785
2024-02-14,2.440000057220459,2.4800000190734863,2.3299999237060547,2.359999895095825,11185823
2024-02-15,2.359999895095825,2.4700000286102295,2.2699999809265137,2.299999952316284,11449100
2024-02-18,2.299999952316284,2.299999952316284,2.299999952316284,2.299999952316284,0
2024-02-19,2.2200000286102295,2.369999885559082,2.2100000381469727,2.2899999618530273,8798448
2024-02-20,2.2899999618530273,2.4200000762939453,2.1700000762939453,2.200000047683716,11240717
2024-02-21,2.200000047683716,2.299999952316284,2.0999999046325684,2.0999999046325684,12184380
2024-02-22,2.0999999046325684,2.1600000858306885,2.0799999237060547,2.0999999046325684,7933709
2024-02-25,2.0999999046325684,2.4700000286102295,2.1700000762939453,2.240000009536743,23381248
2024-02-26,2.240000009536743,2.3499999046325684,2.0999999046325684,2.200000047683716,9662392
2024-02-27,2.200000047683716,2.2300000190734863,2.059999942779541,2.0899999141693115,10916439
2024-02-28,2.0899999141693115,2.109999895095825,1.9600000381469727,1.9600000381469727,7431774
2024-02-29,1.9600000381469727,2.0799999237060547,1.8300000429153442,1.9600000381469727,6915001
2024-03-03,1.9600000381469727,2.118000030517578,1.8899999856948853,2.046999931335449,11472299
2024-03-04,2.046999931335449,2.140000104904175,2.052999973297119,2.063999891281128,6547438
2024-03-05,2.063999891281128,2.0989999771118164,1.9889999628067017,2.0209999084472656,4621814
2024-03-06,2.0209999084472656,2.0799999237060547,1.9229999780654907,1.9299999475479126,5009549
2024-03-07,1.9299999475479126,1.9800000190734863,1.8309999704360962,1.899999976158142,3023154
2024-03-10,1.899999976158142,1.9539999961853027,1.899999976158142,1.9240000247955322,3743369
2024-03-11,1.9240000247955322,1.9600000381469727,1.8680000305175781,1.8960000276565552,2898689
2024-03-12,1.8960000276565552,1.899999976158142,1.7730000019073486,1.7799999713897705,2029578
2024-03-13,1.7799999713897705,1.7990000247955322,1.503000020980835,1.6319999694824219,2146125
2024-03-14,1.6319999694824219,1.7000000476837158,1.4620000123977661,1.6349999904632568,10080552
2024-03-17,1.6349999904632568,1.7300000190734863,1.6299999952316284,1.6330000162124634,2335102
2024-03-18,1.6330000162124634,1.6330000162124634,1.440000057220459,1.4429999589920044,1886927
2024-03-19,1.4429999589920044,1.4220000505447388,1.2109999656677246,1.3509999513626099,3864046
2024-03-20,1.3509999513626099,1.440000057220459,1.3609999418258667,1.3899999856948853,2451314
2024-03-21,1.3899999856948853,1.4900000095367432,1.3839999437332153,1.4550000429153442,3025804
2024-03-24,1.4550000429153442,1.5989999771118164,1.4800000190734863,1.5670000314712524,4919122
2024-03-25,1.5670000314712524,1.656999945640564,1.5700000524520874,1.6390000581741333,3270611
2024-03-26,1.6390000581741333,1.659999966621399,1.5809999704360962,1.590000033378601,2447795
2024-03-27,1.590000033378601,1.600000023841858,1.4900000095367432,1.5110000371932983,1599458
2024-03-28,1.5110000371932983,1.5329999923706055,1.4600000381469727,1.4850000143051147,1215021
2024-03-31,1.4850000143051147,1.5,1.3519999980926514,1.3739999532699585,1120920
2024-04-01,1.3739999532699585,1.5,1.38100004196167,1.4919999837875366,1109278
2024-04-02,1.4919999837875366,1.6200000047683716,1.4709999561309814,1.531000018119812,3000064
2024-04-03,1.531000018119812,1.5880000591278076,1.5329999923706055,1.5440000295639038,1295276
2024-04-04,1.5440000295639038,1.61899995803833,1.5210000276565552,1.5290000438690186,3437011
2024-04-07,1.5290000438690186,1.5479999780654907,1.4800000190734863,1.4869999885559082,1467964
2024-04-08,1.4869999885559082,1.5019999742507935,1.4529999494552612,1.496999979019165,1003268
2024-04-15,1.496999979019165,1.5369999408721924,1.475000023841858,1.5210000276565552,2408972
2024-04-16,1.5210000276565552,1.5770000219345093,1.5130000114440918,1.5529999732971191,2811112
2024-04-17,1.5529999732971191,1.7799999713897705,1.63100004196167,1.74399995803833,15044099
2024-04-18,1.74399995803833,1.7970000505447388,1.559999942779541,1.6160000562667847,7190118
2024-04-21,1.6160000562667847,1.6979999542236328,1.628000020980835,1.6640000343322754,13418666
2024-04-22,1.6640000343322754,1.7890000343322754,1.6699999570846558,1.7029999494552612,6952432
2024-04-23,1.7029999494552612,1.7039999961853027,1.5800000429153442,1.590999960899353,2946776
2024-04-24,1.590999960899353,1.590999960899353,1.440000057220459,1.4989999532699585,2137439
2024-04-28,1.4989999532699585,1.4989999532699585,1.4989999532699585,1.4989999532699585,0
2024-04-29,1.3680000305175781,1.4299999475479126,1.350000023841858,1.4220000505447388,2227692
2024-04-30,1.4220000505447388,1.4570000171661377,1.309999942779541,1.319000005722046,2556407
2024-05-02,1.3760000467300415,1.4299999475479126,1.3200000524520874,1.3940000534057617,5136102
2024-05-07,1.3940000534057617,1.409999966621399,1.3700000047683716,1.3839999437332153,1926215
2024-05-08,1.3839999437332153,1.4049999713897705,1.343000054359436,1.3609999418258667,1141550
2024-05-09,1.3609999418258667,1.3619999885559082,1.3240000009536743,1.3489999771118164,1251453
2024-05-12,1.3489999771118164,1.3669999837875366,1.25,1.2640000581741333,1328360
2024-05-13,1.2640000581741333,1.2640000581741333,1.2000000476837158,1.2269999980926514,1136077
2024-05-14,1.2269999980926514,1.3700000047683716,1.2300000190734863,1.3250000476837158,4669941
2024-05-15,1.3250000476837158,1.3600000143051147,1.3040000200271606,1.312999963760376,2196634
2024-05-16,1.312999963760376,1.4600000381469727,1.3029999732971191,1.4509999752044678,6825032
2024-05-19,1.4509999752044678,1.534999966621399,1.430999994277954,1.5080000162124634,5549545
2024-05-20,1.5080000162124634,1.5889999866485596,1.4700000286102295,1.5700000524520874,6940797
2024-05-21,1.5700000524520874,1.6100000143051147,1.559999942779541,1.559999942779541,2554107
2024-05-22,1.559999942779541,1.6779999732971191,1.5399999618530273,1.6510000228881836,8083104
2024-05-23,1.6510000228881836,1.7690000534057617,1.6390000581741333,1.7120000123977661,15172372
2024-05-26,1.7120000123977661,1.7120000123977661,1.7120000123977661,1.7120000123977661,0
2024-05-27,1.7239999771118164,1.75,1.628000020980835,1.6339999437332153,9315112
2024-05-28,1.6339999437332153,1.6890000104904175,1.440999984741211,1.6699999570846558,5148241
2024-05-29,1.6699999570846558,1.6950000524520874,1.6009999513626099,1.6339999437332153,8533165
2024-05-30,1.6339999437332153,1.6399999856948853,1.5759999752044678,1.5839999914169312,2795199
2024-06-02,1.5839999914169312,1.5950000286102295,1.5219999551773071,1.5240000486373901,2740335
2024-06-03,1.5240000486373901,1.5499999523162842,1.5,1.5140000581741333,2703528
2024-06-04,1.5140000581741333,1.5889999866485596,1.5099999904632568,1.524999976158142,4781814
2024-06-05,1.524999976158142,1.565000057220459,1.4600000381469727,1.5,2341146
2024-06-06,1.5,1.5269999504089355,1.4769999980926514,1.5149999856948853,1313687
2024-06-09,1.5149999856948853,1.5199999809265137,1.4199999570846558,1.4299999475479126,1778601
2024-06-10,1.4299999475479126,1.4630000591278076,1.350000023841858,1.437999963760376,1469564
2024-06-11,1.437999963760376,1.4869999885559082,1.4500000476837158,1.4529999494552612,1231346
2024-06-12,1.4529999494552612,1.534000039100647,1.4359999895095825,1.4830000400543213,2813385
2024-06-13,1.4830000400543213,1.5269999504089355,1.4730000495910645,1.4830000400543213,2376383
2024-06-23,1.4830000400543213,1.590000033378601,1.50600004196167,1.555999994277954,3752664
2024-06-24,1.555999994277954,1.6399999856948853,1.5800000429153442,1.597000002861023,6870422
2024-06-25,1.597000002861023,1.687000036239624,1.5820000171661377,1.652999997138977,6027569
2024-06-26,1.652999997138977,1.6729999780654907,1.600000023841858,1.600000023841858,3484791
2024-06-27,1.600000023841858,1.6390000581741333,1.593000054359436,1.6009999513626099,2724468
2024-07-02,1.6100000143051147,1.6150000095367432,1.534000039100647,1.534000039100647,3032307
2024-07-03,1.534000039100647,1.5770000219345093,1.5460000038146973,1.559000015258789,2324885
2024-07-04,1.559000015258789,1.600000023841858,1.5509999990463257,1.559999942779541,3136973
2024-07-07,1.559999942779541,1.597000002861023,1.559999942779541,1.5640000104904175,2116617
2024-07-08,1.5640000104904175,1.6100000143051147,1.5520000457763672,1.5609999895095825,3501339
2024-07-09,1.5609999895095825,1.5829999446868896,1.5499999523162842,1.565999984741211,2162683
2024-07-10,1.565999984741211,1.5800000429153442,1.5369999408721924,1.5509999990463257,2109649
2024-07-14,1.5509999990463257,1.5700000524520874,1.5240000486373901,1.527999997138977,1226856
2024-07-15,1.527999997138977,1.5579999685287476,1.5180000066757202,1.524999976158142,1605712
2024-07-16,1.524999976158142,1.5679999589920044,1.524999976158142,1.5399999618530273,1081966
2024-07-17,1.5399999618530273,1.6399999856948853,1.534000039100647,1.6100000143051147,8545872
2024-07-18,1.6100000143051147,1.6649999618530273,1.6119999885559082,1.6150000095367432,4403612
2024-07-21,1.6150000095367432,1.6859999895095825,1.6150000095367432,1.6369999647140503,2934651
2024-07-22,1.6369999647140503,1.6699999570846558,1.6009999513626099,1.6169999837875366,2008962
2024-07-23,1.6169999837875366,1.6749999523162842,1.6100000143051147,1.6349999904632568,3971391
2024-07-24,1.6349999904632568,1.7400000095367432,1.6549999713897705,1.7359999418258667,12708395
2024-07-28,1.7359999418258667,1.8309999704360962,1.7430000305175781,1.7890000343322754,12086728
2024-07-29,1.7890000343322754,1.8289999961853027,1.7699999809265137,1.7740000486373901,5078132
2024-07-30,1.7740000486373901,1.7719999551773071,1.7120000123977661,1.7359999418258667,3828337
2024-07-31,1.7359999418258667,1.8420000076293945,1.7619999647140503,1.7949999570846558,8555471
2024-08-01,1.7949999570846558,1.8380000591278076,1.7699999809265137,1.7699999809265137,3853106
2024-08-04,1.7699999809265137,1.75,1.600000023841858,1.6100000143051147,6610158
2024-08-05,1.6100000143051147,1.6200000047683716,1.4299999475479126,1.5700000524520874,4998982
2024-08-06,1.5700000524520874,1.649999976158142,1.559999942779541,1.6200000047683716,5841577
2024-08-07,1.6200000047683716,1.659999966621399,1.600000023841858,1.6200000047683716,5649400
2024-08-08,1.6200000047683716,1.6399999856948853,1.5800000429153442,1.590000033378601,2636052
2024-08-11,1.590000033378601,1.690000057220459,1.6100000143051147,1.649999976158142,3248154
2024-08-12,1.649999976158142,1.690000057220459,1.600000023841858,1.6100000143051147,2915988
2024-08-13,1.6100000143051147,1.649999976158142,1.5800000429153442,1.5800000429153442,4141149
2024-08-14,1.5800000429153442,1.6200000047683716,1.5800000429153442,1.590000033378601,1955201
2024-08-15,1.590000033378601,1.6299999952316284,1.5800000429153442,1.6100000143051147,2337066
2024-08-18,1.6100000143051147,1.7899999618530273,1.6100000143051147,1.75,9285523
2024-08-19,1.75,1.7599999904632568,1.6699999570846558,1.6699999570846558,5724200
2024-08-20,1.6699999570846558,1.7300000190734863,1.6699999570846558,1.6799999475479126,2569202
2024-08-21,1.6799999475479126,1.7200000286102295,1.6699999570846558,1.690000057220459,1721673
2024-08-22,1.690000057220459,2.0199999809265137,1.7100000381469727,1.9600000381469727,28739081
2024-08-25,1.9600000381469727,2.069999933242798,1.8899999856948853,1.940000057220459,11745647
2024-08-26,1.940000057220459,1.9800000190734863,1.8899999856948853,1.9299999475479126,4620109
2024-08-27,1.9299999475479126,2.109999895095825,1.9600000381469727,2.049999952316284,12350547
2024-08-28,2.049999952316284,2.200000047683716,2.0899999141693115,2.1600000858306885,14879433
2024-08-29,2.1600000858306885,2.200000047683716,2.0899999141693115,2.109999895095825,4629797
2024-09-01,2.109999895095825,2.140000104904175,2.059999942779541,2.0799999237060547,3031729
2024-09-02,2.0799999237060547,2.2100000381469727,2.069999933242798,2.200000047683716,7413913
2024-09-03,2.200000047683716,2.3299999237060547,2.140000104904175,2.1500000953674316,11776123
2024-09-04,2.1500000953674316,2.180000066757202,2.069999933242798,2.1500000953674316,6764949
2024-09-05,2.1500000953674316,2.259999990463257,2.0999999046325684,2.109999895095825,6301920
2024-09-08,2.109999895095825,2.200000047683716,2.0,2.0999999046325684,4044161
2024-09-09,2.0999999046325684,2.180000066757202,2.0999999046325684,2.119999885559082,2825437
2024-09-10,2.119999885559082,2.1700000762939453,2.069999933242798,2.0799999237060547,1800297
2024-09-11,2.0799999237060547,2.1500000953674316,2.0999999046325684,2.109999895095825,1210964
2024-09-12,2.109999895095825,2.1700000762939453,2.069999933242798,2.109999895095825,3018322
2024-09-16,2.109999895095825,2.1600000858306885,2.0799999237060547,2.0899999141693115,1056635
2024-09-17,2.0899999141693115,2.130000114440918,2.069999933242798,2.0799999237060547,696429
2024-09-18,2.0799999237060547,2.119999885559082,2.069999933242798,2.0799999237060547,1238929
2024-09-19,2.0799999237060547,2.190000057220459,2.0999999046325684,2.0999999046325684,1815601
2024-09-22,2.0999999046325684,2.25,2.119999885559082,2.2300000190734863,4553010
2024-09-23,2.2300000190734863,2.259999990463257,2.1500000953674316,2.1700000762939453,2824211
2024-09-24,2.1500000953674316,2.180000066757202,2.130000114440918,2.140000104904175,834061
2024-09-25,2.130000114440918,2.1700000762939453,2.130000114440918,2.1500000953674316,713460
2024-09-26,2.1500000953674316,2.180000066757202,2.130000114440918,2.140000104904175,834061
2024-09-29,2.140000104904175,2.3499999046325684,2.140000104904175,2.259999990463257,6820828
2024-09-30,2.259999990463257,2.369999885559082,2.25,2.2799999713897705,3391587
2024-10-01,2.2799999713897705,2.4000000953674316,2.2899999618530273,2.309999942779541,1815914
2024-10-02,2.309999942779541,2.309999942779541,2.2100000381469727,2.2200000286102295,1092530
2024-10-03,2.2200000286102295,2.2799999713897705,2.2200000286102295,2.2300000190734863,532015
2024-10-07,2.2300000190734863,2.2799999713897705,2.190000057220459,2.200000047683716,570976
2024-10-08,2.200000047683716,2.2100000381469727,2.119999885559082,2.130000114440918,1110326
2024-10-09,2.130000114440918,2.180000066757202,2.0799999237060547,2.109999895095825,813685
2024-10-10,2.109999895095825,2.1600000858306885,2.0799999237060547,2.0899999141693115,1277958
2024-10-13,2.0899999141693115,2.119999885559082,2.0399999618530273,2.049999952316284,833917
2024-10-14,2.049999952316284,2.1500000953674316,2.049999952316284,2.069999933242798,653326
2024-10-15,2.069999933242798,2.119999885559082,2.059999942779541,2.069999933242798,647968
2024-10-16,2.069999933242798,2.390000104904175,2.0999999046325684,2.299999952316284,5530493
2024-10-17,2.299999952316284,2.3499999046325684,2.2699999809265137,2.2899999618530273,632918
2024-10-20,2.2899999618530273,2.299999952316284,2.200000047683716,2.2100000381469727,603797
2024-10-21,2.2100000381469727,2.2100000381469727,2.109999895095825,2.1600000858306885,763550
2024-10-22,2.1600000858306885,2.299999952316284,2.1600000858306885,2.240000009536743,3798942
2024-10-23,2.240000009536743,2.5399999618530273,2.319999933242798,2.390000104904175,9262926
2024-10-24,2.390000104904175,2.4200000762939453,2.3299999237060547,2.359999895095825,1709027
2024-10-27,2.359999895095825,2.5399999618530273,2.369999885559082,2.430000066757202,4210563
2024-10-28,2.430000066757202,2.619999885559082,2.4100000858306885,2.5799999237060547,4048527
2024-10-29,2.5799999237060547,2.700000047683716,2.5899999141693115,2.619999885559082,2430244
2024-10-30,2.619999885559082,2.6600000858306885,2.5299999713897705,2.5999999046325684,2320371
2024-10-31,2.5999999046325684,2.630000114440918,2.5299999713897705,2.549999952316284,553681
2024-11-03,2.549999952316284,2.6500000953674316,2.5,2.5199999809265137,1351146
2024-11-04,2.5199999809265137,2.5999999046325684,2.430000066757202,2.4800000190734863,972274
2024-11-05,2.4800000190734863,2.5299999713897705,2.430000066757202,2.450000047683716,461584
2024-11-06,2.450000047683716,2.5199999809265137,2.450000047683716,2.4700000286102295,815251
2024-11-07,2.4700000286102295,2.609999895095825,2.440000057220459,2.5299999713897705,2683569
2024-11-10,2.5299999713897705,2.6600000858306885,2.5399999618530273,2.549999952316284,1694949
2024-11-11,2.549999952316284,2.640000104904175,2.549999952316284,2.559999942779541,360153
2024-11-12,2.559999942779541,2.5999999046325684,2.5199999809265137,2.5299999713897705,387061
2024-11-13,2.5299999713897705,2.680000066757202,2.5199999809265137,2.6600000858306885,1998579
2024-11-14,2.6600000858306885,2.930000066757202,2.680000066757202,2.9000000953674316,6809938
2024-11-17,2.9000000953674316,2.940000057220459,2.7899999618530273,2.809999942779541,1061230
2024-11-18,2.809999942779541,3.369999885559082,2.799999952316284,3.369999885559082,16077935
2024-11-19,3.369999885559082,3.5899999141693115,3.2200000286102295,3.440000057220459,7436007
2024-11-20,3.440000057220459,3.490000009536743,3.309999942779541,3.3399999141693115,2509127
2024-11-21,3.3399999141693115,3.890000104904175,3.380000114440918,3.75,5118309
2024-11-24,3.75,4.5,3.75,4.380000114440918,13706001
2024-11-25,4.380000114440918,5.090000152587891,4.25,4.309999942779541,14551684
2024-11-26,4.309999942779541,4.630000114440918,4.090000152587891,4.130000114440918,7652283
2024-11-27,4.130000114440918,4.440000057220459,4.090000152587891,4.179999828338623,5967761
2024-11-28,4.179999828338623,4.349999904632568,4.099999904632568,4.130000114440918,6277877
2024-12-01,4.130000114440918,4.489999771118164,4.099999904632568,4.369999885559082,8163891
2024-12-02,4.369999885559082,4.710000038146973,4.239999771118164,4.320000171661377,10381540
2024-12-03,4.320000171661377,4.400000095367432,4.099999904632568,4.130000114440918,4123432
2024-12-04,4.130000114440918,4.340000152587891,4.150000095367432,4.159999847412109,3016084
2024-12-05,4.159999847412109,4.25,4.050000190734863,4.130000114440918,3062871
2024-12-08,4.130000114440918,4.199999809265137,3.9800000190734863,4.0,2189785
2024-12-09,4.0,4.059999942779541,3.799999952316284,3.8299999237060547,2404117
2024-12-10,3.8299999237060547,4.230000019073486,3.809999942779541,4.070000171661377,5197938
2024-12-11,4.070000171661377,4.239999771118164,4.050000190734863,4.050000190734863,3170182
2024-12-12,4.050000190734863,4.150000095367432,4.0,4.019999980926514,797502
2024-12-15,4.019999980926514,4.119999885559082,3.9600000381469727,4.03000020980835,826171
2024-12-16,4.03000020980835,4.079999923706055,3.9000000953674316,3.9100000858306885,819619
2024-12-17,3.9100000858306885,4.139999866485596,3.9200000762939453,4.0,1871065
2024-12-18,4.0,4.079999923706055,3.9000000953674316,3.9200000762939453,1064180
2024-12-19,3.9200000762939453,3.9700000286102295,3.799999952316284,3.869999885559082,1128563
2024-12-22,3.869999885559082,3.9600000381469727,3.8399999141693115,3.859999895095825,446214
2024-12-23,3.859999895095825,3.9000000953674316,3.5,3.569999933242798,1662681
2024-12-24,3.569999933242798,3.700000047683716,3.5199999809265137,3.5799999237060547,1472389
2024-12-25,3.5799999237060547,3.950000047683716,3.5799999237060547,3.950000047683716,3309841
2024-12-26,3.950000047683716,4.320000171661377,3.9200000762939453,4.25,6688082
2024-12-29,4.25,4.340000152587891,4.039999961853027,4.059999942779541,2545198
2024-12-30,4.059999942779541,4.159999847412109,3.8499999046325684,3.9100000858306885,1963849
2024-12-31,3.9100000858306885,4.340000152587891,3.9000000953674316,4.309999942779541,5893485
2025-01-02,4.309999942779541,4.369999885559082,4.159999847412109,4.159999847412109,3221212
2025-01-05,4.159999847412109,4.329999923706055,4.099999904632568,4.300000190734863,3462413
2025-01-06,4.300000190734863,4.550000190734863,4.260000228881836,4.449999809265137,5792941
2025-01-08,4.449999809265137,4.650000095367432,4.420000076293945,4.510000228881836,3675557
2025-01-09,4.510000228881836,4.659999847412109,4.409999847412109,4.420000076293945,3487607
2025-01-12,4.420000076293945,4.400000095367432,4.199999809265137,4.230000019073486,1569153
2025-01-13,4.230000019073486,4.519999980926514,4.199999809265137,4.210000038146973,7671940
2025-01-14,4.210000038146973,4.300000190734863,4.099999904632568,4.170000076293945,833000
2025-01-15,4.170000076293945,4.440000057220459,4.179999828338623,4.289999961853027,2235934
2025-01-16,4.289999961853027,4.409999847412109,4.309999942779541,4.349999904632568,1059828
2025-01-19,4.289999961853027,4.460000038146973,4.309999942779541,4.400000095367432,2061321
2025-01-20,4.349999904632568,4.409999847412109,4.289999961853027,4.300000190734863,782261
2025-01-21,4.300000190734863,4.369999885559082,4.21999979019165,4.289999961853027,505695
2025-01-22,4.289999961853027,4.320000171661377,4.199999809265137,4.199999809265137,855358
2025-01-23,4.199999809265137,4.25,4.150000095367432,4.170000076293945,357788
2025-01-26,4.170000076293945,4.329999923706055,4.099999904632568,4.190000057220459,690661
2025-01-27,4.190000057220459,4.260000228881836,3.990000009536743,4.039999961853027,444250
2025-01-28,4.039999961853027,4.21999979019165,4.050000190734863,4.110000133514404,665742
2025-01-29,4.110000133514404,4.5,4.110000133514404,4.369999885559082,2365148
2025-01-30,4.369999885559082,4.690000057220459,4.389999866485596,4.570000171661377,2692721
2025-02-02,4.570000171661377,4.78000020980835,4.639999866485596,4.650000095367432,1109702
2025-02-03,4.650000095367432,4.699999809265137,4.46999979019165,4.5,589203
2025-02-04,4.5,5.400000095367432,4.440000057220459,5.389999866485596,5376270
2025-02-05,5.389999866485596,6.0,5.320000171661377,5.679999828338623,5849693
2025-02-06,5.679999828338623,6.110000133514404,5.46999979019165,5.670000076293945,3033839
2025-02-09,5.670000076293945,5.869999885559082,5.599999904632568,5.679999828338623,576756
2025-02-10,5.679999828338623,6.190000057220459,5.610000133514404,5.800000190734863,4857703
2025-02-11,5.800000190734863,6.0,5.559999942779541,5.630000114440918,1559761
2025-02-12,5.630000114440918,5.769999980926514,5.210000038146973,5.579999923706055,586249
2025-02-13,5.579999923706055,5.949999809265137,5.539999961853027,5.860000133514404,645353
2025-02-16,5.860000133514404,6.150000095367432,5.860000133514404,5.880000114440918,962359
2025-02-17,5.880000114440918,6.03000020980835,5.849999904632568,5.900000095367432,814465
2025-02-18,5.900000095367432,6.25,5.900000095367432,6.099999904632568,2110934
2025-02-19,6.099999904632568,6.28000020980835,6.039999961853027,6.050000190734863,1586966
2025-02-20,6.050000190734863,6.170000076293945,5.940000057220459,5.980000019073486,825429
2025-02-23,5.980000019073486,6.079999923706055,5.849999904632568,6.0,410059
2025-02-24,6.0,6.460000038146973,5.989999771118164,6.119999885559082,3155216
2025-02-25,6.119999885559082,6.230000019073486,5.949999809265137,6.010000228881836,808108
2025-02-26,6.010000228881836,6.179999828338623,5.949999809265137,5.989999771118164,633530
2025-02-27,5.989999771118164,6.110000133514404,5.789999961853027,5.820000171661377,684490
2025-03-02,5.820000171661377,5.949999809265137,5.699999809265137,5.800000190734863,1835618
2025-03-03,5.800000190734863,5.880000114440918,5.489999771118164,5.78000020980835,2314699
2025-03-04,5.78000020980835,5.949999809265137,5.599999904632568,5.809999942779541,2294263
2025-03-05,5.809999942779541,5.849999904632568,5.599999904632568,5.619999885559082,1017592
2025-03-06,5.619999885559082,5.980000019073486,5.550000190734863,5.710000038146973,1794422
2025-03-09,5.710000038146973,5.809999942779541,5.619999885559082,5.650000095367432,1552300
2025-03-10,5.650000095367432,5.800000190734863,5.5,5.519999980926514,1983916
2025-03-11,5.519999980926514,5.639999866485596,5.300000190734863,5.309999942779541,739499
2025-03-12,5.309999942779541,5.610000133514404,5.349999904632568,5.360000133514404,2357828
2025-03-13,5.360000133514404,5.489999771118164,5.360000133514404,5.420000076293945,349083
2025-03-16,5.420000076293945,5.510000228881836,5.360000133514404,5.409999847412109,610533
2025-03-17,5.409999847412109,5.75,5.409999847412109,5.53000020980835,1127142
2025-03-18,5.53000020980835,5.650000095367432,5.420000076293945,5.449999809265137,302740
2025-03-19,5.449999809265137,5.590000152587891,5.360000133514404,5.400000095367432,517466
2025-03-20,5.400000095367432,5.429999828338623,5.329999923706055,5.409999847412109,124423
2025-03-23,5.409999847412109,5.409999847412109,5.309999942779541,5.349999904632568,1123386
2025-03-24,5.349999904632568,5.440000057220459,5.090000152587891,5.110000133514404,348663
2025-03-25,5.110000133514404,5.199999809265137,4.849999904632568,4.869999885559082,492759
2025-03-26,4.869999885559082,5.179999828338623,4.75,5.150000095367432,422812
2025-03-27,5.150000095367432,5.179999828338623,5.039999961853027,5.050000190734863,344405
2025-04-03,5.050000190734863,5.400000095367432,5.03000020980835,5.320000171661377,449866
2025-04-06,5.320000171661377,5.179999828338623,4.400000095367432,5.03000020980835,790560
2025-04-07,5.03000020980835,5.139999866485596,4.75,4.980000019073486,1098985
2025-04-08,4.980000019073486,5.139999866485596,5.0,5.079999923706055,433378
2025-04-09,5.079999923706055,5.170000076293945,4.900000095367432,4.940000057220459,869575
2025-04-10,4.940000057220459,5.199999809265137,4.940000057220459,5.03000020980835,570176
2025-04-13,5.03000020980835,5.150000095367432,5.03000020980835,5.050000190734863,215489
2025-04-14,5.050000190734863,5.269999980926514,5.079999923706055,5.159999847412109,1126603
2025-04-15,5.159999847412109,5.21999979019165,5.070000171661377,5.079999923706055,611796
2025-04-16,5.079999923706055,5.159999847412109,4.96999979019165,5.0,409772
2025-04-17,5.0,5.25,5.019999980926514,5.090000152587891,1088350
2025-04-22,5.090000152587891,5.349999904632568,5.150000095367432,5.230000019073486,1030735
2025-04-23,5.230000019073486,5.5,5.130000114440918,5.5,1051715
2025-04-27,5.5,5.659999847412109,5.400000095367432,5.46999979019165,580113
2025-04-28,5.46999979019165,5.46999979019165,5.320000171661377,5.389999866485596,162174
2025-04-29,5.389999866485596,5.440000057220459,5.320000171661377,5.349999904632568,217157
2025-04-30,5.349999904632568,5.429999828338623,5.320000171661377,5.380000114440918,374144
2025-05-04,5.380000114440918,5.590000152587891,5.349999904632568,5.539999961853027,987221
2025-05-05,5.539999961853027,5.769999980926514,5.53000020980835,5.539999961853027,1661129
2025-05-06,5.539999961853027,5.590000152587891,5.409999847412109,5.440000057220459,488559
2025-05-07,5.440000057220459,5.489999771118164,5.300000190734863,5.340000152587891,774899
2025-05-08,5.340000152587891,5.380000114440918,4.900000095367432,5.139999866485596,1596862
2025-05-11,5.139999866485596,5.199999809265137,5.0,5.019999980926514,377257
2025-05-12,5.019999980926514,5.130000114440918,5.0,5.010000228881836,265980
2025-05-13,5.010000228881836,5.150000095367432,5.019999980926514,5.039999961853027,364401
2025-05-14,5.039999961853027,5.070000171661377,4.929999828338623,4.989999771118164,162428
2025-05-15,4.989999771118164,5.099999904632568,4.96999979019165,4.989999771118164,775073
2025-05-18,4.989999771118164,5.010000228881836,4.5,4.769999980926514,782717
2025-05-19,4.769999980926514,4.800000190734863,4.639999866485596,4.710000038146973,395710
2025-05-20,4.710000038146973,4.989999771118164,4.699999809265137,4.900000095367432,663644
2025-05-21,4.900000095367432,4.980000019073486,4.809999942779541,4.900000095367432,247737
2025-05-22,4.900000095367432,4.929999828338623,4.78000020980835,4.800000190734863,444674
2025-05-25,4.800000190734863,5.179999828338623,4.760000228881836,5.039999961853027,1064304
2025-05-26,5.039999961853027,5.210000038146973,5.0,5.019999980926514,2647132
2025-05-27,5.019999980926514,5.139999866485596,5.0,5.010000228881836,841060
2025-05-28,5.010000228881836,5.050000190734863,4.800000190734863,4.829999923706055,1081372
2025-05-29,4.829999923706055,4.889999866485596,4.550000190734863,4.659999847412109,2089060
2025-06-01,4.659999847412109,4.829999923706055,4.670000076293945,4.789999961853027,602017
2025-06-02,4.789999961853027,4.949999809265137,4.75,4.820000171661377,453920
2025-06-03,4.820000171661377,5.019999980926514,4.809999942779541,4.949999809265137,2587778
2025-06-04,4.949999809265137,5.119999885559082,4.960000038146973,5.039999961853027,1165842
2025-06-10,5.039999961853027,5.179999828338623,5.059999942779541,5.079999923706055,693891
2025-06-11,5.079999923706055,5.150000095367432,4.880000114440918,4.909999847412109,891471
2025-06-12,4.909999847412109,4.949999809265137,4.760000228881836,4.789999961853027,441531
2025-06-15,4.789999961853027,4.550000190734863,4.070000171661377,4.389999866485596,281795
2025-06-16,4.389999866485596,4.579999923706055,4.21999979019165,4.260000228881836,877433
2025-06-17,4.260000228881836,4.300000190734863,4.070000171661377,4.119999885559082,749648
2025-06-18,4.119999885559082,4.130000114440918,3.940000057220459,4.019999980926514,297290
2025-06-19,4.019999980926514,4.190000057220459,3.950000047683716,4.03000020980835,365971
2025-06-22,4.03000020980835,4.260000228881836,3.950000047683716,4.190000057220459,1292072
2025-06-23,4.190000057220459,4.489999771118164,4.210000038146973,4.449999809265137,2671691
2025-06-24,4.449999809265137,4.599999904632568,4.449999809265137,4.489999771118164,1053623
2025-06-25,4.489999771118164,4.800000190734863,4.429999828338623,4.800000190734863,1200975
2025-06-29,4.800000190734863,4.849999904632568,4.71999979019165,4.760000228881836,441858
2025-06-30,4.760000228881836,4.760000228881836,4.550000190734863,4.610000133514404,274776
2025-07-01,4.610000133514404,4.650000095367432,4.550000190734863,4.570000171661377,224781
2025-07-02,4.570000171661377,4.650000095367432,4.570000171661377,4.590000152587891,108544
2025-07-06,4.590000152587891,4.650000095367432,4.400000095367432,4.590000152587891,335637
2025-07-07,4.590000152587891,4.630000114440918,4.550000190734863,4.590000152587891,163270
2025-07-09,4.590000152587891,4.599999904632568,4.510000228881836,4.539999961853027,195632
2025-07-10,4.539999961853027,4.599999904632568,4.5,4.579999923706055,476686
2025-07-13,4.579999923706055,4.599999904632568,4.400000095367432,4.420000076293945,518392
2025-07-14,4.420000076293945,4.489999771118164,4.400000095367432,4.420000076293945,150260
2025-07-15,4.420000076293945,4.539999961853027,4.400000095367432,4.420000076293945,156034
2025-07-16,4.420000076293945,4.820000171661377,4.400000095367432,4.71999979019165,1673621
2025-07-17,4.71999979019165,4.989999771118164,4.75,4.880000114440918,1186183
2025-07-20,4.880000114440918,5.0,4.840000152587891,4.889999866485596,839376
2025-07-21,4.889999866485596,4.96999979019165,4.75,4.78000020980835,288138
2025-07-22,4.78000020980835,4.840000152587891,4.71999979019165,4.800000190734863,517805
2025-07-23,4.800000190734863,4.800000190734863,4.800000190734863,4.800000190734863,0
2025-07-27,4.71999979019165,4.96999979019165,4.650000095367432,4.840000152587891,679869
2025-07-28,4.840000152587891,5.179999828338623,4.860000133514404,5.050000190734863,3634659
2025-07-29,5.050000190734863,5.25,5.019999980926514,5.03000020980835,3887127
2025-07-30,5.03000020980835,5.079999923706055,4.699999809265137,4.820000171661377,1198052
2025-07-31,4.820000171661377,4.940000057220459,4.760000228881836,4.849999904632568,627498
2025-08-03,4.849999904632568,4.849999904632568,4.849999904632568,4.849999904632568,0
2025-08-04,4.849999904632568,4.849999904632568,4.849999904632568,4.849999904632568,0
2025-08-05,4.849999904632568,4.849999904632568,4.849999904632568,4.849999904632568,0
2025-08-06,4.849999904632568,4.849999904632568,4.849999904632568,4.849999904632568,0
2025-08-07,4.849999904632568,4.849999904632568,4.849999904632568,4.849999904632568,0
2025-08-10,4.920000076293945,5.099999904632568,4.889999866485596,4.900000095367432,2792671
2025-08-11,4.900000095367432,4.949999809265137,4.789999961853027,4.820000171661377,717985
2025-08-12,4.820000171661377,4.940000057220459,4.800000190734863,4.820000171661377,684682
2025-08-13,4.820000171661377,4.929999828338623,4.820000171661377,4.869999885559082,531026
2025-08-14,4.869999885559082,4.920000076293945,4.800000190734863,4.869999885559082,476550
2025-08-17,4.869999885559082,4.949999809265137,4.800000190734863,4.929999828338623,874351
2025-08-18,4.929999828338623,4.980000019073486,4.820000171661377,4.880000114440918,699958
2025-08-19,4.880000114440918,4.900000095367432,4.800000190734863,4.809999942779541,637631
2025-08-20,4.809999942779541,4.860000133514404,4.599999904632568,4.659999847412109,1236297
2025-08-21,4.659999847412109,4.860000133514404,4.659999847412109,4.789999961853027,1208298
2025-08-24,4.789999961853027,4.829999923706055,4.699999809265137,4.75,1085896
2025-08-25,4.75,4.800000190734863,4.650000095367432,4.659999847412109,690458
2025-08-26,4.659999847412109,4.679999828338623,4.579999923706055,4.610000133514404,660812
2025-08-27,4.610000133514404,4.679999828338623,4.599999904632568,4.650000095367432,221398
2025-08-28,4.650000095367432,4.739999771118164,4.639999866485596,4.690000057220459,232795
2025-08-31,4.690000057220459,4.71999979019165,4.559999942779541,4.579999923706055,406862
2025-09-01,4.579999923706055,4.75,4.5,4.679999828338623,480277
2025-09-02,4.679999828338623,4.900000095367432,4.650000095367432,4.900000095367432,1700957
2025-09-03,4.900000095367432,5.0,4.75,4.760000228881836,1243864
2025-09-07,4.760000228881836,4.869999885559082,4.710000038146973,4.789999961853027,553506
2025-09-08,4.789999961853027,4.869999885559082,4.75,4.760000228881836,421282
2025-09-09,4.760000228881836,4.800000190734863,4.659999847412109,4.690000057220459,540812
2025-09-10,4.690000057220459,4.760000228881836,4.650000095367432,4.679999828338623,300422
2025-09-11,4.679999828338623,4.71999979019165,4.650000095367432,4.690000057220459,99100
2025-09-14,4.690000057220459,4.940000057220459,4.599999904632568,4.869999885559082,940990
2025-09-15,4.869999885559082,4.940000057220459,4.769999980926514,4.789999961853027,857727
2025-09-16,4.789999961853027,4.789999961853027,4.510000228881836,4.590000152587891,293582
2025-09-17,4.590000152587891,4.659999847412109,4.53000020980835,4.639999866485596,186036
2025-09-18,4.639999866485596,4.679999828338623,4.329999923706055,4.480000019073486,551006
2025-09-21,4.480000019073486,4.53000020980835,4.400000095367432,4.420000076293945,385275
2025-09-22,4.420000076293945,4.570000171661377,4.420000076293945,4.539999961853027,258977
2025-09-23,4.539999961853027,4.559999942779541,4.5,4.519999980926514,112064
2025-09-24,4.519999980926514,4.550000190734863,4.449999809265137,4.480000019073486,157324
2025-09-25,4.480000019073486,4.849999904632568,4.449999809265137,4.570000171661377,908983
2025-09-28,4.570000171661377,4.75,4.619999885559082,4.670000076293945,385005
2025-09-29,4.670000076293945,4.71999979019165,4.599999904632568,4.639999866485596,141013
2025-09-30,4.639999866485596,4.699999809265137,4.539999961853027,4.570000171661377,608190
2025-10-01,4.570000171661377,4.650000095367432,4.550000190734863,4.610000133514404,203730
2025-10-02,4.610000133514404,4.659999847412109,4.539999961853027,4.579999923706055,397859
2025-10-05,4.579999923706055,4.659999847412109,4.550000190734863,4.610000133514404,179544
2025-10-06,4.610000133514404,4.690000057220459,4.559999942779541,4.679999828338623,705268
2025-10-07,4.679999828338623,4.829999923706055,4.659999847412109,4.670000076293945,842538
2025-10-08,4.670000076293945,4.75,4.550000190734863,4.559999942779541,584189
2025-10-12,4.559999942779541,4.639999866485596,4.53000020980835,4.579999923706055,416502
2025-10-13,4.579999923706055,4.809999942779541,4.539999961853027,4.800000190734863,3750094
2025-10-14,4.800000190734863,4.889999866485596,4.75,4.75,1668894
2025-10-15,4.75,4.800000190734863,4.679999828338623,4.71999979019165,500542
2025-10-16,4.71999979019165,4.880000114440918,4.710000038146973,4.730000019073486,684523
2025-10-19,4.730000019073486,4.840000152587891,4.71999979019165,4.809999942779541,588070
2025-10-20,4.809999942779541,5.019999980926514,4.809999942779541,4.889999866485596,4341076
2025-10-21,4.889999866485596,4.940000057220459,4.800000190734863,4.829999923706055,1604024
2025-10-22,4.829999923706055,5.0,4.760000228881836,4.920000076293945,1443437
2025-10-23,4.920000076293945,5.139999866485596,4.929999828338623,5.099999904632568,4318935
2025-10-26,5.099999904632568,5.630000114440918,5.239999771118164,5.440000057220459,20366900
2025-10-27,5.440000057220459,5.579999923706055,5.269999980926514,5.309999942779541,5716763
2025-10-28,5.309999942779541,5.380000114440918,5.170000076293945,5.210000038146973,2622431
2025-10-29,5.210000038146973,5.389999866485596,5.210000038146973,5.21999979019165,2353432
2025-10-30,5.21999979019165,5.360000133514404,5.150000095367432,5.170000076293945,2517724
2025-11-02,5.170000076293945,5.269999980926514,5.119999885559082,5.190000057220459,1492179
2025-11-03,5.190000057220459,5.329999923706055,5.179999828338623,5.21999979019165,2777898
2025-11-04,5.21999979019165,5.289999961853027,5.159999847412109,5.230000019073486,1118336
2025-11-05,5.230000019073486,5.269999980926514,5.0,5.070000171661377,1830850
2025-11-06,5.070000171661377,5.159999847412109,5.059999942779541,5.070000171661377,813207
2025-11-09,5.070000171661377,5.130000114440918,5.019999980926514,5.059999942779541,692670
2025-11-10,5.059999942779541,5.070000171661377,4.880000114440918,4.909999847412109,1194549
2025-11-11,4.909999847412109,4.949999809265137,4.75,4.820000171661377,1721617
2025-11-12,4.820000171661377,4.980000019073486,4.800000190734863,4.840000152587891,754247
2025-11-13,4.840000152587891,4.909999847412109,4.800000190734863,4.809999942779541,648683
2025-11-16,4.809999942779541,4.940000057220459,4.800000190734863,4.849999904632568,823776
2025-11-17,4.849999904632568,5.050000190734863,4.849999904632568,4.900000095367432,1209085
2025-11-18,4.900000095367432,5.050000190734863,4.829999923706055,4.849999904632568,1013603
2025-11-19,4.849999904632568,4.889999866485596,4.800000190734863,4.829999923706055,507595
2025-11-20,4.829999923706055,4.889999866485596,4.809999942779541,4.809999942779541,569017
2025-11-23,4.809999942779541,4.869999885559082,4.71999979019165,4.75,613716
2025-11-24,4.75,4.78000020980835,4.650000095367432,4.760000228881836,550514
2025-11-25,4.760000228881836,4.800000190734863,4.670000076293945,4.690000057220459,715449
2025-11-26,4.690000057220459,4.75,4.650000095367432,4.699999809265137,265564
2025-11-27,4.699999809265137,4.75,4.659999847412109,4.75,307603
2025-11-30,4.75,4.789999961853027,4.699999809265137,4.71999979019165,351078
2025-12-01,4.71999979019165,4.769999980926514,4.630000114440918,4.650000095367432,284979
2025-12-02,4.650000095367432,4.980000019073486,4.659999847412109,4.949999809265137,19243525
2025-12-03,4.949999809265137,4.96999979019165,4.840000152587891,4.860000133514404,723878
2025-12-04,4.860000133514404,4.929999828338623,4.809999942779541,4.840000152587891,2933457
2025-12-07,4.840000152587891,5.099999904632568,4.840000152587891,5.03000020980835,1069196
2025-12-08,5.03000020980835,5.090000152587891,4.869999885559082,4.880000114440918,629897
2025-12-09,4.880000114440918,4.989999771118164,4.889999866485596,4.960000038146973,6608072
2025-12-10,4.960000038146973,5.130000114440918,4.940000057220459,4.949999809265137,828883
2025-12-11,4.949999809265137,5.0,4.909999847412109,4.940000057220459,228403
2025-12-14,4.940000057220459,4.949999809265137,4.860000133514404,4.900000095367432,261023
2025-12-15,4.900000095367432,5.03000020980835,4.860000133514404,4.929999828338623,1249898
2025-12-16,4.929999828338623,5.0,4.860000133514404,4.880000114440918,976553
2025-12-17,4.880000114440918,4.909999847412109,4.769999980926514,4.789999961853027,866918
2025-12-18,4.789999961853027,4.849999904632568,4.739999771118164,4.829999923706055,255664
2025-12-21,4.829999923706055,4.849999904632568,4.760000228881836,4.809999942779541,521199
2025-12-22,4.809999942779541,4.889999866485596,4.769999980926514,4.769999980926514,666460
2025-12-23,4.769999980926514,4.940000057220459,4.769999980926514,4.909999847412109,583438
2025-12-24,4.909999847412109,5.0,4.869999885559082,4.869999885559082,1259500
2025-12-25,4.869999885559082,4.920000076293945,4.829999923706055,4.909999847412109,445852
2025-12-28,4.909999847412109,4.920000076293945,4.840000152587891,4.860000133514404,397989
2025-12-29,4.860000133514404,4.889999866485596,4.789999961853027,4.840000152587891,768010
2025-12-30,4.840000152587891,4.880000114440918,4.809999942779541,4.869999885559082,426881
2025-12-31,4.869999885559082,4.849999904632568,4.78000020980835,4.789999961853027,366508
2026-01-04,4.789999961853027,4.849999904632568,4.739999771118164,4.829999923706055,515043
2026-01-05,4.829999923706055,4.849999904632568,4.739999771118164,4.769999980926514,542958
2026-01-06,4.769999980926514,4.820000171661377,4.699999809265137,4.769999980926514,230589
2026-01-08,4.769999980926514,4.800000190734863,4.75,4.769999980926514,265119
2026-01-11,4.769999980926514,4.800000190734863,4.739999771118164,4.760000228881836,197388
2026-01-12,4.760000228881836,4.789999961853027,4.659999847412109,4.71999979019165,202104
2026-01-13,4.71999979019165,4.75,4.659999847412109,4.690000057220459,219077
2026-01-14,4.690000057220459,4.690000057220459,4.480000019073486,4.519999980926514,453095
2026-01-15,4.519999980926514,4.550000190734863,4.340000152587891,4.440000057220459,232557
2026-01-18,4.440000057220459,4.579999923706055,4.400000095367432,4.449999809265137,669558
2026-01-19,4.449999809265137,4.519999980926514,4.440000057220459,4.480000019073486,211855
2026-01-20,4.480000019073486,4.739999771118164,4.449999809265137,4.679999828338623,858858
2026-01-21,4.679999828338623,4.699999809265137,4.610000133514404,4.659999847412109,266346
2026-01-22,4.659999847412109,4.739999771118164,4.630000114440918,4.670000076293945,205100
2026-01-25,4.670000076293945,4.75,4.610000133514404,4.730000019073486,476746
2026-01-26,4.730000019073486,4.769999980926514,4.619999885559082,4.650000095367432,309372
2026-01-27,4.650000095367432,4.690000057220459,4.400000095367432,4.429999828338623,1053594
2026-01-28,4.429999828338623,4.590000152587891,4.400000095367432,4.460000038146973,2416172
2026-02-01,4.460000038146973,4.550000190734863,4.420000076293945,4.489999771118164,190055
2026-02-02,4.489999771118164,4.519999980926514,4.050000190734863,4.329999923706055,2872766
2026-02-03,4.329999923706055,4.449999809265137,4.309999942779541,4.380000114440918,718512
2026-02-04,4.380000114440918,4.440000057220459,4.349999904632568,4.420000076293945,757474
2026-02-05,4.420000076293945,4.659999847412109,4.320000171661377,4.440000057220459,1760186
2026-02-08,4.440000057220459,4.539999961853027,4.449999809265137,4.489999771118164,319232
2026-02-09,4.489999771118164,4.619999885559082,4.46999979019165,4.539999961853027,1142657
2026-02-10,4.539999961853027,4.570000171661377,4.5,4.519999980926514,166464
2026-02-11,4.519999980926514,4.559999942779541,4.449999809265137,4.5,395853
2026-02-12,4.5,4.630000114440918,4.409999847412109,4.559999942779541,689610
2026-02-15,4.559999942779541,4.610000133514404,4.519999980926514,4.579999923706055,371096
2026-02-16,4.579999923706055,4.579999923706055,4.46999979019165,4.489999771118164,288586
2026-02-17,4.489999771118164,4.550000190734863,4.46999979019165,4.519999980926514,228798
2026-02-18,4.519999980926514,4.550000190734863,4.5,4.510000228881836,445925
2026-02-19,4.510000228881836,4.5,4.360000133514404,4.400000095367432,329523
2026-02-22,4.400000095367432,4.449999809265137,4.340000152587891,4.400000095367432,2173920
2026-02-23,4.400000095367432,4.400000095367432,4.349999904632568,4.349999904632568,131554
2026-02-24,4.349999904632568,4.400000095367432,4.289999961853027,4.309999942779541,211537
2026-02-25,4.309999942779541,4.389999866485596,4.159999847412109,4.170000076293945,1097469
2026-02-26,4.170000076293945,4.190000057220459,4.139999866485596,4.150000095367432,192307
2026-03-01,4.150000095367432,4.150000095367432,4.050000190734863,4.139999866485596,488371
2026-03-02,4.139999866485596,4.329999923706055,4.110000133514404,4.21999979019165,275960
2026-03-03,4.21999979019165,4.21999979019165,4.099999904632568,4.199999809265137,362114
2026-03-04,4.199999809265137,4.340000152587891,4.130000114440918,4.320000171661377,286002
2026-03-05,4.320000171661377,4.760000228881836,4.269999980926514,4.690000057220459,1932845
2026-03-08,4.690000057220459,4.739999771118164,4.519999980926514,4.599999904632568,2353540
2026-03-09,4.599999904632568,4.699999809265137,4.519999980926514,4.559999942779541,128074
2026-03-10,4.559999942779541,4.650000095367432,4.519999980926514,4.579999923706055,127939
2026-03-11,4.579999923706055,4.730000019073486,4.559999942779541,4.579999923706055,180124
2026-03-12,4.579999923706055,4.690000057220459,4.559999942779541,4.599999904632568,129170
2026-03-15,4.599999904632568,4.860000133514404,4.460000038146973,4.710000038146973,759991
2026-03-16,4.710000038146973,4.789999961853027,4.639999866485596,4.659999847412109,158680
2026-03-17,4.659999847412109,4.75,4.519999980926514,4.679999828338623,187874
2026-03-18,4.679999828338623,4.75,4.539999961853027,4.610000133514404,78062
2026-03-19,4.610000133514404,4.610000133514404,4.610000133514404,4.610000133514404,0
2026-03-24,4.610000133514404,4.71999979019165,4.599999904632568,4.659999847412109,87971
2026-03-25,4.659999847412109,4.860000133514404,4.619999885559082,4.820000171661377,795297
2026-03-26,4.820000171661377,5.0,4.699999809265137,5.0,2081857
2026-03-29,5.0,5.039999961853027,4.099999904632568,5.0,759951
2026-03-30,5.0,5.239999771118164,4.900000095367432,5.179999828338623,4668697
2026-03-31,5.179999828338623,5.409999847412109,5.059999942779541,5.260000228881836,4108321
2026-04-01,5.260000228881836,5.349999904632568,5.159999847412109,5.28000020980835,1072422
2026-04-02,5.28000020980835,5.289999961853027,5.159999847412109,5.170000076293945,656389
2026-04-05,5.170000076293945,5.269999980926514,5.099999904632568,5.179999828338623,508910
2026-04-06,5.179999828338623,5.269999980926514,5.139999866485596,5.230000019073486,617472
2026-04-07,5.230000019073486,5.349999904632568,5.179999828338623,5.179999828338623,597275
2026-04-08,5.179999828338623,5.460000038146973,5.21999979019165,5.400000095367432,1570714
2026-04-09,5.400000095367432,5.449999809265137,5.309999942779541,5.389999866485596,705790
2026-04-14,5.389999866485596,5.699999809265137,5.389999866485596,5.670000076293945,4216664
2026-04-15,5.670000076293945,5.840000152587891,5.550000190734863,5.769999980926514,3246689
2026-04-16,5.769999980926514,5.920000076293945,5.75,5.840000152587891,2799514
2026-04-19,5.840000152587891,6.269999980926514,5.800000190734863,6.03000020980835,2918807
2026-04-20,6.03000020980835,6.179999828338623,5.800000190734863,6.050000190734863,3317119
2026-04-21,6.050000190734863,6.179999828338623,5.849999904632568,5.880000114440918,2120934
2026-04-22,5.880000114440918,5.929999828338623,5.800000190734863,5.849999904632568,740427
2026-04-23,5.849999904632568,5.949999809265137,5.710000038146973,5.820000171661377,1413375
2026-04-26,5.820000171661377,5.920000076293945,5.699999809265137,5.769999980926514,1258124
2026-04-27,5.769999980926514,5.800000190734863,5.699999809265137,5.75,394262
2026-04-28,5.75,5.849999904632568,5.699999809265137,5.75,546142
2026-04-29,5.75,6.050000190734863,5.699999809265137,5.840000152587891,3723961
2026-04-30,5.840000152587891,5.909999847412109,5.78000020980835,5.78000020980835,867247
2026-05-03,5.78000020980835,5.880000114440918,5.619999885559082,5.75,845457
2026-05-04,5.75,5.900000095367432,5.71999979019165,5.829999923706055,2614503
2026-05-05,5.829999923706055,5.949999809265137,5.75,5.829999923706055,817151
2026-05-06,5.829999923706055,5.960000038146973,5.809999942779541,5.840000152587891,324199
2026-05-10,5.840000152587891,5.869999885559082,5.78000020980835,5.789999961853027,268213
2026-05-11,5.789999961853027,5.849999904632568,5.760000228881836,5.849999904632568,496067
2026-05-12,5.849999904632568,5.96999979019165,5.800000190734863,5.940000057220459,620694
2026-05-13,5.940000057220459,6.0,5.880000114440918,5.889999866485596,584634
2026-05-14,5.889999866485596,6.230000019073486,5.829999923706055,6.010000228881836,1913704
2026-05-17,6.010000228881836,6.449999809265137,5.909999847412109,5.96999979019165,1800453
2026-05-18,5.96999979019165,6.230000019073486,5.980000019073486,6.099999904632568,2392208
2026-05-19,6.099999904632568,6.800000190734863,6.119999885559082,6.679999828338623,6536506
2026-05-20,6.679999828338623,6.769999980926514,6.309999942779541,6.369999885559082,1694929
2026-05-21,6.369999885559082,6.5,6.150000095367432,6.170000076293945,639765
2026-05-24,6.170000076293945,6.699999809265137,6.210000038146973,6.460000038146973,1956885
2026-05-25,6.460000038146973,6.590000152587891,6.349999904632568,6.369999885559082,712153
2026-05-26,6.369999885559082,6.369999885559082,6.369999885559082,6.369999885559082,0
2026-05-27,6.369999885559082,6.369999885559082,6.369999885559082,6.369999885559082,0
2026-05-28,6.369999885559082,6.369999885559082,6.369999885559082,6.369999885559082,0
2026-06-01,6.369999885559082,6.519999980926514,6.21999979019165,6.360000133514404,771502
2026-06-02,6.360000133514404,7.579999923706055,6.320000171661377,7.289999961853027,9242688
2026-06-03,7.289999961853027,7.75,7.03000020980835,7.050000190734863,11606041
2026-06-04,7.050000190734863,7.210000038146973,7.010000228881836,7.090000152587891,2312323
2026-06-07,7.090000152587891,7.159999847412109,6.5,6.699999809265137,1792344
2026-06-08,6.699999809265137,7.0,6.619999885559082,6.739999771118164,1348404
2026-06-09,6.739999771118164,6.940000057220459,6.659999847412109,6.769999980926514,502028
2026-06-10,6.769999980926514,7.139999866485596,6.710000038146973,6.809999942779541,1974775
2026-06-11,6.809999942779541,6.889999866485596,6.610000133514404,6.639999866485596,619371
2026-06-14,6.639999866485596,6.980000019073486,6.409999847412109,6.690000057220459,1615896
2026-06-15,6.690000057220459,6.860000133514404,6.599999904632568,6.730000019073486,1042198
2026-06-16,6.730000019073486,6.809999942779541,6.659999847412109,6.699999809265137,279631
2026-06-17,6.699999809265137,6.699999809265137,6.699999809265137,6.699999809265137,0
2026-06-18,6.699999809265137,6.699999809265137,6.699999809265137,6.699999809265137,0
2026-06-21,6.869999885559082,7.010000228881836,6.769999980926514,6.800000190734863,742585
2026-06-22,6.800000190734863,6.800000190734863,6.800000190734863,6.800000190734863,0
2026-06-23,6.710000038146973,6.880000114440918,6.659999847412109,6.670000076293945,383262
2026-06-24,6.670000076293945,6.869999885559082,6.679999828338623,6.710000038146973,171620
2026-06-25,6.710000038146973,6.840000152587891,6.659999847412109,6.690000057220459,123581
2026-06-28,6.690000057220459,6.78000020980835,6.590000152587891,6.599999904632568,293971
2026-06-29,6.599999904632568,6.880000114440918,6.610000133514404,6.820000171661377,426196
2026-06-30,6.820000171661377,6.940000057220459,6.71999979019165,6.829999923706055,382510
2026-07-01,6.829999923706055,7.03000020980835,6.739999771118164,6.889999866485596,1007732
2026-07-05,6.889999866485596,6.96999979019165,6.840000152587891,6.889999866485596,1230273
2026-07-06,6.889999866485596,7.590000152587891,6.889999866485596,7.590000152587891,4919258
2026-07-07,7.590000152587891,7.46999979019165,7.070000171661377,7.090000152587891,3714476
2026-07-08,7.090000152587891,7.130000114440918,7.0,7.050000190734863,1560030
2026-07-09,7.050000190734863,7.190000057220459,7.0,7.090000152587891,407681
2026-07-12,7.090000152587891,7.260000228881836,7.050000190734863,7.099999904632568,1187793
2026-07-13,7.099999904632568,7.190000057220459,7.0,7.010000228881836,690321
2026-07-14,7.010000228881836,7.099999904632568,7.0,7.010000228881836,259084
2026-07-15,7.010000228881836,7.099999904632568,7.010000228881836,7.050000190734863,152792
2026-07-16,7.050000190734863,7.199999809265137,7.050000190734863,7.099999904632568,1662604
2026-07-19,7.099999904632568,7.28000020980835,7.099999904632568,7.130000114440918,891320
2026-07-20,7.130000114440918,7.21999979019165,7.050000190734863,7.070000171661377,615516
2026-07-21,7.070000171661377,7.199999809265137,7.070000171661377,7.079999923706055,987800
2026-07-22,7.079999923706055,7.159999847412109,7.0,7.010000228881836,290893
2026-07-26,7.010000228881836,7.130000114440918,6.949999809265137,6.980000019073486,440287
2026-07-27,6.980000019073486,7.119999885559082,6.920000076293945,7.110000133514404,521742
2026-07-28,7.110000133514404,7.230000019073486,7.090000152587891,7.130000114440918,607619
2026-07-29,7.130000114440918,7.199999809265137,7.0,7.010000228881836,205559
2026-07-30,7.010000228881836,7.079999923706055,6.860000133514404,6.920000076293945,112902
2026-08-02,6.920000076293945,7.050000190734863,6.920000076293945,7.0,142476
2026-08-03,7.0,7.099999904632568,6.96999979019165,6.989999771118164,406643
2026-08-04,6.989999771118164,7.079999923706055,6.829999923706055,6.900000095367432,733219
2026-08-05,6.900000095367432,6.980000019073486,6.900000095367432,6.929999828338623,75386
2026-08-06,6.929999828338623,6.929999828338623,6.849999904632568,6.920000076293945,279737
