date,open,high,low,close,volume
2022-01-02,2.680000066757202,2.75,2.6500000953674316,2.680000066757202,737784
2022-01-03,2.680000066757202,2.700000047683716,2.6600000858306885,2.6700000762939453,538103
2022-01-04,2.6700000762939453,2.7799999713897705,2.6700000762939453,2.7100000381469727,1494094
2022-01-05,2.7100000381469727,2.799999952316284,2.700000047683716,2.75,936294
2022-01-09,2.75,2.75,2.75,2.75,0
2022-01-10,2.700000047683716,2.759999990463257,2.690000057220459,2.7200000286102295,438405
2022-01-11,2.7200000286102295,2.740000009536743,2.6700000762939453,2.7100000381469727,1142280
2022-01-12,2.7100000381469727,2.75,2.6600000858306885,2.690000057220459,971036
2022-01-13,2.690000057220459,2.7200000286102295,2.630000114440918,2.640000104904175,683105
2022-01-16,2.640000104904175,2.6700000762939453,2.5299999713897705,2.5799999237060547,655865
2022-01-17,2.5799999237060547,2.609999895095825,2.5399999618530273,2.559999942779541,341155
2022-01-18,2.559999942779541,2.619999885559082,2.559999942779541,2.569999933242798,585350
2022-01-19,2.569999933242798,2.619999885559082,2.5399999618530273,2.549999952316284,260877
2022-01-20,2.549999952316284,2.569999933242798,2.5199999809265137,2.5399999618530273,263706
2022-01-23,2.5399999618530273,2.5199999809265137,2.450000047683716,2.4600000381469727,312536
2022-01-24,2.4600000381469727,2.5,2.4200000762939453,2.450000047683716,204001
2022-01-25,2.450000047683716,2.4700000286102295,2.4000000953674316,2.430000066757202,347784
2022-01-26,2.430000066757202,2.569999933242798,2.4100000858306885,2.490000009536743,280509
2022-01-30,2.490000009536743,2.5199999809265137,2.4100000858306885,2.430000066757202,567653
2022-01-31,2.430000066757202,2.4600000381469727,2.430000066757202,2.440000057220459,218380
2022-02-01,2.440000057220459,2.5,2.450000047683716,2.5,866822
2022-02-02,2.5,2.5399999618530273,2.4800000190734863,2.490000009536743,571883
2022-02-03,2.490000009536743,2.5299999713897705,2.450000047683716,2.4700000286102295,644301
2022-02-06,2.4700000286102295,2.5,2.440000057220459,2.4700000286102295,1245500
2022-02-07,2.4700000286102295,2.5,2.440000057220459,2.450000047683716,876794
2022-02-08,2.450000047683716,2.4800000190734863,2.430000066757202,2.440000057220459,266831
2022-02-09,2.440000057220459,2.549999952316284,2.450000047683716,2.4700000286102295,754342
2022-02-10,2.4700000286102295,2.4800000190734863,2.369999885559082,2.4000000953674316,1272510
2022-02-13,2.4000000953674316,2.390000104904175,2.1600000858306885,2.2300000190734863,495834
2022-02-14,2.2300000190734863,2.2300000190734863,2.109999895095825,2.1700000762939453,683512
2022-02-15,2.1700000762939453,2.259999990463257,2.1700000762939453,2.2200000286102295,414789
2022-02-16,2.2200000286102295,2.2799999713897705,2.2100000381469727,2.2200000286102295,309561
2022-02-17,2.2200000286102295,2.2300000190734863,2.1700000762939453,2.180000066757202,508569
2022-02-20,2.180000066757202,2.190000057220459,2.0999999046325684,2.130000114440918,433531
2022-02-21,2.130000114440918,2.200000047683716,2.119999885559082,2.140000104904175,921761
2022-02-22,2.140000104904175,2.1500000953674316,2.0199999809265137,2.0399999618530273,1205485
2022-02-23,2.0399999618530273,2.0899999141693115,1.9800000190734863,2.0,6269956
2022-02-24,2.0,1.850000023841858,1.7100000381469727,1.7799999713897705,5366372
2022-02-27,1.7799999713897705,1.9299999475479126,1.8539999723434448,1.878999948501587,1661108
2022-02-28,1.878999948501587,1.8990000486373901,1.8209999799728394,1.8489999771118164,1663369
2022-03-01,1.8489999771118164,1.9759999513626099,1.8700000047683716,1.9579999446868896,2242106
2022-03-02,1.9579999446868896,1.9639999866485596,1.9110000133514404,1.9279999732971191,1470723
2022-03-03,1.9279999732971191,2.0799999237060547,1.9329999685287476,2.0450000762939453,4435630
2022-03-06,2.0450000762939453,2.069999933242798,2.009999990463257,2.049999952316284,937203
2022-03-07,2.049999952316284,2.069999933242798,1.9199999570846558,1.9500000476837158,2960759
2022-03-08,1.9500000476837158,1.9500000476837158,1.9500000476837158,1.9500000476837158,0
2022-03-09,1.8899999856948853,1.9700000286102295,1.899999976158142,1.909999966621399,991975
2022-03-10,1.909999966621399,1.9700000286102295,1.8700000047683716,1.899999976158142,1417265
2022-03-13,1.899999976158142,1.940000057220459,1.8650000095367432,1.8730000257492065,319530
2022-03-14,1.8730000257492065,1.8730000257492065,1.8730000257492065,1.8730000257492065,0
2022-03-15,1.8480000495910645,1.8890000581741333,1.809999942779541,1.815000057220459,1257209
2022-03-16,1.815000057220459,1.9199999570846558,1.812000036239624,1.8700000047683716,1245138
2022-03-17,1.8700000047683716,1.9299999475479126,1.8730000257492065,1.878999948501587,1330280
2022-03-20,1.878999948501587,1.9199999570846558,1.8869999647140503,1.9010000228881836,216750
2022-03-21,1.9010000228881836,2.0380001068115234,1.9019999504089355,1.9800000190734863,1559619
2022-03-22,1.9800000190734863,2.059000015258789,1.968000054359436,1.9880000352859497,1179800
2022-03-23,1.9880000352859497,2.0,1.9259999990463257,1.9470000267028809,898694
2022-03-24,1.9470000267028809,1.9900000095367432,1.940000057220459,1.9550000429153442,702440
2022-03-27,1.9550000429153442,1.9800000190734863,1.8209999799728394,1.8550000190734863,1225037
2022-03-28,1.8550000190734863,1.8700000047683716,1.7899999618530273,1.812999963760376,2239726
2022-03-29,1.812999963760376,1.9299999475479126,1.8320000171661377,1.8930000066757202,933664
2022-03-30,1.8930000066757202,1.9479999542236328,1.8609999418258667,1.86899995803833,347971
2022-03-31,1.86899995803833,1.899999976158142,1.850000023841858,1.8839999437332153,498980
2022-04-03,1.8839999437332153,1.9450000524520874,1.899999976158142,1.8839999437332153,132655
2022-04-04,1.8839999437332153,1.9670000076293945,1.9019999504089355,1.9290000200271606,194153
2022-04-05,1.9290000200271606,2.0,1.9359999895095825,1.9509999752044678,605300
2022-04-06,1.9509999752044678,1.9839999675750732,1.930999994277954,1.9459999799728394,238884
2022-04-07,1.9459999799728394,1.934999942779541,1.8700000047683716,1.8940000534057617,250705
2022-04-10,1.8940000534057617,1.8769999742507935,1.815000057220459,1.8329999446868896,391553
2022-04-11,1.8329999446868896,1.850000023841858,1.8029999732971191,1.815000057220459,470026
2022-04-12,1.815000057220459,1.840000033378601,1.7999999523162842,1.809000015258789,884193
2022-04-13,1.809000015258789,1.8300000429153442,1.8020000457763672,1.8270000219345093,401022
2022-04-14,1.8270000219345093,1.8200000524520874,1.7699999809265137,1.7860000133514404,401228
2022-04-17,1.7860000133514404,1.8140000104904175,1.7000000476837158,1.7039999961853027,918978
2022-04-18,1.7039999961853027,1.7669999599456787,1.7000000476837158,1.7359999418258667,611212
2022-04-19,1.7359999418258667,1.8270000219345093,1.7100000381469727,1.8020000457763672,549645
2022-04-20,1.8020000457763672,1.850000023841858,1.7999999523162842,1.8339999914169312,186910
2022-04-21,1.8339999914169312,1.899999976158142,1.850000023841858,1.8919999599456787,471385
2022-04-26,1.8919999599456787,1.934999942779541,1.8530000448226929,1.8919999599456787,51550
2022-04-27,1.8919999599456787,1.9700000286102295,1.8530000448226929,1.9470000267028809,516750
2022-04-28,1.9470000267028809,2.0,1.9210000038146973,1.99399995803833,1239936
2022-05-08,1.99399995803833,2.0799999237060547,1.940000057220459,2.0299999713897705,236380
2022-05-09,2.0299999713897705,2.078000068664551,1.934999942779541,1.940999984741211,790175
2022-05-10,1.940999984741211,1.9600000381469727,1.8700000047683716,1.8799999952316284,1211878
2022-05-11,1.8799999952316284,1.9299999475479126,1.8700000047683716,1.8969999551773071,803812
2022-05-12,1.8969999551773071,1.871000051498413,1.7999999523162842,1.812000036239624,1924800
2022-05-15,1.812000036239624,1.850000023841858,1.8040000200271606,1.809999942779541,531520
2022-05-16,1.809999942779541,1.8229999542236328,1.784999966621399,1.8009999990463257,442670
2022-05-17,1.8009999990463257,1.840000033378601,1.8009999990463257,1.8300000429153442,384165
2022-05-18,1.8300000429153442,1.850000023841858,1.8250000476837158,1.8350000381469727,585114
2022-05-19,1.8350000381469727,1.8270000219345093,1.7999999523162842,1.812999963760376,1277759
2022-05-22,1.812999963760376,1.840000033378601,1.7949999570846558,1.8020000457763672,939796
2022-05-23,1.8020000457763672,1.8200000524520874,1.7949999570846558,1.7999999523162842,859310
2022-05-24,1.7999999523162842,1.8240000009536743,1.7599999904632568,1.7699999809265137,384237
2022-05-25,1.7699999809265137,1.7699999809265137,1.7130000591278076,1.7269999980926514,700682
2022-05-26,1.7269999980926514,1.7239999771118164,1.690000057220459,1.7050000429153442,303216
2022-05-29,1.7050000429153442,1.75,1.659999966621399,1.6610000133514404,217143
2022-05-30,1.6610000133514404,1.7450000047683716,1.6799999475479126,1.6820000410079956,288341
2022-05-31,1.6820000410079956,1.7400000095367432,1.6799999475479126,1.7070000171661377,439441
2022-06-01,1.7070000171661377,1.718000054359436,1.6699999570846558,1.6729999780654907,435881
2022-06-02,1.6729999780654907,1.7000000476837158,1.6699999570846558,1.6729999780654907,144854
2022-06-05,1.6729999780654907,1.6729999780654907,1.6729999780654907,1.6729999780654907,0
2022-06-06,1.7430000305175781,1.8289999961853027,1.75,1.7920000553131104,2197015
2022-06-07,1.7920000553131104,1.7940000295639038,1.75,1.75600004196167,1629582
2022-06-08,1.75600004196167,1.8279999494552612,1.777999997138977,1.7970000505447388,3105986
2022-06-09,1.7970000505447388,1.815000057220459,1.781000018119812,1.7960000038146973,649245
2022-06-12,1.7960000038146973,1.8600000143051147,1.7569999694824219,1.8459999561309814,2398521
2022-06-13,1.8459999561309814,1.8559999465942383,1.8049999475479126,1.8209999799728394,1987728
2022-06-14,1.8209999799728394,1.8339999914169312,1.7999999523162842,1.8270000219345093,6836424
2022-06-15,1.8270000219345093,1.909999966621399,1.8200000524520874,1.8969999551773071,11107318
2022-06-16,1.8969999551773071,1.909999966621399,1.6299999952316284,1.6299999952316284,16574938
2022-06-19,1.6299999952316284,1.7200000286102295,1.6549999713897705,1.6549999713897705,6880923
2022-06-20,1.6549999713897705,1.6799999475479126,1.6460000276565552,1.6660000085830688,2868997
2022-06-21,1.6660000085830688,1.6829999685287476,1.656000018119812,1.6660000085830688,1618705
2022-06-22,1.6660000085830688,1.690000057220459,1.6510000228881836,1.6729999780654907,1550561
2022-06-23,1.6729999780654907,1.6749999523162842,1.6540000438690186,1.6610000133514404,1069631
2022-06-26,1.6610000133514404,1.6859999895095825,1.659000039100647,1.6610000133514404,951894
2022-06-27,1.6610000133514404,1.6610000133514404,1.5980000495910645,1.6039999723434448,1469122
2022-06-28,1.6039999723434448,1.600000023841858,1.559999942779541,1.5809999704360962,1580630
2022-06-29,1.5809999704360962,1.659999966621399,1.562000036239624,1.6399999856948853,1832199
2022-07-03,1.6399999856948853,1.6549999713897705,1.6080000400543213,1.6230000257492065,1269777
2022-07-04,1.6230000257492065,1.649999976158142,1.559999942779541,1.5700000524520874,1310953
2022-07-05,1.5700000524520874,1.6399999856948853,1.5729999542236328,1.5870000123977661,1629635
2022-07-06,1.5870000123977661,1.6150000095367432,1.5800000429153442,1.6050000190734863,275191
2022-07-07,1.6050000190734863,1.6330000162124634,1.5920000076293945,1.6230000257492065,1732159
2022-07-17,1.6230000257492065,1.6339999437332153,1.6080000400543213,1.6119999885559082,656941
2022-07-18,1.6119999885559082,1.6380000114440918,1.6100000143051147,1.6299999952316284,1096351
2022-07-19,1.6299999952316284,1.6449999809265137,1.6200000047683716,1.6390000581741333,540277
2022-07-20,1.6390000581741333,1.659000039100647,1.6299999952316284,1.6299999952316284,1248059
2022-07-21,1.6299999952316284,1.6540000438690186,1.6200000047683716,1.6469999551773071,1450804
2022-07-24,1.6469999551773071,1.7000000476837158,1.6679999828338623,1.7000000476837158,1153724
2022-07-25,1.7000000476837158,1.75,1.6929999589920044,1.7039999961853027,2382537
2022-07-26,1.7039999961853027,1.715000033378601,1.6820000410079956,1.6890000104904175,4059620
2022-07-27,1.6890000104904175,1.7000000476837158,1.6449999809265137,1.6540000438690186,1366971
2022-07-28,1.6540000438690186,1.6759999990463257,1.6440000534057617,1.6629999876022339,429962
2022-07-31,1.6629999876022339,1.6790000200271606,1.659999966621399,1.6670000553131104,488702
2022-08-01,1.6670000553131104,1.6799999475479126,1.649999976158142,1.652999997138977,640179
2022-08-02,1.652999997138977,1.659999966621399,1.6269999742507935,1.6369999647140503,1329475
2022-08-03,1.6369999647140503,1.6779999732971191,1.6339999437332153,1.6480000019073486,607165
2022-08-04,1.6480000019073486,1.7139999866485596,1.6619999408721924,1.7050000429153442,1306485
2022-08-07,1.7050000429153442,1.7769999504089355,1.7200000286102295,1.7489999532699585,2552579
2022-08-08,1.7489999532699585,1.7999999523162842,1.7300000190734863,1.7589999437332153,2728528
2022-08-09,1.7589999437332153,1.7769999504089355,1.7050000429153442,1.7089999914169312,944236
2022-08-10,1.7089999914169312,1.7389999628067017,1.7000000476837158,1.7089999914169312,906315
2022-08-11,1.7089999914169312,1.74399995803833,1.715000033378601,1.7239999771118164,338623
2022-08-14,1.7239999771118164,1.7999999523162842,1.7400000095367432,1.7799999713897705,1512993
2022-08-15,1.7799999713897705,1.7999999523162842,1.7230000495910645,1.7350000143051147,5864176
2022-08-16,1.7350000143051147,1.7949999570846558,1.7209999561309814,1.7309999465942383,3382124
2022-08-17,1.7309999465942383,1.7599999904632568,1.7300000190734863,1.7419999837875366,1179065
2022-08-18,1.7419999837875366,1.7419999837875366,1.7419999837875366,1.7419999837875366,0
2022-08-21,1.753999948501587,1.784999966621399,1.7510000467300415,1.7799999713897705,1594741
2022-08-22,1.7799999713897705,1.819000005722046,1.7599999904632568,1.7660000324249268,1291800
2022-08-23,1.7660000324249268,1.7660000324249268,1.7660000324249268,1.7660000324249268,0
2022-08-24,1.8029999732971191,1.809999942779541,1.7829999923706055,1.7860000133514404,703645
2022-08-25,1.7860000133514404,1.850000023841858,1.781999945640564,1.8380000591278076,1953564
2022-08-28,1.8380000591278076,1.840000033378601,1.812000036239624,1.8309999704360962,922942
2022-08-29,1.8309999704360962,1.875,1.8070000410079956,1.815000057220459,2476467
2022-08-30,1.815000057220459,1.8350000381469727,1.7999999523162842,1.8270000219345093,1997619
2022-08-31,1.8270000219345093,1.8489999771118164,1.8049999475479126,1.8070000410079956,843915
2022-09-01,1.8070000410079956,1.8279999494552612,1.7740000486373901,1.7949999570846558,827440
2022-09-04,1.7949999570846558,1.815999984741211,1.7630000114440918,1.8070000410079956,622735
2022-09-05,1.8070000410079956,1.8450000286102295,1.8079999685287476,1.8320000171661377,610053
2022-09-06,1.8320000171661377,1.8769999742507935,1.8450000286102295,1.8600000143051147,1184449
2022-09-07,1.8600000143051147,1.8899999856948853,1.8450000286102295,1.8550000190734863,1404914
2022-09-08,1.8550000190734863,1.8650000095367432,1.8339999914169312,1.8519999980926514,491475
2022-09-11,1.8519999980926514,1.8899999856948853,1.850000023841858,1.8739999532699585,272676
2022-09-12,1.8739999532699585,1.899999976158142,1.8799999952316284,1.8960000276565552,549177
2022-09-13,1.8960000276565552,1.9170000553131104,1.8619999885559082,1.8819999694824219,536534
2022-09-14,1.8819999694824219,1.8700000047683716,1.8009999990463257,1.819000005722046,906170
2022-09-15,1.819000005722046,1.8480000495910645,1.7719999551773071,1.7929999828338623,672298
2022-09-18,1.7929999828338623,1.8389999866485596,1.7109999656677246,1.722000002861023,530332
2022-09-19,1.722000002861023,1.7630000114440918,1.6699999570846558,1.7549999952316284,284663
2022-09-20,1.7549999952316284,1.7649999856948853,1.7059999704360962,1.7510000467300415,384158
2022-09-21,1.7510000467300415,1.784000039100647,1.7100000381469727,1.7450000047683716,530744
2022-09-22,1.7450000047683716,1.753999948501587,1.7120000123977661,1.7450000047683716,391974
2022-09-25,1.7450000047683716,1.75,1.7200000286102295,1.7359999418258667,468027
2022-09-26,1.7359999418258667,1.777999997138977,1.7359999418258667,1.75,1134693
2022-09-27,1.75,1.7899999618530273,1.75,1.7649999856948853,467542
2022-09-28,1.7649999856948853,1.8200000524520874,1.75,1.7790000438690186,290572
2022-09-29,1.7790000438690186,1.815000057220459,1.7699999809265137,1.7910000085830688,671490
2022-10-02,1.7910000085830688,1.7960000038146973,1.7410000562667847,1.7910000085830688,167471
2022-10-03,1.7910000085830688,1.774999976158142,1.7300000190734863,1.7450000047683716,607084
2022-10-04,1.7450000047683716,1.7899999618530273,1.75,1.781999945640564,4784386
2022-10-05,1.781999945640564,1.7990000247955322,1.7599999904632568,1.7860000133514404,370776
2022-10-09,1.7860000133514404,1.7960000038146973,1.75,1.7630000114440918,290170
2022-10-10,1.7630000114440918,1.7999999523162842,1.7630000114440918,1.7769999504089355,395952
2022-10-11,1.7769999504089355,1.7899999618530273,1.7410000562667847,1.753000020980835,341247
2022-10-12,1.753000020980835,1.7890000343322754,1.7309999465942383,1.75600004196167,206960
2022-10-13,1.75600004196167,1.7920000553131104,1.722000002861023,1.7669999599456787,535318
2022-10-16,1.7669999599456787,1.7799999713897705,1.7359999418258667,1.7419999837875366,3033451
2022-10-17,1.7419999837875366,1.7699999809265137,1.7350000143051147,1.7410000562667847,2131119
2022-10-18,1.7410000562667847,1.7660000324249268,1.7400000095367432,1.7450000047683716,734006
2022-10-19,1.7450000047683716,1.7599999904632568,1.7309999465942383,1.7400000095367432,611674
2022-10-20,1.7400000095367432,1.7589999437332153,1.7280000448226929,1.7480000257492065,1485061
2022-10-23,1.7480000257492065,1.7949999570846558,1.7510000467300415,1.7589999437332153,773253
2022-10-24,1.7589999437332153,1.7710000276565552,1.7359999418258667,1.7480000257492065,640130
2022-10-25,1.7480000257492065,1.7619999647140503,1.7200000286102295,1.7330000400543213,532770
2022-10-26,1.7330000400543213,1.7330000400543213,1.7330000400543213,1.7330000400543213,0
2022-10-27,1.7760000228881836,1.8300000429153442,1.7649999856948853,1.819000005722046,1008943
2022-10-30,1.819000005722046,1.840000033378601,1.7999999523162842,1.8179999589920044,645345
2022-10-31,1.8179999589920044,1.8229999542236328,1.7699999809265137,1.812000036239624,1107328
2022-11-01,1.812000036239624,1.8350000381469727,1.7910000085830688,1.8200000524520874,1602333
2022-11-02,1.8200000524520874,1.840000033378601,1.7599999904632568,1.7760000228881836,359285
2022-11-03,1.7760000228881836,1.7920000553131104,1.7400000095367432,1.7410000562667847,860126
2022-11-06,1.7410000562667847,1.7599999904632568,1.7209999561309814,1.7330000400543213,833773
2022-11-07,1.7330000400543213,1.7589999437332153,1.7239999771118164,1.7280000448226929,678742
2022-11-08,1.7280000448226929,1.7589999437332153,1.715999960899353,1.7239999771118164,473216
2022-11-09,1.7239999771118164,1.7300000190734863,1.7000000476837158,1.7130000591278076,488212
2022-11-10,1.7130000591278076,1.7389999628067017,1.7100000381469727,1.718999981880188,1013529
2022-11-13,1.718999981880188,1.7580000162124634,1.7300000190734863,1.7510000467300415,904195
2022-11-14,1.7510000467300415,1.7599999904632568,1.7319999933242798,1.746999979019165,215131
2022-11-15,1.746999979019165,1.7680000066757202,1.7400000095367432,1.74399995803833,447307
2022-11-16,1.74399995803833,1.7979999780654907,1.7510000467300415,1.7979999780654907,1339467
2022-11-17,1.7979999780654907,1.815999984741211,1.7899999618530273,1.8009999990463257,1142004
2022-11-20,1.8009999990463257,1.8600000143051147,1.8020000457763672,1.8309999704360962,1412137
2022-11-21,1.8309999704360962,1.8600000143051147,1.8200000524520874,1.8259999752044678,1439298
2022-11-22,1.8259999752044678,1.8739999532699585,1.8109999895095825,1.8650000095367432,1212625
2022-11-23,1.8650000095367432,1.9299999475479126,1.8600000143051147,1.8830000162124634,1762753
2022-11-24,1.8830000162124634,1.899999976158142,1.8700000047683716,1.875,1164047
2022-11-27,1.875,1.899999976158142,1.8799999952316284,1.8890000581741333,688397
2022-11-28,1.8890000581741333,1.9390000104904175,1.8700000047683716,1.8839999437332153,1530468
2022-11-29,1.8839999437332153,1.9800000190734863,1.8899999856948853,1.9600000381469727,2714209
2022-11-30,1.9600000381469727,2.059999942779541,1.965999960899353,1.9880000352859497,2320350
2022-12-01,1.9880000352859497,2.059999942779541,2.009999990463257,2.0209999084472656,987176
2022-12-04,2.0209999084472656,2.1600000858306885,2.0299999713897705,2.109999895095825,3338796
2022-12-05,2.109999895095825,2.200000047683716,2.0799999237060547,2.0999999046325684,2644678
2022-12-06,2.0999999046325684,2.1600000858306885,2.049999952316284,2.130000114440918,2097982
2022-12-07,2.130000114440918,2.2699999809265137,2.130000114440918,2.190000057220459,2439293
2022-12-08,2.190000057220459,2.4000000953674316,2.190000057220459,2.369999885559082,5711181
2022-12-11,2.369999885559082,2.440000057220459,2.299999952316284,2.309999942779541,1783571
2022-12-12,2.309999942779541,2.319999933242798,2.2200000286102295,2.2899999618530273,2090624
2022-12-13,2.2899999618530273,2.359999895095825,2.299999952316284,2.319999933242798,1518964
2022-12-14,2.319999933242798,2.490000009536743,2.3299999237060547,2.4600000381469727,2840284
2022-12-15,2.4600000381469727,2.569999933242798,2.4000000953674316,2.4100000858306885,2403344
2022-12-18,2.4100000858306885,2.450000047683716,2.319999933242798,2.3399999141693115,1441770
2022-12-19,2.3399999141693115,2.369999885559082,2.2100000381469727,2.2699999809265137,1671799
2022-12-20,2.2699999809265137,2.3299999237060547,2.200000047683716,2.2100000381469727,1628775
2022-12-21,2.2100000381469727,2.240000009536743,2.1500000953674316,2.180000066757202,1184695
2022-12-22,2.180000066757202,2.259999990463257,2.130000114440918,2.140000104904175,1593577
2022-12-25,2.140000104904175,2.130000114440918,2.0299999713897705,2.0899999141693115,754052
2022-12-26,2.0899999141693115,2.190000057220459,2.069999933242798,2.1500000953674316,950730
2022-12-27,2.1500000953674316,2.25,2.1500000953674316,2.190000057220459,623600
2022-12-28,2.190000057220459,2.2899999618530273,2.1700000762939453,2.259999990463257,522549
2022-12-29,2.259999990463257,2.299999952316284,2.240000009536743,2.2699999809265137,998131
2023-01-02,2.2699999809265137,2.359999895095825,2.2699999809265137,2.3399999141693115,658053
2023-01-03,2.3399999141693115,2.440000057220459,2.299999952316284,2.4000000953674316,1522231
2023-01-04,2.4000000953674316,2.4200000762939453,2.200000047683716,2.3499999046325684,1911298
2023-01-05,2.3499999046325684,2.4100000858306885,2.3499999046325684,2.359999895095825,939306
2023-01-09,2.359999895095825,2.390000104904175,2.1700000762939453,2.200000047683716,3173436
2023-01-10,2.200000047683716,2.2699999809265137,2.130000114440918,2.1700000762939453,1196351
2023-01-11,2.1700000762939453,2.309999942779541,2.0899999141693115,2.130000114440918,1727419
2023-01-12,2.130000114440918,2.200000047683716,2.0999999046325684,2.1700000762939453,713624
2023-01-15,2.1700000762939453,2.2200000286102295,2.140000104904175,2.1600000858306885,435183
2023-01-16,2.1600000858306885,2.2300000190734863,2.140000104904175,2.180000066757202,458605
2023-01-17,2.180000066757202,2.2899999618530273,2.2100000381469727,2.2300000190734863,739199
2023-01-18,2.2300000190734863,2.319999933242798,2.200000047683716,2.2300000190734863,1954304
2023-01-19,2.2300000190734863,2.3299999237060547,2.200000047683716,2.259999990463257,2128015
2023-01-22,2.259999990463257,2.359999895095825,2.2799999713897705,2.3299999237060547,1751303
2023-01-23,2.3299999237060547,2.4000000953674316,2.2799999713897705,2.299999952316284,2494767
2023-01-24,2.299999952316284,2.3399999141693115,2.2699999809265137,2.309999942779541,414714
2023-01-25,2.309999942779541,2.3299999237060547,2.2899999618530273,2.2899999618530273,1329694
2023-01-29,2.2899999618530273,2.3299999237060547,2.259999990463257,2.2699999809265137,1232977
2023-01-30,2.2699999809265137,2.2899999618530273,2.200000047683716,2.2100000381469727,960051
2023-01-31,2.2100000381469727,2.2200000286102295,2.0999999046325684,2.119999885559082,863132
2023-02-01,2.119999885559082,2.1500000953674316,2.069999933242798,2.109999895095825,472140
2023-02-02,2.109999895095825,2.1500000953674316,2.0299999713897705,2.0399999618530273,663964
2023-02-05,2.0399999618530273,2.049999952316284,1.9500000476837158,2.0199999809265137,713076
2023-02-06,2.0199999809265137,2.0799999237060547,2.0199999809265137,2.059999942779541,540057
2023-02-07,2.059999942779541,2.130000114440918,2.069999933242798,2.109999895095825,363967
2023-02-08,2.109999895095825,2.130000114440918,2.0399999618530273,2.0799999237060547,341840
2023-02-09,2.0799999237060547,2.1500000953674316,2.0199999809265137,2.130000114440918,297365
2023-02-12,2.130000114440918,2.1600000858306885,2.069999933242798,2.140000104904175,260079
2023-02-13,2.140000104904175,2.1600000858306885,2.0999999046325684,2.119999885559082,250723
2023-02-14,2.119999885559082,2.1600000858306885,2.109999895095825,2.119999885559082,669830
2023-02-15,2.119999885559082,2.1700000762939453,2.130000114440918,2.140000104904175,375727
2023-02-16,2.140000104904175,2.1700000762939453,2.119999885559082,2.1500000953674316,417633
2023-02-19,2.1500000953674316,2.1700000762939453,2.0999999046325684,2.140000104904175,187424
2023-02-20,2.140000104904175,2.1600000858306885,2.0799999237060547,2.0899999141693115,1014492
2023-02-21,2.0899999141693115,2.140000104904175,2.0799999237060547,2.119999885559082,188626
2023-02-22,2.119999885559082,2.1500000953674316,2.059999942779541,2.0799999237060547,570158
2023-02-23,2.0799999237060547,2.109999895095825,2.049999952316284,2.0899999141693115,694806
2023-02-26,2.0899999141693115,2.109999895095825,2.0899999141693115,2.0999999046325684,221708
2023-02-27,2.0999999046325684,2.119999885559082,2.0899999141693115,2.0999999046325684,452434
2023-02-28,2.0999999046325684,2.119999885559082,2.069999933242798,2.0899999141693115,847561
2023-03-01,2.0899999141693115,2.1500000953674316,2.0899999141693115,2.119999885559082,261081
2023-03-02,2.119999885559082,2.2699999809265137,2.0999999046325684,2.2100000381469727,2738005
2023-03-05,2.2100000381469727,2.240000009536743,2.180000066757202,2.200000047683716,199406
2023-03-06,2.200000047683716,2.240000009536743,2.1500000953674316,2.1600000858306885,830922
2023-03-07,2.1600000858306885,2.1700000762939453,2.0299999713897705,2.0799999237060547,259021
2023-03-08,2.0799999237060547,2.130000114440918,2.0299999713897705,2.0799999237060547,147887
2023-03-09,2.0799999237060547,2.119999885559082,2.059999942779541,2.0999999046325684,231932
2023-03-12,2.0999999046325684,2.109999895095825,2.0,2.0299999713897705,334778
2023-03-13,2.0299999713897705,2.069999933242798,1.809999942779541,1.850000023841858,712430
2023-03-14,1.850000023841858,1.9900000095367432,1.7300000190734863,1.8799999952316284,257392
2023-03-15,1.8799999952316284,1.9900000095367432,1.7200000286102295,1.7599999904632568,1277663
2023-03-16,1.7599999904632568,1.840000033378601,1.690000057220459,1.7599999904632568,1954794
2023-03-19,1.7599999904632568,1.8279999494552612,1.7400000095367432,1.7940000295639038,337433
2023-03-20,1.7940000295639038,1.9570000171661377,1.7999999523162842,1.9359999895095825,414417
2023-03-21,1.9359999895095825,1.9700000286102295,1.9010000228881836,1.9589999914169312,167555
2023-03-22,1.9589999914169312,1.965000033378601,1.9119999408721924,1.9539999961853027,203820
2023-03-23,1.9539999961853027,1.965000033378601,1.9119999408721924,1.9539999961853027,79913
2023-03-26,1.9539999961853027,2.009999990463257,1.9199999570846558,1.9539999961853027,90681
2023-03-27,1.9539999961853027,1.9600000381469727,1.909999966621399,1.9539999961853027,133969
2023-03-28,1.9539999961853027,1.9600000381469727,1.9170000553131104,1.9539999961853027,57894
2023-03-29,1.9539999961853027,1.9589999914169312,1.8899999856948853,1.9539999961853027,68488
2023-03-30,1.9539999961853027,1.9500000476837158,1.899999976158142,1.9040000438690186,367863
2023-04-02,1.9040000438690186,1.9199999570846558,1.9010000228881836,1.9040000438690186,35500
2023-04-03,1.9040000438690186,1.9900000095367432,1.9149999618530273,1.968999981880188,171328
2023-04-04,1.968999981880188,2.0,1.940999984741211,1.9950000047683716,469879
2023-04-05,1.9950000047683716,2.0380001068115234,1.9900000095367432,2.0169999599456787,154454
2023-04-06,2.0169999599456787,2.0299999713897705,1.9199999570846558,1.9570000171661377,226876
2023-04-09,1.9570000171661377,1.9930000305175781,1.9299999475479126,1.9910000562667847,227311
2023-04-10,1.9910000562667847,2.0199999809265137,1.9600000381469727,2.0169999599456787,286730
2023-04-11,2.0169999599456787,2.0439999103546143,2.0,2.0390000343322754,243250
2023-04-12,2.0390000343322754,2.049999952316284,1.9900000095367432,2.0390000343322754,123838
2023-04-13,2.0390000343322754,2.049999952316284,1.9930000305175781,2.0390000343322754,70053
2023-04-18,2.0390000343322754,2.069999933242798,2.0,2.0399999618530273,116460
2023-04-19,2.0399999618530273,2.0999999046325684,2.0299999713897705,2.0799999237060547,161538
2023-04-26,2.0799999237060547,2.0999999046325684,2.0,2.0199999809265137,242087
2023-04-27,2.0199999809265137,2.0999999046325684,2.009999990463257,2.0899999141693115,307852
2023-04-30,2.0899999141693115,2.1700000762939453,2.0999999046325684,2.109999895095825,549767
2023-05-01,2.109999895095825,2.109999895095825,2.109999895095825,2.109999895095825,0
2023-05-02,2.0899999141693115,2.109999895095825,2.0299999713897705,2.0999999046325684,176746
2023-05-03,2.0999999046325684,2.109999895095825,2.0199999809265137,2.0299999713897705,414556
2023-05-07,2.0299999713897705,2.059999942779541,2.0,2.009999990463257,290646
2023-05-08,2.009999990463257,2.0799999237060547,2.009999990463257,2.049999952316284,274537
2023-05-09,2.049999952316284,2.0899999141693115,2.0299999713897705,2.059999942779541,194832
2023-05-10,2.059999942779541,2.0799999237060547,2.0,2.059999942779541,219722
2023-05-11,2.059999942779541,2.0899999141693115,2.0399999618530273,2.049999952316284,335408
2023-05-14,2.049999952316284,2.0899999141693115,2.009999990463257,2.049999952316284,512290
2023-05-15,2.049999952316284,2.0799999237060547,1.9900000095367432,2.0,1584260
2023-05-16,2.0,2.0199999809265137,1.9600000381469727,1.9900000095367432,218204
2023-05-17,1.9900000095367432,2.0299999713897705,1.9500000476837158,1.9800000190734863,172180
2023-05-18,1.9800000190734863,2.0,1.940000057220459,1.9600000381469727,266502
2023-05-21,1.9600000381469727,1.9889999628067017,1.9600000381469727,1.9600000381469727,148436
2023-05-22,1.9600000381469727,1.9800000190734863,1.9500000476837158,1.9600000381469727,150682
2023-05-23,1.9600000381469727,1.9880000352859497,1.940000057220459,1.972000002861023,260915
2023-05-24,1.972000002861023,2.0190000534057617,1.9620000123977661,2.002000093460083,798414
2023-05-25,2.002000093460083,2.0190000534057617,1.9809999465942383,2.009000062942505,327612
2023-05-28,2.009000062942505,2.140000104904175,2.0199999809265137,2.109999895095825,593135
2023-05-29,2.109999895095825,2.200000047683716,2.0999999046325684,2.200000047683716,1234288
2023-05-30,2.200000047683716,2.240000009536743,2.1500000953674316,2.180000066757202,846869
2023-05-31,2.180000066757202,2.2300000190734863,2.140000104904175,2.1500000953674316,919692
2023-06-01,2.1500000953674316,2.2799999713897705,2.1600000858306885,2.259999990463257,1742452
2023-06-04,2.259999990463257,2.3499999046325684,2.25,2.2799999713897705,1092594
2023-06-05,2.2799999713897705,2.2899999618530273,2.240000009536743,2.25,313435
2023-06-06,2.25,2.2799999713897705,2.190000057220459,2.2100000381469727,1192367
2023-06-07,2.2100000381469727,2.2799999713897705,2.1700000762939453,2.190000057220459,253015
2023-06-08,2.190000057220459,2.200000047683716,2.1600000858306885,2.180000066757202,138491
2023-06-11,2.180000066757202,2.200000047683716,2.140000104904175,2.1500000953674316,724749
2023-06-12,2.1500000953674316,2.25,2.1700000762939453,2.190000057220459,645104
2023-06-13,2.190000057220459,2.2200000286102295,2.140000104904175,2.1500000953674316,529043
2023-06-14,2.1500000953674316,2.2100000381469727,2.140000104904175,2.140000104904175,556005
2023-06-15,2.140000104904175,2.1700000762939453,2.109999895095825,2.119999885559082,600748
2023-06-18,2.119999885559082,2.1600000858306885,2.130000114440918,2.1500000953674316,162901
2023-06-19,2.1500000953674316,2.180000066757202,2.119999885559082,2.119999885559082,408067
2023-06-20,2.119999885559082,2.1700000762939453,2.0999999046325684,2.109999895095825,1246323
2023-06-21,2.109999895095825,2.130000114440918,2.069999933242798,2.069999933242798,586322
2023-06-22,2.069999933242798,2.0999999046325684,2.059999942779541,2.0899999141693115,239066
2023-06-25,2.0899999141693115,2.140000104904175,2.0799999237060547,2.0899999141693115,81045
2023-06-26,2.0899999141693115,2.119999885559082,2.059999942779541,2.0799999237060547,313159
2023-07-04,2.0799999237060547,2.130000114440918,2.069999933242798,2.109999895095825,262491
2023-07-05,2.109999895095825,2.140000104904175,2.0899999141693115,2.109999895095825,139295
2023-07-06,2.109999895095825,2.0999999046325684,2.049999952316284,2.069999933242798,206373
2023-07-09,2.069999933242798,2.0799999237060547,1.9199999570846558,1.9600000381469727,309837
2023-07-10,1.9600000381469727,2.0,1.899999976158142,1.9900000095367432,324156
2023-07-11,1.9900000095367432,2.0399999618530273,1.9900000095367432,2.009999990463257,191163
2023-07-12,2.009999990463257,2.009999990463257,1.9800000190734863,2.0,252572
2023-07-13,2.0,2.0899999141693115,2.0,2.059999942779541,272154
2023-07-16,2.059999942779541,2.0799999237060547,1.9900000095367432,2.0199999809265137,866749
2023-07-17,2.0199999809265137,2.0899999141693115,2.009999990463257,2.0799999237060547,434402
2023-07-18,2.0799999237060547,2.200000047683716,2.0999999046325684,2.119999885559082,1654159
2023-07-19,2.119999885559082,2.119999885559082,2.119999885559082,2.119999885559082,0
2023-07-24,2.119999885559082,2.109999895095825,2.049999952316284,2.119999885559082,70275
2023-07-25,2.119999885559082,2.0999999046325684,2.049999952316284,2.0799999237060547,165570
2023-07-26,2.0799999237060547,2.119999885559082,2.009999990463257,2.0199999809265137,1823355
2023-07-27,2.0199999809265137,2.049999952316284,2.0199999809265137,2.0299999713897705,851180
2023-07-30,2.0299999713897705,2.0799999237060547,2.0399999618530273,2.069999933242798,463936
2023-07-31,2.069999933242798,2.069999933242798,2.049999952316284,2.059999942779541,1114530
2023-08-01,2.059999942779541,2.119999885559082,2.059999942779541,2.0799999237060547,857471
2023-08-02,2.0799999237060547,2.0999999046325684,2.0399999618530273,2.0399999618530273,658186
2023-08-03,2.0399999618530273,2.069999933242798,2.049999952316284,2.059999942779541,259442
2023-08-06,2.059999942779541,2.109999895095825,2.049999952316284,2.0899999141693115,761906
2023-08-07,2.0899999141693115,2.190000057220459,2.0799999237060547,2.130000114440918,3820694
2023-08-08,2.130000114440918,2.359999895095825,2.1500000953674316,2.259999990463257,5644417
2023-08-09,2.259999990463257,2.309999942779541,2.2200000286102295,2.240000009536743,875901
2023-08-10,2.240000009536743,2.259999990463257,2.1700000762939453,2.1700000762939453,1552596
2023-08-13,2.1700000762939453,2.200000047683716,2.119999885559082,2.1500000953674316,2220519
2023-08-14,2.1500000953674316,2.200000047683716,2.1500000953674316,2.1500000953674316,1127225
2023-08-15,2.1500000953674316,2.180000066757202,2.119999885559082,2.130000114440918,898390
2023-08-16,2.130000114440918,2.1600000858306885,2.0,2.0399999618530273,4817287
2023-08-17,2.0399999618530273,2.069999933242798,2.0,2.0199999809265137,1657424
2023-08-20,2.0199999809265137,2.049999952316284,2.0,2.009999990463257,746531
2023-08-21,2.009999990463257,2.0399999618530273,1.9800000190734863,1.9900000095367432,2447426
2023-08-22,1.9900000095367432,2.069999933242798,2.0,2.0299999713897705,2947604
2023-08-23,2.0299999713897705,2.119999885559082,2.0,2.009999990463257,8745179
2023-08-24,2.009999990463257,2.0299999713897705,1.9600000381469727,1.9600000381469727,3139458
2023-08-27,1.9600000381469727,1.99399995803833,1.9700000286102295,1.9709999561309814,1537876
2023-08-28,1.9709999561309814,1.9930000305175781,1.9620000123977661,1.9730000495910645,977846
2023-08-29,1.9730000495910645,1.9900000095367432,1.9500000476837158,1.9500000476837158,4054435
2023-08-30,1.9500000476837158,2.0,1.9500000476837158,1.9800000190734863,2592407
2023-08-31,1.9800000190734863,1.9800000190734863,1.9800000190734863,1.9800000190734863,0
2023-09-03,1.9700000286102295,1.9980000257492065,1.9700000286102295,1.9769999980926514,1039695
2023-09-04,1.9769999980926514,2.00600004196167,1.9670000076293945,2.002000093460083,1273112
2023-09-05,2.002000093460083,2.069000005722046,2.009999990463257,2.0299999713897705,4002196
2023-09-06,2.0299999713897705,2.059999942779541,1.9910000562667847,1.9989999532699585,2334465
2023-09-07,1.9989999532699585,2.0199999809265137,1.9910000562667847,1.9989999532699585,821344
2023-09-10,1.9989999532699585,1.9989999532699585,1.9989999532699585,1.9989999532699585,0
2023-09-11,2.013000011444092,2.0290000438690186,1.9850000143051147,1.9869999885559082,1444474
2023-09-12,1.9869999885559082,1.99399995803833,1.9620000123977661,1.965000033378601,1274040
2023-09-13,1.965000033378601,1.9839999675750732,1.9570000171661377,1.9700000286102295,534316
2023-09-14,1.9700000286102295,1.9900000095367432,1.9700000286102295,1.9850000143051147,608654
2023-09-17,1.9850000143051147,2.0380001068115234,1.9850000143051147,2.003999948501587,1396814
2023-09-18,2.003999948501587,2.0439999103546143,1.9700000286102295,2.0169999599456787,979816
2023-09-19,2.0169999599456787,2.0299999713897705,1.9880000352859497,1.9889999628067017,1121182
2023-09-20,1.9889999628067017,1.9889999628067017,1.9889999628067017,1.9889999628067017,0
2023-09-21,1.9889999628067017,1.9889999628067017,1.9889999628067017,1.9889999628067017,0
2023-09-24,1.9889999628067017,1.9889999628067017,1.9889999628067017,1.9889999628067017,0
2023-09-25,1.9329999685287476,1.9429999589920044,1.9220000505447388,1.9270000457763672,503834
2023-09-26,1.9270000457763672,1.940000057220459,1.9010000228881836,1.902999997138977,778062
2023-09-27,1.902999997138977,1.902999997138977,1.902999997138977,1.902999997138977,0
2023-10-01,1.902999997138977,1.902999997138977,1.902999997138977,1.902999997138977,0
2023-10-02,1.8940000534057617,1.8990000486373901,1.8519999980926514,1.8600000143051147,899925
2023-10-03,1.8600000143051147,1.8890000581741333,1.850000023841858,1.8650000095367432,518343
2023-10-04,1.8650000095367432,1.878000020980835,1.8519999980926514,1.8650000095367432,141436
2023-10-08,1.8650000095367432,1.8650000095367432,1.725000023841858,1.7710000276565552,826622
2023-10-09,1.7710000276565552,1.7990000247955322,1.7710000276565552,1.781999945640564,566488
2023-10-10,1.781999945640564,1.8200000524520874,1.774999976158142,1.805999994277954,551046
2023-10-11,1.805999994277954,1.8200000524520874,1.7699999809265137,1.7760000228881836,1733391
2023-10-12,1.7760000228881836,1.8389999866485596,1.7660000324249268,1.8200000524520874,1513621
2023-10-15,1.8200000524520874,1.8300000429153442,1.7999999523162842,1.8040000200271606,684968
2023-10-16,1.8040000200271606,1.815999984741211,1.784000039100647,1.7970000505447388,2793795
2023-10-17,1.7970000505447388,1.8300000429153442,1.7949999570846558,1.815000057220459,3556618
2023-10-18,1.815000057220459,1.8300000429153442,1.7999999523162842,1.8029999732971191,1394651
2023-10-19,1.8029999732971191,1.8029999732971191,1.8029999732971191,1.8029999732971191,0
2023-10-22,1.7929999828338623,1.8300000429153442,1.7829999923706055,1.8259999752044678,741655
2023-10-23,1.8259999752044678,1.843999981880188,1.8270000219345093,1.8380000591278076,1251629
2023-10-24,1.8380000591278076,1.850000023841858,1.8209999799728394,1.8309999704360962,833715
2023-10-25,1.8309999704360962,1.9199999570846558,1.8300000429153442,1.9119999408721924,2470535
2023-10-26,1.9119999408721924,1.9980000257492065,1.9149999618530273,1.9889999628067017,2591753
2023-10-29,1.9889999628067017,2.0390000343322754,1.9730000495910645,2.0260000228881836,1567717
2023-10-30,2.0260000228881836,2.0480000972747803,2.0,2.009999990463257,1211613
2023-10-31,2.009999990463257,2.0190000534057617,1.9620000123977661,1.9730000495910645,1554051
2023-11-01,1.9730000495910645,1.9700000286102295,1.9229999780654907,1.940000057220459,2094136
2023-11-02,1.940000057220459,1.9850000143051147,1.940000057220459,1.968000054359436,1496644
2023-11-05,1.968000054359436,2.0,1.9800000190734863,1.9889999628067017,1048672
2023-11-06,1.9889999628067017,2.0199999809265137,1.9900000095367432,2.000999927520752,1361813
2023-11-07,2.000999927520752,2.0759999752044678,2.009999990463257,2.0390000343322754,2173780
2023-11-08,2.0390000343322754,2.0829999446868896,2.0399999618530273,2.062000036239624,4019521
2023-11-09,2.062000036239624,2.063999891281128,2.0199999809265137,2.0350000858306885,3271401
2023-11-12,2.0350000858306885,2.140000104904175,2.059999942779541,2.0999999046325684,3393669
2023-11-13,2.0999999046325684,2.1600000858306885,2.0999999046325684,2.140000104904175,2664989
2023-11-14,2.140000104904175,2.1600000858306885,2.0999999046325684,2.119999885559082,2367102
2023-11-15,2.119999885559082,2.2100000381469727,2.130000114440918,2.1600000858306885,4635167
2023-11-16,2.1600000858306885,2.200000047683716,2.140000104904175,2.140000104904175,3825033
2023-11-19,2.140000104904175,2.190000057220459,2.130000114440918,2.140000104904175,1300876
2023-11-20,2.140000104904175,2.190000057220459,2.059999942779541,2.059999942779541,3103067
2023-11-21,2.059999942779541,2.130000114440918,2.069999933242798,2.130000114440918,4446649
2023-11-22,2.130000114440918,2.4800000190734863,2.1500000953674316,2.430000066757202,17101627
2023-11-23,2.430000066757202,2.5199999809265137,2.390000104904175,2.4200000762939453,5975260
2023-11-26,2.4200000762939453,2.490000009536743,2.3499999046325684,2.359999895095825,4624966
2023-11-27,2.359999895095825,2.4800000190734863,2.369999885559082,2.390000104904175,6527391
2023-11-28,2.390000104904175,2.6500000953674316,2.4000000953674316,2.640000104904175,11250812
2023-11-29,2.640000104904175,2.6700000762939453,2.5299999713897705,2.569999933242798,6454554
2023-11-30,2.569999933242798,2.5999999046325684,2.450000047683716,2.490000009536743,5003767
2023-12-03,2.490000009536743,2.640000104904175,2.4700000286102295,2.569999933242798,4456498
2023-12-04,2.569999933242798,2.700000047683716,2.5799999237060547,2.5999999046325684,8705684
2023-12-05,2.5999999046325684,2.6500000953674316,2.5299999713897705,2.5399999618530273,6165020
2023-12-06,2.5399999618530273,2.559999942779541,2.4800000190734863,2.490000009536743,5400192
2023-12-07,2.490000009536743,2.4800000190734863,2.3499999046325684,2.4000000953674316,4489448
2023-12-10,2.4000000953674316,2.490000009536743,2.299999952316284,2.3299999237060547,4858071
2023-12-11,2.3299999237060547,2.3399999141693115,2.240000009536743,2.25,3981550
2023-12-12,2.25,2.319999933242798,2.2200000286102295,2.2300000190734863,3399368
2023-12-13,2.2300000190734863,2.3399999141693115,2.25,2.3299999237060547,3693372
2023-12-14,2.3299999237060547,2.4100000858306885,2.3299999237060547,2.369999885559082,3714685
2023-12-17,2.369999885559082,2.4800000190734863,2.369999885559082,2.4000000953674316,5824031
2023-12-18,2.4000000953674316,2.5299999713897705,2.430000066757202,2.450000047683716,5060080
2023-12-19,2.450000047683716,2.4800000190734863,2.390000104904175,2.390000104904175,3403919
2023-12-20,2.390000104904175,2.4100000858306885,2.359999895095825,2.380000114440918,1803159
2023-12-21,2.380000114440918,2.430000066757202,2.3399999141693115,2.3499999046325684,2286909
2023-12-24,2.3499999046325684,2.3499999046325684,2.3499999046325684,2.3499999046325684,0
2023-12-25,2.25,2.299999952316284,2.2300000190734863,2.25,1512961
2023-12-26,2.25,2.299999952316284,2.2100000381469727,2.2100000381469727,5051431
2023-12-27,2.2100000381469727,2.2699999809265137,2.2300000190734863,2.25,2148926
2023-12-28,2.25,2.2799999713897705,2.2300000190734863,2.240000009536743,2359921
2023-12-31,2.240000009536743,2.309999942779541,2.25,2.25,1888946
2024-01-02,2.25,2.490000009536743,2.2699999809265137,2.440000057220459,11156861
2024-01-03,2.440000057220459,2.4700000286102295,2.380000114440918,2.450000047683716,4909099
2024-01-04,2.450000047683716,2.5299999713897705,2.450000047683716,2.4600000381469727,5190745
2024-01-08,2.4600000381469727,2.5,2.440000057220459,2.450000047683716,3256043
2024-01-09,2.450000047683716,2.640000104904175,2.4200000762939453,2.569999933242798,15207259
2024-01-10,2.569999933242798,2.6500000953674316,2.559999942779541,2.569999933242798,9848616
2024-01-11,2.569999933242798,2.5999999046325684,2.5199999809265137,2.559999942779541,3953658
2024-01-14,2.559999942779541,2.690000057220459,2.559999942779541,2.680000066757202,9758281
2024-01-15,2.680000066757202,2.890000104904175,2.7100000381469727,2.7899999618530273,17282179
2024-01-16,2.7899999618530273,2.940000057220459,2.7899999618530273,2.799999952316284,12987539
2024-01-17,2.799999952316284,2.8499999046325684,2.690000057220459,2.700000047683716,6095081
2024-01-18,2.700000047683716,2.759999990463257,2.680000066757202,2.740000009536743,3618821
2024-01-21,2.740000009536743,2.799999952316284,2.740000009536743,2.7799999713897705,3825842
2024-01-22,2.7799999713897705,2.8299999237060547,2.759999990463257,2.7699999809265137,3912285
2024-01-23,2.7699999809265137,2.859999895095825,2.75,2.7899999618530273,5224598
2024-01-24,2.7899999618530273,2.869999885559082,2.759999990463257,2.8399999141693115,3693980
2024-01-28,2.8399999141693115,2.930000066757202,2.8499999046325684,2.859999895095825,3532251
2024-01-29,2.859999895095825,2.9100000858306885,2.7799999713897705,2.819999933242798,5996668
2024-01-30,2.819999933242798,2.859999895095825,2.799999952316284,2.8299999237060547,2815364
2024-01-31,2.8299999237060547,2.9600000381469727,2.619999885559082,2.690000057220459,6457685
2024-02-01,2.690000057220459,2.7300000190734863,2.5,2.7300000190734863,2128834
2024-02-04,2.7300000190734863,2.7699999809265137,2.6500000953674316,2.759999990463257,2578156
2024-02-05,2.759999990463257,2.859999895095825,2.75,2.8299999237060547,2591746
2024-02-06,2.8299999237060547,2.9200000762939453,2.7699999809265137,2.7899999618530273,3607286
2024-02-07,2.7899999618530273,2.8399999141693115,2.7899999618530273,2.799999952316284,3779288
2024-02-08,2.799999952316284,2.8499999046325684,2.7899999618530273,2.8499999046325684,2342583
2024-02-11,2.8499999046325684,3.0999999046325684,2.8499999046325684,2.9800000190734863,9943127
2024-02-12,2.9800000190734863,3.0399999618530273,2.890000104904175,2.930000066757202,6082795
2024-02-13,2.930000066757202,3.180000066757202,2.930000066757202,3.1700000762939453,7482483
2024-02-14,3.1700000762939453,3.380000114440918,3.1500000953674316,3.240000009536743,9614731
2024-02-15,3.240000009536743,3.440000057220459,3.1700000762939453,3.4000000953674316,5703378
2024-02-18,3.4000000953674316,3.4000000953674316,3.4000000953674316,3.4000000953674316,0
2024-02-19,3.3499999046325684,3.4100000858306885,3.299999952316284,3.380000114440918,4936250
2024-02-20,3.380000114440918,3.5899999141693115,3.369999885559082,3.4700000286102295,4242748
2024-02-21,3.4700000286102295,3.5,3.3499999046325684,3.359999895095825,4087721
2024-02-22,3.359999895095825,3.390000104904175,3.3299999237060547,3.3399999141693115,2471812
2024-02-25,3.3399999141693115,3.5299999713897705,3.190000057220459,3.369999885559082,6690705
2024-02-26,3.369999885559082,3.5199999809265137,3.369999885559082,3.4000000953674316,5883310
2024-02-27,3.4000000953674316,3.509999990463257,3.2699999809265137,3.2799999713897705,6397074
2024-02-28,3.2799999713897705,3.3399999141693115,3.0999999046325684,3.0999999046325684,4860563
2024-02-29,3.0999999046325684,3.190000057220459,3.0399999618530273,3.0999999046325684,2928278
2024-03-03,3.0999999046325684,3.200000047683716,3.0799999237060547,3.0999999046325684,1827629
2024-03-04,3.0999999046325684,3.430000066757202,3.2100000381469727,3.380000114440918,4005479
2024-03-05,3.380000114440918,3.5199999809265137,3.299999952316284,3.319999933242798,10378159
2024-03-06,3.319999933242798,3.509999990463257,3.25,3.309999942779541,8187422
2024-03-07,3.309999942779541,3.369999885559082,3.1700000762939453,3.190000057220459,4163384
2024-03-10,3.190000057220459,3.299999952316284,3.180000066757202,3.2200000286102295,4979993
2024-03-11,3.2200000286102295,3.259999990463257,3.119999885559082,3.119999885559082,2204251
2024-03-12,3.119999885559082,3.1600000858306885,3.0,3.0299999713897705,2879289
2024-03-13,3.0299999713897705,3.0799999237060547,2.890000104904175,2.930000066757202,2390163
2024-03-14,2.930000066757202,3.140000104904175,2.8499999046325684,3.0899999141693115,2036546
2024-03-17,3.0899999141693115,3.2200000286102295,3.0299999713897705,3.0399999618530273,2019181
2024-03-18,3.0399999618530273,3.0799999237060547,2.799999952316284,2.809999942779541,1558905
2024-03-19,2.809999942779541,2.859999895095825,2.7200000286102295,2.8299999237060547,1586686
2024-03-20,2.8299999237060547,2.880000114440918,2.759999990463257,2.819999933242798,2039209
2024-03-21,2.819999933242798,3.049999952316284,2.8399999141693115,3.0399999618530273,1820789
2024-03-24,3.0399999618530273,3.200000047683716,3.049999952316284,3.0899999141693115,1365898
2024-03-25,3.0899999141693115,3.1600000858306885,3.0,3.059999942779541,851602
2024-03-26,3.059999942779541,3.130000114440918,3.049999952316284,3.0799999237060547,1162808
2024-03-27,3.0799999237060547,3.130000114440918,3.0,3.0299999713897705,1603846
2024-03-28,3.0299999713897705,3.190000057220459,3.0,3.119999885559082,1529097
2024-03-31,3.119999885559082,3.4200000762939453,3.130000114440918,3.2200000286102295,7879749
2024-04-01,3.2200000286102295,3.380000114440918,3.2200000286102295,3.369999885559082,4222326
2024-04-02,3.369999885559082,3.4000000953674316,3.25,3.259999990463257,1580377
2024-04-03,3.259999990463257,3.299999952316284,3.0999999046325684,3.200000047683716,2078790
2024-04-04,3.200000047683716,3.2799999713897705,3.1600000858306885,3.200000047683716,2931541
2024-04-07,3.200000047683716,3.240000009536743,3.130000114440918,3.140000104904175,816447
2024-04-08,3.140000104904175,3.1600000858306885,3.109999895095825,3.140000104904175,729195
2024-04-15,3.140000104904175,3.200000047683716,3.140000104904175,3.1600000858306885,1860776
2024-04-16,3.1600000858306885,3.240000009536743,3.1700000762939453,3.190000057220459,2576020
2024-04-17,3.190000057220459,3.240000009536743,3.190000057220459,3.200000047683716,2831244
2024-04-18,3.200000047683716,3.359999895095825,3.0999999046325684,3.119999885559082,8007994
2024-04-21,3.119999885559082,3.200000047683716,3.130000114440918,3.1500000953674316,1550325
2024-04-22,3.1500000953674316,3.2200000286102295,3.0299999713897705,3.059999942779541,3407880
2024-04-23,3.059999942779541,3.0899999141693115,2.8499999046325684,2.8499999046325684,3570799
2024-04-24,2.8499999046325684,2.890000104904175,2.7100000381469727,2.759999990463257,1568215
2024-04-28,2.759999990463257,2.759999990463257,2.759999990463257,2.759999990463257,0
2024-04-29,2.5899999141693115,2.6500000953674316,2.549999952316284,2.630000114440918,1682888
2024-04-30,2.630000114440918,2.680000066757202,2.369999885559082,2.4100000858306885,2147154
2024-05-02,2.490000009536743,2.559999942779541,2.430000066757202,2.490000009536743,1644405
2024-05-07,2.490000009536743,2.549999952316284,2.4000000953674316,2.4800000190734863,2096793
2024-05-08,2.4800000190734863,2.5299999713897705,2.369999885559082,2.4000000953674316,2137527
2024-05-09,2.4000000953674316,2.450000047683716,2.369999885559082,2.4000000953674316,2293444
2024-05-12,2.4000000953674316,2.440000057220459,2.2699999809265137,2.2899999618530273,1136644
2024-05-13,2.2899999618530273,2.440000057220459,2.200000047683716,2.380000114440918,3864192
2024-05-14,2.380000114440918,2.4200000762939453,2.2799999713897705,2.299999952316284,2758435
2024-05-15,2.299999952316284,2.4200000762939453,2.2799999713897705,2.309999942779541,2727485
2024-05-16,2.309999942779541,2.4200000762939453,2.319999933242798,2.4100000858306885,1608149
2024-05-19,2.4100000858306885,2.4100000858306885,2.4100000858306885,2.4100000858306885,0
2024-05-20,2.5,2.569999933242798,2.450000047683716,2.490000009536743,2185686
2024-05-21,2.490000009536743,2.5199999809265137,2.440000057220459,2.450000047683716,2260677
2024-05-22,2.450000047683716,2.5199999809265137,2.430000066757202,2.4700000286102295,2228071
2024-05-23,2.4700000286102295,2.5199999809265137,2.450000047683716,2.4700000286102295,3797658
2024-05-26,2.4700000286102295,2.4700000286102295,2.4700000286102295,2.4700000286102295,0
2024-05-27,2.490000009536743,2.5299999713897705,2.4600000381469727,2.509999990463257,3868364
2024-05-28,2.509999990463257,2.700000047683716,2.4600000381469727,2.630000114440918,7699578
2024-05-29,2.630000114440918,2.6500000953674316,2.490000009536743,2.5299999713897705,3345639
2024-05-30,2.5299999713897705,2.549999952316284,2.4600000381469727,2.490000009536743,1855680
2024-06-02,2.490000009536743,2.5299999713897705,2.4600000381469727,2.490000009536743,593586
2024-06-03,2.490000009536743,2.549999952316284,2.4600000381469727,2.5199999809265137,1923914
2024-06-04,2.5199999809265137,2.5999999046325684,2.5,2.5399999618530273,1898571
2024-06-05,2.5399999618530273,2.5299999713897705,2.440000057220459,2.450000047683716,1346796
2024-06-06,2.450000047683716,2.490000009536743,2.4200000762939453,2.430000066757202,804092
2024-06-09,2.430000066757202,2.430000066757202,2.369999885559082,2.4000000953674316,817934
2024-06-10,2.4000000953674316,2.75,2.509999990463257,2.640000104904175,8206756
2024-06-11,2.640000104904175,2.9200000762939453,2.5799999237060547,2.890000104904175,8909566
2024-06-12,2.890000104904175,3.0799999237060547,2.869999885559082,2.950000047683716,6897153
2024-06-13,2.950000047683716,3.0299999713897705,2.940000057220459,2.9800000190734863,2751029
2024-06-23,2.9800000190734863,3.0799999237060547,2.9600000381469727,3.059999942779541,2240682
2024-06-24,3.059999942779541,3.059999942779541,2.890000104904175,2.930000066757202,3624012
2024-06-25,2.930000066757202,3.0,2.859999895095825,2.990000009536743,1703742
2024-06-26,2.990000009536743,3.0399999618530273,2.9200000762939453,2.9800000190734863,1702163
2024-06-27,2.9800000190734863,3.0299999713897705,2.9200000762939453,2.9600000381469727,2455337
2024-07-02,2.940000057220459,3.049999952316284,2.9000000953674316,2.990000009536743,3942148
2024-07-03,2.990000009536743,3.0399999618530273,2.930000066757202,2.990000009536743,1687103
2024-07-04,2.990000009536743,3.0399999618530273,2.9600000381469727,2.9800000190734863,1312919
2024-07-07,2.9800000190734863,3.0399999618530273,2.950000047683716,3.0199999809265137,1045270
2024-07-08,3.0199999809265137,3.1700000762939453,3.0299999713897705,3.130000114440918,4630012
2024-07-09,3.130000114440918,3.1700000762939453,3.0999999046325684,3.109999895095825,1385703
2024-07-10,3.109999895095825,3.1500000953674316,3.059999942779541,3.0899999141693115,1756261
2024-07-14,3.0899999141693115,3.0999999046325684,2.940000057220459,2.950000047683716,2581931
2024-07-15,2.950000047683716,2.9700000286102295,2.869999885559082,2.880000114440918,2782106
2024-07-16,2.880000114440918,3.0299999713897705,2.9200000762939453,2.9800000190734863,1719988
2024-07-17,2.9800000190734863,3.0299999713897705,2.990000009536743,3.009999990463257,595617
2024-07-18,3.009999990463257,3.0399999618530273,2.950000047683716,2.9700000286102295,1840225
2024-07-21,2.9700000286102295,3.0,2.930000066757202,2.9700000286102295,1140099
2024-07-22,2.9700000286102295,3.069999933242798,2.9600000381469727,3.0199999809265137,3769731
2024-07-23,3.0199999809265137,3.190000057220459,3.0399999618530273,3.109999895095825,4850708
2024-07-24,3.109999895095825,3.1700000762939453,3.0399999618530273,3.119999885559082,1782618
2024-07-28,3.119999885559082,3.130000114440918,3.069999933242798,3.109999895095825,1098329
2024-07-29,3.109999895095825,3.140000104904175,3.049999952316284,3.0899999141693115,1877072
2024-07-30,3.0899999141693115,3.0999999046325684,3.0,3.069999933242798,2828655
2024-07-31,3.069999933242798,3.0799999237060547,3.009999990463257,3.0799999237060547,2943597
2024-08-01,3.0799999237060547,3.0999999046325684,3.0399999618530273,3.059999942779541,1146075
2024-08-04,3.059999942779541,3.0199999809265137,2.9100000858306885,2.9200000762939453,1694682
2024-08-05,2.9200000762939453,2.880000114440918,2.609999895095825,2.7100000381469727,4927657
2024-08-06,2.7100000381469727,2.8299999237060547,2.7200000286102295,2.7699999809265137,1605310
2024-08-07,2.7699999809265137,2.819999933242798,2.740000009536743,2.799999952316284,1287018
2024-08-08,2.799999952316284,2.8299999237060547,2.740000009536743,2.799999952316284,1645982
2024-08-11,2.799999952316284,2.940000057220459,2.809999942779541,2.9000000953674316,2021468
2024-08-12,2.9000000953674316,2.940000057220459,2.8499999046325684,2.869999885559082,894430
2024-08-13,2.869999885559082,2.9100000858306885,2.819999933242798,2.859999895095825,1503616
2024-08-14,2.859999895095825,2.890000104904175,2.819999933242798,2.859999895095825,840378
2024-08-15,2.859999895095825,2.9200000762939453,2.819999933242798,2.9100000858306885,1872423
2024-08-18,2.9100000858306885,2.9600000381469727,2.880000114440918,2.9100000858306885,1383836
2024-08-19,2.9100000858306885,2.9600000381469727,2.880000114440918,2.890000104904175,1324695
2024-08-20,2.890000104904175,2.9600000381469727,2.890000104904175,2.950000047683716,1519882
2024-08-21,2.950000047683716,3.0899999141693115,2.930000066757202,3.0399999618530273,3353135
2024-08-22,3.0399999618530273,3.1500000953674316,3.0299999713897705,3.059999942779541,2960261
2024-08-25,3.059999942779541,3.3399999141693115,3.0999999046325684,3.1700000762939453,6371067
2024-08-26,3.1700000762939453,3.319999933242798,3.1700000762939453,3.240000009536743,5008319
2024-08-27,3.240000009536743,3.5899999141693115,3.200000047683716,3.5199999809265137,17696021
2024-08-28,3.5199999809265137,3.759999990463257,3.5899999141693115,3.75,9697567
2024-08-29,3.75,3.759999990463257,3.5899999141693115,3.6700000762939453,4271745
2024-09-01,3.6700000762939453,3.690000057220459,3.5999999046325684,3.630000114440918,3995855
2024-09-02,3.630000114440918,3.680000066757202,3.4600000381469727,3.5199999809265137,3516419
2024-09-03,3.5199999809265137,3.549999952316284,3.319999933242798,3.450000047683716,3620433
2024-09-04,3.450000047683716,3.549999952316284,3.390000104904175,3.5299999713897705,2184389
2024-09-05,3.5299999713897705,3.5799999237060547,3.4000000953674316,3.450000047683716,2221220
2024-09-08,3.450000047683716,3.4800000190734863,3.299999952316284,3.3299999237060547,2840216
2024-09-09,3.3299999237060547,3.390000104904175,3.299999952316284,3.3399999141693115,1880172
2024-09-10,3.3399999141693115,3.5,3.299999952316284,3.3499999046325684,3546953
2024-09-11,3.3499999046325684,3.4100000858306885,3.2100000381469727,3.3399999141693115,1907456
2024-09-12,3.3399999141693115,3.4200000762939453,3.299999952316284,3.3299999237060547,2725983
2024-09-16,3.3299999237060547,3.3499999046325684,3.25,3.2899999618530273,1515897
2024-09-17,3.2899999618530273,3.3299999237060547,3.25,3.2799999713897705,1462425
2024-09-18,3.2799999713897705,3.2799999713897705,3.190000057220459,3.200000047683716,3216402
2024-09-19,3.200000047683716,3.2799999713897705,3.2100000381469727,3.2200000286102295,2015452
2024-09-22,3.2200000286102295,3.359999895095825,3.2200000286102295,3.3499999046325684,2732154
2024-09-23,3.3499999046325684,3.450000047683716,3.3499999046325684,3.4000000953674316,2217855
2024-09-24,3.4000000953674316,3.4000000953674316,3.4000000953674316,3.4000000953674316,0
2024-09-25,3.369999885559082,3.4100000858306885,3.3499999046325684,3.4000000953674316,2276900
2024-09-26,3.4000000953674316,3.440000057220459,3.380000114440918,3.390000104904175,1408073
2024-09-29,3.390000104904175,3.4100000858306885,3.3499999046325684,3.369999885559082,1407736
2024-09-30,3.369999885559082,3.4200000762939453,3.3499999046325684,3.3499999046325684,2140911
2024-10-01,3.3499999046325684,3.4000000953674316,3.3499999046325684,3.369999885559082,1196406
2024-10-02,3.369999885559082,3.369999885559082,3.259999990463257,3.2699999809265137,1804065
2024-10-03,3.2699999809265137,3.299999952316284,3.259999990463257,3.2899999618530273,2309135
2024-10-07,3.2899999618530273,3.4600000381469727,3.2699999809265137,3.3399999141693115,2992714
2024-10-08,3.3399999141693115,3.369999885559082,3.2100000381469727,3.2100000381469727,1733528
2024-10-09,3.2100000381469727,3.2799999713897705,3.2100000381469727,3.25,1258782
2024-10-10,3.25,3.299999952316284,3.2200000286102295,3.25,1131931
2024-10-13,3.25,3.299999952316284,3.2200000286102295,3.2300000190734863,1059857
2024-10-14,3.2300000190734863,3.2699999809265137,3.1500000953674316,3.200000047683716,1112971
2024-10-15,3.200000047683716,3.309999942779541,3.2100000381469727,3.2699999809265137,2239342
2024-10-16,3.2699999809265137,3.3499999046325684,3.259999990463257,3.2799999713897705,1641658
2024-10-17,3.2799999713897705,3.3399999141693115,3.259999990463257,3.2699999809265137,587996
2024-10-20,3.2699999809265137,3.299999952316284,3.190000057220459,3.2200000286102295,1510018
2024-10-21,3.2200000286102295,3.259999990463257,3.0899999141693115,3.240000009536743,857452
2024-10-22,3.240000009536743,3.299999952316284,3.2100000381469727,3.2799999713897705,1410744
2024-10-23,3.2799999713897705,3.359999895095825,3.25,3.309999942779541,1939019
2024-10-24,3.309999942779541,3.390000104904175,3.319999933242798,3.369999885559082,1218250
2024-10-27,3.369999885559082,3.4200000762939453,3.3499999046325684,3.369999885559082,1103773
2024-10-28,3.369999885559082,3.4100000858306885,3.3499999046325684,3.369999885559082,909234
2024-10-29,3.369999885559082,3.4000000953674316,3.3399999141693115,3.369999885559082,782786
2024-10-30,3.369999885559082,3.380000114440918,3.319999933242798,3.319999933242798,917003
2024-10-31,3.319999933242798,3.369999885559082,3.319999933242798,3.3399999141693115,421153
2024-11-03,3.3399999141693115,3.369999885559082,3.319999933242798,3.3399999141693115,889228
2024-11-04,3.3399999141693115,3.380000114440918,3.3299999237060547,3.369999885559082,1116542
2024-11-05,3.369999885559082,3.559999942779541,3.380000114440918,3.4800000190734863,5592250
2024-11-06,3.4800000190734863,3.559999942779541,3.450000047683716,3.4700000286102295,2746797
2024-11-07,3.4700000286102295,3.549999952316284,3.4700000286102295,3.490000009536743,1103631
2024-11-10,3.490000009536743,3.6700000762939453,3.5,3.6500000953674316,3721100
2024-11-11,3.6500000953674316,3.7300000190734863,3.5999999046325684,3.609999895095825,2155816
2024-11-12,3.609999895095825,3.630000114440918,3.5299999713897705,3.5399999618530273,5296539
2024-11-13,3.5399999618530273,3.569999933242798,3.4700000286102295,3.4700000286102295,4208554
2024-11-14,3.4700000286102295,3.5,3.4200000762939453,3.430000066757202,2439095
2024-11-17,3.430000066757202,3.4700000286102295,3.369999885559082,3.4000000953674316,2560636
2024-11-18,3.4000000953674316,3.4100000858306885,3.3399999141693115,3.359999895095825,834214
2024-11-19,3.359999895095825,3.359999895095825,3.309999942779541,3.3399999141693115,858638
2024-11-20,3.3399999141693115,3.390000104904175,3.319999933242798,3.359999895095825,1158673
2024-11-21,3.359999895095825,3.4100000858306885,3.3499999046325684,3.359999895095825,1072311
2024-11-24,3.359999895095825,3.380000114440918,3.3299999237060547,3.3499999046325684,546084
2024-11-25,3.3499999046325684,3.450000047683716,3.380000114440918,3.390000104904175,3621067
2024-11-26,3.390000104904175,3.4100000858306885,3.3499999046325684,3.359999895095825,1642407
2024-11-27,3.359999895095825,3.430000066757202,3.3299999237060547,3.3299999237060547,1755651
2024-11-28,3.3299999237060547,3.3499999046325684,3.2699999809265137,3.319999933242798,1118047
2024-12-01,3.319999933242798,3.369999885559082,3.319999933242798,3.3299999237060547,908057
2024-12-02,3.3299999237060547,3.369999885559082,3.299999952316284,3.299999952316284,1281479
2024-12-03,3.299999952316284,3.3399999141693115,3.2899999618530273,3.299999952316284,666939
2024-12-04,3.299999952316284,3.430000066757202,3.299999952316284,3.4000000953674316,2259370
2024-12-05,3.4000000953674316,3.440000057220459,3.380000114440918,3.380000114440918,2530784
2024-12-08,3.380000114440918,3.5999999046325684,3.380000114440918,3.5999999046325684,4958173
2024-12-09,3.5999999046325684,3.680000066757202,3.440000057220459,3.4600000381469727,6309930
2024-12-10,3.4600000381469727,3.5,3.4000000953674316,3.450000047683716,1343993
2024-12-11,3.450000047683716,3.490000009536743,3.4000000953674316,3.4100000858306885,1410648
2024-12-12,3.4100000858306885,3.4600000381469727,3.3499999046325684,3.390000104904175,1932317
2024-12-15,3.390000104904175,3.390000104904175,3.3399999141693115,3.359999895095825,1205454
2024-12-16,3.359999895095825,3.4200000762939453,3.3299999237060547,3.3399999141693115,2013078
2024-12-17,3.3399999141693115,3.380000114440918,3.319999933242798,3.3299999237060547,896103
2024-12-18,3.3299999237060547,3.3499999046325684,3.25,3.259999990463257,1831981
2024-12-19,3.259999990463257,3.25,3.200000047683716,3.2100000381469727,1928657
2024-12-22,3.2100000381469727,3.259999990463257,3.200000047683716,3.2100000381469727,2107321
2024-12-23,3.2100000381469727,3.2200000286102295,3.130000114440918,3.140000104904175,1361222
2024-12-24,3.140000104904175,3.1500000953674316,3.049999952316284,3.0999999046325684,1310172
2024-12-25,3.0999999046325684,3.1600000858306885,3.0899999141693115,3.0999999046325684,1203499
2024-12-26,3.0999999046325684,3.140000104904175,3.0999999046325684,3.109999895095825,802723
2024-12-29,3.109999895095825,3.140000104904175,3.049999952316284,3.0999999046325684,733436
2024-12-30,3.0999999046325684,3.130000114440918,3.0,3.0299999713897705,1374507
2024-12-31,3.0299999713897705,3.0899999141693115,3.0199999809265137,3.059999942779541,679329
2025-01-02,3.059999942779541,3.2100000381469727,3.069999933242798,3.1500000953674316,3156183
2025-01-05,3.1500000953674316,3.180000066757202,3.140000104904175,3.1600000858306885,1250808
2025-01-06,3.1600000858306885,3.180000066757202,3.0999999046325684,3.1500000953674316,1502254
2025-01-08,3.1500000953674316,3.130000114440918,3.0899999141693115,3.109999895095825,815346
2025-01-09,3.109999895095825,3.140000104904175,3.0899999141693115,3.0899999141693115,673092
2025-01-12,3.0899999141693115,3.0799999237060547,2.9700000286102295,3.0299999713897705,1141928
2025-01-13,3.0299999713897705,3.059999942779541,2.9800000190734863,2.990000009536743,703395
2025-01-14,2.990000009536743,3.0,2.930000066757202,2.9800000190734863,1173599
2025-01-15,2.9800000190734863,3.059999942779541,2.990000009536743,3.049999952316284,1482620
2025-01-16,3.049999952316284,3.119999885559082,3.049999952316284,3.0999999046325684,1469839
2025-01-19,3.049999952316284,3.1700000762939453,3.049999952316284,3.1600000858306885,2782448
2025-01-20,3.1600000858306885,3.180000066757202,3.119999885559082,3.1500000953674316,565197
2025-01-21,3.1500000953674316,3.2100000381469727,3.140000104904175,3.200000047683716,1430458
2025-01-22,3.200000047683716,3.240000009536743,3.1600000858306885,3.200000047683716,1574387
2025-01-23,3.200000047683716,3.2200000286102295,3.1700000762939453,3.190000057220459,1670908
2025-01-26,3.190000057220459,3.2100000381469727,3.1600000858306885,3.1700000762939453,645257
2025-01-27,3.1700000762939453,3.200000047683716,3.119999885559082,3.1500000953674316,1335740
2025-01-28,3.1500000953674316,3.2200000286102295,3.130000114440918,3.200000047683716,2699204
2025-01-29,3.200000047683716,3.3499999046325684,3.200000047683716,3.319999933242798,2969593
2025-01-30,3.319999933242798,3.359999895095825,3.2699999809265137,3.2899999618530273,1123870
2025-02-02,3.2899999618530273,3.3299999237060547,3.25,3.259999990463257,486361
2025-02-03,3.259999990463257,3.2899999618530273,3.180000066757202,3.200000047683716,912305
2025-02-04,3.200000047683716,3.2699999809265137,3.1700000762939453,3.240000009536743,711683
2025-02-05,3.240000009536743,3.299999952316284,3.2300000190734863,3.299999952316284,1905832
2025-02-06,3.299999952316284,3.299999952316284,3.25,3.2799999713897705,1259851
2025-02-09,3.2799999713897705,3.319999933242798,3.2699999809265137,3.2899999618530273,1275985
2025-02-10,3.2899999618530273,3.390000104904175,3.2799999713897705,3.380000114440918,2917276
2025-02-11,3.380000114440918,3.430000066757202,3.180000066757202,3.180000066757202,2443085
2025-02-12,3.180000066757202,3.2300000190734863,3.130000114440918,3.2100000381469727,1327484
2025-02-13,3.2100000381469727,3.319999933242798,3.200000047683716,3.299999952316284,1295255
2025-02-16,3.299999952316284,3.359999895095825,3.259999990463257,3.3399999141693115,804230
2025-02-17,3.3399999141693115,3.3399999141693115,3.2899999618530273,3.2899999618530273,1281339
2025-02-18,3.2899999618530273,3.3399999141693115,3.2699999809265137,3.2899999618530273,711690
2025-02-19,3.2899999618530273,3.319999933242798,3.2799999713897705,3.299999952316284,546480
2025-02-20,3.299999952316284,3.319999933242798,3.259999990463257,3.299999952316284,948609
2025-02-23,3.299999952316284,3.390000104904175,3.2899999618530273,3.3399999141693115,1644214
2025-02-24,3.3399999141693115,3.4200000762939453,3.3399999141693115,3.390000104904175,1976569
2025-02-25,3.390000104904175,3.4200000762939453,3.299999952316284,3.3299999237060547,1203358
2025-02-26,3.3299999237060547,3.369999885559082,3.2899999618530273,3.309999942779541,665502
2025-02-27,3.309999942779541,3.3299999237060547,3.2699999809265137,3.2899999618530273,2279885
2025-03-02,3.2899999618530273,3.3299999237060547,3.25,3.309999942779541,1193193
2025-03-03,3.309999942779541,3.3299999237060547,3.2699999809265137,3.2799999713897705,2159586
2025-03-04,3.2799999713897705,3.299999952316284,3.25,3.2899999618530273,1102289
2025-03-05,3.2899999618530273,3.2799999713897705,3.2300000190734863,3.25,524398
2025-03-06,3.25,3.2799999713897705,3.240000009536743,3.259999990463257,243780
2025-03-09,3.259999990463257,3.299999952316284,3.2699999809265137,3.2899999618530273,870098
2025-03-10,3.2899999618530273,3.3299999237060547,3.2899999618530273,3.309999942779541,849897
2025-03-11,3.309999942779541,3.319999933242798,3.2699999809265137,3.2799999713897705,681319
2025-03-12,3.2799999713897705,3.369999885559082,3.2799999713897705,3.3299999237060547,830708
2025-03-13,3.3299999237060547,3.380000114440918,3.319999933242798,3.3399999141693115,1669886
2025-03-16,3.3399999141693115,3.380000114440918,3.319999933242798,3.3299999237060547,1460480
2025-03-17,3.3299999237060547,3.3499999046325684,3.309999942779541,3.319999933242798,833237
2025-03-18,3.319999933242798,3.3499999046325684,3.299999952316284,3.309999942779541,975933
2025-03-19,3.309999942779541,3.4600000381469727,3.319999933242798,3.390000104904175,4596159
2025-03-20,3.390000104904175,3.509999990463257,3.4100000858306885,3.4800000190734863,4724930
2025-03-23,3.4800000190734863,3.509999990463257,3.4100000858306885,3.4200000762939453,2107241
2025-03-24,3.4200000762939453,3.490000009536743,3.369999885559082,3.390000104904175,1767340
2025-03-25,3.390000104904175,3.4200000762939453,3.3499999046325684,3.390000104904175,1086258
2025-03-26,3.390000104904175,3.4100000858306885,3.3399999141693115,3.3499999046325684,926277
2025-03-27,3.3499999046325684,3.380000114440918,3.2899999618530273,3.3399999141693115,2660874
2025-04-03,3.3399999141693115,3.359999895095825,3.2799999713897705,3.309999942779541,3206774
2025-04-06,3.309999942779541,3.200000047683716,3.0799999237060547,3.109999895095825,1878262
2025-04-07,3.109999895095825,3.109999895095825,3.049999952316284,3.0899999141693115,2385233
2025-04-08,3.0899999141693115,3.4000000953674316,3.119999885559082,3.2899999618530273,6217667
2025-04-09,3.2899999618530273,3.309999942779541,3.130000114440918,3.1500000953674316,2702910
2025-04-10,3.1500000953674316,3.259999990463257,3.200000047683716,3.2300000190734863,1922812
2025-04-13,3.2300000190734863,3.2699999809265137,3.200000047683716,3.25,1503082
2025-04-14,3.25,3.299999952316284,3.200000047683716,3.2300000190734863,8522270
2025-04-15,3.2300000190734863,3.359999895095825,3.2100000381469727,3.259999990463257,12304560
2025-04-16,3.259999990463257,3.2699999809265137,3.2100000381469727,3.2200000286102295,4504752
2025-04-17,3.2200000286102295,3.2300000190734863,3.190000057220459,3.200000047683716,4013860
2025-04-22,3.200000047683716,3.259999990463257,3.190000057220459,3.240000009536743,2830956
2025-04-23,3.240000009536743,3.299999952316284,3.240000009536743,3.25,2261870
2025-04-27,3.25,3.319999933242798,3.259999990463257,3.2799999713897705,1754647
2025-04-28,3.2799999713897705,3.319999933242798,3.2699999809265137,3.299999952316284,1838857
2025-04-29,3.299999952316284,3.3299999237060547,3.259999990463257,3.2699999809265137,3286165
2025-04-30,3.2699999809265137,3.2799999713897705,3.2300000190734863,3.259999990463257,2750476
2025-05-04,3.259999990463257,3.430000066757202,3.2799999713897705,3.430000066757202,5411534
2025-05-05,3.430000066757202,3.450000047683716,3.369999885559082,3.4000000953674316,4152935
2025-05-06,3.4000000953674316,3.569999933242798,3.430000066757202,3.549999952316284,9011460
2025-05-07,3.549999952316284,3.569999933242798,3.4100000858306885,3.4700000286102295,7420139
2025-05-08,3.4700000286102295,3.5199999809265137,3.3399999141693115,3.4000000953674316,4744027
2025-05-11,3.4000000953674316,3.4700000286102295,3.4100000858306885,3.440000057220459,1765912
2025-05-12,3.440000057220459,3.450000047683716,3.4000000953674316,3.4100000858306885,1034734
2025-05-13,3.4100000858306885,3.5199999809265137,3.4200000762939453,3.450000047683716,2285187
2025-05-14,3.450000047683716,3.4700000286102295,3.390000104904175,3.4100000858306885,1380701
2025-05-15,3.4100000858306885,3.430000066757202,3.369999885559082,3.369999885559082,1343922
2025-05-18,3.369999885559082,3.4000000953674316,3.319999933242798,3.319999933242798,1687843
2025-05-19,3.319999933242798,3.3399999141693115,3.299999952316284,3.299999952316284,1635833
2025-05-20,3.299999952316284,3.359999895095825,3.240000009536743,3.2899999618530273,1510485
2025-05-21,3.2899999618530273,3.299999952316284,3.2100000381469727,3.25,2911733
2025-05-22,3.25,3.2799999713897705,3.2300000190734863,3.25,2793618
2025-05-25,3.25,3.2899999618530273,3.259999990463257,3.259999990463257,1216363
2025-05-26,3.259999990463257,3.309999942779541,3.25,3.259999990463257,2591016
2025-05-27,3.259999990463257,3.2799999713897705,3.240000009536743,3.2699999809265137,2278772
2025-05-28,3.2699999809265137,3.299999952316284,3.25,3.25,2584730
2025-05-29,3.25,3.2799999713897705,3.240000009536743,3.259999990463257,2435970
2025-06-01,3.259999990463257,3.309999942779541,3.259999990463257,3.299999952316284,2478271
2025-06-02,3.299999952316284,3.380000114440918,3.309999942779541,3.3499999046325684,6189859
2025-06-03,3.3499999046325684,3.4200000762939453,3.359999895095825,3.380000114440918,6893982
2025-06-04,3.380000114440918,3.4000000953674316,3.3499999046325684,3.380000114440918,5138959
2025-06-10,3.380000114440918,3.4600000381469727,3.390000104904175,3.4600000381469727,2501130
2025-06-11,3.4600000381469727,3.4700000286102295,3.4000000953674316,3.4100000858306885,1774117
2025-06-12,3.4100000858306885,3.4000000953674316,3.3299999237060547,3.359999895095825,2816249
2025-06-15,3.359999895095825,3.200000047683716,2.7100000381469727,3.1700000762939453,3423583
2025-06-16,3.1700000762939453,3.2100000381469727,3.140000104904175,3.1600000858306885,844425
2025-06-17,3.1600000858306885,3.180000066757202,3.0299999713897705,3.0399999618530273,1713467
2025-06-18,3.0399999618530273,3.1700000762939453,3.009999990463257,3.119999885559082,1559136
2025-06-19,3.119999885559082,3.1500000953674316,3.049999952316284,3.109999895095825,1082742
2025-06-22,3.109999895095825,3.1700000762939453,2.9800000190734863,3.1600000858306885,960150
2025-06-23,3.1600000858306885,3.180000066757202,3.0999999046325684,3.1600000858306885,2918050
2025-06-24,3.1600000858306885,3.2799999713897705,3.190000057220459,3.259999990463257,2276005
2025-06-25,3.259999990463257,3.309999942779541,3.240000009536743,3.299999952316284,1194607
2025-06-29,3.299999952316284,3.359999895095825,3.2899999618530273,3.299999952316284,1269594
2025-06-30,3.299999952316284,3.3399999141693115,3.2799999713897705,3.2899999618530273,699130
2025-07-01,3.2899999618530273,3.2899999618530273,3.25,3.259999990463257,457464
2025-07-02,3.259999990463257,3.430000066757202,3.25,3.4000000953674316,3058921
2025-07-06,3.4000000953674316,3.4800000190734863,3.3499999046325684,3.450000047683716,4506854
2025-07-07,3.450000047683716,3.4700000286102295,3.380000114440918,3.430000066757202,1629844
2025-07-09,3.430000066757202,3.4200000762939453,3.3499999046325684,3.369999885559082,923103
2025-07-10,3.369999885559082,3.4200000762939453,3.369999885559082,3.4000000953674316,390783
2025-07-13,3.4000000953674316,3.4000000953674316,3.3399999141693115,3.359999895095825,1334369
2025-07-14,3.359999895095825,3.390000104904175,3.359999895095825,3.359999895095825,738379
2025-07-15,3.359999895095825,3.4200000762939453,3.359999895095825,3.369999885559082,1186349
2025-07-16,3.369999885559082,3.4200000762939453,3.359999895095825,3.369999885559082,450746
2025-07-17,3.369999885559082,3.4100000858306885,3.369999885559082,3.369999885559082,408941
2025-07-20,3.369999885559082,3.5399999618530273,3.390000104904175,3.4100000858306885,5916088
2025-07-21,3.4100000858306885,3.440000057220459,3.369999885559082,3.369999885559082,1877815
2025-07-22,3.369999885559082,3.5199999809265137,3.359999895095825,3.490000009536743,4823832
2025-07-23,3.490000009536743,3.490000009536743,3.490000009536743,3.490000009536743,0
2025-07-27,3.430000066757202,3.450000047683716,3.4000000953674316,3.4100000858306885,1527916
2025-07-28,3.4100000858306885,3.440000057220459,3.3499999046325684,3.369999885559082,1622175
2025-07-29,3.369999885559082,3.4000000953674316,3.3399999141693115,3.359999895095825,662330
2025-07-30,3.359999895095825,3.440000057220459,3.3299999237060547,3.3499999046325684,1244959
2025-07-31,3.3499999046325684,3.380000114440918,3.3299999237060547,3.359999895095825,491514
2025-08-03,3.359999895095825,3.359999895095825,3.359999895095825,3.359999895095825,0
2025-08-04,3.359999895095825,3.359999895095825,3.359999895095825,3.359999895095825,0
2025-08-05,3.359999895095825,3.359999895095825,3.359999895095825,3.359999895095825,0
2025-08-06,3.359999895095825,3.359999895095825,3.359999895095825,3.359999895095825,0
2025-08-07,3.359999895095825,3.359999895095825,3.359999895095825,3.359999895095825,0
2025-08-10,3.490000009536743,3.509999990463257,3.4600000381469727,3.4800000190734863,772987
2025-08-11,3.4800000190734863,3.490000009536743,3.430000066757202,3.440000057220459,1746903
2025-08-12,3.440000057220459,3.4800000190734863,3.4000000953674316,3.4600000381469727,697804
2025-08-13,3.4600000381469727,3.5,3.3499999046325684,3.4100000858306885,2886569
2025-08-14,3.4100000858306885,3.440000057220459,3.309999942779541,3.319999933242798,7031647
2025-08-17,3.319999933242798,3.3499999046325684,3.319999933242798,3.3399999141693115,1160820
2025-08-18,3.3399999141693115,3.369999885559082,3.3399999141693115,3.3499999046325684,1231215
2025-08-19,3.3499999046325684,3.380000114440918,3.3299999237060547,3.3499999046325684,1516107
2025-08-20,3.3499999046325684,3.359999895095825,3.2899999618530273,3.2899999618530273,2138603
2025-08-21,3.2899999618530273,3.390000104904175,3.2799999713897705,3.299999952316284,1170431
2025-08-24,3.299999952316284,3.390000104904175,3.319999933242798,3.3299999237060547,1188082
2025-08-25,3.3299999237060547,3.3399999141693115,3.2899999618530273,3.299999952316284,1320767
2025-08-26,3.299999952316284,3.369999885559082,3.299999952316284,3.3299999237060547,3057550
2025-08-27,3.3299999237060547,3.4000000953674316,3.309999942779541,3.390000104904175,2913258
2025-08-28,3.390000104904175,3.450000047683716,3.3399999141693115,3.359999895095825,2818080
2025-08-31,3.359999895095825,3.390000104904175,3.2699999809265137,3.2799999713897705,1187447
2025-09-01,3.2799999713897705,3.3299999237060547,3.2899999618530273,3.299999952316284,1314073
2025-09-02,3.299999952316284,3.3499999046325684,3.2799999713897705,3.2799999713897705,1106045
2025-09-03,3.2799999713897705,3.309999942779541,3.2200000286102295,3.25,1483442
2025-09-07,3.25,3.299999952316284,3.2300000190734863,3.25,868953
2025-09-08,3.25,3.259999990463257,3.2200000286102295,3.2200000286102295,388440
2025-09-09,3.2200000286102295,3.240000009536743,3.180000066757202,3.190000057220459,1111868
2025-09-10,3.190000057220459,3.2100000381469727,3.190000057220459,3.190000057220459,1352588
2025-09-11,3.190000057220459,3.2300000190734863,3.180000066757202,3.190000057220459,408616
2025-09-14,3.190000057220459,3.2200000286102295,3.190000057220459,3.200000047683716,887927
2025-09-15,3.200000047683716,3.2300000190734863,3.1700000762939453,3.180000066757202,1207486
2025-09-16,3.180000066757202,3.190000057220459,3.109999895095825,3.109999895095825,744663
2025-09-17,3.109999895095825,3.119999885559082,3.0399999618530273,3.0799999237060547,1956656
2025-09-18,3.0799999237060547,3.190000057220459,3.0999999046325684,3.140000104904175,3300583
2025-09-21,3.140000104904175,3.2799999713897705,3.180000066757202,3.25,2797168
2025-09-22,3.25,3.2799999713897705,3.200000047683716,3.259999990463257,1739911
2025-09-23,3.259999990463257,3.299999952316284,3.240000009536743,3.259999990463257,2084822
2025-09-24,3.259999990463257,3.2899999618530273,3.25,3.2699999809265137,625991
2025-09-25,3.2699999809265137,3.2899999618530273,3.2300000190734863,3.2300000190734863,1403552
2025-09-28,3.2300000190734863,3.2899999618530273,3.2300000190734863,3.2899999618530273,1069325
2025-09-29,3.2899999618530273,3.309999942779541,3.259999990463257,3.2899999618530273,891254
2025-09-30,3.2899999618530273,3.309999942779541,3.2699999809265137,3.299999952316284,929637
2025-10-01,3.299999952316284,3.3299999237060547,3.25,3.2799999713897705,1317579
2025-10-02,3.2799999713897705,3.299999952316284,3.240000009536743,3.25,1086142
2025-10-05,3.25,3.2799999713897705,3.25,3.259999990463257,974630
2025-10-06,3.259999990463257,3.2799999713897705,3.240000009536743,3.2699999809265137,835900
2025-10-07,3.2699999809265137,3.3299999237060547,3.25,3.2899999618530273,4768237
2025-10-08,3.2899999618530273,3.3299999237060547,3.259999990463257,3.309999942779541,1324877
2025-10-12,3.309999942779541,3.3399999141693115,3.2799999713897705,3.309999942779541,1200812
2025-10-13,3.309999942779541,3.309999942779541,3.2799999713897705,3.299999952316284,1363181
2025-10-14,3.299999952316284,3.3499999046325684,3.2799999713897705,3.319999933242798,708182
2025-10-15,3.319999933242798,3.3399999141693115,3.299999952316284,3.3299999237060547,1438298
2025-10-16,3.3299999237060547,3.450000047683716,3.3399999141693115,3.450000047683716,6585959
2025-10-19,3.450000047683716,3.490000009536743,3.390000104904175,3.4000000953674316,4117960
2025-10-20,3.4000000953674316,3.5399999618530273,3.4100000858306885,3.5,5066513
2025-10-21,3.5,3.619999885559082,3.4600000381469727,3.5999999046325684,4842282
2025-10-22,3.5999999046325684,4.320000171661377,3.630000114440918,4.320000171661377,34173895
2025-10-23,4.320000171661377,4.420000076293945,4.130000114440918,4.150000095367432,18023834
2025-10-26,4.150000095367432,4.480000019073486,4.150000095367432,4.239999771118164,19089170
2025-10-27,4.239999771118164,4.389999866485596,4.199999809265137,4.199999809265137,6408845
2025-10-28,4.199999809265137,4.239999771118164,4.050000190734863,4.119999885559082,3755013
2025-10-29,4.119999885559082,4.139999866485596,4.019999980926514,4.050000190734863,3565588
2025-10-30,4.050000190734863,4.199999809265137,4.059999942779541,4.090000152587891,4849120
2025-11-02,4.090000152587891,4.150000095367432,4.019999980926514,4.090000152587891,3652842
2025-11-03,4.090000152587891,4.159999847412109,4.050000190734863,4.070000171661377,3641171
2025-11-04,4.070000171661377,4.25,4.050000190734863,4.119999885559082,5041377
2025-11-05,4.119999885559082,4.179999828338623,4.059999942779541,4.090000152587891,2304891
2025-11-06,4.090000152587891,4.130000114440918,4.059999942779541,4.059999942779541,2698507
2025-11-09,4.059999942779541,4.110000133514404,4.03000020980835,4.039999961853027,2107362
2025-11-10,4.039999961853027,4.099999904632568,3.9600000381469727,4.019999980926514,3047507
2025-11-11,4.019999980926514,4.059999942779541,3.990000009536743,4.0,2100403
2025-11-12,4.0,4.070000171661377,4.0,4.050000190734863,2224869
2025-11-13,4.050000190734863,4.070000171661377,3.799999952316284,3.8499999046325684,13378436
2025-11-16,3.8499999046325684,4.039999961853027,3.8499999046325684,3.940000057220459,5124255
2025-11-17,3.940000057220459,4.079999923706055,3.9000000953674316,4.050000190734863,5292678
2025-11-18,4.050000190734863,4.170000076293945,4.070000171661377,4.070000171661377,8361543
2025-11-19,4.070000171661377,4.119999885559082,4.039999961853027,4.110000133514404,2325590
2025-11-20,4.110000133514404,4.130000114440918,4.070000171661377,4.090000152587891,2702833
2025-11-23,4.090000152587891,4.119999885559082,4.0,4.039999961853027,3096767
2025-11-24,4.039999961853027,4.170000076293945,4.03000020980835,4.130000114440918,2713535
2025-11-25,4.130000114440918,4.139999866485596,4.010000228881836,4.03000020980835,2346457
2025-11-26,4.03000020980835,4.059999942779541,4.0,4.050000190734863,1592656
2025-11-27,4.050000190734863,4.050000190734863,3.9600000381469727,3.9800000190734863,2319905
2025-11-30,3.9800000190734863,3.990000009536743,3.9100000858306885,3.930000066757202,1412385
2025-12-01,3.930000066757202,3.990000009536743,3.9100000858306885,3.9800000190734863,2451366
2025-12-02,3.9800000190734863,4.75,3.9600000381469727,4.420000076293945,13629669
2025-12-03,4.420000076293945,4.449999809265137,4.289999961853027,4.320000171661377,4011602
2025-12-04,4.320000171661377,4.360000133514404,4.230000019073486,4.269999980926514,1372319
2025-12-07,4.269999980926514,4.579999923706055,4.269999980926514,4.369999885559082,8731712
2025-12-08,4.369999885559082,4.400000095367432,4.329999923706055,4.389999866485596,3224596
2025-12-09,4.389999866485596,4.409999847412109,4.300000190734863,4.329999923706055,2719585
2025-12-10,4.329999923706055,4.349999904632568,4.289999961853027,4.289999961853027,1239621
2025-12-11,4.289999961853027,4.300000190734863,4.25,4.260000228881836,1761705
2025-12-14,4.260000228881836,4.28000020980835,4.150000095367432,4.190000057220459,1843589
2025-12-15,4.190000057220459,4.230000019073486,4.170000076293945,4.190000057220459,1615035
2025-12-16,4.190000057220459,4.199999809265137,3.8499999046325684,4.039999961853027,3623283
2025-12-17,4.039999961853027,4.090000152587891,4.0,4.0,1128515
2025-12-18,4.0,4.059999942779541,4.0,4.010000228881836,608483
2025-12-21,4.010000228881836,4.059999942779541,3.950000047683716,3.990000009536743,1002895
2025-12-22,3.990000009536743,4.019999980926514,3.950000047683716,3.9600000381469727,768879
2025-12-23,3.9600000381469727,4.329999923706055,3.9600000381469727,4.170000076293945,4177183
2025-12-24,4.170000076293945,4.21999979019165,4.090000152587891,4.099999904632568,1061564
2025-12-25,4.099999904632568,4.329999923706055,4.039999961853027,4.199999809265137,2637181
2025-12-28,4.199999809265137,4.300000190734863,4.179999828338623,4.190000057220459,2072397
2025-12-29,4.190000057220459,4.28000020980835,4.130000114440918,4.210000038146973,944756
2025-12-30,4.210000038146973,4.289999961853027,4.159999847412109,4.25,1578863
2025-12-31,4.25,4.429999828338623,4.25,4.349999904632568,3925557
2026-01-04,4.349999904632568,4.420000076293945,4.21999979019165,4.269999980926514,1293333
2026-01-05,4.269999980926514,4.289999961853027,4.130000114440918,4.150000095367432,1256013
2026-01-06,4.150000095367432,4.199999809265137,4.090000152587891,4.099999904632568,3608689
2026-01-08,4.099999904632568,4.150000095367432,4.050000190734863,4.059999942779541,1213681
2026-01-11,4.059999942779541,4.179999828338623,4.070000171661377,4.099999904632568,1110309
2026-01-12,4.099999904632568,4.179999828338623,4.059999942779541,4.070000171661377,1050540
2026-01-13,4.070000171661377,4.110000133514404,3.9700000286102295,4.039999961853027,1246119
2026-01-14,4.039999961853027,4.059999942779541,3.8499999046325684,3.940000057220459,1263757
2026-01-15,3.940000057220459,3.9700000286102295,3.8399999141693115,3.869999885559082,977185
2026-01-18,3.869999885559082,3.990000009536743,3.8499999046325684,3.930000066757202,572466
2026-01-19,3.930000066757202,4.0,3.930000066757202,4.0,1362051
2026-01-20,4.0,4.050000190734863,3.9800000190734863,3.9800000190734863,883667
2026-01-21,3.9800000190734863,4.090000152587891,3.950000047683716,4.070000171661377,1707428
2026-01-22,4.070000171661377,4.130000114440918,4.039999961853027,4.059999942779541,1015154
2026-01-25,4.059999942779541,4.079999923706055,3.9800000190734863,4.0,883553
2026-01-26,4.0,4.03000020980835,3.930000066757202,3.950000047683716,886326
2026-01-27,3.950000047683716,4.0,3.8499999046325684,3.880000114440918,1744837
2026-01-28,3.880000114440918,3.950000047683716,3.7200000286102295,3.75,2674164
2026-02-01,3.75,3.8499999046325684,3.7200000286102295,3.799999952316284,4390096
2026-02-02,3.799999952316284,3.8499999046325684,3.700000047683716,3.740000009536743,4440751
2026-02-03,3.740000009536743,3.8499999046325684,3.740000009536743,3.799999952316284,1465207
2026-02-04,3.799999952316284,3.9000000953674316,3.799999952316284,3.8299999237060547,1951626
2026-02-05,3.8299999237060547,3.890000104904175,3.7699999809265137,3.799999952316284,2569984
2026-02-08,3.799999952316284,3.930000066757202,3.799999952316284,3.9100000858306885,2521436
2026-02-09,3.9100000858306885,4.260000228881836,3.930000066757202,4.210000038146973,10259675
2026-02-10,4.210000038146973,4.409999847412109,4.099999904632568,4.269999980926514,6760127
2026-02-11,4.269999980926514,4.349999904632568,4.190000057220459,4.199999809265137,1920172
2026-02-12,4.199999809265137,4.25,4.139999866485596,4.159999847412109,1511561
2026-02-15,4.159999847412109,4.260000228881836,4.099999904632568,4.199999809265137,3153367
2026-02-16,4.199999809265137,4.269999980926514,4.139999866485596,4.139999866485596,1772967
2026-02-17,4.139999866485596,4.239999771118164,4.150000095367432,4.199999809265137,1135224
2026-02-18,4.199999809265137,4.260000228881836,4.150000095367432,4.199999809265137,1453446
2026-02-19,4.199999809265137,4.239999771118164,4.099999904632568,4.099999904632568,566481
2026-02-22,4.099999904632568,4.190000057220459,3.930000066757202,3.950000047683716,1135636
2026-02-23,3.950000047683716,4.090000152587891,3.940000057220459,4.039999961853027,481973
2026-02-24,4.039999961853027,4.179999828338623,4.0,4.130000114440918,1195986
2026-02-25,4.130000114440918,4.159999847412109,3.940000057220459,4.0,1392282
2026-02-26,4.0,4.150000095367432,3.9600000381469727,4.039999961853027,2297608
2026-03-01,4.039999961853027,3.9700000286102295,3.809999942779541,3.9600000381469727,822819
2026-03-02,3.9600000381469727,4.0,3.9000000953674316,3.9600000381469727,928682
2026-03-03,3.9600000381469727,4.0,3.869999885559082,3.9800000190734863,1538542
2026-03-04,3.9800000190734863,4.190000057220459,3.890000104904175,4.110000133514404,1730273
2026-03-05,4.110000133514404,4.230000019073486,4.110000133514404,4.150000095367432,919256
2026-03-08,4.150000095367432,4.210000038146973,4.099999904632568,4.139999866485596,1526299
2026-03-09,4.139999866485596,4.190000057220459,4.050000190734863,4.099999904632568,1370209
2026-03-10,4.099999904632568,4.179999828338623,4.099999904632568,4.179999828338623,1262892
2026-03-11,4.179999828338623,4.199999809265137,4.130000114440918,4.150000095367432,960985
2026-03-12,4.150000095367432,4.199999809265137,4.130000114440918,4.139999866485596,265446
2026-03-15,4.139999866485596,4.190000057220459,4.079999923706055,4.110000133514404,683372
2026-03-16,4.110000133514404,4.170000076293945,4.050000190734863,4.070000171661377,631315
2026-03-17,4.070000171661377,4.139999866485596,4.070000171661377,4.110000133514404,158195
2026-03-18,4.110000133514404,4.150000095367432,4.090000152587891,4.119999885559082,186424
2026-03-19,4.119999885559082,4.119999885559082,4.119999885559082,4.119999885559082,0
2026-03-24,4.119999885559082,4.190000057220459,4.090000152587891,4.139999866485596,574596
2026-03-25,4.139999866485596,4.21999979019165,4.150000095367432,4.179999828338623,1658364
2026-03-26,4.179999828338623,4.199999809265137,4.099999904632568,4.130000114440918,943281
2026-03-29,4.130000114440918,4.130000114440918,4.03000020980835,4.079999923706055,308939
2026-03-30,4.079999923706055,4.099999904632568,4.03000020980835,4.070000171661377,280272
2026-03-31,4.070000171661377,4.099999904632568,4.0,4.079999923706055,373944
2026-04-01,4.079999923706055,4.150000095367432,4.079999923706055,4.119999885559082,413617
2026-04-02,4.119999885559082,4.150000095367432,4.079999923706055,4.150000095367432,816130
2026-04-05,4.150000095367432,4.320000171661377,4.199999809265137,4.269999980926514,3545813
2026-04-06,4.269999980926514,4.449999809265137,4.25,4.440000057220459,2853328
2026-04-07,4.440000057220459,4.53000020980835,4.360000133514404,4.449999809265137,2681691
2026-04-08,4.449999809265137,4.53000020980835,4.400000095367432,4.5,1804711
2026-04-09,4.5,4.519999980926514,4.409999847412109,4.5,1080831
2026-04-14,4.5,4.690000057220459,4.440000057220459,4.690000057220459,3374922
2026-04-15,4.690000057220459,4.869999885559082,4.599999904632568,4.760000228881836,4433810
2026-04-16,4.760000228881836,4.849999904632568,4.699999809265137,4.829999923706055,3132318
2026-04-19,4.829999923706055,4.889999866485596,4.800000190734863,4.849999904632568,2262734
2026-04-20,4.849999904632568,4.849999904632568,4.75,4.840000152587891,1331644
2026-04-21,4.840000152587891,4.840000152587891,4.75,4.820000171661377,709950
2026-04-22,4.820000171661377,4.840000152587891,4.75,4.840000152587891,979719
2026-04-23,4.840000152587891,5.099999904632568,4.829999923706055,5.0,7809458
2026-04-26,5.0,5.010000228881836,4.900000095367432,4.989999771118164,1652972
2026-04-27,4.989999771118164,5.150000095367432,4.920000076293945,5.130000114440918,2177457
2026-04-28,5.130000114440918,5.21999979019165,5.03000020980835,5.150000095367432,2521068
2026-04-29,5.150000095367432,5.179999828338623,5.090000152587891,5.150000095367432,1091180
2026-04-30,5.150000095367432,5.159999847412109,4.960000038146973,5.039999961853027,1979359
2026-05-03,5.039999961853027,5.190000057220459,5.010000228881836,5.170000076293945,3602434
2026-05-04,5.170000076293945,5.269999980926514,5.130000114440918,5.239999771118164,3800603
2026-05-05,5.239999771118164,5.239999771118164,5.079999923706055,5.230000019073486,1747082
2026-05-06,5.230000019073486,5.260000228881836,5.090000152587891,5.25,2537027
2026-05-10,5.25,5.900000095367432,5.199999809265137,5.769999980926514,8627583
2026-05-11,5.769999980926514,5.949999809265137,5.610000133514404,5.900000095367432,3570013
2026-05-12,5.900000095367432,5.940000057220459,5.650000095367432,5.730000019073486,2363239
2026-05-13,5.730000019073486,5.940000057220459,5.659999847412109,5.880000114440918,3688438
2026-05-14,5.880000114440918,6.090000152587891,5.679999828338623,5.75,10083349
2026-05-17,5.75,5.849999904632568,5.5,5.650000095367432,1597761
2026-05-18,5.650000095367432,5.699999809265137,5.349999904632568,5.46999979019165,2450001
2026-05-19,5.46999979019165,5.489999771118164,5.300000190734863,5.429999828338623,2372414
2026-05-20,5.429999828338623,5.699999809265137,5.340000152587891,5.570000171661377,3679367
2026-05-21,5.570000171661377,5.650000095367432,5.320000171661377,5.449999809265137,2324018
2026-05-24,5.449999809265137,5.599999904632568,5.349999904632568,5.590000152587891,1302781
2026-05-25,5.590000152587891,5.860000133514404,5.5,5.699999809265137,3873625
2026-05-26,5.699999809265137,5.699999809265137,5.699999809265137,5.699999809265137,0
2026-05-27,5.699999809265137,5.699999809265137,5.699999809265137,5.699999809265137,0
2026-05-28,5.699999809265137,5.699999809265137,5.699999809265137,5.699999809265137,0
2026-06-01,5.699999809265137,5.889999866485596,5.739999771118164,5.889999866485596,1109356
2026-06-02,5.889999866485596,6.079999923706055,5.860000133514404,6.03000020980835,3537706
2026-06-03,6.03000020980835,6.210000038146973,5.949999809265137,6.179999828338623,5442644
2026-06-04,6.179999828338623,6.340000152587891,6.170000076293945,6.28000020980835,3918169
2026-06-07,6.28000020980835,6.340000152587891,6.139999866485596,6.190000057220459,2032304
2026-06-08,6.190000057220459,6.150000095367432,5.960000038146973,6.079999923706055,2001513
2026-06-09,6.079999923706055,6.289999961853027,6.03000020980835,6.139999866485596,1056181
2026-06-10,6.139999866485596,6.289999961853027,6.0,6.090000152587891,3719006
2026-06-11,6.090000152587891,6.329999923706055,5.909999847412109,6.25,225680174
2026-06-14,6.25,6.449999809265137,6.199999809265137,6.420000076293945,4445723
2026-06-15,6.420000076293945,6.679999828338623,6.400000095367432,6.670000076293945,4241574
2026-06-16,6.670000076293945,8.0,6.599999904632568,7.820000171661377,25878850
2026-06-17,7.820000171661377,7.820000171661377,7.820000171661377,7.820000171661377,0
2026-06-18,7.820000171661377,7.820000171661377,7.820000171661377,7.820000171661377,0
2026-06-21,8.75,9.0,7.909999847412109,7.909999847412109,12738562
2026-06-22,7.909999847412109,7.909999847412109,7.909999847412109,7.909999847412109,0
2026-06-23,6.900000095367432,7.179999828338623,6.670000076293945,6.989999771118164,14869402
2026-06-24,6.989999771118164,7.539999961853027,6.980000019073486,7.159999847412109,18678442
2026-06-25,7.159999847412109,7.449999809265137,7.010000228881836,7.059999942779541,10283061
2026-06-28,7.059999942779541,7.170000076293945,6.800000190734863,7.0,6990694
2026-06-29,7.0,7.369999885559082,7.0,7.159999847412109,10509721
2026-06-30,7.159999847412109,7.510000228881836,7.260000228881836,7.400000095367432,8694958
2026-07-01,7.400000095367432,7.849999904632568,7.400000095367432,7.670000076293945,8905574
2026-07-05,7.670000076293945,8.079999923706055,7.619999885559082,7.730000019073486,10663617
2026-07-06,7.730000019073486,8.800000190734863,7.699999809265137,8.3100004196167,23096839
2026-07-07,8.3100004196167,8.5,8.180000305175781,8.5,9071922
2026-07-08,8.5,8.65999984741211,8.229999542236328,8.300000190734863,8298929
2026-07-09,8.300000190734863,8.680000305175781,8.239999771118164,8.600000381469727,5350217
2026-07-12,8.600000381469727,8.84000015258789,8.520000457763672,8.539999961853027,8797398
2026-07-13,8.539999961853027,8.600000381469727,8.199999809265137,8.199999809265137,6480590
2026-07-14,8.199999809265137,9.100000381469727,8.210000038146973,8.890000343322754,23833968
2026-07-15,8.890000343322754,9.949999809265137,9.050000190734863,9.949999809265137,32017279
2026-07-16,9.949999809265137,9.989999771118164,9.350000381469727,9.59000015258789,20315584
2026-07-19,9.59000015258789,10.1899995803833,9.630000114440918,10.149999618530273,24307408
2026-07-20,10.149999618530273,10.399999618530273,9.170000076293945,9.399999618530273,23990831
2026-07-21,9.399999618530273,9.789999961853027,9.399999618530273,9.6899995803833,11599459
2026-07-22,9.6899995803833,9.850000381469727,9.399999618530273,9.800000190734863,10333371
2026-07-26,9.800000190734863,9.850000381469727,9.359999656677246,9.380000114440918,7355518
2026-07-27,9.380000114440918,9.569999694824219,9.170000076293945,9.270000457763672,6342508
2026-07-28,9.270000457763672,9.479999542236328,9.069999694824219,9.149999618530273,3325554
2026-07-29,9.149999618530273,9.550000190734863,9.15999984741211,9.460000038146973,13175493
2026-07-30,9.460000038146973,9.5,9.029999732971191,9.149999618530273,5211928
2026-08-02,9.149999618530273,9.550000190734863,9.229999542236328,9.489999771118164,7164320
2026-08-03,9.489999771118164,9.739999771118164,9.489999771118164,9.680000305175781,7848862
2026-08-04,9.680000305175781,9.75,9.270000457763672,9.359999656677246,8580006
2026-08-05,9.359999656677246,9.470000267028809,9.1899995803833,9.199999809265137,8949747
2026-08-06,9.199999809265137,9.3100004196167,9.09000015258789,9.100000381469727,3133161
