date,open,high,low,close,volume
2022-01-02,0.5809999704360962,0.6359999775886536,0.5889999866485596,0.6309999823570251,9035198
2022-01-03,0.6309999823570251,0.6430000066757202,0.621999979019165,0.6230000257492065,4964194
2022-01-04,0.6230000257492065,0.6299999952316284,0.6119999885559082,0.6179999709129333,1718414
2022-01-05,0.6179999709129333,0.6299999952316284,0.6179999709129333,0.6209999918937683,1825842
2022-01-09,0.6209999918937683,0.6209999918937683,0.6209999918937683,0.6209999918937683,0
2022-01-10,0.6150000095367432,0.6150000095367432,0.6029999852180481,0.609000027179718,2533817
2022-01-11,0.609000027179718,0.6150000095367432,0.6019999980926514,0.6039999723434448,1627713
2022-01-12,0.6039999723434448,0.6129999756813049,0.5920000076293945,0.5979999899864197,2008774
2022-01-13,0.5979999899864197,0.5979999899864197,0.5820000171661377,0.5839999914169312,2188991
2022-01-16,0.5839999914169312,0.5809999704360962,0.5630000233650208,0.5690000057220459,1667551
2022-01-17,0.5690000057220459,0.5849999785423279,0.5609999895095825,0.5699999928474426,1226412
2022-01-18,0.5699999928474426,0.5830000042915344,0.5630000233650208,0.5799999833106995,1102387
2022-01-19,0.5799999833106995,0.5770000219345093,0.5659999847412109,0.5690000057220459,1753741
2022-01-20,0.5690000057220459,0.5730000138282776,0.5630000233650208,0.5649999976158142,869035
2022-01-23,0.5649999976158142,0.5770000219345093,0.5569999814033508,0.5580000281333923,776417
2022-01-24,0.5580000281333923,0.5580000281333923,0.5419999957084656,0.5440000295639038,1421190
2022-01-25,0.5440000295639038,0.5559999942779541,0.5350000262260437,0.5479999780654907,1176266
2022-01-26,0.5479999780654907,0.5559999942779541,0.5400000214576721,0.546999990940094,1254940
2022-01-30,0.546999990940094,0.5550000071525574,0.5379999876022339,0.5400000214576721,908916
2022-01-31,0.5400000214576721,0.546999990940094,0.5360000133514404,0.5460000038146973,990940
2022-02-01,0.5460000038146973,0.5669999718666077,0.550000011920929,0.5559999942779541,1959587
2022-02-02,0.5559999942779541,0.5659999847412109,0.550000011920929,0.5519999861717224,889386
2022-02-03,0.5519999861717224,0.5540000200271606,0.546999990940094,0.550000011920929,573078
2022-02-06,0.550000011920929,0.5559999942779541,0.5400000214576721,0.5429999828338623,2047816
2022-02-07,0.5429999828338623,0.5490000247955322,0.5360000133514404,0.5379999876022339,1345649
2022-02-08,0.5379999876022339,0.5490000247955322,0.5350000262260437,0.5419999957084656,1336044
2022-02-09,0.5419999957084656,0.550000011920929,0.5239999890327454,0.531000018119812,2541522
2022-02-10,0.531000018119812,0.5320000052452087,0.5170000195503235,0.5210000276565552,1372019
2022-02-13,0.5210000276565552,0.531000018119812,0.47999998927116394,0.4909999966621399,3284865
2022-02-14,0.4909999966621399,0.5339999794960022,0.4699999988079071,0.5199999809265137,5443008
2022-02-15,0.5199999809265137,0.5299999713897705,0.515999972820282,0.5270000100135803,1392813
2022-02-16,0.5270000100135803,0.5299999713897705,0.5199999809265137,0.5239999890327454,1328988
2022-02-17,0.5239999890327454,0.5370000004768372,0.5149999856948853,0.5320000052452087,1791717
2022-02-20,0.5320000052452087,0.5389999747276306,0.5199999809265137,0.5320000052452087,1556733
2022-02-21,0.5320000052452087,0.5450000166893005,0.5260000228881836,0.5329999923706055,1365965
2022-02-22,0.5329999923706055,0.531000018119812,0.5080000162124634,0.5299999713897705,2366726
2022-02-23,0.5299999713897705,0.5400000214576721,0.5220000147819519,0.5379999876022339,965656
2022-02-24,0.5379999876022339,0.5080000162124634,0.4519999921321869,0.4830000102519989,2820694
2022-02-27,0.4830000102519989,0.503000020980835,0.47999998927116394,0.5,1284300
2022-02-28,0.5,0.5,0.48100000619888306,0.5,609871
2022-03-01,0.5,0.5099999904632568,0.4909999966621399,0.5009999871253967,1836427
2022-03-02,0.5009999871253967,0.5080000162124634,0.49000000953674316,0.49300000071525574,1908150
2022-03-03,0.49300000071525574,0.5090000033378601,0.49300000071525574,0.5,707636
2022-03-06,0.5,0.5049999952316284,0.49300000071525574,0.5,522600
2022-03-07,0.5,0.5,0.47600001096725464,0.47999998927116394,900610
2022-03-08,0.47999998927116394,0.47999998927116394,0.47999998927116394,0.47999998927116394,0
2022-03-09,0.4880000054836273,0.5,0.49000000953674316,0.49399998784065247,625314
2022-03-10,0.49399998784065247,0.5040000081062317,0.49000000953674316,0.49399998784065247,595148
2022-03-13,0.49399998784065247,0.49900001287460327,0.47699999809265137,0.49399998784065247,184865
2022-03-14,0.49399998784065247,0.49399998784065247,0.49399998784065247,0.49399998784065247,609306
2022-03-15,0.49399998784065247,0.492000013589859,0.4659999907016754,0.46799999475479126,1410804
2022-03-16,0.46799999475479126,0.49000000953674316,0.4699999988079071,0.4819999933242798,850092
2022-03-17,0.4819999933242798,0.49300000071525574,0.47999998927116394,0.48100000619888306,643520
2022-03-20,0.48100000619888306,0.49000000953674316,0.4650000035762787,0.47099998593330383,3892747
2022-03-21,0.47099998593330383,0.49000000953674316,0.4729999899864197,0.4819999933242798,2322560
2022-03-22,0.4819999933242798,0.49300000071525574,0.47999998927116394,0.48399999737739563,1627912
2022-03-23,0.48399999737739563,0.4880000054836273,0.4749999940395355,0.48399999737739563,221775
2022-03-24,0.48399999737739563,0.47999998927116394,0.44999998807907104,0.4580000042915344,4273957
2022-03-27,0.4580000042915344,0.453000009059906,0.414000004529953,0.42100000381469727,5440173
2022-03-28,0.42100000381469727,0.46700000762939453,0.41999998688697815,0.42800000309944153,8380025
2022-03-29,0.42800000309944153,0.44200000166893005,0.41499999165534973,0.42899999022483826,2548112
2022-03-30,0.42899999022483826,0.4390000104904175,0.41999998688697815,0.42500001192092896,1821658
2022-03-31,0.42500001192092896,0.42800000309944153,0.4169999957084656,0.42500001192092896,528709
2022-04-03,0.42500001192092896,0.4300000071525574,0.42500001192092896,0.42500001192092896,434458
2022-04-04,0.42500001192092896,0.4339999854564667,0.42100000381469727,0.42500001192092896,334063
2022-04-05,0.42500001192092896,0.4300000071525574,0.42500001192092896,0.42500001192092896,538693
2022-04-06,0.42500001192092896,0.42500001192092896,0.4099999964237213,0.414000004529953,1753737
2022-04-07,0.414000004529953,0.4189999997615814,0.4050000011920929,0.414000004529953,698896
2022-04-10,0.414000004529953,0.40799999237060547,0.35199999809265137,0.39399999380111694,1816075
2022-04-11,0.39399999380111694,0.39899998903274536,0.36500000953674316,0.37299999594688416,1438195
2022-04-12,0.37299999594688416,0.3880000114440918,0.3610000014305115,0.36899998784065247,959777
2022-04-13,0.36899998784065247,0.3840000033378601,0.3619999885559082,0.3790000081062317,1496474
2022-04-14,0.3790000081062317,0.3790000081062317,0.33000001311302185,0.3449999988079071,2590349
2022-04-17,0.3449999988079071,0.3569999933242798,0.30799999833106995,0.31200000643730164,2237730
2022-04-18,0.31200000643730164,0.3190000057220459,0.25999999046325684,0.29899999499320984,1591169
2022-04-19,0.29899999499320984,0.328000009059906,0.296999990940094,0.31700000166893005,1265130
2022-04-20,0.31700000166893005,0.3400000035762787,0.3149999976158142,0.3310000002384186,2061662
2022-04-21,0.3310000002384186,0.39500001072883606,0.34299999475479126,0.37299999594688416,2835030
2022-04-26,0.37299999594688416,0.3840000033378601,0.3499999940395355,0.3569999933242798,1997940
2022-04-27,0.3569999933242798,0.36000001430511475,0.3440000116825104,0.3529999852180481,927552
2022-04-28,0.3529999852180481,0.3880000114440918,0.3499999940395355,0.3799999952316284,2843170
2022-05-08,0.3799999952316284,0.43700000643730164,0.36500000953674316,0.4300000071525574,4037553
2022-05-09,0.4300000071525574,0.4399999976158142,0.41499999165534973,0.4359999895095825,4149959
2022-05-10,0.4359999895095825,0.46299999952316284,0.4339999854564667,0.45399999618530273,3655748
2022-05-11,0.45399999618530273,0.4580000042915344,0.4350000023841858,0.4399999976158142,979193
2022-05-12,0.4399999976158142,0.4410000145435333,0.41600000858306885,0.4230000078678131,2831137
2022-05-15,0.4230000078678131,0.4429999887943268,0.41999998688697815,0.42500001192092896,2748971
2022-05-16,0.42500001192092896,0.4339999854564667,0.41999998688697815,0.42500001192092896,188785
2022-05-17,0.42500001192092896,0.4429999887943268,0.41999998688697815,0.4359999895095825,1253100
2022-05-18,0.4359999895095825,0.4480000138282776,0.4269999861717224,0.42899999022483826,2324415
2022-05-19,0.42899999022483826,0.4309999942779541,0.41200000047683716,0.421999990940094,1074571
2022-05-22,0.421999990940094,0.43299999833106995,0.4099999964237213,0.421999990940094,591511
2022-05-23,0.421999990940094,0.42500001192092896,0.41499999165534973,0.421999990940094,150048
2022-05-24,0.421999990940094,0.41999998688697815,0.4099999964237213,0.421999990940094,392451
2022-05-25,0.421999990940094,0.40799999237060547,0.3919999897480011,0.421999990940094,305728
2022-05-26,0.421999990940094,0.4009999930858612,0.3700000047683716,0.421999990940094,671716
2022-05-29,0.421999990940094,0.382999986410141,0.375,0.421999990940094,241661
2022-05-30,0.421999990940094,0.4059999883174896,0.37599998712539673,0.421999990940094,321175
2022-05-31,0.421999990940094,0.421999990940094,0.4000000059604645,0.421999990940094,246795
2022-06-01,0.421999990940094,0.421999990940094,0.3880000114440918,0.421999990940094,264838
2022-06-02,0.421999990940094,0.421999990940094,0.37599998712539673,0.421999990940094,467983
2022-06-05,0.421999990940094,0.421999990940094,0.421999990940094,0.421999990940094,0
2022-06-06,0.421999990940094,0.421999990940094,0.38999998569488525,0.421999990940094,108996
2022-06-07,0.421999990940094,0.4000000059604645,0.39100000262260437,0.421999990940094,491929
2022-06-08,0.421999990940094,0.41499999165534973,0.4000000059604645,0.4099999964237213,2163622
2022-06-09,0.4099999964237213,0.4269999861717224,0.4090000092983246,0.4129999876022339,3721662
2022-06-12,0.4129999876022339,0.4180000126361847,0.40299999713897705,0.40700000524520874,938234
2022-06-13,0.40700000524520874,0.41200000047683716,0.3869999945163727,0.39100000262260437,1253629
2022-06-14,0.39100000262260437,0.4090000092983246,0.38999998569488525,0.4020000100135803,836440
2022-06-15,0.4020000100135803,0.4099999964237213,0.3959999978542328,0.39800000190734863,803941
2022-06-16,0.39800000190734863,0.4259999990463257,0.3919999897480011,0.41999998688697815,4178663
2022-06-19,0.41999998688697815,0.4399999976158142,0.4180000126361847,0.41999998688697815,6641560
2022-06-20,0.41999998688697815,0.42899999022483826,0.4129999876022339,0.4230000078678131,3312123
2022-06-21,0.4230000078678131,0.4320000112056732,0.41600000858306885,0.4180000126361847,912105
2022-06-22,0.4180000126361847,0.4269999861717224,0.40299999713897705,0.4180000126361847,711787
2022-06-23,0.4180000126361847,0.4090000092983246,0.39100000262260437,0.3959999978542328,1574808
2022-06-26,0.3959999978542328,0.4009999930858612,0.3790000081062317,0.3959999978542328,672420
2022-06-27,0.3959999978542328,0.38999998569488525,0.3720000088214874,0.3790000081062317,1154027
2022-06-28,0.3790000081062317,0.382999986410141,0.35100001096725464,0.3790000081062317,648694
2022-06-29,0.3790000081062317,0.3869999945163727,0.367000013589859,0.3790000081062317,597025
2022-07-03,0.3790000081062317,0.3799999952316284,0.36000001430511475,0.3790000081062317,373950
2022-07-04,0.3790000081062317,0.3790000081062317,0.34200000762939453,0.3790000081062317,721610
2022-07-05,0.3790000081062317,0.3799999952316284,0.35499998927116394,0.3790000081062317,608316
2022-07-06,0.3790000081062317,0.37400001287460327,0.35499998927116394,0.3790000081062317,397876
2022-07-07,0.3790000081062317,0.3930000066757202,0.37299999594688416,0.3790000081062317,347882
2022-07-17,0.3790000081062317,0.3880000114440918,0.3700000047683716,0.3790000081062317,433588
2022-07-18,0.3790000081062317,0.3919999897480011,0.3619999885559082,0.38499999046325684,1048344
2022-07-19,0.38499999046325684,0.39500001072883606,0.37599998712539673,0.38499999046325684,965161
2022-07-20,0.38499999046325684,0.39100000262260437,0.3799999952316284,0.38499999046325684,307727
2022-07-21,0.38499999046325684,0.3930000066757202,0.3779999911785126,0.3889999985694885,1831820
2022-07-24,0.3889999985694885,0.40400001406669617,0.38600000739097595,0.3959999978542328,1501760
2022-07-25,0.3959999978542328,0.4000000059604645,0.3869999945163727,0.3959999978542328,607472
2022-07-26,0.3959999978542328,0.41499999165534973,0.38999998569488525,0.4009999930858612,2618443
2022-07-27,0.4009999930858612,0.4169999957084656,0.3959999978542328,0.4009999930858612,2404590
2022-07-28,0.4009999930858612,0.4090000092983246,0.38999998569488525,0.39899998903274536,787152
2022-07-31,0.39899998903274536,0.40700000524520874,0.3959999978542328,0.39899998903274536,463520
2022-08-01,0.39899998903274536,0.40400001406669617,0.3869999945163727,0.3880000114440918,1058489
2022-08-02,0.3880000114440918,0.4000000059604645,0.38499999046325684,0.3959999978542328,1177273
2022-08-03,0.3959999978542328,0.4059999883174896,0.39399999380111694,0.4020000100135803,1161708
2022-08-04,0.4020000100135803,0.4059999883174896,0.39500001072883606,0.40299999713897705,2067914
2022-08-07,0.40299999713897705,0.4449999928474426,0.4099999964237213,0.4429999887943268,3346304
2022-08-08,0.4429999887943268,0.5040000081062317,0.4449999928474426,0.47099998593330383,8005028
2022-08-09,0.47099998593330383,0.5070000290870667,0.4560000002384186,0.4699999988079071,5515676
2022-08-10,0.4699999988079071,0.5099999904632568,0.46299999952316284,0.4909999966621399,5971776
2022-08-11,0.4909999966621399,0.5329999923706055,0.4959999918937683,0.5289999842643738,7054477
2022-08-14,0.5289999842643738,0.574999988079071,0.5379999876022339,0.5440000295639038,5260928
2022-08-15,0.5440000295639038,0.574999988079071,0.5370000004768372,0.546999990940094,3313916
2022-08-16,0.546999990940094,0.5759999752044678,0.5450000166893005,0.5490000247955322,4084051
2022-08-17,0.5490000247955322,0.5669999718666077,0.5410000085830688,0.5479999780654907,4320919
2022-08-18,0.5479999780654907,0.5479999780654907,0.5479999780654907,0.5479999780654907,0
2022-08-21,0.5400000214576721,0.5789999961853027,0.5410000085830688,0.5550000071525574,3353737
2022-08-22,0.5550000071525574,0.5569999814033508,0.5360000133514404,0.5429999828338623,1978467
2022-08-23,0.5429999828338623,0.5429999828338623,0.5429999828338623,0.5429999828338623,0
2022-08-24,0.5199999809265137,0.5299999713897705,0.5090000033378601,0.5130000114440918,2777202
2022-08-25,0.5130000114440918,0.5350000262260437,0.5199999809265137,0.5239999890327454,908530
2022-08-28,0.5239999890327454,0.5400000214576721,0.5120000243186951,0.515999972820282,2736845
2022-08-29,0.515999972820282,0.5230000019073486,0.5019999742507935,0.5049999952316284,1238437
2022-08-30,0.5049999952316284,0.5130000114440918,0.492000013589859,0.49799999594688416,1373649
2022-08-31,0.49799999594688416,0.5080000162124634,0.4860000014305115,0.4909999966621399,1609562
2022-09-01,0.4909999966621399,0.5,0.4650000035762787,0.4749999940395355,855278
2022-09-04,0.4749999940395355,0.5,0.4560000002384186,0.47699999809265137,1202181
2022-09-05,0.47699999809265137,0.5149999856948853,0.48500001430511475,0.5070000290870667,2111628
2022-09-06,0.5070000290870667,0.5249999761581421,0.5040000081062317,0.5099999904632568,1012055
2022-09-07,0.5099999904632568,0.5130000114440918,0.4860000014305115,0.49300000071525574,2010086
2022-09-08,0.49300000071525574,0.5299999713897705,0.48899999260902405,0.5230000019073486,3406144
2022-09-11,0.5230000019073486,0.5640000104904175,0.5289999842643738,0.5440000295639038,4610532
2022-09-12,0.5440000295639038,0.5619999766349792,0.5370000004768372,0.546999990940094,4745706
2022-09-13,0.546999990940094,0.5550000071525574,0.5320000052452087,0.5370000004768372,1252802
2022-09-14,0.5370000004768372,0.5400000214576721,0.5009999871253967,0.5230000019073486,2390102
2022-09-15,0.5230000019073486,0.5329999923706055,0.5139999985694885,0.527999997138977,1520024
2022-09-18,0.527999997138977,0.5350000262260437,0.49000000953674316,0.49000000953674316,2701787
2022-09-19,0.49000000953674316,0.5180000066757202,0.48100000619888306,0.5130000114440918,1422573
2022-09-20,0.5130000114440918,0.5249999761581421,0.49900001287460327,0.5220000147819519,1892364
2022-09-21,0.5220000147819519,0.5239999890327454,0.5070000290870667,0.5139999985694885,1849037
2022-09-22,0.5139999985694885,0.5450000166893005,0.5,0.5410000085830688,3198379
2022-09-25,0.5410000085830688,0.625,0.5210000276565552,0.6110000014305115,18426114
2022-09-26,0.6110000014305115,0.625,0.5879999995231628,0.6039999723434448,7450624
2022-09-27,0.6039999723434448,0.6579999923706055,0.6010000109672546,0.6430000066757202,17905029
2022-09-28,0.6430000066757202,0.6589999794960022,0.6200000047683716,0.6269999742507935,7167177
2022-09-29,0.6269999742507935,0.6449999809265137,0.6159999966621399,0.6290000081062317,5416548
2022-10-02,0.6290000081062317,0.6570000052452087,0.6150000095367432,0.6290000081062317,10311990
2022-10-03,0.6290000081062317,0.6299999952316284,0.5899999737739563,0.593999981880188,6336767
2022-10-04,0.593999981880188,0.6129999756813049,0.578000009059906,0.5929999947547913,6802203
2022-10-05,0.5929999947547913,0.6370000243186951,0.5849999785423279,0.6100000143051147,11854994
2022-10-09,0.6100000143051147,0.6230000257492065,0.5960000157356262,0.6029999852180481,3504667
2022-10-10,0.6029999852180481,0.6100000143051147,0.5730000138282776,0.5759999752044678,6264150
2022-10-11,0.5759999752044678,0.5920000076293945,0.5590000152587891,0.5630000233650208,5456739
2022-10-12,0.5630000233650208,0.5799999833106995,0.5450000166893005,0.5609999895095825,3472817
2022-10-13,0.5609999895095825,0.5899999737739563,0.5630000233650208,0.5830000042915344,3224385
2022-10-16,0.5830000042915344,0.5960000157356262,0.5809999704360962,0.5870000123977661,4009413
2022-10-17,0.5870000123977661,0.593999981880188,0.5759999752044678,0.5789999961853027,2457624
2022-10-18,0.5789999961853027,0.5839999914169312,0.5730000138282776,0.574999988079071,1692125
2022-10-19,0.574999988079071,0.5799999833106995,0.5680000185966492,0.5709999799728394,2323225
2022-10-20,0.5709999799728394,0.6000000238418579,0.5619999766349792,0.5830000042915344,3721647
2022-10-23,0.5830000042915344,0.5950000286102295,0.5759999752044678,0.5789999961853027,1931512
2022-10-24,0.5789999961853027,0.5889999866485596,0.5699999928474426,0.5720000267028809,3345307
2022-10-25,0.5720000267028809,0.5759999752044678,0.5519999861717224,0.5680000185966492,1872871
2022-10-26,0.5680000185966492,0.5680000185966492,0.5680000185966492,0.5680000185966492,0
2022-10-27,0.5820000171661377,0.6079999804496765,0.5789999961853027,0.6000000238418579,7005407
2022-10-30,0.6000000238418579,0.6299999952316284,0.6000000238418579,0.609000027179718,6433857
2022-10-31,0.609000027179718,0.6200000047683716,0.5950000286102295,0.6159999966621399,5067973
2022-11-01,0.6159999966621399,0.6330000162124634,0.6100000143051147,0.6190000176429749,5430701
2022-11-02,0.6190000176429749,0.6269999742507935,0.6010000109672546,0.6069999933242798,1865062
2022-11-03,0.6069999933242798,0.6079999804496765,0.5809999704360962,0.5839999914169312,2028454
2022-11-06,0.5839999914169312,0.6000000238418579,0.5600000023841858,0.5709999799728394,3430973
2022-11-07,0.5709999799728394,0.5839999914169312,0.5649999976158142,0.574999988079071,1624402
2022-11-08,0.574999988079071,0.5979999899864197,0.5640000104904175,0.5799999833106995,5446219
2022-11-09,0.5799999833106995,0.593999981880188,0.5699999928474426,0.5830000042915344,2311675
2022-11-10,0.5830000042915344,0.6100000143051147,0.5830000042915344,0.5960000157356262,2317218
2022-11-13,0.5960000157356262,0.6150000095367432,0.593999981880188,0.6010000109672546,3315066
2022-11-14,0.6010000109672546,0.609000027179718,0.5809999704360962,0.5950000286102295,1749552
2022-11-15,0.5950000286102295,0.6029999852180481,0.5849999785423279,0.5870000123977661,2500295
2022-11-16,0.5870000123977661,0.6169999837875366,0.5849999785423279,0.6110000014305115,5989497
2022-11-17,0.6110000014305115,0.6589999794960022,0.609000027179718,0.6470000147819519,12531949
2022-11-20,0.6470000147819519,0.6759999990463257,0.6470000147819519,0.656000018119812,8278498
2022-11-21,0.656000018119812,0.6660000085830688,0.6299999952316284,0.6430000066757202,7579790
2022-11-22,0.6430000066757202,0.6499999761581421,0.6320000290870667,0.6380000114440918,3418114
2022-11-23,0.6380000114440918,0.6579999923706055,0.6309999823570251,0.6320000290870667,6543750
2022-11-24,0.6320000290870667,0.6399999856948853,0.6200000047683716,0.621999979019165,3119708
2022-11-27,0.621999979019165,0.6269999742507935,0.6159999966621399,0.6190000176429749,4693867
2022-11-28,0.6190000176429749,0.6259999871253967,0.5920000076293945,0.6039999723434448,7359140
2022-11-29,0.6039999723434448,0.6129999756813049,0.593999981880188,0.597000002861023,4669365
2022-11-30,0.597000002861023,0.6069999933242798,0.5839999914169312,0.5879999995231628,3963211
2022-12-01,0.5879999995231628,0.6000000238418579,0.5820000171661377,0.5860000252723694,3474429
2022-12-04,0.5860000252723694,0.6050000190734863,0.5849999785423279,0.5879999995231628,2771819
2022-12-05,0.5879999995231628,0.5960000157356262,0.5680000185966492,0.5759999752044678,4051069
2022-12-06,0.5759999752044678,0.5799999833106995,0.5649999976158142,0.5690000057220459,2693371
2022-12-07,0.5690000057220459,0.6039999723434448,0.5640000104904175,0.6000000238418579,6920428
2022-12-08,0.6000000238418579,0.6140000224113464,0.5899999737739563,0.5960000157356262,5550500
2022-12-11,0.5960000157356262,0.6050000190734863,0.5899999737739563,0.593999981880188,2839707
2022-12-12,0.593999981880188,0.5989999771118164,0.5799999833106995,0.5839999914169312,2026621
2022-12-13,0.5839999914169312,0.597000002861023,0.5759999752044678,0.5889999866485596,4021717
2022-12-14,0.5889999866485596,0.6060000061988831,0.5910000205039978,0.5950000286102295,3850896
2022-12-15,0.5950000286102295,0.6100000143051147,0.5720000267028809,0.5809999704360962,5814477
2022-12-18,0.5809999704360962,0.6019999980926514,0.5770000219345093,0.5789999961853027,4157416
2022-12-19,0.5789999961853027,0.5879999995231628,0.5730000138282776,0.574999988079071,1476275
2022-12-20,0.574999988079071,0.6000000238418579,0.5649999976158142,0.5699999928474426,3939989
2022-12-21,0.5699999928474426,0.5799999833106995,0.5550000071525574,0.5659999847412109,3120680
2022-12-22,0.5659999847412109,0.5709999799728394,0.5509999990463257,0.5540000200271606,2171933
2022-12-25,0.5540000200271606,0.5519999861717224,0.5239999890327454,0.5270000100135803,2463335
2022-12-26,0.5270000100135803,0.5339999794960022,0.5149999856948853,0.5230000019073486,2248671
2022-12-27,0.5230000019073486,0.5600000023841858,0.5199999809265137,0.5389999747276306,2835070
2022-12-28,0.5389999747276306,0.5460000038146973,0.5299999713897705,0.5350000262260437,1851037
2022-12-29,0.5350000262260437,0.5550000071525574,0.531000018119812,0.5379999876022339,1413524
2023-01-02,0.5379999876022339,0.5529999732971191,0.5350000262260437,0.546999990940094,2021001
2023-01-03,0.546999990940094,0.5709999799728394,0.5529999732971191,0.5659999847412109,5640609
2023-01-04,0.5659999847412109,0.5720000267028809,0.5400000214576721,0.5519999861717224,4507718
2023-01-05,0.5519999861717224,0.5680000185966492,0.5429999828338623,0.5490000247955322,2734240
2023-01-09,0.5490000247955322,0.5600000023841858,0.5339999794960022,0.5379999876022339,1599015
2023-01-10,0.5379999876022339,0.5379999876022339,0.5149999856948853,0.5210000276565552,1366526
2023-01-11,0.5210000276565552,0.5320000052452087,0.5019999742507935,0.5170000195503235,991846
2023-01-12,0.5170000195503235,0.5230000019073486,0.5,0.5009999871253967,1981977
2023-01-15,0.5009999871253967,0.5189999938011169,0.4880000054836273,0.49000000953674316,1758097
2023-01-16,0.49000000953674316,0.5189999938011169,0.49399998784065247,0.5109999775886536,1236811
2023-01-17,0.5109999775886536,0.5199999809265137,0.5019999742507935,0.5059999823570251,1268219
2023-01-18,0.5059999823570251,0.5230000019073486,0.5049999952316284,0.5090000033378601,2772720
2023-01-19,0.5090000033378601,0.5180000066757202,0.5080000162124634,0.5099999904632568,1659717
2023-01-22,0.5099999904632568,0.5189999938011169,0.5130000114440918,0.5139999985694885,1328547
2023-01-23,0.5139999985694885,0.5149999856948853,0.5049999952316284,0.5070000290870667,763138
2023-01-24,0.5070000290870667,0.5149999856948853,0.5,0.5040000081062317,821773
2023-01-25,0.5040000081062317,0.5109999775886536,0.503000020980835,0.5059999823570251,871395
2023-01-29,0.5059999823570251,0.515999972820282,0.5049999952316284,0.5059999823570251,972815
2023-01-30,0.5059999823570251,0.5099999904632568,0.49000000953674316,0.492000013589859,1437289
2023-01-31,0.492000013589859,0.49900001287460327,0.4519999921321869,0.45899999141693115,3213242
2023-02-01,0.45899999141693115,0.47699999809265137,0.4429999887943268,0.45399999618530273,912938
2023-02-02,0.45399999618530273,0.45500001311302185,0.4359999895095825,0.43799999356269836,1113041
2023-02-05,0.43799999356269836,0.4560000002384186,0.3919999897480011,0.421999990940094,1471719
2023-02-06,0.421999990940094,0.4399999976158142,0.41999998688697815,0.42399999499320984,1119960
2023-02-07,0.42399999499320984,0.46299999952316284,0.421999990940094,0.4519999921321869,1298987
2023-02-08,0.4519999921321869,0.4659999907016754,0.453000009059906,0.46000000834465027,2086390
2023-02-09,0.46000000834465027,0.4740000069141388,0.4519999921321869,0.4690000116825104,853048
2023-02-12,0.4690000116825104,0.48399999737739563,0.4620000123977661,0.4790000021457672,777749
2023-02-13,0.4790000021457672,0.48100000619888306,0.4659999907016754,0.4790000021457672,470758
2023-02-14,0.4790000021457672,0.4790000021457672,0.46700000762939453,0.47200000286102295,1754901
2023-02-15,0.47200000286102295,0.4819999933242798,0.4699999988079071,0.4749999940395355,2045797
2023-02-16,0.4749999940395355,0.48500001430511475,0.4749999940395355,0.48100000619888306,2129166
2023-02-19,0.48100000619888306,0.4860000014305115,0.4779999852180481,0.48500001430511475,778043
2023-02-20,0.48500001430511475,0.4880000054836273,0.4790000021457672,0.47999998927116394,1383587
2023-02-21,0.47999998927116394,0.5170000195503235,0.4790000021457672,0.5090000033378601,4180604
2023-02-22,0.5090000033378601,0.5189999938011169,0.49300000071525574,0.4970000088214874,1935905
2023-02-23,0.4970000088214874,0.5099999904632568,0.49000000953674316,0.5,1562782
2023-02-26,0.5,0.5270000100135803,0.5049999952316284,0.5249999761581421,4501121
2023-02-27,0.5249999761581421,0.5270000100135803,0.5130000114440918,0.5220000147819519,1414060
2023-02-28,0.5220000147819519,0.5180000066757202,0.503000020980835,0.5220000147819519,482861
2023-03-01,0.5220000147819519,0.5149999856948853,0.503000020980835,0.5220000147819519,137760
2023-03-02,0.5220000147819519,0.5199999809265137,0.5,0.5090000033378601,656309
2023-03-05,0.5090000033378601,0.5,0.47999998927116394,0.49399998784065247,1386707
2023-03-06,0.49399998784065247,0.49900001287460327,0.48100000619888306,0.49399998784065247,484659
2023-03-07,0.49399998784065247,0.4950000047683716,0.47999998927116394,0.4909999966621399,2003589
2023-03-08,0.4909999966621399,0.4950000047683716,0.47999998927116394,0.49000000953674316,805105
2023-03-09,0.49000000953674316,0.49300000071525574,0.4699999988079071,0.48100000619888306,1376844
2023-03-12,0.48100000619888306,0.4880000054836273,0.44600000977516174,0.48100000619888306,642319
2023-03-13,0.48100000619888306,0.48100000619888306,0.41999998688697815,0.48100000619888306,677608
2023-03-14,0.48100000619888306,0.46799999475479126,0.40299999713897705,0.4620000123977661,1023942
2023-03-15,0.4620000123977661,0.4749999940395355,0.4000000059604645,0.41499999165534973,1556897
2023-03-16,0.41499999165534973,0.4300000071525574,0.36500000953674316,0.4020000100135803,1362670
2023-03-19,0.4020000100135803,0.4269999861717224,0.3930000066757202,0.4099999964237213,1272451
2023-03-20,0.4099999964237213,0.421999990940094,0.4059999883174896,0.4099999964237213,590999
2023-03-21,0.4099999964237213,0.4269999861717224,0.4090000092983246,0.4099999964237213,472757
2023-03-22,0.4099999964237213,0.42500001192092896,0.3499999940395355,0.41600000858306885,1844880
2023-03-23,0.41600000858306885,0.42100000381469727,0.4050000011920929,0.41600000858306885,103772
2023-03-26,0.41600000858306885,0.41999998688697815,0.4020000100135803,0.41600000858306885,647290
2023-03-27,0.41600000858306885,0.41999998688697815,0.40299999713897705,0.4090000092983246,891930
2023-03-28,0.4090000092983246,0.4090000092983246,0.38100001215934753,0.4090000092983246,644415
2023-03-29,0.4090000092983246,0.40799999237060547,0.39800000190734863,0.4090000092983246,458716
2023-03-30,0.4090000092983246,0.4059999883174896,0.38600000739097595,0.38999998569488525,932116
2023-04-02,0.38999998569488525,0.39800000190734863,0.38100001215934753,0.38999998569488525,92254
2023-04-03,0.38999998569488525,0.4000000059604645,0.38999998569488525,0.4000000059604645,1393887
2023-04-04,0.4000000059604645,0.41999998688697815,0.3919999897480011,0.4180000126361847,758834
2023-04-05,0.4180000126361847,0.4399999976158142,0.4189999997615814,0.4300000071525574,1465188
2023-04-06,0.4300000071525574,0.44999998807907104,0.4300000071525574,0.4339999854564667,1931615
2023-04-09,0.4339999854564667,0.4560000002384186,0.4359999895095825,0.4390000104904175,1824768
2023-04-10,0.4390000104904175,0.4699999988079071,0.4300000071525574,0.4519999921321869,3451315
2023-04-11,0.4519999921321869,0.48899999260902405,0.44600000977516174,0.45500001311302185,2223111
2023-04-12,0.45500001311302185,0.46000000834465027,0.4320000112056732,0.45500001311302185,570938
2023-04-13,0.45500001311302185,0.45500001311302185,0.4300000071525574,0.45500001311302185,523050
2023-04-18,0.45500001311302185,0.4490000009536743,0.41999998688697815,0.4230000078678131,1028520
2023-04-19,0.4230000078678131,0.4320000112056732,0.41200000047683716,0.41999998688697815,992483
2023-04-26,0.41999998688697815,0.44600000977516174,0.414000004529953,0.42899999022483826,892624
2023-04-27,0.42899999022483826,0.4449999928474426,0.41999998688697815,0.42899999022483826,596697
2023-04-30,0.42899999022483826,0.44999998807907104,0.4320000112056732,0.4320000112056732,1348637
2023-05-01,0.4320000112056732,0.4320000112056732,0.4320000112056732,0.4320000112056732,0
2023-05-02,0.4189999997615814,0.4449999928474426,0.4169999957084656,0.4189999997615814,627708
2023-05-03,0.4189999997615814,0.4339999854564667,0.41200000047683716,0.4189999997615814,356320
2023-05-07,0.4189999997615814,0.4300000071525574,0.41499999165534973,0.4189999997615814,121250
2023-05-08,0.4189999997615814,0.42800000309944153,0.4180000126361847,0.421999990940094,785163
2023-05-09,0.421999990940094,0.4490000009536743,0.42100000381469727,0.4440000057220459,2895272
2023-05-10,0.4440000057220459,0.4429999887943268,0.421999990940094,0.4300000071525574,1135360
2023-05-11,0.4300000071525574,0.43799999356269836,0.42399999499320984,0.4300000071525574,889204
2023-05-14,0.4300000071525574,0.4350000023841858,0.42500001192092896,0.4300000071525574,419849
2023-05-15,0.4300000071525574,0.4390000104904175,0.4169999957084656,0.4230000078678131,896003
2023-05-16,0.4230000078678131,0.42899999022483826,0.41499999165534973,0.4230000078678131,313521
2023-05-17,0.4230000078678131,0.42800000309944153,0.41499999165534973,0.4230000078678131,686544
2023-05-18,0.4230000078678131,0.4230000078678131,0.40700000524520874,0.41200000047683716,796901
2023-05-21,0.41200000047683716,0.41999998688697815,0.4099999964237213,0.41100001335144043,955342
2023-05-22,0.41100001335144043,0.43700000643730164,0.4180000126361847,0.421999990940094,3114128
2023-05-23,0.421999990940094,0.44999998807907104,0.42100000381469727,0.4429999887943268,4658316
2023-05-24,0.4429999887943268,0.4880000054836273,0.46299999952316284,0.4779999852180481,9469386
2023-05-25,0.4779999852180481,0.4790000021457672,0.46000000834465027,0.4749999940395355,3573238
2023-05-28,0.4749999940395355,0.5139999985694885,0.46700000762939453,0.5049999952316284,8869928
2023-05-29,0.5049999952316284,0.5170000195503235,0.4970000088214874,0.503000020980835,3616318
2023-05-30,0.503000020980835,0.5040000081062317,0.4860000014305115,0.492000013589859,3404330
2023-05-31,0.492000013589859,0.5,0.4830000102519989,0.4869999885559082,1761471
2023-06-01,0.4869999885559082,0.49900001287460327,0.47999998927116394,0.49399998784065247,1506517
2023-06-04,0.49399998784065247,0.5099999904632568,0.48500001430511475,0.49799999594688416,5833586
2023-06-05,0.49799999594688416,0.5099999904632568,0.4959999918937683,0.4970000088214874,2885255
2023-06-06,0.4970000088214874,0.5059999823570251,0.4880000054836273,0.48899999260902405,2227801
2023-06-07,0.48899999260902405,0.49799999594688416,0.47999998927116394,0.4830000102519989,1674370
2023-06-08,0.4830000102519989,0.49399998784065247,0.4779999852180481,0.47999998927116394,879514
2023-06-11,0.47999998927116394,0.49000000953674316,0.4749999940395355,0.47600001096725464,1888287
2023-06-12,0.47600001096725464,0.48100000619888306,0.4729999899864197,0.47600001096725464,453014
2023-06-13,0.47600001096725464,0.4880000054836273,0.4699999988079071,0.47200000286102295,1281751
2023-06-14,0.47200000286102295,0.47999998927116394,0.4749999940395355,0.4779999852180481,972987
2023-06-15,0.4779999852180481,0.48100000619888306,0.4749999940395355,0.4779999852180481,484092
2023-06-18,0.4779999852180481,0.4819999933242798,0.4749999940395355,0.4790000021457672,953510
2023-06-19,0.4790000021457672,0.4830000102519989,0.46700000762939453,0.4699999988079071,1456321
2023-06-20,0.4699999988079071,0.4699999988079071,0.46000000834465027,0.46299999952316284,1553947
2023-06-21,0.46299999952316284,0.46399998664855957,0.4519999921321869,0.453000009059906,1708336
2023-06-22,0.453000009059906,0.4620000123977661,0.45100000500679016,0.4569999873638153,901757
2023-06-25,0.4569999873638153,0.46299999952316284,0.4410000145435333,0.4480000138282776,1996801
2023-06-26,0.4480000138282776,0.45399999618530273,0.4399999976158142,0.44999998807907104,750496
2023-07-04,0.44999998807907104,0.46700000762939453,0.44999998807907104,0.45399999618530273,836479
2023-07-05,0.45399999618530273,0.46700000762939453,0.44999998807907104,0.46299999952316284,2654095
2023-07-06,0.46299999952316284,0.46399998664855957,0.44699999690055847,0.453000009059906,956843
2023-07-09,0.453000009059906,0.45899999141693115,0.4000000059604645,0.4129999876022339,2013172
2023-07-10,0.4129999876022339,0.4189999997615814,0.38600000739097595,0.4050000011920929,2046634
2023-07-11,0.4050000011920929,0.41999998688697815,0.4099999964237213,0.41499999165534973,1300183
2023-07-12,0.41499999165534973,0.41999998688697815,0.41100001335144043,0.414000004529953,932195
2023-07-13,0.414000004529953,0.4189999997615814,0.41100001335144043,0.414000004529953,605688
2023-07-16,0.414000004529953,0.4350000023841858,0.41100001335144043,0.42399999499320984,1372609
2023-07-17,0.42399999499320984,0.43799999356269836,0.41100001335144043,0.4169999957084656,779151
2023-07-18,0.4169999957084656,0.42100000381469727,0.4099999964237213,0.4169999957084656,512949
2023-07-19,0.4169999957084656,0.4169999957084656,0.4169999957084656,0.4169999957084656,0
2023-07-24,0.4169999957084656,0.42500001192092896,0.41499999165534973,0.4169999957084656,402858
2023-07-25,0.4169999957084656,0.42500001192092896,0.4090000092983246,0.41100001335144043,1214651
2023-07-26,0.41100001335144043,0.4180000126361847,0.40700000524520874,0.41100001335144043,310227
2023-07-27,0.41100001335144043,0.4399999976158142,0.4099999964237213,0.4359999895095825,4327184
2023-07-30,0.4359999895095825,0.5080000162124634,0.4399999976158142,0.47699999809265137,15338467
2023-07-31,0.47699999809265137,0.4830000102519989,0.46000000834465027,0.46799999475479126,2376789
2023-08-01,0.46799999475479126,0.48500001430511475,0.46299999952316284,0.4699999988079071,739145
2023-08-02,0.4699999988079071,0.4779999852180481,0.44600000977516174,0.44999998807907104,3718994
2023-08-03,0.44999998807907104,0.4650000035762787,0.44600000977516174,0.4519999921321869,2067397
2023-08-06,0.4519999921321869,0.4830000102519989,0.4320000112056732,0.47099998593330383,8195101
2023-08-07,0.47099998593330383,0.47999998927116394,0.46000000834465027,0.46799999475479126,2754864
2023-08-08,0.46799999475479126,0.4749999940395355,0.46399998664855957,0.4699999988079071,3122207
2023-08-09,0.4699999988079071,0.4819999933242798,0.4690000116825104,0.47699999809265137,3559697
2023-08-10,0.47699999809265137,0.4749999940395355,0.46399998664855957,0.4650000035762787,1340966
2023-08-13,0.4650000035762787,0.4699999988079071,0.46000000834465027,0.460999995470047,1237901
2023-08-14,0.460999995470047,0.4699999988079071,0.4620000123977661,0.46399998664855957,1042529
2023-08-15,0.46399998664855957,0.4690000116825104,0.46000000834465027,0.4620000123977661,1938040
2023-08-16,0.4620000123977661,0.4740000069141388,0.45100000500679016,0.4580000042915344,3802066
2023-08-17,0.4580000042915344,0.4569999873638153,0.4440000057220459,0.44699999690055847,1505780
2023-08-20,0.44699999690055847,0.453000009059906,0.4449999928474426,0.44600000977516174,1646966
2023-08-21,0.44600000977516174,0.45500001311302185,0.44699999690055847,0.45100000500679016,1824943
2023-08-22,0.45100000500679016,0.4909999966621399,0.4580000042915344,0.4699999988079071,9072951
2023-08-23,0.4699999988079071,0.47999998927116394,0.45100000500679016,0.4560000002384186,3869042
2023-08-24,0.4560000002384186,0.4620000123977661,0.4519999921321869,0.45399999618530273,1215632
2023-08-27,0.45399999618530273,0.46799999475479126,0.4569999873638153,0.4620000123977661,885591
2023-08-28,0.4620000123977661,0.4650000035762787,0.4569999873638153,0.4620000123977661,1603988
2023-08-29,0.4620000123977661,0.46799999475479126,0.45899999141693115,0.46399998664855957,1685254
2023-08-30,0.46399998664855957,0.49000000953674316,0.460999995470047,0.4779999852180481,4363862
2023-08-31,0.4779999852180481,0.4779999852180481,0.4779999852180481,0.4779999852180481,0
2023-09-03,0.5410000085830688,0.550000011920929,0.5149999856948853,0.5170000195503235,9093175
2023-09-04,0.5170000195503235,0.5270000100135803,0.5,0.5120000243186951,7837680
2023-09-05,0.5120000243186951,0.5490000247955322,0.5149999856948853,0.5170000195503235,16731733
2023-09-06,0.5170000195503235,0.5299999713897705,0.5080000162124634,0.5109999775886536,5783629
2023-09-07,0.5109999775886536,0.5199999809265137,0.5049999952316284,0.5120000243186951,2595508
2023-09-10,0.5120000243186951,0.5120000243186951,0.5120000243186951,0.5120000243186951,0
2023-09-11,0.5049999952316284,0.5120000243186951,0.4830000102519989,0.4880000054836273,3930056
2023-09-12,0.4880000054836273,0.4959999918937683,0.47699999809265137,0.47999998927116394,5646727
2023-09-13,0.47999998927116394,0.4869999885559082,0.47200000286102295,0.4779999852180481,2922356
2023-09-14,0.4779999852180481,0.5040000081062317,0.4740000069141388,0.492000013589859,7238093
2023-09-17,0.492000013589859,0.5450000166893005,0.49900001287460327,0.5249999761581421,19233548
2023-09-18,0.5249999761581421,0.5289999842643738,0.5070000290870667,0.5099999904632568,6696949
2023-09-19,0.5099999904632568,0.5170000195503235,0.49799999594688416,0.5,6529052
2023-09-20,0.5,0.5,0.5,0.5,0
2023-09-21,0.5,0.5,0.5,0.5,0
2023-09-24,0.5,0.5,0.5,0.5,0
2023-09-25,0.4729999899864197,0.4779999852180481,0.4650000035762787,0.46700000762939453,1238920
2023-09-26,0.46700000762939453,0.4740000069141388,0.44600000977516174,0.4490000009536743,3035670
2023-09-27,0.4490000009536743,0.4490000009536743,0.4490000009536743,0.4490000009536743,0
2023-10-01,0.4490000009536743,0.4490000009536743,0.4490000009536743,0.4490000009536743,0
2023-10-02,0.43299999833106995,0.48100000619888306,0.4350000023841858,0.4580000042915344,14197044
2023-10-03,0.4580000042915344,0.4650000035762787,0.4399999976158142,0.4429999887943268,2093454
2023-10-04,0.4429999887943268,0.45100000500679016,0.43799999356269836,0.4410000145435333,2403297
2023-10-08,0.4410000145435333,0.4449999928474426,0.41100001335144043,0.4189999997615814,2305369
2023-10-09,0.4189999997615814,0.42800000309944153,0.41499999165534973,0.4189999997615814,501728
2023-10-10,0.4189999997615814,0.43799999356269836,0.42500001192092896,0.4300000071525574,1979179
2023-10-11,0.4300000071525574,0.4399999976158142,0.4300000071525574,0.4320000112056732,1212863
2023-10-12,0.4320000112056732,0.4339999854564667,0.42899999022483826,0.4300000071525574,865746
2023-10-15,0.4300000071525574,0.4359999895095825,0.4300000071525574,0.4320000112056732,1519233
2023-10-16,0.4320000112056732,0.4390000104904175,0.4269999861717224,0.42800000309944153,1901301
2023-10-17,0.42800000309944153,0.4339999854564667,0.41999998688697815,0.4259999990463257,3437778
2023-10-18,0.4259999990463257,0.4300000071525574,0.421999990940094,0.42399999499320984,1321565
2023-10-19,0.42399999499320984,0.42399999499320984,0.42399999499320984,0.42399999499320984,0
2023-10-22,0.42800000309944153,0.4440000057220459,0.42500001192092896,0.4390000104904175,2003954
2023-10-23,0.4390000104904175,0.45399999618530273,0.4399999976158142,0.4449999928474426,2340926
2023-10-24,0.4449999928474426,0.4569999873638153,0.4399999976158142,0.44200000166893005,3633836
2023-10-25,0.44200000166893005,0.45500001311302185,0.4429999887943268,0.4519999921321869,2762083
2023-10-26,0.4519999921321869,0.4560000002384186,0.4429999887943268,0.44999998807907104,2444216
2023-10-29,0.44999998807907104,0.4620000123977661,0.4480000138282776,0.45100000500679016,2712087
2023-10-30,0.45100000500679016,0.45899999141693115,0.4449999928474426,0.4490000009536743,1774629
2023-10-31,0.4490000009536743,0.45500001311302185,0.4429999887943268,0.44600000977516174,1139848
2023-11-01,0.44600000977516174,0.44699999690055847,0.4309999942779541,0.4350000023841858,1608375
2023-11-02,0.4350000023841858,0.44200000166893005,0.4359999895095825,0.4390000104904175,788095
2023-11-05,0.4390000104904175,0.4740000069141388,0.4449999928474426,0.46299999952316284,9586961
2023-11-06,0.46299999952316284,0.4729999899864197,0.45500001311302185,0.4569999873638153,5254154
2023-11-07,0.4569999873638153,0.49000000953674316,0.45899999141693115,0.4790000021457672,7331008
2023-11-08,0.4790000021457672,0.4819999933242798,0.46299999952316284,0.46399998664855957,3598573
2023-11-09,0.46399998664855957,0.4729999899864197,0.46000000834465027,0.46299999952316284,3512437
2023-11-12,0.46299999952316284,0.4740000069141388,0.4569999873638153,0.46700000762939453,3049368
2023-11-13,0.46700000762939453,0.5080000162124634,0.47999998927116394,0.4970000088214874,14961306
2023-11-14,0.4970000088214874,0.515999972820282,0.4950000047683716,0.49799999594688416,10058682
2023-11-15,0.49799999594688416,0.49900001287460327,0.4830000102519989,0.48500001430511475,2535576
2023-11-16,0.48500001430511475,0.49399998784065247,0.4749999940395355,0.49000000953674316,4188823
2023-11-19,0.49000000953674316,0.5139999985694885,0.492000013589859,0.5009999871253967,5166226
2023-11-20,0.5009999871253967,0.5049999952316284,0.47999998927116394,0.4819999933242798,4288742
2023-11-21,0.4819999933242798,0.5,0.4819999933242798,0.49900001287460327,2991516
2023-11-22,0.49900001287460327,0.5239999890327454,0.503000020980835,0.5180000066757202,13964766
2023-11-23,0.5180000066757202,0.5260000228881836,0.5070000290870667,0.5109999775886536,5292070
2023-11-26,0.5109999775886536,0.5170000195503235,0.5080000162124634,0.5090000033378601,3416483
2023-11-27,0.5090000033378601,0.5600000023841858,0.5080000162124634,0.550000011920929,25095887
2023-11-28,0.550000011920929,0.5509999990463257,0.5260000228881836,0.5320000052452087,13536373
2023-11-29,0.5320000052452087,0.5649999976158142,0.5239999890327454,0.5569999814033508,17297230
2023-11-30,0.5569999814033508,0.5849999785423279,0.546999990940094,0.5540000200271606,17921702
2023-12-03,0.5540000200271606,0.5580000281333923,0.5299999713897705,0.531000018119812,12579152
2023-12-04,0.531000018119812,0.5590000152587891,0.531000018119812,0.5440000295639038,8516184
2023-12-05,0.5440000295639038,0.5590000152587891,0.5389999747276306,0.5450000166893005,9662533
2023-12-06,0.5450000166893005,0.550000011920929,0.5320000052452087,0.5370000004768372,4430951
2023-12-07,0.5370000004768372,0.5350000262260437,0.48500001430511475,0.5170000195503235,6470146
2023-12-10,0.5170000195503235,0.5299999713897705,0.5109999775886536,0.5130000114440918,3066776
2023-12-11,0.5130000114440918,0.5189999938011169,0.49000000953674316,0.49799999594688416,2278049
2023-12-12,0.49799999594688416,0.550000011920929,0.49000000953674316,0.5320000052452087,12075359
2023-12-13,0.5320000052452087,0.5690000057220459,0.5400000214576721,0.5479999780654907,16639578
2023-12-14,0.5479999780654907,0.5649999976158142,0.5450000166893005,0.5619999766349792,10314307
2023-12-17,0.5619999766349792,0.5730000138282776,0.5529999732971191,0.5580000281333923,8317147
2023-12-18,0.5580000281333923,0.5640000104904175,0.531000018119812,0.5429999828338623,6474537
2023-12-19,0.5429999828338623,0.5450000166893005,0.5199999809265137,0.5270000100135803,5064157
2023-12-20,0.5270000100135803,0.5389999747276306,0.5210000276565552,0.5249999761581421,1611047
2023-12-21,0.5249999761581421,0.5339999794960022,0.5070000290870667,0.5130000114440918,2712851
2023-12-24,0.5130000114440918,0.5130000114440918,0.5130000114440918,0.5130000114440918,0
2023-12-25,0.5170000195503235,0.527999997138977,0.5,0.515999972820282,1922691
2023-12-26,0.515999972820282,0.527999997138977,0.5049999952316284,0.5090000033378601,2098184
2023-12-27,0.5090000033378601,0.5239999890327454,0.5019999742507935,0.5189999938011169,1343774
2023-12-28,0.5189999938011169,0.5210000276565552,0.5099999904632568,0.5120000243186951,995575
2023-12-31,0.5120000243186951,0.5239999890327454,0.5099999904632568,0.5139999985694885,1314388
2024-01-02,0.5139999985694885,0.5400000214576721,0.5149999856948853,0.5329999923706055,2856605
2024-01-03,0.5329999923706055,0.5410000085830688,0.5249999761581421,0.527999997138977,2443892
2024-01-04,0.527999997138977,0.5389999747276306,0.5249999761581421,0.5289999842643738,2714069
2024-01-08,0.5289999842643738,0.5569999814033508,0.5260000228881836,0.5379999876022339,6912496
2024-01-09,0.5379999876022339,0.5740000009536743,0.5429999828338623,0.5540000200271606,13257302
2024-01-10,0.5540000200271606,0.5849999785423279,0.5550000071525574,0.5770000219345093,15422359
2024-01-11,0.5770000219345093,0.5830000042915344,0.5619999766349792,0.5630000233650208,4510979
2024-01-14,0.5630000233650208,0.5899999737739563,0.5649999976158142,0.578000009059906,9268839
2024-01-15,0.578000009059906,0.6179999709129333,0.5770000219345093,0.5989999771118164,21087251
2024-01-16,0.5989999771118164,0.6200000047683716,0.6019999980926514,0.6029999852180481,13949684
2024-01-17,0.6029999852180481,0.609000027179718,0.5799999833106995,0.5809999704360962,5924284
2024-01-18,0.5809999704360962,0.6340000033378601,0.5759999752044678,0.6209999918937683,19351973
2024-01-21,0.6209999918937683,0.6439999938011169,0.621999979019165,0.6230000257492065,9315180
2024-01-22,0.6230000257492065,0.6349999904632568,0.5910000205039978,0.6039999723434448,8077981
2024-01-23,0.6039999723434448,0.6100000143051147,0.5899999737739563,0.5979999899864197,5066090
2024-01-24,0.5979999899864197,0.6209999918937683,0.5849999785423279,0.6039999723434448,6118528
2024-01-28,0.6039999723434448,0.6499999761581421,0.6150000095367432,0.625,8166530
2024-01-29,0.625,0.6399999856948853,0.6039999723434448,0.6150000095367432,6375588
2024-01-30,0.6150000095367432,0.6259999871253967,0.6000000238418579,0.6019999980926514,6007511
2024-01-31,0.6019999980926514,0.6150000095367432,0.49000000953674316,0.5329999923706055,7478413
2024-02-01,0.5329999923706055,0.574999988079071,0.5170000195503235,0.5509999990463257,6048323
2024-02-04,0.5509999990463257,0.5609999895095825,0.5199999809265137,0.5410000085830688,4161572
2024-02-05,0.5410000085830688,0.5659999847412109,0.5400000214576721,0.5609999895095825,4229996
2024-02-06,0.5609999895095825,0.5730000138282776,0.5450000166893005,0.5479999780654907,5615621
2024-02-07,0.5479999780654907,0.5559999942779541,0.546999990940094,0.5490000247955322,3838963
2024-02-08,0.5490000247955322,0.5649999976158142,0.546999990940094,0.5559999942779541,3132070
2024-02-11,0.5559999942779541,0.5699999928474426,0.550000011920929,0.5569999814033508,4016875
2024-02-12,0.5569999814033508,0.5600000023841858,0.5320000052452087,0.5440000295639038,2769543
2024-02-13,0.5440000295639038,0.5680000185966492,0.5329999923706055,0.5529999732971191,3359219
2024-02-14,0.5529999732971191,0.597000002861023,0.5529999732971191,0.5830000042915344,15825570
2024-02-15,0.5830000042915344,0.593999981880188,0.5699999928474426,0.5709999799728394,4820632
2024-02-18,0.5709999799728394,0.5709999799728394,0.5709999799728394,0.5709999799728394,0
2024-02-19,0.5830000042915344,0.5979999899864197,0.5709999799728394,0.5860000252723694,6638083
2024-02-20,0.5860000252723694,0.6230000257492065,0.5839999914169312,0.6050000190734863,15364100
2024-02-21,0.6050000190734863,0.6190000176429749,0.5899999737739563,0.6039999723434448,5536743
2024-02-22,0.6039999723434448,0.6439999938011169,0.6010000109672546,0.6290000081062317,16020676
2024-02-25,0.6290000081062317,0.6800000071525574,0.5699999928474426,0.6439999938011169,19999638
2024-02-26,0.6439999938011169,0.6769999861717224,0.5509999990463257,0.621999979019165,16029780
2024-02-27,0.621999979019165,0.6389999985694885,0.6019999980926514,0.6039999723434448,5665362
2024-02-28,0.6039999723434448,0.625,0.574999988079071,0.5809999704360962,10894072
2024-02-29,0.5809999704360962,0.5929999947547913,0.5509999990463257,0.5709999799728394,5169352
2024-03-03,0.5709999799728394,0.5830000042915344,0.5649999976158142,0.5709999799728394,1421440
2024-03-04,0.5709999799728394,0.5820000171661377,0.5640000104904175,0.578000009059906,1755074
2024-03-05,0.578000009059906,0.5889999866485596,0.5699999928474426,0.5709999799728394,2241192
2024-03-06,0.5709999799728394,0.5799999833106995,0.5509999990463257,0.5540000200271606,2855283
2024-03-07,0.5540000200271606,0.5590000152587891,0.5329999923706055,0.5389999747276306,1752620
2024-03-10,0.5389999747276306,0.5630000233650208,0.5410000085830688,0.5540000200271606,1182967
2024-03-11,0.5540000200271606,0.5690000057220459,0.5400000214576721,0.5460000038146973,780944
2024-03-12,0.5460000038146973,0.5529999732971191,0.5120000243186951,0.5189999938011169,1964247
2024-03-13,0.5189999938011169,0.5299999713897705,0.48500001430511475,0.49000000953674316,3073346
2024-03-14,0.49000000953674316,0.5199999809265137,0.48899999260902405,0.5149999856948853,2714634
2024-03-17,0.5149999856948853,0.5299999713897705,0.5170000195503235,0.5210000276565552,1674321
2024-03-18,0.5210000276565552,0.5199999809265137,0.48500001430511475,0.4909999966621399,2172049
2024-03-19,0.4909999966621399,0.5,0.48100000619888306,0.4860000014305115,1210552
2024-03-20,0.4860000014305115,0.5070000290870667,0.48899999260902405,0.4909999966621399,2025350
2024-03-21,0.4909999966621399,0.503000020980835,0.4909999966621399,0.49900001287460327,1174963
2024-03-24,0.49900001287460327,0.5170000195503235,0.4950000047683716,0.503000020980835,673052
2024-03-25,0.503000020980835,0.5080000162124634,0.4959999918937683,0.5009999871253967,1034344
2024-03-26,0.5009999871253967,0.5059999823570251,0.5,0.5,1017298
2024-03-27,0.5,0.5040000081062317,0.49300000071525574,0.4970000088214874,1111313
2024-03-28,0.4970000088214874,0.5,0.4869999885559082,0.4970000088214874,269847
2024-03-31,0.4970000088214874,0.49799999594688416,0.48399999737739563,0.4970000088214874,480249
2024-04-01,0.4970000088214874,0.5019999742507935,0.4860000014305115,0.4970000088214874,1039018
2024-04-02,0.4970000088214874,0.5049999952316284,0.492000013589859,0.4970000088214874,252147
2024-04-03,0.4970000088214874,0.5180000066757202,0.49000000953674316,0.4970000088214874,561097
2024-04-04,0.4970000088214874,0.515999972820282,0.5,0.5019999742507935,660148
2024-04-07,0.5019999742507935,0.5180000066757202,0.5009999871253967,0.5099999904632568,604929
2024-04-08,0.5099999904632568,0.5130000114440918,0.5,0.5099999904632568,574102
2024-04-15,0.5099999904632568,0.5139999985694885,0.49900001287460327,0.5090000033378601,1705248
2024-04-16,0.5090000033378601,0.5339999794960022,0.5059999823570251,0.527999997138977,4604014
2024-04-17,0.527999997138977,0.5740000009536743,0.546999990940094,0.5509999990463257,10232530
2024-04-18,0.5509999990463257,0.5550000071525574,0.503000020980835,0.5040000081062317,7125811
2024-04-21,0.5040000081062317,0.5199999809265137,0.503000020980835,0.5080000162124634,2757587
2024-04-22,0.5080000162124634,0.5440000295639038,0.5099999904632568,0.5130000114440918,2216916
2024-04-23,0.5130000114440918,0.5099999904632568,0.4880000054836273,0.4950000047683716,2685815
2024-04-24,0.4950000047683716,0.49300000071525574,0.4699999988079071,0.47999998927116394,1922167
2024-04-28,0.47999998927116394,0.47999998927116394,0.47999998927116394,0.47999998927116394,0
2024-04-29,0.4740000069141388,0.4729999899864197,0.4560000002384186,0.46700000762939453,2507838
2024-04-30,0.46700000762939453,0.4779999852180481,0.41499999165534973,0.42899999022483826,2018515
2024-05-02,0.43299999833106995,0.44600000977516174,0.4359999895095825,0.4410000145435333,1565417
2024-05-07,0.4410000145435333,0.4440000057220459,0.42100000381469727,0.4359999895095825,967030
2024-05-08,0.4359999895095825,0.4429999887943268,0.41999998688697815,0.42500001192092896,1244921
2024-05-09,0.42500001192092896,0.4300000071525574,0.4230000078678131,0.42500001192092896,439403
2024-05-12,0.42500001192092896,0.4350000023841858,0.41499999165534973,0.42500001192092896,865483
2024-05-13,0.42500001192092896,0.4169999957084656,0.4009999930858612,0.40700000524520874,1202036
2024-05-14,0.40700000524520874,0.4189999997615814,0.40299999713897705,0.40700000524520874,267599
2024-05-15,0.40700000524520874,0.4300000071525574,0.4050000011920929,0.4259999990463257,892697
2024-05-16,0.4259999990463257,0.43799999356269836,0.41999998688697815,0.43299999833106995,819112
2024-05-19,0.43299999833106995,0.4449999928474426,0.4309999942779541,0.4449999928474426,1252228
2024-05-20,0.4410000145435333,0.4490000009536743,0.43299999833106995,0.43700000643730164,1116312
2024-05-21,0.43700000643730164,0.43799999356269836,0.4300000071525574,0.43299999833106995,1326784
2024-05-22,0.43299999833106995,0.43700000643730164,0.42100000381469727,0.4269999861717224,1888242
2024-05-23,0.4269999861717224,0.43299999833106995,0.41999998688697815,0.4269999861717224,499450
2024-05-26,0.4269999861717224,0.4269999861717224,0.4269999861717224,0.4269999861717224,0
2024-05-27,0.4269999861717224,0.4390000104904175,0.421999990940094,0.42500001192092896,1296407
2024-05-28,0.42500001192092896,0.42800000309944153,0.4099999964237213,0.41999998688697815,1022439
2024-05-29,0.41999998688697815,0.42800000309944153,0.4189999997615814,0.4230000078678131,712220
2024-05-30,0.4230000078678131,0.4269999861717224,0.4180000126361847,0.4230000078678131,148233
2024-06-02,0.4230000078678131,0.42500001192092896,0.4099999964237213,0.4189999997615814,900841
2024-06-03,0.4189999997615814,0.42399999499320984,0.41100001335144043,0.4189999997615814,557673
2024-06-04,0.4189999997615814,0.4259999990463257,0.4129999876022339,0.4189999997615814,590298
2024-06-05,0.4189999997615814,0.41999998688697815,0.40400001406669617,0.4189999997615814,497705
2024-06-06,0.4189999997615814,0.41499999165534973,0.40700000524520874,0.4189999997615814,160192
2024-06-09,0.4189999997615814,0.41100001335144043,0.40299999713897705,0.4189999997615814,473935
2024-06-10,0.4189999997615814,0.41100001335144043,0.40400001406669617,0.4189999997615814,716009
2024-06-11,0.4189999997615814,0.4169999957084656,0.4009999930858612,0.4189999997615814,410125
2024-06-12,0.4189999997615814,0.44999998807907104,0.4059999883174896,0.4429999887943268,4267743
2024-06-13,0.4429999887943268,0.43799999356269836,0.42500001192092896,0.4300000071525574,1839404
2024-06-23,0.4300000071525574,0.44200000166893005,0.42500001192092896,0.4399999976158142,1209407
2024-06-24,0.4399999976158142,0.4519999921321869,0.4350000023841858,0.4429999887943268,917561
2024-06-25,0.4429999887943268,0.44999998807907104,0.4359999895095825,0.4429999887943268,615105
2024-06-26,0.4429999887943268,0.4569999873638153,0.4449999928474426,0.4519999921321869,759352
2024-06-27,0.4519999921321869,0.46299999952316284,0.4399999976158142,0.4580000042915344,2443333
2024-07-02,0.46299999952316284,0.46399998664855957,0.44999998807907104,0.45399999618530273,1106626
2024-07-03,0.45399999618530273,0.45399999618530273,0.4410000145435333,0.44600000977516174,1067463
2024-07-04,0.44600000977516174,0.45399999618530273,0.4410000145435333,0.4490000009536743,1497221
2024-07-07,0.4490000009536743,0.4560000002384186,0.4410000145435333,0.4449999928474426,1340523
2024-07-08,0.4449999928474426,0.45500001311302185,0.43700000643730164,0.4410000145435333,2226663
2024-07-09,0.4410000145435333,0.4440000057220459,0.4300000071525574,0.4350000023841858,1112314
2024-07-10,0.4350000023841858,0.4390000104904175,0.4300000071525574,0.4350000023841858,607185
2024-07-14,0.4350000023841858,0.44200000166893005,0.4320000112056732,0.4350000023841858,209350
2024-07-15,0.4350000023841858,0.44200000166893005,0.4300000071525574,0.4350000023841858,613394
2024-07-16,0.4350000023841858,0.4399999976158142,0.4300000071525574,0.4309999942779541,1165858
2024-07-17,0.4309999942779541,0.4449999928474426,0.4320000112056732,0.44200000166893005,1921222
2024-07-18,0.44200000166893005,0.44999998807907104,0.4429999887943268,0.44600000977516174,1050421
2024-07-21,0.44600000977516174,0.4620000123977661,0.43700000643730164,0.46000000834465027,3519032
2024-07-22,0.46000000834465027,0.4740000069141388,0.45500001311302185,0.4650000035762787,5206238
2024-07-23,0.4650000035762787,0.4880000054836273,0.46299999952316284,0.4830000102519989,4598818
2024-07-24,0.4830000102519989,0.4950000047683716,0.47200000286102295,0.4740000069141388,8389105
2024-07-28,0.4740000069141388,0.47999998927116394,0.4650000035762787,0.46799999475479126,2060322
2024-07-29,0.46799999475479126,0.47699999809265137,0.46799999475479126,0.47099998593330383,1002695
2024-07-30,0.47099998593330383,0.4729999899864197,0.4620000123977661,0.4650000035762787,1759701
2024-07-31,0.4650000035762787,0.4779999852180481,0.46399998664855957,0.47600001096725464,2343495
2024-08-01,0.47600001096725464,0.5,0.4699999988079071,0.47200000286102295,4005375
2024-08-04,0.47200000286102295,0.4699999988079071,0.45100000500679016,0.4580000042915344,1179677
2024-08-05,0.4580000042915344,0.45100000500679016,0.4000000059604645,0.42899999022483826,3261411
2024-08-06,0.42899999022483826,0.4399999976158142,0.42500001192092896,0.4300000071525574,1359622
2024-08-07,0.4300000071525574,0.4390000104904175,0.42399999499320984,0.4300000071525574,938970
2024-08-08,0.4300000071525574,0.4429999887943268,0.4230000078678131,0.4300000071525574,1011236
2024-08-11,0.4300000071525574,0.4449999928474426,0.4309999942779541,0.4390000104904175,2422696
2024-08-12,0.4390000104904175,0.4490000009536743,0.4339999854564667,0.4390000104904175,2341018
2024-08-13,0.4390000104904175,0.4429999887943268,0.4320000112056732,0.4339999854564667,805772
2024-08-14,0.4339999854564667,0.4399999976158142,0.4300000071525574,0.4339999854564667,695856
2024-08-15,0.4339999854564667,0.4429999887943268,0.4320000112056732,0.43700000643730164,1372687
2024-08-18,0.43700000643730164,0.4429999887943268,0.4309999942779541,0.4339999854564667,1124926
2024-08-19,0.4339999854564667,0.4390000104904175,0.4309999942779541,0.4350000023841858,1336563
2024-08-20,0.4350000023841858,0.45100000500679016,0.4359999895095825,0.4480000138282776,1762431
2024-08-21,0.4480000138282776,0.4519999921321869,0.4410000145435333,0.4449999928474426,1586972
2024-08-22,0.4449999928474426,0.45399999618530273,0.4449999928474426,0.4490000009536743,2501848
2024-08-25,0.4490000009536743,0.4699999988079071,0.4410000145435333,0.4580000042915344,3604684
2024-08-26,0.4580000042915344,0.47600001096725464,0.4519999921321869,0.460999995470047,4892289
2024-08-27,0.460999995470047,0.4690000116825104,0.45500001311302185,0.45899999141693115,1128896
2024-08-28,0.45899999141693115,0.47999998927116394,0.4569999873638153,0.4699999988079071,4490675
2024-08-29,0.4699999988079071,0.4790000021457672,0.46399998664855957,0.4729999899864197,2135000
2024-09-01,0.4729999899864197,0.5059999823570251,0.47099998593330383,0.5,17084954
2024-09-02,0.5,0.5350000262260437,0.5070000290870667,0.5230000019073486,17422418
2024-09-03,0.5230000019073486,0.5490000247955322,0.5249999761581421,0.5270000100135803,15377707
2024-09-04,0.5270000100135803,0.5289999842643738,0.5,0.5199999809265137,6245942
2024-09-05,0.5199999809265137,0.5400000214576721,0.5239999890327454,0.5360000133514404,7852169
2024-09-08,0.5360000133514404,0.5450000166893005,0.5199999809265137,0.5249999761581421,2150710
2024-09-09,0.5249999761581421,0.5339999794960022,0.5059999823570251,0.5120000243186951,3045082
2024-09-10,0.5120000243186951,0.5270000100135803,0.5059999823570251,0.5199999809265137,1658024
2024-09-11,0.5199999809265137,0.5260000228881836,0.5109999775886536,0.5199999809265137,1769568
2024-09-12,0.5199999809265137,0.5260000228881836,0.5090000033378601,0.5130000114440918,2158936
2024-09-16,0.5130000114440918,0.5249999761581421,0.5090000033378601,0.5120000243186951,1369083
2024-09-17,0.5120000243186951,0.5199999809265137,0.5059999823570251,0.5080000162124634,1802101
2024-09-18,0.5080000162124634,0.5130000114440918,0.4959999918937683,0.49799999594688416,2857905
2024-09-19,0.49799999594688416,0.5040000081062317,0.4880000054836273,0.49000000953674316,2607809
2024-09-22,0.49000000953674316,0.5149999856948853,0.4830000102519989,0.5070000290870667,4617599
2024-09-23,0.5070000290870667,0.5149999856948853,0.5,0.5080000162124634,2688568
2024-09-24,0.5149999856948853,0.5239999890327454,0.5149999856948853,0.5199999809265137,2302167
2024-09-25,0.5070000290870667,0.5189999938011169,0.5040000081062317,0.5149999856948853,1828088
2024-09-26,0.5149999856948853,0.5239999890327454,0.5149999856948853,0.5199999809265137,2302167
2024-09-29,0.5199999809265137,0.5260000228881836,0.5099999904632568,0.5109999775886536,2113416
2024-09-30,0.5109999775886536,0.5260000228881836,0.5099999904632568,0.5189999938011169,1919164
2024-10-01,0.5189999938011169,0.5220000147819519,0.5120000243186951,0.5189999938011169,1680388
2024-10-02,0.5189999938011169,0.5189999938011169,0.4950000047683716,0.5059999823570251,1301948
2024-10-03,0.5059999823570251,0.5109999775886536,0.49000000953674316,0.5,1240472
2024-10-07,0.5,0.5099999904632568,0.49300000071525574,0.5,530467
2024-10-08,0.5,0.5,0.47999998927116394,0.48500001430511475,1168283
2024-10-09,0.48500001430511475,0.4950000047683716,0.47999998927116394,0.4860000014305115,684971
2024-10-10,0.4860000014305115,0.4950000047683716,0.4740000069141388,0.47999998927116394,936777
2024-10-13,0.47999998927116394,0.5099999904632568,0.47999998927116394,0.4880000054836273,785583
2024-10-14,0.4880000054836273,0.48899999260902405,0.4699999988079071,0.4740000069141388,769313
2024-10-15,0.4740000069141388,0.49000000953674316,0.4749999940395355,0.4740000069141388,522017
2024-10-16,0.4740000069141388,0.48899999260902405,0.47699999809265137,0.47999998927116394,1185021
2024-10-17,0.47999998927116394,0.48500001430511475,0.4699999988079071,0.47600001096725464,753179
2024-10-20,0.47600001096725464,0.47999998927116394,0.46299999952316284,0.47099998593330383,651538
2024-10-21,0.47099998593330383,0.4779999852180481,0.46000000834465027,0.47099998593330383,1135209
2024-10-22,0.47099998593330383,0.4880000054836273,0.4699999988079071,0.47200000286102295,1478192
2024-10-23,0.47200000286102295,0.4819999933242798,0.4699999988079071,0.4729999899864197,2417301
2024-10-24,0.4729999899864197,0.4880000054836273,0.4749999940395355,0.4819999933242798,1307686
2024-10-27,0.4819999933242798,0.5,0.4790000021457672,0.49300000071525574,5805572
2024-10-28,0.49300000071525574,0.5080000162124634,0.49900001287460327,0.5009999871253967,5831911
2024-10-29,0.5009999871253967,0.5040000081062317,0.49000000953674316,0.4909999966621399,1637003
2024-10-30,0.4909999966621399,0.4959999918937683,0.48399999737739563,0.48500001430511475,1323689
2024-10-31,0.48500001430511475,0.5,0.47999998927116394,0.4909999966621399,1879890
2024-11-03,0.4909999966621399,0.5339999794960022,0.4909999966621399,0.5180000066757202,7953399
2024-11-04,0.5180000066757202,0.5490000247955322,0.5139999985694885,0.5419999957084656,11321075
2024-11-05,0.5419999957084656,0.5479999780654907,0.531000018119812,0.5400000214576721,4725930
2024-11-06,0.5400000214576721,0.5400000214576721,0.5329999923706055,0.5400000214576721,4171509
2024-11-07,0.5400000214576721,0.5400000214576721,0.5329999923706055,0.5360000133514404,1380362
2024-11-10,0.5360000133514404,0.5680000185966492,0.5389999747276306,0.5630000233650208,9672136
2024-11-11,0.5630000233650208,0.5680000185966492,0.550000011920929,0.5659999847412109,4533004
2024-11-12,0.5659999847412109,0.5680000185966492,0.5440000295639038,0.5450000166893005,2445230
2024-11-13,0.5450000166893005,0.5649999976158142,0.5419999957084656,0.5490000247955322,3427470
2024-11-14,0.5490000247955322,0.550000011920929,0.5389999747276306,0.5400000214576721,1609109
2024-11-17,0.5400000214576721,0.5460000038146973,0.527999997138977,0.5339999794960022,2119638
2024-11-18,0.5339999794960022,0.5450000166893005,0.5220000147819519,0.5289999842643738,1455990
2024-11-19,0.5289999842643738,0.5339999794960022,0.5199999809265137,0.527999997138977,781464
2024-11-20,0.527999997138977,0.527999997138977,0.5170000195503235,0.5199999809265137,2064896
2024-11-21,0.5199999809265137,0.5590000152587891,0.515999972820282,0.5379999876022339,8541118
2024-11-24,0.5379999876022339,0.546999990940094,0.5299999713897705,0.5329999923706055,1146143
2024-11-25,0.5329999923706055,0.5580000281333923,0.527999997138977,0.5419999957084656,2704080
2024-11-26,0.5419999957084656,0.625,0.5370000004768372,0.5950000286102295,46088987
2024-11-27,0.5950000286102295,0.6079999804496765,0.5709999799728394,0.5770000219345093,13591213
2024-11-28,0.5770000219345093,0.5799999833106995,0.5649999976158142,0.5699999928474426,7612557
2024-12-01,0.5699999928474426,0.5789999961853027,0.5600000023841858,0.5630000233650208,4101227
2024-12-02,0.5630000233650208,0.609000027179718,0.5630000233650208,0.578000009059906,13876743
2024-12-03,0.578000009059906,0.5879999995231628,0.5669999718666077,0.5699999928474426,6257137
2024-12-04,0.5699999928474426,0.574999988079071,0.5630000233650208,0.5659999847412109,3179569
2024-12-05,0.5659999847412109,0.5989999771118164,0.5659999847412109,0.5740000009536743,5654368
2024-12-08,0.5740000009536743,0.5879999995231628,0.5680000185966492,0.5759999752044678,7943078
2024-12-09,0.5759999752044678,0.6179999709129333,0.5759999752044678,0.5770000219345093,19390969
2024-12-10,0.5770000219345093,0.6019999980926514,0.574999988079071,0.5809999704360962,9734621
2024-12-11,0.5809999704360962,0.5960000157356262,0.5759999752044678,0.5770000219345093,3170992
2024-12-12,0.5770000219345093,0.5849999785423279,0.5730000138282776,0.578000009059906,2256491
2024-12-15,0.578000009059906,0.5830000042915344,0.5690000057220459,0.5709999799728394,2994400
2024-12-16,0.5709999799728394,0.5799999833106995,0.5619999766349792,0.5649999976158142,2062087
2024-12-17,0.5649999976158142,0.574999988079071,0.5590000152587891,0.5609999895095825,1536012
2024-12-18,0.5609999895095825,0.5659999847412109,0.5450000166893005,0.546999990940094,2778327
2024-12-19,0.546999990940094,0.550000011920929,0.531000018119812,0.5440000295639038,1538458
2024-12-22,0.5440000295639038,0.5559999942779541,0.5450000166893005,0.550000011920929,887845
2024-12-23,0.550000011920929,0.5529999732971191,0.527999997138977,0.5339999794960022,1381614
2024-12-24,0.5339999794960022,0.5299999713897705,0.5099999904632568,0.5289999842643738,3346389
2024-12-25,0.5289999842643738,0.5350000262260437,0.5270000100135803,0.5299999713897705,713831
2024-12-26,0.5299999713897705,0.5339999794960022,0.5230000019073486,0.5289999842643738,689071
2024-12-29,0.5289999842643738,0.5299999713897705,0.5109999775886536,0.5149999856948853,898539
2024-12-30,0.5149999856948853,0.5270000100135803,0.503000020980835,0.5099999904632568,737986
2024-12-31,0.5099999904632568,0.5220000147819519,0.5009999871253967,0.5090000033378601,673391
2025-01-02,0.5090000033378601,0.5289999842643738,0.5080000162124634,0.5260000228881836,1528426
2025-01-05,0.5260000228881836,0.5360000133514404,0.5230000019073486,0.531000018119812,1524433
2025-01-06,0.531000018119812,0.5529999732971191,0.5270000100135803,0.5299999713897705,4386329
2025-01-08,0.5299999713897705,0.5400000214576721,0.5249999761581421,0.5320000052452087,1165178
2025-01-09,0.5320000052452087,0.5370000004768372,0.5260000228881836,0.527999997138977,711811
2025-01-12,0.527999997138977,0.5260000228881836,0.5139999985694885,0.5199999809265137,1923218
2025-01-13,0.5199999809265137,0.5299999713897705,0.5019999742507935,0.5099999904632568,5525742
2025-01-14,0.5099999904632568,0.5170000195503235,0.47099998593330383,0.503000020980835,1935858
2025-01-15,0.503000020980835,0.5170000195503235,0.5090000033378601,0.5109999775886536,1626726
2025-01-16,0.5109999775886536,0.5249999761581421,0.5090000033378601,0.5130000114440918,2372325
2025-01-19,0.5109999775886536,0.5249999761581421,0.5090000033378601,0.5170000195503235,3252170
2025-01-20,0.5199999809265137,0.5429999828338623,0.5210000276565552,0.5400000214576721,4204016
2025-01-21,0.5400000214576721,0.5479999780654907,0.531000018119812,0.5370000004768372,2923098
2025-01-22,0.5370000004768372,0.5649999976158142,0.5400000214576721,0.550000011920929,8422178
2025-01-23,0.550000011920929,0.5789999961853027,0.5550000071525574,0.5590000152587891,15076734
2025-01-26,0.5590000152587891,0.5979999899864197,0.5580000281333923,0.5630000233650208,17980365
2025-01-27,0.5630000233650208,0.5889999866485596,0.5400000214576721,0.5429999828338623,8642904
2025-01-28,0.5429999828338623,0.5550000071525574,0.5299999713897705,0.5429999828338623,2696154
2025-01-29,0.5429999828338623,0.5839999914169312,0.5400000214576721,0.5400000214576721,6718887
2025-01-30,0.5400000214576721,0.5529999732971191,0.5400000214576721,0.5410000085830688,3874657
2025-02-02,0.5410000085830688,0.5509999990463257,0.5400000214576721,0.5419999957084656,2994226
2025-02-03,0.5419999957084656,0.546999990940094,0.5270000100135803,0.5289999842643738,5704492
2025-02-04,0.5289999842643738,0.5410000085830688,0.531000018119812,0.5370000004768372,2948684
2025-02-05,0.5370000004768372,0.5680000185966492,0.5379999876022339,0.5460000038146973,11863673
2025-02-06,0.5460000038146973,0.5709999799728394,0.5550000071525574,0.5680000185966492,8871679
2025-02-09,0.5680000185966492,0.5879999995231628,0.5600000023841858,0.5609999895095825,11555949
2025-02-10,0.5609999895095825,0.5730000138282776,0.5600000023841858,0.5669999718666077,4556230
2025-02-11,0.5669999718666077,0.5690000057220459,0.5410000085830688,0.546999990940094,4312067
2025-02-12,0.546999990940094,0.5410000085830688,0.5199999809265137,0.531000018119812,2383602
2025-02-13,0.531000018119812,0.5410000085830688,0.5299999713897705,0.5320000052452087,1821067
2025-02-16,0.5320000052452087,0.5429999828338623,0.5360000133514404,0.5410000085830688,562609
2025-02-17,0.5410000085830688,0.550000011920929,0.5329999923706055,0.5360000133514404,1198570
2025-02-18,0.5360000133514404,0.5600000023841858,0.5260000228881836,0.5419999957084656,5779975
2025-02-19,0.5419999957084656,0.5509999990463257,0.5389999747276306,0.5400000214576721,1024228
2025-02-20,0.5400000214576721,0.546999990940094,0.5379999876022339,0.5400000214576721,1600192
2025-02-23,0.5400000214576721,0.5590000152587891,0.531000018119812,0.5529999732971191,2865694
2025-02-24,0.5529999732971191,0.5720000267028809,0.5479999780654907,0.5580000281333923,3372253
2025-02-25,0.5580000281333923,0.5950000286102295,0.5550000071525574,0.5899999737739563,16972237
2025-02-26,0.5899999737739563,0.6079999804496765,0.5799999833106995,0.5929999947547913,20596144
2025-02-27,0.5929999947547913,0.5989999771118164,0.5799999833106995,0.5809999704360962,3835643
2025-03-02,0.5809999704360962,0.5879999995231628,0.5690000057220459,0.578000009059906,2056935
2025-03-03,0.578000009059906,0.6000000238418579,0.5740000009536743,0.5899999737739563,4302759
2025-03-04,0.5899999737739563,0.621999979019165,0.5820000171661377,0.6110000014305115,19040984
2025-03-05,0.6110000014305115,0.6460000276565552,0.6129999756813049,0.6299999952316284,16785486
2025-03-06,0.6299999952316284,0.6359999775886536,0.6110000014305115,0.6179999709129333,3485416
2025-03-09,0.6179999709129333,0.7409999966621399,0.6209999918937683,0.7409999966621399,26878889
2025-03-10,0.7409999966621399,0.8889999985694885,0.7730000019073486,0.7770000100135803,44398006
2025-03-11,0.7770000100135803,0.8679999709129333,0.7609999775886536,0.8140000104904175,39045971
2025-03-12,0.8140000104904175,0.828000009059906,0.7710000276565552,0.7850000262260437,10712164
2025-03-13,0.7850000262260437,0.8450000286102295,0.7730000019073486,0.8040000200271606,23081649
2025-03-16,0.8040000200271606,0.8100000023841858,0.7789999842643738,0.7799999713897705,10903228
2025-03-17,0.7799999713897705,0.7940000295639038,0.7760000228881836,0.7829999923706055,17776568
2025-03-18,0.7829999923706055,0.7879999876022339,0.7409999966621399,0.7419999837875366,9053024
2025-03-19,0.7419999837875366,0.7979999780654907,0.7450000047683716,0.7559999823570251,11277874
2025-03-20,0.7559999823570251,0.7699999809265137,0.7400000095367432,0.746999979019165,2895854
2025-03-23,0.746999979019165,0.7799999713897705,0.7419999837875366,0.7609999775886536,7183173
2025-03-24,0.7609999775886536,0.7699999809265137,0.75,0.7519999742507935,4556916
2025-03-25,0.7519999742507935,0.8700000047683716,0.7509999871253967,0.8209999799728394,44858867
2025-03-26,0.8209999799728394,0.8360000252723694,0.7820000052452087,0.7919999957084656,12875166
2025-03-27,0.7919999957084656,0.8080000281333923,0.7739999890327454,0.7789999842643738,3288570
2025-04-03,0.7789999842643738,0.7979999780654907,0.7699999809265137,0.7749999761581421,6565109
2025-04-06,0.7749999761581421,0.7459999918937683,0.7099999785423279,0.7269999980926514,5052791
2025-04-07,0.7269999980926514,0.7649999856948853,0.7139999866485596,0.7419999837875366,9774664
2025-04-08,0.7419999837875366,0.7739999890327454,0.7419999837875366,0.7480000257492065,3687947
2025-04-09,0.7480000257492065,0.7670000195503235,0.7200000286102295,0.7269999980926514,7327481
2025-04-10,0.7269999980926514,0.7580000162124634,0.7400000095367432,0.7440000176429749,2566481
2025-04-13,0.7440000176429749,0.7799999713897705,0.746999979019165,0.7689999938011169,11509955
2025-04-14,0.7689999938011169,0.8040000200271606,0.7699999809265137,0.7730000019073486,8121648
2025-04-15,0.7730000019073486,0.7990000247955322,0.7730000019073486,0.777999997138977,4820776
2025-04-16,0.777999997138977,0.7870000004768372,0.7609999775886536,0.7670000195503235,2185390
2025-04-17,0.7670000195503235,0.7739999890327454,0.7599999904632568,0.765999972820282,3513436
2025-04-22,0.765999972820282,0.7739999890327454,0.7599999904632568,0.7620000243186951,1585222
2025-04-23,0.7620000243186951,0.7979999780654907,0.7609999775886536,0.7760000228881836,4096879
2025-04-27,0.7760000228881836,0.7829999923706055,0.7739999890327454,0.7749999761581421,3703321
2025-04-28,0.7749999761581421,0.7770000100135803,0.765999972820282,0.7699999809265137,4339863
2025-04-29,0.7699999809265137,0.8100000023841858,0.7699999809265137,0.7829999923706055,16254297
2025-04-30,0.7829999923706055,0.8019999861717224,0.7829999923706055,0.7839999794960022,8250303
2025-05-04,0.7839999794960022,0.8299999833106995,0.7850000262260437,0.828000009059906,28649677
2025-05-05,0.828000009059906,0.8669999837875366,0.8309999704360962,0.8420000076293945,26941524
2025-05-06,0.8420000076293945,0.9929999709129333,0.8629999756813049,0.9300000071525574,69798555
2025-05-07,0.9300000071525574,0.9900000095367432,0.9259999990463257,0.972000002861023,54336995
2025-05-08,0.972000002861023,1.1399999856948853,0.9800000190734863,1.0789999961853027,76365058
2025-05-11,1.0789999961853027,1.1699999570846558,1.0199999809265137,1.149999976158142,50436910
2025-05-12,1.149999976158142,1.2599999904632568,1.149999976158142,1.25,56436101
2025-05-13,1.25,1.2899999618530273,1.1699999570846558,1.1699999570846558,20813234
2025-05-14,1.1699999570846558,1.2300000190734863,1.149999976158142,1.159999966621399,74897104
2025-05-15,1.159999966621399,1.2799999713897705,1.159999966621399,1.2300000190734863,66481444
2025-05-18,1.2300000190734863,1.2400000095367432,1.1100000143051147,1.1200000047683716,28396115
2025-05-19,1.1200000047683716,1.159999966621399,1.0700000524520874,1.159999966621399,17147465
2025-05-20,1.159999966621399,1.2300000190734863,1.1399999856948853,1.2300000190734863,52909539
2025-05-21,1.2300000190734863,1.25,1.1699999570846558,1.1699999570846558,22712743
2025-05-22,1.1699999570846558,1.309999942779541,1.1799999475479126,1.309999942779541,48047813
2025-05-25,1.309999942779541,1.3600000143051147,1.2599999904632568,1.2799999713897705,98299675
2025-05-26,1.2799999713897705,1.2999999523162842,1.2200000286102295,1.2300000190734863,31510058
2025-05-27,1.2300000190734863,1.2799999713897705,1.2300000190734863,1.2699999809265137,37372388
2025-05-28,1.2699999809265137,1.309999942779541,1.2200000286102295,1.2400000095367432,31997277
2025-05-29,1.2400000095367432,1.2999999523162842,1.2300000190734863,1.2899999618530273,25502863
2025-06-01,1.2899999618530273,1.340000033378601,1.2799999713897705,1.2999999523162842,57714092
2025-06-02,1.2999999523162842,1.309999942779541,1.2400000095367432,1.25,17047323
2025-06-03,1.25,1.2699999809265137,1.2000000476837158,1.2300000190734863,20868169
2025-06-04,1.2300000190734863,1.25,1.2100000381469727,1.2400000095367432,4933513
2025-06-10,1.2400000095367432,1.2799999713897705,1.2300000190734863,1.2300000190734863,8710288
2025-06-11,1.2300000190734863,1.25,1.2100000381469727,1.2300000190734863,3961182
2025-06-12,1.2300000190734863,1.2400000095367432,1.1399999856948853,1.2200000286102295,8171485
2025-06-15,1.2200000286102295,1.149999976158142,1.0499999523162842,1.1299999952316284,2909022
2025-06-16,1.1299999952316284,1.2300000190734863,1.1399999856948853,1.1699999570846558,9433823
2025-06-17,1.1699999570846558,1.1699999570846558,1.1200000047683716,1.1299999952316284,2140793
2025-06-18,1.1299999952316284,1.1699999570846558,1.100000023841858,1.1699999570846558,3469536
2025-06-19,1.1699999570846558,1.190000057220459,1.1299999952316284,1.1799999475479126,5793342
2025-06-22,1.1799999475479126,1.190000057220459,1.100000023841858,1.159999966621399,6719340
2025-06-23,1.159999966621399,1.25,1.159999966621399,1.2400000095367432,13423572
2025-06-24,1.2400000095367432,1.2799999713897705,1.2300000190734863,1.2699999809265137,24378137
2025-06-25,1.2699999809265137,1.4299999475479126,1.2599999904632568,1.3300000429153442,77400106
2025-06-29,1.3300000429153442,1.440000057220459,1.3300000429153442,1.3899999856948853,64038275
2025-06-30,1.3899999856948853,1.4299999475479126,1.2899999618530273,1.309999942779541,42439415
2025-07-01,1.309999942779541,1.340000033378601,1.2799999713897705,1.2899999618530273,19981050
2025-07-02,1.2899999618530273,1.3200000524520874,1.2799999713897705,1.2999999523162842,11359217
2025-07-06,1.2999999523162842,1.309999942779541,1.2599999904632568,1.2799999713897705,8699752
2025-07-07,1.2799999713897705,1.2999999523162842,1.2300000190734863,1.2400000095367432,21954264
2025-07-09,1.2400000095367432,1.25,1.2200000286102295,1.2400000095367432,5236460
2025-07-10,1.2400000095367432,1.25,1.2200000286102295,1.2400000095367432,5387210
2025-07-13,1.2400000095367432,1.2899999618530273,1.2300000190734863,1.2899999618530273,11217488
2025-07-14,1.2899999618530273,1.309999942779541,1.2599999904632568,1.2699999809265137,16805299
2025-07-15,1.2699999809265137,1.2799999713897705,1.2300000190734863,1.2400000095367432,11532472
2025-07-16,1.2400000095367432,1.2699999809265137,1.1399999856948853,1.149999976158142,65762851
2025-07-17,1.149999976158142,1.159999966621399,1.0499999523162842,1.059999942779541,64165195
2025-07-20,1.059999942779541,1.0700000524520874,0.9800000190734863,1.0099999904632568,60098124
2025-07-21,1.0099999904632568,1.0499999523162842,0.9900000095367432,1.0,43802231
2025-07-22,1.0,1.0099999904632568,0.9599999785423279,0.9700000286102295,20630726
2025-07-23,0.9700000286102295,0.9700000286102295,0.9700000286102295,0.9700000286102295,0
2025-07-27,0.9300000071525574,0.9459999799728394,0.9169999957084656,0.9200000166893005,16203891
2025-07-28,0.9200000166893005,0.9359999895095825,0.8949999809265137,0.8960000276565552,21211060
2025-07-29,0.8960000276565552,0.9319999814033508,0.8970000147819519,0.9319999814033508,22610176
2025-07-30,0.9319999814033508,0.9399999976158142,0.8859999775886536,0.8999999761581421,25848208
2025-07-31,0.8999999761581421,0.9169999957084656,0.8920000195503235,0.9110000133514404,10813600
2025-08-03,0.9110000133514404,0.9110000133514404,0.9110000133514404,0.9110000133514404,0
2025-08-04,0.9110000133514404,0.9110000133514404,0.9110000133514404,0.9110000133514404,0
2025-08-05,0.9110000133514404,0.9110000133514404,0.9110000133514404,0.9110000133514404,0
2025-08-06,0.9110000133514404,0.9110000133514404,0.9110000133514404,0.9110000133514404,0
2025-08-07,0.9110000133514404,0.9110000133514404,0.9110000133514404,0.9110000133514404,0
2025-08-10,0.9179999828338623,0.9430000185966492,0.9150000214576721,0.9179999828338623,31216015
2025-08-11,0.9179999828338623,0.9309999942779541,0.9110000133514404,0.9150000214576721,16846154
2025-08-12,0.9150000214576721,0.9210000038146973,0.9070000052452087,0.9139999747276306,13191232
2025-08-13,0.9139999747276306,0.9240000247955322,0.906000018119812,0.9070000052452087,13938429
2025-08-14,0.9070000052452087,0.9129999876022339,0.8899999856948853,0.8989999890327454,10219936
2025-08-17,0.8989999890327454,0.9070000052452087,0.8899999856948853,0.8920000195503235,6292256
2025-08-18,0.8920000195503235,0.9160000085830688,0.8960000276565552,0.8989999890327454,12078121
2025-08-19,0.8989999890327454,0.9049999713897705,0.8799999952316284,0.8899999856948853,16486964
2025-08-20,0.8899999856948853,0.8989999890327454,0.8460000157356262,0.8500000238418579,35183786
2025-08-21,0.8500000238418579,0.8550000190734863,0.8169999718666077,0.8190000057220459,31493486
2025-08-24,0.8190000057220459,0.8289999961853027,0.8090000152587891,0.8169999718666077,21152033
2025-08-25,0.8169999718666077,0.8199999928474426,0.8050000071525574,0.8069999814033508,9880084
2025-08-26,0.8069999814033508,0.8149999976158142,0.8009999990463257,0.8019999861717224,15564705
2025-08-27,0.8019999861717224,0.8550000190734863,0.7979999780654907,0.8389999866485596,56497189
2025-08-28,0.8389999866485596,0.8529999852180481,0.8370000123977661,0.8379999995231628,13612173
2025-08-31,0.8379999995231628,0.843999981880188,0.8040000200271606,0.8109999895095825,11097037
2025-09-01,0.8109999895095825,0.8270000219345093,0.8080000281333923,0.8259999752044678,6553370
2025-09-02,0.8259999752044678,0.8489999771118164,0.8320000171661377,0.8420000076293945,12643629
2025-09-03,0.8420000076293945,0.8479999899864197,0.8330000042915344,0.8370000123977661,11141098
2025-09-07,0.8370000123977661,0.8429999947547913,0.8339999914169312,0.8339999914169312,7151974
2025-09-08,0.8339999914169312,0.8399999737739563,0.8299999833106995,0.8320000171661377,5214589
2025-09-09,0.8320000171661377,0.8650000095367432,0.8349999785423279,0.8460000157356262,24692504
2025-09-10,0.8460000157356262,0.8600000143051147,0.8080000281333923,0.8100000023841858,46543109
2025-09-11,0.8100000023841858,0.8149999976158142,0.781000018119812,0.7850000262260437,53891276
2025-09-14,0.7850000262260437,0.796999990940094,0.7609999775886536,0.7720000147819519,23950960
2025-09-15,0.7720000147819519,0.7960000038146973,0.7720000147819519,0.781000018119812,16993517
2025-09-16,0.26033300161361694,0.2626659870147705,0.2533330023288727,0.2553330063819885,65011284
2025-09-17,0.2553330063819885,0.25600001215934753,0.25166600942611694,0.2540000081062317,14772240
2025-09-18,0.2540000081062317,0.25666600465774536,0.25233298540115356,0.2536660134792328,17302293
2025-09-21,0.2536660134792328,0.257999986410141,0.2533330023288727,0.2533330023288727,24964323
2025-09-22,0.2533330023288727,0.25600001215934753,0.25133299827575684,0.25233298540115356,20653470
2025-09-23,0.25233298540115356,0.25600001215934753,0.25133299827575684,0.2540000081062317,21439983
2025-09-24,0.2540000081062317,0.25999999046325684,0.25266599655151367,0.2576659917831421,32262945
2025-09-25,0.257999986410141,0.29499998688697815,0.2409999966621399,0.24199999868869781,184432955
2025-09-28,0.24199999868869781,0.24699999392032623,0.23399999737739563,0.2460000067949295,41581002
2025-09-29,0.2460000067949295,0.24899999797344208,0.2409999966621399,0.2409999966621399,30233562
2025-09-30,0.2409999966621399,0.24500000476837158,0.23899999260902405,0.23999999463558197,28878915
2025-10-01,0.23999999463558197,0.24300000071525574,0.23800000548362732,0.23800000548362732,24182441
2025-10-02,0.23800000548362732,0.23999999463558197,0.23600000143051147,0.2370000034570694,20775658
2025-10-05,0.2370000034570694,0.24199999868869781,0.2370000034570694,0.23899999260902405,22955320
2025-10-06,0.23899999260902405,0.2409999966621399,0.2370000034570694,0.23800000548362732,19357313
2025-10-07,0.23800000548362732,0.23999999463558197,0.23399999737739563,0.23499999940395355,28326051
2025-10-08,0.23499999940395355,0.23800000548362732,0.23199999332427979,0.23399999737739563,28159842
2025-10-12,0.23399999737739563,0.2370000034570694,0.23100000619888306,0.23499999940395355,19979059
2025-10-13,0.23499999940395355,0.2370000034570694,0.23199999332427979,0.2329999953508377,35328410
2025-10-14,0.2329999953508377,0.23499999940395355,0.23100000619888306,0.23199999332427979,25411648
2025-10-15,0.23199999332427979,0.23600000143051147,0.23100000619888306,0.23600000143051147,33910263
2025-10-16,0.23600000143051147,0.24699999392032623,0.23499999940395355,0.24400000274181366,80672681
2025-10-19,0.24400000274181366,0.26100000739097595,0.24500000476837158,0.257999986410141,117962502
2025-10-20,0.257999986410141,0.26100000739097595,0.25200000405311584,0.2549999952316284,40642177
2025-10-21,0.2549999952316284,0.25600001215934753,0.25099998712539673,0.2540000081062317,24544854
2025-10-22,0.2540000081062317,0.2639999985694885,0.25200000405311584,0.25699999928474426,82349692
2025-10-23,0.25699999928474426,0.2669999897480011,0.25699999928474426,0.257999986410141,83398635
2025-10-26,0.257999986410141,0.2630000114440918,0.25600001215934753,0.25699999928474426,34443839
2025-10-27,0.25699999928474426,0.26100000739097595,0.25600001215934753,0.25999999046325684,30152778
2025-10-28,0.25999999046325684,0.2639999985694885,0.2529999911785126,0.2540000081062317,33459046
2025-10-29,0.2540000081062317,0.25600001215934753,0.25099998712539673,0.2529999911785126,20722814
2025-10-30,0.2529999911785126,0.2549999952316284,0.24899999797344208,0.25,24441843
2025-11-02,0.25,0.25200000405311584,0.2460000067949295,0.24899999797344208,23739074
2025-11-03,0.24899999797344208,0.25,0.24500000476837158,0.2460000067949295,23457656
2025-11-04,0.2460000067949295,0.24799999594688416,0.2460000067949295,0.24699999392032623,10012881
2025-11-05,0.24699999392032623,0.24699999392032623,0.24300000071525574,0.24400000274181366,25573447
2025-11-06,0.24400000274181366,0.2460000067949295,0.24300000071525574,0.24300000071525574,16439843
2025-11-09,0.24300000071525574,0.24500000476837158,0.24199999868869781,0.24199999868869781,15059016
2025-11-10,0.24199999868869781,0.24400000274181366,0.2409999966621399,0.24300000071525574,13344675
2025-11-11,0.24300000071525574,0.24799999594688416,0.24199999868869781,0.2460000067949295,21537989
2025-11-12,0.2460000067949295,0.24799999594688416,0.24400000274181366,0.24500000476837158,11272276
2025-11-13,0.24500000476837158,0.24699999392032623,0.24300000071525574,0.24400000274181366,23013712
2025-11-16,0.24400000274181366,0.24799999594688416,0.24300000071525574,0.2460000067949295,23183041
2025-11-17,0.2460000067949295,0.24799999594688416,0.24300000071525574,0.24400000274181366,19804709
2025-11-18,0.24400000274181366,0.24699999392032623,0.24300000071525574,0.24400000274181366,21154061
2025-11-19,0.24400000274181366,0.24500000476837158,0.24199999868869781,0.24300000071525574,17372242
2025-11-20,0.24300000071525574,0.24500000476837158,0.24199999868869781,0.24199999868869781,25382458
2025-11-23,0.24199999868869781,0.24400000274181366,0.24199999868869781,0.24300000071525574,14658613
2025-11-24,0.24300000071525574,0.24400000274181366,0.2409999966621399,0.2409999966621399,25347665
2025-11-25,0.2409999966621399,0.26600000262260437,0.23999999463558197,0.257999986410141,221691027
2025-11-26,0.257999986410141,0.2639999985694885,0.25200000405311584,0.2540000081062317,101866753
2025-11-27,0.2540000081062317,0.25699999928474426,0.25099998712539673,0.25200000405311584,41874101
2025-11-30,0.25200000405311584,0.2590000033378601,0.25200000405311584,0.25699999928474426,63082695
2025-12-01,0.25699999928474426,0.2590000033378601,0.25,0.25,66252067
2025-12-02,0.25,0.27799999713897705,0.25,0.2750000059604645,381667099
2025-12-03,0.2750000059604645,0.27799999713897705,0.27000001072883606,0.2709999978542328,107887975
2025-12-04,0.2709999978542328,0.28299999237060547,0.27000001072883606,0.2720000147819519,236275574
2025-12-07,0.2720000147819519,0.2849999964237213,0.2770000100135803,0.28200000524520874,196233444
2025-12-08,0.28200000524520874,0.29100000858306885,0.2809999883174896,0.2849999964237213,207076716
2025-12-09,0.2849999964237213,0.28999999165534973,0.27900001406669617,0.2800000011920929,92800850
2025-12-10,0.2800000011920929,0.28299999237060547,0.27399998903274536,0.2759999930858612,84836686
2025-12-11,0.2759999930858612,0.2800000011920929,0.27300000190734863,0.27399998903274536,62852410
2025-12-14,0.27399998903274536,0.2840000092983246,0.2750000059604645,0.2770000100135803,66659188
2025-12-15,0.2770000100135803,0.2809999883174896,0.27300000190734863,0.27300000190734863,60273400
2025-12-16,0.27300000190734863,0.27799999713897705,0.2720000147819519,0.2770000100135803,53623058
2025-12-17,0.2770000100135803,0.2800000011920929,0.2759999930858612,0.2770000100135803,41687076
2025-12-18,0.2770000100135803,0.2800000011920929,0.2759999930858612,0.2770000100135803,31570714
2025-12-21,0.2770000100135803,0.27900001406669617,0.2750000059604645,0.2759999930858612,38066049
2025-12-22,0.2759999930858612,0.2770000100135803,0.2709999978542328,0.2720000147819519,36757918
2025-12-23,0.2720000147819519,0.27399998903274536,0.26600000262260437,0.2720000147819519,31117138
2025-12-24,0.2720000147819519,0.2750000059604645,0.27000001072883606,0.27300000190734863,24170997
2025-12-25,0.27300000190734863,0.2840000092983246,0.2709999978542328,0.2800000011920929,82705910
2025-12-28,0.2800000011920929,0.3070000112056732,0.28299999237060547,0.30300000309944153,467214818
2025-12-29,0.30300000309944153,0.3070000112056732,0.2980000078678131,0.29899999499320984,119932007
2025-12-30,0.29899999499320984,0.30300000309944153,0.29499998688697815,0.29499998688697815,83616872
2025-12-31,0.29499998688697815,0.3140000104904175,0.2939999997615814,0.30000001192092896,226959746
2026-01-04,0.30000001192092896,0.3100000023841858,0.296999990940094,0.2980000078678131,143340093
2026-01-05,0.2980000078678131,0.30399999022483826,0.28299999237060547,0.2939999997615814,120904676
2026-01-06,0.2939999997615814,0.30399999022483826,0.29499998688697815,0.30000001192092896,79527845
2026-01-08,0.30000001192092896,0.30799999833106995,0.29899999499320984,0.30799999833106995,113352410
2026-01-11,0.30799999833106995,0.3230000138282776,0.3140000104904175,0.3190000057220459,222360515
2026-01-12,0.3190000057220459,0.32600000500679016,0.3089999854564667,0.3109999895095825,164700127
2026-01-13,0.3109999895095825,0.3109999895095825,0.28999999165534973,0.29499998688697815,160412466
2026-01-14,0.29499998688697815,0.296999990940094,0.28200000524520874,0.28600001335144043,90651607
2026-01-15,0.28600001335144043,0.2919999957084656,0.27900001406669617,0.2809999883174896,76501607
2026-01-18,0.2809999883174896,0.2930000126361847,0.2840000092983246,0.28999999165534973,82401148
2026-01-19,0.28999999165534973,0.2939999997615814,0.2879999876022339,0.2930000126361847,82562858
2026-01-20,0.2930000126361847,0.296999990940094,0.289000004529953,0.28999999165534973,63415707
2026-01-21,0.28999999165534973,0.28999999165534973,0.2840000092983246,0.289000004529953,39833032
2026-01-22,0.289000004529953,0.2930000126361847,0.28700000047683716,0.28700000047683716,68439716
2026-01-25,0.28700000047683716,0.289000004529953,0.28299999237060547,0.2840000092983246,41269066
2026-01-26,0.2840000092983246,0.2849999964237213,0.27900001406669617,0.27900001406669617,72886651
2026-01-27,0.27900001406669617,0.2809999883174896,0.27300000190734863,0.27399998903274536,38934132
2026-01-28,0.27399998903274536,0.27799999713897705,0.26899999380111694,0.2750000059604645,77980734
2026-02-01,0.2750000059604645,0.2849999964237213,0.27000001072883606,0.2849999964237213,33400743
2026-02-02,0.2849999964237213,0.28700000047683716,0.2800000011920929,0.2849999964237213,21869234
2026-02-03,0.2849999964237213,0.2930000126361847,0.28200000524520874,0.2919999957084656,52523199
2026-02-04,0.2919999957084656,0.2930000126361847,0.28700000047683716,0.289000004529953,33671670
2026-02-05,0.289000004529953,0.2919999957084656,0.2809999883174896,0.28600001335144043,35960922
2026-02-08,0.28600001335144043,0.2980000078678131,0.2849999964237213,0.2919999957084656,98277322
2026-02-09,0.2919999957084656,0.2980000078678131,0.29100000858306885,0.29600000381469727,75347164
2026-02-10,0.29600000381469727,0.29899999499320984,0.2919999957084656,0.2919999957084656,35575353
2026-02-11,0.2919999957084656,0.30799999833106995,0.28999999165534973,0.29899999499320984,153153663
2026-02-12,0.29899999499320984,0.3019999861717224,0.29499998688697815,0.296999990940094,45143250
2026-02-15,0.296999990940094,0.29899999499320984,0.29600000381469727,0.296999990940094,37359259
2026-02-16,0.296999990940094,0.29899999499320984,0.28200000524520874,0.2879999876022339,55729409
2026-02-17,0.2879999876022339,0.28999999165534973,0.28299999237060547,0.28600001335144043,29772955
2026-02-18,0.28600001335144043,0.3019999861717224,0.28600001335144043,0.29600000381469727,80436969
2026-02-19,0.29600000381469727,0.29899999499320984,0.2879999876022339,0.2879999876022339,34345272
2026-02-22,0.2879999876022339,0.2879999876022339,0.2800000011920929,0.2840000092983246,30357330
2026-02-23,0.2840000092983246,0.28700000047683716,0.27900001406669617,0.28299999237060547,21646274
2026-02-24,0.28299999237060547,0.2849999964237213,0.2800000011920929,0.2809999883174896,19523458
2026-02-25,0.2809999883174896,0.2809999883174896,0.2720000147819519,0.2720000147819519,30366280
2026-02-26,0.2720000147819519,0.2750000059604645,0.2669999897480011,0.2720000147819519,35692732
2026-03-01,0.2720000147819519,0.2639999985694885,0.24199999868869781,0.2630000114440918,22676360
2026-03-02,0.2630000114440918,0.26899999380111694,0.25999999046325684,0.26100000739097595,23992838
2026-03-03,0.26100000739097595,0.26499998569488525,0.25699999928474426,0.25999999046325684,26173953
2026-03-04,0.25999999046325684,0.2630000114440918,0.25699999928474426,0.25999999046325684,48520614
2026-03-05,0.25999999046325684,0.26499998569488525,0.26100000739097595,0.2619999945163727,26749417
2026-03-08,0.2619999945163727,0.26600000262260437,0.2590000033378601,0.2630000114440918,41045159
2026-03-09,0.2630000114440918,0.26899999380111694,0.2630000114440918,0.2639999985694885,28378333
2026-03-10,0.2639999985694885,0.2750000059604645,0.2680000066757202,0.2750000059604645,44298744
2026-03-11,0.2750000059604645,0.2770000100135803,0.2720000147819519,0.2759999930858612,21649909
2026-03-12,0.2759999930858612,0.2759999930858612,0.2709999978542328,0.2720000147819519,15231651
2026-03-15,0.2720000147819519,0.2750000059604645,0.2669999897480011,0.2680000066757202,13548251
2026-03-16,0.2680000066757202,0.27000001072883606,0.26499998569488525,0.26600000262260437,11841550
2026-03-17,0.26600000262260437,0.26899999380111694,0.26499998569488525,0.2669999897480011,6458715
2026-03-18,0.2669999897480011,0.27300000190734863,0.26600000262260437,0.2709999978542328,16083903
2026-03-19,0.2709999978542328,0.2709999978542328,0.2709999978542328,0.2709999978542328,0
2026-03-24,0.2709999978542328,0.27300000190734863,0.27000001072883606,0.2709999978542328,10780923
2026-03-25,0.2709999978542328,0.27399998903274536,0.27000001072883606,0.2720000147819519,11356879
2026-03-26,0.2720000147819519,0.2720000147819519,0.2680000066757202,0.26899999380111694,21008022
2026-03-29,0.26899999380111694,0.26899999380111694,0.26600000262260437,0.2669999897480011,7721249
2026-03-30,0.2669999897480011,0.26899999380111694,0.257999986410141,0.25999999046325684,43178137
2026-03-31,0.25999999046325684,0.2619999945163727,0.25699999928474426,0.257999986410141,11989069
2026-04-01,0.257999986410141,0.27799999713897705,0.25999999046325684,0.2750000059604645,68071684
2026-04-02,0.2750000059604645,0.2759999930858612,0.27000001072883606,0.2720000147819519,26722976
2026-04-05,0.2720000147819519,0.2750000059604645,0.26899999380111694,0.2720000147819519,46862503
2026-04-06,0.2720000147819519,0.2759999930858612,0.2720000147819519,0.2759999930858612,18694750
2026-04-07,0.2759999930858612,0.2759999930858612,0.2709999978542328,0.2709999978542328,21332758
2026-04-08,0.2709999978542328,0.2759999930858612,0.27300000190734863,0.27300000190734863,18761122
2026-04-09,0.27300000190734863,0.2750000059604645,0.2709999978542328,0.2750000059604645,15007175
2026-04-14,0.2750000059604645,0.2809999883174896,0.27300000190734863,0.2770000100135803,28025563
2026-04-15,0.2770000100135803,0.28299999237060547,0.2770000100135803,0.2809999883174896,92695800
2026-04-16,0.2809999883174896,0.2840000092983246,0.27799999713897705,0.27900001406669617,61906165
2026-04-19,0.27900001406669617,0.28299999237060547,0.27900001406669617,0.28299999237060547,27041036
2026-04-20,0.28299999237060547,0.2840000092983246,0.27900001406669617,0.2809999883174896,16317411
2026-04-21,0.2809999883174896,0.2849999964237213,0.2800000011920929,0.2800000011920929,29286334
2026-04-22,0.2800000011920929,0.28299999237060547,0.27900001406669617,0.2809999883174896,25508685
2026-04-23,0.2809999883174896,0.29100000858306885,0.2800000011920929,0.28600001335144043,83995496
2026-04-26,0.28600001335144043,0.29499998688697815,0.28700000047683716,0.2939999997615814,53315017
2026-04-27,0.2939999997615814,0.29600000381469727,0.29100000858306885,0.2930000126361847,24469338
2026-04-28,0.2930000126361847,0.2939999997615814,0.2879999876022339,0.289000004529953,39955835
2026-04-29,0.289000004529953,0.2930000126361847,0.28700000047683716,0.28999999165534973,27439531
2026-04-30,0.28999999165534973,0.29100000858306885,0.28700000047683716,0.28700000047683716,28877262
2026-05-03,0.28700000047683716,0.289000004529953,0.28600001335144043,0.28700000047683716,9770105
2026-05-04,0.28700000047683716,0.29100000858306885,0.28299999237060547,0.29100000858306885,37196138
2026-05-05,0.29100000858306885,0.28999999165534973,0.28600001335144043,0.28700000047683716,14577910
2026-05-06,0.28700000047683716,0.289000004529953,0.2849999964237213,0.2849999964237213,15450242
2026-05-10,0.2849999964237213,0.2879999876022339,0.2849999964237213,0.28700000047683716,11388836
2026-05-11,0.28700000047683716,0.2879999876022339,0.2849999964237213,0.28700000047683716,13081068
2026-05-12,0.28700000047683716,0.28999999165534973,0.28700000047683716,0.2879999876022339,22443078
2026-05-13,0.2879999876022339,0.2930000126361847,0.2879999876022339,0.29100000858306885,33237098
2026-05-14,0.29100000858306885,0.2919999957084656,0.2879999876022339,0.2879999876022339,23217545
2026-05-17,0.2879999876022339,0.2939999997615814,0.28700000047683716,0.289000004529953,40626899
2026-05-18,0.289000004529953,0.30000001192092896,0.28600001335144043,0.29600000381469727,148310886
2026-05-19,0.29600000381469727,0.29899999499320984,0.2879999876022339,0.2919999957084656,33138050
2026-05-20,0.2919999957084656,0.2939999997615814,0.28200000524520874,0.28200000524520874,29099326
2026-05-21,0.28200000524520874,0.28600001335144043,0.28200000524520874,0.2849999964237213,14291585
2026-05-24,0.2849999964237213,0.2879999876022339,0.28299999237060547,0.2849999964237213,9834530
2026-05-25,0.2849999964237213,0.2879999876022339,0.28299999237060547,0.2849999964237213,10864288
2026-05-26,0.2849999964237213,0.2849999964237213,0.2849999964237213,0.2849999964237213,0
2026-05-27,0.2849999964237213,0.2849999964237213,0.2849999964237213,0.2849999964237213,0
2026-05-28,0.2849999964237213,0.2849999964237213,0.2849999964237213,0.2849999964237213,0
2026-06-01,0.2849999964237213,0.289000004529953,0.2849999964237213,0.289000004529953,14808757
2026-06-02,0.289000004529953,0.29100000858306885,0.2879999876022339,0.28999999165534973,16967548
2026-06-03,0.28999999165534973,0.2939999997615814,0.289000004529953,0.29100000858306885,28639218
2026-06-04,0.29100000858306885,0.3190000057220459,0.29100000858306885,0.3100000023841858,299459264
2026-06-07,0.3100000023841858,0.33399999141693115,0.31200000643730164,0.32600000500679016,201588173
2026-06-08,0.32600000500679016,0.3269999921321869,0.3149999976158142,0.3190000057220459,50778806
2026-06-09,0.3190000057220459,0.32499998807907104,0.30799999833106995,0.3190000057220459,51812045
2026-06-10,0.3190000057220459,0.33799999952316284,0.3160000145435333,0.31700000166893005,180123230
2026-06-11,0.31700000166893005,0.32499998807907104,0.3160000145435333,0.3160000145435333,51825665
2026-06-14,0.3160000145435333,0.328000009059906,0.3190000057220459,0.3199999928474426,53527046
2026-06-15,0.3199999928474426,0.32600000500679016,0.3190000057220459,0.32199999690055847,23370573
2026-06-16,0.32199999690055847,0.3490000069141388,0.33399999141693115,0.335999995470047,232793776
2026-06-17,0.335999995470047,0.335999995470047,0.335999995470047,0.335999995470047,0
2026-06-18,0.335999995470047,0.335999995470047,0.335999995470047,0.335999995470047,0
2026-06-21,0.3319999873638153,0.3400000035762787,0.3330000042915344,0.33799999952316284,33597463
2026-06-22,0.33799999952316284,0.33799999952316284,0.33799999952316284,0.33799999952316284,0
2026-06-23,0.33000001311302185,0.3330000042915344,0.28700000047683716,0.3240000009536743,74275169
2026-06-24,0.3240000009536743,0.3190000057220459,0.3019999861717224,0.31700000166893005,26472587
2026-06-25,0.31700000166893005,0.3230000138282776,0.31299999356269836,0.3149999976158142,22226736
2026-06-28,0.3149999976158142,0.32199999690055847,0.296999990940094,0.2980000078678131,26296374
2026-06-29,0.2980000078678131,0.3490000069141388,0.29600000381469727,0.3179999887943268,102615399
2026-06-30,0.3179999887943268,0.32899999618530273,0.3160000145435333,0.32499998807907104,12528096
2026-07-01,0.32499998807907104,0.328000009059906,0.32199999690055847,0.32499998807907104,9741175
2026-07-05,0.32499998807907104,0.328000009059906,0.32100000977516174,0.32499998807907104,14182224
2026-07-06,0.32499998807907104,0.3330000042915344,0.32499998807907104,0.3269999921321869,29782955
2026-07-07,0.3269999921321869,0.33899998664855957,0.32899999618530273,0.32899999618530273,36282891
2026-07-08,0.32899999618530273,0.33000001311302185,0.3190000057220459,0.32100000977516174,13054834
2026-07-09,0.32100000977516174,0.34200000762939453,0.3190000057220459,0.33500000834465027,57379453
2026-07-12,0.33500000834465027,0.3449999988079071,0.33500000834465027,0.34200000762939453,44018264
2026-07-13,0.34200000762939453,0.34700000286102295,0.34200000762939453,0.34200000762939453,28225181
2026-07-14,0.34200000762939453,0.3440000116825104,0.335999995470047,0.3440000116825104,36549561
2026-07-15,0.3440000116825104,0.3659999966621399,0.3440000116825104,0.36399999260902405,142650129
2026-07-16,0.36399999260902405,0.36899998784065247,0.35600000619888306,0.3619999885559082,64058331
2026-07-19,0.3619999885559082,0.3700000047683716,0.3580000102519989,0.3700000047683716,40852821
2026-07-20,0.3700000047683716,0.40799999237060547,0.3709999918937683,0.40299999713897705,237262504
2026-07-21,0.40299999713897705,0.4309999942779541,0.39500001072883606,0.421999990940094,154038768
2026-07-22,0.421999990940094,0.42800000309944153,0.4050000011920929,0.40799999237060547,71733341
2026-07-26,0.40799999237060547,0.41999998688697815,0.38999998569488525,0.4059999883174896,99790452
2026-07-27,0.4059999883174896,0.421999990940094,0.40700000524520874,0.4129999876022339,75966498
2026-07-28,0.4129999876022339,0.4180000126361847,0.4009999930858612,0.40400001406669617,51347701
2026-07-29,0.40400001406669617,0.4050000011920929,0.367000013589859,0.38499999046325684,195657414
2026-07-30,0.38499999046325684,0.38499999046325684,0.36800000071525574,0.37700000405311584,48967457
2026-08-02,0.37700000405311584,0.3880000114440918,0.37299999594688416,0.3869999945163727,26771173
2026-08-03,0.3869999945163727,0.3930000066757202,0.382999986410141,0.382999986410141,35614013
2026-08-04,0.382999986410141,0.38999998569488525,0.38100001215934753,0.38100001215934753,37389061
2026-08-05,0.38100001215934753,0.3889999985694885,0.38199999928474426,0.38600000739097595,26609687
2026-08-06,0.38600000739097595,0.4099999964237213,0.38600000739097595,0.3959999978542328,64990645
